troop_id,troop_name,roster_index,armor_total,survivability_armor_v71,shield_hp,shield_armor,has_shield,has_horse,harness_armor,horse_extra_health,horse_speed,horse_maneuver,horse_charge_damage_audit_only,horse_charge_damage_max_audit_only,horse_item_ids_audit_only,shield_probability,horse_probability
angry_wight,Angry Wight,0,14.000000,0.700000,0.000000,0.000000,false,false,0.000000,0.000000,0.000000,0.000000,0.000000,0.000000,,0.000000,0.000000
arryn_archer,Arryn Archer,0,99.000000,27.950000,0.000000,0.000000,false,false,0.000000,0.000000,0.000000,0.000000,0.000000,0.000000,,0.000000,0.000000
arryn_footman,Arryn Footman,0,80.000000,21.300000,305.000000,1.000000,true,false,0.000000,0.000000,0.000000,0.000000,0.000000,0.000000,,1.000000,0.000000
arryn_horseman,Arryn Horseman,0,125.000000,41.350000,370.000000,1.000000,true,true,45.000000,10.000000,53.000000,55.000000,20.000000,20.000000,empire_horse,1.000000,1.000000
arryn_houseguard,Arryn House Guard,0,175.000000,52.350000,370.000000,1.000000,true,false,0.000000,0.000000,0.000000,0.000000,0.000000,0.000000,,1.000000,0.000000
arryn_knight,Arryn Knight,0,188.000000,54.300000,370.000000,1.000000,true,true,75.000000,40.000000,58.000000,58.000000,30.000000,30.000000,t2_vlandia_horse,1.000000,1.000000
arryn_levy,Arryn Levy,0,69.000000,17.450000,280.000000,8.000000,true,false,0.000000,0.000000,0.000000,0.000000,0.000000,0.000000,,1.000000,0.000000
arryn_man_at_arms,Arryn Man at Arms,0,125.000000,41.350000,370.000000,1.000000,true,false,0.000000,0.000000,0.000000,0.000000,0.000000,0.000000,,1.000000,0.000000
arryn_master_archer,Arryn Master Archer,0,119.000000,35.450000,0.000000,0.000000,false,false,0.000000,0.000000,0.000000,0.000000,0.000000,0.000000,,0.000000,0.000000
arryn_moonknight,Arryn Winged Knight,0,221.000000,65.450000,370.000000,1.000000,true,true,75.000000,20.000000,61.000000,66.000000,28.000000,28.000000,t3_empire_horse,1.000000,1.000000
arryn_moonknight,Arryn Winged Knight,1,221.000000,65.450000,370.000000,1.000000,true,true,75.000000,20.000000,61.000000,66.000000,28.000000,28.000000,t3_empire_horse,1.000000,1.000000
arryn_recruit,Arryn Recruit,0,41.000000,9.550000,0.000000,0.000000,false,false,0.000000,0.000000,0.000000,0.000000,0.000000,0.000000,,0.000000,0.000000
arryn_rider,Arryn Rider,0,105.000000,30.350000,370.000000,1.000000,true,true,18.000000,10.000000,53.000000,55.000000,20.000000,20.000000,empire_horse,1.000000,1.000000
baratheon_archer,Baratheon Archer,0,98.000000,26.700000,0.000000,0.000000,false,false,0.000000,0.000000,0.000000,0.000000,0.000000,0.000000,,0.000000,0.000000
baratheon_bowman,Baratheon Bowman,0,83.000000,25.950000,0.000000,0.000000,false,false,0.000000,0.000000,0.000000,0.000000,0.000000,0.000000,,0.000000,0.000000
baratheon_footman,Baratheon Footman,0,83.000000,25.950000,220.000000,1.000000,true,false,0.000000,0.000000,0.000000,0.000000,0.000000,0.000000,,1.000000,0.000000
baratheon_hammer,Baratheon Hammerman,0,139.000000,48.050000,0.000000,0.000000,false,false,0.000000,0.000000,0.000000,0.000000,0.000000,0.000000,,0.000000,0.000000
baratheon_horseman,Baratheon Horseman,0,149.000000,41.350000,370.000000,1.000000,true,true,45.000000,10.000000,53.000000,61.000000,22.000000,22.000000,vlandia_horse,1.000000,1.000000
baratheon_horseman,Baratheon Horseman,1,149.000000,41.350000,370.000000,1.000000,true,true,45.000000,10.000000,53.000000,61.000000,22.000000,22.000000,vlandia_horse,1.000000,1.000000
baratheon_houseguard,Baratheon House Guard,0,174.000000,51.300000,370.000000,1.000000,true,false,0.000000,0.000000,0.000000,0.000000,0.000000,0.000000,,1.000000,0.000000
baratheon_houseguard,Baratheon House Guard,1,174.000000,51.300000,370.000000,1.000000,true,false,0.000000,0.000000,0.000000,0.000000,0.000000,0.000000,,1.000000,0.000000
baratheon_knight,Baratheon Knight,0,174.000000,51.300000,370.000000,1.000000,true,true,75.000000,40.000000,58.000000,58.000000,30.000000,30.000000,t2_vlandia_horse,1.000000,1.000000
baratheon_knight,Baratheon Knight,1,180.000000,54.600000,370.000000,1.000000,true,true,75.000000,40.000000,58.000000,58.000000,30.000000,30.000000,t2_vlandia_horse,1.000000,1.000000
baratheon_longbowman,Baratheon Longbowman,0,127.000000,34.150000,0.000000,0.000000,false,false,0.000000,0.000000,0.000000,0.000000,0.000000,0.000000,,0.000000,0.000000
baratheon_pikeknight,Baratheon Hammerknight,0,174.000000,51.300000,370.000000,1.000000,true,false,0.000000,0.000000,0.000000,0.000000,0.000000,0.000000,,1.000000,0.000000
baratheon_pikeknight,Baratheon Hammerknight,1,174.000000,51.300000,370.000000,1.000000,true,false,0.000000,0.000000,0.000000,0.000000,0.000000,0.000000,,1.000000,0.000000
baratheon_recruit,Baratheon Recruit,0,37.000000,9.350000,0.000000,0.000000,false,false,0.000000,0.000000,0.000000,0.000000,0.000000,0.000000,,0.000000,0.000000
baratheon_soldier,Baratheon Soldier,0,101.000000,28.950000,370.000000,1.000000,true,false,0.000000,0.000000,0.000000,0.000000,0.000000,0.000000,,1.000000,0.000000
baratheon_soldier,Baratheon Soldier,1,101.000000,28.950000,370.000000,1.000000,true,false,0.000000,0.000000,0.000000,0.000000,0.000000,0.000000,,1.000000,0.000000
beastbound_wight,Beastbound Wight,0,93.000000,25.950000,0.000000,0.000000,false,true,50.000000,100.000000,50.000000,60.000000,30.000000,30.000000,wight_horse,0.000000,1.000000
blackwood_archer,Blackwood Archer,0,132.000000,34.400000,0.000000,0.000000,false,false,0.000000,0.000000,0.000000,0.000000,0.000000,0.000000,,0.000000,0.000000
blackwood_bowman,Blackwood Bowman,0,111.000000,33.350000,0.000000,0.000000,false,false,0.000000,0.000000,0.000000,0.000000,0.000000,0.000000,,0.000000,0.000000
blackwood_footman,Blackwood Footman,0,111.000000,33.350000,205.000000,10.000000,true,false,0.000000,0.000000,0.000000,0.000000,0.000000,0.000000,,1.000000,0.000000
blackwood_horseman,Blackwood Horseman,0,155.000000,43.450000,300.000000,10.000000,true,true,75.000000,40.000000,58.000000,58.000000,30.000000,30.000000,t2_vlandia_horse,1.000000,1.000000
blackwood_houseguard,Blackwood House Guard,0,155.000000,43.450000,300.000000,10.000000,true,false,0.000000,0.000000,0.000000,0.000000,0.000000,0.000000,,1.000000,0.000000
blackwood_levy,Blackwood Levy,0,96.000000,29.600000,205.000000,10.000000,true,false,0.000000,0.000000,0.000000,0.000000,0.000000,0.000000,,1.000000,0.000000
blackwood_longbowman,Blackwood Longbowman,0,144.000000,41.000000,0.000000,0.000000,false,false,0.000000,0.000000,0.000000,0.000000,0.000000,0.000000,,0.000000,0.000000
blackwood_man_at_arms,Blackwood Man at Arms,0,132.000000,42.300000,300.000000,10.000000,true,false,0.000000,0.000000,0.000000,0.000000,0.000000,0.000000,,1.000000,0.000000
blackwood_recruit,Blackwood Recruit,0,37.000000,9.350000,0.000000,0.000000,false,false,0.000000,0.000000,0.000000,0.000000,0.000000,0.000000,,0.000000,0.000000
blackwood_scout,Blackwood Scout,0,111.000000,33.350000,205.000000,10.000000,true,true,35.000000,10.000000,53.000000,61.000000,22.000000,22.000000,vlandia_horse,1.000000,1.000000
bolton_archer,Bolton Archer,0,103.000000,31.450000,0.000000,0.000000,false,false,0.000000,0.000000,0.000000,0.000000,0.000000,0.000000,,0.000000,0.000000
bolton_elite_archer,Bolton Veteran Archer,0,124.000000,32.500000,0.000000,0.000000,false,false,0.000000,0.000000,0.000000,0.000000,0.000000,0.000000,,0.000000,0.000000
bolton_flayer,Bolton Flayer,0,206.000000,59.800000,390.000000,1.000000,true,false,0.000000,0.000000,0.000000,0.000000,0.000000,0.000000,,1.000000,0.000000
bolton_flayer,Bolton Flayer,1,208.000000,63.900000,390.000000,1.000000,true,false,0.000000,0.000000,0.000000,0.000000,0.000000,0.000000,,1.000000,0.000000
bolton_horseman,Bolton Horseman,0,124.000000,40.500000,360.000000,1.000000,true,true,45.000000,20.000000,52.000000,57.000000,20.000000,20.000000,battania_horse,1.000000,1.000000
bolton_knight,Bolton Cavalry,0,172.000000,50.100000,360.000000,1.000000,true,true,75.000000,70.000000,55.000000,66.000000,22.000000,22.000000,t2_battania_horse,1.000000,1.000000
bolton_levy,Bolton Levy,0,60.000000,17.000000,205.000000,10.000000,true,false,0.000000,0.000000,0.000000,0.000000,0.000000,0.000000,,1.000000,0.000000
bolton_master_archer,Bolton Hunter,0,144.000000,40.000000,0.000000,0.000000,false,false,0.000000,0.000000,0.000000,0.000000,0.000000,0.000000,,0.000000,0.000000
bolton_scout,Bolton Footman,0,124.000000,32.500000,360.000000,1.000000,true,false,0.000000,0.000000,0.000000,0.000000,0.000000,0.000000,,1.000000,0.000000
bolton_veteran,Bolton Veteran,0,145.000000,41.550000,390.000000,1.000000,true,false,0.000000,0.000000,0.000000,0.000000,0.000000,0.000000,,1.000000,0.000000
bolton_volunteer,Bolton Recruit,0,40.000000,11.000000,0.000000,0.000000,false,false,0.000000,0.000000,0.000000,0.000000,0.000000,0.000000,,0.000000,0.000000
bolton_volunteer,Bolton Recruit,1,37.000000,9.350000,0.000000,0.000000,false,false,0.000000,0.000000,0.000000,0.000000,0.000000,0.000000,,0.000000,0.000000
bolton_volunteer,Bolton Recruit,2,40.000000,11.000000,0.000000,0.000000,false,false,0.000000,0.000000,0.000000,0.000000,0.000000,0.000000,,0.000000,0.000000
bolton_volunteer,Bolton Recruit,3,37.000000,9.350000,0.000000,0.000000,false,false,0.000000,0.000000,0.000000,0.000000,0.000000,0.000000,,0.000000,0.000000
boneway_guardian,Boneway Guardian,0,147.000000,48.450000,280.000000,1.000000,true,true,75.000000,20.000000,60.000000,73.000000,18.000000,18.000000,t2_aserai_horse,1.000000,1.000000
bracken_archer,Bracken Archer,0,118.000000,35.000000,0.000000,0.000000,false,false,0.000000,0.000000,0.000000,0.000000,0.000000,0.000000,,0.000000,0.000000
bracken_elite_archer,Bracken Elite Archer,0,130.000000,41.600000,0.000000,0.000000,false,false,0.000000,0.000000,0.000000,0.000000,0.000000,0.000000,,0.000000,0.000000
bracken_footman,Bracken Footman,0,118.000000,35.000000,280.000000,8.000000,true,false,0.000000,0.000000,0.000000,0.000000,0.000000,0.000000,,1.000000,0.000000
bracken_horseman,Bracken Horseman,0,153.000000,42.750000,315.000000,9.000000,true,true,75.000000,40.000000,58.000000,58.000000,30.000000,30.000000,t2_vlandia_horse,1.000000,1.000000
bracken_houseguard,Bracken House Guard,0,156.000000,44.400000,315.000000,9.000000,true,false,0.000000,0.000000,0.000000,0.000000,0.000000,0.000000,,1.000000,0.000000
bracken_levy,Bracken Levy,0,97.000000,29.950000,280.000000,8.000000,true,false,0.000000,0.000000,0.000000,0.000000,0.000000,0.000000,,1.000000,0.000000
bracken_man_at_arms,Bracken Man at Arms,0,133.000000,43.250000,315.000000,9.000000,true,false,0.000000,0.000000,0.000000,0.000000,0.000000,0.000000,,1.000000,0.000000
bracken_master_pikeman,Bracken Pikemaster,0,177.000000,54.850000,400.000000,1.000000,true,false,0.000000,0.000000,0.000000,0.000000,0.000000,0.000000,,1.000000,0.000000
bracken_recruit,Bracken Recruit,0,34.000000,9.200000,0.000000,0.000000,false,false,0.000000,0.000000,0.000000,0.000000,0.000000,0.000000,,0.000000,0.000000
bracken_rider,Bracken Rider,0,118.000000,35.000000,280.000000,8.000000,true,true,35.000000,10.000000,53.000000,61.000000,22.000000,22.000000,vlandia_horse,1.000000,1.000000
casterly_champion,Casterly Rock Champion,0,191.000000,54.950000,370.000000,1.000000,true,true,75.000000,40.000000,58.000000,58.000000,30.000000,30.000000,t2_vlandia_horse,1.000000,1.000000
casterly_crossbowman,Casterly Rock Crossbowman,0,130.000000,43.900000,0.000000,0.000000,false,false,0.000000,0.000000,0.000000,0.000000,0.000000,0.000000,,0.000000,0.000000
casterly_guard,Casterly Rock Guard,0,78.000000,23.300000,400.000000,8.000000,true,false,0.000000,0.000000,0.000000,0.000000,0.000000,0.000000,,1.000000,0.000000
casterly_guardian,Guardian of the Rock,0,209.000000,60.650000,400.000000,8.000000,true,false,0.000000,0.000000,0.000000,0.000000,0.000000,0.000000,,1.000000,0.000000
casterly_knight,Casterly Rock Knight,0,197.000000,57.050000,370.000000,1.000000,true,true,45.000000,15.000000,48.000000,65.000000,16.000000,16.000000,hunter,1.000000,1.000000
casterly_marshal,Casterly Rock Pikeman,0,197.000000,57.050000,400.000000,8.000000,true,false,0.000000,0.000000,0.000000,0.000000,0.000000,0.000000,,1.000000,0.000000
casterly_master_crossbowman,Casterly Rock Master Crossbowman,0,130.000000,43.900000,0.000000,0.000000,false,false,0.000000,0.000000,0.000000,0.000000,0.000000,0.000000,,0.000000,0.000000
casterly_pikeman,Casterly Rock Marshal,0,209.000000,60.650000,400.000000,8.000000,true,false,0.000000,0.000000,0.000000,0.000000,0.000000,0.000000,,1.000000,0.000000
casterly_soldier,Casterly Rock Soldier,0,106.000000,36.900000,400.000000,8.000000,true,false,0.000000,0.000000,0.000000,0.000000,0.000000,0.000000,,1.000000,0.000000
casterly_squire,Casterly Rock Squire,0,116.000000,36.000000,370.000000,1.000000,true,true,10.000000,10.000000,53.000000,61.000000,22.000000,22.000000,vlandia_horse,1.000000,1.000000
celtigar_archer,Celtigar Archer,0,131.000000,35.350000,0.000000,0.000000,false,false,0.000000,0.000000,0.000000,0.000000,0.000000,0.000000,,0.000000,0.000000
celtigar_banneret,Celtigar Banneret,0,198.000000,60.500000,315.000000,9.000000,true,false,0.000000,0.000000,0.000000,0.000000,0.000000,0.000000,,1.000000,0.000000
celtigar_footman,Celtigar Footman,0,131.000000,35.350000,315.000000,9.000000,true,false,0.000000,0.000000,0.000000,0.000000,0.000000,0.000000,,1.000000,0.000000
celtigar_halberdier,Celtigar Halberdier,0,192.000000,57.700000,315.000000,9.000000,true,false,0.000000,0.000000,0.000000,0.000000,0.000000,0.000000,,1.000000,0.000000
celtigar_horseman,Celtigar Horseman,0,166.000000,48.400000,315.000000,9.000000,true,true,35.000000,10.000000,53.000000,61.000000,22.000000,22.000000,vlandia_horse,1.000000,1.000000
celtigar_knight,Celtigar Knight,0,192.000000,57.700000,500.000000,1.000000,true,true,35.000000,40.000000,58.000000,58.000000,30.000000,30.000000,t2_vlandia_horse,1.000000,1.000000
celtigar_levy,Celtigar Levy,0,109.000000,34.250000,0.000000,0.000000,false,false,0.000000,0.000000,0.000000,0.000000,0.000000,0.000000,,0.000000,0.000000
celtigar_man_at_arms,Celtigar Man at Arms,0,153.000000,43.450000,315.000000,9.000000,true,false,0.000000,0.000000,0.000000,0.000000,0.000000,0.000000,,1.000000,0.000000
celtigar_recruit,Celtigar Recruit,0,42.000000,12.000000,0.000000,0.000000,false,false,0.000000,0.000000,0.000000,0.000000,0.000000,0.000000,,0.000000,0.000000
celtigar_recruit,Celtigar Recruit,1,37.000000,10.850000,0.000000,0.000000,false,false,0.000000,0.000000,0.000000,0.000000,0.000000,0.000000,,0.000000,0.000000
celtigar_recruit,Celtigar Recruit,2,34.000000,9.200000,0.000000,0.000000,false,false,0.000000,0.000000,0.000000,0.000000,0.000000,0.000000,,0.000000,0.000000
celtigar_recruit,Celtigar Recruit,3,38.000000,10.900000,0.000000,0.000000,false,false,0.000000,0.000000,0.000000,0.000000,0.000000,0.000000,,0.000000,0.000000
celtigar_veteran_archer,Celtigar Veteran Archer,0,153.000000,43.450000,0.000000,0.000000,false,false,0.000000,0.000000,0.000000,0.000000,0.000000,0.000000,,0.000000,0.000000
cerwyn_archer,Cerwyn Archer,0,116.000000,36.200000,0.000000,0.000000,false,false,0.000000,0.000000,0.000000,0.000000,0.000000,0.000000,,0.000000,0.000000
cerwyn_axeman,Cerwyn Axeman,0,137.000000,37.250000,520.000000,1.000000,true,false,0.000000,0.000000,0.000000,0.000000,0.000000,0.000000,,1.000000,0.000000
cerwyn_horseman,Cerwyn Horseman,0,147.000000,42.750000,520.000000,1.000000,true,true,35.000000,70.000000,55.000000,66.000000,22.000000,22.000000,t2_battania_horse,1.000000,1.000000
cerwyn_levy,Cerwyn Levy,0,79.000000,23.650000,215.000000,1.000000,true,false,0.000000,0.000000,0.000000,0.000000,0.000000,0.000000,,1.000000,0.000000
cerwyn_marauder,Cerwyn Marauder,0,147.000000,42.750000,0.000000,0.000000,false,false,0.000000,0.000000,0.000000,0.000000,0.000000,0.000000,,0.000000,0.000000
cerwyn_master_axeman,Cerwyn Veteran Axeman,0,147.000000,42.750000,520.000000,1.000000,true,false,0.000000,0.000000,0.000000,0.000000,0.000000,0.000000,,1.000000,0.000000
cerwyn_scout,Cerwyn Scout,0,137.000000,37.250000,390.000000,1.000000,true,true,18.000000,20.000000,52.000000,57.000000,20.000000,20.000000,battania_horse,1.000000,1.000000
cerwyn_soldier,Cerwyn Soldier,0,116.000000,36.200000,520.000000,1.000000,true,false,0.000000,0.000000,0.000000,0.000000,0.000000,0.000000,,1.000000,0.000000
cerwyn_veteran_archer,Cerwyn Veteran Archer,0,137.000000,37.250000,0.000000,0.000000,false,false,0.000000,0.000000,0.000000,0.000000,0.000000,0.000000,,0.000000,0.000000
cerwyn_volunteer,Cerwyn Recruit,0,40.000000,11.000000,0.000000,0.000000,false,false,0.000000,0.000000,0.000000,0.000000,0.000000,0.000000,,0.000000,0.000000
cerwyn_volunteer,Cerwyn Recruit,1,37.000000,9.350000,0.000000,0.000000,false,false,0.000000,0.000000,0.000000,0.000000,0.000000,0.000000,,0.000000,0.000000
cerwyn_volunteer,Cerwyn Recruit,2,40.000000,11.000000,0.000000,0.000000,false,false,0.000000,0.000000,0.000000,0.000000,0.000000,0.000000,,0.000000,0.000000
cerwyn_volunteer,Cerwyn Recruit,3,37.000000,9.350000,0.000000,0.000000,false,false,0.000000,0.000000,0.000000,0.000000,0.000000,0.000000,,0.000000,0.000000
clegane_archer,Clegane Archer,0,113.000000,35.750000,0.000000,0.000000,false,false,0.000000,0.000000,0.000000,0.000000,0.000000,0.000000,,0.000000,0.000000
clegane_elite_archer,Clegane Elite Archer,0,135.000000,36.850000,0.000000,0.000000,false,false,0.000000,0.000000,0.000000,0.000000,0.000000,0.000000,,0.000000,0.000000
clegane_footman,Clegane Footman,0,106.000000,34.300000,305.000000,1.000000,true,false,0.000000,0.000000,0.000000,0.000000,0.000000,0.000000,,1.000000,0.000000
clegane_horseman,Clegane Brigand,0,161.000000,46.150000,500.000000,1.000000,true,true,75.000000,40.000000,58.000000,58.000000,30.000000,30.000000,t2_vlandia_horse,1.000000,1.000000
clegane_houseguard,Clegane House Guard,0,161.000000,46.150000,500.000000,1.000000,true,false,0.000000,0.000000,0.000000,0.000000,0.000000,0.000000,,1.000000,0.000000
clegane_levy,Clegane Levy,0,60.000000,17.000000,305.000000,1.000000,true,false,0.000000,0.000000,0.000000,0.000000,0.000000,0.000000,,1.000000,0.000000
clegane_man_at_arms,Clegane Man at Arms,0,135.000000,36.850000,500.000000,1.000000,true,false,0.000000,0.000000,0.000000,0.000000,0.000000,0.000000,,1.000000,0.000000
clegane_man_at_arms,Clegane Man at Arms,1,135.000000,36.850000,500.000000,1.000000,true,false,0.000000,0.000000,0.000000,0.000000,0.000000,0.000000,,1.000000,0.000000
clegane_recruit,Clegane Recruit,0,45.000000,12.150000,0.000000,0.000000,false,false,0.000000,0.000000,0.000000,0.000000,0.000000,0.000000,,0.000000,0.000000
clegane_recruit,Clegane Recruit,1,40.000000,11.000000,0.000000,0.000000,false,false,0.000000,0.000000,0.000000,0.000000,0.000000,0.000000,,0.000000,0.000000
clegane_recruit,Clegane Recruit,2,41.000000,11.050000,0.000000,0.000000,false,false,0.000000,0.000000,0.000000,0.000000,0.000000,0.000000,,0.000000,0.000000
clegane_recruit,Clegane Recruit,3,37.000000,9.350000,0.000000,0.000000,false,false,0.000000,0.000000,0.000000,0.000000,0.000000,0.000000,,0.000000,0.000000
clegane_scout,Clegane Scout,0,113.000000,35.750000,305.000000,1.000000,true,true,18.000000,10.000000,53.000000,61.000000,22.000000,22.000000,vlandia_horse,1.000000,1.000000
crownlands_bowman,Crownlands Bowman,0,54.000000,16.700000,0.000000,0.000000,false,false,0.000000,0.000000,0.000000,0.000000,0.000000,0.000000,,0.000000,0.000000
crownlands_levy,Crownlands Levy,0,65.000000,20.550000,0.000000,0.000000,false,false,0.000000,0.000000,0.000000,0.000000,0.000000,0.000000,,0.000000,0.000000
crownlands_militia_archer,City Watch Crossbowman,0,91.000000,27.450000,0.000000,0.000000,false,false,0.000000,0.000000,0.000000,0.000000,0.000000,0.000000,,0.000000,0.000000
crownlands_militia_archer,City Watch Crossbowman,1,83.000000,24.650000,0.000000,0.000000,false,false,0.000000,0.000000,0.000000,0.000000,0.000000,0.000000,,0.000000,0.000000
crownlands_militia_archer,City Watch Crossbowman,2,91.000000,27.450000,0.000000,0.000000,false,false,0.000000,0.000000,0.000000,0.000000,0.000000,0.000000,,0.000000,0.000000
crownlands_militia_archer,City Watch Crossbowman,3,91.000000,27.450000,0.000000,0.000000,false,false,0.000000,0.000000,0.000000,0.000000,0.000000,0.000000,,0.000000,0.000000
crownlands_militia_spearman,City Watch Spearman,0,119.000000,37.250000,370.000000,1.000000,true,false,0.000000,0.000000,0.000000,0.000000,0.000000,0.000000,,1.000000,0.000000
crownlands_militia_spearman,City Watch Spearman,1,119.000000,37.250000,470.000000,17.000000,true,false,0.000000,0.000000,0.000000,0.000000,0.000000,0.000000,,1.000000,0.000000
crownlands_militia_spearman,City Watch Spearman,2,119.000000,37.250000,370.000000,1.000000,true,false,0.000000,0.000000,0.000000,0.000000,0.000000,0.000000,,1.000000,0.000000
crownlands_militia_spearman,City Watch Spearman,3,119.000000,37.250000,370.000000,1.000000,true,false,0.000000,0.000000,0.000000,0.000000,0.000000,0.000000,,1.000000,0.000000
crownlands_militia_veteran_archer,City Watch Veteran Crossbowman,0,119.000000,37.250000,0.000000,0.000000,false,false,0.000000,0.000000,0.000000,0.000000,0.000000,0.000000,,0.000000,0.000000
crownlands_militia_veteran_archer,City Watch Veteran Crossbowman,1,119.000000,37.250000,0.000000,0.000000,false,false,0.000000,0.000000,0.000000,0.000000,0.000000,0.000000,,0.000000,0.000000
crownlands_militia_veteran_archer,City Watch Veteran Crossbowman,2,119.000000,37.250000,0.000000,0.000000,false,false,0.000000,0.000000,0.000000,0.000000,0.000000,0.000000,,0.000000,0.000000
crownlands_militia_veteran_archer,City Watch Veteran Crossbowman,3,119.000000,37.250000,0.000000,0.000000,false,false,0.000000,0.000000,0.000000,0.000000,0.000000,0.000000,,0.000000,0.000000
crownlands_militia_veteran_spearman,City Watch Veteran Spearman,0,141.000000,38.350000,470.000000,17.000000,true,false,0.000000,0.000000,0.000000,0.000000,0.000000,0.000000,,1.000000,0.000000
crownlands_militia_veteran_spearman,City Watch Veteran Spearman,1,141.000000,38.350000,370.000000,1.000000,true,false,0.000000,0.000000,0.000000,0.000000,0.000000,0.000000,,1.000000,0.000000
crownlands_militia_veteran_spearman,City Watch Veteran Spearman,2,141.000000,38.350000,370.000000,1.000000,true,false,0.000000,0.000000,0.000000,0.000000,0.000000,0.000000,,1.000000,0.000000
crownlands_militia_veteran_spearman,City Watch Veteran Spearman,3,141.000000,38.350000,370.000000,1.000000,true,false,0.000000,0.000000,0.000000,0.000000,0.000000,0.000000,,1.000000,0.000000
crownlands_noble_recruit,Crownlands Noble's Son,0,52.000000,13.400000,0.000000,0.000000,false,false,0.000000,0.000000,0.000000,0.000000,0.000000,0.000000,,0.000000,0.000000
crownlands_recruit,Crownlands Recruit,0,37.000000,9.350000,0.000000,0.000000,false,false,0.000000,0.000000,0.000000,0.000000,0.000000,0.000000,,0.000000,0.000000
crownlands_squire,Crownlands Squire,0,71.000000,21.750000,280.000000,1.000000,true,false,0.000000,0.000000,0.000000,0.000000,0.000000,0.000000,,1.000000,0.000000
cursed_wight,Cursed Wight,0,74.000000,19.300000,0.000000,0.000000,false,false,0.000000,0.000000,0.000000,0.000000,0.000000,0.000000,,0.000000,0.000000
cursed_wight,Cursed Wight,1,93.000000,25.950000,0.000000,0.000000,false,false,0.000000,0.000000,0.000000,0.000000,0.000000,0.000000,,0.000000,0.000000
dayne_archer,Dayne Archer,0,107.000000,33.550000,0.000000,0.000000,false,false,0.000000,0.000000,0.000000,0.000000,0.000000,0.000000,,0.000000,0.000000
dayne_horseman,Dayne Horseman,0,149.000000,42.150000,280.000000,8.000000,true,true,35.000000,10.000000,54.000000,59.000000,14.000000,14.000000,aserai_horse,1.000000,1.000000
dayne_knight,Dayne Knight,0,169.000000,49.050000,400.000000,1.000000,true,true,75.000000,20.000000,60.000000,73.000000,18.000000,18.000000,t2_aserai_horse,1.000000,1.000000
dayne_levy,Dayne Levy,0,98.000000,33.100000,305.000000,1.000000,true,false,0.000000,0.000000,0.000000,0.000000,0.000000,0.000000,,1.000000,0.000000
dayne_man_at_arms,Dayne Footman,0,107.000000,33.550000,305.000000,1.000000,true,false,0.000000,0.000000,0.000000,0.000000,0.000000,0.000000,,1.000000,0.000000
dayne_pikeman,Dayne Man at Arms,0,160.000000,46.600000,400.000000,1.000000,true,false,0.000000,0.000000,0.000000,0.000000,0.000000,0.000000,,1.000000,0.000000
dayne_recruit,Dayne Recruit,0,45.000000,12.150000,0.000000,0.000000,false,false,0.000000,0.000000,0.000000,0.000000,0.000000,0.000000,,0.000000,0.000000
dayne_recruit,Dayne Recruit,1,40.000000,11.000000,0.000000,0.000000,false,false,0.000000,0.000000,0.000000,0.000000,0.000000,0.000000,,0.000000,0.000000
dayne_recruit,Dayne Recruit,2,41.000000,11.050000,0.000000,0.000000,false,false,0.000000,0.000000,0.000000,0.000000,0.000000,0.000000,,0.000000,0.000000
dayne_recruit,Dayne Recruit,3,48.000000,13.200000,0.000000,0.000000,false,false,0.000000,0.000000,0.000000,0.000000,0.000000,0.000000,,0.000000,0.000000
dayne_starfall_knights,Knights of Starfall,0,197.000000,58.650000,400.000000,1.000000,true,true,75.000000,20.000000,60.000000,73.000000,18.000000,18.000000,t2_aserai_horse,1.000000,1.000000
dayne_veteran_archer,Dayne Veteran Archer,0,128.000000,34.600000,0.000000,0.000000,false,false,0.000000,0.000000,0.000000,0.000000,0.000000,0.000000,,0.000000,0.000000
dayne_veteran_pikeman,Dayne Pikeman,0,173.000000,49.250000,400.000000,1.000000,true,false,0.000000,0.000000,0.000000,0.000000,0.000000,0.000000,,1.000000,0.000000
devout_bearded_priest,Norvoshi Devout Bearded Priest,0,178.000000,51.400000,250.000000,1.000000,true,false,0.000000,0.000000,0.000000,0.000000,0.000000,0.000000,,1.000000,0.000000
dexterous_wight,Dexterous Wight,0,54.000000,18.300000,0.000000,0.000000,false,false,0.000000,0.000000,0.000000,0.000000,0.000000,0.000000,,0.000000,0.000000
dondarion_boltknight,Dondarrion Boltknight,0,195.000000,56.950000,300.000000,10.000000,true,true,75.000000,40.000000,62.000000,71.000000,27.000000,27.000000,t3_sturgia_horse,1.000000,1.000000
dondarion_bowman,Dondarrion Bowman,0,116.000000,35.600000,0.000000,0.000000,false,false,0.000000,0.000000,0.000000,0.000000,0.000000,0.000000,,0.000000,0.000000
dondarion_footman,Dondarrion Footman,0,111.000000,33.850000,220.000000,1.000000,true,false,0.000000,0.000000,0.000000,0.000000,0.000000,0.000000,,1.000000,0.000000
dondarion_horseman,Dondarrion Horseman,0,117.000000,35.950000,300.000000,10.000000,true,true,35.000000,10.000000,53.000000,61.000000,22.000000,22.000000,vlandia_horse,1.000000,1.000000
dondarion_houseguard,Dondarrion House Guard,0,184.000000,52.800000,300.000000,10.000000,true,false,0.000000,0.000000,0.000000,0.000000,0.000000,0.000000,,1.000000,0.000000
dondarion_knight,Dondarrion Knight,0,184.000000,52.800000,300.000000,10.000000,true,true,75.000000,40.000000,58.000000,58.000000,30.000000,30.000000,t2_vlandia_horse,1.000000,1.000000
dondarion_levy,Dondarrion Levy,0,84.000000,26.300000,220.000000,1.000000,true,false,0.000000,0.000000,0.000000,0.000000,0.000000,0.000000,,1.000000,0.000000
dondarion_man_at_arms,Dondarrion Man at Arms,0,109.000000,30.000000,300.000000,10.000000,true,false,0.000000,0.000000,0.000000,0.000000,0.000000,0.000000,,1.000000,0.000000
dondarion_recruit,Dondarrion Recruit,0,37.000000,9.350000,0.000000,0.000000,false,false,0.000000,0.000000,0.000000,0.000000,0.000000,0.000000,,0.000000,0.000000
dondarion_veteran_bowman,Dondarrion Veteran Bowman,0,137.000000,36.650000,0.000000,0.000000,false,false,0.000000,0.000000,0.000000,0.000000,0.000000,0.000000,,0.000000,0.000000
dragonstone_archer,Dragonstone Archer,0,60.000000,19.100000,0.000000,0.000000,false,false,0.000000,0.000000,0.000000,0.000000,0.000000,0.000000,,0.000000,0.000000
dragonstone_bowman,Dragonstone Bowman,0,62.000000,17.700000,0.000000,0.000000,false,false,0.000000,0.000000,0.000000,0.000000,0.000000,0.000000,,0.000000,0.000000
dragonstone_brute,Dragonstone Halberdier,0,156.000000,46.400000,315.000000,9.000000,true,false,0.000000,0.000000,0.000000,0.000000,0.000000,0.000000,,1.000000,0.000000
dragonstone_elite_archer,Dragonstone Elite Archer,0,136.000000,37.900000,0.000000,0.000000,false,false,0.000000,0.000000,0.000000,0.000000,0.000000,0.000000,,0.000000,0.000000
dragonstone_footman,Dragonstone Footman,0,62.000000,17.700000,0.000000,0.000000,false,false,0.000000,0.000000,0.000000,0.000000,0.000000,0.000000,,0.000000,0.000000
dragonstone_headsman,Dragonstone Elite Halberdier,0,170.000000,51.400000,315.000000,9.000000,true,false,0.000000,0.000000,0.000000,0.000000,0.000000,0.000000,,1.000000,0.000000
dragonstone_horseman,Dragonstone Horseman,0,156.000000,46.400000,500.000000,1.000000,true,true,75.000000,40.000000,58.000000,58.000000,30.000000,30.000000,t2_vlandia_horse,1.000000,1.000000
dragonstone_houseguard,Dragonstone House Guard,0,170.000000,51.400000,315.000000,9.000000,true,false,0.000000,0.000000,0.000000,0.000000,0.000000,0.000000,,1.000000,0.000000
dragonstone_knight,Dragonstone Knight,0,170.000000,51.400000,300.000000,10.000000,true,true,35.000000,10.000000,53.000000,61.000000,22.000000,22.000000,vlandia_horse,1.000000,1.000000
dragonstone_man_at_arms,Dragonstone Man at Arms,0,156.000000,46.400000,315.000000,9.000000,true,false,0.000000,0.000000,0.000000,0.000000,0.000000,0.000000,,1.000000,0.000000
dragonstone_militia_archer,Dragonstone Militia Archer,0,60.000000,17.000000,0.000000,0.000000,false,false,0.000000,0.000000,0.000000,0.000000,0.000000,0.000000,,0.000000,0.000000
dragonstone_militia_archer,Dragonstone Militia Archer,1,60.000000,17.000000,0.000000,0.000000,false,false,0.000000,0.000000,0.000000,0.000000,0.000000,0.000000,,0.000000,0.000000
dragonstone_militia_archer,Dragonstone Militia Archer,2,60.000000,17.000000,0.000000,0.000000,false,false,0.000000,0.000000,0.000000,0.000000,0.000000,0.000000,,0.000000,0.000000
dragonstone_militia_archer,Dragonstone Militia Archer,3,60.000000,17.000000,0.000000,0.000000,false,false,0.000000,0.000000,0.000000,0.000000,0.000000,0.000000,,0.000000,0.000000
dragonstone_militia_spearman,Dragonstone Militia Spearman,0,69.000000,20.150000,200.000000,1.000000,true,false,0.000000,0.000000,0.000000,0.000000,0.000000,0.000000,,1.000000,0.000000
dragonstone_militia_spearman,Dragonstone Militia Spearman,1,69.000000,20.150000,200.000000,1.000000,true,false,0.000000,0.000000,0.000000,0.000000,0.000000,0.000000,,1.000000,0.000000
dragonstone_militia_spearman,Dragonstone Militia Spearman,2,69.000000,20.150000,200.000000,1.000000,true,false,0.000000,0.000000,0.000000,0.000000,0.000000,0.000000,,1.000000,0.000000
dragonstone_militia_spearman,Dragonstone Militia Spearman,3,69.000000,20.150000,200.000000,1.000000,true,false,0.000000,0.000000,0.000000,0.000000,0.000000,0.000000,,1.000000,0.000000
dragonstone_militia_veteran_archer,Dragonstone Militia Veteran Archer,0,69.000000,20.150000,0.000000,0.000000,false,false,0.000000,0.000000,0.000000,0.000000,0.000000,0.000000,,0.000000,0.000000
dragonstone_militia_veteran_archer,Dragonstone Militia Veteran Archer,1,69.000000,20.150000,0.000000,0.000000,false,false,0.000000,0.000000,0.000000,0.000000,0.000000,0.000000,,0.000000,0.000000
dragonstone_militia_veteran_archer,Dragonstone Militia Veteran Archer,2,69.000000,20.150000,0.000000,0.000000,false,false,0.000000,0.000000,0.000000,0.000000,0.000000,0.000000,,0.000000,0.000000
dragonstone_militia_veteran_archer,Dragonstone Militia Veteran Archer,3,69.000000,20.150000,0.000000,0.000000,false,false,0.000000,0.000000,0.000000,0.000000,0.000000,0.000000,,0.000000,0.000000
dragonstone_militia_veteran_spearman,Dragonstone Militia Veteran Spearman,0,132.000000,39.000000,305.000000,1.000000,true,false,0.000000,0.000000,0.000000,0.000000,0.000000,0.000000,,1.000000,0.000000
dragonstone_militia_veteran_spearman,Dragonstone Militia Veteran Spearman,1,132.000000,39.000000,305.000000,1.000000,true,false,0.000000,0.000000,0.000000,0.000000,0.000000,0.000000,,1.000000,0.000000
dragonstone_militia_veteran_spearman,Dragonstone Militia Veteran Spearman,2,132.000000,39.000000,305.000000,1.000000,true,false,0.000000,0.000000,0.000000,0.000000,0.000000,0.000000,,1.000000,0.000000
dragonstone_militia_veteran_spearman,Dragonstone Militia Veteran Spearman,3,132.000000,39.000000,305.000000,1.000000,true,false,0.000000,0.000000,0.000000,0.000000,0.000000,0.000000,,1.000000,0.000000
dragonstone_noble_recruit,Dragonstone Noble's Son,0,41.000000,11.050000,0.000000,0.000000,false,false,0.000000,0.000000,0.000000,0.000000,0.000000,0.000000,,0.000000,0.000000
dragonstone_recruit,Dragonstone Recruit,0,37.000000,9.350000,0.000000,0.000000,false,false,0.000000,0.000000,0.000000,0.000000,0.000000,0.000000,,0.000000,0.000000
dragonstone_rider,Dragonstone Rider,0,136.000000,37.900000,315.000000,9.000000,true,true,35.000000,10.000000,53.000000,61.000000,22.000000,22.000000,vlandia_horse,1.000000,1.000000
dragonstone_shock_knight,Dragonstone Shock Knight,0,177.000000,52.250000,300.000000,10.000000,true,true,75.000000,10.000000,53.000000,61.000000,22.000000,22.000000,vlandia_horse,1.000000,1.000000
dragonstone_soldier,Dragonstone Soldier,0,111.000000,36.650000,315.000000,9.000000,true,false,0.000000,0.000000,0.000000,0.000000,0.000000,0.000000,,1.000000,0.000000
dragonstone_squire,Squire,0,70.000000,18.100000,300.000000,10.000000,true,false,0.000000,0.000000,0.000000,0.000000,0.000000,0.000000,,1.000000,0.000000
dragonstone_steel_curtain,Queen's Man,0,177.000000,52.250000,370.000000,1.000000,true,true,75.000000,40.000000,58.000000,58.000000,30.000000,30.000000,t2_vlandia_horse,1.000000,1.000000
dreadfort_blackguard,Dreadfort Blackguard,0,158.000000,48.700000,390.000000,1.000000,true,false,0.000000,0.000000,0.000000,0.000000,0.000000,0.000000,,1.000000,0.000000
dreadfort_pikeman,Dreadfort PIkeman,0,158.000000,48.700000,510.000000,1.000000,true,false,0.000000,0.000000,0.000000,0.000000,0.000000,0.000000,,1.000000,0.000000
elder_giant,Elder Giant,0,240.000000,67.000000,0.000000,0.000000,false,false,0.000000,0.000000,0.000000,0.000000,0.000000,0.000000,,0.000000,0.000000
enthroned_guardian,Qartheen Enthroned Guardian,0,187.000000,53.250000,360.000000,9.000000,true,false,0.000000,0.000000,0.000000,0.000000,0.000000,0.000000,,1.000000,0.000000
freefolk_archer,Free Folk Archer,0,111.000000,27.050000,0.000000,0.000000,false,false,0.000000,0.000000,0.000000,0.000000,0.000000,0.000000,,0.000000,0.000000
freefolk_axeman,Free Folk Axeman,0,111.000000,27.050000,300.000000,4.000000,true,false,0.000000,0.000000,0.000000,0.000000,0.000000,0.000000,,1.000000,0.000000
freefolk_berzerker,Free Folk Berzerker,0,133.000000,34.150000,0.000000,0.000000,false,false,0.000000,0.000000,0.000000,0.000000,0.000000,0.000000,,0.000000,0.000000
freefolk_bowman,Free Folk Bowman,0,91.000000,26.050000,0.000000,0.000000,false,false,0.000000,0.000000,0.000000,0.000000,0.000000,0.000000,,0.000000,0.000000
freefolk_frosthedge,Free Folk Frosthedge,0,161.000000,44.450000,420.000000,9.000000,true,false,0.000000,0.000000,0.000000,0.000000,0.000000,0.000000,,1.000000,0.000000
freefolk_hawkeye,Free Folk Hawkeye,0,133.000000,34.150000,0.000000,0.000000,false,false,0.000000,0.000000,0.000000,0.000000,0.000000,0.000000,,0.000000,0.000000
freefolk_horseman,Free Folk Horseman,0,148.000000,39.800000,300.000000,4.000000,true,true,65.000000,20.000000,51.000000,63.000000,18.000000,18.000000,sturgia_horse,1.000000,1.000000
freefolk_militia_archer,Freefolk Militia Archer,0,37.000000,9.350000,0.000000,0.000000,false,false,0.000000,0.000000,0.000000,0.000000,0.000000,0.000000,,0.000000,0.000000
freefolk_militia_archer,Freefolk Militia Archer,1,37.000000,9.350000,0.000000,0.000000,false,false,0.000000,0.000000,0.000000,0.000000,0.000000,0.000000,,0.000000,0.000000
freefolk_militia_archer,Freefolk Militia Archer,2,12.000000,0.600000,0.000000,0.000000,false,false,0.000000,0.000000,0.000000,0.000000,0.000000,0.000000,,0.000000,0.000000
freefolk_militia_archer,Freefolk Militia Archer,3,37.000000,9.350000,0.000000,0.000000,false,false,0.000000,0.000000,0.000000,0.000000,0.000000,0.000000,,0.000000,0.000000
freefolk_militia_spearman,Freefolk Militia Spearman,0,52.000000,14.600000,200.000000,1.000000,true,false,0.000000,0.000000,0.000000,0.000000,0.000000,0.000000,,1.000000,0.000000
freefolk_militia_spearman,Freefolk Militia Spearman,1,52.000000,14.600000,200.000000,1.000000,true,false,0.000000,0.000000,0.000000,0.000000,0.000000,0.000000,,1.000000,0.000000
freefolk_militia_spearman,Freefolk Militia Spearman,2,52.000000,14.600000,200.000000,1.000000,true,false,0.000000,0.000000,0.000000,0.000000,0.000000,0.000000,,1.000000,0.000000
freefolk_militia_spearman,Freefolk Militia Spearman,3,52.000000,14.600000,200.000000,1.000000,true,false,0.000000,0.000000,0.000000,0.000000,0.000000,0.000000,,1.000000,0.000000
freefolk_militia_veteran_archer,Freefolk Militia Veteran Archer,0,75.000000,22.250000,0.000000,0.000000,false,false,0.000000,0.000000,0.000000,0.000000,0.000000,0.000000,,0.000000,0.000000
freefolk_militia_veteran_archer,Freefolk Militia Veteran Archer,1,75.000000,22.250000,0.000000,0.000000,false,false,0.000000,0.000000,0.000000,0.000000,0.000000,0.000000,,0.000000,0.000000
freefolk_militia_veteran_archer,Freefolk Militia Veteran Archer,2,75.000000,22.250000,0.000000,0.000000,false,false,0.000000,0.000000,0.000000,0.000000,0.000000,0.000000,,0.000000,0.000000
freefolk_militia_veteran_archer,Freefolk Militia Veteran Archer,3,75.000000,22.250000,0.000000,0.000000,false,false,0.000000,0.000000,0.000000,0.000000,0.000000,0.000000,,0.000000,0.000000
freefolk_militia_veteran_spearman,Freefolk Militia Veteran Spearman,0,85.000000,25.750000,300.000000,1.000000,true,false,0.000000,0.000000,0.000000,0.000000,0.000000,0.000000,,1.000000,0.000000
freefolk_militia_veteran_spearman,Freefolk Militia Veteran Spearman,1,85.000000,25.750000,300.000000,1.000000,true,false,0.000000,0.000000,0.000000,0.000000,0.000000,0.000000,,1.000000,0.000000
freefolk_militia_veteran_spearman,Freefolk Militia Veteran Spearman,2,85.000000,25.750000,300.000000,1.000000,true,false,0.000000,0.000000,0.000000,0.000000,0.000000,0.000000,,1.000000,0.000000
freefolk_militia_veteran_spearman,Freefolk Militia Veteran Spearman,3,85.000000,25.750000,300.000000,1.000000,true,false,0.000000,0.000000,0.000000,0.000000,0.000000,0.000000,,1.000000,0.000000
freefolk_recruit,Free Folk Clansman,0,52.000000,14.600000,0.000000,0.000000,false,false,0.000000,0.000000,0.000000,0.000000,0.000000,0.000000,,0.000000,0.000000
freefolk_sharpshooter,Free Folk Sharpshooter,0,128.000000,32.400000,0.000000,0.000000,false,false,0.000000,0.000000,0.000000,0.000000,0.000000,0.000000,,0.000000,0.000000
freefolk_shieldman,Free Folk Shieldman,0,133.000000,34.150000,420.000000,9.000000,true,false,0.000000,0.000000,0.000000,0.000000,0.000000,0.000000,,1.000000,0.000000
freefolk_spearman,Free Folk Spearman,0,133.000000,34.150000,300.000000,4.000000,true,false,0.000000,0.000000,0.000000,0.000000,0.000000,0.000000,,1.000000,0.000000
freefolk_thenn,Freefolk Thenn,0,105.000000,31.350000,380.000000,9.000000,true,false,0.000000,0.000000,0.000000,0.000000,0.000000,0.000000,,1.000000,0.000000
freefolk_thenn_cannibal,Freefolk Thenn Cannibal,0,177.000000,51.350000,380.000000,9.000000,true,false,0.000000,0.000000,0.000000,0.000000,0.000000,0.000000,,1.000000,0.000000
freefolk_thenn_impaler,Freefolk Thenn Impaler,0,183.000000,52.650000,380.000000,9.000000,true,false,0.000000,0.000000,0.000000,0.000000,0.000000,0.000000,,1.000000,0.000000
freefolk_thenn_son,Freefolk Son of Thenn,0,66.000000,17.300000,0.000000,0.000000,false,false,0.000000,0.000000,0.000000,0.000000,0.000000,0.000000,,0.000000,0.000000
freefolk_thenn_warrior,Freefolk Thenn Warrior,0,140.000000,44.000000,380.000000,9.000000,true,false,0.000000,0.000000,0.000000,0.000000,0.000000,0.000000,,1.000000,0.000000
freefolk_warrior,Free Folk Warrior,0,91.000000,26.050000,300.000000,4.000000,true,false,0.000000,0.000000,0.000000,0.000000,0.000000,0.000000,,1.000000,0.000000
freefolk_wildling_berzerker,Free Folk Wildling Berzerker,0,161.000000,44.450000,0.000000,0.000000,false,false,0.000000,0.000000,0.000000,0.000000,0.000000,0.000000,,0.000000,0.000000
freehouses_levy,Karstark Levy,0,68.000000,17.400000,205.000000,10.000000,true,false,0.000000,0.000000,0.000000,0.000000,0.000000,0.000000,,1.000000,0.000000
frey_assassin,Frey Assassin,0,133.000000,39.550000,0.000000,0.000000,false,false,0.000000,0.000000,0.000000,0.000000,0.000000,0.000000,,0.000000,0.000000
frey_crossbowman,Frey Crossbowman,0,100.000000,31.900000,0.000000,0.000000,false,false,0.000000,0.000000,0.000000,0.000000,0.000000,0.000000,,0.000000,0.000000
frey_cutthroat,Frey Cutthroat,0,100.000000,31.900000,205.000000,10.000000,true,false,0.000000,0.000000,0.000000,0.000000,0.000000,0.000000,,1.000000,0.000000
frey_horseman,Frey Horseman,0,141.000000,42.350000,225.000000,1.000000,true,true,35.000000,70.000000,55.000000,66.000000,22.000000,22.000000,t2_battania_horse,1.000000,1.000000
frey_levy,Frey Levy,0,60.000000,17.000000,205.000000,10.000000,true,false,0.000000,0.000000,0.000000,0.000000,0.000000,0.000000,,1.000000,0.000000
frey_man_at_arms,Frey Man at Arms,0,123.000000,33.650000,205.000000,10.000000,true,false,0.000000,0.000000,0.000000,0.000000,0.000000,0.000000,,1.000000,0.000000
frey_recruit,Frey Recruit,0,37.000000,9.350000,0.000000,0.000000,false,false,0.000000,0.000000,0.000000,0.000000,0.000000,0.000000,,0.000000,0.000000
frey_rider,Frey Rider,0,129.000000,35.750000,225.000000,1.000000,true,true,18.000000,20.000000,52.000000,57.000000,20.000000,20.000000,battania_horse,1.000000,1.000000
frey_sharpshooter,Frey Sharpshooter,0,133.000000,39.550000,0.000000,0.000000,false,false,0.000000,0.000000,0.000000,0.000000,0.000000,0.000000,,0.000000,0.000000
frey_veteran_crossbowman,Frey Veteran Crossbowman,0,121.000000,32.950000,0.000000,0.000000,false,false,0.000000,0.000000,0.000000,0.000000,0.000000,0.000000,,0.000000,0.000000
garden_sentinel,Water Gardens Sentinel,0,170.000000,51.500000,380.000000,9.000000,true,true,45.000000,20.000000,68.000000,73.000000,20.000000,20.000000,t3_aserai_horse,1.000000,1.000000
ghiscari_archer,Ghiscari Archer,0,90.000000,30.700000,0.000000,0.000000,false,false,0.000000,0.000000,0.000000,0.000000,0.000000,0.000000,,0.000000,0.000000
ghiscari_bowman,Ghiscari Bowman,0,21.000000,3.550000,0.000000,0.000000,false,false,0.000000,0.000000,0.000000,0.000000,0.000000,0.000000,,0.000000,0.000000
ghiscari_cavalry,Ghiscari Cavalry,0,124.000000,34.500000,195.000000,1.000000,true,true,35.000000,10.000000,54.000000,59.000000,14.000000,14.000000,aserai_horse,1.000000,1.000000
ghiscari_elite_archer,Ghiscari Elite Archer,0,117.000000,32.050000,0.000000,0.000000,false,false,0.000000,0.000000,0.000000,0.000000,0.000000,0.000000,,0.000000,0.000000
ghiscari_elite_unsullied,Ghiscari Elite Pikeman,0,140.000000,38.800000,400.000000,1.000000,true,false,0.000000,0.000000,0.000000,0.000000,0.000000,0.000000,,1.000000,0.000000
ghiscari_footman,Ghiscari Footman,0,27.000000,5.650000,0.000000,0.000000,false,false,0.000000,0.000000,0.000000,0.000000,0.000000,0.000000,,0.000000,0.000000
ghiscari_horseman,Ghiscari Horseman,0,103.000000,31.350000,195.000000,1.000000,true,true,35.000000,10.000000,54.000000,59.000000,14.000000,14.000000,aserai_horse,1.000000,1.000000
ghiscari_manticore,Ghiscari Manticore,0,144.000000,42.500000,0.000000,0.000000,false,false,0.000000,0.000000,0.000000,0.000000,0.000000,0.000000,,0.000000,0.000000
ghiscari_militia_archer,Ghiscari Militia Archer,0,52.000000,16.600000,0.000000,0.000000,false,false,0.000000,0.000000,0.000000,0.000000,0.000000,0.000000,,0.000000,0.000000
ghiscari_militia_archer,Ghiscari Militia Archer,1,52.000000,16.600000,0.000000,0.000000,false,false,0.000000,0.000000,0.000000,0.000000,0.000000,0.000000,,0.000000,0.000000
ghiscari_militia_spearman,Ghiscari Militia Spearman,0,61.000000,19.750000,220.000000,1.000000,true,false,0.000000,0.000000,0.000000,0.000000,0.000000,0.000000,,1.000000,0.000000
ghiscari_militia_spearman,Ghiscari Militia Spearman,1,61.000000,19.750000,220.000000,1.000000,true,false,0.000000,0.000000,0.000000,0.000000,0.000000,0.000000,,1.000000,0.000000
ghiscari_militia_veteran_archer,Ghiscari Militia Veteran Archer,0,61.000000,19.750000,0.000000,0.000000,false,false,0.000000,0.000000,0.000000,0.000000,0.000000,0.000000,,0.000000,0.000000
ghiscari_militia_veteran_archer,Ghiscari Militia Veteran Archer,1,61.000000,19.750000,0.000000,0.000000,false,false,0.000000,0.000000,0.000000,0.000000,0.000000,0.000000,,0.000000,0.000000
ghiscari_militia_veteran_spearman,Ghiscari Militia Veteran Spearman,0,116.000000,36.000000,360.000000,9.000000,true,false,0.000000,0.000000,0.000000,0.000000,0.000000,0.000000,,1.000000,0.000000
ghiscari_militia_veteran_spearman,Ghiscari Militia Veteran Spearman,1,116.000000,36.000000,360.000000,9.000000,true,false,0.000000,0.000000,0.000000,0.000000,0.000000,0.000000,,1.000000,0.000000
ghiscari_mounted_archer,Ghiscari Mounted Archer,0,117.000000,32.050000,0.000000,0.000000,false,true,12.000000,10.000000,54.000000,59.000000,14.000000,14.000000,aserai_horse,0.000000,1.000000
ghiscari_noble_recruit,Ghiscari Former Slave,0,43.000000,11.450000,0.000000,0.000000,false,false,0.000000,0.000000,0.000000,0.000000,0.000000,0.000000,,0.000000,0.000000
ghiscari_queens_guard,Ghiscari Queen's Guard,0,144.000000,42.500000,195.000000,1.000000,true,true,65.000000,20.000000,60.000000,73.000000,18.000000,18.000000,t2_aserai_horse,1.000000,1.000000
ghiscari_recruit,Ghiscari Recruit,0,37.000000,9.350000,0.000000,0.000000,false,false,0.000000,0.000000,0.000000,0.000000,0.000000,0.000000,,0.000000,0.000000
ghiscari_soldier,Ghiscari Soldier,0,144.000000,42.500000,240.000000,1.000000,true,false,0.000000,0.000000,0.000000,0.000000,0.000000,0.000000,,1.000000,0.000000
ghiscari_unsullied,Ghiscari Pikeman,0,140.000000,38.800000,400.000000,1.000000,true,false,0.000000,0.000000,0.000000,0.000000,0.000000,0.000000,,1.000000,0.000000
ghiscari_unsullied_hoplite,Ghiscari Legionnaire,0,124.000000,34.500000,300.000000,1.000000,true,false,0.000000,0.000000,0.000000,0.000000,0.000000,0.000000,,1.000000,0.000000
ghiscari_unsullied_initiate,Ghiscari Legion Trainee,0,104.000000,33.500000,300.000000,1.000000,true,false,0.000000,0.000000,0.000000,0.000000,0.000000,0.000000,,1.000000,0.000000
ghiscari_unsullied_unbent,Ghiscari Elite Legionnaire,0,144.000000,42.500000,300.000000,1.000000,true,false,0.000000,0.000000,0.000000,0.000000,0.000000,0.000000,,1.000000,0.000000
ghiscari_unsullied_unbroken,Ghiscari Lockstep Legionnaire,0,144.000000,42.500000,300.000000,1.000000,true,false,0.000000,0.000000,0.000000,0.000000,0.000000,0.000000,,1.000000,0.000000
ghiscari_warrior,Ghiscari Warrior,0,90.000000,30.700000,0.000000,0.000000,false,false,0.000000,0.000000,0.000000,0.000000,0.000000,0.000000,,0.000000,0.000000
giant,Giant,0,240.000000,67.000000,0.000000,0.000000,false,false,0.000000,0.000000,0.000000,0.000000,0.000000,0.000000,,0.000000,0.000000
giant_archer,Giant Archer,0,240.000000,67.000000,0.000000,0.000000,false,false,0.000000,0.000000,0.000000,0.000000,0.000000,0.000000,,0.000000,0.000000
giant_rider,Mammoth Riding Giant,0,240.000000,67.000000,0.000000,0.000000,false,true,0.000000,200.000000,20.000000,20.000000,400.000000,400.000000,mammoth,0.000000,1.000000
glover_archer,Glover Archer,0,104.000000,30.000000,0.000000,0.000000,false,false,0.000000,0.000000,0.000000,0.000000,0.000000,0.000000,,0.000000,0.000000
glover_bushranger,Glover Bushranger,0,165.000000,50.050000,300.000000,10.000000,true,false,0.000000,0.000000,0.000000,0.000000,0.000000,0.000000,,1.000000,0.000000
glover_footman,Glover Footman,0,104.000000,30.000000,225.000000,1.000000,true,false,0.000000,0.000000,0.000000,0.000000,0.000000,0.000000,,1.000000,0.000000
glover_horseman,Glover Horseman,0,165.000000,50.050000,300.000000,10.000000,true,true,35.000000,70.000000,55.000000,66.000000,22.000000,22.000000,t2_battania_horse,1.000000,1.000000
glover_levy,Glover Levy,0,79.000000,23.650000,225.000000,1.000000,true,false,0.000000,0.000000,0.000000,0.000000,0.000000,0.000000,,1.000000,0.000000
glover_man_at_arms,Glover Man at Arms,0,142.000000,41.400000,300.000000,10.000000,true,false,0.000000,0.000000,0.000000,0.000000,0.000000,0.000000,,1.000000,0.000000
glover_rider,Glover Rider,0,142.000000,41.400000,225.000000,1.000000,true,true,18.000000,20.000000,52.000000,57.000000,20.000000,20.000000,battania_horse,1.000000,1.000000
glover_veteran_archer,Glover Veteran Archer,0,149.000000,40.050000,0.000000,0.000000,false,false,0.000000,0.000000,0.000000,0.000000,0.000000,0.000000,,0.000000,0.000000
glover_volunteer,Glover Recruit,0,40.000000,11.000000,0.000000,0.000000,false,false,0.000000,0.000000,0.000000,0.000000,0.000000,0.000000,,0.000000,0.000000
glover_volunteer,Glover Recruit,1,37.000000,9.350000,0.000000,0.000000,false,false,0.000000,0.000000,0.000000,0.000000,0.000000,0.000000,,0.000000,0.000000
glover_volunteer,Glover Recruit,2,40.000000,11.000000,0.000000,0.000000,false,false,0.000000,0.000000,0.000000,0.000000,0.000000,0.000000,,0.000000,0.000000
glover_volunteer,Glover Recruit,3,37.000000,9.350000,0.000000,0.000000,false,false,0.000000,0.000000,0.000000,0.000000,0.000000,0.000000,,0.000000,0.000000
glover_warrior,Glover Warrior,0,165.000000,50.050000,300.000000,10.000000,true,false,0.000000,0.000000,0.000000,0.000000,0.000000,0.000000,,1.000000,0.000000
goldcloak_archer,Gold Cloak Archer,0,119.000000,37.250000,0.000000,0.000000,false,false,0.000000,0.000000,0.000000,0.000000,0.000000,0.000000,,0.000000,0.000000
goldcloak_captain,Gold Cloak Captain,0,154.000000,45.100000,350.000000,1.000000,true,true,35.000000,20.000000,54.000000,60.000000,26.000000,26.000000,t2_empire_horse,1.000000,1.000000
goldcloak_elite_archer,Gold Cloak Elite Archer,0,119.000000,37.250000,0.000000,0.000000,false,false,0.000000,0.000000,0.000000,0.000000,0.000000,0.000000,,0.000000,0.000000
goldcloak_master_archer,Gold Cloak Sniper,0,141.000000,38.350000,0.000000,0.000000,false,false,0.000000,0.000000,0.000000,0.000000,0.000000,0.000000,,0.000000,0.000000
goldcloak_officer,Gold Cloak Petty Officer,0,143.000000,39.050000,370.000000,1.000000,true,false,0.000000,0.000000,0.000000,0.000000,0.000000,0.000000,,1.000000,0.000000
goldcloak_rider,Gold Cloak Rider,0,141.000000,38.350000,280.000000,1.000000,true,true,35.000000,10.000000,53.000000,55.000000,20.000000,20.000000,empire_horse,1.000000,1.000000
goldcloak_soldier,Gold Cloak Soldier,0,119.000000,37.250000,280.000000,1.000000,true,false,0.000000,0.000000,0.000000,0.000000,0.000000,0.000000,,1.000000,0.000000
golden_crossbowman,Goldenmark Marksmen,0,103.000000,31.350000,0.000000,0.000000,false,false,0.000000,0.000000,0.000000,0.000000,0.000000,0.000000,,0.000000,0.000000
golden_crossbowman,Goldenmark Marksmen,1,103.000000,31.350000,0.000000,0.000000,false,false,0.000000,0.000000,0.000000,0.000000,0.000000,0.000000,,0.000000,0.000000
golden_elite_pikeman,Golden Company Mahout,0,149.000000,49.150000,420.000000,1.000000,true,true,120.000000,0.000000,20.000000,20.000000,350.000000,350.000000,elephant,1.000000,1.000000
golden_elite_pikeman,Golden Company Mahout,1,149.000000,49.150000,420.000000,1.000000,true,true,120.000000,0.000000,20.000000,20.000000,350.000000,350.000000,elephant,1.000000,1.000000
golden_horseman,Golden Company Elephant Rider,0,146.000000,48.000000,420.000000,1.000000,true,true,100.000000,0.000000,20.000000,20.000000,350.000000,350.000000,elephant,1.000000,1.000000
golden_horseman,Golden Company Elephant Rider,1,146.000000,48.000000,420.000000,1.000000,true,true,100.000000,0.000000,20.000000,20.000000,350.000000,350.000000,elephant,1.000000,1.000000
golden_infantryman,Golden Company Giltblade Warriors,0,106.000000,32.400000,420.000000,1.000000,true,false,0.000000,0.000000,0.000000,0.000000,0.000000,0.000000,,1.000000,0.000000
golden_infantryman,Golden Company Giltblade Warriors,1,106.000000,32.400000,420.000000,1.000000,true,false,0.000000,0.000000,0.000000,0.000000,0.000000,0.000000,,1.000000,0.000000
golden_master_crossbowman,Gilded Bolt Rangers,0,126.000000,41.000000,0.000000,0.000000,false,false,0.000000,0.000000,0.000000,0.000000,0.000000,0.000000,,0.000000,0.000000
golden_master_crossbowman,Gilded Bolt Rangers,1,126.000000,41.000000,0.000000,0.000000,false,false,0.000000,0.000000,0.000000,0.000000,0.000000,0.000000,,0.000000,0.000000
golden_pikeman,Golden Company Gilt Pike Wardens,0,146.000000,48.000000,420.000000,1.000000,true,false,0.000000,0.000000,0.000000,0.000000,0.000000,0.000000,,1.000000,0.000000
golden_pikeman,Golden Company Gilt Pike Wardens,1,146.000000,48.000000,420.000000,1.000000,true,false,0.000000,0.000000,0.000000,0.000000,0.000000,0.000000,,1.000000,0.000000
golden_recruit,Golden Company Recruit,0,106.000000,32.400000,0.000000,0.000000,false,false,0.000000,0.000000,0.000000,0.000000,0.000000,0.000000,,0.000000,0.000000
golden_recruit,Golden Company Recruit,1,106.000000,32.400000,0.000000,0.000000,false,false,0.000000,0.000000,0.000000,0.000000,0.000000,0.000000,,0.000000,0.000000
golden_rider,Golden Steed Riders,0,134.000000,42.800000,420.000000,1.000000,true,true,35.000000,10.000000,54.000000,59.000000,14.000000,14.000000,aserai_horse,1.000000,1.000000
golden_rider,Golden Steed Riders,1,134.000000,42.800000,420.000000,1.000000,true,true,35.000000,10.000000,54.000000,59.000000,14.000000,14.000000,aserai_horse,1.000000,1.000000
golden_spearman,Golden Company Aurum Spearbearers,0,139.000000,45.550000,420.000000,1.000000,true,false,0.000000,0.000000,0.000000,0.000000,0.000000,0.000000,,1.000000,0.000000
golden_spearman,Golden Company Aurum Spearbearers,1,139.000000,45.550000,420.000000,1.000000,true,false,0.000000,0.000000,0.000000,0.000000,0.000000,0.000000,,1.000000,0.000000
golden_veteran_crossbowman,Gleaming Shaft Marksmen,0,121.000000,38.250000,0.000000,0.000000,false,false,0.000000,0.000000,0.000000,0.000000,0.000000,0.000000,,0.000000,0.000000
golden_veteran_crossbowman,Gleaming Shaft Marksmen,1,121.000000,38.250000,0.000000,0.000000,false,false,0.000000,0.000000,0.000000,0.000000,0.000000,0.000000,,0.000000,0.000000
grafton_crossbowman,Grafton Archer,0,112.000000,34.400000,0.000000,0.000000,false,false,0.000000,0.000000,0.000000,0.000000,0.000000,0.000000,,0.000000,0.000000
grafton_elite_crossbowman,Grafton Elite Archer,0,122.000000,39.900000,0.000000,0.000000,false,false,0.000000,0.000000,0.000000,0.000000,0.000000,0.000000,,0.000000,0.000000
grafton_flameknight,Grafton Flaming Knight,0,206.000000,60.500000,380.000000,9.000000,true,false,0.000000,0.000000,0.000000,0.000000,0.000000,0.000000,,1.000000,0.000000
grafton_footman,Grafton Footman,0,112.000000,34.400000,280.000000,8.000000,true,false,0.000000,0.000000,0.000000,0.000000,0.000000,0.000000,,1.000000,0.000000
grafton_horseman,Grafton Horseman,0,187.000000,56.350000,380.000000,9.000000,true,true,75.000000,10.000000,53.000000,61.000000,22.000000,22.000000,vlandia_horse,1.000000,1.000000
grafton_houseguard,Grafton House Guard,0,187.000000,56.350000,380.000000,9.000000,true,false,0.000000,0.000000,0.000000,0.000000,0.000000,0.000000,,1.000000,0.000000
grafton_levy,Grafton Levy,0,104.000000,34.000000,280.000000,8.000000,true,false,0.000000,0.000000,0.000000,0.000000,0.000000,0.000000,,1.000000,0.000000
grafton_man_at_arms,Grafton Man at Arms,0,162.000000,48.100000,380.000000,9.000000,true,false,0.000000,0.000000,0.000000,0.000000,0.000000,0.000000,,1.000000,0.000000
grafton_recruit,Grafton Recruit,0,37.000000,9.350000,0.000000,0.000000,false,false,0.000000,0.000000,0.000000,0.000000,0.000000,0.000000,,0.000000,0.000000
grafton_rider,Grafton Rider,0,122.000000,39.900000,280.000000,8.000000,true,true,35.000000,10.000000,53.000000,61.000000,22.000000,22.000000,vlandia_horse,1.000000,1.000000
greyjoy_archer,Greyjoy Archer,0,126.000000,30.800000,0.000000,0.000000,false,false,0.000000,0.000000,0.000000,0.000000,0.000000,0.000000,,0.000000,0.000000
greyjoy_fingerdancer,Greyjoy Finger Dancer,0,164.000000,48.200000,510.000000,1.000000,true,false,0.000000,0.000000,0.000000,0.000000,0.000000,0.000000,,1.000000,0.000000
greyjoy_footman,Greyjoy Footman,0,103.000000,29.650000,0.000000,0.000000,false,false,0.000000,0.000000,0.000000,0.000000,0.000000,0.000000,,0.000000,0.000000
greyjoy_horseman,Greyjoy Horseman,0,164.000000,48.200000,500.000000,1.000000,true,true,75.000000,30.000000,57.000000,63.000000,20.000000,20.000000,t2_sturgia_horse,1.000000,1.000000
greyjoy_houseguard,Greyjoy Deckman,0,143.000000,40.150000,510.000000,1.000000,true,false,0.000000,0.000000,0.000000,0.000000,0.000000,0.000000,,1.000000,0.000000
greyjoy_marksman,Greyjoy Marksman,0,164.000000,48.200000,0.000000,0.000000,false,false,0.000000,0.000000,0.000000,0.000000,0.000000,0.000000,,0.000000,0.000000
greyjoy_recruit,Greyjoy Deckhand,0,37.000000,9.350000,0.000000,0.000000,false,false,0.000000,0.000000,0.000000,0.000000,0.000000,0.000000,,0.000000,0.000000
greyjoy_recruit,Greyjoy Deckhand,1,40.000000,11.000000,0.000000,0.000000,false,false,0.000000,0.000000,0.000000,0.000000,0.000000,0.000000,,0.000000,0.000000
greyjoy_recruit,Greyjoy Deckhand,2,37.000000,9.350000,0.000000,0.000000,false,false,0.000000,0.000000,0.000000,0.000000,0.000000,0.000000,,0.000000,0.000000
greyjoy_recruit,Greyjoy Deckhand,3,37.000000,9.350000,0.000000,0.000000,false,false,0.000000,0.000000,0.000000,0.000000,0.000000,0.000000,,0.000000,0.000000
greyjoy_rider,Greyjoy Rider,0,164.000000,48.200000,305.000000,1.000000,true,true,45.000000,20.000000,51.000000,63.000000,18.000000,18.000000,sturgia_horse,1.000000,1.000000
greyjoy_sniper,Greyjoy Sniper,0,164.000000,48.200000,0.000000,0.000000,false,false,0.000000,0.000000,0.000000,0.000000,0.000000,0.000000,,0.000000,0.000000
greyjoy_soldier,Greyjoy Soldier,0,105.000000,29.750000,510.000000,1.000000,true,false,0.000000,0.000000,0.000000,0.000000,0.000000,0.000000,,1.000000,0.000000
guard_crownlands,Guard,0,91.000000,28.450000,0.000000,0.000000,false,false,0.000000,0.000000,0.000000,0.000000,0.000000,0.000000,,0.000000,0.000000
guard_crownlands,Guard,1,100.000000,33.400000,0.000000,0.000000,false,false,0.000000,0.000000,0.000000,0.000000,0.000000,0.000000,,0.000000,0.000000
guard_dragonstone,Guard,0,91.000000,28.450000,0.000000,0.000000,false,false,0.000000,0.000000,0.000000,0.000000,0.000000,0.000000,,0.000000,0.000000
guard_dragonstone,Guard,1,100.000000,33.400000,0.000000,0.000000,false,false,0.000000,0.000000,0.000000,0.000000,0.000000,0.000000,,0.000000,0.000000
guard_freefolk,Guard,0,91.000000,28.450000,0.000000,0.000000,false,false,0.000000,0.000000,0.000000,0.000000,0.000000,0.000000,,0.000000,0.000000
guard_freefolk,Guard,1,100.000000,33.400000,0.000000,0.000000,false,false,0.000000,0.000000,0.000000,0.000000,0.000000,0.000000,,0.000000,0.000000
guard_ghiscari,Guard,0,91.000000,28.450000,0.000000,0.000000,false,false,0.000000,0.000000,0.000000,0.000000,0.000000,0.000000,,0.000000,0.000000
guard_ghiscari,Guard,1,100.000000,33.400000,0.000000,0.000000,false,false,0.000000,0.000000,0.000000,0.000000,0.000000,0.000000,,0.000000,0.000000
guard_ibbenese,Guard,0,170.000000,42.300000,0.000000,0.000000,false,false,0.000000,0.000000,0.000000,0.000000,0.000000,0.000000,,0.000000,0.000000
guard_ibbenese,Guard,1,153.000000,41.450000,0.000000,0.000000,false,false,0.000000,0.000000,0.000000,0.000000,0.000000,0.000000,,0.000000,0.000000
guard_lorathi,Guard,0,91.000000,28.450000,0.000000,0.000000,false,false,0.000000,0.000000,0.000000,0.000000,0.000000,0.000000,,0.000000,0.000000
guard_lorathi,Guard,1,100.000000,33.400000,0.000000,0.000000,false,false,0.000000,0.000000,0.000000,0.000000,0.000000,0.000000,,0.000000,0.000000
guard_lyseni,Guard,0,91.000000,28.450000,0.000000,0.000000,false,false,0.000000,0.000000,0.000000,0.000000,0.000000,0.000000,,0.000000,0.000000
guard_lyseni,Guard,1,100.000000,33.400000,0.000000,0.000000,false,false,0.000000,0.000000,0.000000,0.000000,0.000000,0.000000,,0.000000,0.000000
guard_myrish,Guard,0,91.000000,28.450000,0.000000,0.000000,false,false,0.000000,0.000000,0.000000,0.000000,0.000000,0.000000,,0.000000,0.000000
guard_myrish,Guard,1,100.000000,33.400000,0.000000,0.000000,false,false,0.000000,0.000000,0.000000,0.000000,0.000000,0.000000,,0.000000,0.000000
guard_nightswatch,Guard,0,90.000000,29.900000,0.000000,0.000000,false,false,0.000000,0.000000,0.000000,0.000000,0.000000,0.000000,,0.000000,0.000000
guard_nightswatch,Guard,1,90.000000,29.900000,0.000000,0.000000,false,false,0.000000,0.000000,0.000000,0.000000,0.000000,0.000000,,0.000000,0.000000
guard_norvos,Guard,0,91.000000,28.450000,0.000000,0.000000,false,false,0.000000,0.000000,0.000000,0.000000,0.000000,0.000000,,0.000000,0.000000
guard_norvos,Guard,1,100.000000,33.400000,0.000000,0.000000,false,false,0.000000,0.000000,0.000000,0.000000,0.000000,0.000000,,0.000000,0.000000
guard_of_the_crossing,Guard of the Crossing,0,141.000000,42.350000,300.000000,10.000000,true,false,0.000000,0.000000,0.000000,0.000000,0.000000,0.000000,,1.000000,0.000000
guard_pentoshi,Guard,0,91.000000,28.450000,0.000000,0.000000,false,false,0.000000,0.000000,0.000000,0.000000,0.000000,0.000000,,0.000000,0.000000
guard_pentoshi,Guard,1,100.000000,33.400000,0.000000,0.000000,false,false,0.000000,0.000000,0.000000,0.000000,0.000000,0.000000,,0.000000,0.000000
guard_qartheen,Guard,0,141.000000,37.950000,0.000000,0.000000,false,false,0.000000,0.000000,0.000000,0.000000,0.000000,0.000000,,0.000000,0.000000
guard_qartheen,Guard,1,83.000000,24.950000,0.000000,0.000000,false,false,0.000000,0.000000,0.000000,0.000000,0.000000,0.000000,,0.000000,0.000000
guard_qartheen,Guard,2,89.000000,29.350000,0.000000,0.000000,false,false,0.000000,0.000000,0.000000,0.000000,0.000000,0.000000,,0.000000,0.000000
guard_qohorik,Guard,0,91.000000,28.450000,0.000000,0.000000,false,false,0.000000,0.000000,0.000000,0.000000,0.000000,0.000000,,0.000000,0.000000
guard_qohorik,Guard,1,100.000000,33.400000,0.000000,0.000000,false,false,0.000000,0.000000,0.000000,0.000000,0.000000,0.000000,,0.000000,0.000000
guard_reach,Guard,0,91.000000,28.450000,0.000000,0.000000,false,false,0.000000,0.000000,0.000000,0.000000,0.000000,0.000000,,0.000000,0.000000
guard_reach,Guard,1,100.000000,33.400000,0.000000,0.000000,false,false,0.000000,0.000000,0.000000,0.000000,0.000000,0.000000,,0.000000,0.000000
guard_river,Guard,0,91.000000,28.450000,0.000000,0.000000,false,false,0.000000,0.000000,0.000000,0.000000,0.000000,0.000000,,0.000000,0.000000
guard_river,Guard,1,100.000000,33.400000,0.000000,0.000000,false,false,0.000000,0.000000,0.000000,0.000000,0.000000,0.000000,,0.000000,0.000000
guard_sarnor,Guard,0,91.000000,28.450000,0.000000,0.000000,false,false,0.000000,0.000000,0.000000,0.000000,0.000000,0.000000,,0.000000,0.000000
guard_sarnor,Guard,1,100.000000,33.400000,0.000000,0.000000,false,false,0.000000,0.000000,0.000000,0.000000,0.000000,0.000000,,0.000000,0.000000
guard_skagosi,Guard,0,91.000000,28.450000,0.000000,0.000000,false,false,0.000000,0.000000,0.000000,0.000000,0.000000,0.000000,,0.000000,0.000000
guard_skagosi,Guard,1,100.000000,33.400000,0.000000,0.000000,false,false,0.000000,0.000000,0.000000,0.000000,0.000000,0.000000,,0.000000,0.000000
guard_stormlands,Guard,0,91.000000,28.450000,0.000000,0.000000,false,false,0.000000,0.000000,0.000000,0.000000,0.000000,0.000000,,0.000000,0.000000
guard_stormlands,Guard,1,100.000000,33.400000,0.000000,0.000000,false,false,0.000000,0.000000,0.000000,0.000000,0.000000,0.000000,,0.000000,0.000000
guard_summer,Guard,0,91.000000,28.450000,0.000000,0.000000,false,false,0.000000,0.000000,0.000000,0.000000,0.000000,0.000000,,0.000000,0.000000
guard_summer,Guard,1,100.000000,33.400000,0.000000,0.000000,false,false,0.000000,0.000000,0.000000,0.000000,0.000000,0.000000,,0.000000,0.000000
guard_tyroshi,Guard,0,91.000000,28.450000,0.000000,0.000000,false,false,0.000000,0.000000,0.000000,0.000000,0.000000,0.000000,,0.000000,0.000000
guard_tyroshi,Guard,1,100.000000,33.400000,0.000000,0.000000,false,false,0.000000,0.000000,0.000000,0.000000,0.000000,0.000000,,0.000000,0.000000
guard_vale,Guard,0,91.000000,28.450000,0.000000,0.000000,false,false,0.000000,0.000000,0.000000,0.000000,0.000000,0.000000,,0.000000,0.000000
guard_vale,Guard,1,100.000000,33.400000,0.000000,0.000000,false,false,0.000000,0.000000,0.000000,0.000000,0.000000,0.000000,,0.000000,0.000000
guard_valyrian,Guard,0,91.000000,28.450000,0.000000,0.000000,false,false,0.000000,0.000000,0.000000,0.000000,0.000000,0.000000,,0.000000,0.000000
guard_valyrian,Guard,1,100.000000,33.400000,0.000000,0.000000,false,false,0.000000,0.000000,0.000000,0.000000,0.000000,0.000000,,0.000000,0.000000
guard_volantine,Guard,0,91.000000,28.450000,0.000000,0.000000,false,false,0.000000,0.000000,0.000000,0.000000,0.000000,0.000000,,0.000000,0.000000
guard_volantine,Guard,1,100.000000,33.400000,0.000000,0.000000,false,false,0.000000,0.000000,0.000000,0.000000,0.000000,0.000000,,0.000000,0.000000
guard_wight,Dead Guard,0,91.000000,28.450000,0.000000,0.000000,false,false,0.000000,0.000000,0.000000,0.000000,0.000000,0.000000,,0.000000,0.000000
guard_wight,Dead Guard,1,100.000000,33.400000,0.000000,0.000000,false,false,0.000000,0.000000,0.000000,0.000000,0.000000,0.000000,,0.000000,0.000000
guard_yiti,Guard,0,90.000000,29.100000,0.000000,0.000000,false,false,0.000000,0.000000,0.000000,0.000000,0.000000,0.000000,,0.000000,0.000000
guard_yiti,Guard,1,87.000000,28.450000,0.000000,0.000000,false,false,0.000000,0.000000,0.000000,0.000000,0.000000,0.000000,,0.000000,0.000000
harlaw_archer,Harlaw Archer,0,131.000000,32.850000,0.000000,0.000000,false,false,0.000000,0.000000,0.000000,0.000000,0.000000,0.000000,,0.000000,0.000000
harlaw_captain,Harlaw Captain,0,188.000000,56.100000,360.000000,6.000000,true,false,0.000000,0.000000,0.000000,0.000000,0.000000,0.000000,,1.000000,0.000000
harlaw_chief_mate,Harlaw Chief Mate,0,178.000000,53.200000,360.000000,6.000000,true,false,0.000000,0.000000,0.000000,0.000000,0.000000,0.000000,,1.000000,0.000000
harlaw_footman,Harlaw Footman,0,110.000000,31.800000,0.000000,0.000000,false,false,0.000000,0.000000,0.000000,0.000000,0.000000,0.000000,,0.000000,0.000000
harlaw_horseman,Harlaw Raider,0,180.000000,53.300000,360.000000,6.000000,true,true,35.000000,30.000000,57.000000,63.000000,20.000000,20.000000,t2_sturgia_horse,1.000000,1.000000
harlaw_levy,Harlaw Levy,0,79.000000,23.650000,0.000000,0.000000,false,false,0.000000,0.000000,0.000000,0.000000,0.000000,0.000000,,0.000000,0.000000
harlaw_longbowman,Harlaw Longbowman,0,158.000000,42.200000,0.000000,0.000000,false,false,0.000000,0.000000,0.000000,0.000000,0.000000,0.000000,,0.000000,0.000000
harlaw_recruit,Harlaw Deckhand,0,37.000000,9.350000,0.000000,0.000000,false,false,0.000000,0.000000,0.000000,0.000000,0.000000,0.000000,,0.000000,0.000000
harlaw_recruit,Harlaw Deckhand,1,43.000000,11.150000,0.000000,0.000000,false,false,0.000000,0.000000,0.000000,0.000000,0.000000,0.000000,,0.000000,0.000000
harlaw_recruit,Harlaw Deckhand,2,37.000000,9.350000,0.000000,0.000000,false,false,0.000000,0.000000,0.000000,0.000000,0.000000,0.000000,,0.000000,0.000000
harlaw_recruit,Harlaw Deckhand,3,37.000000,9.350000,0.000000,0.000000,false,false,0.000000,0.000000,0.000000,0.000000,0.000000,0.000000,,0.000000,0.000000
harlaw_rider,Harlaw Scout,0,158.000000,42.200000,305.000000,1.000000,true,true,35.000000,20.000000,51.000000,63.000000,18.000000,18.000000,sturgia_horse,1.000000,1.000000
harlaw_seaman,Harlaw Seaman,0,151.000000,43.850000,0.000000,0.000000,false,false,0.000000,0.000000,0.000000,0.000000,0.000000,0.000000,,0.000000,0.000000
hightower_cavalry,Hightower Cavalry,0,175.000000,52.050000,280.000000,1.000000,true,true,75.000000,15.000000,48.000000,65.000000,16.000000,16.000000,hunter,1.000000,1.000000
hightower_crossbowman,Hightower Crossbowman,0,130.000000,42.300000,0.000000,0.000000,false,false,0.000000,0.000000,0.000000,0.000000,0.000000,0.000000,,0.000000,0.000000
hightower_guard,Hightower Guard,0,152.000000,43.400000,350.000000,1.000000,true,false,0.000000,0.000000,0.000000,0.000000,0.000000,0.000000,,1.000000,0.000000
hightower_guardian,Hightower Captain,0,195.000000,59.050000,350.000000,1.000000,true,false,0.000000,0.000000,0.000000,0.000000,0.000000,0.000000,,1.000000,0.000000
hightower_horseman,Hightower Horseman,0,152.000000,43.400000,280.000000,1.000000,true,true,35.000000,10.000000,53.000000,55.000000,20.000000,20.000000,empire_horse,1.000000,1.000000
hightower_levy,Hightower Levy,0,90.000000,29.300000,0.000000,0.000000,false,false,0.000000,0.000000,0.000000,0.000000,0.000000,0.000000,,0.000000,0.000000
hightower_marksman,Hightower Marksmen,0,152.000000,43.400000,0.000000,0.000000,false,false,0.000000,0.000000,0.000000,0.000000,0.000000,0.000000,,0.000000,0.000000
hightower_recruit,Hightower Recruit,0,37.000000,9.350000,0.000000,0.000000,false,false,0.000000,0.000000,0.000000,0.000000,0.000000,0.000000,,0.000000,0.000000
hightower_soldier,Hightower Soldier,0,130.000000,42.300000,350.000000,1.000000,true,false,0.000000,0.000000,0.000000,0.000000,0.000000,0.000000,,1.000000,0.000000
ibbenese_footman,Ibbenese Footman,0,71.000000,18.550000,0.000000,0.000000,false,false,0.000000,0.000000,0.000000,0.000000,0.000000,0.000000,,0.000000,0.000000
ibbenese_horseman,Ibbenese Horseman,0,167.000000,47.750000,330.000000,9.000000,true,true,40.000000,15.000000,48.000000,65.000000,16.000000,16.000000,hunter,1.000000,1.000000
ibbenese_hunter,Ibbenese Hunter,0,134.000000,36.200000,0.000000,0.000000,false,false,0.000000,0.000000,0.000000,0.000000,0.000000,0.000000,,0.000000,0.000000
ibbenese_mariner,Ibbenese Mariner,0,183.000000,53.250000,400.000000,9.000000,true,false,0.000000,0.000000,0.000000,0.000000,0.000000,0.000000,,1.000000,0.000000
ibbenese_master_huntsman,Ibbenese Master Huntsman,0,137.000000,37.250000,0.000000,0.000000,false,false,0.000000,0.000000,0.000000,0.000000,0.000000,0.000000,,0.000000,0.000000
ibbenese_militia_archer,Ibbenese Militia Archer,0,33.000000,9.950000,0.000000,0.000000,false,false,0.000000,0.000000,0.000000,0.000000,0.000000,0.000000,,0.000000,0.000000
ibbenese_militia_archer,Ibbenese Militia Archer,1,31.000000,9.350000,0.000000,0.000000,false,false,0.000000,0.000000,0.000000,0.000000,0.000000,0.000000,,0.000000,0.000000
ibbenese_militia_archer,Ibbenese Militia Archer,2,37.000000,10.950000,0.000000,0.000000,false,false,0.000000,0.000000,0.000000,0.000000,0.000000,0.000000,,0.000000,0.000000
ibbenese_militia_archer,Ibbenese Militia Archer,3,44.000000,14.300000,0.000000,0.000000,false,false,0.000000,0.000000,0.000000,0.000000,0.000000,0.000000,,0.000000,0.000000
ibbenese_militia_spearman,Ibbenese Militia Spearman,0,40.000000,9.600000,390.000000,4.000000,true,false,0.000000,0.000000,0.000000,0.000000,0.000000,0.000000,,1.000000,0.000000
ibbenese_militia_spearman,Ibbenese Militia Spearman,1,49.000000,14.450000,390.000000,4.000000,true,false,0.000000,0.000000,0.000000,0.000000,0.000000,0.000000,,1.000000,0.000000
ibbenese_militia_spearman,Ibbenese Militia Spearman,2,47.000000,12.650000,390.000000,4.000000,true,false,0.000000,0.000000,0.000000,0.000000,0.000000,0.000000,,1.000000,0.000000
ibbenese_militia_spearman,Ibbenese Militia Spearman,3,33.000000,7.750000,390.000000,4.000000,true,false,0.000000,0.000000,0.000000,0.000000,0.000000,0.000000,,1.000000,0.000000
ibbenese_militia_veteran_archer,Ibbenese Militia Veteran Archer,0,34.000000,7.700000,0.000000,0.000000,false,false,0.000000,0.000000,0.000000,0.000000,0.000000,0.000000,,0.000000,0.000000
ibbenese_militia_veteran_archer,Ibbenese Militia Veteran Archer,1,52.000000,14.500000,0.000000,0.000000,false,false,0.000000,0.000000,0.000000,0.000000,0.000000,0.000000,,0.000000,0.000000
ibbenese_militia_veteran_archer,Ibbenese Militia Veteran Archer,2,69.000000,20.350000,0.000000,0.000000,false,false,0.000000,0.000000,0.000000,0.000000,0.000000,0.000000,,0.000000,0.000000
ibbenese_militia_veteran_archer,Ibbenese Militia Veteran Archer,3,64.000000,17.500000,0.000000,0.000000,false,false,0.000000,0.000000,0.000000,0.000000,0.000000,0.000000,,0.000000,0.000000
ibbenese_militia_veteran_spearman,Ibbenese Militia Veteran Spearman,0,68.000000,20.300000,390.000000,4.000000,true,false,0.000000,0.000000,0.000000,0.000000,0.000000,0.000000,,1.000000,0.000000
ibbenese_militia_veteran_spearman,Ibbenese Militia Veteran Spearman,1,93.000000,28.050000,390.000000,4.000000,true,false,0.000000,0.000000,0.000000,0.000000,0.000000,0.000000,,1.000000,0.000000
ibbenese_militia_veteran_spearman,Ibbenese Militia Veteran Spearman,2,62.000000,17.000000,390.000000,4.000000,true,false,0.000000,0.000000,0.000000,0.000000,0.000000,0.000000,,1.000000,0.000000
ibbenese_militia_veteran_spearman,Ibbenese Militia Veteran Spearman,3,56.000000,15.300000,390.000000,4.000000,true,false,0.000000,0.000000,0.000000,0.000000,0.000000,0.000000,,1.000000,0.000000
ibbenese_navigator,Ibbenese Navigator,0,187.000000,53.450000,400.000000,9.000000,true,false,0.000000,0.000000,0.000000,0.000000,0.000000,0.000000,,1.000000,0.000000
ibbenese_noble_recruit,Ibbenese Deckhand,0,71.000000,18.550000,0.000000,0.000000,false,false,0.000000,0.000000,0.000000,0.000000,0.000000,0.000000,,0.000000,0.000000
ibbenese_recruit,Ibbenese Recruit,0,36.000000,6.300000,0.000000,0.000000,false,false,0.000000,0.000000,0.000000,0.000000,0.000000,0.000000,,0.000000,0.000000
ibbenese_rider,Ibbenese Rider,0,134.000000,36.200000,330.000000,9.000000,true,true,10.000000,15.000000,48.000000,65.000000,16.000000,16.000000,hunter,1.000000,1.000000
ibbenese_rower,Ibbenese Rower,0,134.000000,36.200000,330.000000,9.000000,true,false,0.000000,0.000000,0.000000,0.000000,0.000000,0.000000,,1.000000,0.000000
ibbenese_sailor,Ibbenese Sailor,0,150.000000,40.900000,400.000000,9.000000,true,false,0.000000,0.000000,0.000000,0.000000,0.000000,0.000000,,1.000000,0.000000
ibbenese_timberman,Ibbenese Timberman,0,179.000000,51.050000,0.000000,0.000000,false,false,0.000000,0.000000,0.000000,0.000000,0.000000,0.000000,,0.000000,0.000000
ibbenese_tracker,Ibbenese Tracker,0,134.000000,36.200000,330.000000,9.000000,true,false,0.000000,0.000000,0.000000,0.000000,0.000000,0.000000,,1.000000,0.000000
ibbenese_warrior,Ibbenese Warrior,0,147.000000,40.750000,330.000000,9.000000,true,false,0.000000,0.000000,0.000000,0.000000,0.000000,0.000000,,1.000000,0.000000
ibbenese_whaler,Ibbenese Whaler,0,179.000000,51.050000,330.000000,9.000000,true,false,0.000000,0.000000,0.000000,0.000000,0.000000,0.000000,,1.000000,0.000000
karstark_archer,Karstark Archer,0,115.000000,34.750000,0.000000,0.000000,false,false,0.000000,0.000000,0.000000,0.000000,0.000000,0.000000,,0.000000,0.000000
karstark_brute,Karstark House Guard,0,153.000000,45.350000,400.000000,1.000000,true,false,0.000000,0.000000,0.000000,0.000000,0.000000,0.000000,,1.000000,0.000000
karstark_elite_archer,Karstark Elite Archer,0,136.000000,37.600000,0.000000,0.000000,false,false,0.000000,0.000000,0.000000,0.000000,0.000000,0.000000,,0.000000,0.000000
karstark_loyalist,Karstark Loyalist,0,153.000000,45.350000,400.000000,1.000000,true,false,0.000000,0.000000,0.000000,0.000000,0.000000,0.000000,,1.000000,0.000000
karstark_outrider,Karstark Outrider,0,136.000000,37.600000,225.000000,1.000000,true,true,35.000000,20.000000,52.000000,57.000000,20.000000,20.000000,battania_horse,1.000000,1.000000
karstark_ruffian,Karstark Spearman,0,136.000000,37.600000,225.000000,1.000000,true,false,0.000000,0.000000,0.000000,0.000000,0.000000,0.000000,,1.000000,0.000000
karstark_shock_cavalry,Karstark Shock Cavalry,0,153.000000,45.350000,225.000000,1.000000,true,true,77.000000,70.000000,55.000000,66.000000,22.000000,22.000000,t2_battania_horse,1.000000,1.000000
karstark_soldier,Karstark Brute,0,115.000000,34.750000,225.000000,1.000000,true,false,0.000000,0.000000,0.000000,0.000000,0.000000,0.000000,,1.000000,0.000000
karstark_volunteer,Karstark Recruit,0,40.000000,11.000000,0.000000,0.000000,false,false,0.000000,0.000000,0.000000,0.000000,0.000000,0.000000,,0.000000,0.000000
karstark_volunteer,Karstark Recruit,1,37.000000,9.350000,0.000000,0.000000,false,false,0.000000,0.000000,0.000000,0.000000,0.000000,0.000000,,0.000000,0.000000
karstark_volunteer,Karstark Recruit,2,40.000000,11.000000,0.000000,0.000000,false,false,0.000000,0.000000,0.000000,0.000000,0.000000,0.000000,,0.000000,0.000000
karstark_volunteer,Karstark Recruit,3,37.000000,9.350000,0.000000,0.000000,false,false,0.000000,0.000000,0.000000,0.000000,0.000000,0.000000,,0.000000,0.000000
kingsguard,Gold Cloak Halberdier,0,154.000000,45.100000,370.000000,1.000000,true,false,0.000000,0.000000,0.000000,0.000000,0.000000,0.000000,,1.000000,0.000000
kingsguard_captain,Kingsguard,0,211.000000,63.550000,370.000000,1.000000,true,false,0.000000,0.000000,0.000000,0.000000,0.000000,0.000000,,1.000000,0.000000
kingsguard_initiate,Kingsguard Initiate,0,157.000000,51.850000,370.000000,1.000000,true,false,0.000000,0.000000,0.000000,0.000000,0.000000,0.000000,,1.000000,0.000000
kingsguard_page,Kingsguard's Page,0,25.000000,6.550000,0.000000,0.000000,false,false,0.000000,0.000000,0.000000,0.000000,0.000000,0.000000,,0.000000,0.000000
kingsguard_squire,Kingsguard's Squire,0,71.000000,21.750000,280.000000,1.000000,true,false,0.000000,0.000000,0.000000,0.000000,0.000000,0.000000,,1.000000,0.000000
lannister_archer,Lannister Archer,0,97.000000,30.650000,0.000000,0.000000,false,false,0.000000,0.000000,0.000000,0.000000,0.000000,0.000000,,0.000000,0.000000
lannister_bowman,Lannister Bowman,0,97.000000,30.650000,0.000000,0.000000,false,false,0.000000,0.000000,0.000000,0.000000,0.000000,0.000000,,0.000000,0.000000
lannister_footman,Lannister Footman,0,108.000000,36.500000,400.000000,8.000000,true,false,0.000000,0.000000,0.000000,0.000000,0.000000,0.000000,,1.000000,0.000000
lannister_horseman,Lannister Horseman,0,164.000000,48.000000,400.000000,8.000000,true,true,45.000000,10.000000,53.000000,61.000000,22.000000,22.000000,vlandia_horse,1.000000,1.000000
lannister_houseguard,Lannister House Guard,0,179.000000,54.250000,400.000000,8.000000,true,false,0.000000,0.000000,0.000000,0.000000,0.000000,0.000000,,1.000000,0.000000
lannister_knight,Lannister Knight,0,179.000000,54.250000,400.000000,8.000000,true,true,75.000000,40.000000,58.000000,58.000000,30.000000,30.000000,t2_vlandia_horse,1.000000,1.000000
lannister_levy,Lannister Levy,0,100.000000,35.600000,305.000000,1.000000,true,false,0.000000,0.000000,0.000000,0.000000,0.000000,0.000000,,1.000000,0.000000
lannister_longbowman,Lannister Longbowman,0,97.000000,30.650000,0.000000,0.000000,false,false,0.000000,0.000000,0.000000,0.000000,0.000000,0.000000,,0.000000,0.000000
lannister_man_at_arms,Lannister Man at Arms,0,171.000000,49.850000,400.000000,8.000000,true,false,0.000000,0.000000,0.000000,0.000000,0.000000,0.000000,,1.000000,0.000000
lannister_officer,Lannister Officer,0,178.000000,53.700000,400.000000,8.000000,true,false,0.000000,0.000000,0.000000,0.000000,0.000000,0.000000,,1.000000,0.000000
lannister_prideknight,Lannister Prideknight,0,178.000000,53.700000,400.000000,8.000000,true,true,75.000000,60.000000,64.000000,68.000000,32.000000,32.000000,t3_vlandia_horse,1.000000,1.000000
lannister_recruit,Lannister Recruit,0,45.000000,12.150000,0.000000,0.000000,false,false,0.000000,0.000000,0.000000,0.000000,0.000000,0.000000,,0.000000,0.000000
lannister_recruit,Lannister Recruit,1,51.000000,14.850000,0.000000,0.000000,false,false,0.000000,0.000000,0.000000,0.000000,0.000000,0.000000,,0.000000,0.000000
lannister_recruit,Lannister Recruit,2,49.000000,13.850000,0.000000,0.000000,false,false,0.000000,0.000000,0.000000,0.000000,0.000000,0.000000,,0.000000,0.000000
lannister_recruit,Lannister Recruit,3,52.000000,14.900000,0.000000,0.000000,false,false,0.000000,0.000000,0.000000,0.000000,0.000000,0.000000,,0.000000,0.000000
lyseni_archer,Lyseni Archer,0,111.000000,34.450000,0.000000,0.000000,false,false,0.000000,0.000000,0.000000,0.000000,0.000000,0.000000,,0.000000,0.000000
lyseni_axe_apprentice,Lyseni Axe Apprentice,0,100.000000,30.700000,240.000000,1.000000,true,false,0.000000,0.000000,0.000000,0.000000,0.000000,0.000000,,1.000000,0.000000
lyseni_axeman,Lyseni Axeman,0,151.000000,44.250000,390.000000,1.000000,true,false,0.000000,0.000000,0.000000,0.000000,0.000000,0.000000,,1.000000,0.000000
lyseni_bowman,Lyseni Bowman,0,85.000000,28.150000,0.000000,0.000000,false,false,0.000000,0.000000,0.000000,0.000000,0.000000,0.000000,,0.000000,0.000000
lyseni_cavalry,Lyseni Cavalry,0,159.000000,45.350000,390.000000,1.000000,true,true,65.000000,20.000000,60.000000,73.000000,18.000000,18.000000,t2_aserai_horse,1.000000,1.000000
lyseni_elite_archer,Lyseni Elite Archer,0,132.000000,35.500000,0.000000,0.000000,false,false,0.000000,0.000000,0.000000,0.000000,0.000000,0.000000,,0.000000,0.000000
lyseni_enforcer,Lyseni Enforcer,0,190.000000,57.900000,0.000000,0.000000,false,false,0.000000,0.000000,0.000000,0.000000,0.000000,0.000000,,0.000000,0.000000
lyseni_executioner,Lyseni Executioner,0,176.000000,53.300000,0.000000,0.000000,false,false,0.000000,0.000000,0.000000,0.000000,0.000000,0.000000,,0.000000,0.000000
lyseni_footman,Lyseni Footman,0,59.000000,19.050000,240.000000,1.000000,true,false,0.000000,0.000000,0.000000,0.000000,0.000000,0.000000,,1.000000,0.000000
lyseni_glaiveman,Lyseni Glaiveman,0,159.000000,45.350000,390.000000,1.000000,true,false,0.000000,0.000000,0.000000,0.000000,0.000000,0.000000,,1.000000,0.000000
lyseni_horseman,Lyseni Horseman,0,135.000000,36.550000,390.000000,1.000000,true,true,35.000000,10.000000,54.000000,59.000000,14.000000,14.000000,aserai_horse,1.000000,1.000000
lyseni_militia_archer,Lyseni Militia Archer,0,52.000000,16.600000,0.000000,0.000000,false,false,0.000000,0.000000,0.000000,0.000000,0.000000,0.000000,,0.000000,0.000000
lyseni_militia_archer,Lyseni Militia Archer,1,52.000000,16.600000,0.000000,0.000000,false,false,0.000000,0.000000,0.000000,0.000000,0.000000,0.000000,,0.000000,0.000000
lyseni_militia_spearman,Lyseni Militia Spearman,0,61.000000,19.750000,220.000000,1.000000,true,false,0.000000,0.000000,0.000000,0.000000,0.000000,0.000000,,1.000000,0.000000
lyseni_militia_spearman,Lyseni Militia Spearman,1,61.000000,19.750000,220.000000,1.000000,true,false,0.000000,0.000000,0.000000,0.000000,0.000000,0.000000,,1.000000,0.000000
lyseni_militia_veteran_archer,Lyseni Militia Veteran Archer,0,61.000000,19.750000,0.000000,0.000000,false,false,0.000000,0.000000,0.000000,0.000000,0.000000,0.000000,,0.000000,0.000000
lyseni_militia_veteran_archer,Lyseni Militia Veteran Archer,1,61.000000,19.750000,0.000000,0.000000,false,false,0.000000,0.000000,0.000000,0.000000,0.000000,0.000000,,0.000000,0.000000
lyseni_militia_veteran_spearman,Lyseni Militia Veteran Spearman,0,133.000000,39.450000,380.000000,1.000000,true,false,0.000000,0.000000,0.000000,0.000000,0.000000,0.000000,,1.000000,0.000000
lyseni_militia_veteran_spearman,Lyseni Militia Veteran Spearman,1,133.000000,39.450000,380.000000,1.000000,true,false,0.000000,0.000000,0.000000,0.000000,0.000000,0.000000,,1.000000,0.000000
lyseni_noble_recruit,Lyseni Noble Youth,0,38.000000,9.400000,0.000000,0.000000,false,false,0.000000,0.000000,0.000000,0.000000,0.000000,0.000000,,0.000000,0.000000
lyseni_recruit,Lyseni Recruit,0,34.000000,9.200000,0.000000,0.000000,false,false,0.000000,0.000000,0.000000,0.000000,0.000000,0.000000,,0.000000,0.000000
lyseni_soldier,Lyseni Soldier,0,85.000000,28.150000,240.000000,1.000000,true,false,0.000000,0.000000,0.000000,0.000000,0.000000,0.000000,,1.000000,0.000000
lyseni_spearman,Lyseni Spearman,0,159.000000,45.350000,390.000000,1.000000,true,false,0.000000,0.000000,0.000000,0.000000,0.000000,0.000000,,1.000000,0.000000
lyseni_warrior,Lyseni Warrior,0,136.000000,43.600000,390.000000,1.000000,true,false,0.000000,0.000000,0.000000,0.000000,0.000000,0.000000,,1.000000,0.000000
magister_guard,Magister Guard Elite,0,197.000000,58.550000,400.000000,9.000000,true,true,65.000000,40.000000,59.000000,69.000000,19.000000,19.000000,t2_khuzait_horse,1.000000,1.000000
mallister_archer,Mallister Archer,0,129.000000,31.850000,0.000000,0.000000,false,false,0.000000,0.000000,0.000000,0.000000,0.000000,0.000000,,0.000000,0.000000
mallister_elite_archer,Mallister Elite Archer,0,144.000000,37.600000,0.000000,0.000000,false,false,0.000000,0.000000,0.000000,0.000000,0.000000,0.000000,,0.000000,0.000000
mallister_footman,Mallister Footman,0,106.000000,30.700000,280.000000,8.000000,true,false,0.000000,0.000000,0.000000,0.000000,0.000000,0.000000,,1.000000,0.000000
mallister_horseman,Mallister Knight,0,177.000000,51.850000,400.000000,9.000000,true,true,75.000000,10.000000,53.000000,61.000000,22.000000,22.000000,vlandia_horse,1.000000,1.000000
mallister_houseguard,Mallister House Guard,0,197.000000,58.350000,400.000000,9.000000,true,false,0.000000,0.000000,0.000000,0.000000,0.000000,0.000000,,1.000000,0.000000
mallister_knight,Mallister Eagle Knight,0,208.000000,62.200000,400.000000,9.000000,true,true,75.000000,40.000000,58.000000,58.000000,30.000000,30.000000,t2_vlandia_horse,1.000000,1.000000
mallister_levy,Mallister Levy,0,98.000000,30.300000,280.000000,8.000000,true,false,0.000000,0.000000,0.000000,0.000000,0.000000,0.000000,,1.000000,0.000000
mallister_man_at_arms,Mallister Man at Arms,0,167.000000,46.750000,400.000000,9.000000,true,false,0.000000,0.000000,0.000000,0.000000,0.000000,0.000000,,1.000000,0.000000
mallister_recruit,Mallister Recruit,0,37.000000,9.350000,0.000000,0.000000,false,false,0.000000,0.000000,0.000000,0.000000,0.000000,0.000000,,0.000000,0.000000
mallister_rider,Mallister Horseman,0,106.000000,30.700000,280.000000,8.000000,true,true,35.000000,10.000000,53.000000,61.000000,22.000000,22.000000,vlandia_horse,1.000000,1.000000
manderly_archer,Manderly Archer,0,106.000000,30.700000,0.000000,0.000000,false,false,0.000000,0.000000,0.000000,0.000000,0.000000,0.000000,,0.000000,0.000000
manderly_man_at_arms,Manderly Man at Arms,0,157.000000,43.650000,360.000000,9.000000,true,false,0.000000,0.000000,0.000000,0.000000,0.000000,0.000000,,1.000000,0.000000
manderly_veteran_archer,Manderly Veteran Archer,0,121.000000,38.950000,0.000000,0.000000,false,false,0.000000,0.000000,0.000000,0.000000,0.000000,0.000000,,0.000000,0.000000
martell_archer,Martell Archer,0,132.000000,35.900000,0.000000,0.000000,false,false,0.000000,0.000000,0.000000,0.000000,0.000000,0.000000,,0.000000,0.000000
martell_bowman,Martell Bowman,0,95.000000,34.050000,0.000000,0.000000,false,false,0.000000,0.000000,0.000000,0.000000,0.000000,0.000000,,0.000000,0.000000
martell_footman,Martell Footman,0,103.000000,34.450000,345.000000,1.000000,true,false,0.000000,0.000000,0.000000,0.000000,0.000000,0.000000,,1.000000,0.000000
martell_horseman,Martell Horseman,0,164.000000,49.500000,380.000000,9.000000,true,true,45.000000,20.000000,68.000000,73.000000,20.000000,20.000000,t3_aserai_horse,1.000000,1.000000
martell_houseguard,Martell House Guard,0,170.000000,51.500000,380.000000,9.000000,true,false,0.000000,0.000000,0.000000,0.000000,0.000000,0.000000,,1.000000,0.000000
martell_levy,Martell Levy,0,81.000000,25.550000,345.000000,1.000000,true,false,0.000000,0.000000,0.000000,0.000000,0.000000,0.000000,,1.000000,0.000000
martell_recruit,Martell Recruit,0,42.000000,11.100000,0.000000,0.000000,false,false,0.000000,0.000000,0.000000,0.000000,0.000000,0.000000,,0.000000,0.000000
martell_recruit,Martell Recruit,1,37.000000,9.350000,0.000000,0.000000,false,false,0.000000,0.000000,0.000000,0.000000,0.000000,0.000000,,0.000000,0.000000
martell_recruit,Martell Recruit,2,42.000000,11.100000,0.000000,0.000000,false,false,0.000000,0.000000,0.000000,0.000000,0.000000,0.000000,,0.000000,0.000000
martell_recruit,Martell Recruit,3,37.000000,9.350000,0.000000,0.000000,false,false,0.000000,0.000000,0.000000,0.000000,0.000000,0.000000,,0.000000,0.000000
martell_rider,Martell Rider,0,142.000000,41.400000,380.000000,9.000000,true,true,40.000000,10.000000,54.000000,59.000000,14.000000,14.000000,aserai_horse,1.000000,1.000000
martell_spearman,Martell Spearman,0,164.000000,49.500000,380.000000,9.000000,true,false,0.000000,0.000000,0.000000,0.000000,0.000000,0.000000,,1.000000,0.000000
martell_veteran_archer,Martell Veteran Archer,0,142.000000,41.400000,0.000000,0.000000,false,false,0.000000,0.000000,0.000000,0.000000,0.000000,0.000000,,0.000000,0.000000
mormont_bowmaiden,Mormont Bowmaiden,0,186.000000,56.100000,0.000000,0.000000,false,false,0.000000,0.000000,0.000000,0.000000,0.000000,0.000000,,0.000000,0.000000
mormont_footman,Mormont Footman,0,109.000000,34.450000,0.000000,0.000000,false,false,0.000000,0.000000,0.000000,0.000000,0.000000,0.000000,,0.000000,0.000000
mormont_horseman,Mormont Horseman,0,171.000000,51.050000,360.000000,6.000000,true,true,77.000000,15.000000,48.000000,65.000000,16.000000,16.000000,hunter,1.000000,1.000000
mormont_houseguard,Mormont House Guard,0,171.000000,51.050000,510.000000,1.000000,true,false,0.000000,0.000000,0.000000,0.000000,0.000000,0.000000,,1.000000,0.000000
mormont_huntress,Mormont Huntress,0,148.000000,41.900000,0.000000,0.000000,false,false,0.000000,0.000000,0.000000,0.000000,0.000000,0.000000,,0.000000,0.000000
mormont_man_at_arms,Mormont Man at Arms,0,128.000000,41.400000,510.000000,1.000000,true,false,0.000000,0.000000,0.000000,0.000000,0.000000,0.000000,,1.000000,0.000000
mormont_mounted_huntress,Mormont Mounted Huntress,0,148.000000,41.900000,0.000000,0.000000,false,true,77.000000,20.000000,52.000000,57.000000,20.000000,20.000000,battania_horse,0.000000,1.000000
mormont_scout,Mormont Scout,0,149.000000,42.450000,0.000000,0.000000,false,true,35.000000,20.000000,52.000000,57.000000,20.000000,20.000000,battania_horse,0.000000,1.000000
mormont_trapper,Mormont Trapper,0,109.000000,34.450000,0.000000,0.000000,false,false,0.000000,0.000000,0.000000,0.000000,0.000000,0.000000,,0.000000,0.000000
mormont_veteran_huntress,Mormont Veteran Huntress,0,148.000000,41.900000,0.000000,0.000000,false,false,0.000000,0.000000,0.000000,0.000000,0.000000,0.000000,,0.000000,0.000000
mormont_volunteer,Mormont Recruit,0,40.000000,11.000000,0.000000,0.000000,false,false,0.000000,0.000000,0.000000,0.000000,0.000000,0.000000,,0.000000,0.000000
mormont_volunteer,Mormont Recruit,1,37.000000,9.350000,0.000000,0.000000,false,false,0.000000,0.000000,0.000000,0.000000,0.000000,0.000000,,0.000000,0.000000
mormont_volunteer,Mormont Recruit,2,37.000000,9.350000,0.000000,0.000000,false,false,0.000000,0.000000,0.000000,0.000000,0.000000,0.000000,,0.000000,0.000000
mormont_volunteer,Mormont Recruit,3,40.000000,11.000000,0.000000,0.000000,false,false,0.000000,0.000000,0.000000,0.000000,0.000000,0.000000,,0.000000,0.000000
mormont_woodswoman,Mormont Woodswoman,0,86.000000,24.900000,0.000000,0.000000,false,false,0.000000,0.000000,0.000000,0.000000,0.000000,0.000000,,0.000000,0.000000
mountains_man,Mountain's Man,0,161.000000,46.150000,0.000000,0.000000,false,false,0.000000,0.000000,0.000000,0.000000,0.000000,0.000000,,0.000000,0.000000
mounted_kingsguard,Captain of the Kingsguard,0,211.000000,63.550000,370.000000,1.000000,true,true,80.000000,60.000000,64.000000,68.000000,32.000000,32.000000,t3_vlandia_horse,1.000000,1.000000
mounted_priest,Norvoshi Grand Bearded Priest,0,185.000000,53.250000,250.000000,1.000000,true,true,65.000000,40.000000,59.000000,69.000000,19.000000,19.000000,t2_khuzait_horse,1.000000,1.000000
myrish_archer,Myrish Archer,0,72.000000,23.600000,0.000000,0.000000,false,false,0.000000,0.000000,0.000000,0.000000,0.000000,0.000000,,0.000000,0.000000
myrish_artisan,Myrish Artisan of War,0,200.000000,57.900000,450.000000,1.000000,true,false,0.000000,0.000000,0.000000,0.000000,0.000000,0.000000,,1.000000,0.000000
myrish_axeman,Myrish Legionnaire,0,173.000000,52.150000,450.000000,1.000000,true,false,0.000000,0.000000,0.000000,0.000000,0.000000,0.000000,,1.000000,0.000000
myrish_bowman,Myrish Bowman,0,72.000000,23.600000,0.000000,0.000000,false,false,0.000000,0.000000,0.000000,0.000000,0.000000,0.000000,,0.000000,0.000000
myrish_cavalry,Myrish Cavalry,0,173.000000,52.150000,450.000000,1.000000,true,true,65.000000,20.000000,60.000000,73.000000,18.000000,18.000000,t2_aserai_horse,1.000000,1.000000
myrish_crossbowman,Myrish Crossbowman,0,129.000000,42.450000,0.000000,0.000000,false,false,0.000000,0.000000,0.000000,0.000000,0.000000,0.000000,,0.000000,0.000000
myrish_elite_archer,Myrish Elite Archer,0,150.000000,43.500000,0.000000,0.000000,false,false,0.000000,0.000000,0.000000,0.000000,0.000000,0.000000,,0.000000,0.000000
myrish_elite_crossbowman,Myrish Elite Crossbowman,0,163.000000,48.050000,0.000000,0.000000,false,false,0.000000,0.000000,0.000000,0.000000,0.000000,0.000000,,0.000000,0.000000
myrish_footman,Myrish Footman,0,72.000000,23.600000,0.000000,0.000000,false,false,0.000000,0.000000,0.000000,0.000000,0.000000,0.000000,,0.000000,0.000000
myrish_horseman,Myrish Horseman,0,150.000000,43.500000,240.000000,1.000000,true,true,35.000000,10.000000,54.000000,59.000000,14.000000,14.000000,aserai_horse,1.000000,1.000000
myrish_master_crossbowman,Myrish Master Crossbowman,0,171.000000,48.450000,450.000000,1.000000,true,false,0.000000,0.000000,0.000000,0.000000,0.000000,0.000000,,1.000000,0.000000
myrish_militia_archer,Myrish Militia Archer,0,52.000000,16.600000,0.000000,0.000000,false,false,0.000000,0.000000,0.000000,0.000000,0.000000,0.000000,,0.000000,0.000000
myrish_militia_archer,Myrish Militia Archer,1,52.000000,16.600000,0.000000,0.000000,false,false,0.000000,0.000000,0.000000,0.000000,0.000000,0.000000,,0.000000,0.000000
myrish_militia_spearman,Myrish Militia Spearman,0,61.000000,19.750000,220.000000,1.000000,true,false,0.000000,0.000000,0.000000,0.000000,0.000000,0.000000,,1.000000,0.000000
myrish_militia_spearman,Myrish Militia Spearman,1,61.000000,19.750000,220.000000,1.000000,true,false,0.000000,0.000000,0.000000,0.000000,0.000000,0.000000,,1.000000,0.000000
myrish_militia_veteran_archer,Myrish Militia Veteran Archer,0,61.000000,19.750000,0.000000,0.000000,false,false,0.000000,0.000000,0.000000,0.000000,0.000000,0.000000,,0.000000,0.000000
myrish_militia_veteran_archer,Myrish Militia Veteran Archer,1,61.000000,19.750000,0.000000,0.000000,false,false,0.000000,0.000000,0.000000,0.000000,0.000000,0.000000,,0.000000,0.000000
myrish_militia_veteran_spearman,Myrish Militia Veteran Spearman,0,127.000000,39.650000,360.000000,9.000000,true,false,0.000000,0.000000,0.000000,0.000000,0.000000,0.000000,,1.000000,0.000000
myrish_militia_veteran_spearman,Myrish Militia Veteran Spearman,1,127.000000,39.650000,360.000000,9.000000,true,false,0.000000,0.000000,0.000000,0.000000,0.000000,0.000000,,1.000000,0.000000
myrish_noble_recruit,Myrish Noble Youth,0,38.000000,9.400000,0.000000,0.000000,false,false,0.000000,0.000000,0.000000,0.000000,0.000000,0.000000,,0.000000,0.000000
myrish_recruit,Myrish Recruit,0,34.000000,9.200000,0.000000,0.000000,false,false,0.000000,0.000000,0.000000,0.000000,0.000000,0.000000,,0.000000,0.000000
myrish_soldier,Myrish Soldier,0,72.000000,23.600000,240.000000,1.000000,true,false,0.000000,0.000000,0.000000,0.000000,0.000000,0.000000,,1.000000,0.000000
myrish_warrior,Myrish Warrior,0,150.000000,43.500000,450.000000,1.000000,true,false,0.000000,0.000000,0.000000,0.000000,0.000000,0.000000,,1.000000,0.000000
nightswatch_crossbowman,Night's Watch Crossbowman,0,78.000000,20.600000,0.000000,0.000000,false,false,0.000000,0.000000,0.000000,0.000000,0.000000,0.000000,,0.000000,0.000000
nightswatch_defender,Night's Watch Defender,0,115.000000,30.250000,225.000000,1.000000,true,false,0.000000,0.000000,0.000000,0.000000,0.000000,0.000000,,1.000000,0.000000
nightswatch_elite_crossbowman,Night's Watch Elite Crossbowman,0,99.000000,21.650000,0.000000,0.000000,false,false,0.000000,0.000000,0.000000,0.000000,0.000000,0.000000,,0.000000,0.000000
nightswatch_elite_ranger,Night's Watch Elite Ranger,0,133.000000,34.550000,0.000000,0.000000,false,false,0.000000,0.000000,0.000000,0.000000,0.000000,0.000000,,0.000000,0.000000
nightswatch_horseman,Night's Watch Horseman,0,153.000000,47.750000,225.000000,1.000000,true,true,77.000000,50.000000,42.000000,56.000000,10.000000,10.000000,battania_horse_tournament,1.000000,1.000000
nightswatch_master_crossbowman,Night's Watch Master Crossbowman,0,104.000000,26.400000,0.000000,0.000000,false,false,0.000000,0.000000,0.000000,0.000000,0.000000,0.000000,,0.000000,0.000000
nightswatch_master_ranger,Night's Watch Master Ranger,0,163.000000,49.250000,0.000000,0.000000,false,false,0.000000,0.000000,0.000000,0.000000,0.000000,0.000000,,0.000000,0.000000
nightswatch_militia_archer,Night's Watch Militia Archer,0,69.000000,17.450000,0.000000,0.000000,false,false,0.000000,0.000000,0.000000,0.000000,0.000000,0.000000,,0.000000,0.000000
nightswatch_militia_archer,Night's Watch Militia Archer,1,69.000000,17.450000,0.000000,0.000000,false,false,0.000000,0.000000,0.000000,0.000000,0.000000,0.000000,,0.000000,0.000000
nightswatch_militia_archer,Night's Watch Militia Archer,2,69.000000,17.450000,0.000000,0.000000,false,false,0.000000,0.000000,0.000000,0.000000,0.000000,0.000000,,0.000000,0.000000
nightswatch_militia_archer,Night's Watch Militia Archer,3,69.000000,17.450000,0.000000,0.000000,false,false,0.000000,0.000000,0.000000,0.000000,0.000000,0.000000,,0.000000,0.000000
nightswatch_militia_spearman,Night's Watch Militia Spearman,0,83.000000,25.350000,200.000000,1.000000,true,false,0.000000,0.000000,0.000000,0.000000,0.000000,0.000000,,1.000000,0.000000
nightswatch_militia_spearman,Night's Watch Militia Spearman,1,83.000000,25.350000,200.000000,1.000000,true,false,0.000000,0.000000,0.000000,0.000000,0.000000,0.000000,,1.000000,0.000000
nightswatch_militia_spearman,Night's Watch Militia Spearman,2,83.000000,25.350000,200.000000,1.000000,true,false,0.000000,0.000000,0.000000,0.000000,0.000000,0.000000,,1.000000,0.000000
nightswatch_militia_spearman,Night's Watch Militia Spearman,3,83.000000,25.350000,200.000000,1.000000,true,false,0.000000,0.000000,0.000000,0.000000,0.000000,0.000000,,1.000000,0.000000
nightswatch_militia_veteran_archer,Night's Watch Militia Veteran Archer,0,78.000000,20.600000,0.000000,0.000000,false,false,0.000000,0.000000,0.000000,0.000000,0.000000,0.000000,,0.000000,0.000000
nightswatch_militia_veteran_archer,Night's Watch Militia Veteran Archer,1,78.000000,20.600000,0.000000,0.000000,false,false,0.000000,0.000000,0.000000,0.000000,0.000000,0.000000,,0.000000,0.000000
nightswatch_militia_veteran_archer,Night's Watch Militia Veteran Archer,2,78.000000,20.600000,0.000000,0.000000,false,false,0.000000,0.000000,0.000000,0.000000,0.000000,0.000000,,0.000000,0.000000
nightswatch_militia_veteran_archer,Night's Watch Militia Veteran Archer,3,78.000000,20.600000,0.000000,0.000000,false,false,0.000000,0.000000,0.000000,0.000000,0.000000,0.000000,,0.000000,0.000000
nightswatch_militia_veteran_spearman,Night's Watch Militia Veteran Spearman,0,83.000000,25.350000,305.000000,1.000000,true,false,0.000000,0.000000,0.000000,0.000000,0.000000,0.000000,,1.000000,0.000000
nightswatch_militia_veteran_spearman,Night's Watch Militia Veteran Spearman,1,83.000000,25.350000,305.000000,1.000000,true,false,0.000000,0.000000,0.000000,0.000000,0.000000,0.000000,,1.000000,0.000000
nightswatch_militia_veteran_spearman,Night's Watch Militia Veteran Spearman,2,82.500000,25.175000,305.000000,1.000000,true,false,0.000000,0.000000,0.000000,0.000000,0.000000,0.000000,,1.000000,0.000000
nightswatch_militia_veteran_spearman,Night's Watch Militia Veteran Spearman,3,83.000000,25.350000,305.000000,1.000000,true,false,0.000000,0.000000,0.000000,0.000000,0.000000,0.000000,,1.000000,0.000000
nightswatch_protector,Night's Watch Protector of the Realm,0,165.000000,50.350000,0.000000,0.000000,false,false,0.000000,0.000000,0.000000,0.000000,0.000000,0.000000,,0.000000,0.000000
nightswatch_ranger,Night's Watch Ranger,0,133.000000,34.550000,0.000000,0.000000,false,false,0.000000,0.000000,0.000000,0.000000,0.000000,0.000000,,0.000000,0.000000
nightswatch_ranger_recruit,Night's Watch Ranger Recruit,0,46.000000,12.500000,0.000000,0.000000,false,false,0.000000,0.000000,0.000000,0.000000,0.000000,0.000000,,0.000000,0.000000
nightswatch_recruit,Night's Watch Recruit,0,37.000000,9.350000,0.000000,0.000000,false,false,0.000000,0.000000,0.000000,0.000000,0.000000,0.000000,,0.000000,0.000000
nightswatch_shieldbrother,Night's Watch Shieldbrother,0,104.000000,26.400000,305.000000,1.000000,true,false,0.000000,0.000000,0.000000,0.000000,0.000000,0.000000,,1.000000,0.000000
nightswatch_soldier,Night's Watch Soldier,0,69.000000,17.450000,0.000000,0.000000,false,false,0.000000,0.000000,0.000000,0.000000,0.000000,0.000000,,0.000000,0.000000
nightswatch_stalwart,Night's Watch Stalwart,0,153.000000,47.750000,225.000000,1.000000,true,false,0.000000,0.000000,0.000000,0.000000,0.000000,0.000000,,1.000000,0.000000
norvos_acolyte,Norvoshi Acolyte,0,117.000000,35.950000,0.000000,0.000000,false,false,0.000000,0.000000,0.000000,0.000000,0.000000,0.000000,,0.000000,0.000000
norvos_archer,Norvoshi Archer,0,70.000000,19.300000,0.000000,0.000000,false,false,0.000000,0.000000,0.000000,0.000000,0.000000,0.000000,,0.000000,0.000000
norvos_axeman,Norvoshi Axeman,0,133.000000,36.150000,107.500000,0.500000,true,false,0.000000,0.000000,0.000000,0.000000,0.000000,0.000000,,0.500000,0.000000
norvos_bearded_priest,Norvoshi Bearded Priest,0,156.000000,43.300000,250.000000,1.000000,true,false,0.000000,0.000000,0.000000,0.000000,0.000000,0.000000,,1.000000,0.000000
norvos_bowman,Norvoshi Bowman,0,60.000000,17.000000,0.000000,0.000000,false,false,0.000000,0.000000,0.000000,0.000000,0.000000,0.000000,,0.000000,0.000000
norvos_cavalry,Norvoshi Cavalry,0,154.000000,43.700000,215.000000,1.000000,true,true,35.000000,0.000000,54.000000,67.000000,16.000000,16.000000,khuzait_horse,1.000000,1.000000
norvos_elite_archer,Norvoshi Elite Archer,0,109.000000,33.750000,0.000000,0.000000,false,false,0.000000,0.000000,0.000000,0.000000,0.000000,0.000000,,0.000000,0.000000
norvos_footman,Norvoshi Footman,0,66.000000,19.100000,215.000000,1.000000,true,false,0.000000,0.000000,0.000000,0.000000,0.000000,0.000000,,1.000000,0.000000
norvos_horseman,Norvoshi Horseman,0,129.000000,34.750000,0.000000,0.000000,false,true,35.000000,0.000000,54.000000,67.000000,16.000000,16.000000,khuzait_horse,0.000000,1.000000
norvos_initiate,Norvoshi Initiate,0,41.000000,9.550000,0.000000,0.000000,false,false,0.000000,0.000000,0.000000,0.000000,0.000000,0.000000,,0.000000,0.000000
norvos_master_archer,Norvoshi Master Archer,0,129.000000,34.750000,0.000000,0.000000,false,false,0.000000,0.000000,0.000000,0.000000,0.000000,0.000000,,0.000000,0.000000
norvos_master_axeman,Norvoshi Master Axeman,0,154.000000,43.700000,250.000000,1.000000,true,false,0.000000,0.000000,0.000000,0.000000,0.000000,0.000000,,1.000000,0.000000
norvos_militia_archer,Norvoshi Militia Archer,0,60.000000,17.000000,0.000000,0.000000,false,false,0.000000,0.000000,0.000000,0.000000,0.000000,0.000000,,0.000000,0.000000
norvos_militia_archer,Norvoshi Militia Archer,1,60.000000,17.000000,0.000000,0.000000,false,false,0.000000,0.000000,0.000000,0.000000,0.000000,0.000000,,0.000000,0.000000
norvos_militia_spearman,Norvoshi Militia Spearman,0,69.000000,20.150000,220.000000,1.000000,true,false,0.000000,0.000000,0.000000,0.000000,0.000000,0.000000,,1.000000,0.000000
norvos_militia_spearman,Norvoshi Militia Spearman,1,69.000000,20.150000,220.000000,1.000000,true,false,0.000000,0.000000,0.000000,0.000000,0.000000,0.000000,,1.000000,0.000000
norvos_militia_veteran_archer,Norvoshi Militia Veteran Archer,0,69.000000,20.150000,0.000000,0.000000,false,false,0.000000,0.000000,0.000000,0.000000,0.000000,0.000000,,0.000000,0.000000
norvos_militia_veteran_archer,Norvoshi Militia Veteran Archer,1,69.000000,20.150000,0.000000,0.000000,false,false,0.000000,0.000000,0.000000,0.000000,0.000000,0.000000,,0.000000,0.000000
norvos_militia_veteran_spearman,Norvoshi Militia Veteran Spearman,0,130.000000,38.500000,360.000000,9.000000,true,false,0.000000,0.000000,0.000000,0.000000,0.000000,0.000000,,1.000000,0.000000
norvos_militia_veteran_spearman,Norvoshi Militia Veteran Spearman,1,130.000000,38.500000,360.000000,9.000000,true,false,0.000000,0.000000,0.000000,0.000000,0.000000,0.000000,,1.000000,0.000000
norvos_pikeman,Norvoshi Pikeman,0,154.000000,43.700000,250.000000,1.000000,true,false,0.000000,0.000000,0.000000,0.000000,0.000000,0.000000,,1.000000,0.000000
norvos_priestguard,Norvoshi Priest Guard,0,154.000000,43.700000,250.000000,1.000000,true,true,65.000000,40.000000,59.000000,69.000000,19.000000,19.000000,t2_khuzait_horse,1.000000,1.000000
norvos_recruit,Norvoshi Recruit,0,37.000000,9.350000,0.000000,0.000000,false,false,0.000000,0.000000,0.000000,0.000000,0.000000,0.000000,,0.000000,0.000000
norvos_soldier,Norvoshi Soldier,0,107.000000,33.050000,215.000000,1.000000,true,false,0.000000,0.000000,0.000000,0.000000,0.000000,0.000000,,1.000000,0.000000
norvos_spearman,Norvoshi Spearman,0,133.000000,36.150000,125.000000,0.500000,true,false,0.000000,0.000000,0.000000,0.000000,0.000000,0.000000,,0.500000,0.000000
oldtown_guardian,Guardian of Oldtown,0,195.000000,59.050000,350.000000,1.000000,true,false,0.000000,0.000000,0.000000,0.000000,0.000000,0.000000,,1.000000,0.000000
pentoshi_archer,Pentoshi Archer,0,123.000000,41.850000,0.000000,0.000000,false,false,0.000000,0.000000,0.000000,0.000000,0.000000,0.000000,,0.000000,0.000000
pentoshi_cavalry,Pentoshi Cavalry,0,171.000000,52.250000,400.000000,9.000000,true,true,65.000000,40.000000,59.000000,69.000000,19.000000,19.000000,t2_khuzait_horse,1.000000,1.000000
pentoshi_elite_archer,Pentoshi Elite Archer,0,143.000000,42.850000,0.000000,0.000000,false,false,0.000000,0.000000,0.000000,0.000000,0.000000,0.000000,,0.000000,0.000000
pentoshi_footman,Pentoshi Footman,0,76.000000,23.000000,360.000000,9.000000,true,false,0.000000,0.000000,0.000000,0.000000,0.000000,0.000000,,1.000000,0.000000
pentoshi_horseman,Pentoshi Horseman,0,143.000000,42.850000,360.000000,9.000000,true,true,35.000000,0.000000,54.000000,67.000000,16.000000,16.000000,khuzait_horse,1.000000,1.000000
pentoshi_lancer,Pentoshi Lancer,0,191.000000,57.750000,400.000000,9.000000,true,true,58.000000,40.000000,59.000000,69.000000,19.000000,19.000000,t2_khuzait_horse,1.000000,1.000000
pentoshi_man_at_arms,Pentoshi Man at Arms,0,143.000000,42.850000,360.000000,9.000000,true,false,0.000000,0.000000,0.000000,0.000000,0.000000,0.000000,,1.000000,0.000000
pentoshi_militia_archer,Pentoshi Militia Archer,0,60.000000,17.000000,0.000000,0.000000,false,false,0.000000,0.000000,0.000000,0.000000,0.000000,0.000000,,0.000000,0.000000
pentoshi_militia_archer,Pentoshi Militia Archer,1,60.000000,17.000000,0.000000,0.000000,false,false,0.000000,0.000000,0.000000,0.000000,0.000000,0.000000,,0.000000,0.000000
pentoshi_militia_spearman,Pentoshi Militia Spearman,0,69.000000,20.150000,220.000000,1.000000,true,false,0.000000,0.000000,0.000000,0.000000,0.000000,0.000000,,1.000000,0.000000
pentoshi_militia_spearman,Pentoshi Militia Spearman,1,69.000000,20.150000,220.000000,1.000000,true,false,0.000000,0.000000,0.000000,0.000000,0.000000,0.000000,,1.000000,0.000000
pentoshi_militia_veteran_archer,Pentoshi Militia Veteran Archer,0,69.000000,20.150000,0.000000,0.000000,false,false,0.000000,0.000000,0.000000,0.000000,0.000000,0.000000,,0.000000,0.000000
pentoshi_militia_veteran_archer,Pentoshi Militia Veteran Archer,1,69.000000,20.150000,0.000000,0.000000,false,false,0.000000,0.000000,0.000000,0.000000,0.000000,0.000000,,0.000000,0.000000
pentoshi_militia_veteran_spearman,Pentoshi Militia Veteran Spearman,0,143.000000,40.850000,400.000000,9.000000,true,false,0.000000,0.000000,0.000000,0.000000,0.000000,0.000000,,1.000000,0.000000
pentoshi_militia_veteran_spearman,Pentoshi Militia Veteran Spearman,1,143.000000,40.850000,400.000000,9.000000,true,false,0.000000,0.000000,0.000000,0.000000,0.000000,0.000000,,1.000000,0.000000
pentoshi_mounted_archer,Pentoshi Mounted Archer,0,143.000000,42.850000,0.000000,0.000000,false,true,35.000000,0.000000,54.000000,67.000000,16.000000,16.000000,khuzait_horse,0.000000,1.000000
pentoshi_noble_recruit,Pentoshi Noble Youth,0,41.000000,9.550000,0.000000,0.000000,false,false,0.000000,0.000000,0.000000,0.000000,0.000000,0.000000,,0.000000,0.000000
pentoshi_pike_warrior,Pentoshi Pike Warrior,0,175.000000,52.450000,360.000000,9.000000,true,false,0.000000,0.000000,0.000000,0.000000,0.000000,0.000000,,1.000000,0.000000
pentoshi_pikeman,Pentoshi Pikeman,0,151.000000,43.250000,0.000000,0.000000,false,false,0.000000,0.000000,0.000000,0.000000,0.000000,0.000000,,0.000000,0.000000
pentoshi_recruit,Pentoshi Recruit,0,37.000000,9.350000,0.000000,0.000000,false,false,0.000000,0.000000,0.000000,0.000000,0.000000,0.000000,,0.000000,0.000000
pentoshi_soldier,Pentoshi Soldier,0,123.000000,41.850000,360.000000,9.000000,true,false,0.000000,0.000000,0.000000,0.000000,0.000000,0.000000,,1.000000,0.000000
pentoshi_spearman,Pentoshi Spearman,0,167.000000,52.050000,400.000000,9.000000,true,false,0.000000,0.000000,0.000000,0.000000,0.000000,0.000000,,1.000000,0.000000
qartheen_archer,Qartheen Archer,0,114.000000,35.800000,0.000000,0.000000,false,false,0.000000,0.000000,0.000000,0.000000,0.000000,0.000000,,0.000000,0.000000
qartheen_bowman,Qartheen Bowman,0,16.000000,2.800000,0.000000,0.000000,false,false,0.000000,0.000000,0.000000,0.000000,0.000000,0.000000,,0.000000,0.000000
qartheen_camel_rider,Qartheen Camel Rider,0,122.000000,36.200000,360.000000,9.000000,true,true,10.000000,25.000000,44.000000,60.000000,20.000000,20.000000,camel,1.000000,1.000000
qartheen_cameleer,Qartheen Cameleer,0,134.000000,36.800000,360.000000,9.000000,true,true,10.000000,25.000000,44.000000,60.000000,20.000000,20.000000,camel,1.000000,1.000000
qartheen_champion,Qartheen Pureborn Champion,0,187.000000,53.250000,360.000000,9.000000,true,false,0.000000,0.000000,0.000000,0.000000,0.000000,0.000000,,1.000000,0.000000
qartheen_elite_archer,Qarthene Veteran Archer,0,122.000000,36.200000,0.000000,0.000000,false,false,0.000000,0.000000,0.000000,0.000000,0.000000,0.000000,,0.000000,0.000000
qartheen_elite_hoplite,Qartheen Elite Hoplite,0,166.000000,45.900000,360.000000,9.000000,true,false,0.000000,0.000000,0.000000,0.000000,0.000000,0.000000,,1.000000,0.000000
qartheen_footman,Qartheen Footman,0,22.000000,4.900000,0.000000,0.000000,false,false,0.000000,0.000000,0.000000,0.000000,0.000000,0.000000,,0.000000,0.000000
qartheen_hoplite,Qartheen Hoplite,0,154.000000,43.800000,360.000000,9.000000,true,false,0.000000,0.000000,0.000000,0.000000,0.000000,0.000000,,1.000000,0.000000
qartheen_longbowman,Qartheen Longbowman,0,142.000000,43.200000,0.000000,0.000000,false,false,0.000000,0.000000,0.000000,0.000000,0.000000,0.000000,,0.000000,0.000000
qartheen_master_cameleer,Qartheen Master Cameleer,0,161.000000,44.150000,360.000000,9.000000,true,true,10.000000,90.000000,48.000000,69.000000,28.000000,28.000000,special_camel,1.000000,1.000000
qartheen_militia_archer,Qartheen Militia Archer,0,12.000000,2.600000,0.000000,0.000000,false,false,0.000000,0.000000,0.000000,0.000000,0.000000,0.000000,,0.000000,0.000000
qartheen_militia_archer,Qartheen Militia Archer,1,12.000000,2.600000,0.000000,0.000000,false,false,0.000000,0.000000,0.000000,0.000000,0.000000,0.000000,,0.000000,0.000000
qartheen_militia_archer,Qartheen Militia Archer,2,12.000000,2.900000,0.000000,0.000000,false,false,0.000000,0.000000,0.000000,0.000000,0.000000,0.000000,,0.000000,0.000000
qartheen_militia_archer,Qartheen Militia Archer,3,12.000000,2.900000,0.000000,0.000000,false,false,0.000000,0.000000,0.000000,0.000000,0.000000,0.000000,,0.000000,0.000000
qartheen_militia_spearman,Qartheen Militia Spearman,0,14.000000,3.200000,305.000000,1.000000,true,false,0.000000,0.000000,0.000000,0.000000,0.000000,0.000000,,1.000000,0.000000
qartheen_militia_spearman,Qartheen Militia Spearman,1,18.000000,4.200000,305.000000,1.000000,true,false,0.000000,0.000000,0.000000,0.000000,0.000000,0.000000,,1.000000,0.000000
qartheen_militia_spearman,Qartheen Militia Spearman,2,20.000000,4.900000,305.000000,1.000000,true,false,0.000000,0.000000,0.000000,0.000000,0.000000,0.000000,,1.000000,0.000000
qartheen_militia_spearman,Qartheen Militia Spearman,3,18.000000,4.700000,305.000000,1.000000,true,false,0.000000,0.000000,0.000000,0.000000,0.000000,0.000000,,1.000000,0.000000
qartheen_militia_veteran_archer,Qartheen Militia Veteran Archer,0,51.000000,16.250000,0.000000,0.000000,false,false,0.000000,0.000000,0.000000,0.000000,0.000000,0.000000,,0.000000,0.000000
qartheen_militia_veteran_archer,Qartheen Militia Veteran Archer,1,51.000000,16.050000,0.000000,0.000000,false,false,0.000000,0.000000,0.000000,0.000000,0.000000,0.000000,,0.000000,0.000000
qartheen_militia_veteran_archer,Qartheen Militia Veteran Archer,2,32.000000,9.400000,0.000000,0.000000,false,false,0.000000,0.000000,0.000000,0.000000,0.000000,0.000000,,0.000000,0.000000
qartheen_militia_veteran_archer,Qartheen Militia Veteran Archer,3,40.000000,12.300000,0.000000,0.000000,false,false,0.000000,0.000000,0.000000,0.000000,0.000000,0.000000,,0.000000,0.000000
qartheen_militia_veteran_spearman,Qartheen Militia Veteran Spearman,0,57.000000,16.850000,500.000000,1.000000,true,false,0.000000,0.000000,0.000000,0.000000,0.000000,0.000000,,1.000000,0.000000
qartheen_militia_veteran_spearman,Qartheen Militia Veteran Spearman,1,51.000000,14.750000,500.000000,1.000000,true,false,0.000000,0.000000,0.000000,0.000000,0.000000,0.000000,,1.000000,0.000000
qartheen_militia_veteran_spearman,Qartheen Militia Veteran Spearman,2,45.000000,12.650000,500.000000,1.000000,true,false,0.000000,0.000000,0.000000,0.000000,0.000000,0.000000,,1.000000,0.000000
qartheen_militia_veteran_spearman,Qartheen Militia Veteran Spearman,3,51.000000,14.750000,500.000000,1.000000,true,false,0.000000,0.000000,0.000000,0.000000,0.000000,0.000000,,1.000000,0.000000
qartheen_noble_recruit,Qartheen Pureborn Youth,0,22.000000,4.900000,0.000000,0.000000,false,false,0.000000,0.000000,0.000000,0.000000,0.000000,0.000000,,0.000000,0.000000
qartheen_pureborn,Qartheen Pureborn Fighter,0,107.000000,35.450000,360.000000,9.000000,true,false,0.000000,0.000000,0.000000,0.000000,0.000000,0.000000,,1.000000,0.000000
qartheen_pureborn_warrior,Qartheen Pureborn Warrior,0,144.000000,40.300000,360.000000,9.000000,true,false,0.000000,0.000000,0.000000,0.000000,0.000000,0.000000,,1.000000,0.000000
qartheen_recruit,Qartheen Recruit,0,16.000000,2.800000,0.000000,0.000000,false,false,0.000000,0.000000,0.000000,0.000000,0.000000,0.000000,,0.000000,0.000000
qartheen_warrior,Qartheen Soldier,0,122.000000,36.200000,360.000000,9.000000,true,false,0.000000,0.000000,0.000000,0.000000,0.000000,0.000000,,1.000000,0.000000
qohorik_archer,Qohorik Archer,0,103.000000,30.250000,0.000000,0.000000,false,false,0.000000,0.000000,0.000000,0.000000,0.000000,0.000000,,0.000000,0.000000
qohorik_bowman,Qohorik Bowman,0,95.000000,29.850000,0.000000,0.000000,false,false,0.000000,0.000000,0.000000,0.000000,0.000000,0.000000,,0.000000,0.000000
qohorik_elite_archer,Qohorik Elite Archer,0,143.000000,41.250000,0.000000,0.000000,false,false,0.000000,0.000000,0.000000,0.000000,0.000000,0.000000,,0.000000,0.000000
qohorik_elite_spearman,Qohorik Elite Spearman,0,180.000000,53.600000,430.000000,9.000000,true,false,0.000000,0.000000,0.000000,0.000000,0.000000,0.000000,,1.000000,0.000000
qohorik_falxman,Qohorik Falxman,0,180.000000,53.600000,0.000000,0.000000,false,false,0.000000,0.000000,0.000000,0.000000,0.000000,0.000000,,0.000000,0.000000
qohorik_footman,Qohorik Footman,0,95.000000,29.850000,365.000000,1.000000,true,false,0.000000,0.000000,0.000000,0.000000,0.000000,0.000000,,1.000000,0.000000
qohorik_goat_devout,Black Goat Devout,0,183.000000,53.850000,430.000000,9.000000,true,false,0.000000,0.000000,0.000000,0.000000,0.000000,0.000000,,1.000000,0.000000
qohorik_goat_initiate,Black Goat Initiate,0,113.000000,35.750000,0.000000,0.000000,false,false,0.000000,0.000000,0.000000,0.000000,0.000000,0.000000,,0.000000,0.000000
qohorik_goat_sacrificer,Black Goat Sacrificer,0,183.000000,53.850000,430.000000,9.000000,true,true,65.000000,40.000000,59.000000,69.000000,19.000000,19.000000,t2_khuzait_horse,1.000000,1.000000
qohorik_goat_warrior,Black Goat Warrior,0,149.000000,41.550000,430.000000,9.000000,true,false,0.000000,0.000000,0.000000,0.000000,0.000000,0.000000,,1.000000,0.000000
qohorik_horseman,Qohorik Horseman,0,149.000000,43.550000,380.000000,9.000000,true,true,35.000000,0.000000,54.000000,67.000000,16.000000,16.000000,khuzait_horse,1.000000,1.000000
qohorik_lancer,Qohorik Lancer,0,180.000000,53.600000,430.000000,9.000000,true,true,65.000000,40.000000,59.000000,69.000000,19.000000,19.000000,t2_khuzait_horse,1.000000,1.000000
qohorik_militia_archer,Qohorik Militia Archer,0,58.000000,16.900000,0.000000,0.000000,false,false,0.000000,0.000000,0.000000,0.000000,0.000000,0.000000,,0.000000,0.000000
qohorik_militia_archer,Qohorik Militia Archer,1,58.000000,16.900000,0.000000,0.000000,false,false,0.000000,0.000000,0.000000,0.000000,0.000000,0.000000,,0.000000,0.000000
qohorik_militia_spearman,Qohorik Militia Spearman,0,67.000000,20.050000,220.000000,1.000000,true,false,0.000000,0.000000,0.000000,0.000000,0.000000,0.000000,,1.000000,0.000000
qohorik_militia_spearman,Qohorik Militia Spearman,1,67.000000,20.050000,220.000000,1.000000,true,false,0.000000,0.000000,0.000000,0.000000,0.000000,0.000000,,1.000000,0.000000
qohorik_militia_veteran_archer,Qohorik Militia Veteran Archer,0,67.000000,20.050000,0.000000,0.000000,false,false,0.000000,0.000000,0.000000,0.000000,0.000000,0.000000,,0.000000,0.000000
qohorik_militia_veteran_archer,Qohorik Militia Veteran Archer,1,67.000000,20.050000,0.000000,0.000000,false,false,0.000000,0.000000,0.000000,0.000000,0.000000,0.000000,,0.000000,0.000000
qohorik_militia_veteran_spearman,Qohorik Militia Veteran Spearman,0,142.000000,40.700000,360.000000,9.000000,true,false,0.000000,0.000000,0.000000,0.000000,0.000000,0.000000,,1.000000,0.000000
qohorik_militia_veteran_spearman,Qohorik Militia Veteran Spearman,1,142.000000,40.700000,360.000000,9.000000,true,false,0.000000,0.000000,0.000000,0.000000,0.000000,0.000000,,1.000000,0.000000
qohorik_noble_recruit,Qohorik Noble Youth,0,41.000000,9.550000,0.000000,0.000000,false,false,0.000000,0.000000,0.000000,0.000000,0.000000,0.000000,,0.000000,0.000000
qohorik_recruit,Qohorik Recruit,0,37.000000,9.350000,0.000000,0.000000,false,false,0.000000,0.000000,0.000000,0.000000,0.000000,0.000000,,0.000000,0.000000
qohorik_rider,Qohorik Rider,0,123.000000,31.250000,380.000000,9.000000,true,true,35.000000,0.000000,54.000000,67.000000,16.000000,16.000000,khuzait_horse,1.000000,1.000000
qohorik_soldier,Qohorik Soldier,0,123.000000,31.250000,380.000000,9.000000,true,false,0.000000,0.000000,0.000000,0.000000,0.000000,0.000000,,1.000000,0.000000
qohorik_spearman,Qohorik Spearman,0,149.000000,43.550000,380.000000,9.000000,true,false,0.000000,0.000000,0.000000,0.000000,0.000000,0.000000,,1.000000,0.000000
qohorik_swordsman,Qohorik Swordsman,0,176.000000,53.400000,380.000000,9.000000,true,false,0.000000,0.000000,0.000000,0.000000,0.000000,0.000000,,1.000000,0.000000
queensguard_captain,Captain of the Queen's Guard,0,204.000000,60.200000,400.000000,7.000000,true,true,75.000000,40.000000,58.000000,58.000000,30.000000,30.000000,t2_vlandia_horse,1.000000,1.000000
ravens_teeth,Ravens' Teeth,0,178.000000,55.400000,0.000000,0.000000,false,false,0.000000,0.000000,0.000000,0.000000,0.000000,0.000000,,0.000000,0.000000
reach_archer,Reach Archer,0,65.000000,20.550000,0.000000,0.000000,false,false,0.000000,0.000000,0.000000,0.000000,0.000000,0.000000,,0.000000,0.000000
reach_axeman,Reach Axeman,0,156.000000,44.400000,0.000000,0.000000,false,false,0.000000,0.000000,0.000000,0.000000,0.000000,0.000000,,0.000000,0.000000
reach_bowman,Reach Bowman,0,54.000000,16.700000,0.000000,0.000000,false,false,0.000000,0.000000,0.000000,0.000000,0.000000,0.000000,,0.000000,0.000000
reach_champion,Reach Champion,0,188.000000,57.200000,500.000000,1.000000,true,false,0.000000,0.000000,0.000000,0.000000,0.000000,0.000000,,1.000000,0.000000
reach_elite_archer,Reach Elite Archer,0,84.000000,27.200000,0.000000,0.000000,false,false,0.000000,0.000000,0.000000,0.000000,0.000000,0.000000,,0.000000,0.000000
reach_flower_knight,Reach Flower Knight,0,188.000000,57.200000,500.000000,1.000000,true,true,75.000000,20.000000,54.000000,60.000000,26.000000,26.000000,t2_empire_horse,1.000000,1.000000
reach_hacker,Reach Man at Arms,0,136.000000,36.400000,370.000000,1.000000,true,false,0.000000,0.000000,0.000000,0.000000,0.000000,0.000000,,1.000000,0.000000
reach_hedge_knight,Reach Hedge Knight,0,167.000000,48.650000,500.000000,1.000000,true,false,0.000000,0.000000,0.000000,0.000000,0.000000,0.000000,,1.000000,0.000000
reach_hookman,Reach Voulgier,0,84.000000,27.200000,0.000000,0.000000,false,false,0.000000,0.000000,0.000000,0.000000,0.000000,0.000000,,0.000000,0.000000
reach_houseguard,Reach House Guard,0,156.000000,44.400000,370.000000,1.000000,true,false,0.000000,0.000000,0.000000,0.000000,0.000000,0.000000,,1.000000,0.000000
reach_knight,Reach Horseman,0,156.000000,44.400000,350.000000,1.000000,true,true,75.000000,20.000000,54.000000,60.000000,26.000000,26.000000,t2_empire_horse,1.000000,1.000000
reach_levy,Reach Levy,0,65.000000,20.550000,0.000000,0.000000,false,false,0.000000,0.000000,0.000000,0.000000,0.000000,0.000000,,0.000000,0.000000
reach_master_archer,Reach Master Archer,0,129.000000,33.950000,0.000000,0.000000,false,false,0.000000,0.000000,0.000000,0.000000,0.000000,0.000000,,0.000000,0.000000
reach_militia_archer,Reach Militia Archer,0,60.000000,17.000000,0.000000,0.000000,false,false,0.000000,0.000000,0.000000,0.000000,0.000000,0.000000,,0.000000,0.000000
reach_militia_archer,Reach Militia Archer,1,60.000000,17.000000,0.000000,0.000000,false,false,0.000000,0.000000,0.000000,0.000000,0.000000,0.000000,,0.000000,0.000000
reach_militia_archer,Reach Militia Archer,2,60.000000,17.000000,0.000000,0.000000,false,false,0.000000,0.000000,0.000000,0.000000,0.000000,0.000000,,0.000000,0.000000
reach_militia_archer,Reach Militia Archer,3,60.000000,17.000000,0.000000,0.000000,false,false,0.000000,0.000000,0.000000,0.000000,0.000000,0.000000,,0.000000,0.000000
reach_militia_spearman,Reach Militia Spearman,0,69.000000,20.150000,200.000000,1.000000,true,false,0.000000,0.000000,0.000000,0.000000,0.000000,0.000000,,1.000000,0.000000
reach_militia_spearman,Reach Militia Spearman,1,69.000000,20.150000,200.000000,1.000000,true,false,0.000000,0.000000,0.000000,0.000000,0.000000,0.000000,,1.000000,0.000000
reach_militia_spearman,Reach Militia Spearman,2,69.000000,20.150000,200.000000,1.000000,true,false,0.000000,0.000000,0.000000,0.000000,0.000000,0.000000,,1.000000,0.000000
reach_militia_spearman,Reach Militia Spearman,3,69.000000,20.150000,200.000000,1.000000,true,false,0.000000,0.000000,0.000000,0.000000,0.000000,0.000000,,1.000000,0.000000
reach_militia_veteran_archer,Reach Militia Veteran Archer,0,69.000000,20.150000,0.000000,0.000000,false,false,0.000000,0.000000,0.000000,0.000000,0.000000,0.000000,,0.000000,0.000000
reach_militia_veteran_archer,Reach Militia Veteran Archer,1,69.000000,20.150000,0.000000,0.000000,false,false,0.000000,0.000000,0.000000,0.000000,0.000000,0.000000,,0.000000,0.000000
reach_militia_veteran_archer,Reach Militia Veteran Archer,2,69.000000,20.150000,0.000000,0.000000,false,false,0.000000,0.000000,0.000000,0.000000,0.000000,0.000000,,0.000000,0.000000
reach_militia_veteran_archer,Reach Militia Veteran Archer,3,69.000000,20.150000,0.000000,0.000000,false,false,0.000000,0.000000,0.000000,0.000000,0.000000,0.000000,,0.000000,0.000000
reach_militia_veteran_spearman,Reach Militia Veteran Spearman,0,131.000000,38.650000,305.000000,1.000000,true,false,0.000000,0.000000,0.000000,0.000000,0.000000,0.000000,,1.000000,0.000000
reach_militia_veteran_spearman,Reach Militia Veteran Spearman,1,131.000000,38.650000,305.000000,1.000000,true,false,0.000000,0.000000,0.000000,0.000000,0.000000,0.000000,,1.000000,0.000000
reach_militia_veteran_spearman,Reach Militia Veteran Spearman,2,131.000000,38.650000,305.000000,1.000000,true,false,0.000000,0.000000,0.000000,0.000000,0.000000,0.000000,,1.000000,0.000000
reach_militia_veteran_spearman,Reach Militia Veteran Spearman,3,131.000000,38.650000,305.000000,1.000000,true,false,0.000000,0.000000,0.000000,0.000000,0.000000,0.000000,,1.000000,0.000000
reach_noble_recruit,Reach Noble's Son,0,48.000000,13.200000,0.000000,0.000000,false,false,0.000000,0.000000,0.000000,0.000000,0.000000,0.000000,,0.000000,0.000000
reach_recruit,Reach Recruit,0,37.000000,9.350000,0.000000,0.000000,false,false,0.000000,0.000000,0.000000,0.000000,0.000000,0.000000,,0.000000,0.000000
reach_rider,Reach Rider,0,129.000000,33.950000,280.000000,1.000000,true,true,35.000000,10.000000,53.000000,55.000000,20.000000,20.000000,empire_horse,1.000000,1.000000
reach_soldier,Reach Soldier,0,95.000000,32.250000,280.000000,1.000000,true,false,0.000000,0.000000,0.000000,0.000000,0.000000,0.000000,,1.000000,0.000000
realm_hedge_knight,Realm Hedge Knight,0,165.000000,48.250000,300.000000,10.000000,true,false,0.000000,0.000000,0.000000,0.000000,0.000000,0.000000,,1.000000,0.000000
realm_knight,Realm Knight,0,182.000000,57.600000,300.000000,10.000000,true,true,72.000000,10.000000,53.000000,61.000000,22.000000,22.000000,vlandia_horse,1.000000,1.000000
realm_paladin,Realm Paladin,0,194.000000,58.200000,370.000000,1.000000,true,true,72.000000,40.000000,58.000000,58.000000,30.000000,30.000000,t2_vlandia_horse,1.000000,1.000000
river_admiral,Riverlands Admiral,0,162.000000,44.700000,370.000000,1.000000,true,false,0.000000,0.000000,0.000000,0.000000,0.000000,0.000000,,1.000000,0.000000
river_archer,Riverlands Archer,0,62.000000,19.500000,0.000000,0.000000,false,false,0.000000,0.000000,0.000000,0.000000,0.000000,0.000000,,0.000000,0.000000
river_axeman,Riverlands Axeman,0,162.000000,44.700000,0.000000,0.000000,false,false,0.000000,0.000000,0.000000,0.000000,0.000000,0.000000,,0.000000,0.000000
river_bowman,Riverlands Bowman,0,25.000000,6.750000,0.000000,0.000000,false,false,0.000000,0.000000,0.000000,0.000000,0.000000,0.000000,,0.000000,0.000000
river_calvary,Riverlands Cavalry,0,162.000000,44.700000,370.000000,1.000000,true,true,75.000000,70.000000,55.000000,66.000000,22.000000,22.000000,t2_battania_horse,1.000000,1.000000
river_elite_archer,Riverlands Elite Archer,0,62.000000,19.500000,0.000000,0.000000,false,false,0.000000,0.000000,0.000000,0.000000,0.000000,0.000000,,0.000000,0.000000
river_elite_swordsman,Riverlands Elite Swordsman,0,162.000000,44.700000,370.000000,1.000000,true,false,0.000000,0.000000,0.000000,0.000000,0.000000,0.000000,,1.000000,0.000000
river_footman,Riverlands Footman,0,62.000000,19.500000,205.000000,10.000000,true,false,0.000000,0.000000,0.000000,0.000000,0.000000,0.000000,,1.000000,0.000000
river_horseman,Riverlands Horseman,0,115.000000,33.550000,205.000000,10.000000,true,true,35.000000,10.000000,53.000000,61.000000,22.000000,22.000000,vlandia_horse,1.000000,1.000000
river_houseguard,Riverlands House Guard,0,162.000000,44.700000,205.000000,10.000000,true,false,0.000000,0.000000,0.000000,0.000000,0.000000,0.000000,,1.000000,0.000000
river_man_at_arms,Riverlands Man at Arms,0,135.000000,41.550000,205.000000,10.000000,true,false,0.000000,0.000000,0.000000,0.000000,0.000000,0.000000,,1.000000,0.000000
river_militia_archer,Riverlands Militia Archer,0,60.000000,17.000000,0.000000,0.000000,false,false,0.000000,0.000000,0.000000,0.000000,0.000000,0.000000,,0.000000,0.000000
river_militia_archer,Riverlands Militia Archer,1,60.000000,17.000000,0.000000,0.000000,false,false,0.000000,0.000000,0.000000,0.000000,0.000000,0.000000,,0.000000,0.000000
river_militia_archer,Riverlands Militia Archer,2,60.000000,17.000000,0.000000,0.000000,false,false,0.000000,0.000000,0.000000,0.000000,0.000000,0.000000,,0.000000,0.000000
river_militia_archer,Riverlands Militia Archer,3,60.000000,17.000000,0.000000,0.000000,false,false,0.000000,0.000000,0.000000,0.000000,0.000000,0.000000,,0.000000,0.000000
river_militia_spearman,Riverlands Militia Spearman,0,69.000000,20.150000,200.000000,1.000000,true,false,0.000000,0.000000,0.000000,0.000000,0.000000,0.000000,,1.000000,0.000000
river_militia_spearman,Riverlands Militia Spearman,1,69.000000,20.150000,200.000000,1.000000,true,false,0.000000,0.000000,0.000000,0.000000,0.000000,0.000000,,1.000000,0.000000
river_militia_spearman,Riverlands Militia Spearman,2,69.000000,20.150000,200.000000,1.000000,true,false,0.000000,0.000000,0.000000,0.000000,0.000000,0.000000,,1.000000,0.000000
river_militia_spearman,Riverlands Militia Spearman,3,69.000000,20.150000,200.000000,1.000000,true,false,0.000000,0.000000,0.000000,0.000000,0.000000,0.000000,,1.000000,0.000000
river_militia_veteran_archer,Riverlands Militia Veteran Archer,0,69.000000,20.150000,0.000000,0.000000,false,false,0.000000,0.000000,0.000000,0.000000,0.000000,0.000000,,0.000000,0.000000
river_militia_veteran_archer,Riverlands Militia Veteran Archer,1,69.000000,20.150000,0.000000,0.000000,false,false,0.000000,0.000000,0.000000,0.000000,0.000000,0.000000,,0.000000,0.000000
river_militia_veteran_archer,Riverlands Militia Veteran Archer,2,69.000000,20.150000,0.000000,0.000000,false,false,0.000000,0.000000,0.000000,0.000000,0.000000,0.000000,,0.000000,0.000000
river_militia_veteran_archer,Riverlands Militia Veteran Archer,3,69.000000,20.150000,0.000000,0.000000,false,false,0.000000,0.000000,0.000000,0.000000,0.000000,0.000000,,0.000000,0.000000
river_militia_veteran_spearman,Riverlands Militia Veteran Spearman,0,130.000000,38.300000,305.000000,1.000000,true,false,0.000000,0.000000,0.000000,0.000000,0.000000,0.000000,,1.000000,0.000000
river_militia_veteran_spearman,Riverlands Militia Veteran Spearman,1,130.000000,38.300000,305.000000,1.000000,true,false,0.000000,0.000000,0.000000,0.000000,0.000000,0.000000,,1.000000,0.000000
river_militia_veteran_spearman,Riverlands Militia Veteran Spearman,2,130.000000,38.300000,305.000000,1.000000,true,false,0.000000,0.000000,0.000000,0.000000,0.000000,0.000000,,1.000000,0.000000
river_militia_veteran_spearman,Riverlands Militia Veteran Spearman,3,130.000000,38.300000,305.000000,1.000000,true,false,0.000000,0.000000,0.000000,0.000000,0.000000,0.000000,,1.000000,0.000000
river_noble_recruit,Riverlord's Son,0,45.000000,12.150000,0.000000,0.000000,false,false,0.000000,0.000000,0.000000,0.000000,0.000000,0.000000,,0.000000,0.000000
river_pikeman,Riverlands Pikeman,0,162.000000,44.700000,370.000000,1.000000,true,false,0.000000,0.000000,0.000000,0.000000,0.000000,0.000000,,1.000000,0.000000
river_ranger,Riverlands Ranger,0,156.000000,42.600000,0.000000,0.000000,false,false,0.000000,0.000000,0.000000,0.000000,0.000000,0.000000,,0.000000,0.000000
river_recruit,Riverlands Recruit,0,37.000000,9.350000,0.000000,0.000000,false,false,0.000000,0.000000,0.000000,0.000000,0.000000,0.000000,,0.000000,0.000000
river_soldier,Riverlands Soldier,0,117.000000,34.250000,205.000000,10.000000,true,false,0.000000,0.000000,0.000000,0.000000,0.000000,0.000000,,1.000000,0.000000
river_swordmaster,Riverlands Swordmaster,0,162.000000,44.700000,370.000000,1.000000,true,false,0.000000,0.000000,0.000000,0.000000,0.000000,0.000000,,1.000000,0.000000
river_swordsman,Riverlands Swordsman,0,88.000000,24.400000,370.000000,1.000000,true,false,0.000000,0.000000,0.000000,0.000000,0.000000,0.000000,,1.000000,0.000000
riverrun_captain,Riverrun Captain,0,172.000000,52.200000,370.000000,1.000000,true,true,75.000000,60.000000,64.000000,68.000000,32.000000,32.000000,t3_vlandia_horse,1.000000,1.000000
royce_archer,Royce Archer,0,105.000000,30.050000,0.000000,0.000000,false,false,0.000000,0.000000,0.000000,0.000000,0.000000,0.000000,,0.000000,0.000000
royce_cavalrywomen,Royce Cavalrywomen,0,165.000000,46.050000,500.000000,9.000000,true,true,75.000000,40.000000,58.000000,58.000000,30.000000,30.000000,t2_vlandia_horse,1.000000,1.000000
royce_elite_warrior,Royce Elite Warrior,0,163.000000,45.950000,500.000000,9.000000,true,false,0.000000,0.000000,0.000000,0.000000,0.000000,0.000000,,1.000000,0.000000
royce_footman,Royce Footman,0,69.000000,17.450000,280.000000,8.000000,true,false,0.000000,0.000000,0.000000,0.000000,0.000000,0.000000,,1.000000,0.000000
royce_heroine,Royce Heroine,0,165.000000,46.050000,500.000000,9.000000,true,true,75.000000,90.000000,68.000000,71.000000,36.000000,36.000000,noble_horse_imperial,1.000000,1.000000
royce_recruit,Royce Recruit,0,37.000000,9.350000,0.000000,0.000000,false,false,0.000000,0.000000,0.000000,0.000000,0.000000,0.000000,,0.000000,0.000000
royce_rider,Royce Rider,0,141.000000,37.850000,260.000000,6.000000,true,true,18.000000,10.000000,53.000000,55.000000,20.000000,20.000000,empire_horse,1.000000,1.000000
royce_soldier,Royce Soldier,0,105.000000,30.050000,280.000000,8.000000,true,false,0.000000,0.000000,0.000000,0.000000,0.000000,0.000000,,1.000000,0.000000
royce_veteran_archer,Royce Veteran Archer,0,141.000000,37.850000,0.000000,0.000000,false,false,0.000000,0.000000,0.000000,0.000000,0.000000,0.000000,,0.000000,0.000000
royce_warrior,Royce Warrior,0,141.000000,37.850000,500.000000,9.000000,true,false,0.000000,0.000000,0.000000,0.000000,0.000000,0.000000,,1.000000,0.000000
sadistic_wight,Sadistic Wight,0,127.000000,31.850000,0.000000,0.000000,false,false,0.000000,0.000000,0.000000,0.000000,0.000000,0.000000,,0.000000,0.000000
sarnor_archer,Sarnori Archer,0,85.000000,27.550000,0.000000,0.000000,false,false,0.000000,0.000000,0.000000,0.000000,0.000000,0.000000,,0.000000,0.000000
sarnor_bowman,Sarnori Bowman,0,25.000000,3.750000,0.000000,0.000000,false,false,0.000000,0.000000,0.000000,0.000000,0.000000,0.000000,,0.000000,0.000000
sarnor_cavalry,Sarnori Cavalry,0,129.000000,37.250000,350.000000,1.000000,true,true,65.000000,0.000000,54.000000,67.000000,16.000000,16.000000,khuzait_horse,1.000000,1.000000
sarnor_elite_archer,Sarnori Elite Archer,0,88.000000,27.700000,0.000000,0.000000,false,false,0.000000,0.000000,0.000000,0.000000,0.000000,0.000000,,0.000000,0.000000
sarnor_elite_javelinier,Sarnori Elite Javelinier,0,135.000000,39.350000,0.000000,0.000000,false,false,0.000000,0.000000,0.000000,0.000000,0.000000,0.000000,,0.000000,0.000000
sarnor_footman,Sarnori Footman,0,49.000000,14.950000,350.000000,1.000000,true,false,0.000000,0.000000,0.000000,0.000000,0.000000,0.000000,,1.000000,0.000000
sarnor_glaiveman,Sarnori Glaiveman,0,129.000000,37.250000,350.000000,1.000000,true,false,0.000000,0.000000,0.000000,0.000000,0.000000,0.000000,,1.000000,0.000000
sarnor_highking_guardian,High King Guardian,0,155.000000,46.850000,350.000000,1.000000,true,true,65.000000,40.000000,59.000000,69.000000,19.000000,19.000000,t2_khuzait_horse,1.000000,1.000000
sarnor_horseman,Sarnori Horseman,0,108.000000,28.700000,0.000000,0.000000,false,true,35.000000,0.000000,54.000000,67.000000,16.000000,16.000000,khuzait_horse,0.000000,1.000000
sarnor_javelinier,Sarnori Javelineer,0,108.000000,28.700000,0.000000,0.000000,false,false,0.000000,0.000000,0.000000,0.000000,0.000000,0.000000,,0.000000,0.000000
sarnor_longbowman,Sarnori Longbowman,0,128.000000,36.200000,0.000000,0.000000,false,false,0.000000,0.000000,0.000000,0.000000,0.000000,0.000000,,0.000000,0.000000
sarnor_master_javelinier,Sarnori Master Javelinier,0,155.000000,46.850000,0.000000,0.000000,false,true,10.000000,0.000000,54.000000,67.000000,16.000000,16.000000,khuzait_horse,0.000000,1.000000
sarnor_master_spearman,Sarnori Master Spearman,0,149.000000,44.750000,350.000000,1.000000,true,false,0.000000,0.000000,0.000000,0.000000,0.000000,0.000000,,1.000000,0.000000
sarnor_militia_archer,Sarnori Militia Archer,0,49.000000,14.950000,0.000000,0.000000,false,false,0.000000,0.000000,0.000000,0.000000,0.000000,0.000000,,0.000000,0.000000
sarnor_militia_archer,Sarnori Militia Archer,1,49.000000,14.950000,0.000000,0.000000,false,false,0.000000,0.000000,0.000000,0.000000,0.000000,0.000000,,0.000000,0.000000
sarnor_militia_spearman,Sarnori Militia Spearman,0,58.000000,18.100000,220.000000,1.000000,true,false,0.000000,0.000000,0.000000,0.000000,0.000000,0.000000,,1.000000,0.000000
sarnor_militia_spearman,Sarnori Militia Spearman,1,58.000000,18.100000,220.000000,1.000000,true,false,0.000000,0.000000,0.000000,0.000000,0.000000,0.000000,,1.000000,0.000000
sarnor_militia_veteran_archer,Sarnori Militia Veteran Archer,0,58.000000,18.100000,0.000000,0.000000,false,false,0.000000,0.000000,0.000000,0.000000,0.000000,0.000000,,0.000000,0.000000
sarnor_militia_veteran_archer,Sarnori Militia Veteran Archer,1,58.000000,18.100000,0.000000,0.000000,false,false,0.000000,0.000000,0.000000,0.000000,0.000000,0.000000,,0.000000,0.000000
sarnor_militia_veteran_spearman,Sarnori Militia Veteran Spearman,0,125.000000,36.050000,350.000000,1.000000,true,false,0.000000,0.000000,0.000000,0.000000,0.000000,0.000000,,1.000000,0.000000
sarnor_militia_veteran_spearman,Sarnori Militia Veteran Spearman,1,125.000000,36.050000,350.000000,1.000000,true,false,0.000000,0.000000,0.000000,0.000000,0.000000,0.000000,,1.000000,0.000000
sarnor_noble_recruit,Sarnori Noble's Son,0,38.000000,9.400000,0.000000,0.000000,false,false,0.000000,0.000000,0.000000,0.000000,0.000000,0.000000,,0.000000,0.000000
sarnor_recruit,Sarnori Recruit,0,34.000000,9.200000,0.000000,0.000000,false,false,0.000000,0.000000,0.000000,0.000000,0.000000,0.000000,,0.000000,0.000000
sarnor_spearman,Sarnori Spearman,0,129.000000,37.250000,350.000000,1.000000,true,false,0.000000,0.000000,0.000000,0.000000,0.000000,0.000000,,1.000000,0.000000
sarnor_spider,Sarnori Spider,0,155.000000,46.850000,0.000000,0.000000,false,true,41.000000,40.000000,59.000000,69.000000,19.000000,19.000000,t2_khuzait_horse,0.000000,1.000000
sarnor_warrior,Sarnori Warrior,0,88.000000,27.700000,350.000000,1.000000,true,false,0.000000,0.000000,0.000000,0.000000,0.000000,0.000000,,1.000000,0.000000
scorned_wight,Scorned Wight,0,42.000000,14.100000,0.000000,0.000000,false,false,0.000000,0.000000,0.000000,0.000000,0.000000,0.000000,,0.000000,0.000000
scorned_wight,Scorned Wight,1,42.000000,14.100000,0.000000,0.000000,false,false,0.000000,0.000000,0.000000,0.000000,0.000000,0.000000,,0.000000,0.000000
scorned_wight,Scorned Wight,2,42.000000,14.100000,0.000000,0.000000,false,false,0.000000,0.000000,0.000000,0.000000,0.000000,0.000000,,0.000000,0.000000
skag_archer,Skagosi Archer,0,116.000000,35.900000,0.000000,0.000000,false,false,0.000000,0.000000,0.000000,0.000000,0.000000,0.000000,,0.000000,0.000000
skag_barbarian,Skagosi Barbarian,0,168.000000,47.000000,0.000000,0.000000,false,false,0.000000,0.000000,0.000000,0.000000,0.000000,0.000000,,0.000000,0.000000
skag_bowman,Skagosi Bowman,0,44.000000,12.800000,0.000000,0.000000,false,false,0.000000,0.000000,0.000000,0.000000,0.000000,0.000000,,0.000000,0.000000
skag_footman,Skagosi Footman,0,44.000000,12.800000,360.000000,9.000000,true,false,0.000000,0.000000,0.000000,0.000000,0.000000,0.000000,,1.000000,0.000000
skag_huntsman,Skagosi Huntsman,0,128.000000,42.500000,0.000000,0.000000,false,false,0.000000,0.000000,0.000000,0.000000,0.000000,0.000000,,0.000000,0.000000
skag_master_spearman,Skagosi Master Spearman,0,168.000000,47.000000,420.000000,9.000000,true,false,0.000000,0.000000,0.000000,0.000000,0.000000,0.000000,,1.000000,0.000000
skag_recruit,Skagosi Lowborn,0,37.000000,9.350000,0.000000,0.000000,false,false,0.000000,0.000000,0.000000,0.000000,0.000000,0.000000,,0.000000,0.000000
skag_savage,Skagosi Savage,0,151.000000,43.650000,360.000000,9.000000,true,false,0.000000,0.000000,0.000000,0.000000,0.000000,0.000000,,1.000000,0.000000
skag_soldier,Skagosi Soldier,0,116.000000,35.900000,360.000000,9.000000,true,false,0.000000,0.000000,0.000000,0.000000,0.000000,0.000000,,1.000000,0.000000
skag_spearman,Skagosi Spearman,0,151.000000,43.650000,360.000000,9.000000,true,false,0.000000,0.000000,0.000000,0.000000,0.000000,0.000000,,1.000000,0.000000
skagosi_rider,Skagosi Rider,0,143.000000,47.750000,420.000000,9.000000,true,true,0.000000,200.000000,55.000000,65.000000,80.000000,80.000000,unicorn3,1.000000,1.000000
skagosi_stoneborn,Skagosi Stoneborn,0,183.000000,52.250000,420.000000,9.000000,true,true,0.000000,200.000000,55.000000,65.000000,80.000000,80.000000,unicorn3,1.000000,1.000000
skagosi_stoneborn_champion,Skagosi Stoneborn Champion,0,184.000000,52.300000,420.000000,9.000000,true,true,0.000000,200.000000,60.000000,70.000000,90.000000,90.000000,unicorn1,1.000000,1.000000
stark_archer,Stark Longbowman,0,104.000000,30.000000,0.000000,0.000000,false,false,0.000000,0.000000,0.000000,0.000000,0.000000,0.000000,,0.000000,0.000000
stark_bowman,Stark Bowman,0,79.000000,23.650000,0.000000,0.000000,false,false,0.000000,0.000000,0.000000,0.000000,0.000000,0.000000,,0.000000,0.000000
stark_cavalry,Stark Cavalry,0,186.000000,57.700000,420.000000,9.000000,true,true,72.000000,70.000000,55.000000,66.000000,22.000000,22.000000,t2_battania_horse,1.000000,1.000000
stark_cavalry,Stark Cavalry,1,186.000000,57.700000,420.000000,9.000000,true,true,77.000000,70.000000,55.000000,66.000000,22.000000,22.000000,t2_battania_horse,1.000000,1.000000
stark_footman,Stark Footman,0,105.000000,30.550000,420.000000,9.000000,true,false,0.000000,0.000000,0.000000,0.000000,0.000000,0.000000,,1.000000,0.000000
stark_horseman,Stark Horseman,0,135.000000,36.550000,420.000000,9.000000,true,true,45.000000,20.000000,52.000000,57.000000,20.000000,20.000000,battania_horse,1.000000,1.000000
stark_horseman,Stark Horseman,1,134.000000,36.500000,420.000000,9.000000,true,true,45.000000,20.000000,52.000000,57.000000,20.000000,20.000000,battania_horse,1.000000,1.000000
stark_houseguard,Stark House Guard,0,186.000000,57.700000,420.000000,9.000000,true,false,0.000000,0.000000,0.000000,0.000000,0.000000,0.000000,,1.000000,0.000000
stark_houseguard,Stark House Guard,1,186.000000,57.700000,420.000000,9.000000,true,false,0.000000,0.000000,0.000000,0.000000,0.000000,0.000000,,1.000000,0.000000
stark_levy,Stark Levy,0,80.000000,24.200000,215.000000,1.000000,true,false,0.000000,0.000000,0.000000,0.000000,0.000000,0.000000,,1.000000,0.000000
stark_master_archer,Stark Master Longbowman,0,112.000000,34.800000,0.000000,0.000000,false,false,0.000000,0.000000,0.000000,0.000000,0.000000,0.000000,,0.000000,0.000000
stark_master_archer,Stark Master Longbowman,1,126.000000,42.500000,0.000000,0.000000,false,false,0.000000,0.000000,0.000000,0.000000,0.000000,0.000000,,0.000000,0.000000
stark_pikeman,Stark Pikeman,0,186.000000,57.700000,420.000000,9.000000,true,false,0.000000,0.000000,0.000000,0.000000,0.000000,0.000000,,1.000000,0.000000
stark_pikeman,Stark Pikeman,1,186.000000,57.700000,420.000000,9.000000,true,false,0.000000,0.000000,0.000000,0.000000,0.000000,0.000000,,1.000000,0.000000
stark_soldier,Stark Soldier,0,147.000000,43.550000,420.000000,9.000000,true,false,0.000000,0.000000,0.000000,0.000000,0.000000,0.000000,,1.000000,0.000000
stark_soldier,Stark Soldier,1,146.000000,43.500000,420.000000,9.000000,true,false,0.000000,0.000000,0.000000,0.000000,0.000000,0.000000,,1.000000,0.000000
stark_swornsword,Stark Sworn Sword,0,204.000000,61.000000,420.000000,9.000000,true,false,0.000000,0.000000,0.000000,0.000000,0.000000,0.000000,,1.000000,0.000000
stark_swornsword,Stark Sworn Sword,1,204.000000,61.000000,420.000000,9.000000,true,false,0.000000,0.000000,0.000000,0.000000,0.000000,0.000000,,1.000000,0.000000
stark_volunteer,Stark Recruit,0,41.000000,11.050000,0.000000,0.000000,false,false,0.000000,0.000000,0.000000,0.000000,0.000000,0.000000,,0.000000,0.000000
stark_volunteer,Stark Recruit,1,37.000000,9.350000,0.000000,0.000000,false,false,0.000000,0.000000,0.000000,0.000000,0.000000,0.000000,,0.000000,0.000000
stark_volunteer,Stark Recruit,2,41.000000,11.050000,0.000000,0.000000,false,false,0.000000,0.000000,0.000000,0.000000,0.000000,0.000000,,0.000000,0.000000
stark_volunteer,Stark Recruit,3,37.000000,9.350000,0.000000,0.000000,false,false,0.000000,0.000000,0.000000,0.000000,0.000000,0.000000,,0.000000,0.000000
stormlands_archer,Stormlands Archer,0,94.000000,29.800000,0.000000,0.000000,false,false,0.000000,0.000000,0.000000,0.000000,0.000000,0.000000,,0.000000,0.000000
stormlands_basher,Stormlands Maceman,0,151.000000,44.650000,300.000000,10.000000,true,false,0.000000,0.000000,0.000000,0.000000,0.000000,0.000000,,1.000000,0.000000
stormlands_bowman,Stormlands Bowman,0,63.000000,18.950000,0.000000,0.000000,false,false,0.000000,0.000000,0.000000,0.000000,0.000000,0.000000,,0.000000,0.000000
stormlands_crossbowman,Stormlands Crossbowman,0,121.000000,36.150000,0.000000,0.000000,false,false,0.000000,0.000000,0.000000,0.000000,0.000000,0.000000,,0.000000,0.000000
stormlands_crusher,Stormlands Elite Maceman,0,158.000000,45.000000,300.000000,10.000000,true,false,0.000000,0.000000,0.000000,0.000000,0.000000,0.000000,,1.000000,0.000000
stormlands_elite_archer,Stormlands Elite Archer,0,110.000000,35.600000,0.000000,0.000000,false,false,0.000000,0.000000,0.000000,0.000000,0.000000,0.000000,,0.000000,0.000000
stormlands_fell_knight,Stormlands Fell Knight,0,158.000000,45.000000,0.000000,0.000000,false,true,75.000000,10.000000,53.000000,61.000000,22.000000,22.000000,vlandia_horse,0.000000,1.000000
stormlands_heavy_crossbowman,Stormlands Heavy Crossbowman,0,151.000000,44.650000,0.000000,0.000000,false,false,0.000000,0.000000,0.000000,0.000000,0.000000,0.000000,,0.000000,0.000000
stormlands_horseman,Stormlands Horseman,0,151.000000,44.650000,300.000000,10.000000,true,true,75.000000,10.000000,53.000000,61.000000,22.000000,22.000000,vlandia_horse,1.000000,1.000000
stormlands_houseguard,Stormlands House Guard,0,158.000000,45.000000,300.000000,10.000000,true,false,0.000000,0.000000,0.000000,0.000000,0.000000,0.000000,,1.000000,0.000000
stormlands_knight,Stormlands Knight,0,151.000000,44.650000,0.000000,0.000000,false,true,18.000000,10.000000,53.000000,61.000000,22.000000,22.000000,vlandia_horse,0.000000,1.000000
stormlands_levy,Stormlands Levy,0,57.000000,16.850000,220.000000,1.000000,true,false,0.000000,0.000000,0.000000,0.000000,0.000000,0.000000,,1.000000,0.000000
stormlands_man_at_arms,Stormlands Man at Arms,0,107.000000,35.450000,220.000000,1.000000,true,false,0.000000,0.000000,0.000000,0.000000,0.000000,0.000000,,1.000000,0.000000
stormlands_master_archer,Stormlands Master Archer,0,151.000000,44.650000,0.000000,0.000000,false,false,0.000000,0.000000,0.000000,0.000000,0.000000,0.000000,,0.000000,0.000000
stormlands_militia_archer,Stormlands Militia Archer,0,60.000000,17.000000,0.000000,0.000000,false,false,0.000000,0.000000,0.000000,0.000000,0.000000,0.000000,,0.000000,0.000000
stormlands_militia_archer,Stormlands Militia Archer,1,60.000000,17.000000,0.000000,0.000000,false,false,0.000000,0.000000,0.000000,0.000000,0.000000,0.000000,,0.000000,0.000000
stormlands_militia_archer,Stormlands Militia Archer,2,60.000000,17.000000,0.000000,0.000000,false,false,0.000000,0.000000,0.000000,0.000000,0.000000,0.000000,,0.000000,0.000000
stormlands_militia_archer,Stormlands Militia Archer,3,60.000000,17.000000,0.000000,0.000000,false,false,0.000000,0.000000,0.000000,0.000000,0.000000,0.000000,,0.000000,0.000000
stormlands_militia_spearman,Stormlands Militia Spearman,0,69.000000,20.150000,200.000000,1.000000,true,false,0.000000,0.000000,0.000000,0.000000,0.000000,0.000000,,1.000000,0.000000
stormlands_militia_spearman,Stormlands Militia Spearman,1,69.000000,20.150000,200.000000,1.000000,true,false,0.000000,0.000000,0.000000,0.000000,0.000000,0.000000,,1.000000,0.000000
stormlands_militia_spearman,Stormlands Militia Spearman,2,69.000000,20.150000,200.000000,1.000000,true,false,0.000000,0.000000,0.000000,0.000000,0.000000,0.000000,,1.000000,0.000000
stormlands_militia_spearman,Stormlands Militia Spearman,3,69.000000,20.150000,200.000000,1.000000,true,false,0.000000,0.000000,0.000000,0.000000,0.000000,0.000000,,1.000000,0.000000
stormlands_militia_veteran_archer,Stormlands Militia Veteran Archer,0,69.000000,20.150000,0.000000,0.000000,false,false,0.000000,0.000000,0.000000,0.000000,0.000000,0.000000,,0.000000,0.000000
stormlands_militia_veteran_archer,Stormlands Militia Veteran Archer,1,69.000000,20.150000,0.000000,0.000000,false,false,0.000000,0.000000,0.000000,0.000000,0.000000,0.000000,,0.000000,0.000000
stormlands_militia_veteran_archer,Stormlands Militia Veteran Archer,2,69.000000,20.150000,0.000000,0.000000,false,false,0.000000,0.000000,0.000000,0.000000,0.000000,0.000000,,0.000000,0.000000
stormlands_militia_veteran_archer,Stormlands Militia Veteran Archer,3,69.000000,20.150000,0.000000,0.000000,false,false,0.000000,0.000000,0.000000,0.000000,0.000000,0.000000,,0.000000,0.000000
stormlands_militia_veteran_spearman,Stormlands Militia Veteran Spearman,0,131.000000,38.650000,305.000000,1.000000,true,false,0.000000,0.000000,0.000000,0.000000,0.000000,0.000000,,1.000000,0.000000
stormlands_militia_veteran_spearman,Stormlands Militia Veteran Spearman,1,131.000000,38.650000,305.000000,1.000000,true,false,0.000000,0.000000,0.000000,0.000000,0.000000,0.000000,,1.000000,0.000000
stormlands_militia_veteran_spearman,Stormlands Militia Veteran Spearman,2,131.000000,38.650000,305.000000,1.000000,true,false,0.000000,0.000000,0.000000,0.000000,0.000000,0.000000,,1.000000,0.000000
stormlands_militia_veteran_spearman,Stormlands Militia Veteran Spearman,3,131.000000,38.650000,305.000000,1.000000,true,false,0.000000,0.000000,0.000000,0.000000,0.000000,0.000000,,1.000000,0.000000
stormlands_noble_recruit,Stormlands Noble's Son,0,41.000000,11.050000,0.000000,0.000000,false,false,0.000000,0.000000,0.000000,0.000000,0.000000,0.000000,,0.000000,0.000000
stormlands_recruit,Stormlands Recruit,0,37.000000,9.350000,0.000000,0.000000,false,false,0.000000,0.000000,0.000000,0.000000,0.000000,0.000000,,0.000000,0.000000
stormlands_spearman,Stormlands Spearman,0,151.000000,44.650000,300.000000,10.000000,true,false,0.000000,0.000000,0.000000,0.000000,0.000000,0.000000,,1.000000,0.000000
stormlands_squire,Stormlands Squire,0,71.000000,21.750000,0.000000,0.000000,false,false,0.000000,0.000000,0.000000,0.000000,0.000000,0.000000,,0.000000,0.000000
stormlands_thunderknight,Stormlands Thunder Knight,0,158.000000,45.000000,0.000000,0.000000,false,true,75.000000,70.000000,55.000000,66.000000,22.000000,22.000000,t2_battania_horse,0.000000,1.000000
summer_bowman,Summer Isles Bowman,0,84.000000,27.800000,0.000000,0.000000,false,false,0.000000,0.000000,0.000000,0.000000,0.000000,0.000000,,0.000000,0.000000
summer_footman,Summer Isles Footman,0,52.000000,16.600000,0.000000,0.000000,false,false,0.000000,0.000000,0.000000,0.000000,0.000000,0.000000,,0.000000,0.000000
summer_horseman,Summer Isles Horseman,0,154.000000,46.500000,260.000000,1.000000,true,true,15.000000,10.000000,54.000000,59.000000,14.000000,14.000000,aserai_horse,1.000000,1.000000
summer_infantryman,Summer Isles Infantryman,0,84.000000,27.800000,260.000000,1.000000,true,false,0.000000,0.000000,0.000000,0.000000,0.000000,0.000000,,1.000000,0.000000
summer_longbowman,Summer Isles Longbowman,0,114.000000,38.100000,0.000000,0.000000,false,false,0.000000,0.000000,0.000000,0.000000,0.000000,0.000000,,0.000000,0.000000
summer_master_longbowman,Goldenheart Warrior,0,158.000000,47.900000,0.000000,0.000000,false,false,0.000000,0.000000,0.000000,0.000000,0.000000,0.000000,,0.000000,0.000000
summer_militia_archer,Summer Isles Militia Archer,0,52.000000,16.600000,0.000000,0.000000,false,false,0.000000,0.000000,0.000000,0.000000,0.000000,0.000000,,0.000000,0.000000
summer_militia_archer,Summer Isles Militia Archer,1,52.000000,16.600000,0.000000,0.000000,false,false,0.000000,0.000000,0.000000,0.000000,0.000000,0.000000,,0.000000,0.000000
summer_militia_spearman,Summer Isles Militia Spearman,0,61.000000,19.750000,220.000000,1.000000,true,false,0.000000,0.000000,0.000000,0.000000,0.000000,0.000000,,1.000000,0.000000
summer_militia_spearman,Summer Isles Militia Spearman,1,61.000000,19.750000,220.000000,1.000000,true,false,0.000000,0.000000,0.000000,0.000000,0.000000,0.000000,,1.000000,0.000000
summer_militia_veteran_archer,Summer Isles Militia Veteran Archer,0,61.000000,19.750000,0.000000,0.000000,false,false,0.000000,0.000000,0.000000,0.000000,0.000000,0.000000,,0.000000,0.000000
summer_militia_veteran_archer,Summer Isles Militia Veteran Archer,1,61.000000,19.750000,0.000000,0.000000,false,false,0.000000,0.000000,0.000000,0.000000,0.000000,0.000000,,0.000000,0.000000
summer_militia_veteran_spearman,Summer Isles Militia Veteran Spearman,0,126.000000,36.900000,510.000000,1.000000,true,false,0.000000,0.000000,0.000000,0.000000,0.000000,0.000000,,1.000000,0.000000
summer_militia_veteran_spearman,Summer Isles Militia Veteran Spearman,1,126.000000,36.900000,510.000000,1.000000,true,false,0.000000,0.000000,0.000000,0.000000,0.000000,0.000000,,1.000000,0.000000
summer_pikeman,Summer Isles Spearmaster,0,158.000000,47.900000,510.000000,1.000000,true,false,0.000000,0.000000,0.000000,0.000000,0.000000,0.000000,,1.000000,0.000000
summer_recruit,Summer Isles Recruit,0,34.000000,9.200000,0.000000,0.000000,false,false,0.000000,0.000000,0.000000,0.000000,0.000000,0.000000,,0.000000,0.000000
summer_recruit,Summer Isles Recruit,1,34.000000,9.200000,0.000000,0.000000,false,false,0.000000,0.000000,0.000000,0.000000,0.000000,0.000000,,0.000000,0.000000
summer_recruit,Summer Isles Recruit,2,34.000000,9.200000,0.000000,0.000000,false,false,0.000000,0.000000,0.000000,0.000000,0.000000,0.000000,,0.000000,0.000000
summer_recruit,Summer Isles Recruit,3,34.000000,9.200000,0.000000,0.000000,false,false,0.000000,0.000000,0.000000,0.000000,0.000000,0.000000,,0.000000,0.000000
summer_rider,Summer Isles Scout,0,136.000000,48.200000,0.000000,0.000000,false,true,15.000000,10.000000,54.000000,59.000000,14.000000,14.000000,aserai_horse,0.000000,1.000000
summer_spearman,Summer Isles Spearman,0,112.000000,37.400000,260.000000,1.000000,true,false,0.000000,0.000000,0.000000,0.000000,0.000000,0.000000,,1.000000,0.000000
summer_veteran_bowman,Summer Isles Archer,0,84.000000,27.800000,0.000000,0.000000,false,false,0.000000,0.000000,0.000000,0.000000,0.000000,0.000000,,0.000000,0.000000
targ_knight,Targaryen Knight,0,142.000000,48.100000,400.000000,7.000000,true,true,45.000000,10.000000,53.000000,61.000000,22.000000,22.000000,vlandia_horse,1.000000,1.000000
targ_queensguard,Targaryen Queen's Guard,0,198.000000,59.900000,400.000000,7.000000,true,true,75.000000,40.000000,58.000000,58.000000,30.000000,30.000000,t2_vlandia_horse,1.000000,1.000000
targ_squire,Targaryen Squire,0,88.000000,25.200000,400.000000,7.000000,true,false,0.000000,0.000000,0.000000,0.000000,0.000000,0.000000,,1.000000,0.000000
targaryen_archer,Valyrian Archer,0,127.000000,42.650000,0.000000,0.000000,false,false,0.000000,0.000000,0.000000,0.000000,0.000000,0.000000,,0.000000,0.000000
targaryen_bowman,Valyrian Bowman,0,83.000000,24.450000,0.000000,0.000000,false,false,0.000000,0.000000,0.000000,0.000000,0.000000,0.000000,,0.000000,0.000000
targaryen_dragonknight,Valyrian Cavalry,0,184.000000,56.000000,400.000000,7.000000,true,true,75.000000,40.000000,58.000000,58.000000,30.000000,30.000000,t2_vlandia_horse,1.000000,1.000000
targaryen_elite_pikeman,Valyrian Elite Pikeman,0,184.000000,56.000000,400.000000,7.000000,true,false,0.000000,0.000000,0.000000,0.000000,0.000000,0.000000,,1.000000,0.000000
targaryen_levy,Valyrian Levy,0,96.000000,29.600000,0.000000,0.000000,false,false,0.000000,0.000000,0.000000,0.000000,0.000000,0.000000,,0.000000,0.000000
targaryen_man_at_arms,Valyrian Man at Arms,0,156.000000,44.100000,400.000000,7.000000,true,false,0.000000,0.000000,0.000000,0.000000,0.000000,0.000000,,1.000000,0.000000
targaryen_master_archer,Valyrian Master Archer,0,127.000000,42.650000,0.000000,0.000000,false,false,0.000000,0.000000,0.000000,0.000000,0.000000,0.000000,,0.000000,0.000000
targaryen_soldier,Valyrian Soldier,0,127.000000,42.650000,400.000000,7.000000,true,false,0.000000,0.000000,0.000000,0.000000,0.000000,0.000000,,1.000000,0.000000
tarly_crossbowman,Tarly Crossbowman,0,112.000000,32.100000,0.000000,0.000000,false,false,0.000000,0.000000,0.000000,0.000000,0.000000,0.000000,,0.000000,0.000000
tarly_elite_crossbowman,Tarly Elite Crossbowman,0,139.000000,39.950000,0.000000,0.000000,false,false,0.000000,0.000000,0.000000,0.000000,0.000000,0.000000,,0.000000,0.000000
tarly_footman,Tarly Footman,0,73.000000,25.350000,0.000000,0.000000,false,false,0.000000,0.000000,0.000000,0.000000,0.000000,0.000000,,0.000000,0.000000
tarly_horseman,Tarly Horseman,0,126.000000,42.700000,280.000000,1.000000,true,true,18.000000,10.000000,53.000000,55.000000,20.000000,20.000000,empire_horse,1.000000,1.000000
tarly_houseguard,Tarly House Guard,0,174.000000,53.600000,280.000000,1.000000,true,false,0.000000,0.000000,0.000000,0.000000,0.000000,0.000000,,1.000000,0.000000
tarly_knight,Tarly Knight,0,174.000000,53.600000,280.000000,1.000000,true,true,35.000000,15.000000,48.000000,65.000000,16.000000,16.000000,hunter,1.000000,1.000000
tarly_man_at_arms,Tarly Man at Arms,0,126.000000,42.700000,280.000000,1.000000,true,false,0.000000,0.000000,0.000000,0.000000,0.000000,0.000000,,1.000000,0.000000
tarly_recruit,Tarly Recruit,0,37.000000,9.350000,0.000000,0.000000,false,false,0.000000,0.000000,0.000000,0.000000,0.000000,0.000000,,0.000000,0.000000
tarly_soldier,Tarly Soldier,0,89.000000,30.950000,280.000000,1.000000,true,false,0.000000,0.000000,0.000000,0.000000,0.000000,0.000000,,1.000000,0.000000
tarly_vanguard,Tarly Vanguard,0,176.000000,53.700000,470.000000,17.000000,true,false,0.000000,0.000000,0.000000,0.000000,0.000000,0.000000,,1.000000,0.000000
tarth_crossbowman,Tarth Crossbowman,0,106.000000,32.200000,0.000000,0.000000,false,false,0.000000,0.000000,0.000000,0.000000,0.000000,0.000000,,0.000000,0.000000
tarth_elite_crossbowman,Tarth Elite Crossbowman,0,129.000000,33.350000,0.000000,0.000000,false,false,0.000000,0.000000,0.000000,0.000000,0.000000,0.000000,,0.000000,0.000000
tarth_halberdier,Tarth Halberdier,0,164.000000,45.200000,300.000000,10.000000,true,false,0.000000,0.000000,0.000000,0.000000,0.000000,0.000000,,1.000000,0.000000
tarth_horseman,Tarth Horseman,0,167.000000,46.250000,300.000000,10.000000,true,true,35.000000,10.000000,53.000000,61.000000,22.000000,22.000000,vlandia_horse,1.000000,1.000000
tarth_man_at_arms,Tarth Man at Arms,0,106.000000,32.200000,220.000000,1.000000,true,false,0.000000,0.000000,0.000000,0.000000,0.000000,0.000000,,1.000000,0.000000
tarth_master_halberdier,Tarth Master Halberdier,0,164.000000,45.200000,300.000000,10.000000,true,false,0.000000,0.000000,0.000000,0.000000,0.000000,0.000000,,1.000000,0.000000
tarth_militia,Tarth Militia,0,88.000000,29.500000,220.000000,1.000000,true,false,0.000000,0.000000,0.000000,0.000000,0.000000,0.000000,,1.000000,0.000000
tarth_recruit,Tarth Recruit,0,37.000000,9.350000,0.000000,0.000000,false,false,0.000000,0.000000,0.000000,0.000000,0.000000,0.000000,,0.000000,0.000000
tarth_rider,Tarth Rider,0,106.000000,32.200000,300.000000,10.000000,true,true,10.000000,10.000000,53.000000,61.000000,22.000000,22.000000,vlandia_horse,1.000000,1.000000
tarth_soldier,Tarth Soldier,0,141.000000,44.050000,300.000000,10.000000,true,false,0.000000,0.000000,0.000000,0.000000,0.000000,0.000000,,1.000000,0.000000
tigercloak_archer,Volantene Archer,0,85.000000,24.750000,0.000000,0.000000,false,false,0.000000,0.000000,0.000000,0.000000,0.000000,0.000000,,0.000000,0.000000
tigercloak_camel_cavalry,Volantene Mahout,0,168.000000,50.600000,360.000000,1.000000,true,true,30.000000,0.000000,20.000000,20.000000,350.000000,350.000000,elephant,1.000000,1.000000
tigercloak_elite,Tigercloak,0,173.000000,53.350000,0.000000,0.000000,false,false,0.000000,0.000000,0.000000,0.000000,0.000000,0.000000,,0.000000,0.000000
tigercloak_elite_initiate,Tigercloak Elite Initiate,0,74.000000,24.200000,0.000000,0.000000,false,false,0.000000,0.000000,0.000000,0.000000,0.000000,0.000000,,0.000000,0.000000
tigercloak_elite_warrior,Volantine Elite Warrior,0,168.000000,50.600000,360.000000,1.000000,true,false,0.000000,0.000000,0.000000,0.000000,0.000000,0.000000,,1.000000,0.000000
tigercloak_master,Tigercloak Elite,0,173.000000,53.350000,0.000000,0.000000,false,false,0.000000,0.000000,0.000000,0.000000,0.000000,0.000000,,0.000000,0.000000
tigercloak_master_archer,Volantene Master Archer,0,134.000000,38.700000,0.000000,0.000000,false,false,0.000000,0.000000,0.000000,0.000000,0.000000,0.000000,,0.000000,0.000000
tigercloak_rider,Volantene Rider,0,134.000000,38.700000,360.000000,1.000000,true,true,18.000000,0.000000,54.000000,67.000000,16.000000,16.000000,khuzait_horse,1.000000,1.000000
tigercloak_warrior,Volantene Warrior,0,134.000000,38.700000,360.000000,1.000000,true,false,0.000000,0.000000,0.000000,0.000000,0.000000,0.000000,,1.000000,0.000000
triarch_guardian,Triarch Guardian,0,186.000000,56.500000,0.000000,0.000000,false,false,0.000000,0.000000,0.000000,0.000000,0.000000,0.000000,,0.000000,0.000000
tully_archer,Tully Archer,0,110.000000,34.500000,0.000000,0.000000,false,false,0.000000,0.000000,0.000000,0.000000,0.000000,0.000000,,0.000000,0.000000
tully_footman,Tully Footman,0,95.000000,29.250000,205.000000,10.000000,true,false,0.000000,0.000000,0.000000,0.000000,0.000000,0.000000,,1.000000,0.000000
tully_houseguard,Tully House Guard,0,157.000000,44.950000,205.000000,10.000000,true,false,0.000000,0.000000,0.000000,0.000000,0.000000,0.000000,,1.000000,0.000000
tully_knight,Tully Knight,0,172.000000,52.200000,370.000000,1.000000,true,true,45.000000,40.000000,58.000000,58.000000,30.000000,30.000000,t2_vlandia_horse,1.000000,1.000000
tully_longbowman,Tully Longbowman,0,162.000000,44.600000,0.000000,0.000000,false,false,0.000000,0.000000,0.000000,0.000000,0.000000,0.000000,,0.000000,0.000000
tully_man_at_arms,Tully Man at Arms,0,136.000000,43.900000,205.000000,10.000000,true,false,0.000000,0.000000,0.000000,0.000000,0.000000,0.000000,,1.000000,0.000000
tully_recruit,Tully Recruit,0,37.000000,9.350000,0.000000,0.000000,false,false,0.000000,0.000000,0.000000,0.000000,0.000000,0.000000,,0.000000,0.000000
tully_rider,Tully Rider,0,119.000000,34.950000,205.000000,10.000000,true,true,35.000000,10.000000,53.000000,61.000000,22.000000,22.000000,vlandia_horse,1.000000,1.000000
tully_soldier,Tully Soldier,0,119.000000,34.950000,205.000000,10.000000,true,false,0.000000,0.000000,0.000000,0.000000,0.000000,0.000000,,1.000000,0.000000
tyrell_bowman,Tyrell Longbowman,0,105.000000,30.350000,0.000000,0.000000,false,false,0.000000,0.000000,0.000000,0.000000,0.000000,0.000000,,0.000000,0.000000
tyrell_cavalier,Tyrell Cavalier,0,169.000000,52.050000,430.000000,1.000000,true,true,75.000000,20.000000,54.000000,60.000000,26.000000,26.000000,t2_empire_horse,1.000000,1.000000
tyrell_footman,Tyrell Footman,0,73.000000,23.350000,0.000000,0.000000,false,false,0.000000,0.000000,0.000000,0.000000,0.000000,0.000000,,0.000000,0.000000
tyrell_houseguard,Tyrell House Guard,0,169.000000,52.050000,430.000000,1.000000,true,false,0.000000,0.000000,0.000000,0.000000,0.000000,0.000000,,1.000000,0.000000
tyrell_knight,Tyrell Horseman,0,149.000000,43.550000,430.000000,1.000000,true,true,75.000000,15.000000,48.000000,65.000000,16.000000,16.000000,hunter,1.000000,1.000000
tyrell_longbowman,Tyrell Elite Longbowman,0,149.000000,43.550000,0.000000,0.000000,false,false,0.000000,0.000000,0.000000,0.000000,0.000000,0.000000,,0.000000,0.000000
tyrell_man_at_arms,Tyrell Man at Arms,0,169.000000,52.050000,430.000000,1.000000,true,false,0.000000,0.000000,0.000000,0.000000,0.000000,0.000000,,1.000000,0.000000
tyrell_recruit,Tyrell Recruit,0,37.000000,9.350000,0.000000,0.000000,false,false,0.000000,0.000000,0.000000,0.000000,0.000000,0.000000,,0.000000,0.000000
tyrell_scout,Tyrell Scout,0,105.000000,30.350000,430.000000,1.000000,true,true,18.000000,10.000000,53.000000,55.000000,20.000000,20.000000,empire_horse,1.000000,1.000000
tyrell_soldier,Tyrell Soldier,0,91.000000,29.650000,430.000000,1.000000,true,false,0.000000,0.000000,0.000000,0.000000,0.000000,0.000000,,1.000000,0.000000
tyroshi_archer,Tyroshi Archer,0,85.000000,28.150000,0.000000,0.000000,false,false,0.000000,0.000000,0.000000,0.000000,0.000000,0.000000,,0.000000,0.000000
tyroshi_axeman,Tyroshi Axeman,0,148.000000,49.600000,0.000000,0.000000,false,false,0.000000,0.000000,0.000000,0.000000,0.000000,0.000000,,0.000000,0.000000
tyroshi_boatswain,Tyroshi Boatswain,0,85.000000,28.150000,380.000000,1.000000,true,false,0.000000,0.000000,0.000000,0.000000,0.000000,0.000000,,1.000000,0.000000
tyroshi_bowman,Tyroshi Bowman,0,85.000000,28.150000,0.000000,0.000000,false,false,0.000000,0.000000,0.000000,0.000000,0.000000,0.000000,,0.000000,0.000000
tyroshi_cavalry,Tyroshi Cavalry,0,157.000000,45.150000,380.000000,1.000000,true,true,65.000000,20.000000,60.000000,73.000000,18.000000,18.000000,t2_aserai_horse,1.000000,1.000000
tyroshi_corsair,Tyroshi Corsair,0,179.000000,53.950000,380.000000,1.000000,true,false,0.000000,0.000000,0.000000,0.000000,0.000000,0.000000,,1.000000,0.000000
tyroshi_elite_archer,Tyroshi Elite Archer,0,132.000000,36.000000,0.000000,0.000000,false,false,0.000000,0.000000,0.000000,0.000000,0.000000,0.000000,,0.000000,0.000000
tyroshi_firstmate,Tyroshi Firstmate,0,179.000000,53.950000,380.000000,1.000000,true,false,0.000000,0.000000,0.000000,0.000000,0.000000,0.000000,,1.000000,0.000000
tyroshi_footman,Tyroshi Footman,0,85.000000,28.150000,0.000000,0.000000,false,false,0.000000,0.000000,0.000000,0.000000,0.000000,0.000000,,0.000000,0.000000
tyroshi_horseman,Tyroshi Horseman,0,132.000000,36.000000,380.000000,1.000000,true,true,35.000000,10.000000,54.000000,59.000000,14.000000,14.000000,aserai_horse,1.000000,1.000000
tyroshi_militia_archer,Tyroshi Militia Archer,0,52.000000,16.600000,0.000000,0.000000,false,false,0.000000,0.000000,0.000000,0.000000,0.000000,0.000000,,0.000000,0.000000
tyroshi_militia_archer,Tyroshi Militia Archer,1,52.000000,16.600000,0.000000,0.000000,false,false,0.000000,0.000000,0.000000,0.000000,0.000000,0.000000,,0.000000,0.000000
tyroshi_militia_spearman,Tyroshi Militia Spearman,0,61.000000,19.750000,220.000000,1.000000,true,false,0.000000,0.000000,0.000000,0.000000,0.000000,0.000000,,1.000000,0.000000
tyroshi_militia_spearman,Tyroshi Militia Spearman,1,61.000000,19.750000,220.000000,1.000000,true,false,0.000000,0.000000,0.000000,0.000000,0.000000,0.000000,,1.000000,0.000000
tyroshi_militia_veteran_archer,Tyroshi Militia Veteran Archer,0,61.000000,19.750000,0.000000,0.000000,false,false,0.000000,0.000000,0.000000,0.000000,0.000000,0.000000,,0.000000,0.000000
tyroshi_militia_veteran_archer,Tyroshi Militia Veteran Archer,1,61.000000,19.750000,0.000000,0.000000,false,false,0.000000,0.000000,0.000000,0.000000,0.000000,0.000000,,0.000000,0.000000
tyroshi_militia_veteran_spearman,Tyroshi Militia Veteran Spearman,0,127.000000,37.250000,380.000000,1.000000,true,false,0.000000,0.000000,0.000000,0.000000,0.000000,0.000000,,1.000000,0.000000
tyroshi_militia_veteran_spearman,Tyroshi Militia Veteran Spearman,1,127.000000,37.250000,380.000000,1.000000,true,false,0.000000,0.000000,0.000000,0.000000,0.000000,0.000000,,1.000000,0.000000
tyroshi_noble_recruit,Tyroshi Noble Youth,0,38.000000,9.400000,0.000000,0.000000,false,false,0.000000,0.000000,0.000000,0.000000,0.000000,0.000000,,0.000000,0.000000
tyroshi_quartermaster,Tyroshi Quartermaster,0,156.000000,52.800000,380.000000,1.000000,true,false,0.000000,0.000000,0.000000,0.000000,0.000000,0.000000,,1.000000,0.000000
tyroshi_recruit,Tyroshi Recruit,0,34.000000,9.200000,0.000000,0.000000,false,false,0.000000,0.000000,0.000000,0.000000,0.000000,0.000000,,0.000000,0.000000
tyroshi_renegade,Tyroshi Renegade,0,169.000000,50.650000,0.000000,0.000000,false,false,0.000000,0.000000,0.000000,0.000000,0.000000,0.000000,,0.000000,0.000000
tyroshi_soldier,Tyroshi Soldier,0,104.000000,34.600000,380.000000,1.000000,true,false,0.000000,0.000000,0.000000,0.000000,0.000000,0.000000,,1.000000,0.000000
umber_archer,Umber Archer,0,115.000000,35.850000,0.000000,0.000000,false,false,0.000000,0.000000,0.000000,0.000000,0.000000,0.000000,,0.000000,0.000000
umber_axeman,Umber Axeman,0,157.000000,46.950000,500.000000,1.000000,true,false,0.000000,0.000000,0.000000,0.000000,0.000000,0.000000,,1.000000,0.000000
umber_berzerker,Umber Berzerker,0,160.000000,48.000000,0.000000,0.000000,false,false,0.000000,0.000000,0.000000,0.000000,0.000000,0.000000,,0.000000,0.000000
umber_footman,Umber Footman,0,99.000000,33.950000,305.000000,1.000000,true,false,0.000000,0.000000,0.000000,0.000000,0.000000,0.000000,,1.000000,0.000000
umber_horseman,Umber Horseman,0,152.000000,44.100000,500.000000,1.000000,true,true,77.000000,70.000000,55.000000,66.000000,22.000000,22.000000,t2_battania_horse,1.000000,1.000000
umber_houseguard,Umber House Guard,0,160.000000,48.000000,500.000000,1.000000,true,false,0.000000,0.000000,0.000000,0.000000,0.000000,0.000000,,1.000000,0.000000
umber_levy,Umber Levy,0,68.000000,17.400000,305.000000,1.000000,true,false,0.000000,0.000000,0.000000,0.000000,0.000000,0.000000,,1.000000,0.000000
umber_man_at_arms,Umber Man at Arms,0,138.000000,37.000000,500.000000,1.000000,true,false,0.000000,0.000000,0.000000,0.000000,0.000000,0.000000,,1.000000,0.000000
umber_man_at_arms,Umber Man at Arms,1,138.000000,37.000000,500.000000,1.000000,true,false,0.000000,0.000000,0.000000,0.000000,0.000000,0.000000,,1.000000,0.000000
umber_marksman,Umber Marksman,0,149.000000,43.050000,0.000000,0.000000,false,false,0.000000,0.000000,0.000000,0.000000,0.000000,0.000000,,0.000000,0.000000
umber_scout,Umber Scout,0,115.000000,35.850000,305.000000,1.000000,true,true,18.000000,20.000000,52.000000,57.000000,20.000000,20.000000,battania_horse,1.000000,1.000000
umber_volunteer,Umber Recruit,0,40.000000,11.000000,0.000000,0.000000,false,false,0.000000,0.000000,0.000000,0.000000,0.000000,0.000000,,0.000000,0.000000
umber_volunteer,Umber Recruit,1,37.000000,9.350000,0.000000,0.000000,false,false,0.000000,0.000000,0.000000,0.000000,0.000000,0.000000,,0.000000,0.000000
umber_volunteer,Umber Recruit,2,40.000000,11.000000,0.000000,0.000000,false,false,0.000000,0.000000,0.000000,0.000000,0.000000,0.000000,,0.000000,0.000000
umber_volunteer,Umber Recruit,3,37.000000,9.350000,0.000000,0.000000,false,false,0.000000,0.000000,0.000000,0.000000,0.000000,0.000000,,0.000000,0.000000
unsullied,Unsullied,0,162.000000,47.000000,500.000000,1.000000,true,false,0.000000,0.000000,0.000000,0.000000,0.000000,0.000000,,1.000000,0.000000
vale_archer,Vale Archer,0,63.000000,20.450000,0.000000,0.000000,false,false,0.000000,0.000000,0.000000,0.000000,0.000000,0.000000,,0.000000,0.000000
vale_bowman,Vale Bowman,0,28.000000,7.400000,0.000000,0.000000,false,false,0.000000,0.000000,0.000000,0.000000,0.000000,0.000000,,0.000000,0.000000
vale_elite_archer,Vale Elite Archer,0,63.000000,20.450000,0.000000,0.000000,false,false,0.000000,0.000000,0.000000,0.000000,0.000000,0.000000,,0.000000,0.000000
vale_elite_knight,Vale Elite Knight,0,157.000000,52.950000,280.000000,1.000000,true,true,75.000000,40.000000,58.000000,58.000000,30.000000,30.000000,t2_vlandia_horse,1.000000,1.000000
vale_elite_lancer,Vale Elite Lancer,0,162.000000,49.200000,280.000000,1.000000,true,true,75.000000,40.000000,58.000000,58.000000,30.000000,30.000000,t2_vlandia_horse,1.000000,1.000000
vale_elite_voulgier,Vale Elite Voulgier,0,162.000000,49.200000,280.000000,1.000000,true,true,75.000000,40.000000,58.000000,58.000000,30.000000,30.000000,t2_vlandia_horse,1.000000,1.000000
vale_footman,Vale Footman,0,52.000000,16.600000,0.000000,0.000000,false,false,0.000000,0.000000,0.000000,0.000000,0.000000,0.000000,,0.000000,0.000000
vale_houseguard,Vale House Guard,0,178.000000,54.000000,280.000000,8.000000,true,false,0.000000,0.000000,0.000000,0.000000,0.000000,0.000000,,1.000000,0.000000
vale_knight,Vale Knight,0,130.000000,43.100000,280.000000,1.000000,true,true,35.000000,10.000000,53.000000,55.000000,20.000000,20.000000,empire_horse,1.000000,1.000000
vale_knight_of,Knight of the Vale,0,178.000000,54.000000,280.000000,1.000000,true,true,75.000000,200.000000,69.000000,73.000000,36.000000,36.000000,noble_horse_western,1.000000,1.000000
vale_lancer,Vale Lancer,0,121.000000,40.150000,280.000000,8.000000,true,true,35.000000,10.000000,53.000000,55.000000,20.000000,20.000000,empire_horse,1.000000,1.000000
vale_man_at_arms,Vale Man at Arms,0,130.000000,43.100000,280.000000,8.000000,true,false,0.000000,0.000000,0.000000,0.000000,0.000000,0.000000,,1.000000,0.000000
vale_master_archer,Vale Master Archer,0,89.000000,29.550000,0.000000,0.000000,false,false,0.000000,0.000000,0.000000,0.000000,0.000000,0.000000,,0.000000,0.000000
vale_militia_archer,Vale Militia Archer,0,60.000000,17.000000,0.000000,0.000000,false,false,0.000000,0.000000,0.000000,0.000000,0.000000,0.000000,,0.000000,0.000000
vale_militia_archer,Vale Militia Archer,1,60.000000,17.000000,0.000000,0.000000,false,false,0.000000,0.000000,0.000000,0.000000,0.000000,0.000000,,0.000000,0.000000
vale_militia_archer,Vale Militia Archer,2,60.000000,17.000000,0.000000,0.000000,false,false,0.000000,0.000000,0.000000,0.000000,0.000000,0.000000,,0.000000,0.000000
vale_militia_archer,Vale Militia Archer,3,60.000000,17.000000,0.000000,0.000000,false,false,0.000000,0.000000,0.000000,0.000000,0.000000,0.000000,,0.000000,0.000000
vale_militia_spearman,Vale Militia Spearman,0,69.000000,20.150000,200.000000,1.000000,true,false,0.000000,0.000000,0.000000,0.000000,0.000000,0.000000,,1.000000,0.000000
vale_militia_spearman,Vale Militia Spearman,1,69.000000,20.150000,200.000000,1.000000,true,false,0.000000,0.000000,0.000000,0.000000,0.000000,0.000000,,1.000000,0.000000
vale_militia_spearman,Vale Militia Spearman,2,69.000000,20.150000,200.000000,1.000000,true,false,0.000000,0.000000,0.000000,0.000000,0.000000,0.000000,,1.000000,0.000000
vale_militia_spearman,Vale Militia Spearman,3,69.000000,20.150000,200.000000,1.000000,true,false,0.000000,0.000000,0.000000,0.000000,0.000000,0.000000,,1.000000,0.000000
vale_militia_veteran_archer,Vale Militia Veteran Archer,0,69.000000,20.150000,0.000000,0.000000,false,false,0.000000,0.000000,0.000000,0.000000,0.000000,0.000000,,0.000000,0.000000
vale_militia_veteran_archer,Vale Militia Veteran Archer,1,69.000000,20.150000,0.000000,0.000000,false,false,0.000000,0.000000,0.000000,0.000000,0.000000,0.000000,,0.000000,0.000000
vale_militia_veteran_archer,Vale Militia Veteran Archer,2,69.000000,20.150000,0.000000,0.000000,false,false,0.000000,0.000000,0.000000,0.000000,0.000000,0.000000,,0.000000,0.000000
vale_militia_veteran_archer,Vale Militia Veteran Archer,3,69.000000,20.150000,0.000000,0.000000,false,false,0.000000,0.000000,0.000000,0.000000,0.000000,0.000000,,0.000000,0.000000
vale_militia_veteran_spearman,Vale Militia Veteran Spearman,0,131.000000,38.650000,305.000000,1.000000,true,false,0.000000,0.000000,0.000000,0.000000,0.000000,0.000000,,1.000000,0.000000
vale_militia_veteran_spearman,Vale Militia Veteran Spearman,1,131.000000,38.650000,305.000000,1.000000,true,false,0.000000,0.000000,0.000000,0.000000,0.000000,0.000000,,1.000000,0.000000
vale_militia_veteran_spearman,Vale Militia Veteran Spearman,2,131.000000,38.650000,305.000000,1.000000,true,false,0.000000,0.000000,0.000000,0.000000,0.000000,0.000000,,1.000000,0.000000
vale_militia_veteran_spearman,Vale Militia Veteran Spearman,3,131.000000,38.650000,305.000000,1.000000,true,false,0.000000,0.000000,0.000000,0.000000,0.000000,0.000000,,1.000000,0.000000
vale_page,Vale Page,0,41.000000,9.550000,0.000000,0.000000,false,false,0.000000,0.000000,0.000000,0.000000,0.000000,0.000000,,0.000000,0.000000
vale_recruit,Vale Recruit,0,37.000000,9.350000,0.000000,0.000000,false,false,0.000000,0.000000,0.000000,0.000000,0.000000,0.000000,,0.000000,0.000000
vale_rider,Vale Rider,0,91.000000,29.650000,280.000000,8.000000,true,true,18.000000,10.000000,53.000000,55.000000,20.000000,20.000000,empire_horse,1.000000,1.000000
vale_soldier,Vale Soldier,0,107.000000,39.450000,280.000000,8.000000,true,false,0.000000,0.000000,0.000000,0.000000,0.000000,0.000000,,1.000000,0.000000
vale_squire,Vale Squire,0,66.000000,21.800000,280.000000,8.000000,true,false,0.000000,0.000000,0.000000,0.000000,0.000000,0.000000,,1.000000,0.000000
vale_voulgier,Vale Voulgier,0,121.000000,40.150000,280.000000,8.000000,true,true,35.000000,10.000000,53.000000,55.000000,20.000000,20.000000,empire_horse,1.000000,1.000000
valyrian_captain,Valyrian Captain,0,184.000000,56.000000,400.000000,7.000000,true,false,0.000000,0.000000,0.000000,0.000000,0.000000,0.000000,,1.000000,0.000000
valyrian_dragonknight,Valyrian Dragonknight,0,178.000000,57.900000,430.000000,1.000000,true,true,75.000000,40.000000,58.000000,58.000000,30.000000,30.000000,t2_vlandia_horse,1.000000,1.000000
valyrian_dragonlord_protector,Valyrian Dragonlord Protector,0,190.000000,58.500000,430.000000,1.000000,true,true,75.000000,40.000000,58.000000,58.000000,30.000000,30.000000,t2_vlandia_horse,1.000000,1.000000
valyrian_knight,Valyrian Knight,0,163.000000,49.650000,300.000000,10.000000,true,true,35.000000,10.000000,53.000000,61.000000,22.000000,22.000000,vlandia_horse,1.000000,1.000000
valyrian_militia_archer,Valyrian Militia Archer,0,60.000000,17.000000,0.000000,0.000000,false,false,0.000000,0.000000,0.000000,0.000000,0.000000,0.000000,,0.000000,0.000000
valyrian_militia_archer,Valyrian Militia Archer,1,60.000000,17.000000,0.000000,0.000000,false,false,0.000000,0.000000,0.000000,0.000000,0.000000,0.000000,,0.000000,0.000000
valyrian_militia_spearman,Valyrian Militia Spearman,0,69.000000,20.150000,220.000000,1.000000,true,false,0.000000,0.000000,0.000000,0.000000,0.000000,0.000000,,1.000000,0.000000
valyrian_militia_spearman,Valyrian Militia Spearman,1,69.000000,20.150000,220.000000,1.000000,true,false,0.000000,0.000000,0.000000,0.000000,0.000000,0.000000,,1.000000,0.000000
valyrian_militia_veteran_archer,Valyrian Militia Veteran Archer,0,69.000000,20.150000,0.000000,0.000000,false,false,0.000000,0.000000,0.000000,0.000000,0.000000,0.000000,,0.000000,0.000000
valyrian_militia_veteran_archer,Valyrian Militia Veteran Archer,1,69.000000,20.150000,0.000000,0.000000,false,false,0.000000,0.000000,0.000000,0.000000,0.000000,0.000000,,0.000000,0.000000
valyrian_militia_veteran_spearman,Valyrian Militia Veteran Spearman,0,134.000000,40.000000,360.000000,9.000000,true,false,0.000000,0.000000,0.000000,0.000000,0.000000,0.000000,,1.000000,0.000000
valyrian_militia_veteran_spearman,Valyrian Militia Veteran Spearman,1,134.000000,40.000000,360.000000,9.000000,true,false,0.000000,0.000000,0.000000,0.000000,0.000000,0.000000,,1.000000,0.000000
valyrian_noble_recruit,Valyrian Noble's Son,0,41.000000,11.050000,0.000000,0.000000,false,false,0.000000,0.000000,0.000000,0.000000,0.000000,0.000000,,0.000000,0.000000
valyrian_recruit,Valyrian Recruit,0,37.000000,9.350000,0.000000,0.000000,false,false,0.000000,0.000000,0.000000,0.000000,0.000000,0.000000,,0.000000,0.000000
valyrian_scout,Valyrian Scout,0,149.000000,43.750000,400.000000,7.000000,true,true,35.000000,10.000000,53.000000,61.000000,22.000000,22.000000,vlandia_horse,1.000000,1.000000
valyrian_squire,Valyrian Squire,0,104.000000,30.000000,300.000000,10.000000,true,false,0.000000,0.000000,0.000000,0.000000,0.000000,0.000000,,1.000000,0.000000
velaryon_crossbowman,Velaryon Crossbowman,0,126.000000,31.700000,0.000000,0.000000,false,false,0.000000,0.000000,0.000000,0.000000,0.000000,0.000000,,0.000000,0.000000
velaryon_horseman,Velaryon Horseman,0,168.000000,50.800000,500.000000,1.000000,true,true,35.000000,40.000000,58.000000,58.000000,30.000000,30.000000,t2_vlandia_horse,1.000000,1.000000
velaryon_marksman,Velaryon Marksman,0,147.000000,42.750000,0.000000,0.000000,false,false,0.000000,0.000000,0.000000,0.000000,0.000000,0.000000,,0.000000,0.000000
velaryon_recruit,Velaryon Recruit,0,37.000000,9.350000,0.000000,0.000000,false,false,0.000000,0.000000,0.000000,0.000000,0.000000,0.000000,,0.000000,0.000000
velaryon_renegade,Velaryon Renegade,0,168.000000,50.800000,315.000000,9.000000,true,false,0.000000,0.000000,0.000000,0.000000,0.000000,0.000000,,1.000000,0.000000
velaryon_scout,Velaryon Scout,0,127.000000,31.750000,315.000000,9.000000,true,true,35.000000,10.000000,53.000000,61.000000,22.000000,22.000000,vlandia_horse,1.000000,1.000000
velaryon_sea_guard,Velaryon Sea Guard,0,168.000000,50.800000,500.000000,1.000000,true,false,0.000000,0.000000,0.000000,0.000000,0.000000,0.000000,,1.000000,0.000000
velaryon_shipman,Velaryon Shipmate,0,106.000000,30.700000,0.000000,0.000000,false,false,0.000000,0.000000,0.000000,0.000000,0.000000,0.000000,,0.000000,0.000000
velaryon_soldier,Velaryon Sailor,0,105.000000,30.650000,315.000000,9.000000,true,false,0.000000,0.000000,0.000000,0.000000,0.000000,0.000000,,1.000000,0.000000
velaryon_warrior,Velaryon Marine,0,147.000000,42.750000,315.000000,9.000000,true,false,0.000000,0.000000,0.000000,0.000000,0.000000,0.000000,,1.000000,0.000000
vicious_wight,Vicious Wight,0,123.000000,30.450000,420.000000,9.000000,true,false,0.000000,0.000000,0.000000,0.000000,0.000000,0.000000,,1.000000,0.000000
volantine_bowman,Volantene Bowman,0,77.000000,24.350000,0.000000,0.000000,false,false,0.000000,0.000000,0.000000,0.000000,0.000000,0.000000,,0.000000,0.000000
volantine_footman,Volantene Footman,0,65.000000,20.150000,0.000000,0.000000,false,false,0.000000,0.000000,0.000000,0.000000,0.000000,0.000000,,0.000000,0.000000
volantine_militia_archer,Volantene Militia Archer,0,60.000000,17.000000,0.000000,0.000000,false,false,0.000000,0.000000,0.000000,0.000000,0.000000,0.000000,,0.000000,0.000000
volantine_militia_archer,Volantene Militia Archer,1,60.000000,17.000000,0.000000,0.000000,false,false,0.000000,0.000000,0.000000,0.000000,0.000000,0.000000,,0.000000,0.000000
volantine_militia_spearman,Volantene Militia Spearman,0,69.000000,20.150000,220.000000,1.000000,true,false,0.000000,0.000000,0.000000,0.000000,0.000000,0.000000,,1.000000,0.000000
volantine_militia_spearman,Volantene Militia Spearman,1,69.000000,20.150000,220.000000,1.000000,true,false,0.000000,0.000000,0.000000,0.000000,0.000000,0.000000,,1.000000,0.000000
volantine_militia_veteran_archer,Volantene Militia Veteran Archer,0,69.000000,20.150000,0.000000,0.000000,false,false,0.000000,0.000000,0.000000,0.000000,0.000000,0.000000,,0.000000,0.000000
volantine_militia_veteran_archer,Volantene Militia Veteran Archer,1,69.000000,20.150000,0.000000,0.000000,false,false,0.000000,0.000000,0.000000,0.000000,0.000000,0.000000,,0.000000,0.000000
volantine_militia_veteran_spearman,Volantene Militia Veteran Spearman,0,138.000000,37.900000,360.000000,9.000000,true,false,0.000000,0.000000,0.000000,0.000000,0.000000,0.000000,,1.000000,0.000000
volantine_militia_veteran_spearman,Volantene Militia Veteran Spearman,1,138.000000,37.900000,360.000000,9.000000,true,false,0.000000,0.000000,0.000000,0.000000,0.000000,0.000000,,1.000000,0.000000
volantine_noble_recruit,Volantene Noble Youth,0,41.000000,9.550000,0.000000,0.000000,false,false,0.000000,0.000000,0.000000,0.000000,0.000000,0.000000,,0.000000,0.000000
volantine_recruit,Volantene Recruit,0,37.000000,9.350000,0.000000,0.000000,false,false,0.000000,0.000000,0.000000,0.000000,0.000000,0.000000,,0.000000,0.000000
volantine_soldier,Volantene Soldier,0,108.000000,37.400000,360.000000,1.000000,true,false,0.000000,0.000000,0.000000,0.000000,0.000000,0.000000,,1.000000,0.000000
westerling_archer,Westerling Archer,0,113.000000,34.450000,0.000000,0.000000,false,false,0.000000,0.000000,0.000000,0.000000,0.000000,0.000000,,0.000000,0.000000
westerling_elite_archer,Westerling Elite Archer,0,128.000000,40.700000,0.000000,0.000000,false,false,0.000000,0.000000,0.000000,0.000000,0.000000,0.000000,,0.000000,0.000000
westerling_footman,Westerling Footman,0,113.000000,34.450000,280.000000,8.000000,true,false,0.000000,0.000000,0.000000,0.000000,0.000000,0.000000,,1.000000,0.000000
westerling_hedgeknight,Westerling Hedgeknight,0,204.000000,58.300000,380.000000,9.000000,true,false,0.000000,0.000000,0.000000,0.000000,0.000000,0.000000,,1.000000,0.000000
westerling_horseman,Westerling Knight,0,194.000000,55.200000,380.000000,9.000000,true,true,75.000000,10.000000,53.000000,61.000000,22.000000,22.000000,vlandia_horse,1.000000,1.000000
westerling_houseguard,Westerling House Guard,0,194.000000,55.200000,380.000000,9.000000,true,false,0.000000,0.000000,0.000000,0.000000,0.000000,0.000000,,1.000000,0.000000
westerling_levy,Westerling Levy,0,104.000000,34.000000,280.000000,8.000000,true,false,0.000000,0.000000,0.000000,0.000000,0.000000,0.000000,,1.000000,0.000000
westerling_man_at_arms,Westerling Man at Arms,0,175.000000,48.750000,380.000000,9.000000,true,false,0.000000,0.000000,0.000000,0.000000,0.000000,0.000000,,1.000000,0.000000
westerling_recruit,Westerling Recruit,0,37.000000,9.350000,0.000000,0.000000,false,false,0.000000,0.000000,0.000000,0.000000,0.000000,0.000000,,0.000000,0.000000
westerling_rider,Westerling Scout,0,113.000000,34.450000,280.000000,8.000000,true,true,35.000000,10.000000,53.000000,61.000000,22.000000,22.000000,vlandia_horse,1.000000,1.000000
whiteharbor_elite_knight,White Harbor Elite Knight,0,190.000000,55.800000,400.000000,9.000000,true,true,75.000000,70.000000,55.000000,66.000000,22.000000,22.000000,t2_battania_horse,1.000000,1.000000
whiteharbor_elite_pikeman,White Harbor Pike Knight,0,184.000000,52.500000,400.000000,9.000000,true,false,0.000000,0.000000,0.000000,0.000000,0.000000,0.000000,,1.000000,0.000000
whiteharbor_footman,Manderly Footman,0,106.000000,30.700000,360.000000,9.000000,true,false,0.000000,0.000000,0.000000,0.000000,0.000000,0.000000,,1.000000,0.000000
whiteharbor_knight,White Harbor Knight,0,164.000000,49.100000,400.000000,9.000000,true,true,75.000000,15.000000,48.000000,65.000000,16.000000,16.000000,hunter,1.000000,1.000000
whiteharbor_knight_commander,White Harbor Knight Commander,0,191.000000,55.850000,400.000000,9.000000,true,true,75.000000,90.000000,62.000000,69.000000,23.000000,23.000000,t3_battania_horse,1.000000,1.000000
whiteharbor_levy,Manderly Levy,0,79.000000,23.650000,215.000000,1.000000,true,false,0.000000,0.000000,0.000000,0.000000,0.000000,0.000000,,1.000000,0.000000
whiteharbor_squire,White Harbor Squire,0,106.000000,30.700000,360.000000,9.000000,true,true,18.000000,20.000000,52.000000,57.000000,20.000000,20.000000,battania_horse,1.000000,1.000000
whiteharbor_volunteer,Manderly Recruit,0,37.000000,9.350000,0.000000,0.000000,false,false,0.000000,0.000000,0.000000,0.000000,0.000000,0.000000,,0.000000,0.000000
whiteharbor_volunteer,Manderly Recruit,1,37.000000,9.350000,0.000000,0.000000,false,false,0.000000,0.000000,0.000000,0.000000,0.000000,0.000000,,0.000000,0.000000
whiteharbor_volunteer,Manderly Recruit,2,37.000000,9.350000,0.000000,0.000000,false,false,0.000000,0.000000,0.000000,0.000000,0.000000,0.000000,,0.000000,0.000000
whiteharbor_volunteer,Manderly Recruit,3,37.000000,9.350000,0.000000,0.000000,false,false,0.000000,0.000000,0.000000,0.000000,0.000000,0.000000,,0.000000,0.000000
wight_militia_archer,Wight Militia Archer,0,25.000000,6.050000,0.000000,0.000000,false,false,0.000000,0.000000,0.000000,0.000000,0.000000,0.000000,,0.000000,0.000000
wight_militia_archer,Wight Militia Archer,1,30.000000,8.300000,0.000000,0.000000,false,false,0.000000,0.000000,0.000000,0.000000,0.000000,0.000000,,0.000000,0.000000
wight_militia_archer,Wight Militia Archer,2,26.000000,5.300000,0.000000,0.000000,false,false,0.000000,0.000000,0.000000,0.000000,0.000000,0.000000,,0.000000,0.000000
wight_militia_archer,Wight Militia Archer,3,24.000000,6.200000,0.000000,0.000000,false,false,0.000000,0.000000,0.000000,0.000000,0.000000,0.000000,,0.000000,0.000000
wight_militia_spearman,Wight Militia Spearman,0,25.000000,4.250000,200.000000,1.000000,true,false,0.000000,0.000000,0.000000,0.000000,0.000000,0.000000,,1.000000,0.000000
wight_militia_spearman,Wight Militia Spearman,1,26.000000,5.300000,200.000000,1.000000,true,false,0.000000,0.000000,0.000000,0.000000,0.000000,0.000000,,1.000000,0.000000
wight_militia_spearman,Wight Militia Spearman,2,40.000000,9.500000,200.000000,1.000000,true,false,0.000000,0.000000,0.000000,0.000000,0.000000,0.000000,,1.000000,0.000000
wight_militia_spearman,Wight Militia Spearman,3,49.000000,12.650000,200.000000,1.000000,true,false,0.000000,0.000000,0.000000,0.000000,0.000000,0.000000,,1.000000,0.000000
wight_militia_veteran_archer,Wight Militia Veteran Archer,0,42.000000,12.400000,0.000000,0.000000,false,false,0.000000,0.000000,0.000000,0.000000,0.000000,0.000000,,0.000000,0.000000
wight_militia_veteran_archer,Wight Militia Veteran Archer,1,42.000000,12.400000,0.000000,0.000000,false,false,0.000000,0.000000,0.000000,0.000000,0.000000,0.000000,,0.000000,0.000000
wight_militia_veteran_archer,Wight Militia Veteran Archer,2,46.000000,13.600000,0.000000,0.000000,false,false,0.000000,0.000000,0.000000,0.000000,0.000000,0.000000,,0.000000,0.000000
wight_militia_veteran_archer,Wight Militia Veteran Archer,3,46.000000,13.600000,0.000000,0.000000,false,false,0.000000,0.000000,0.000000,0.000000,0.000000,0.000000,,0.000000,0.000000
wight_militia_veteran_spearman,Wight Militia Veteran Spearman,0,55.000000,12.650000,300.000000,1.000000,true,false,0.000000,0.000000,0.000000,0.000000,0.000000,0.000000,,1.000000,0.000000
wight_militia_veteran_spearman,Wight Militia Veteran Spearman,1,46.000000,12.000000,300.000000,1.000000,true,false,0.000000,0.000000,0.000000,0.000000,0.000000,0.000000,,1.000000,0.000000
wight_militia_veteran_spearman,Wight Militia Veteran Spearman,2,57.000000,13.750000,300.000000,1.000000,true,false,0.000000,0.000000,0.000000,0.000000,0.000000,0.000000,,1.000000,0.000000
wight_militia_veteran_spearman,Wight Militia Veteran Spearman,3,57.000000,13.750000,300.000000,1.000000,true,false,0.000000,0.000000,0.000000,0.000000,0.000000,0.000000,,1.000000,0.000000
wight_recruit,Wight,0,0,0.000000,0.000000,0.000000,false,false,0.000000,0.000000,0.000000,0.000000,0.000000,0.000000,,0.000000,0.000000
yiti_bowman,Yi Ti Bowman,0,117.000000,35.950000,0.000000,0.000000,false,false,0.000000,0.000000,0.000000,0.000000,0.000000,0.000000,,0.000000,0.000000
yiti_footman,Yi Ti Footman,0,66.000000,19.100000,0.000000,0.000000,false,false,0.000000,0.000000,0.000000,0.000000,0.000000,0.000000,,0.000000,0.000000
yiti_horseman,Yi Ti Glaiveman,0,177.000000,50.450000,360.000000,9.000000,true,true,65.000000,0.000000,54.000000,67.000000,16.000000,16.000000,khuzait_horse,1.000000,1.000000
yiti_infantryman,Yi Ti Infantryman,0,107.000000,30.450000,360.000000,9.000000,true,false,0.000000,0.000000,0.000000,0.000000,0.000000,0.000000,,1.000000,0.000000
yiti_master_bowman,Yi Ti Marksman,0,163.000000,45.750000,0.000000,0.000000,false,false,0.000000,0.000000,0.000000,0.000000,0.000000,0.000000,,0.000000,0.000000
yiti_militia_archer,Yitish Militia Archer,0,60.000000,17.000000,0.000000,0.000000,false,false,0.000000,0.000000,0.000000,0.000000,0.000000,0.000000,,0.000000,0.000000
yiti_militia_archer,Yitish Militia Archer,1,60.000000,17.000000,0.000000,0.000000,false,false,0.000000,0.000000,0.000000,0.000000,0.000000,0.000000,,0.000000,0.000000
yiti_militia_spearman,YiTish Militia Spearman,0,70.000000,20.500000,220.000000,1.000000,true,false,0.000000,0.000000,0.000000,0.000000,0.000000,0.000000,,1.000000,0.000000
yiti_militia_spearman,YiTish Militia Spearman,1,70.000000,20.500000,220.000000,1.000000,true,false,0.000000,0.000000,0.000000,0.000000,0.000000,0.000000,,1.000000,0.000000
yiti_militia_veteran_archer,YiTish Militia Veteran Archer,0,70.000000,20.500000,0.000000,0.000000,false,false,0.000000,0.000000,0.000000,0.000000,0.000000,0.000000,,0.000000,0.000000
yiti_militia_veteran_archer,YiTish Militia Veteran Archer,1,70.000000,20.500000,0.000000,0.000000,false,false,0.000000,0.000000,0.000000,0.000000,0.000000,0.000000,,0.000000,0.000000
yiti_militia_veteran_spearman,YiTish Militia Veteran Spearman,0,142.000000,39.200000,510.000000,1.000000,true,false,0.000000,0.000000,0.000000,0.000000,0.000000,0.000000,,1.000000,0.000000
yiti_militia_veteran_spearman,YiTish Militia Veteran Spearman,1,142.000000,39.200000,510.000000,1.000000,true,false,0.000000,0.000000,0.000000,0.000000,0.000000,0.000000,,1.000000,0.000000
yiti_pikeman,Yi Ti Shi,0,177.000000,50.450000,0.000000,0.000000,false,false,0.000000,0.000000,0.000000,0.000000,0.000000,0.000000,,0.000000,0.000000
yiti_recruit,Yi Ti Recruit,0,49.000000,13.550000,0.000000,0.000000,false,false,0.000000,0.000000,0.000000,0.000000,0.000000,0.000000,,0.000000,0.000000
yiti_recruit,Yi Ti Recruit,1,37.000000,9.350000,0.000000,0.000000,false,false,0.000000,0.000000,0.000000,0.000000,0.000000,0.000000,,0.000000,0.000000
yiti_recruit,Yi Ti Recruit,2,44.000000,11.800000,0.000000,0.000000,false,false,0.000000,0.000000,0.000000,0.000000,0.000000,0.000000,,0.000000,0.000000
yiti_recruit,Yi Ti Recruit,3,44.000000,11.800000,0.000000,0.000000,false,false,0.000000,0.000000,0.000000,0.000000,0.000000,0.000000,,0.000000,0.000000
yiti_rider,Yi Ti Rider,0,137.000000,42.950000,360.000000,9.000000,true,true,12.000000,0.000000,54.000000,67.000000,16.000000,16.000000,khuzait_horse,1.000000,1.000000
yiti_samurai,Yi Ti Mounted Shi,0,198.000000,58.400000,0.000000,0.000000,false,true,65.000000,35.000000,60.000000,77.000000,20.000000,20.000000,t3_khuzait_horse,0.000000,1.000000
yiti_spearman,Yi Ti Spearman,0,137.000000,42.950000,360.000000,9.000000,true,false,0.000000,0.000000,0.000000,0.000000,0.000000,0.000000,,1.000000,0.000000
yiti_veteran_bowman,Yi Ti Archer,0,137.000000,42.950000,0.000000,0.000000,false,false,0.000000,0.000000,0.000000,0.000000,0.000000,0.000000,,0.000000,0.000000
yronwood_archer,Yronwood Archer,0,125.000000,40.350000,0.000000,0.000000,false,false,0.000000,0.000000,0.000000,0.000000,0.000000,0.000000,,0.000000,0.000000
yronwood_horseman,Yronwood Horseman,0,147.000000,48.450000,280.000000,8.000000,true,true,35.000000,10.000000,54.000000,59.000000,14.000000,14.000000,aserai_horse,1.000000,1.000000
yronwood_knight,Yronwood Knight,0,147.000000,48.450000,280.000000,1.000000,true,true,75.000000,20.000000,60.000000,73.000000,18.000000,18.000000,t2_aserai_horse,1.000000,1.000000
yronwood_levy,Yronwood Levy,0,97.000000,29.950000,345.000000,1.000000,true,false,0.000000,0.000000,0.000000,0.000000,0.000000,0.000000,,1.000000,0.000000
yronwood_man_at_arms,Yronwood Man at Arms,0,122.000000,40.200000,345.000000,1.000000,true,false,0.000000,0.000000,0.000000,0.000000,0.000000,0.000000,,1.000000,0.000000
yronwood_pikeman,Yronwood Pikeman,0,147.000000,48.450000,280.000000,8.000000,true,false,0.000000,0.000000,0.000000,0.000000,0.000000,0.000000,,1.000000,0.000000
yronwood_recruit,Yronwood Recruit,0,37.000000,9.350000,0.000000,0.000000,false,false,0.000000,0.000000,0.000000,0.000000,0.000000,0.000000,,0.000000,0.000000
yronwood_veteran_archer,Yronwood Veteran Archer,0,126.000000,40.400000,0.000000,0.000000,false,false,0.000000,0.000000,0.000000,0.000000,0.000000,0.000000,,0.000000,0.000000
yronwood_veteran_pikeman,Yronwood Veteran Pikeman,0,147.000000,48.450000,280.000000,8.000000,true,false,0.000000,0.000000,0.000000,0.000000,0.000000,0.000000,,1.000000,0.000000
