item_id,piece_id,piece_type,scale_factor
mp_hatchet_axe,mp_hatchet_axe_head,Blade,110
mp_hatchet_axe,mp_hatchet_axe_handle,Handle,110
mp_aserai_axe,mp_aserai_axe_head,Blade,110
mp_aserai_axe,mp_aserai_axe_handle,Handle,110
mp_empire_axe,mp_empire_axe_head,Blade,110
mp_empire_axe,mp_empire_axe_handle,Handle,110
mp_empire_heavy_axe,mp_empire_heavy_axe_head,Blade,92
mp_empire_heavy_axe,mp_empire_heavy_axe_handle,Handle,107
mp_empire_heavy_axe,mp_spear_pommel_8,Pommel,
mp_empire_battle_axe,mp_empire_battle_axe_head,Blade,110
mp_empire_battle_axe,mp_empire_battle_axe_handle,Handle,110
mp_vlandian_billhook,mp_vlandian_billhook_head,Blade,104
mp_vlandian_billhook,mp_vlandian_billhook_handle,Handle,100
mp_vlandian_sickle,mp_vlandian_sickle_head,Blade,90
mp_vlandian_sickle,mp_vlandia_sickle_handle,Handle,90
mp_empire_long_twohandedaxe,mp_empire_2haxe_head,Blade,110
mp_empire_long_twohandedaxe,mp_empire_2haxe_handle,Handle,110
mp_empire_short_twohandedaxe,mp_empire_short_2axe_head,Blade,100
mp_empire_short_twohandedaxe,mp_empire_short_2haxe_handle,Handle,100
mp_battania_woodcutters_axe,mp_battania_woodcutters_axe_head,Blade,
mp_battania_woodcutters_axe,mp_battania_woodcutters_axe_handle,Handle,100
mp_aserai_twohanded_axe,mp_aserai_2haxe_head,Blade,100
mp_aserai_twohanded_axe,mp_aserai_2haxe_handle,Handle,110
mp_aserai_strong_twohanded_axe,mp_aserai_strong_2haxe_head,Blade,100
mp_aserai_strong_twohanded_axe,mp_aserai_strong_2haxe_handle,Handle,105
mp_sturgia_axe,mp_sturgia_axe_head,Blade,110
mp_sturgia_axe,mp_sturgia_axe_handle,Handle,110
mp_sturgia_heavy_axe,mp_sturgia_heavy_axe_head,Blade,110
mp_sturgia_heavy_axe,mp_sturgia_heavy_axe_handle,Handle,110
mp_sturgia_noble_axe,mp_sturgia_noble_axe_head,Blade,110
mp_sturgia_noble_axe,mp_sturgia_heavy_axe_handle,Handle,110
mp_sturgia_cavalry_axe,mp_sturgia_cavalry_axe_head,Blade,
mp_sturgia_cavalry_axe,mp_sturgia_cavalry_axe_handle,Handle,110
mp_sturgia_twohanded_axe,mp_sturgia_2haxe_head,Blade,110
mp_sturgia_twohanded_axe,mp_sturgia_2haxe_handle,Handle,95
mp_sturgia_long_twohanded_axe,mp_sturgia_long_2haxe_head,Blade,
mp_sturgia_long_twohanded_axe,mp_sturgia_long_2haxe_handle,Handle,110
mp_khuzait_light_axe,mp_khuzait_light_axe_head,Blade,110
mp_khuzait_light_axe,mp_empire_battle_axe_handle,Handle,94
mp_khuzait_light_axe,mp_spear_pommel_8,Pommel,
mp_khuzait_sichel,mp_khuzait_sichel_blade,Blade,100
mp_khuzait_sichel,mp_khuzait_sichel_handle,Handle,95
mp_sturgia_woodsplitter_axe,mp_sturiga_woodsplitter_axe_head,Blade,110
mp_sturgia_woodsplitter_axe,mp_sturiga_woodsplitter_axe_handle,Handle,110
mp_vlandian_axe,mp_vlandian_axe_head,Blade,110
mp_vlandian_axe,mp_empire_axe_handle,Handle,110
mp_vlandian_bastard_axe,mp_vlandia_bastard_axe_head,Blade,110
mp_vlandian_bastard_axe,mp_vlandia_bastard_axe_handle,Handle,110
mp_battania_axe,mp_battania_axe_head,Blade,110
mp_battania_axe,mp_battania_axe_handle,Handle,110
mp_vlandian_pick_axe,mp_vlandian_pick_axe_head,Blade,110
mp_vlandian_pick_axe,mp_vlandian_pick_axe_handle,Handle,110
mp_vlandian_halberd_lol,mp_vlandia_halberd_head,Blade,107
mp_vlandian_halberd_lol,mp_vlandia_halberd_handle,Handle,105
mp_test_axe,mp_test_axe_head,Blade,110
mp_test_axe,mp_test_axe_handle,Handle,110
mp_test_twohandedaxe,mp_test_2haxe_head,Blade,
mp_test_twohandedaxe,mp_test_2haxe_handle,Handle,103
mp_vlandian_polearm,mp_vlandia_polearm_head,Blade,110
mp_vlandian_polearm,mp_vlandia_polearm_handle,Handle,100
mp_empire_menavlion,mp_empire_menavlion_blade,Blade,90
mp_empire_menavlion,mp_spear_guard_3,Guard,110
mp_empire_menavlion,mp_empire_menavlion_handle,Handle,90
mp_empire_menavlion,mp_default_polearm_pommel,Pommel,
mp_empire_cavalry_menavlion,mp_empire_cavalry_menavlion_blade,Blade,90
mp_empire_cavalry_menavlion,mp_spear_guard_3,Guard,110
mp_empire_cavalry_menavlion,mp_empire_cavalry_menavlion_handle,Handle,90
mp_empire_cavalry_menavlion,mp_default_polearm_pommel,Pommel,
mp_empire_long_menavlion,mp_empire_long_menavlion_blade,Blade,90
mp_empire_long_menavlion,mp_spear_guard_3,Guard,110
mp_empire_long_menavlion,mp_empire_long_menavlion_handle,Handle,95
mp_empire_long_menavlion,mp_default_polearm_pommel,Pommel,
mp_empire_heavy_menavlion,mp_empire_heavy_menavlion_blade,Blade,104
mp_empire_heavy_menavlion,mp_spear_guard_6,Guard,110
mp_empire_heavy_menavlion,mp_empire_heavy_menavlion_handle,Handle,90
mp_empire_heavy_menavlion,mp_default_polearm_pommel,Pommel,
mp_empire_polearm,mp_empire_polearm_blade,Blade,110
mp_empire_polearm,mp_default_polearm_guard,Guard,
mp_empire_polearm,mp_empire_polearm_handle,Handle,109
mp_empire_polearm,mp_default_polearm_pommel,Pommel,
mp_khuzait_glaive,mp_khuzait_glaive_blade,Blade,96
mp_khuzait_glaive,mp_khuzait_glaive_handle,Handle,94
mp_khuzait_heavy_glaive,mp_khuzait_heavy_glaive_blade,Blade,100
mp_khuzait_heavy_glaive,mp_spear_guard_13,Guard,
mp_khuzait_heavy_glaive,mp_khuzait_heavy_glaive_handle,Handle,90
mp_khuzait_heavy_glaive,mp_default_polearm_pommel,Pommel,
mp_western_long_spear,mp_western_long_spear_blade,Blade,
mp_western_long_spear,mp_spear_guard_6,Guard,
mp_western_long_spear,mp_western_long_spear_handle,Handle,102
mp_western_long_spear,mp_spear_pommel_7,Pommel,90
mp_western_cavalry_spear,mp_western_cavalry_spear_blade,Blade,110
mp_western_cavalry_spear,mp_western_long_spear_handle,Handle,109
mp_western_cavalry_spear,mp_spear_pommel_7,Pommel,90
mp_western_short_spear,mp_sturgia_short_spear_blade,Blade,90
mp_western_short_spear,mp_western_spear_handle,Handle,90
mp_western_short_spear,mp_spear_pommel_7,Pommel,90
mp_western_spear,mp_western_spear_blade,Blade,100
mp_western_spear,mp_spear_guard_1,Guard,
mp_western_spear,mp_western_spear_handle,Handle,110
mp_western_spear,mp_spear_pommel_7,Pommel,90
mp_western_pitchfork_metal,mp_western_pitchfork_metal_blade,Blade,105
mp_western_pitchfork_metal,mp_western_pitchfork_handle,Handle,100
mp_western_pitchfork_wood,mp_western_pitchfork_wood_blade,Blade,105
mp_western_pitchfork_wood,mp_western_pitchfork_handle,Handle,90
mp_western_scythe,mp_western_scythe_blade,Blade,100
mp_western_scythe,mp_default_polearm_guard,Guard,100
mp_western_scythe,mp_empire_polearm_handle,Handle,90
mp_western_scythe,mp_default_polearm_pommel,Pommel,100
mp_western_2h_sickle,mp_western_2h_sickle_blade,Blade,110
mp_western_2h_sickle,mp_default_polearm_guard,Guard,100
mp_western_2h_sickle,mp_empire_polearm_handle,Handle,95
mp_western_2h_sickle,mp_default_polearm_pommel,Pommel,100
mp_western_2h_shovel,mp_western_shovel_blade,Blade,110
mp_western_2h_shovel,mp_default_polearm_guard,Guard,100
mp_western_2h_shovel,mp_empire_polearm_handle,Handle,90
mp_western_2h_shovel,mp_default_polearm_pommel,Pommel,100
mp_aserai_pike,mp_aserai_pike_blade,Blade,100
mp_aserai_pike,mp_spear_guard_11,Guard,
mp_aserai_pike,mp_aserai_pike_handle,Handle,98
mp_vlandian_pike,mp_vlandian_pike_blade,Blade,100
mp_vlandian_pike,mp_spear_guard_11,Guard,
mp_vlandian_pike,mp_vlandian_pike_handle,Handle,98
mp_khuzait_spear,mp_khuzait_spear_blade,Blade,110
mp_khuzait_spear,mp_spear_guard_15,Guard,90
mp_khuzait_spear,mp_khuzait_spear_handle,Handle,108
mp_khuzait_spear,mp_spear_pommel_2,Pommel,
mp_khuzait_short_spear,mp_khuzait_short_spear_blade,Blade,100
mp_khuzait_short_spear,mp_spear_guard_18,Guard,
mp_khuzait_short_spear,mp_khuzait_short_spear_handle,Handle,105
mp_khuzait_short_spear,mp_spear_pommel_2,Pommel,
mp_khuzait_long_spear,mp_khuzait_long_spear_blade,Blade,103
mp_khuzait_long_spear,mp_spear_guard_1,Guard,
mp_khuzait_long_spear,mp_khuzait_long_spear_handle,Handle,
mp_khuzait_long_spear,mp_spear_pommel_2,Pommel,
mp_khuzait_long_infantry_spear,mp_khuzait_long_infantry_spear_blade,Blade,
mp_khuzait_long_infantry_spear,mp_spear_guard_13,Guard,
mp_khuzait_long_infantry_spear,mp_khuzait_long_spear_handle,Handle,
mp_khuzait_long_infantry_spear,mp_spear_pommel_2,Pommel,
mp_khuzait_cavalry_spear,mp_khuzait_cavalry_spear_blade,Blade,101
mp_khuzait_cavalry_spear,mp_spear_guard_14,Guard,90
mp_khuzait_cavalry_spear,mp_khuzait_long_spear_handle,Handle,110
mp_khuzait_cavalry_spear,mp_spear_pommel_12,Pommel,
mp_khuzait_pike,mp_khuzait_pike_blade,Blade,
mp_khuzait_pike,mp_vlandian_pike_handle,Handle,110
mp_battania_pike,mp_battania_pike_blade,Blade,110
mp_battania_pike,mp_spear_guard_2,Guard,
mp_battania_pike,mp_vlandian_pike_handle,Handle,110
mp_battania_pike,mp_default_polearm_pommel,Pommel,
mp_aserai_spear,mp_aserai_spear_blade,Blade,100
mp_aserai_spear,mp_spear_guard_13,Guard,
mp_aserai_spear,mp_aserai_spear_handle,Handle,100
mp_aserai_spear,mp_spear_pommel_11,Pommel,
mp_aserai_bamboo_spear,mp_aserai_bamboo_spear_blade,Blade,95
mp_aserai_bamboo_spear,mp_aserai_bamboo_spear_handle,Handle,110
mp_aserai_bamboo_spear,mp_spear_pommel_11,Pommel,
mp_aserai_long_spear,mp_aserai_long_spear_blade,Blade,100
mp_aserai_long_spear,mp_spear_guard_12,Guard,
mp_aserai_long_spear,mp_aserai_long_spear_handle,Handle,107
mp_aserai_long_spear,mp_spear_pommel_11,Pommel,
mp_sturgia_short_spear,mp_sturgia_short_spear_blade,Blade,100
mp_sturgia_short_spear,mp_spear_guard_4,Guard,
mp_sturgia_short_spear,mp_sturgia_short_spear_handle,Handle,110
mp_sturgia_short_spear,mp_spear_pommel_10,Pommel,
mp_sturgia_spear,mp_sturgia_spear_blade,Blade,
mp_sturgia_spear,mp_spear_guard_5,Guard,
mp_sturgia_spear,mp_sturgia_spear_handle,Handle,100
mp_sturgia_spear,mp_spear_pommel_10,Pommel,
mp_sturgia_long_spear,mp_sturgia_long_spear_blade,Blade,90
mp_sturgia_long_spear,mp_spear_guard_9,Guard,
mp_sturgia_long_spear,mp_sturgia_long_spear_handle,Handle,95
mp_sturgia_long_spear,mp_spear_pommel_10,Pommel,
mp_sturgia_long_infantry_spear,mp_sturgia_long_infantry_spear_blade,Blade,90
mp_sturgia_long_infantry_spear,mp_spear_guard_11,Guard,90
mp_sturgia_long_infantry_spear,mp_sturgia_long_spear_handle,Handle,90
mp_sturgia_long_infantry_spear,mp_spear_pommel_10,Pommel,
mp_western_lance,mp_western_lance_blade,Blade,110
mp_western_lance,mp_western_lance_handle,Handle,110
mp_western_long_lance,mp_western_long_lance_blade,Blade,110
mp_western_long_lance,mp_western_long_lance_handle,Handle,109
mp_vlandian_heavy_lance,mp_vlandian_heavy_lance_blade,Blade,95
mp_vlandian_heavy_lance,mp_vlandian_heavy_lance_handle,Handle,90
mp_empire_lance,mp_empire_lance_blade,Blade,110
mp_empire_lance,mp_default_polearm_guard,Guard,
mp_empire_lance,mp_empire_lance_handle,Handle,108
mp_empire_lance,mp_default_polearm_pommel,Pommel,
mp_empire_heavy_lance,mp_empire_heavy_lance_blade,Blade,110
mp_empire_heavy_lance,mp_empire_heavy_lance_handle,Handle,110
mp_khuzait_lance,mp_khuzait_lance_blade,Blade,
mp_khuzait_lance,mp_khuzait_lance_handle,Handle,103
mp_khuzait_lance_heavy,mp_khuzait_lance_blade_heavy,Blade,
mp_khuzait_lance_heavy,mp_khuzait_lance_handle,Handle,100
mp_khuzait_lance_long,mp_khuzait_lance_blade,Blade,106
mp_khuzait_lance_long,mp_spear_guard_14,Guard,
mp_khuzait_lance_long,mp_khuzait_lance_handle,Handle,103
mp_aserai_long_lance,mp_aserai_bamboo_lance_blade,Blade,110
mp_aserai_long_lance,mp_aserai_bamboo_lance_handle,Handle,110
mp_aserai_heavy_lance,mp_aserai_heavy_lance_blade,Blade,91
mp_aserai_heavy_lance,mp_default_polearm_guard,Guard,
mp_aserai_heavy_lance,mp_aserai_heavy_lance_handle,Handle,97
mp_aserai_heavy_lance,mp_default_polearm_pommel,Pommel,
mp_sturgia_lance,mp_sturgia_lance_blade,Blade,100
mp_sturgia_lance,mp_sturgia_lance_handle,Handle,107
mp_sturgia_long_lance,mp_sturgia_long_lance_blade,Blade,90
mp_sturgia_long_lance,mp_sturgia_lance_handle,Handle,110
mp_sturgia_heavy_lance,mp_sturgia_heavy_lance_blade,Blade,102
mp_sturgia_heavy_lance,mp_sturgia_lance_handle,Handle,98
mp_battania_spear,mp_battania_spear_blade,Blade,110
mp_battania_spear,mp_spear_guard_8,Guard,
mp_battania_spear,mp_battania_spear_handle,Handle,110
mp_battania_spear,mp_spear_pommel_2,Pommel,
mp_battania_long_spear,mp_battania_long_spear_blade,Blade,
mp_battania_long_spear,mp_spear_guard_2,Guard,
mp_battania_long_spear,mp_battania_long_spear_handle,Handle,106
mp_battania_long_spear,mp_spear_pommel_2,Pommel,
mp_battania_long_infantry_spear,mp_battania_long_infantry_spear_blade,Blade,90
mp_battania_long_infantry_spear,mp_spear_guard_12,Guard,90
mp_battania_long_infantry_spear,mp_battania_long_spear_handle,Handle,98
mp_battania_long_infantry_spear,mp_spear_pommel_2,Pommel,
mp_battania_cavalry_spear,mp_battania_cavalry_spear_blade,Blade,110
mp_battania_cavalry_spear,mp_spear_guard_14,Guard,90
mp_battania_cavalry_spear,mp_battania_long_spear_handle,Handle,109
mp_battania_cavalry_spear,mp_spear_pommel_3,Pommel,
mp_battania_lance,mp_battania_lance_blade,Blade,
mp_battania_lance,mp_battania_lance_handle,Handle,110
mp_sturgia_great_spear,mp_sturgia_great_spear_blade,Blade,
mp_sturgia_great_spear,mp_spear_guard_14,Guard,
mp_sturgia_great_spear,mp_sturgia_long_spear_handle,Handle,106
mp_sturgia_great_spear,mp_spear_pommel_10,Pommel,
mp_test_polearm,mp_test_polearm_head,Blade,90
mp_test_polearm,mp_test_polearm_handle,Handle,100
mp_test_spear,mp_test_spear_blade,Blade,
mp_test_spear,mp_test_spear_handle,Handle,108
mp_test_pike,mp_test_pike_blade,Blade,
mp_test_pike,mp_test_pike_handle,Handle,105
mp_test_lance,mp_test_lance_blade,Blade,
mp_test_lance,mp_test_lance_handle,Handle,106
mp_vlandian_short_sword,mp_vlandian_short_sword_blade,Blade,90
mp_vlandian_short_sword,mp_vlandian_short_sword_guard,Guard,90
mp_vlandian_short_sword,mp_vlandian_short_sword_grip,Handle,90
mp_vlandian_short_sword,mp_vlandian_short_sword_pommel,Pommel,
mp_empire_pugio,mp_empire_pugio_blade,Blade,110
mp_empire_pugio,mp_empire_pugio_guard,Guard,110
mp_empire_pugio,mp_empire_pugio_grip,Handle,110
mp_empire_pugio,mp_empire_pugio_pommel,Pommel,90
mp_empire_gladius,mp_empire_gladius_blade,Blade,105
mp_empire_gladius,mp_empire_gladius_guard,Guard,110
mp_empire_gladius,mp_empire_gladius_grip,Handle,105
mp_empire_gladius,mp_empire_gladius_pommel,Pommel,90
mp_sturgia_northern_sword,mp_sturgia_northern_sword_blade,Blade,110
mp_sturgia_northern_sword,mp_sturgia_northern_sword_guard,Guard,100
mp_sturgia_northern_sword,mp_sturgia_northern_sword_grip,Handle,110
mp_sturgia_northern_sword,mp_sturgia_northern_sword_pommel,Pommel,100
mp_sturgia_sword,mp_sturgia_sword_blade,Blade,108
mp_sturgia_sword,mp_sturgia_sword_guard,Guard,
mp_sturgia_sword,mp_sturgia_sword_grip,Handle,105
mp_sturgia_sword,mp_sturgia_sword_pommel,Pommel,
mp_sturgia_cavalry_sword,mp_sturgia_cavalry_sword_blade,Blade,110
mp_sturgia_cavalry_sword,mp_sturgia_cavalry_sword_guard,Guard,
mp_sturgia_cavalry_sword,mp_sturgia_cavalry_sword_grip,Handle,110
mp_sturgia_cavalry_sword,mp_sturgia_cavalry_sword_pommel,Pommel,
mp_vlandia_cavalry_sword,mp_western_cavalry_sword_blade,Blade,110
mp_vlandia_cavalry_sword,mp_western_cavalry_sword_guard,Guard,
mp_vlandia_cavalry_sword,mp_western_cavalry_sword_grip,Handle,100
mp_vlandia_cavalry_sword,mp_western_cavalry_sword_pommel,Pommel,
mp_vlandian_arming_sword,mp_vlandian_arming_sword_blade,Blade,110
mp_vlandian_arming_sword,mp_vlandian_arming_sword_guard,Guard,100
mp_vlandian_arming_sword,mp_vlandian_arming_sword_grip,Handle,
mp_vlandian_arming_sword,mp_vlandian_arming_sword_pommel,Pommel,110
mp_khuzait_sabre,mp_khuzait_strong_sabre_blade,Blade,90
mp_khuzait_sabre,mp_khuzait_light_sabre_guard,Guard,110
mp_khuzait_sabre,mp_khuzait_sabre_grip,Handle,90
mp_khuzait_sabre,mp_khuzait_sabre_pommel,Pommel,
mp_khuzait_heavy_sabre,mp_khuzait_heavy_sabre_blade,Blade,101
mp_khuzait_heavy_sabre,mp_khuzait_heavy_sabre_guard,Guard,
mp_khuzait_heavy_sabre,mp_khuzait_heavy_sabre_grip,Handle,
mp_khuzait_heavy_sabre,mp_khuzait_heavy_sabre_pommel,Pommel,
mp_khuzait_cavalry_sabre,mp_khuzait_cavalry_sabre_blade,Blade,108
mp_khuzait_cavalry_sabre,mp_khuzait_cavalry_sabre_guard,Guard,
mp_khuzait_cavalry_sabre,mp_khuzait_cavalry_sabre_grip,Handle,
mp_khuzait_cavalry_sabre,mp_khuzait_cavalry_sabre_pommel,Pommel,
mp_empire_spatha,mp_empire_spatha_blade,Blade,100
mp_empire_spatha,mp_empire_spatha_guard,Guard,100
mp_empire_spatha,mp_empire_spatha_grip,Handle,100
mp_empire_spatha,mp_empire_spatha_pommel,Pommel,100
mp_empire_long_spatha,mp_empire_long_spatha_blade,Blade,110
mp_empire_long_spatha,mp_empire_long_spatha_guard,Guard,
mp_empire_long_spatha,mp_empire_long_spatha_grip,Handle,110
mp_empire_long_spatha,mp_empire_long_spatha_pommel,Pommel,90
mp_empire_paramerion,mp_empire_paramerion_blade,Blade,90
mp_empire_paramerion,mp_empire_paramerion_guard,Guard,
mp_empire_paramerion,mp_empire_paramerion_grip,Handle,
mp_empire_paramerion,mp_empire_paramerion_pommel,Pommel,
mp_empire_long_paramerion,mp_empire_long_paramerion_blade,Blade,107
mp_empire_long_paramerion,mp_empire_long_paramerion_guard,Guard,110
mp_empire_long_paramerion,mp_empire_long_paramerion_grip,Handle,90
mp_empire_long_paramerion,mp_empire_long_paramerion_pommel,Pommel,
mp_aserai_sword,mp_aserai_sword_blade,Blade,95
mp_aserai_sword,mp_aserai_sword_guard,Guard,
mp_aserai_sword,mp_aserai_sword_grip,Handle,
mp_aserai_sword,mp_aserai_sword_pommel,Pommel,
mp_aserai_ranger_sword,mp_aserai_ranger_sword_blade,Blade,95
mp_aserai_ranger_sword,mp_aserai_ranger_sword_guard,Guard,100
mp_aserai_ranger_sword,mp_aserai_ranger_sword_grip,Handle,90
mp_aserai_ranger_sword,mp_aserai_ranger_sword_pommel,Pommel,100
mp_aserai_fast_sword,mp_aserai_fast_sword_blade,Blade,105
mp_aserai_fast_sword,mp_aserai_fast_sword_guard,Guard,100
mp_aserai_fast_sword,mp_aserai_fast_sword_grip,Handle,100
mp_aserai_fast_sword,mp_aserai_fast_sword_pommel,Pommel,100
mp_vlandia_fast_sword,mp_vlandia_fast_sword_blade,Blade,110
mp_vlandia_fast_sword,mp_vlandia_fast_sword_guard,Guard,102
mp_vlandia_fast_sword,mp_vlandia_fast_sword_grip,Handle,100
mp_vlandia_fast_sword,mp_vlandia_fast_sword_pommel,Pommel,100
mp_aserai_curved_long_sword,mp_aserai_long_sword_blade,Blade,100
mp_aserai_curved_long_sword,mp_aserai_long_sword_guard,Guard,90
mp_aserai_curved_long_sword,mp_aserai_long_sword_grip,Handle,90
mp_aserai_curved_long_sword,mp_aserai_long_sword_pommel,Pommel,90
mp_aserai_noble_curved_long_sword,mp_aserai_noble_long_sword_blade,Blade,100
mp_aserai_noble_curved_long_sword,mp_aserai_noble_long_sword_guard,Guard,103
mp_aserai_noble_curved_long_sword,mp_aserai_noble_long_sword_grip,Handle,110
mp_aserai_noble_curved_long_sword,mp_aserai_noble_long_sword_pommel,Pommel,90
mp_vlandian_long_sword,mp_vlandian_long_sword_blade,Blade,102
mp_vlandian_long_sword,mp_vlandian_long_sword_guard,Guard,
mp_vlandian_long_sword,mp_vlandian_long_sword_grip,Handle,90
mp_vlandian_long_sword,mp_vlandian_long_sword_pommel,Pommel,110
mp_vlandian_two_handed_sword,mp_vlandian_2hsword_blade,Blade,100
mp_vlandian_two_handed_sword,mp_vlandian_2hsword_guard,Guard,90
mp_vlandian_two_handed_sword,mp_vlandian_2hsword_grip,Handle,110
mp_vlandian_two_handed_sword,mp_vlandian_2hsword_pommel,Pommel,90
mp_aserai_two_handed_sword,mp_aserai_two_handed_sword_blade,Blade,110
mp_aserai_two_handed_sword,mp_aserai_two_handed_sword_guard,Guard,100
mp_aserai_two_handed_sword,mp_aserai_two_handed_sword_grip,Handle,110
mp_aserai_two_handed_sword,mp_empire_pommel_2,Pommel,100
mp_vlandian_noble_two_handed_sword,mp_vlandian_noble_two_handed_sword_blade,Blade,110
mp_vlandian_noble_two_handed_sword,mp_vlandian_noble_two_handed_sword_guard,Guard,100
mp_vlandian_noble_two_handed_sword,mp_vlandian_noble_two_handed_sword_grip,Handle,110
mp_vlandian_noble_two_handed_sword,mp_vlandian_noble_two_handed_sword_pommel,Pommel,110
mp_western_bastard_sword,mp_vlandian_bastard_sword_blade,Blade,110
mp_western_bastard_sword,mp_vlandian_bastard_sword_guard,Guard,
mp_western_bastard_sword,mp_vlandian_bastard_sword_handle,Handle,100
mp_western_bastard_sword,mp_vlandian_bastard_sword_pommel,Pommel,
mp_vlandian_noble_bastard_sword,mp_vlandian_noble_bastard_sword_blade,Blade,110
mp_vlandian_noble_bastard_sword,mp_vlandian_noble_bastard_sword_guard,Guard,
mp_vlandian_noble_bastard_sword,mp_vlandian_noble_bastard_sword_handle,Handle,110
mp_vlandian_noble_bastard_sword,mp_vlandian_noble_bastard_sword_pommel,Pommel,90
mp_battania_short_sword,mp_battania_short_sword_blade,Blade,110
mp_battania_short_sword,mp_battania_short_sword_guard,Guard,100
mp_battania_short_sword,mp_battania_short_sword_grip,Handle,110
mp_battania_short_sword,mp_battania_short_sword_pommel,Pommel,90
mp_battania_cavalry_sword,mp_battania_sword_blade,Blade,110
mp_battania_cavalry_sword,mp_battania_sword_guard,Guard,90
mp_battania_cavalry_sword,mp_battania_sword_grip,Handle,110
mp_battania_cavalry_sword,mp_battania_sword_pommel,Pommel,90
mp_battania_long_sword,mp_battania_long_sword_blade,Blade,92
mp_battania_long_sword,mp_battania_long_sword_guard,Guard,90
mp_battania_long_sword,mp_battania_long_sword_grip,Handle,90
mp_battania_long_sword,mp_battania_long_sword_pommel,Pommel,90
mp_battania_noble_sword,mp_battania_noble_sword_blade,Blade,100
mp_battania_noble_sword,mp_battania_long_sword_guard,Guard,90
mp_battania_noble_sword,mp_battania_long_sword_grip,Handle,90
mp_battania_noble_sword,mp_battania_long_sword_pommel,Pommel,90
mp_battania_cleaver,mp_battania_cleaver_blade,Blade,
mp_battania_cleaver,mp_battania_short_sword_guard,Guard,
mp_battania_cleaver,mp_battania_bastard_sword_grip,Handle,
mp_battania_cleaver,mp_battania_bastard_sword_pommel,Pommel,
mp_battania_bastard_sword,mp_battania_bastard_sword_blade,Blade,100
mp_battania_bastard_sword,mp_battania_bastard_sword_guard,Guard,
mp_battania_bastard_sword,mp_battania_bastard_sword_grip,Handle,90
mp_battania_bastard_sword,mp_battania_bastard_sword_pommel,Pommel,
mp_battania_falx,mp_battania_falx_blade,Blade,110
mp_battania_falx,mp_battania_falx_guard,Guard,90
mp_battania_falx,mp_battania_falx_grip,Handle,110
mp_battania_falx,mp_battania_falx_pommel,Pommel,90
mp_battania_long_falx,mp_battania_long_falx_blade,Blade,105
mp_battania_long_falx,mp_battania_long_falx_guard,Guard,90
mp_battania_long_falx,mp_battania_long_falx_grip,Handle,110
mp_battania_long_falx,mp_battania_long_falx_pommel,Pommel,90
mp_battania_polearm_falx,mp_battania_polearm_falx_blade,Blade,110
mp_battania_polearm_falx,mp_battania_polearm_falx_guard,Guard,
mp_battania_polearm_falx,mp_battania_polearm_falx_handle,Handle,110
mp_battania_polearm_falx,mp_battania_polearm_falx_pommel,Pommel,
mp_default_dagger,mp_dagger_blade_1,Blade,
mp_default_dagger,mp_battania_dagger_guard,Guard,
mp_default_dagger,mp_battania_dagger_grip,Handle,
mp_default_dagger,mp_battania_dagger_pommel,Pommel,
mp_battania_two_handed_sword,mp_battania_2h_sword_blade,Blade,110
mp_battania_two_handed_sword,mp_battania_2h_sword_guard,Guard,
mp_battania_two_handed_sword,mp_battania_2h_sword_grip,Handle,110
mp_battania_two_handed_sword,mp_battania_2h_sword_pommel,Pommel,
mp_battania_noble_two_handed_sword,mp_battania_2h_long_sword_blade,Blade,110
mp_battania_noble_two_handed_sword,mp_battania_2h_long_sword_guard,Guard,110
mp_battania_noble_two_handed_sword,mp_battania_2h_long_sword_grip,Handle,110
mp_battania_noble_two_handed_sword,mp_battania_2h_long_sword_pommel,Pommel,100
mp_test_sword,mp_test_sword_blade,Blade,103
mp_test_sword,mp_test_sword_guard,Guard,
mp_test_sword,mp_test_sword_grip,Handle,103
mp_test_sword,mp_test_sword_pommel,Pommel,
mp_test_twohandedsword,mp_test_2hsword_blade,Blade,107
mp_test_twohandedsword,mp_test_2hsword_guard,Guard,106
mp_test_twohandedsword,mp_aserai_two_handed_sword_grip,Handle,110
mp_test_twohandedsword,mp_test_2hsword_pommel,Pommel,
mp_vlandian_mace,mp_vlandian_mace_head,Blade,100
mp_vlandian_mace,mp_vlandia_mace_handle,Handle,104
mp_vlandian_cavalry_mace,mp_vlandian_cavalry_mace_head,Blade,110
mp_vlandian_cavalry_mace,mp_vlandia_cavalry_mace_handle,Handle,110
mp_aserai_cavalry_mace,mp_aserai_cavalry_mace_head,Blade,110
mp_aserai_cavalry_mace,mp_aserai_cavalry_mace_handle,Handle,110
mp_vlandian_military_pick,mp_vlandian_military_pick_head,Blade,
mp_vlandian_military_pick,mp_vlandia_military_pick_handle,Handle,90
mp_sturgia_mace,mp_sturgia_mace_head,Blade,110
mp_sturgia_mace,mp_vlandia_mace_handle,Handle,110
mp_empire_mace,mp_empire_mace_head,Blade,110
mp_empire_mace,mp_empire_mace_handle,Handle,110
mp_empire_cavalry_mace,mp_empire_cavalry_mace_head,Blade,110
mp_empire_cavalry_mace,mp_empire_cavalry_mace_handle,Handle,110
mp_empire_heavy_mace,mp_empire_heavy_mace_head,Blade,110
mp_empire_heavy_mace,mp_empire_heavy_mace_handle,Handle,110
mp_battnia_heavy_mace,mp_empire_heavy_mace_head,Blade,110
mp_battnia_heavy_mace,mp_empire_heavy_mace_handle,Handle,110
mp_khuzait_mace,mp_khuzait_mace_head,Blade,
mp_khuzait_mace,mp_test_mace_handle,Handle,110
mp_khuzait_heavy_mace,mp_khuzait_heavy_mace_head,Blade,110
mp_khuzait_heavy_mace,mp_khuzait_heavy_mace_handle,Handle,100
mp_khuzait_cavalry_mace,mp_khuzait_cavalry_mace_head,Blade,110
mp_khuzait_cavalry_mace,mp_khuzait_cavalry_mace_handle,Handle,110
mp_aserai_mace,mp_aserai_mace_head,Blade,110
mp_aserai_mace,mp_aserai_mace_handle,Handle,110
mp_aserai_heavy_mace,mp_aserai_heavy_mace_head,Blade,100
mp_aserai_heavy_mace,mp_aserai_heavy_mace_handle,Handle,110
mp_vlandian_hammer,mp_sturgia_hammer_head,Blade,110
mp_vlandian_hammer,mp_sturgia_hammer_handle,Handle,110
mp_sturgia_twohanded_hammer,mp_sturgia_2hhammer_head,Blade,110
mp_sturgia_twohanded_hammer,mp_sturgia_2hammer_handle,Handle,100
mp_aserai_twohanded_mace,mp_aserai_maul_head,Blade,110
mp_aserai_twohanded_mace,mp_sturgia_2hammer_handle,Handle,90
mp_battania_twohanded_hammer,mp_battania_2hhammer_head,Blade,110
mp_battania_twohanded_hammer,mp_battania_2hammer_handle,Handle,92
mp_battania_mace,mp_battania_mace_head,Blade,110
mp_battania_mace,mp_battania_mace_handle,Handle,107
mp_test_mace,mp_test_mace_head,Blade,105
mp_test_mace,mp_test_mace_handle,Handle,110
mp_test_twohandedmace,mp_test_2hmace_head,Blade,110
mp_test_twohandedmace,mp_test_2hmace_handle,Handle,
mp_khuzait_throwing_spear,mp_khuzait_throwing_spear_blade,Blade,100
mp_khuzait_throwing_spear,mp_spear_guard_15,Guard,
mp_khuzait_throwing_spear,mp_khuzait_throwing_spear_handle,Handle,90
mp_khuzait_extra_throwing_spear,mp_khuzait_extra_throwing_spear_blade,Blade,100
mp_khuzait_extra_throwing_spear,mp_spear_guard_15,Guard,
mp_khuzait_extra_throwing_spear,mp_khuzait_throwing_spear_handle,Handle,90
mp_ash_throwing_spear,mp_ash_throwing_spear_blade,Blade,100
mp_ash_throwing_spear,mp_spear_guard_4,Guard,
mp_ash_throwing_spear,mp_ash_throwing_spear_handle,Handle,100
mp_ash_throwing_spear,mp_spear_pommel_8,Pommel,
mp_ash_throwing_spear_extra,mp_ash_throwing_spear_blade_extra,Blade,100
mp_ash_throwing_spear_extra,mp_spear_guard_4,Guard,
mp_ash_throwing_spear_extra,mp_ash_throwing_spear_handle,Handle,100
mp_ash_throwing_spear_extra,mp_spear_pommel_8,Pommel,
mp_battanian_throwing_axe,mp_battanian_throwing_axe_head,Blade,110
mp_battanian_throwing_axe,mp_battanian_throwing_axe_handle,Handle,110
mp_vlandian_throwing_axe,mp_vlandian_throwing_axe_head,Blade,110
mp_vlandian_throwing_axe,mp_vlandian_throwing_axe_handle,Handle,110
mp_vlandian_throwing_axe_extra,mp_vlandian_throwing_axe_head_extra,Blade,
mp_vlandian_throwing_axe_extra,mp_vlandian_throwing_axe_handle,Handle,110
mp_sturgia_throwing_axe,mp_sturgia_throwing_axe_head,Blade,110
mp_sturgia_throwing_axe,mp_sturgia_throwing_axe_handle,Handle,110
mp_sturgia_throwing_axe_captain,mp_sturgia_throwing_axe_head_captain,Blade,110
mp_sturgia_throwing_axe_captain,mp_sturgia_throwing_axe_handle,Handle,110
mp_aserai_throwing_axe,mp_aserai_throwing_axe_head,Blade,110
mp_aserai_throwing_axe,mp_aserai_throwing_axe_handle,Handle,110
mp_sturgia_harpoon,mp_sturgia_harpoon_blade,Blade,110
mp_sturgia_harpoon,mp_sturgia_harpoon_handle,Handle,110
mp_sturgia_harpoon_extra,mp_sturgia_harpoon_blade_extra,Blade,110
mp_sturgia_harpoon_extra,mp_sturgia_harpoon_handle,Handle,110
mp_sturgia_harpoon_strong,mp_sturgia_harpoon_blade_strong,Blade,110
mp_sturgia_harpoon_strong,mp_sturgia_harpoon_handle,Handle,110
mp_sturgia_harpoon_captain,mp_sturgia_harpoon_blade_captain,Blade,110
mp_sturgia_harpoon_captain,mp_sturgia_harpoon_handle,Handle,110
mp_sturgia_harpoon_extra_captain,mp_sturgia_harpoon_blade_extra_captain,Blade,110
mp_sturgia_harpoon_extra_captain,mp_sturgia_harpoon_handle,Handle,110
mp_sturgia_harpoon_strong_captain,mp_sturgia_harpoon_blade_strong_captain,Blade,110
mp_sturgia_harpoon_strong_captain,mp_sturgia_harpoon_handle,Handle,110
mp_javelin,mp_javelin_blade,Blade,110
mp_javelin,mp_javelin_handle,Handle,90
mp_javelin_extraammo,mp_javelin_blade_extraammo,Blade,110
mp_javelin_extraammo,mp_javelin_handle_extraammo,Handle,90
mp_javelin_captain,mp_javelin_blade_captain,Blade,110
mp_javelin_captain,mp_javelin_handle,Handle,90
mp_javelin_extraammo_captain,mp_javelin_blade_extraammo_captain,Blade,110
mp_javelin_extraammo_captain,mp_javelin_handle_extraammo,Handle,90
mp_empire_javelin,mp_battania_javelin_blade,Blade,
mp_empire_javelin,mp_spear_guard_15,Guard,
mp_empire_javelin,mp_jereed_handle,Handle,
mp_empire_javelin,mp_spear_pommel_8,Pommel,
mp_empire_javelin_captain,mp_battania_javelin_blade_captain,Blade,
mp_empire_javelin_captain,mp_spear_guard_15,Guard,
mp_empire_javelin_captain,mp_jereed_handle,Handle,
mp_empire_javelin_captain,mp_spear_pommel_8,Pommel,
mp_light_javelin,mp_light_javelin_blade,Blade,
mp_light_javelin,mp_light_javelin_handle,Handle,90
mp_plumbata,mp_plumbata_blade,Blade,110
mp_plumbata,mp_default_polearm_guard,Guard,
mp_plumbata,mp_plumbata_handle,Handle,110
mp_plumbata,mp_default_polearm_pommel,Pommel,
mp_pilum,mp_pilum_blade,Blade,110
mp_pilum,mp_spear_guard_7,Guard,
mp_pilum,mp_pilum_handle,Handle,105
mp_pilum_extraammo,mp_pilum_blade_extraammo,Blade,110
mp_pilum_extraammo,mp_spear_guard_7,Guard,
mp_pilum_extraammo,mp_pilum_handle_extraammo,Handle,110
mp_jereed,mp_jereed_blade,Blade,90
mp_jereed,mp_jereed_handle,Handle,90
mp_jereed,mp_spear_pommel_12,Pommel,
mp_jereed_extra,mp_jereed_blade_extra,Blade,90
mp_jereed_extra,mp_jereed_handle,Handle,90
mp_jereed_extra,mp_spear_pommel_12,Pommel,
mp_jereed_captain,mp_jereed_blade_captain,Blade,90
mp_jereed_captain,mp_jereed_handle,Handle,90
mp_jereed_captain,mp_spear_pommel_12,Pommel,
mp_jereed_extra_captain,mp_jereed_blade_extra_captain,Blade,90
mp_jereed_extra_captain,mp_jereed_handle,Handle,90
mp_jereed_extra_captain,mp_spear_pommel_12,Pommel,
mp_battania_javelin,mp_battania_javelin_blade,Blade,105
mp_battania_javelin,mp_battania_javelin_handle,Handle,102
mp_battania_javelin,mp_spear_pommel_8,Pommel,90
mp_battania_javelin_extra,mp_battania_javelin_blade_extra,Blade,105
mp_battania_javelin_extra,mp_battania_javelin_handle,Handle,102
mp_battania_javelin_extra,mp_spear_pommel_8,Pommel,90
mp_battania_javelin_captain,mp_battania_javelin_blade_captain,Blade,105
mp_battania_javelin_captain,mp_battania_javelin_handle,Handle,102
mp_battania_javelin_captain,mp_spear_pommel_8,Pommel,90
mp_battania_javelin_extra_captain,mp_battania_javelin_blade_extra_captain,Blade,105
mp_battania_javelin_extra_captain,mp_battania_javelin_handle,Handle,102
mp_battania_javelin_extra_captain,mp_spear_pommel_8,Pommel,90
execution_axe,axe_craft_7_head,Blade,90
execution_axe,axe_craft_6_handle,Handle,110
aserai_sword_1_t2_blunt,aserai_blade_4_blunt,Blade,100
aserai_sword_1_t2_blunt,aserai_guard_1,Guard,100
aserai_sword_1_t2_blunt,aserai_grip_1,Handle,100
aserai_sword_1_t2_blunt,aserai_pommel_1,Pommel,100
aserai_sword_2_t2_blunt,aserai_blade_3_blunt,Blade,100
aserai_sword_2_t2_blunt,aserai_guard_6,Guard,100
aserai_sword_2_t2_blunt,aserai_grip_5,Handle,100
aserai_sword_2_t2_blunt,aserai_pommel_1,Pommel,100
seax_blunt,dagger_blade_3_blunt,Blade,93
seax_blunt,sturgian_dagger_guard_8,Guard,90
seax_blunt,aserai_grip_3,Handle,110
seax_blunt,khuzait_pommel_2,Pommel,
eastern_spear_1_t2_blunt,spear_blade_35_blunt,Blade,95
eastern_spear_1_t2_blunt,spear_handle_3,Handle,95
khuzait_polearm_1_t4_blunt,spear_blade_19_blunt,Blade,110
khuzait_polearm_1_t4_blunt,default_polearm_guard,Guard,
khuzait_polearm_1_t4_blunt,spear_handle_15,Handle,93
khuzait_polearm_1_t4_blunt,default_polearm_pommel,Pommel,
desert_throwing_knife_blunt,dagger_blade_13_blunt,Blade,110
desert_throwing_knife_blunt,aserai_dagger_guard_4,Guard,
desert_throwing_knife_blunt,aserai_grip_8,Handle,
desert_throwing_knife_blunt,aserai_pommel_3,Pommel,
eastern_javelin_1_t2_blunt,spear_blade_35_blunt,Blade,100
eastern_javelin_1_t2_blunt,default_polearm_guard,Guard,100
eastern_javelin_1_t2_blunt,spear_handle_9,Handle,100
eastern_javelin_1_t2_blunt,default_polearm_pommel,Pommel,100
aserai_axe_2_t2_blunt,axe_craft_30_head_blunt,Blade,100
aserai_axe_2_t2_blunt,axe_craft_15_handle,Handle,100
battania_2haxe_1_t2_blunt,axe_craft_14_head_blunt,Blade,100
battania_2haxe_1_t2_blunt,axe_craft_30_handle,Handle,100
battania_2hsword_1_t2_blunt,battania_blade_3_iron_blunt,Blade,110
battania_2hsword_1_t2_blunt,battania_guard_8,Guard,100
battania_2hsword_1_t2_blunt,sturgian_grip_27,Handle,100
battania_2hsword_1_t2_blunt,sturgian_pommel_4,Pommel,100
battania_sword_1_t2_blunt,battania_blade_3_blunt,Blade,100
battania_sword_1_t2_blunt,battania_guard_7,Guard,100
battania_sword_1_t2_blunt,cleaver_grip_3,Handle,100
battania_sword_1_t2_blunt,battania_pommel_1,Pommel,100
empire_sword_1_t2_blunt,empire_blade_4_blunt,Blade,100
empire_sword_1_t2_blunt,cleaver_guard_4,Guard,100
empire_sword_1_t2_blunt,empire_grip_6,Handle,100
empire_sword_1_t2_blunt,empire_pommel_1,Pommel,100
western_javelin_1_t2_blunt,spear_blade_15_blunt,Blade,100
western_javelin_1_t2_blunt,default_polearm_guard,Guard,100
western_javelin_1_t2_blunt,spear_handle_2,Handle,100
western_javelin_1_t2_blunt,default_polearm_pommel,Pommel,100
empire_lance_1_t3_blunt,spear_blade_23_blunt,Blade,101
empire_lance_1_t3_blunt,default_polearm_guard,Guard,
empire_lance_1_t3_blunt,spear_handle_13,Handle,97
empire_lance_1_t3_blunt,default_polearm_pommel,Pommel,
empire_menavlion_1_t3_blunt,spear_blade_7_blunt,Blade,
empire_menavlion_1_t3_blunt,spear_banner_2,Guard,
empire_menavlion_1_t3_blunt,spear_handle_15,Handle,
empire_menavlion_1_t3_blunt,default_polearm_pommel,Pommel,
khuzait_sword_1_t2_blunt,khuzait_blade_7_blunt,Blade,100
khuzait_sword_1_t2_blunt,khuzait_guard_4,Guard,100
khuzait_sword_1_t2_blunt,khuzait_grip_7,Handle,100
khuzait_sword_1_t2_blunt,khuzait_pommel_2,Pommel,100
vlandia_sword_1_t2_blunt,vlandian_blade_1_blunt,Blade,100
vlandia_sword_1_t2_blunt,cleaver_guard_2,Guard,100
vlandia_sword_1_t2_blunt,vlandian_grip_2,Handle,100
vlandia_sword_1_t2_blunt,vlandian_pommel_1,Pommel,100
billhook_polearm_t2_blunt,spear_blade_33_blunt,Blade,100
billhook_polearm_t2_blunt,default_polearm_guard,Guard,100
billhook_polearm_t2_blunt,spear_handle_4,Handle,90
billhook_polearm_t2_blunt,default_polearm_pommel,Pommel,100
vlandia_lance_1_t3_blunt,spear_blade_20_blunt,Blade,100
vlandia_lance_1_t3_blunt,spear_handle_23,Handle,100
sturgia_axe_2_t2_blunt,axe_craft_20_head_blunt,Blade,110
sturgia_axe_2_t2_blunt,axe_craft_2_handle,Handle,100
northern_throwing_axe_1_t1_blunt,axe_craft_13_head_blunt,Blade,100
northern_throwing_axe_1_t1_blunt,axe_craft_11_handle,Handle,100
northern_spear_1_t2_blunt,spear_blade_15_blunt,Blade,100
northern_spear_1_t2_blunt,spear_handle_6,Handle,100
sturgia_sword_1_t2_blunt,sturgian_blade_1_blunt,Blade,100
sturgia_sword_1_t2_blunt,sturgian_guard_1,Guard,100
sturgia_sword_1_t2_blunt,sturgian_grip_13,Handle,100
sturgia_sword_1_t2_blunt,sturgian_pommel_7,Pommel,100
peasant_maul_t1,mace_head_24,Blade,90
peasant_maul_t1,spear_handle_1,Handle,110
peasant_maul_t1_2,mace_head_24,Blade,102
peasant_maul_t1_2,spear_handle_1,Handle,
peasant_pickaxe_1_t1,axe_craft_37_head,Blade,100
peasant_pickaxe_1_t1,axe_craft_20_handle,Handle,100
peasant_hatchet_1_t1,axe_craft_32_head,Blade,
peasant_hatchet_1_t1,axe_craft_33_handle,Handle,
peasant_hatchet_1_t1,default_polearm_pommel,Pommel,
peasant_sickle_1_t1,sickle_blade_1,Blade,98
peasant_sickle_1_t1,axe_craft_33_handle,Handle,90
peasant_sickle_1_t1,default_polearm_pommel,Pommel,
peasant_hammer_1_t1,blacksmith_hammer_tip_1,Blade,100
peasant_hammer_1_t1,blacksmith_hammer_handle_1,Handle,100
peasant_hammer_2_t1,mace_head_24,Blade,
peasant_hammer_2_t1,blacksmith_hammer_handle_1,Handle,
peasant_hammer_2_t1,cleaver_pommel_4,Pommel,
peasant_2haxe_1_t1,axe_craft_15_head,Blade,100
peasant_2haxe_1_t1,axe_craft_7_handle,Handle,100
peasant_pitchfork_1_t1,spear_blade_32,Blade,100
peasant_pitchfork_1_t1,spear_handle_1,Handle,100
peasant_pitchfork_2_t1,spear_blade_29,Blade,100
peasant_pitchfork_2_t1,spear_handle_1,Handle,100
peasant_polearm_1_t1,spear_blade_31,Blade,100
peasant_polearm_1_t1,spear_handle_1,Handle,100
wooden_sword_t1,wood_blade_1,Blade,110
wooden_sword_t1,wood_guard_1,Guard,
wooden_sword_t1,wood_grip_1,Handle,110
wooden_sword_t1,wood_pommel_1,Pommel,
wooden_sword_t2,wood_blade_2,Blade,110
wooden_sword_t2,wood_guard_1,Guard,
wooden_sword_t2,wood_grip_1,Handle,110
wooden_sword_t2,wood_pommel_1,Pommel,
wooden_2hsword_t1,wood_blade_1,Blade,105
wooden_2hsword_t1,wood_guard_1,Guard,
wooden_2hsword_t1,wood_grip_2,Handle,
wooden_2hsword_t1,wood_pommel_1,Pommel,
practice_spear_t1,spear_blade_34,Blade,
practice_spear_t1,default_polearm_guard,Guard,
practice_spear_t1,spear_handle_3,Handle,
practice_spear_t1,default_polearm_pommel,Pommel,
winds_fury_sword_t3,khuzait_blade_8,Blade,100
winds_fury_sword_t3,khuzait_guard_6,Guard,100
winds_fury_sword_t3,khuzait_grip_6,Handle,100
winds_fury_sword_t3,khuzait_pommel_5,Pommel,100
tyrhung_sword_t3,sturgian_blade_3,Blade,100
tyrhung_sword_t3,sturgian_guard_2,Guard,100
tyrhung_sword_t3,vlandian_grip_23,Handle,100
tyrhung_sword_t3,sturgian_pommel_9,Pommel,100
the_scalpel_sword_t3,aserai_blade_2,Blade,100
the_scalpel_sword_t3,aserai_guard_7,Guard,100
the_scalpel_sword_t3,khuzait_grip_14,Handle,100
the_scalpel_sword_t3,khuzait_pommel_1,Pommel,100
dawnbreaker_sword_t3,sturgian_blade_3,Blade,100
dawnbreaker_sword_t3,vlandian_guard_1,Guard,100
dawnbreaker_sword_t3,vlandian_grip_24,Handle,100
dawnbreaker_sword_t3,vlandian_pommel_9,Pommel,100
ambassador_sword_t3,aserai_blade_10,Blade,100
ambassador_sword_t3,vlandian_guard_6,Guard,100
ambassador_sword_t3,khuzait_grip_14,Handle,100
ambassador_sword_t3,cleaver_pommel_2,Pommel,100
early_retirement_2hsword_t3,battania_blade_1,Blade,100
early_retirement_2hsword_t3,battania_guard_9,Guard,100
early_retirement_2hsword_t3,khuzait_grip_14,Handle,100
early_retirement_2hsword_t3,battania_pommel_9,Pommel,100
bone_crusher_mace_t3,mace_head_26,Blade,
bone_crusher_mace_t3,mace_handle_1,Handle,
bone_crusher_mace_t3,empire_pommel_2,Pommel,
pernach_mace_t3,mace_head_2,Blade,90
pernach_mace_t3,mace_handle_14,Handle,
pernach_mace_t3,spear_pommel_2,Pommel,
knights_fall_mace_t3,mace_head_19,Blade,
knights_fall_mace_t3,mace_handle_12,Handle,
knights_fall_mace_t3,spear_pommel_11,Pommel,
judgement_mace_t3,mace_head_20,Blade,100
judgement_mace_t3,mace_handle_4,Handle,100
black_heart_2haxe_t3,axe_craft_34_head,Blade,100
black_heart_2haxe_t3,axe_craft_6_handle,Handle,100
reaper_falx,battania_blade_6,Blade,104
reaper_falx,cleaver_guard_3,Guard,108
reaper_falx,vlandian_grip_12,Handle,
reaper_falx,vlandian_pommel_1,Pommel,101
justicier_2hsword,empire_blade_1,Blade,99
justicier_2hsword,vlandian_guard_4,Guard,
justicier_2hsword,empire_grip_14,Handle,96
justicier_2hsword,empire_pommel_6,Pommel,93
avalanche_2haxe,axe_craft_7_head,Blade,
avalanche_2haxe,axe_craft_4_handle,Handle,93
sentinel_2hsword,vlandian_blade_7,Blade,
sentinel_2hsword,vlandian_guard_7,Guard,
sentinel_2hsword,aserai_grip_10,Handle,
sentinel_2hsword,sturgian_pommel_5,Pommel,
aserai_axe_1_t2,axe_craft_33_head,Blade,100
aserai_axe_1_t2,axe_craft_25_handle,Handle,100
aserai_axe_2_t2,axe_craft_30_head,Blade,100
aserai_axe_2_t2,axe_craft_15_handle,Handle,100
sturgia_axe_2_t2,axe_craft_20_head,Blade,110
sturgia_axe_2_t2,axe_craft_2_handle,Handle,100
battania_axe_1_t2,axe_craft_2_head,Blade,100
battania_axe_1_t2,axe_craft_2_handle,Handle,100
small_spurred_axe_t2,axe_craft_24_head,Blade,100
small_spurred_axe_t2,axe_craft_2_handle,Handle,100
southern_small_axe_t2,axe_craft_27_head,Blade,100
southern_small_axe_t2,axe_craft_15_handle,Handle,100
small_bit_axe_t2,axe_craft_35_head,Blade,100
small_bit_axe_t2,axe_craft_25_handle,Handle,95
northern_battle_axe_t3,axe_craft_36_head,Blade,100
northern_battle_axe_t3,axe_craft_26_handle,Handle,100
vlandia_axe_1_t3,axe_craft_20_head,Blade,100
vlandia_axe_1_t3,axe_craft_23_handle,Handle,100
sturgia_axe_3_t3,axe_craft_21_head,Blade,100
sturgia_axe_3_t3,axe_craft_5_handle,Handle,100
imperial_axe_t3,axe_craft_29_head,Blade,100
imperial_axe_t3,axe_craft_18_handle,Handle,100
woodland_axe_t3,axe_craft_28_head,Blade,100
woodland_axe_t3,axe_craft_19_handle,Handle,100
tzkurion_axe_t3,axe_craft_26_head,Blade,100
tzkurion_axe_t3,axe_craft_26_handle,Handle,100
large_franziskaa_axe_t3,axe_craft_12_head,Blade,110
large_franziskaa_axe_t3,axe_craft_27_handle,Handle,90
vlandia_axe_2_t4,axe_craft_25_head,Blade,100
vlandia_axe_2_t4,axe_craft_13_handle,Handle,100
sturgia_axe_4_t4,axe_craft_11_head,Blade,100
sturgia_axe_4_t4,axe_craft_3_handle,Handle,100
battania_axe_2_t4,axe_craft_23_head,Blade,100
battania_axe_2_t4,axe_craft_21_handle,Handle,100
bamboo_axe_t4,axe_craft_19_head,Blade,100
bamboo_axe_t4,axe_craft_17_handle,Handle,100
battle_axe_t4,axe_craft_18_head,Blade,100
battle_axe_t4,axe_craft_22_handle,Handle,100
sturgia_axe_5_t5,axe_craft_8_head,Blade,100
sturgia_axe_5_t5,axe_craft_24_handle,Handle,100
battania_axe_3_t5,axe_craft_9_head,Blade,100
battania_axe_3_t5,axe_craft_16_handle,Handle,100
battania_2haxe_1_t2,axe_craft_14_head,Blade,100
battania_2haxe_1_t2,axe_craft_30_handle,Handle,100
simple_sparth_axe_t2,axe_craft_5_head,Blade,100
simple_sparth_axe_t2,axe_craft_14_handle,Handle,100
aserai_2haxe_2_t3,axe_craft_16_head,Blade,
aserai_2haxe_2_t3,axe_craft_6_handle,Handle,
aserai_2haxe_2_t3,khuzait_noble_pommel_3,Pommel,
aserai_2haxe_1_t3,axe_craft_16_head,Blade,90
aserai_2haxe_1_t3,axe_craft_8_handle,Handle,103
aserai_2haxe_1_t3,default_polearm_pommel,Pommel,
bearded_axe_t3,axe_craft_3_head,Blade,100
bearded_axe_t3,axe_craft_29_handle,Handle,100
northern_axe_t3,axe_craft_7_head,Blade,100
northern_axe_t3,axe_craft_29_handle,Handle,110
vlandia_2haxe_1_t4,axe_craft_17_head,Blade,100
vlandia_2haxe_1_t4,axe_craft_1_handle,Handle,100
aserai_2haxe_2_t4,axe_craft_16_head,Blade,90
aserai_2haxe_2_t4,axe_craft_10_handle,Handle,98
aserai_2haxe_2_t4,default_polearm_pommel,Pommel,
sturgia_2haxe_1_t4,axe_craft_1_head,Blade,100
sturgia_2haxe_1_t4,axe_craft_6_handle,Handle,100
hooked_axe_t4,axe_craft_34_head,Blade,100
hooked_axe_t4,axe_craft_31_handle,Handle,100
aserai_2haxe_3_t5,axe_craft_38_head,Blade,100
aserai_2haxe_3_t5,axe_craft_1_handle,Handle,100
sturgia_2haxe_2_t5,axe_craft_22_head,Blade,100
sturgia_2haxe_2_t5,axe_craft_4_handle,Handle,100
western_spear_1_t2,spear_blade_1,Blade,90
western_spear_1_t2,spear_handle_5,Handle,90
western_spear_2_t2,spear_blade_9,Blade,90
western_spear_2_t2,spear_handle_6,Handle,90
eastern_spear_1_t2,spear_blade_35,Blade,95
eastern_spear_1_t2,spear_handle_3,Handle,95
northern_spear_1_t2,spear_blade_15,Blade,100
northern_spear_1_t2,spear_handle_6,Handle,100
imperial_spear_t2,spear_blade_3,Blade,90
imperial_spear_t2,spear_handle_5,Handle,90
highland_spear_t2,spear_blade_13,Blade,90
highland_spear_t2,spear_guard_3,Guard,90
highland_spear_t2,spear_handle_5,Handle,90
military_fork_t2,spear_blade_26,Blade,100
military_fork_t2,spear_handle_6,Handle,90
western_spear_3_t3,spear_blade_8,Blade,90
western_spear_3_t3,spear_banner_12,Guard,90
western_spear_3_t3,spear_handle_25,Handle,90
western_spear_4_t3,spear_blade_8,Blade,94
western_spear_4_t3,spear_handle_25,Handle,90
eastern_spear_2_t3,spear_blade_14,Blade,110
eastern_spear_2_t3,spear_handle_18,Handle,110
eastern_spear_3_t3,spear_blade_35,Blade,95
eastern_spear_3_t3,default_polearm_guard,Guard,
eastern_spear_3_t3,spear_handle_22,Handle,90
eastern_spear_3_t3,default_polearm_pommel,Pommel,
highland_spear_3_t3,spear_blade_8,Blade,100
highland_spear_3_t3,spear_handle_23,Handle,110
southern_spear_3_t3,spear_blade_14,Blade,90
southern_spear_3_t3,spear_banner_16,Guard,90
southern_spear_3_t3,spear_handle_21,Handle,90
southern_spear_3_t3,default_polearm_pommel,Pommel,
southern_spear_4_t3,spear_blade_14,Blade,100
southern_spear_4_t3,default_polearm_guard,Guard,100
southern_spear_4_t3,spear_handle_21,Handle,90
northern_spear_2_t3,spear_blade_40,Blade,90
northern_spear_2_t3,spear_banner_10,Guard,90
northern_spear_2_t3,spear_handle_21,Handle,90
northern_spear_4_t4,spear_blade_36,Blade,90
northern_spear_4_t4,spear_banner_10,Guard,90
northern_spear_4_t4,spear_handle_21,Handle,90
eastern_throwing_spear_1_t3,spear_blade_35,Blade,90
eastern_throwing_spear_1_t3,spear_banner_16,Guard,90
eastern_throwing_spear_1_t3,spear_handle_14,Handle,90
eastern_throwing_spear_1_t3,default_polearm_pommel,Pommel,
triangluar_spear_t3,spear_blade_2,Blade,100
triangluar_spear_t3,spear_handle_25,Handle,90
western_spear_4_t4,spear_blade_4,Blade,100
western_spear_4_t4,spear_banner_10,Guard,100
western_spear_4_t4,spear_handle_27,Handle,90
western_spear_4_t4,spear_pommel_4,Pommel,100
western_spear_5_t4,spear_blade_4,Blade,90
western_spear_5_t4,spear_guard_3,Guard,100
western_spear_5_t4,spear_handle_27,Handle,90
western_spear_5_t4,spear_pommel_4,Pommel,100
eastern_spear_4_t4,spear_blade_42,Blade,100
eastern_spear_4_t4,spear_guard_3,Guard,100
eastern_spear_4_t4,spear_handle_16,Handle,110
eastern_spear_4_t4,spear_pommel_11,Pommel,100
highland_spear_4_t4,spear_blade_36,Blade,100
highland_spear_4_t4,spear_guard_5,Guard,100
highland_spear_4_t4,spear_handle_27,Handle,110
highland_spear_4_t4,spear_pommel_1,Pommel,100
northern_spear_3_t4,spear_blade_36,Blade,100
northern_spear_3_t4,spear_guard_2,Guard,100
northern_spear_3_t4,spear_handle_16,Handle,100
northern_spear_3_t4,spear_pommel_5,Pommel,100
southern_spear_3_t4,spear_blade_11,Blade,100
southern_spear_3_t4,spear_guard_7,Guard,100
southern_spear_3_t4,spear_handle_20,Handle,110
southern_spear_3_t4,spear_pommel_11,Pommel,100
eastern_throwing_spear_2_t4,spear_blade_13,Blade,90
eastern_throwing_spear_2_t4,spear_guard_7,Guard,90
eastern_throwing_spear_2_t4,spear_handle_14,Handle,100
eastern_throwing_spear_2_t4,default_polearm_pommel,Pommel,100
imperial_throwing_spear_1_t4,spear_blade_38,Blade,90
imperial_throwing_spear_1_t4,default_polearm_guard,Guard,100
imperial_throwing_spear_1_t4,spear_handle_19_2,Handle,
imperial_throwing_spear_1_t4,default_polearm_pommel,Pommel,100
imperial_throwing_spear_1_t4_2,spear_blade_38,Blade,
imperial_throwing_spear_1_t4_2,default_polearm_guard,Guard,
imperial_throwing_spear_1_t4_2,spear_handle_13_2,Handle,110
imperial_throwing_spear_1_t4_2,default_polearm_pommel,Pommel,
wide_leaf_spear_t4,spear_blade_39,Blade,100
wide_leaf_spear_t4,spear_handle_27,Handle,100
wide_leaf_spear_t4,spear_pommel_9,Pommel,90
eastern_spear_5_t5,spear_blade_27,Blade,100
eastern_spear_5_t5,spear_guard_2,Guard,100
eastern_spear_5_t5,spear_handle_8,Handle,100
eastern_spear_5_t5,spear_pommel_12,Pommel,100
northern_spear_4_t5,spear_blade_13,Blade,90
northern_spear_4_t5,spear_guard_7,Guard,100
northern_spear_4_t5,spear_handle_26,Handle,100
northern_spear_4_t5,spear_pommel_9,Pommel,100
simple_pike_t2,spear_blade_9,Blade,90
simple_pike_t2,spear_handle_27,Handle,90
military_fork_pike_t3,spear_blade_25,Blade,100
military_fork_pike_t3,spear_handle_27,Handle,90
thamaskene_pike_t4,spear_blade_41,Blade,100
thamaskene_pike_t4,spear_handle_7,Handle,100
fine_pike_t4,spear_blade_11,Blade,100
fine_pike_t4,spear_handle_7,Handle,100
vlandia_pike_1_t5,spear_blade_6,Blade,110
vlandia_pike_1_t5,spear_handle_7,Handle,110
billhook_polearm_t2,spear_blade_33,Blade,100
billhook_polearm_t2,default_polearm_guard,Guard,100
billhook_polearm_t2,spear_handle_4,Handle,90
billhook_polearm_t2,default_polearm_pommel,Pommel,100
sturgia_polearm_1_t5,spear_blade_43,Blade,90
sturgia_polearm_1_t5,default_polearm_guard,Guard,100
sturgia_polearm_1_t5,spear_handle_26,Handle,90
sturgia_polearm_1_t5,default_polearm_pommel,Pommel,100
empire_polearm_1_t4,spear_blade_7,Blade,100
empire_polearm_1_t4,spear_banner_2,Guard,100
empire_polearm_1_t4,spear_handle_15,Handle,90
empire_polearm_1_t4,default_polearm_pommel,Pommel,100
khuzait_polearm_1_t4,spear_blade_19,Blade,106
khuzait_polearm_1_t4,spear_banner_16,Guard,90
khuzait_polearm_1_t4,spear_handle_15,Handle,90
khuzait_polearm_1_t4,default_polearm_pommel,Pommel,
easter_polesword_t4,spear_blade_22,Blade,100
easter_polesword_t4,default_polearm_guard,Guard,100
easter_polesword_t4,spear_handle_16,Handle,100
easter_polesword_t4,default_polearm_pommel,Pommel,100
battania_polearm_1_t5,spear_blade_44,Blade,90
battania_polearm_1_t5,spear_guard_7,Guard,90
battania_polearm_1_t5,spear_handle_8,Handle,90
battania_polearm_1_t5,default_polearm_pommel,Pommel,100
vlandia_polearm_1_t5,axe_craft_10_head,Blade,93
vlandia_polearm_1_t5,default_polearm_guard,Guard,
vlandia_polearm_1_t5,spear_handle_8,Handle,92
vlandia_polearm_1_t5,default_polearm_pommel,Pommel,
empire_polearm_2_t5,spear_blade_18,Blade,100
empire_polearm_2_t5,default_polearm_guard,Guard,100
empire_polearm_2_t5,spear_handle_8,Handle,100
empire_polearm_2_t5,default_polearm_pommel,Pommel,100
khuzait_polearm_2_t5,spear_blade_24,Blade,100
khuzait_polearm_2_t5,default_polearm_guard,Guard,100
khuzait_polearm_2_t5,spear_handle_8,Handle,100
khuzait_polearm_2_t5,default_polearm_pommel,Pommel,100
vlandia_lance_1_t3,spear_blade_20,Blade,100
vlandia_lance_1_t3,spear_handle_23,Handle,110
empire_lance_1_t3,spear_blade_23,Blade,101
empire_lance_1_t3,default_polearm_guard,Guard,
empire_lance_1_t3,spear_handle_13,Handle,97
empire_lance_1_t3,default_polearm_pommel,Pommel,
khuzait_lance_1_t3,spear_blade_35,Blade,100
khuzait_lance_1_t3,spear_banner_17,Guard,100
khuzait_lance_1_t3,spear_handle_23,Handle,100
aserai_lance_1_t5,spear_blade_42,Blade,100
aserai_lance_1_t5,spear_handle_19,Handle,100
vlandia_lance_2_t4,spear_blade_11,Blade,110
vlandia_lance_2_t4,spear_handle_20,Handle,110
empire_lance_2_t4,spear_blade_4,Blade,100
empire_lance_2_t4,spear_handle_24,Handle,100
sturgia_lance_1_t4,spear_blade_41,Blade,100
sturgia_lance_1_t4,spear_handle_17,Handle,100
khuzait_lance_2_t4,spear_blade_36,Blade,110
khuzait_lance_2_t4,spear_handle_20,Handle,110
vlandia_lance_3_t5,spear_blade_5,Blade,110
vlandia_lance_3_t5,spear_handle_19,Handle,110
sturgia_lance_2_t5,spear_blade_13,Blade,110
sturgia_lance_2_t5,spear_handle_19,Handle,110
empire_lance_3_t5,spear_blade_6,Blade,110
empire_lance_3_t5,spear_handle_24,Handle,100
khuzait_lance_3_t5,spear_blade_13,Blade,110
khuzait_lance_3_t5,spear_guard_13,Guard,100
khuzait_lance_3_t5,spear_handle_20,Handle,100
khuzait_lance_3_t5,spear_pommel_9,Pommel,100
vlandia_sword_1_t2,vlandian_blade_1,Blade,100
vlandia_sword_1_t2,cleaver_guard_2,Guard,100
vlandia_sword_1_t2,vlandian_grip_2,Handle,100
vlandia_sword_1_t2,vlandian_pommel_1,Pommel,100
empire_sword_1_t2,empire_blade_4,Blade,100
empire_sword_1_t2,cleaver_guard_4,Guard,100
empire_sword_1_t2,empire_grip_6,Handle,100
empire_sword_1_t2,empire_pommel_1,Pommel,100
aserai_sword_1_t2,aserai_blade_4,Blade,100
aserai_sword_1_t2,aserai_guard_1,Guard,100
aserai_sword_1_t2,aserai_grip_1,Handle,100
aserai_sword_1_t2,aserai_pommel_1,Pommel,100
aserai_sword_2_t2,aserai_blade_3,Blade,100
aserai_sword_2_t2,aserai_guard_6,Guard,100
aserai_sword_2_t2,aserai_grip_5,Handle,100
aserai_sword_2_t2,aserai_pommel_1,Pommel,100
khuzait_sword_1_t2,khuzait_blade_7,Blade,100
khuzait_sword_1_t2,khuzait_guard_4,Guard,100
khuzait_sword_1_t2,khuzait_grip_7,Handle,100
khuzait_sword_1_t2,khuzait_pommel_2,Pommel,100
sturgia_sword_1_t2,sturgian_blade_1,Blade,100
sturgia_sword_1_t2,sturgian_guard_1,Guard,100
sturgia_sword_1_t2,sturgian_grip_13,Handle,100
sturgia_sword_1_t2,sturgian_pommel_7,Pommel,100
battania_sword_1_t2,battania_blade_3_iron,Blade,100
battania_sword_1_t2,battania_guard_7,Guard,100
battania_sword_1_t2,cleaver_grip_3,Handle,100
battania_sword_1_t2,battania_pommel_1,Pommel,100
falchion_sword_t2,vlandian_blade_9,Blade,100
falchion_sword_t2,khuzait_guard_2,Guard,90
falchion_sword_t2,cleaver_grip_5,Handle,100
falchion_sword_t2,vlandian_pommel_10,Pommel,100
simple_sabre_sword_t2,khuzait_blade_6,Blade,100
simple_sabre_sword_t2,khuzait_guard_3,Guard,100
simple_sabre_sword_t2,aserai_grip_23,Handle,100
simple_sabre_sword_t2,aserai_pommel_2,Pommel,100
simple_back_sword_t2,khuzait_blade_7,Blade,90
simple_back_sword_t2,sturgian_guard_7,Guard,100
simple_back_sword_t2,khuzait_grip_16,Handle,100
simple_back_sword_t2,cleaver_pommel_1,Pommel,100
iron_spatha_sword_t2,empire_blade_2,Blade,90
iron_spatha_sword_t2,cleaver_guard_3,Guard,100
iron_spatha_sword_t2,sturgian_grip_5,Handle,100
iron_spatha_sword_t2,empire_pommel_2,Pommel,100
vlandia_sword_2_t3,vlandian_blade_4,Blade,100
vlandia_sword_2_t3,vlandian_guard_2,Guard,100
vlandia_sword_2_t3,vlandian_grip_21,Handle,100
vlandia_sword_2_t3,vlandian_pommel_6,Pommel,100
empire_sword_2_t3,empire_blade_1,Blade,100
empire_sword_2_t3,empire_guard_3,Guard,100
empire_sword_2_t3,empire_grip_1,Handle,100
empire_sword_2_t3,empire_pommel_4,Pommel,100
empire_sword_3_t3,empire_blade_1,Blade,100
empire_sword_3_t3,empire_guard_6,Guard,100
empire_sword_3_t3,empire_grip_4,Handle,100
empire_sword_3_t3,empire_pommel_4,Pommel,100
aserai_sword_3_t3,aserai_blade_2,Blade,100
aserai_sword_3_t3,aserai_guard_7,Guard,100
aserai_sword_3_t3,aserai_grip_7,Handle,100
aserai_sword_3_t3,aserai_pommel_3,Pommel,100
khuzait_sword_2_t3,khuzait_blade_5,Blade,100
khuzait_sword_2_t3,khuzait_guard_6,Guard,100
khuzait_sword_2_t3,khuzait_grip_4,Handle,100
khuzait_sword_2_t3,khuzait_pommel_3,Pommel,100
khuzait_sword_3_t3,khuzait_blade_5,Blade,100
khuzait_sword_3_t3,khuzait_guard_5,Guard,100
khuzait_sword_3_t3,khuzait_grip_2,Handle,100
khuzait_sword_3_t3,khuzait_pommel_3,Pommel,100
sturgia_sword_2_t3,sturgian_blade_5,Blade,100
sturgia_sword_2_t3,sturgian_guard_2,Guard,100
sturgia_sword_2_t3,sturgian_grip_4,Handle,100
sturgia_sword_2_t3,sturgian_pommel_3,Pommel,100
sturgia_sword_3_t3,sturgian_blade_7,Blade,100
sturgia_sword_3_t3,sturgian_guard_5,Guard,100
sturgia_sword_3_t3,sturgian_grip_8,Handle,100
sturgia_sword_3_t3,sturgian_pommel_3,Pommel,100
battania_sword_2_t3,battania_blade_4,Blade,100
battania_sword_2_t3,battania_guard_6,Guard,100
battania_sword_2_t3,battania_grip_3,Handle,100
battania_sword_2_t3,battania_pommel_3,Pommel,100
battania_sword_3_t3,battania_blade_3,Blade,100
battania_sword_3_t3,battania_guard_8,Guard,100
battania_sword_3_t3,battania_grip_8,Handle,100
battania_sword_3_t3,battania_pommel_3,Pommel,100
star_falchion_sword_t3,cleaver_blade_4,Blade,100
star_falchion_sword_t3,sturgian_guard_3,Guard,100
star_falchion_sword_t3,vlandian_grip_18,Handle,100
star_falchion_sword_t3,cleaver_pommel_2,Pommel,100
broad_falchion_sword_t3,cleaver_blade_2,Blade,100
broad_falchion_sword_t3,vlandian_guard_1,Guard,100
broad_falchion_sword_t3,sturgian_grip_35,Handle,100
broad_falchion_sword_t3,cleaver_pommel_2,Pommel,100
broad_ild_sword_t3,khuzait_blade_5,Blade,100
broad_ild_sword_t3,khuzait_guard_1,Guard,100
broad_ild_sword_t3,khuzait_grip_14,Handle,100
broad_ild_sword_t3,khuzait_pommel_6,Pommel,100
short_sword_t3,sturgian_blade_9,Blade,100
short_sword_t3,vlandian_guard_2,Guard,100
short_sword_t3,vlandian_grip_23,Handle,100
short_sword_t3,vlandian_pommel_8,Pommel,100
narrow_sword_t3,vlandian_blade_8,Blade,100
narrow_sword_t3,cleaver_guard_5,Guard,100
narrow_sword_t3,vlandian_grip_14,Handle,100
narrow_sword_t3,vlandian_pommel_6,Pommel,100
cleaver_sword_t3,cleaver_blade_1,Blade,100
cleaver_sword_t3,cleaver_guard_1,Guard,100
cleaver_sword_t3,sturgian_grip_14,Handle,100
cleaver_sword_t3,sturgian_pommel_1,Pommel,100
vlandia_sword_3_t4,vlandian_blade_7,Blade,110
vlandia_sword_3_t4,vlandian_guard_5,Guard,100
vlandia_sword_3_t4,vlandian_grip_4,Handle,100
vlandia_sword_3_t4,vlandian_pommel_7,Pommel,100
vlandia_sword_4_t4,vlandian_blade_5,Blade,105
vlandia_sword_4_t4,vlandian_guard_4,Guard,100
vlandia_sword_4_t4,vlandian_grip_10,Handle,100
vlandia_sword_4_t4,vlandian_pommel_7,Pommel,100
empire_sword_4_t4,empire_blade_6,Blade,105
empire_sword_4_t4,empire_guard_2,Guard,100
empire_sword_4_t4,empire_grip_5,Handle,100
empire_sword_4_t4,empire_pommel_5,Pommel,100
empire_sword_5_t4,empire_blade_5,Blade,105
empire_sword_5_t4,empire_guard_4,Guard,100
empire_sword_5_t4,empire_grip_11,Handle,100
empire_sword_5_t4,empire_pommel_5,Pommel,100
aserai_sword_4_t4,aserai_blade_10,Blade,105
aserai_sword_4_t4,aserai_guard_9,Guard,100
aserai_sword_4_t4,aserai_grip_9,Handle,100
aserai_sword_4_t4,aserai_pommel_5,Pommel,100
aserai_sword_5_t4,aserai_blade_8,Blade,110
aserai_sword_5_t4,aserai_guard_8,Guard,100
aserai_sword_5_t4,aserai_grip_25,Handle,100
aserai_sword_5_t4,aserai_pommel_5,Pommel,100
aserai_sword_6_t4,aserai_blade_1,Blade,105
aserai_sword_6_t4,aserai_guard_3,Guard,100
aserai_sword_6_t4,aserai_grip_29,Handle,100
aserai_sword_6_t4,aserai_pommel_5,Pommel,100
khuzait_sword_4_t4,khuzait_blade_1,Blade,105
khuzait_sword_4_t4,khuzait_guard_9,Guard,100
khuzait_sword_4_t4,khuzait_grip_15,Handle,100
khuzait_sword_4_t4,khuzait_pommel_4,Pommel,100
khuzait_sword_5_t4,khuzait_blade_2,Blade,110
khuzait_sword_5_t4,khuzait_guard_7,Guard,100
khuzait_sword_5_t4,khuzait_grip_8,Handle,100
khuzait_sword_5_t4,khuzait_pommel_4,Pommel,100
sturgia_sword_4_t4,sturgian_blade_2,Blade,105
sturgia_sword_4_t4,sturgian_guard_2,Guard,100
sturgia_sword_4_t4,sturgian_grip_7,Handle,100
sturgia_sword_4_t4,sturgian_pommel_8,Pommel,100
sturgia_sword_5_t4,sturgian_blade_6,Blade,110
sturgia_sword_5_t4,sturgian_guard_5,Guard,100
sturgia_sword_5_t4,sturgian_grip_25,Handle,100
sturgia_sword_5_t4,sturgian_pommel_8,Pommel,100
battania_sword_4_t4,battania_blade_1,Blade,110
battania_sword_4_t4,battania_guard_3,Guard,100
battania_sword_4_t4,battania_grip_1,Handle,100
battania_sword_4_t4,battania_pommel_4,Pommel,100
pointed_falchion_sword_t4,cleaver_blade_3,Blade,100
pointed_falchion_sword_t4,cleaver_guard_1,Guard,100
pointed_falchion_sword_t4,empire_grip_5,Handle,100
pointed_falchion_sword_t4,empire_pommel_1,Pommel,100
ridged_sabre_sword_t4,khuzait_blade_8,Blade,90
ridged_sabre_sword_t4,empire_guard_1,Guard,100
ridged_sabre_sword_t4,khuzait_noble_grip_3,Handle,100
ridged_sabre_sword_t4,khuzait_noble_pommel_4,Pommel,100
broad_arming_sword_t4,vlandian_blade_2,Blade,100
broad_arming_sword_t4,vlandian_guard_4,Guard,100
broad_arming_sword_t4,vlandian_noble_grip_2,Handle,100
broad_arming_sword_t4,vlandian_pommel_7,Pommel,100
desert_long_sword_t4,aserai_blade_7,Blade,100
desert_long_sword_t4,aserai_guard_9,Guard,100
desert_long_sword_t4,aserai_grip_24,Handle,100
desert_long_sword_t4,aserai_noble_pommel_1,Pommel,100
vlandia_sword_5_t5,vlandian_blade_3,Blade,100
vlandia_sword_5_t5,vlandian_guard_8,Guard,100
vlandia_sword_5_t5,vlandian_grip_20,Handle,100
vlandia_sword_5_t5,vlandian_pommel_9,Pommel,100
empire_sword_6_t5,empire_blade_7,Blade,100
empire_sword_6_t5,empire_guard_5,Guard,100
empire_sword_6_t5,empire_grip_17,Handle,100
empire_sword_6_t5,empire_pommel_3,Pommel,100
empire_sword_7_t2,battania_blade_3_iron,Blade,98
empire_sword_7_t2,battania_guard_6,Guard,
empire_sword_7_t2,empire_grip_6,Handle,
empire_sword_7_t2,aserai_pommel_4,Pommel,
aserai_sword_7_t5,aserai_blade_11,Blade,100
aserai_sword_7_t5,aserai_guard_2,Guard,100
aserai_sword_7_t5,aserai_grip_8,Handle,100
aserai_sword_7_t5,aserai_pommel_8,Pommel,100
sturgia_sword_5_t5,sturgian_blade_8,Blade,100
sturgia_sword_5_t5,sturgian_guard_4,Guard,100
sturgia_sword_5_t5,sturgian_grip_36,Handle,100
sturgia_sword_5_t5,sturgian_pommel_12,Pommel,100
battania_sword_5_t5,battania_blade_5,Blade,100
battania_sword_5_t5,battania_guard_9,Guard,100
battania_sword_5_t5,battania_grip_4,Handle,100
battania_sword_5_t5,battania_pommel_8,Pommel,100
vlandia_noble_sword_1_t5,vlandian_noble_blade_4,Blade,105
vlandia_noble_sword_1_t5,vlandian_noble_guard_3,Guard,100
vlandia_noble_sword_1_t5,vlandian_noble_grip_3,Handle,100
vlandia_noble_sword_1_t5,vlandian_noble_pommel_4,Pommel,100
vlandia_noble_sword_2_t5,vlandian_noble_blade_1,Blade,100
vlandia_noble_sword_2_t5,vlandian_noble_guard_1,Guard,100
vlandia_noble_sword_2_t5,vlandian_noble_grip_4,Handle,100
vlandia_noble_sword_2_t5,vlandian_noble_pommel_1,Pommel,100
vlandia_noble_sword_3_t5,vlandian_noble_blade_2,Blade,105
vlandia_noble_sword_3_t5,vlandian_noble_guard_3,Guard,100
vlandia_noble_sword_3_t5,vlandian_noble_grip_4,Handle,100
vlandia_noble_sword_3_t5,vlandian_noble_pommel_3,Pommel,100
vlandia_noble_sword_4_t5,vlandian_noble_blade_3,Blade,
vlandia_noble_sword_4_t5,vlandian_noble_guard_4,Guard,
vlandia_noble_sword_4_t5,sturgian_noble_grip_2,Handle,
vlandia_noble_sword_4_t5,vlandian_noble_pommel_2,Pommel,
empire_noble_sword_1_t5,empire_noble_blade_1,Blade,100
empire_noble_sword_1_t5,empire_noble_guard_1,Guard,100
empire_noble_sword_1_t5,empire_grip_17,Handle,100
empire_noble_sword_1_t5,empire_noble_pommel_3,Pommel,100
empire_noble_sword_2_t5,empire_blade_7,Blade,100
empire_noble_sword_2_t5,empire_noble_guard_4,Guard,100
empire_noble_sword_2_t5,empire_noble_grip_2,Handle,100
empire_noble_sword_2_t5,empire_noble_pommel_4,Pommel,100
empire_noble_sword_3_t5,empire_noble_blade_4,Blade,90
empire_noble_sword_3_t5,empire_noble_guard_3,Guard,90
empire_noble_sword_3_t5,empire_noble_grip_4,Handle,90
empire_noble_sword_3_t5,empire_noble_pommel_2,Pommel,90
aserai_noble_sword_1_t5,aserai_noble_blade_2,Blade,100
aserai_noble_sword_1_t5,aserai_noble_guard_2,Guard,100
aserai_noble_sword_1_t5,aserai_noble_grip_1,Handle,100
aserai_noble_sword_1_t5,aserai_noble_pommel_2,Pommel,100
aserai_noble_sword_2_t5,aserai_noble_blade_1,Blade,100
aserai_noble_sword_2_t5,aserai_noble_guard_4,Guard,100
aserai_noble_sword_2_t5,aserai_noble_grip_4,Handle,100
aserai_noble_sword_2_t5,aserai_noble_pommel_4,Pommel,100
aserai_noble_sword_3_t5,aserai_noble_blade_4,Blade,100
aserai_noble_sword_3_t5,aserai_noble_guard_3,Guard,100
aserai_noble_sword_3_t5,aserai_noble_grip_2,Handle,100
aserai_noble_sword_3_t5,aserai_noble_pommel_3,Pommel,100
aserai_noble_sword_4_t5,aserai_noble_blade_3,Blade,100
aserai_noble_sword_4_t5,aserai_noble_guard_1,Guard,100
aserai_noble_sword_4_t5,aserai_noble_grip_3,Handle,100
aserai_noble_sword_4_t5,aserai_noble_pommel_1,Pommel,100
khuzait_noble_sword_1_t5,khuzait_noble_blade_2,Blade,100
khuzait_noble_sword_1_t5,khuzait_noble_guard_1,Guard,100
khuzait_noble_sword_1_t5,khuzait_noble_grip_2,Handle,100
khuzait_noble_sword_1_t5,khuzait_noble_pommel_1,Pommel,100
khuzait_noble_sword_2_t5,khuzait_noble_blade_1,Blade,100
khuzait_noble_sword_2_t5,khuzait_noble_guard_2,Guard,100
khuzait_noble_sword_2_t5,khuzait_noble_grip_2,Handle,100
khuzait_noble_sword_2_t5,khuzait_noble_pommel_2,Pommel,100
khuzait_noble_sword_3_t5,khuzait_noble_blade_2,Blade,100
khuzait_noble_sword_3_t5,khuzait_noble_guard_3,Guard,100
khuzait_noble_sword_3_t5,khuzait_noble_grip_1,Handle,100
khuzait_noble_sword_3_t5,khuzait_noble_pommel_3,Pommel,100
sturgia_noble_sword_1_t5,sturgian_noble_blade_2,Blade,100
sturgia_noble_sword_1_t5,sturgian_noble_guard_2,Guard,100
sturgia_noble_sword_1_t5,sturgian_noble_grip_1,Handle,100
sturgia_noble_sword_1_t5,sturgian_noble_pommel_3,Pommel,100
sturgia_noble_sword_2_t5,sturgian_noble_blade_3,Blade,100
sturgia_noble_sword_2_t5,sturgian_noble_guard_1,Guard,100
sturgia_noble_sword_2_t5,sturgian_noble_grip_2,Handle,100
sturgia_noble_sword_2_t5,sturgian_noble_pommel_4,Pommel,100
sturgia_noble_sword_3_t5,sturgian_noble_blade_1,Blade,100
sturgia_noble_sword_3_t5,sturgian_noble_guard_3,Guard,100
sturgia_noble_sword_3_t5,sturgian_noble_grip_3,Handle,100
sturgia_noble_sword_3_t5,sturgian_noble_pommel_2,Pommel,100
sturgia_noble_sword_4_t5,sturgian_noble_blade_4,Blade,100
sturgia_noble_sword_4_t5,sturgian_noble_guard_4,Guard,100
sturgia_noble_sword_4_t5,sturgian_noble_grip_4,Handle,100
sturgia_noble_sword_4_t5,sturgian_noble_pommel_1,Pommel,100
battania_noble_sword_1_t5,battania_noble_blade_1,Blade,100
battania_noble_sword_1_t5,battania_noble_guard_1,Guard,100
battania_noble_sword_1_t5,battania_grip_4,Handle,100
battania_noble_sword_1_t5,battania_pommel_5,Pommel,100
battania_noble_sword_2_t5,battania_blade_3_fine_steel,Blade,100
battania_noble_sword_2_t5,battania_guard_5,Guard,100
battania_noble_sword_2_t5,battania_grip_1,Handle,100
battania_noble_sword_2_t5,battania_pommel_8,Pommel,100
battania_noble_sword_3_t5,battania_noble_blade_2,Blade,90
battania_noble_sword_3_t5,battania_noble_guard_1,Guard,90
battania_noble_sword_3_t5,battania_noble_grip_1,Handle,90
battania_noble_sword_3_t5,battania_noble_pommel_1,Pommel,90
battania_2hsword_1_t2,battania_blade_3_iron,Blade,110
battania_2hsword_1_t2,battania_guard_8,Guard,100
battania_2hsword_1_t2,sturgian_grip_27,Handle,100
battania_2hsword_1_t2,sturgian_pommel_4,Pommel,100
bastard_sword_t2,empire_blade_4,Blade,
bastard_sword_t2,cleaver_guard_2,Guard,
bastard_sword_t2,sturgian_grip_33,Handle,
bastard_sword_t2,sturgian_pommel_7,Pommel,
battania_2hsword_2_t3,battania_blade_3,Blade,110
battania_2hsword_2_t3,battania_guard_3,Guard,100
battania_2hsword_2_t3,sturgian_grip_25,Handle,110
battania_2hsword_2_t3,empire_pommel_4,Pommel,100
battania_2hsword_3_t3,sturgian_blade_3,Blade,110
battania_2hsword_3_t3,sturgian_guard_10,Guard,100
battania_2hsword_3_t3,battania_grip_2,Handle,105
battania_2hsword_3_t3,empire_pommel_4,Pommel,100
cleaver_2hsword_t3,cleaver_blade_4,Blade,110
cleaver_2hsword_t3,cleaver_guard_1,Guard,100
cleaver_2hsword_t3,cleaver_grip_8,Handle,105
cleaver_2hsword_t3,cleaver_pommel_2,Pommel,100
western_2hsword_t3,vlandian_blade_8,Blade,100
western_2hsword_t3,vlandian_guard_1,Guard,100
western_2hsword_t3,vlandian_grip_16,Handle,105
western_2hsword_t3,vlandian_pommel_4,Pommel,100
kaskara_2hsword_t3,vlandian_blade_8,Blade,100
kaskara_2hsword_t3,aserai_guard_5,Guard,100
kaskara_2hsword_t3,aserai_grip_21,Handle,105
kaskara_2hsword_t3,aserai_pommel_9,Pommel,100
battania_2hsword_4_t4,battania_blade_6,Blade,110
battania_2hsword_4_t4,sturgian_guard_6,Guard,100
battania_2hsword_4_t4,sturgian_grip_20,Handle,100
battania_2hsword_4_t4,battania_pommel_9,Pommel,100
battania_2hsword_6,battania_blade_7,Blade,110
battania_2hsword_6,sturgian_guard_6,Guard,100
battania_2hsword_6,sturgian_grip_20,Handle,100
battania_2hsword_6,battania_pommel_9,Pommel,100
northern_2hsword_t4,sturgian_blade_4,Blade,100
northern_2hsword_t4,sturgian_guard_12,Guard,100
northern_2hsword_t4,sturgian_grip_22,Handle,100
northern_2hsword_t4,sturgian_pommel_10,Pommel,100
battania_2hsword_5_t4,empire_blade_6,Blade,100
battania_2hsword_5_t4,battania_guard_6,Guard,100
battania_2hsword_5_t4,battania_grip_9,Handle,100
battania_2hsword_5_t4,battania_pommel_4,Pommel,100
western_2hsword_t4,vlandian_blade_2,Blade,100
western_2hsword_t4,vlandian_guard_5,Guard,100
western_2hsword_t4,vlandian_grip_7,Handle,100
western_2hsword_t4,vlandian_pommel_7,Pommel,100
ridged_2hsword_t4,khuzait_blade_8,Blade,110
ridged_2hsword_t4,khuzait_guard_9,Guard,100
ridged_2hsword_t4,khuzait_grip_17,Handle,100
ridged_2hsword_t4,khuzait_pommel_4,Pommel,100
war_razor_2hsword_t4,cleaver_blade_5,Blade,100
war_razor_2hsword_t4,cleaver_guard_5,Guard,100
war_razor_2hsword_t4,cleaver_grip_7,Handle,100
war_razor_2hsword_t4,cleaver_pommel_2,Pommel,100
southern_broad_2hsword_t4,aserai_blade_5,Blade,100
southern_broad_2hsword_t4,aserai_guard_8,Guard,100
southern_broad_2hsword_t4,aserai_grip_20,Handle,100
southern_broad_2hsword_t4,cleaver_pommel_2,Pommel,100
battania_2hsword_5_t5,battania_blade_5,Blade,110
battania_2hsword_5_t5,battania_guard_9,Guard,100
battania_2hsword_5_t5,battania_grip_6,Handle,110
battania_2hsword_5_t5,battania_pommel_9,Pommel,100
vlandia_2hsword_1_t5,vlandian_blade_3,Blade,100
vlandia_2hsword_1_t5,vlandian_guard_7,Guard,100
vlandia_2hsword_1_t5,vlandian_grip_8,Handle,100
vlandia_2hsword_1_t5,vlandian_pommel_4,Pommel,100
vlandia_2hsword_2_t5,vlandian_blade_3,Blade,110
vlandia_2hsword_2_t5,vlandian_guard_8,Guard,100
vlandia_2hsword_2_t5,vlandian_grip_7,Handle,100
vlandia_2hsword_2_t5,vlandian_pommel_9,Pommel,100
seax,dagger_blade_3,Blade,93
seax,sturgian_dagger_guard_8,Guard,90
seax,aserai_grip_3,Handle,110
seax,khuzait_pommel_2,Pommel,
celtic_dagger,dagger_blade_6,Blade,110
celtic_dagger,battania_dagger_guard_9,Guard,
celtic_dagger,aserai_grip_4,Handle,
celtic_dagger,battania_pommel_9,Pommel,
Broad_Skaen,dagger_blade_7,Blade,110
Broad_Skaen,battania_dagger_guard_1,Guard,90
Broad_Skaen,battania_grip_1,Handle,110
Broad_Skaen,battania_pommel_5,Pommel,90
pugio,dagger_blade_1,Blade,110
pugio,empire_dagger_guard_3,Guard,
pugio,vlandian_grip_1,Handle,
pugio,vlandian_pommel_1,Pommel,
hooked_cleaver,dagger_blade_9,Blade,106
hooked_cleaver,sturgian_dagger_guard_1,Guard,
hooked_cleaver,sturgian_grip_1,Handle,
hooked_cleaver,aserai_pommel_3,Pommel,
gladius_b,dagger_blade_1,Blade,110
gladius_b,khuzait_dagger_guard_6,Guard,
gladius_b,aserai_grip_5,Handle,
gladius_b,vlandian_pommel_5,Pommel,90
vlandia_mace_1_t2,mace_head_22,Blade,110
vlandia_mace_1_t2,mace_handle_6,Handle,100
empire_mace_1_t2,mace_head_23,Blade,100
empire_mace_1_t2,mace_handle_3,Handle,100
aserai_mace_1_t2,mace_head_17,Blade,110
aserai_mace_1_t2,mace_handle_6,Handle,100
aserai_mace_2_t2,mace_head_1,Blade,100
aserai_mace_2_t2,mace_handle_6,Handle,100
khuzait_mace_1_t2,mace_head_14,Blade,
khuzait_mace_1_t2,mace_handle_8,Handle,
khuzait_mace_1_t2,empire_pommel_1,Pommel,
battania_mace_1_t2,mace_head_6,Blade,100
battania_mace_1_t2,mace_handle_3,Handle,100
battania_mace_2_t2,mace_head_5,Blade,100
battania_mace_2_t2,mace_handle_6,Handle,100
aserai_mace_3_t3,mace_head_19,Blade,110
aserai_mace_3_t3,mace_handle_7,Handle,110
battania_mace_1_t3,mace_head_9,Blade,
battania_mace_1_t3,mace_handle_7,Handle,
battania_mace_1_t3,spear_pommel_8,Pommel,
light_mace_t3,mace_head_20,Blade,
light_mace_t3,mace_handle_12,Handle,
light_mace_t3,spear_pommel_5,Pommel,
steel_mace_t3,mace_head_4,Blade,100
steel_mace_t3,mace_handle_4,Handle,110
morningstar_mace_t3,mace_head_9,Blade,
morningstar_mace_t3,mace_handle_1,Handle,
morningstar_mace_t3,empire_pommel_4,Pommel,
vlandia_mace_2_t4,mace_head_16,Blade,
vlandia_mace_2_t4,mace_handle_10,Handle,
vlandia_mace_2_t4,spear_pommel_5,Pommel,
empire_mace_2_t4,mace_head_3,Blade,
empire_mace_2_t4,mace_handle_9,Handle,
empire_mace_2_t4,empire_pommel_5,Pommel,90
empire_mace_3_t4,mace_head_8,Blade,
empire_mace_3_t4,mace_handle_10,Handle,
empire_mace_3_t4,spear_pommel_11,Pommel,90
aserai_mace_4_t4,mace_head_15,Blade,100
aserai_mace_4_t4,mace_handle_5,Handle,100
khuzait_mace_2_t4,mace_head_11,Blade,100
khuzait_mace_2_t4,mace_handle_5,Handle,100
khuzait_mace_3_t4,mace_head_10,Blade,100
khuzait_mace_3_t4,mace_handle_4,Handle,100
shishpar_mace_t4,mace_head_21,Blade,
shishpar_mace_t4,mace_handle_10,Handle,
shishpar_mace_t4,spear_pommel_5,Pommel,90
eastern_steel_mace_t4,mace_head_26,Blade,
eastern_steel_mace_t4,mace_handle_11,Handle,
eastern_steel_mace_t4,vlandian_pommel_2,Pommel,90
vlandia_mace_3_t5,mace_head_2,Blade,
vlandia_mace_3_t5,mace_handle_9,Handle,
vlandia_mace_3_t5,spear_pommel_9,Pommel,108
empire_mace_4_t5,mace_head_13,Blade,
empire_mace_4_t5,mace_handle_13,Handle,
empire_mace_4_t5,empire_noble_pommel_1,Pommel,
empire_mace_5_t5,mace_head_7,Blade,100
empire_mace_5_t5,mace_handle_5,Handle,100
khuzait_mace_4_t5,mace_head_12,Blade,
khuzait_mace_4_t5,mace_handle_15,Handle,
khuzait_mace_4_t5,khuzait_noble_pommel_1,Pommel,90
aserai_mace_5_t4,mace_head_34,Blade,110
aserai_mace_5_t4,axe_craft_1_handle,Handle,
aserai_mace_5_t4,khuzait_noble_pommel_1,Pommel,
sturgia_mace_2_t4,mace_head_37,Blade,110
sturgia_mace_2_t4,mace_handle_20,Handle,
sturgia_mace_2_t4,vlandian_pommel_9,Pommel,
sturgia_mace_1_t3,mace_head_38,Blade,110
sturgia_mace_1_t3,mace_handle_20,Handle,
sturgia_mace_1_t3,khuzait_noble_pommel_3,Pommel,
western_javelin_1_t2,spear_blade_15,Blade,100
western_javelin_1_t2,default_polearm_guard,Guard,100
western_javelin_1_t2,spear_handle_2,Handle,100
western_javelin_1_t2,default_polearm_pommel,Pommel,100
northern_javelin_1_t2,spear_blade_16,Blade,90
northern_javelin_1_t2,spear_guard_15,Guard,90
northern_javelin_1_t2,spear_handle_9,Handle,100
northern_javelin_1_t2,default_polearm_pommel,Pommel,100
eastern_javelin_1_t2,spear_blade_35,Blade,100
eastern_javelin_1_t2,default_polearm_guard,Guard,100
eastern_javelin_1_t2,spear_handle_9,Handle,100
eastern_javelin_1_t2,default_polearm_pommel,Pommel,100
western_javelin_2_t3,spear_blade_1,Blade,100
western_javelin_2_t3,default_polearm_guard,Guard,100
western_javelin_2_t3,spear_handle_11,Handle,100
western_javelin_2_t3,default_polearm_pommel,Pommel,100
generic_javelin_1_t3,spear_blade_10,Blade,90
generic_javelin_1_t3,spear_guard_15,Guard,90
generic_javelin_1_t3,spear_handle_11,Handle,100
generic_javelin_1_t3,default_polearm_pommel,Pommel,100
northern_javelin_2_t3,spear_blade_14,Blade,100
northern_javelin_2_t3,default_polearm_guard,Guard,100
northern_javelin_2_t3,spear_handle_2,Handle,100
northern_javelin_2_t3,default_polearm_pommel,Pommel,100
eastern_javelin_2_t3,spear_blade_37,Blade,100
eastern_javelin_2_t3,default_polearm_guard,Guard,100
eastern_javelin_2_t3,spear_handle_10,Handle,100
eastern_javelin_2_t3,default_polearm_pommel,Pommel,100
western_javelin_3_t4,spear_blade_10,Blade,100
western_javelin_3_t4,default_polearm_guard,Guard,100
western_javelin_3_t4,spear_handle_11,Handle,100
western_javelin_3_t4,spear_pommel_5,Pommel,100
northern_javelin_3_t4,spear_blade_42,Blade,100
northern_javelin_3_t4,default_polearm_guard,Guard,100
northern_javelin_3_t4,spear_handle_11,Handle,100
northern_javelin_3_t4,spear_pommel_5,Pommel,100
eastern_javelin_3_t4,spear_blade_27,Blade,100
eastern_javelin_3_t4,default_polearm_guard,Guard,100
eastern_javelin_3_t4,spear_handle_10,Handle,100
eastern_javelin_3_t4,spear_pommel_12,Pommel,100
highland_throwing_axe_1_t2,axe_craft_4_head,Blade,100
highland_throwing_axe_1_t2,axe_craft_12_handle,Handle,100
southern_throwing_axe_1_t4,axe_craft_4_head,Blade,100
southern_throwing_axe_1_t4,axe_craft_12_handle,Handle,100
northern_throwing_axe_1_t1,axe_craft_13_head,Blade,100
northern_throwing_axe_1_t1,axe_craft_11_handle,Handle,100
woodland_throwing_axe_1_t1,axe_craft_13_head,Blade,100
woodland_throwing_axe_1_t1,axe_craft_28_handle,Handle,100
western_throwing_axe_1_t1,axe_craft_4_head,Blade,
western_throwing_axe_1_t1,axe_craft_11_handle,Handle,
lowland_throwing_knife,dagger_blade_11,Blade,
lowland_throwing_knife,aserai_dagger_guard_4,Guard,
lowland_throwing_knife,sturgian_grip_5,Handle,
lowland_throwing_knife,khuzait_pommel_1,Pommel,
leafblade_throwing_knife,dagger_blade_11,Blade,90
leafblade_throwing_knife,sturgian_dagger_guard_5,Guard,110
leafblade_throwing_knife,khuzait_grip_2,Handle,
leafblade_throwing_knife,vlandian_pommel_1,Pommel,
desert_throwing_knife,dagger_blade_13,Blade,110
desert_throwing_knife,aserai_dagger_guard_4,Guard,
desert_throwing_knife,aserai_grip_4,Handle,
desert_throwing_knife,aserai_pommel_3,Pommel,
celtic_throwing_dagger,dagger_blade_10,Blade,90
celtic_throwing_dagger,battania_dagger_guard_8,Guard,
celtic_throwing_dagger,sturgian_grip_14,Handle,
celtic_throwing_dagger,cleaver_pommel_4,Pommel,
empire_throwingknife_t5,dagger_blade_12,Blade,110
empire_throwingknife_t5,empire_dagger_guard_3,Guard,110
empire_throwingknife_t5,empire_grip_2,Handle,110
empire_throwingknife_t5,empire_pommel_1,Pommel,110
berserkr_axe,coh_axe_head_1,Blade,
berserkr_axe,naval_axe_handle02,Handle,110
nord_long_two_handed_t6,naval_axe_head_08_2,Blade,90
nord_long_two_handed_t6,naval_axe_handle12_2,Handle,110
nord_long_two_handed_t3,naval_axe_head_08_3,Blade,90
nord_long_two_handed_t3,axe_craft_20_handle_2,Handle,90
naval_one_handed_axe_t1,axe_craft_32_head,Blade,
naval_one_handed_axe_t1,axe_craft_20_handle,Handle,
nord_throwing_axe_1_t4,naval_axe_head_06,Blade,90
nord_throwing_axe_1_t4,naval_axe_handle09_2,Handle,90
nord_throwing_axe_2_t4,naval_axe_head_06,Blade,90
nord_throwing_axe_2_t4,naval_axe_handle04_2,Handle,90
nord_throwing_axe_1_t5,naval_axe_head_13,Blade,90
nord_throwing_axe_1_t5,naval_axe_handle09_2,Handle,90
nord_throwing_axe_2_t5,naval_axe_head_13,Blade,
nord_throwing_axe_2_t5,naval_axe_handle04_2,Handle,90
nord_throwing_axe_1_t3,naval_axe_head_05,Blade,
nord_throwing_axe_1_t3,naval_axe_handle08_2,Handle,90
nord_throwing_axe_1_t2,naval_axe_head_04_2,Blade,
nord_throwing_axe_1_t2,naval_axe_handle08_2,Handle,90
nord_twohanded_axe_1_t3,naval_axe_head_03,Blade,
nord_twohanded_axe_1_t3,naval_axe_handle12,Handle,
nord_twohanded_axe_1_t3,default_polearm_pommel,Pommel,
nord_twohanded_axe_2_t4,naval_axe_head_07,Blade,
nord_twohanded_axe_2_t4,naval_axe_handle05,Handle,
nord_twohanded_axe_2_t4,default_polearm_pommel,Pommel,
nord_twohanded_axe_3_t5,naval_axe_head_08,Blade,
nord_twohanded_axe_3_t5,axe_craft_4_handle,Handle,
nord_twohanded_axe_3_t5,default_polearm_pommel,Pommel,
nord_twohanded_axe_4_t5,naval_axe_head_08,Blade,
nord_twohanded_axe_4_t5,axe_craft_1_handle,Handle,
nord_twohanded_axe_4_t5,default_polearm_pommel,Pommel,
nord_twohanded_axe_5_t4,naval_axe_head_07,Blade,
nord_twohanded_axe_5_t4,axe_craft_10_handle,Handle,
nord_twohanded_axe_5_t4,default_polearm_pommel,Pommel,
nord_twohanded_axe_6_t4,naval_axe_head_03,Blade,
nord_twohanded_axe_6_t4,axe_craft_4_handle,Handle,
nord_twohanded_axe_6_t4,default_polearm_pommel,Pommel,
nord_battle_axe_1_t5,naval_axe_head_10,Blade,104
nord_battle_axe_1_t5,naval_axe_handle09,Handle,105
nord_battle_axe_1_t5,naval_axe_pommel_06,Pommel,90
nord_battle_axe_2_t5,naval_axe_head_12,Blade,
nord_battle_axe_2_t5,naval_axe_handle04,Handle,
nord_battle_axe_2_t5,spear_pommel_5,Pommel,
nord_battle_axe_3_t4,naval_axe_head_11,Blade,
nord_battle_axe_3_t4,naval_axe_handle02,Handle,90
nord_battle_axe_3_t4,spear_pommel_5,Pommel,
nord_battle_axe_4_t3,naval_axe_head_01,Blade,110
nord_battle_axe_4_t3,naval_axe_handle03,Handle,90
nord_battle_axe_4_t3,naval_axe_pommel_02,Pommel,
nord_battle_axe_5_t3,naval_axe_head_01,Blade,
nord_battle_axe_5_t3,naval_axe_handle06,Handle,
nord_battle_axe_5_t3,naval_axe_pommel_03,Pommel,
nord_battle_axe_6_t2,naval_axe_head_02,Blade,
nord_battle_axe_6_t2,naval_axe_handle07,Handle,
nord_battle_axe_6_t2,default_polearm_pommel,Pommel,
nord_battle_axe_7_t2,naval_axe_head_02,Blade,90
nord_battle_axe_7_t2,naval_axe_handle01,Handle,
nord_battle_axe_7_t2,default_polearm_pommel,Pommel,
nord_hatchett_1_t2,naval_axe_head_04,Blade,
nord_hatchett_1_t2,naval_axe_handle10,Handle,90
nord_hatchett_1_t2,default_polearm_pommel,Pommel,
nord_hatchett_2_t2,naval_axe_head_04,Blade,96
nord_hatchett_2_t2,naval_axe_handle08,Handle,105
nord_hatchett_2_t2,default_polearm_pommel,Pommel,
nord_hatchett_3_t1,axe_craft_32_head,Blade,110
nord_hatchett_3_t1,naval_axe_handle08,Handle,98
nord_hatchett_3_t1,default_polearm_pommel,Pommel,
nord_sword_1_t2,nord_sword_blade_13,Blade,
nord_sword_1_t2,nord_sword_guard_01,Guard,
nord_sword_1_t2,nord_sword_grip_09,Handle,
nord_sword_1_t2,nord_sword_pommel_01,Pommel,
nord_sword_1_t3,nord_sword_blade_05,Blade,
nord_sword_1_t3,nord_sword_guard_03,Guard,
nord_sword_1_t3,nord_sword_grip_04,Handle,
nord_sword_1_t3,nord_sword_pommel_02,Pommel,
nord_sword_2_t3,nord_sword_blade_12,Blade,
nord_sword_2_t3,nord_sword_guard_04,Guard,
nord_sword_2_t3,nord_sword_grip_06,Handle,
nord_sword_2_t3,nord_sword_pommel_04,Pommel,
nord_sword_1_t4,nord_sword_blade_02,Blade,
nord_sword_1_t4,nord_sword_guard_06,Guard,
nord_sword_1_t4,nord_sword_grip_03,Handle,
nord_sword_1_t4,nord_sword_pommel_03,Pommel,
nord_sword_2_t4,nord_sword_blade_03,Blade,
nord_sword_2_t4,nord_sword_guard_05,Guard,
nord_sword_2_t4,nord_sword_grip_02,Handle,
nord_sword_2_t4,nord_sword_pommel_05,Pommel,
nord_sword_3_t4,nord_sword_blade_08,Blade,
nord_sword_3_t4,nord_sword_guard_07,Guard,
nord_sword_3_t4,nord_sword_grip_06,Handle,
nord_sword_3_t4,sturgian_noble_pommel_2,Pommel,
nord_sword_4_t4,nord_sword_blade_09,Blade,
nord_sword_4_t4,nord_sword_guard_10,Guard,
nord_sword_4_t4,nord_sword_grip_10,Handle,
nord_sword_4_t4,nord_sword_pommel_06,Pommel,
nord_sword_1_t5,nord_sword_blade_11,Blade,
nord_sword_1_t5,nord_sword_guard_08,Guard,
nord_sword_1_t5,nord_sword_grip_08,Handle,
nord_sword_1_t5,nord_sword_pommel_08,Pommel,
nord_sword_2_t5,nord_sword_blade_06,Blade,102
nord_sword_2_t5,nord_sword_guard_09,Guard,
nord_sword_2_t5,nord_sword_grip_08,Handle,
nord_sword_2_t5,nord_sword_pommel_09,Pommel,
nord_sword_3_t5,nord_sword_blade_07,Blade,
nord_sword_3_t5,nord_sword_guard_09,Guard,
nord_sword_3_t5,nord_sword_grip_07,Handle,
nord_sword_3_t5,nord_sword_pommel_07,Pommel,
nord_spear_1_t2,nord_spear_blade_10,Blade,90
nord_spear_1_t2,spear_handle_3,Handle,90
nord_spear_2_t2,nord_spear_blade_11,Blade,
nord_spear_2_t2,spear_handle_18,Handle,90
nord_spear_javelin_1_t3,nord_spear_blade_9,Blade,90
nord_spear_javelin_1_t3,spear_handle_11,Handle,
nord_spear_1_t3,nord_spear_blade_3,Blade,95
nord_spear_1_t3,nord_spear_guard_8,Guard,90
nord_spear_1_t3,spear_handle_25,Handle,90
nord_spear_1_t3,nord_spear_pommel_7,Pommel,90
nord_spear_2_t3,nord_spear_blade_12,Blade,
nord_spear_2_t3,nord_spear_guard_5,Guard,
nord_spear_2_t3,spear_handle_21,Handle,
nord_spear_2_t3,nord_spear_pommel_7,Pommel,
nord_spear_1_t4,nord_spear_blade_4,Blade,
nord_spear_1_t4,nord_spear_guard_10,Guard,90
nord_spear_1_t4,spear_handle_16,Handle,109
nord_spear_1_t4,nord_spear_pommel_2,Pommel,90
nord_spear_atgeir_1_t4,nord_spear_blade_13,Blade,90
nord_spear_atgeir_1_t4,default_polearm_guard,Guard,
nord_spear_atgeir_1_t4,spear_handle_20,Handle,
nord_spear_atgeir_1_t4,spear_pommel_10,Pommel,
nord_spear_atgeir_1_t5,nord_spear_blade_13,Blade,
nord_spear_atgeir_1_t5,default_polearm_guard,Guard,
nord_spear_atgeir_1_t5,spear_handle_19,Handle,110
nord_spear_atgeir_1_t5,nord_spear_pommel_4,Pommel,
nord_spear_2_t5,nord_spear_blade_2,Blade,110
nord_spear_2_t5,spear_handle_26,Handle,
nord_spear_2_t5,nord_spear_pommel_4,Pommel,98
nord_spear_3_t5,nord_spear_blade_7,Blade,103
nord_spear_3_t5,nord_spear_guard_7,Guard,104
nord_spear_3_t5,spear_handle_26,Handle,108
nord_spear_3_t5,nord_spear_pommel_4,Pommel,
nord_spear_4_t5,nord_spear_blade_5,Blade,
nord_spear_4_t5,nord_spear_guard_7,Guard,
nord_spear_4_t5,spear_handle_26,Handle,
nord_spear_4_t5,nord_spear_pommel_4,Pommel,110
nord_javelin_blunt,nord_spear_blade_2_blunt,Blade,100
nord_javelin_blunt,default_polearm_guard,Guard,100
nord_javelin_blunt,spear_handle_9,Handle,100
nord_javelin_blunt,default_polearm_pommel,Pommel,100
nord_atgeir_polearm_blunt,nord_spear_blade_13_blunt,Blade,100
nord_atgeir_polearm_blunt,default_polearm_guard,Guard,100
nord_atgeir_polearm_blunt,spear_handle_4,Handle,90
nord_atgeir_polearm_blunt,default_polearm_pommel,Pommel,100
nord_polearm_blunt,nord_spear_blade_1_blunt,Blade,110
nord_polearm_blunt,default_polearm_guard,Guard,
nord_polearm_blunt,spear_handle_14,Handle,93
nord_polearm_blunt,default_polearm_pommel,Pommel,
nord_2haxe_blunt,naval_axe_head_07_blunt,Blade,100
nord_2haxe_blunt,naval_axe_handle05,Handle,100
nord_1haxe_blunt,naval_axe_head_11_blunt,Blade,110
nord_1haxe_blunt,naval_axe_handle07,Handle,90
nord_throwing_axe_blunt,naval_axe_head_13_blunt,Blade,100
nord_throwing_axe_blunt,naval_axe_handle09_2,Handle,100
nord_1hsword_blunt,nord_sword_blade_02_blunt,Blade,100
nord_1hsword_blunt,nord_sword_guard_07,Guard,100
nord_1hsword_blunt,cleaver_grip_3,Handle,100
nord_1hsword_blunt,battania_pommel_1,Pommel,100
head_breaker_2haxe,naval_axe_head_08,Blade,
head_breaker_2haxe,naval_axe_handle12,Handle,
world_chopper__1haxe,naval_axe_head_10,Blade,110
world_chopper__1haxe,naval_axe_handle02,Handle,91
barghasts_great_axe,coh_axe_head_1,Blade,
barghasts_great_axe,coh_axe_handle_1,Handle,95
barghasts_great_axe,coh_axe_pommel_1,Pommel,
dagger_jambiya,coh_dagger_blade_1,Blade,
dagger_jambiya,coh_dagger_guard_1,Guard,
dagger_jambiya,coh_dagger_grip_1,Handle,
dagger_jambiya,coh_dagger_pommel_1,Pommel,
dagger_golden_claw,coh_dagger_blade_2,Blade,
dagger_golden_claw,coh_dagger_guard_2,Guard,
dagger_golden_claw,coh_dagger_grip_2,Handle,
dagger_golden_claw,coh_dagger_pommel_2,Pommel,
captain_sword,coh_sword_blade_1,Blade,
captain_sword,coh_sword_guard_1,Guard,
captain_sword,coh_sword_grip_1,Handle,
captain_sword,coh_sword_pommel_1,Pommel,
pirate_sword_1,coh_sword_blade_2,Blade,90
pirate_sword_1,sturgian_guard_8,Guard,
pirate_sword_1,sturgian_grip_30,Handle,
pirate_sword_1,khuzait_pommel_2,Pommel,
pirate_sword_2,coh_mace_head_1,Blade,110
pirate_sword_2,cleaver_guard_4,Guard,
pirate_sword_2,sturgian_grip_33,Handle,
pirate_sword_2,wood_pommel_1,Pommel,
pirate_sword_3,coh_mace_head_1,Blade,
pirate_sword_3,sturgian_guard_6,Guard,
pirate_sword_3,sickle_handle_1,Handle,
pirate_sword_3,coh_sword_pommel_2,Pommel,
pirate_axe,coh_mace_head_2,Blade,
pirate_axe,coh_mace_handle_1,Handle,95
pirate_axe,battania_pommel_3,Pommel,
pirate_sword_4,cleaver_blade_7,Blade,
pirate_sword_4,aserai_guard_8,Guard,
pirate_sword_4,sturgian_grip_25,Handle,
pirate_sword_4,khuzait_pommel_2,Pommel,
pirate_axe_2,axe_craft_26_head,Blade,
pirate_axe_2,naval_axe_handle08,Handle,110
pirate_axe_2,default_polearm_pommel,Pommel,
berserkr_axe,naval_axe_head_02_hewn,Blade,
berserkr_axe,naval_axe_handle11_hewn,Handle,150
berserkir_axe,naval_axe_head_10_hewn,Blade,120
berserkir_axe,naval_axe_handle02,Handle,115
nord_long_two_handed_t6,naval_axe_head_08_2,Blade,90
nord_long_two_handed_t6,naval_axe_handle12_2,Handle,110
nord_long_two_handed_t3,naval_axe_head_08_3,Blade,90
nord_long_two_handed_t3,axe_craft_20_handle_2,Handle,90
naval_one_handed_axe_t1,axe_craft_20_head,Blade,
naval_one_handed_axe_t1,axe_craft_20_handle,Handle,
nord_throwing_axe_1_t4,naval_axe_head_06,Blade,90
nord_throwing_axe_1_t4,naval_axe_handle09_2,Handle,90
nord_throwing_axe_2_t4,naval_axe_head_06,Blade,90
nord_throwing_axe_2_t4,naval_axe_handle04_2,Handle,90
nord_throwing_axe_1_t5,naval_axe_head_13,Blade,70
nord_throwing_axe_1_t5,naval_axe_handle09_2,Handle,70
nord_throwing_axe_2_t6,naval_axe_head_12_hewn,Blade,125
nord_throwing_axe_2_t6,naval_axe_handle09_2,Handle,105
nord_throwing_axe_2_t5,naval_axe_head_13,Blade,
nord_throwing_axe_2_t5,naval_axe_handle04_2,Handle,90
stur_throwing_axe_2_t5,axe_craft_20_head_hewn,Blade,100
stur_throwing_axe_2_t5,axe_craft_3_handle_hewn,Handle,100
stur_throwing_axe_2_t4,axe_craft_20_head_hewn,Blade,106
stur_throwing_axe_2_t4,axe_craft_13_handle_hewn,Handle,91
nord_throwing_axe_1_t3,naval_axe_head_05,Blade,
nord_throwing_axe_1_t3,naval_axe_handle08_2,Handle,90
nord_throwing_axe_1_t2,naval_axe_head_04_2,Blade,
nord_throwing_axe_1_t2,naval_axe_handle08_2,Handle,90
nord_twohanded_axe_1_t3,naval_axe_head_03,Blade,
nord_twohanded_axe_1_t3,naval_axe_handle12,Handle,
nord_twohanded_axe_1_t3,default_polearm_pommel,Pommel,
nord_twohanded_axe_2_t4,naval_axe_head_07,Blade,
nord_twohanded_axe_2_t4,naval_axe_handle05,Handle,
nord_twohanded_axe_2_t4,default_polearm_pommel,Pommel,
nord_twohanded_axe_3_t5,naval_axe_head_08,Blade,
nord_twohanded_axe_3_t5,axe_craft_4_handle,Handle,
nord_twohanded_axe_3_t5,default_polearm_pommel,Pommel,
nord_twohanded_axe_4_t5,naval_axe_head_08,Blade,
nord_twohanded_axe_4_t5,axe_craft_1_handle,Handle,
nord_twohanded_axe_4_t5,default_polearm_pommel,Pommel,
nord_twohanded_axe_5_t4,naval_axe_head_07,Blade,
nord_twohanded_axe_5_t4,axe_craft_10_handle,Handle,
nord_twohanded_axe_5_t4,default_polearm_pommel,Pommel,
nord_twohanded_axe_6_t4,naval_axe_head_03,Blade,
nord_twohanded_axe_6_t4,axe_craft_4_handle,Handle,
nord_twohanded_axe_6_t4,default_polearm_pommel,Pommel,
nord_battle_axe_1_t5,naval_axe_head_10,Blade,104
nord_battle_axe_1_t5,naval_axe_handle09,Handle,105
nord_battle_axe_1_t5,naval_axe_pommel_06,Pommel,90
nord_battle_axe_2_t5,naval_axe_head_12,Blade,
nord_battle_axe_2_t5,naval_axe_handle04,Handle,
nord_battle_axe_2_t5,spear_pommel_5,Pommel,
nord_battle_axe_3_t4,naval_axe_head_11,Blade,
nord_battle_axe_3_t4,naval_axe_handle02,Handle,90
nord_battle_axe_3_t4,spear_pommel_5,Pommel,
aser_battle_axe_3_t4,axe_craft_27_head,Blade,
aser_battle_axe_3_t4,naval_axe_handle03,Handle,80
aser_battle_axe_3_t4,cleaver_pommel_3,Pommel,
aser_battle_axe_4_t4,axe_craft_19_head,Blade,80
aser_battle_axe_4_t4,naval_axe_handle03,Handle,80
aser_battle_axe_4_t4,spear_pommel_10,Pommel,
nord_battle_axe_4_t3,naval_axe_head_01,Blade,110
nord_battle_axe_4_t3,naval_axe_handle03,Handle,90
nord_battle_axe_4_t3,naval_axe_pommel_02,Pommel,
nord_biter_axe_1_t4,naval_axe_head_06,Blade,110
nord_biter_axe_1_t4,naval_axe_handle10,Handle,110
nord_biter_axe_1_t4,naval_axe_pommel_02,Pommel,110
nord_battle_axe_5_t3,naval_axe_head_01,Blade,
nord_battle_axe_5_t3,naval_axe_handle06,Handle,
nord_battle_axe_5_t3,naval_axe_pommel_03,Pommel,
nord_battle_axe_6_t2,naval_axe_head_02,Blade,
nord_battle_axe_6_t2,naval_axe_handle07,Handle,
nord_battle_axe_6_t2,default_polearm_pommel,Pommel,
nord_battle_axe_7_t2,naval_axe_head_02,Blade,90
nord_battle_axe_7_t2,naval_axe_handle01,Handle,
nord_battle_axe_7_t2,default_polearm_pommel,Pommel,
nord_hatchett_1_t2,naval_axe_head_04,Blade,
nord_hatchett_1_t2,naval_axe_handle10,Handle,90
nord_hatchett_1_t2,default_polearm_pommel,Pommel,
nord_hatchett_2_t2,naval_axe_head_04,Blade,110
nord_hatchett_2_t2,naval_axe_handle08,Handle,105
nord_hatchett_2_t2,default_polearm_pommel,Pommel,
nord_hatchett_3_t1,axe_craft_32_head,Blade,110
nord_hatchett_3_t1,naval_axe_handle08,Handle,98
nord_hatchett_3_t1,default_polearm_pommel,Pommel,
nord_sword_1_t2,nord_sword_blade_13,Blade,
nord_sword_1_t2,nord_sword_guard_01,Guard,
nord_sword_1_t2,nord_sword_grip_09,Handle,
nord_sword_1_t2,nord_sword_pommel_01,Pommel,
nord_sword_1_t3,nord_sword_blade_05,Blade,
nord_sword_1_t3,nord_sword_guard_03,Guard,
nord_sword_1_t3,nord_sword_grip_04,Handle,
nord_sword_1_t3,nord_sword_pommel_02,Pommel,
nord_sword_2_t3,nord_sword_blade_12,Blade,
nord_sword_2_t3,nord_sword_guard_04,Guard,
nord_sword_2_t3,nord_sword_grip_06,Handle,
nord_sword_2_t3,nord_sword_pommel_04,Pommel,
nord_sword_1_t4,nord_sword_blade_02,Blade,
nord_sword_1_t4,nord_sword_guard_06,Guard,
nord_sword_1_t4,nord_sword_grip_03,Handle,
nord_sword_1_t4,nord_sword_pommel_03,Pommel,
nord_sword_2_t4,nord_sword_blade_03,Blade,
nord_sword_2_t4,nord_sword_guard_05,Guard,
nord_sword_2_t4,nord_sword_grip_02,Handle,
nord_sword_2_t4,nord_sword_pommel_05,Pommel,
nord_sword_3_t4,nord_sword_blade_08,Blade,
nord_sword_3_t4,nord_sword_guard_07,Guard,
nord_sword_3_t4,nord_sword_grip_06,Handle,
nord_sword_3_t4,sturgian_noble_pommel_2,Pommel,
nord_sword_4_t4,nord_sword_blade_09,Blade,
nord_sword_4_t4,nord_sword_guard_10,Guard,
nord_sword_4_t4,nord_sword_grip_10,Handle,
nord_sword_4_t4,nord_sword_pommel_06,Pommel,
nord_sword_1_t5,nord_sword_blade_11,Blade,
nord_sword_1_t5,nord_sword_guard_08,Guard,
nord_sword_1_t5,nord_sword_grip_08,Handle,
nord_sword_1_t5,nord_sword_pommel_08,Pommel,
nord_sword_2_t5,nord_sword_blade_06,Blade,102
nord_sword_2_t5,nord_sword_guard_09,Guard,
nord_sword_2_t5,nord_sword_grip_08,Handle,
nord_sword_2_t5,nord_sword_pommel_09,Pommel,
nord_sword_3_t5,nord_sword_blade_07,Blade,
nord_sword_3_t5,nord_sword_guard_09,Guard,
nord_sword_3_t5,nord_sword_grip_07,Handle,
nord_sword_3_t5,nord_sword_pommel_07,Pommel,
nord_spear_1_t2,nord_spear_blade_10,Blade,90
nord_spear_1_t2,spear_handle_3,Handle,90
nord_spear_2_t2,nord_spear_blade_11,Blade,
nord_spear_2_t2,spear_handle_18,Handle,90
nord_spear_javelin_1_t3,nord_spear_blade_9,Blade,95
nord_spear_javelin_1_t3,spear_handle_11,Handle,100
nord_spear_javelin_1_t3s,nord_spear_blade_7_hewn,Blade,80
nord_spear_javelin_1_t3s,naval_axe_handle11_hewn,Handle,150
nord_spear_1_t3,nord_spear_blade_3,Blade,95
nord_spear_1_t3,nord_spear_guard_8,Guard,90
nord_spear_1_t3,spear_handle_25,Handle,90
nord_spear_1_t3,nord_spear_pommel_7,Pommel,90
nord_spear_2_t3,nord_spear_blade_12,Blade,
nord_spear_2_t3,nord_spear_guard_5,Guard,
nord_spear_2_t3,spear_handle_21,Handle,
nord_spear_2_t3,nord_spear_pommel_7,Pommel,
nord_spear_1_t4,nord_spear_blade_4,Blade,
nord_spear_1_t4,nord_spear_guard_10,Guard,90
nord_spear_1_t4,spear_handle_16,Handle,109
nord_spear_1_t4,nord_spear_pommel_2,Pommel,90
nord_spear_atgeir_1_t4,nord_spear_blade_13,Blade,90
nord_spear_atgeir_1_t4,default_polearm_guard,Guard,
nord_spear_atgeir_1_t4,spear_handle_20,Handle,
nord_spear_atgeir_1_t4,spear_pommel_10,Pommel,
nord_spear_atgeir_1_t5,nord_spear_blade_13,Blade,
nord_spear_atgeir_1_t5,default_polearm_guard,Guard,
nord_spear_atgeir_1_t5,spear_handle_19,Handle,110
nord_spear_atgeir_1_t5,nord_spear_pommel_4,Pommel,
nord_spear_2_t5,nord_spear_blade_2,Blade,110
nord_spear_2_t5,spear_handle_26,Handle,
nord_spear_2_t5,nord_spear_pommel_4,Pommel,98
nord_spear_3_t5,nord_spear_blade_7,Blade,103
nord_spear_3_t5,nord_spear_guard_7,Guard,104
nord_spear_3_t5,spear_handle_26,Handle,108
nord_spear_3_t5,nord_spear_pommel_4,Pommel,
nord_atgeir_polearm_noble,nord_spear_blade_13,Blade,100
nord_atgeir_polearm_noble,default_polearm_guard,Guard,100
nord_atgeir_polearm_noble,spear_handle_rough_30,Handle,240
nord_atgeir_polearm_noble,default_polearm_pommel,Pommel,100
nord_spear_4_t5,nord_spear_blade_5,Blade,
nord_spear_4_t5,nord_spear_guard_7,Guard,
nord_spear_4_t5,spear_handle_19,Handle,
nord_spear_4_t5,nord_spear_pommel_4,Pommel,110
khu_spear_1_t4,nord_spear_blade_6,Blade,
khu_spear_1_t4,spear_banner_16,Guard,
khu_spear_1_t4,spear_handle_19,Handle,
khu_spear_1_t4,nord_spear_pommel_6,Pommel,110
khu_spear_2_t5,nord_spear_blade_5,Blade,
khu_spear_2_t5,spear_banner_17,Guard,
khu_spear_2_t5,spear_handle_23,Handle,
khu_spear_2_t5,nord_spear_pommel_6,Pommel,110
nord_javelin_blunt,nord_spear_blade_2_blunt,Blade,100
nord_javelin_blunt,default_polearm_guard,Guard,100
nord_javelin_blunt,spear_handle_9,Handle,100
nord_javelin_blunt,default_polearm_pommel,Pommel,100
nord_atgeir_polearm_blunt,nord_spear_blade_13_blunt,Blade,100
nord_atgeir_polearm_blunt,default_polearm_guard,Guard,100
nord_atgeir_polearm_blunt,spear_handle_4,Handle,90
nord_atgeir_polearm_blunt,default_polearm_pommel,Pommel,100
nord_polearm_blunt,nord_spear_blade_1_blunt,Blade,110
nord_polearm_blunt,default_polearm_guard,Guard,
nord_polearm_blunt,spear_handle_14,Handle,93
nord_polearm_blunt,default_polearm_pommel,Pommel,
nord_2haxe_blunt,naval_axe_head_07_blunt,Blade,100
nord_2haxe_blunt,naval_axe_handle05,Handle,100
nord_1haxe_blunt,naval_axe_head_11_blunt,Blade,110
nord_1haxe_blunt,naval_axe_handle07,Handle,90
nord_throwing_axe_blunt,naval_axe_head_13_blunt,Blade,100
nord_throwing_axe_blunt,naval_axe_handle09_2,Handle,100
nord_1hsword_blunt,nord_sword_blade_02_blunt,Blade,100
nord_1hsword_blunt,nord_sword_guard_07,Guard,100
nord_1hsword_blunt,cleaver_grip_3,Handle,100
nord_1hsword_blunt,battania_pommel_1,Pommel,100
head_breaker_2haxe,naval_axe_head_08,Blade,
head_breaker_2haxe,naval_axe_handle12,Handle,
world_chopper__1haxe,naval_axe_head_10,Blade,110
world_chopper__1haxe,naval_axe_handle02,Handle,91
barghasts_great_axe,coh_axe_head_1,Blade,
barghasts_great_axe,coh_axe_handle_1,Handle,110
barghasts_great_axe,coh_axe_pommel_1,Pommel,
reaver_great_axe,naval_axe_head_03,Blade,85
reaver_great_axe,coh_axe_handle_1,Handle,120
reaver_great_axe,coh_axe_pommel_1,Pommel,
dagger_jambiya,coh_dagger_blade_1,Blade,
dagger_jambiya,coh_dagger_guard_1,Guard,
dagger_jambiya,coh_dagger_grip_1,Handle,
dagger_jambiya,coh_dagger_pommel_1,Pommel,
dagger_golden_claw,coh_dagger_blade_2,Blade,
dagger_golden_claw,coh_dagger_guard_2,Guard,
dagger_golden_claw,coh_dagger_grip_2,Handle,
dagger_golden_claw,coh_dagger_pommel_2,Pommel,
captain_sword,coh_sword_blade_1,Blade,
captain_sword,coh_sword_guard_1,Guard,
captain_sword,coh_sword_grip_1,Handle,
captain_sword,coh_sword_pommel_1,Pommel,
pirate_sword_1,coh_sword_blade_2,Blade,100
pirate_sword_1,sturgian_guard_8,Guard,
pirate_sword_1,sturgian_grip_30,Handle,
pirate_sword_1,khuzait_pommel_2,Pommel,
pirate_sword_2,coh_mace_head_1,Blade,110
pirate_sword_2,cleaver_guard_4,Guard,
pirate_sword_2,sturgian_grip_33,Handle,
pirate_sword_2,wood_pommel_1,Pommel,
pirate_sword_3,coh_mace_head_1,Blade,
pirate_sword_3,sturgian_guard_6,Guard,
pirate_sword_3,sickle_handle_1,Handle,
pirate_sword_3,coh_sword_pommel_2,Pommel,
pirate_axe,coh_mace_head_2,Blade,
pirate_axe,coh_mace_handle_1,Handle,95
pirate_axe,battania_pommel_3,Pommel,
pirate_sword_4,cleaver_blade_7,Blade,
pirate_sword_4,aserai_guard_8,Guard,
pirate_sword_4,sturgian_grip_25,Handle,
pirate_sword_4,khuzait_pommel_2,Pommel,
pirate_axe_2,axe_craft_26_head,Blade,
pirate_axe_2,naval_axe_handle08,Handle,110
pirate_axe_2,default_polearm_pommel,Pommel,
aserai_noble_sword_3_t5,aserai_blade_8,Blade,70
aserai_noble_sword_3_t5,aserai_noble_guard_1,Guard,100
aserai_noble_sword_3_t5,aserai_grip_7,Handle,100
aserai_noble_sword_3_t5,aserai_noble_pommel_1,Pommel,100
aserai_noble_sword_4_t5,khuzait_noble_blade_5,Blade,90
aserai_noble_sword_4_t5,aserai_guard_4,Guard,100
aserai_noble_sword_4_t5,battania_noble_grip_1,Handle,100
aserai_noble_sword_4_t5,aserai_pommel_3,Pommel,100
aserai_noble_sword_5_t5,aserai_noble_blade_6,Blade,110
aserai_noble_sword_5_t5,coh_sword_guard_1,Guard,100
aserai_noble_sword_5_t5,khuzait_noble_grip_1,Handle,100
aserai_noble_sword_5_t5,coh_sword_pommel_1,Pommel,100
aserai_noble_sword_6_t5,empire_noble_blade_3,Blade,80
aserai_noble_sword_6_t5,empire_noble_guard_3,Guard,100
aserai_noble_sword_6_t5,empire_grip_17,Handle,100
aserai_noble_sword_6_t5,empire_noble_pommel_2,Pommel,100
stur_throwing_axe_1_t4,axe_craft_11_head_hewn,Blade,91
stur_throwing_axe_1_t4,axe_craft_3_handle_hewn,Handle,91
vlan_throwing_axe_1_t4,axe_craft_4_head,Blade,110
vlan_throwing_axe_1_t4,naval_axe_handle08_2,Handle,110
vlan_lance_1_t3,nord_spear_blade_6,Blade,80
vlan_lance_1_t3,spear_banner_6,Guard,
vlan_lance_1_t3,spear_handle_23,Handle,80
vlan_lance_1_t3,nord_spear_pommel_7,Pommel,100
khu_sailorglav_1_t5,coh_mace_head_2_hewn,Blade,100
khu_sailorglav_1_t5,spear_banner_17,Guard,
khu_sailorglav_1_t5,spear_handle_1,Handle,100
khu_teng_sword_1_t5,khuzait_noble_blade_6,Blade,100
khu_teng_sword_1_t5,khuzait_guard_4,Guard,100
khu_teng_sword_1_t5,aserai_grip_27,Handle,100
khu_teng_sword_1_t5,khuzait_noble_pommel_1,Pommel,100
execution_axe,axe_craft_7_head,Blade,90
execution_axe,axe_craft_6_handle,Handle,110
peasant_maul_t1,mace_head_24,Blade,90
peasant_maul_t1,spear_handle_1,Handle,110
peasant_maul_t1_2,mace_head_24,Blade,102
peasant_maul_t1_2,spear_handle_1,Handle,
peasant_pickaxe_1_t1,axe_craft_37_head,Blade,100
peasant_pickaxe_1_t1,axe_craft_20_handle,Handle,100
peasant_hatchet_1_t1,axe_craft_32_head,Blade,
peasant_hatchet_1_t1,axe_craft_33_handle,Handle,
peasant_hatchet_1_t1,default_polearm_pommel,Pommel,
peasant_sickle_1_t1,sickle_blade_1,Blade,98
peasant_sickle_1_t1,axe_craft_33_handle,Handle,90
peasant_sickle_1_t1,default_polearm_pommel,Pommel,
peasant_hammer_1_t1,blacksmith_hammer_tip_1,Blade,100
peasant_hammer_1_t1,blacksmith_hammer_handle_1,Handle,100
peasant_hammer_2_t1,mace_head_24,Blade,
peasant_hammer_2_t1,blacksmith_hammer_handle_1,Handle,
peasant_hammer_2_t1,cleaver_pommel_4,Pommel,
peasant_2haxe_1_t1,axe_craft_15_head,Blade,100
peasant_2haxe_1_t1,axe_craft_7_handle,Handle,100
peasant_pitchfork_1_t1,spear_blade_32,Blade,100
peasant_pitchfork_1_t1,spear_handle_1,Handle,100
peasant_pitchfork_2_t1,spear_blade_29,Blade,100
peasant_pitchfork_2_t1,spear_handle_1,Handle,100
peasant_polearm_1_t1,spear_blade_31,Blade,100
peasant_polearm_1_t1,spear_handle_1,Handle,100
wooden_sword_t1,wood_blade_1,Blade,110
wooden_sword_t1,wood_guard_1,Guard,
wooden_sword_t1,wood_grip_1,Handle,110
wooden_sword_t1,wood_pommel_1,Pommel,
wooden_sword_t2,wood_blade_2,Blade,110
wooden_sword_t2,wood_guard_1,Guard,
wooden_sword_t2,wood_grip_1,Handle,110
wooden_sword_t2,wood_pommel_1,Pommel,
wooden_2hsword_t1,wood_blade_1,Blade,105
wooden_2hsword_t1,wood_guard_1,Guard,
wooden_2hsword_t1,wood_grip_2,Handle,
wooden_2hsword_t1,wood_pommel_1,Pommel,
practice_spear_t1,spear_blade_34,Blade,
practice_spear_t1,default_polearm_guard,Guard,
practice_spear_t1,spear_handle_3,Handle,
practice_spear_t1,default_polearm_pommel,Pommel,
winds_fury_sword_t3,khuzait_blade_8,Blade,100
winds_fury_sword_t3,khuzait_guard_6,Guard,100
winds_fury_sword_t3,khuzait_grip_6,Handle,100
winds_fury_sword_t3,khuzait_pommel_5,Pommel,100
tyrhung_sword_t3,sturgian_blade_3,Blade,100
tyrhung_sword_t3,sturgian_guard_2,Guard,100
tyrhung_sword_t3,vlandian_grip_23,Handle,100
tyrhung_sword_t3,sturgian_pommel_9,Pommel,100
the_scalpel_sword_t3,aserai_blade_2,Blade,100
the_scalpel_sword_t3,aserai_guard_7,Guard,100
the_scalpel_sword_t3,khuzait_grip_14,Handle,100
the_scalpel_sword_t3,khuzait_pommel_1,Pommel,100
dawnbreaker_sword_t3,sturgian_blade_3,Blade,100
dawnbreaker_sword_t3,vlandian_guard_1,Guard,100
dawnbreaker_sword_t3,vlandian_grip_24,Handle,100
dawnbreaker_sword_t3,vlandian_pommel_9,Pommel,100
ambassador_sword_t3,aserai_blade_10,Blade,100
ambassador_sword_t3,vlandian_guard_6,Guard,100
ambassador_sword_t3,khuzait_grip_14,Handle,100
ambassador_sword_t3,cleaver_pommel_2,Pommel,100
early_retirement_2hsword_t3,battania_blade_1,Blade,100
early_retirement_2hsword_t3,battania_guard_9,Guard,100
early_retirement_2hsword_t3,khuzait_grip_14,Handle,100
early_retirement_2hsword_t3,battania_pommel_9,Pommel,100
bone_crusher_mace_t3,mace_head_26,Blade,
bone_crusher_mace_t3,mace_handle_1,Handle,
bone_crusher_mace_t3,empire_pommel_2,Pommel,
pernach_mace_t3,mace_head_2,Blade,90
pernach_mace_t3,mace_handle_14,Handle,
pernach_mace_t3,spear_pommel_2,Pommel,
knights_fall_mace_t3,mace_head_19,Blade,
knights_fall_mace_t3,mace_handle_12,Handle,
knights_fall_mace_t3,spear_pommel_11,Pommel,
judgement_mace_t3,mace_head_20,Blade,100
judgement_mace_t3,mace_handle_4,Handle,100
black_heart_2haxe_t3,axe_craft_34_head,Blade,100
black_heart_2haxe_t3,axe_craft_6_handle,Handle,100
reaper_falx,battania_blade_6,Blade,104
reaper_falx,cleaver_guard_3,Guard,108
reaper_falx,vlandian_grip_12,Handle,
reaper_falx,vlandian_pommel_1,Pommel,101
justicier_2hsword,empire_blade_1,Blade,99
justicier_2hsword,vlandian_guard_4,Guard,
justicier_2hsword,empire_grip_14,Handle,96
justicier_2hsword,empire_pommel_6,Pommel,93
avalanche_2haxe,axe_craft_7_head,Blade,
avalanche_2haxe,axe_craft_4_handle,Handle,93
sentinel_2hsword,vlandian_blade_7,Blade,
sentinel_2hsword,vlandian_guard_7,Guard,
sentinel_2hsword,aserai_grip_10,Handle,
sentinel_2hsword,sturgian_pommel_5,Pommel,
aserai_axe_1_t2,axe_craft_33_head,Blade,100
aserai_axe_1_t2,axe_craft_25_handle,Handle,100
aserai_axe_2_t2,axe_craft_30_head,Blade,100
aserai_axe_2_t2,axe_craft_15_handle,Handle,100
sturgia_axe_2_t2,axe_craft_20_head,Blade,110
sturgia_axe_2_t2,axe_craft_2_handle,Handle,100
battania_axe_1_t2,axe_craft_2_head,Blade,100
battania_axe_1_t2,axe_craft_2_handle,Handle,100
battania_axe_5_t2,coh_mace_head_2,Blade,100
battania_axe_5_t2,axe_craft_5_handle,Handle,80
small_spurred_axe_t2,axe_craft_24_head,Blade,100
small_spurred_axe_t2,axe_craft_2_handle,Handle,100
southern_small_axe_t2,axe_craft_27_head,Blade,100
southern_small_axe_t2,axe_craft_15_handle,Handle,100
small_bit_axe_t2,axe_craft_35_head,Blade,100
small_bit_axe_t2,axe_craft_25_handle,Handle,95
northern_battle_axe_t3,axe_craft_36_head,Blade,100
northern_battle_axe_t3,axe_craft_26_handle,Handle,100
vlandia_axe_1_t3,axe_craft_20_head,Blade,100
vlandia_axe_1_t3,axe_craft_23_handle,Handle,100
sturgia_axe_3_t3,axe_craft_21_head,Blade,100
sturgia_axe_3_t3,axe_craft_5_handle,Handle,100
imperial_axe_t3,axe_craft_29_head,Blade,100
imperial_axe_t3,axe_craft_18_handle,Handle,100
woodland_axe_t3,axe_craft_28_head,Blade,100
woodland_axe_t3,axe_craft_19_handle,Handle,100
tzkurion_axe_t3,axe_craft_26_head,Blade,100
tzkurion_axe_t3,axe_craft_26_handle,Handle,100
large_franziskaa_axe_t3,axe_craft_12_head,Blade,110
large_franziskaa_axe_t3,axe_craft_27_handle,Handle,90
vlandia_axe_2_t4,axe_craft_25_head,Blade,100
vlandia_axe_2_t4,axe_craft_13_handle,Handle,100
sturgia_axe_4_t4,axe_craft_11_head,Blade,100
sturgia_axe_4_t4,axe_craft_3_handle,Handle,100
battania_axe_2_t4,axe_craft_23_head,Blade,100
battania_axe_2_t4,axe_craft_21_handle,Handle,100
bamboo_axe_t4,axe_craft_19_head,Blade,100
bamboo_axe_t4,axe_craft_17_handle,Handle,100
battle_axe_t4,axe_craft_18_head,Blade,100
battle_axe_t4,axe_craft_22_handle,Handle,100
sturgia_axe_5_t5,axe_craft_8_head,Blade,100
sturgia_axe_5_t5,axe_craft_24_handle,Handle,100
battania_axe_3_t5,axe_craft_9_head,Blade,100
battania_axe_3_t5,axe_craft_16_handle,Handle,100
battania_2haxe_1_t2,axe_craft_14_head,Blade,100
battania_2haxe_1_t2,axe_craft_30_handle,Handle,100
simple_sparth_axe_t2,axe_craft_5_head,Blade,100
simple_sparth_axe_t2,axe_craft_14_handle,Handle,100
aserai_2haxe_2_t3,axe_craft_16_head,Blade,
aserai_2haxe_2_t3,axe_craft_6_handle,Handle,
aserai_2haxe_2_t3,khuzait_noble_pommel_3,Pommel,
stu_2haxe_2_t3,axe_craft_16_head,Blade,
stu_2haxe_2_t3,coh_axe_handle_1,Handle,
stu_2haxe_2_t3,khuzait_noble_pommel_3,Pommel,
axe_craft_19_head_hewns,axe_craft_19_head_hewn,Blade,130
axe_craft_19_head_hewns,naval_axe_handle05,Handle,103
axe_craft_19_head_hewns,default_polearm_pommel,Pommel,
bearded_axe_t3,axe_craft_3_head,Blade,100
bearded_axe_t3,axe_craft_29_handle,Handle,100
northern_axe_t3,axe_craft_7_head,Blade,100
northern_axe_t3,axe_craft_29_handle,Handle,110
vlandia_2haxe_1_t4,axe_craft_17_head,Blade,90
vlandia_2haxe_1_t4,naval_axe_handle12,Handle,90
vlandia_2haxe_2_t5,axe_craft_17_head,Blade,90
vlandia_2haxe_2_t5,naval_axe_handle12_2,Handle,80
aserai_2haxe_2_t4,axe_craft_26_head_hewn,Blade,120
aserai_2haxe_2_t4,naval_axe_handle05,Handle,98
aserai_2haxe_2_t4,default_polearm_pommel,Pommel,
sturgia_2haxe_1_t4,axe_craft_1_head,Blade,100
sturgia_2haxe_1_t4,axe_craft_6_handle,Handle,100
hooked_axe_t4,axe_craft_34_head,Blade,100
hooked_axe_t4,axe_craft_31_handle,Handle,100
aserai_2haxe_3_t5,axe_craft_38_head,Blade,100
aserai_2haxe_3_t5,axe_craft_1_handle,Handle,100
sturgia_2haxe_2_t5,axe_craft_22_head,Blade,100
sturgia_2haxe_2_t5,axe_craft_4_handle,Handle,100
western_spear_1_t2,spear_blade_1,Blade,90
western_spear_1_t2,spear_handle_5,Handle,90
western_spear_2_t2,spear_blade_9,Blade,90
western_spear_2_t2,spear_handle_6,Handle,90
eastern_spear_1_t2,spear_blade_35,Blade,95
eastern_spear_1_t2,spear_handle_3,Handle,95
northern_spear_1_t2,spear_blade_15,Blade,100
northern_spear_1_t2,spear_handle_6,Handle,100
imperial_spear_t2,spear_blade_3,Blade,90
imperial_spear_t2,spear_handle_5,Handle,90
highland_spear_t2,spear_blade_13,Blade,90
highland_spear_t2,spear_guard_3,Guard,90
highland_spear_t2,spear_handle_5,Handle,90
military_fork_t2,spear_blade_26,Blade,100
military_fork_t2,spear_handle_27,Handle,90
western_spear_3_t3,spear_blade_8,Blade,90
western_spear_3_t3,spear_banner_12,Guard,90
western_spear_3_t3,spear_handle_25,Handle,90
western_spear_4_t3,spear_blade_8,Blade,94
western_spear_4_t3,spear_handle_25,Handle,90
eastern_spear_2_t3,spear_blade_14,Blade,110
eastern_spear_2_t3,spear_handle_18,Handle,110
eastern_spear_3_t3,spear_blade_35,Blade,95
eastern_spear_3_t3,default_polearm_guard,Guard,
eastern_spear_3_t3,spear_handle_22,Handle,90
eastern_spear_3_t3,default_polearm_pommel,Pommel,
highland_spear_3_t3,spear_blade_8,Blade,100
highland_spear_3_t3,spear_handle_23,Handle,110
southern_spear_3_t3,spear_blade_14,Blade,90
southern_spear_3_t3,spear_banner_16,Guard,90
southern_spear_3_t3,spear_handle_21,Handle,90
southern_spear_3_t3,default_polearm_pommel,Pommel,
southern_spear_4_t3,spear_blade_14,Blade,100
southern_spear_4_t3,default_polearm_guard,Guard,100
southern_spear_4_t3,spear_handle_21,Handle,90
northern_spear_2_t3,spear_blade_40,Blade,90
northern_spear_2_t3,spear_banner_10,Guard,90
northern_spear_2_t3,spear_handle_21,Handle,90
northern_spear_4_t4,spear_blade_36,Blade,90
northern_spear_4_t4,spear_banner_10,Guard,90
northern_spear_4_t4,spear_handle_21,Handle,90
eastern_throwing_spear_1_t3,spear_blade_35,Blade,90
eastern_throwing_spear_1_t3,spear_banner_16,Guard,90
eastern_throwing_spear_1_t3,spear_handle_14,Handle,90
eastern_throwing_spear_1_t3,default_polearm_pommel,Pommel,
triangluar_spear_t3,spear_blade_2,Blade,100
triangluar_spear_t3,spear_handle_25,Handle,90
western_spear_4_t4,spear_blade_4,Blade,100
western_spear_4_t4,spear_banner_10,Guard,100
western_spear_4_t4,spear_handle_27,Handle,90
western_spear_4_t4,spear_pommel_4,Pommel,100
western_spear_5_t4,spear_blade_4,Blade,90
western_spear_5_t4,spear_guard_3,Guard,100
western_spear_5_t4,spear_handle_27,Handle,90
western_spear_5_t4,spear_pommel_4,Pommel,100
eastern_spear_4_t4,spear_blade_42,Blade,100
eastern_spear_4_t4,spear_guard_3,Guard,100
eastern_spear_4_t4,spear_handle_16,Handle,110
eastern_spear_4_t4,spear_pommel_11,Pommel,100
highland_spear_4_t4,spear_blade_36,Blade,100
highland_spear_4_t4,spear_guard_5,Guard,100
highland_spear_4_t4,spear_handle_27,Handle,110
highland_spear_4_t4,spear_pommel_1,Pommel,100
northern_spear_3_t4,spear_blade_36,Blade,100
northern_spear_3_t4,spear_guard_2,Guard,100
northern_spear_3_t4,spear_handle_16,Handle,100
northern_spear_3_t4,spear_pommel_5,Pommel,100
southern_spear_3_t4,spear_blade_11,Blade,100
southern_spear_3_t4,spear_guard_7,Guard,100
southern_spear_3_t4,spear_handle_20,Handle,110
southern_spear_3_t4,spear_pommel_11,Pommel,100
eastern_throwing_spear_2_t4,nord_spear_blade_12,Blade,80
eastern_throwing_spear_2_t4,spear_banner_16,Guard,90
eastern_throwing_spear_2_t4,spear_handle_14,Handle,75
eastern_throwing_spear_2_t4,default_polearm_pommel,Pommel,90
imperial_throwing_spear_1_t4,spear_blade_38,Blade,90
imperial_throwing_spear_1_t4,default_polearm_guard,Guard,100
imperial_throwing_spear_1_t4,spear_handle_19_2,Handle,
imperial_throwing_spear_1_t4,default_polearm_pommel,Pommel,100
imperial_throwing_spear_1_t4_2,spear_blade_38,Blade,
imperial_throwing_spear_1_t4_2,default_polearm_guard,Guard,
imperial_throwing_spear_1_t4_2,spear_handle_13_2,Handle,110
imperial_throwing_spear_1_t4_2,default_polearm_pommel,Pommel,
wide_leaf_spear_t4,spear_blade_39,Blade,100
wide_leaf_spear_t4,spear_handle_27,Handle,100
wide_leaf_spear_t4,spear_pommel_9,Pommel,90
eastern_spear_5_t5,spear_blade_27,Blade,100
eastern_spear_5_t5,spear_guard_2,Guard,100
eastern_spear_5_t5,spear_handle_8,Handle,100
eastern_spear_5_t5,spear_pommel_12,Pommel,100
northern_spear_4_t5,spear_blade_13,Blade,90
northern_spear_4_t5,spear_guard_7,Guard,100
northern_spear_4_t5,spear_handle_26,Handle,100
northern_spear_4_t5,spear_pommel_9,Pommel,100
simple_pike_t2,spear_blade_9,Blade,90
simple_pike_t2,spear_handle_27,Handle,90
military_fork_pike_t3,spear_blade_25,Blade,100
military_fork_pike_t3,spear_handle_27,Handle,90
thamaskene_pike_t4,spear_blade_41,Blade,100
thamaskene_pike_t4,spear_handle_7,Handle,100
fine_pike_t4,spear_blade_11,Blade,100
fine_pike_t4,spear_handle_7,Handle,100
vlandia_pike_1_t5,spear_blade_6,Blade,110
vlandia_pike_1_t5,spear_handle_7,Handle,110
billhook_polearm_t2,spear_blade_33,Blade,100
billhook_polearm_t2,default_polearm_guard,Guard,100
billhook_polearm_t2,spear_handle_4,Handle,90
billhook_polearm_t2,default_polearm_pommel,Pommel,100
sturgia_polearm_1_t5,spear_blade_43,Blade,90
sturgia_polearm_1_t5,default_polearm_guard,Guard,100
sturgia_polearm_1_t5,spear_handle_26,Handle,90
sturgia_polearm_1_t5,default_polearm_pommel,Pommel,100
empire_polearm_1_t4,spear_blade_7,Blade,100
empire_polearm_1_t4,spear_banner_2,Guard,100
empire_polearm_1_t4,spear_handle_15,Handle,90
empire_polearm_1_t4,default_polearm_pommel,Pommel,100
khuzait_polearm_1_t4,spear_blade_19,Blade,106
khuzait_polearm_1_t4,spear_banner_16,Guard,90
khuzait_polearm_1_t4,spear_handle_15,Handle,90
khuzait_polearm_1_t4,default_polearm_pommel,Pommel,
easter_polesword_t4,spear_blade_22,Blade,100
easter_polesword_t4,default_polearm_guard,Guard,100
easter_polesword_t4,spear_handle_16,Handle,100
easter_polesword_t4,default_polearm_pommel,Pommel,100
battania_polearm_1_t5,spear_blade_44,Blade,90
battania_polearm_1_t5,spear_guard_7,Guard,90
battania_polearm_1_t5,spear_handle_8,Handle,90
battania_polearm_1_t5,default_polearm_pommel,Pommel,100
battania_polearm_1_t7,spear_blade_44,Blade,60
battania_polearm_1_t7,spear_banner_15,Guard,90
battania_polearm_1_t7,spear_handle_1,Handle,60
battania_polearm_1_t7,default_polearm_pommel,Pommel,60
vlandia_polearm_1_t5,axe_craft_10_head,Blade,93
vlandia_polearm_1_t5,default_polearm_guard,Guard,
vlandia_polearm_1_t5,spear_handle_8,Handle,92
vlandia_polearm_1_t5,default_polearm_pommel,Pommel,
empire_polearm_2_t5,spear_blade_18,Blade,100
empire_polearm_2_t5,default_polearm_guard,Guard,100
empire_polearm_2_t5,spear_handle_8,Handle,100
empire_polearm_2_t5,default_polearm_pommel,Pommel,100
khuzait_polearm_2_t5,spear_blade_24,Blade,100
khuzait_polearm_2_t5,default_polearm_guard,Guard,100
khuzait_polearm_2_t5,spear_handle_8,Handle,100
khuzait_polearm_2_t5,default_polearm_pommel,Pommel,100
vlandia_lance_1_t3,spear_blade_20,Blade,100
vlandia_lance_1_t3,spear_handle_23,Handle,110
empire_spear_1_t3,spear_blade_23,Blade,101
empire_spear_1_t3,spear_banner_5,Guard,
empire_spear_1_t3,spear_handle_22,Handle,90
empire_spear_1_t3,nord_spear_pommel_4,Pommel,
empire_lance_1_t3,spear_blade_23,Blade,101
empire_lance_1_t3,default_polearm_guard,Guard,
empire_lance_1_t3,spear_handle_13,Handle,97
empire_lance_1_t3,default_polearm_pommel,Pommel,
khuzait_lance_1_t3,spear_blade_35,Blade,100
khuzait_lance_1_t3,spear_banner_17,Guard,100
khuzait_lance_1_t3,spear_handle_23,Handle,100
aserai_lance_1_t5,nord_spear_blade_8,Blade,100
aserai_lance_1_t5,spear_handle_19,Handle,100
vlandia_lance_2_t4,nord_spear_blade_8,Blade,110
vlandia_lance_2_t4,spear_handle_20,Handle,90
empire_lance_2_t4,spear_blade_4,Blade,100
empire_lance_2_t4,spear_handle_24,Handle,100
sturgia_lance_1_t4,nord_spear_blade_1,Blade,110
sturgia_lance_1_t4,spear_handle_23,Handle,90
khuzait_lance_2_t4,spear_blade_36,Blade,110
khuzait_lance_2_t4,spear_handle_20,Handle,110
vlandia_lance_3_t5,nord_spear_blade_5,Blade,110
vlandia_lance_3_t5,spear_handle_23,Handle,90
sturgia_lance_2_t5,nord_spear_blade_7,Blade,95
sturgia_lance_2_t5,spear_handle_23,Handle,95
empire_lance_3_t5,spear_blade_6,Blade,110
empire_lance_3_t5,spear_handle_19,Handle,100
khuzait_lance_3_t5,spear_blade_13,Blade,110
khuzait_lance_3_t5,spear_guard_13,Guard,100
khuzait_lance_3_t5,spear_handle_20,Handle,100
khuzait_lance_3_t5,spear_pommel_9,Pommel,100
vlandia_sword_1_t2,vlandian_blade_1,Blade,100
vlandia_sword_1_t2,cleaver_guard_2,Guard,100
vlandia_sword_1_t2,vlandian_grip_2,Handle,100
vlandia_sword_1_t2,vlandian_pommel_1,Pommel,100
empire_sword_1_t2,empire_blade_4,Blade,100
empire_sword_1_t2,cleaver_guard_4,Guard,100
empire_sword_1_t2,empire_grip_6,Handle,100
empire_sword_1_t2,empire_pommel_1,Pommel,100
aserai_sword_1_t2,aserai_blade_4,Blade,100
aserai_sword_1_t2,aserai_guard_1,Guard,100
aserai_sword_1_t2,aserai_grip_1,Handle,100
aserai_sword_1_t2,aserai_pommel_1,Pommel,100
aserai_sword_2_t2,aserai_blade_3,Blade,100
aserai_sword_2_t2,aserai_guard_6,Guard,100
aserai_sword_2_t2,aserai_grip_5,Handle,100
aserai_sword_2_t2,aserai_pommel_1,Pommel,100
khuzait_sword_1_t2,khuzait_blade_7,Blade,100
khuzait_sword_1_t2,khuzait_guard_4,Guard,100
khuzait_sword_1_t2,khuzait_grip_7,Handle,100
khuzait_sword_1_t2,khuzait_pommel_2,Pommel,100
sturgia_sword_1_t2,sturgian_blade_1,Blade,100
sturgia_sword_1_t2,sturgian_guard_1,Guard,100
sturgia_sword_1_t2,sturgian_grip_13,Handle,100
sturgia_sword_1_t2,sturgian_pommel_7,Pommel,100
battania_sword_1_t2,battania_blade_3_iron,Blade,100
battania_sword_1_t2,battania_guard_7,Guard,100
battania_sword_1_t2,cleaver_grip_3,Handle,100
battania_sword_1_t2,battania_pommel_1,Pommel,100
falchion_sword_t2,vlandian_blade_9,Blade,100
falchion_sword_t2,khuzait_guard_2,Guard,90
falchion_sword_t2,cleaver_grip_5,Handle,100
falchion_sword_t2,vlandian_pommel_10,Pommel,100
simple_sabre_sword_t2,khuzait_blade_6,Blade,100
simple_sabre_sword_t2,khuzait_guard_3,Guard,100
simple_sabre_sword_t2,aserai_grip_23,Handle,100
simple_sabre_sword_t2,aserai_pommel_2,Pommel,100
simple_back_sword_t2,khuzait_blade_7,Blade,90
simple_back_sword_t2,sturgian_guard_7,Guard,100
simple_back_sword_t2,khuzait_grip_16,Handle,100
simple_back_sword_t2,cleaver_pommel_1,Pommel,100
iron_spatha_sword_t2,empire_blade_2,Blade,90
iron_spatha_sword_t2,cleaver_guard_3,Guard,100
iron_spatha_sword_t2,sturgian_grip_5,Handle,100
iron_spatha_sword_t2,empire_pommel_2,Pommel,100
vlandia_sword_2_t3,vlandian_blade_4,Blade,100
vlandia_sword_2_t3,vlandian_guard_2,Guard,100
vlandia_sword_2_t3,vlandian_grip_21,Handle,100
vlandia_sword_2_t3,vlandian_pommel_6,Pommel,100
empire_sword_2_t3,empire_blade_1,Blade,100
empire_sword_2_t3,empire_guard_3,Guard,100
empire_sword_2_t3,empire_grip_1,Handle,100
empire_sword_2_t3,empire_pommel_4,Pommel,100
empire_sword_3_t3,empire_blade_1,Blade,100
empire_sword_3_t3,empire_guard_6,Guard,100
empire_sword_3_t3,empire_grip_4,Handle,100
empire_sword_3_t3,empire_pommel_4,Pommel,100
aserai_sword_3_t3,aserai_blade_2,Blade,100
aserai_sword_3_t3,aserai_guard_7,Guard,100
aserai_sword_3_t3,aserai_grip_7,Handle,100
aserai_sword_3_t3,aserai_pommel_3,Pommel,100
khuzait_sword_2_t3,khuzait_blade_5,Blade,100
khuzait_sword_2_t3,khuzait_guard_6,Guard,100
khuzait_sword_2_t3,khuzait_grip_4,Handle,100
khuzait_sword_2_t3,khuzait_pommel_3,Pommel,100
khuzait_sword_3_t3,khuzait_blade_5,Blade,100
khuzait_sword_3_t3,khuzait_guard_5,Guard,100
khuzait_sword_3_t3,khuzait_grip_2,Handle,100
khuzait_sword_3_t3,khuzait_pommel_3,Pommel,100
sturgia_sword_2_t3,sturgian_blade_5,Blade,100
sturgia_sword_2_t3,sturgian_guard_2,Guard,100
sturgia_sword_2_t3,sturgian_grip_4,Handle,100
sturgia_sword_2_t3,sturgian_pommel_3,Pommel,100
sturgia_sword_3_t3,sturgian_blade_7,Blade,100
sturgia_sword_3_t3,sturgian_guard_5,Guard,100
sturgia_sword_3_t3,sturgian_grip_8,Handle,100
sturgia_sword_3_t3,sturgian_pommel_3,Pommel,100
battania_sword_2_t3,battania_blade_4,Blade,100
battania_sword_2_t3,battania_guard_6,Guard,100
battania_sword_2_t3,battania_grip_3,Handle,100
battania_sword_2_t3,battania_pommel_3,Pommel,100
battania_sword_3_t3,battania_blade_3,Blade,100
battania_sword_3_t3,battania_guard_8,Guard,100
battania_sword_3_t3,battania_grip_8,Handle,100
battania_sword_3_t3,battania_pommel_3,Pommel,100
star_falchion_sword_t3,cleaver_blade_4,Blade,100
star_falchion_sword_t3,sturgian_guard_3,Guard,100
star_falchion_sword_t3,vlandian_grip_18,Handle,100
star_falchion_sword_t3,cleaver_pommel_2,Pommel,100
broad_falchion_sword_t3,cleaver_blade_2,Blade,100
broad_falchion_sword_t3,vlandian_guard_1,Guard,100
broad_falchion_sword_t3,sturgian_grip_35,Handle,100
broad_falchion_sword_t3,cleaver_pommel_2,Pommel,100
broad_ild_sword_t3,khuzait_blade_5,Blade,100
broad_ild_sword_t3,khuzait_guard_1,Guard,100
broad_ild_sword_t3,khuzait_grip_14,Handle,100
broad_ild_sword_t3,khuzait_pommel_6,Pommel,100
short_sword_t3,sturgian_blade_9,Blade,100
short_sword_t3,vlandian_guard_2,Guard,100
short_sword_t3,vlandian_grip_23,Handle,100
short_sword_t3,vlandian_pommel_8,Pommel,100
narrow_sword_t3,vlandian_blade_8,Blade,100
narrow_sword_t3,cleaver_guard_5,Guard,100
narrow_sword_t3,vlandian_grip_14,Handle,100
narrow_sword_t3,vlandian_pommel_6,Pommel,100
cleaver_sword_t3,cleaver_blade_1,Blade,100
cleaver_sword_t3,cleaver_guard_1,Guard,100
cleaver_sword_t3,sturgian_grip_14,Handle,100
cleaver_sword_t3,sturgian_pommel_1,Pommel,100
vlandia_sword_3_t4,vlandian_blade_7,Blade,110
vlandia_sword_3_t4,vlandian_guard_5,Guard,100
vlandia_sword_3_t4,vlandian_grip_4,Handle,100
vlandia_sword_3_t4,vlandian_pommel_7,Pommel,100
vlandia_sword_4_t4,vlandian_blade_5,Blade,105
vlandia_sword_4_t4,vlandian_guard_4,Guard,100
vlandia_sword_4_t4,vlandian_grip_10,Handle,100
vlandia_sword_4_t4,vlandian_pommel_7,Pommel,100
empire_sword_4_t4,empire_blade_6,Blade,105
empire_sword_4_t4,empire_guard_2,Guard,100
empire_sword_4_t4,empire_grip_5,Handle,100
empire_sword_4_t4,empire_pommel_5,Pommel,100
empire_sword_5_t4,empire_blade_5,Blade,105
empire_sword_5_t4,empire_guard_4,Guard,100
empire_sword_5_t4,empire_grip_11,Handle,100
empire_sword_5_t4,empire_pommel_5,Pommel,100
aserai_sword_4_t4,aserai_blade_10,Blade,105
aserai_sword_4_t4,aserai_guard_9,Guard,100
aserai_sword_4_t4,aserai_grip_9,Handle,100
aserai_sword_4_t4,aserai_pommel_5,Pommel,100
aserai_sword_5_t4,aserai_blade_8,Blade,110
aserai_sword_5_t4,aserai_guard_8,Guard,100
aserai_sword_5_t4,aserai_grip_25,Handle,100
aserai_sword_5_t4,aserai_pommel_5,Pommel,100
aserai_sword_6_t4,aserai_blade_1,Blade,105
aserai_sword_6_t4,aserai_guard_3,Guard,100
aserai_sword_6_t4,aserai_grip_29,Handle,100
aserai_sword_6_t4,aserai_pommel_5,Pommel,100
khuzait_sword_4_t4,khuzait_blade_1,Blade,105
khuzait_sword_4_t4,khuzait_guard_9,Guard,100
khuzait_sword_4_t4,khuzait_grip_15,Handle,100
khuzait_sword_4_t4,khuzait_pommel_4,Pommel,100
khuzait_sword_5_t4,khuzait_blade_2,Blade,110
khuzait_sword_5_t4,khuzait_guard_7,Guard,100
khuzait_sword_5_t4,khuzait_grip_8,Handle,100
khuzait_sword_5_t4,khuzait_pommel_4,Pommel,100
sturgia_sword_4_t4,sturgian_blade_2,Blade,105
sturgia_sword_4_t4,sturgian_guard_2,Guard,100
sturgia_sword_4_t4,sturgian_grip_7,Handle,100
sturgia_sword_4_t4,sturgian_pommel_8,Pommel,100
sturgia_sword_5_t4,sturgian_blade_6,Blade,100
sturgia_sword_5_t4,sturgian_guard_5,Guard,100
sturgia_sword_5_t4,sturgian_grip_25,Handle,100
sturgia_sword_5_t4,sturgian_pommel_8,Pommel,100
battania_sword_4_t4,battania_blade_1,Blade,110
battania_sword_4_t4,battania_guard_3,Guard,100
battania_sword_4_t4,battania_grip_1,Handle,100
battania_sword_4_t4,battania_pommel_4,Pommel,100
pointed_falchion_sword_t4,cleaver_blade_3,Blade,100
pointed_falchion_sword_t4,cleaver_guard_1,Guard,100
pointed_falchion_sword_t4,empire_grip_5,Handle,100
pointed_falchion_sword_t4,empire_pommel_1,Pommel,100
ridged_sabre_sword_t4,khuzait_blade_8,Blade,90
ridged_sabre_sword_t4,empire_guard_1,Guard,100
ridged_sabre_sword_t4,khuzait_noble_grip_3,Handle,100
ridged_sabre_sword_t4,khuzait_noble_pommel_4,Pommel,100
broad_arming_sword_t4,vlandian_blade_2,Blade,100
broad_arming_sword_t4,vlandian_guard_4,Guard,100
broad_arming_sword_t4,vlandian_noble_grip_2,Handle,100
broad_arming_sword_t4,vlandian_pommel_7,Pommel,100
desert_long_sword_t4,aserai_blade_7,Blade,100
desert_long_sword_t4,aserai_guard_9,Guard,100
desert_long_sword_t4,aserai_grip_24,Handle,100
desert_long_sword_t4,aserai_noble_pommel_1,Pommel,100
vlandia_sword_5_t5,vlandian_blade_3,Blade,100
vlandia_sword_5_t5,vlandian_guard_8,Guard,100
vlandia_sword_5_t5,vlandian_grip_20,Handle,100
vlandia_sword_5_t5,vlandian_pommel_9,Pommel,100
empire_sword_6_t5,empire_blade_7,Blade,100
empire_sword_6_t5,empire_guard_5,Guard,100
empire_sword_6_t5,empire_grip_17,Handle,100
empire_sword_6_t5,empire_pommel_3,Pommel,100
empire_sword_7_t2,aserai_blade_18,Blade,98
empire_sword_7_t2,battania_guard_6,Guard,
empire_sword_7_t2,empire_grip_6,Handle,
empire_sword_7_t2,aserai_pommel_4,Pommel,
bat_sword_7_t2,battania_blade_2,Blade,98
bat_sword_7_t2,battania_guard_5,Guard,
bat_sword_7_t2,battania_noble_grip_1,Handle,
bat_sword_7_t2,nord_sword_pommel_04,Pommel,
aserai_sword_7_t5,aserai_blade_11,Blade,100
aserai_sword_7_t5,aserai_guard_2,Guard,100
aserai_sword_7_t5,aserai_grip_8,Handle,100
aserai_sword_7_t5,aserai_pommel_8,Pommel,100
sturgia_sword_5_t5,sturgian_blade_8,Blade,100
sturgia_sword_5_t5,sturgian_guard_4,Guard,100
sturgia_sword_5_t5,sturgian_grip_36,Handle,100
sturgia_sword_5_t5,sturgian_pommel_12,Pommel,100
battania_sword_5_t5,battania_blade_5,Blade,100
battania_sword_5_t5,battania_guard_9,Guard,100
battania_sword_5_t5,battania_grip_4,Handle,100
battania_sword_5_t5,battania_pommel_8,Pommel,100
vlandia_noble_sword_1_t5,vlandian_noble_blade_4,Blade,105
vlandia_noble_sword_1_t5,vlandian_noble_guard_3,Guard,100
vlandia_noble_sword_1_t5,vlandian_noble_grip_3,Handle,100
vlandia_noble_sword_1_t5,vlandian_noble_pommel_4,Pommel,100
vlandia_noble_sword_2_t5,vlandian_noble_blade_1,Blade,100
vlandia_noble_sword_2_t5,vlandian_noble_guard_1,Guard,100
vlandia_noble_sword_2_t5,vlandian_noble_grip_4,Handle,100
vlandia_noble_sword_2_t5,vlandian_noble_pommel_1,Pommel,100
vlandia_noble_sword_3_t5,vlandian_noble_blade_2,Blade,105
vlandia_noble_sword_3_t5,vlandian_noble_guard_3,Guard,100
vlandia_noble_sword_3_t5,vlandian_noble_grip_4,Handle,100
vlandia_noble_sword_3_t5,vlandian_noble_pommel_3,Pommel,100
vlandia_noble_sword_4_t5,vlandian_noble_blade_3,Blade,
vlandia_noble_sword_4_t5,vlandian_noble_guard_4,Guard,
vlandia_noble_sword_4_t5,sturgian_noble_grip_2,Handle,
vlandia_noble_sword_4_t5,vlandian_noble_pommel_2,Pommel,
empire_noble_sword_1_t5,empire_noble_blade_1,Blade,100
empire_noble_sword_1_t5,empire_noble_guard_1,Guard,100
empire_noble_sword_1_t5,empire_grip_17,Handle,100
empire_noble_sword_1_t5,empire_noble_pommel_3,Pommel,100
empire_noble_sword_2_t5,empire_blade_7,Blade,100
empire_noble_sword_2_t5,empire_noble_guard_4,Guard,100
empire_noble_sword_2_t5,empire_noble_grip_2,Handle,100
empire_noble_sword_2_t5,empire_noble_pommel_4,Pommel,100
empire_noble_sword_3_t5,empire_noble_blade_4,Blade,90
empire_noble_sword_3_t5,empire_noble_guard_3,Guard,90
empire_noble_sword_3_t5,empire_noble_grip_4,Handle,90
empire_noble_sword_3_t5,empire_noble_pommel_2,Pommel,90
aserai_noble_sword_1_t5,aserai_noble_blade_2,Blade,100
aserai_noble_sword_1_t5,aserai_noble_guard_2,Guard,100
aserai_noble_sword_1_t5,aserai_noble_grip_1,Handle,100
aserai_noble_sword_1_t5,aserai_noble_pommel_2,Pommel,100
aserai_noble_sword_2_t5,aserai_noble_blade_1,Blade,100
aserai_noble_sword_2_t5,aserai_noble_guard_4,Guard,100
aserai_noble_sword_2_t5,aserai_noble_grip_4,Handle,100
aserai_noble_sword_2_t5,aserai_noble_pommel_4,Pommel,100
aserai_noble_sword_3_t5,aserai_noble_blade_4,Blade,100
aserai_noble_sword_3_t5,aserai_noble_guard_3,Guard,100
aserai_noble_sword_3_t5,aserai_noble_grip_2,Handle,100
aserai_noble_sword_3_t5,aserai_noble_pommel_3,Pommel,100
aserai_noble_sword_4_t5,aserai_noble_blade_3,Blade,100
aserai_noble_sword_4_t5,aserai_noble_guard_1,Guard,100
aserai_noble_sword_4_t5,aserai_noble_grip_3,Handle,100
aserai_noble_sword_4_t5,aserai_noble_pommel_1,Pommel,100
khuzait_noble_sword_1_t5,khuzait_noble_blade_2,Blade,100
khuzait_noble_sword_1_t5,khuzait_noble_guard_1,Guard,100
khuzait_noble_sword_1_t5,khuzait_noble_grip_2,Handle,100
khuzait_noble_sword_1_t5,khuzait_noble_pommel_1,Pommel,100
khuzait_noble_sword_2_t5,khuzait_noble_blade_1,Blade,100
khuzait_noble_sword_2_t5,khuzait_noble_guard_2,Guard,100
khuzait_noble_sword_2_t5,khuzait_noble_grip_2,Handle,100
khuzait_noble_sword_2_t5,khuzait_noble_pommel_2,Pommel,100
khuzait_noble_sword_3_t5,khuzait_noble_blade_2,Blade,100
khuzait_noble_sword_3_t5,khuzait_noble_guard_3,Guard,100
khuzait_noble_sword_3_t5,khuzait_noble_grip_1,Handle,100
khuzait_noble_sword_3_t5,khuzait_noble_pommel_3,Pommel,100
sturgia_noble_sword_1_t5,sturgian_noble_blade_2,Blade,100
sturgia_noble_sword_1_t5,sturgian_noble_guard_2,Guard,100
sturgia_noble_sword_1_t5,sturgian_noble_grip_1,Handle,100
sturgia_noble_sword_1_t5,sturgian_noble_pommel_3,Pommel,100
sturgia_noble_sword_2_t5,sturgian_noble_blade_3,Blade,100
sturgia_noble_sword_2_t5,sturgian_noble_guard_1,Guard,100
sturgia_noble_sword_2_t5,sturgian_noble_grip_2,Handle,100
sturgia_noble_sword_2_t5,sturgian_noble_pommel_4,Pommel,100
sturgia_noble_sword_3_t5,sturgian_noble_blade_1,Blade,100
sturgia_noble_sword_3_t5,sturgian_noble_guard_3,Guard,100
sturgia_noble_sword_3_t5,sturgian_noble_grip_3,Handle,100
sturgia_noble_sword_3_t5,sturgian_noble_pommel_2,Pommel,100
sturgia_noble_sword_4_t5,sturgian_noble_blade_4,Blade,100
sturgia_noble_sword_4_t5,sturgian_noble_guard_4,Guard,100
sturgia_noble_sword_4_t5,sturgian_noble_grip_4,Handle,100
sturgia_noble_sword_4_t5,sturgian_noble_pommel_1,Pommel,100
battania_noble_sword_1_t5,battania_noble_blade_1,Blade,100
battania_noble_sword_1_t5,battania_noble_guard_1,Guard,100
battania_noble_sword_1_t5,battania_grip_4,Handle,100
battania_noble_sword_1_t5,battania_pommel_5,Pommel,100
battania_noble_sword_2_t5,battania_blade_3_fine_steel,Blade,100
battania_noble_sword_2_t5,battania_guard_5,Guard,100
battania_noble_sword_2_t5,battania_grip_1,Handle,100
battania_noble_sword_2_t5,battania_pommel_8,Pommel,100
battania_noble_sword_3_t5,battania_noble_blade_2,Blade,90
battania_noble_sword_3_t5,battania_noble_guard_1,Guard,90
battania_noble_sword_3_t5,battania_noble_grip_1,Handle,90
battania_noble_sword_3_t5,battania_noble_pommel_1,Pommel,90
battania_2hsword_1_t2,battania_blade_3_iron,Blade,110
battania_2hsword_1_t2,battania_guard_8,Guard,100
battania_2hsword_1_t2,sturgian_grip_27,Handle,100
battania_2hsword_1_t2,sturgian_pommel_4,Pommel,100
bastard_sword_t2,empire_blade_4,Blade,
bastard_sword_t2,cleaver_guard_2,Guard,
bastard_sword_t2,sturgian_grip_33,Handle,
bastard_sword_t2,sturgian_pommel_7,Pommel,
battania_2hsword_2_t3,battania_blade_3,Blade,110
battania_2hsword_2_t3,battania_guard_3,Guard,100
battania_2hsword_2_t3,sturgian_grip_25,Handle,110
battania_2hsword_2_t3,empire_pommel_4,Pommel,100
battania_2hsword_3_t3,sturgian_blade_3,Blade,110
battania_2hsword_3_t3,sturgian_guard_10,Guard,100
battania_2hsword_3_t3,battania_grip_2,Handle,105
battania_2hsword_3_t3,empire_pommel_4,Pommel,100
cleaver_2hsword_t3,cleaver_blade_4,Blade,110
cleaver_2hsword_t3,cleaver_guard_1,Guard,100
cleaver_2hsword_t3,cleaver_grip_8,Handle,105
cleaver_2hsword_t3,cleaver_pommel_2,Pommel,100
western_2hsword_t3,vlandian_blade_8,Blade,100
western_2hsword_t3,vlandian_guard_1,Guard,100
western_2hsword_t3,vlandian_grip_16,Handle,105
western_2hsword_t3,vlandian_pommel_4,Pommel,100
kaskara_2hsword_t3,empire_blade_5,Blade,100
kaskara_2hsword_t3,aserai_guard_5,Guard,100
kaskara_2hsword_t3,aserai_grip_21,Handle,105
kaskara_2hsword_t3,aserai_pommel_9,Pommel,100
nord_2hsword_s6,nord_sword_blade_11,Blade,85
nord_2hsword_s6,nord_sword_guard_08,Guard,120
nord_2hsword_s6,sturgian_grip_20,Handle,85
nord_2hsword_s6,nord_sword_pommel_08,Pommel,90
nord_2hsword_s8,nord_sword_blade_12,Blade,120
nord_2hsword_s8,nord_sword_guard_01,Guard,85
nord_2hsword_s8,sturgian_grip_20,Handle,105
nord_2hsword_s8,nord_sword_pommel_01,Pommel,85
nord_2hsword_s7,nord_sword_blade_14,Blade,115
nord_2hsword_s7,nord_sword_guard_07,Guard,120
nord_2hsword_s7,sturgian_grip_20,Handle,100
nord_2hsword_s7,nord_sword_pommel_07,Pommel,80
battania_2hsword_4_t4,battania_blade_6,Blade,110
battania_2hsword_4_t4,sturgian_guard_6,Guard,100
battania_2hsword_4_t4,sturgian_grip_20,Handle,100
battania_2hsword_4_t4,battania_pommel_9,Pommel,100
battania_2hsword_99,battania_blade_7,Blade,85
battania_2hsword_99,sturgian_guard_6,Guard,85
battania_2hsword_99,sturgian_grip_20,Handle,85
battania_2hsword_99,battania_pommel_9,Pommel,85
battania_2hsword_6,battania_blade_7,Blade,110
battania_2hsword_6,sturgian_guard_6,Guard,100
battania_2hsword_6,sturgian_grip_20,Handle,100
battania_2hsword_6,battania_pommel_9,Pommel,100
northern_2hsword_t4,sturgian_blade_4,Blade,100
northern_2hsword_t4,sturgian_guard_12,Guard,100
northern_2hsword_t4,sturgian_grip_22,Handle,100
northern_2hsword_t4,sturgian_pommel_10,Pommel,100
battania_2hsword_5_t4,empire_blade_6,Blade,100
battania_2hsword_5_t4,battania_guard_6,Guard,100
battania_2hsword_5_t4,battania_grip_9,Handle,100
battania_2hsword_5_t4,battania_pommel_4,Pommel,100
western_2hsword_t4,vlandian_blade_2,Blade,100
western_2hsword_t4,vlandian_guard_5,Guard,100
western_2hsword_t4,vlandian_grip_7,Handle,100
western_2hsword_t4,vlandian_pommel_7,Pommel,100
ridged_2hsword_t4,khuzait_blade_8,Blade,110
ridged_2hsword_t4,khuzait_guard_9,Guard,100
ridged_2hsword_t4,khuzait_grip_17,Handle,100
ridged_2hsword_t4,khuzait_pommel_4,Pommel,100
ridged_3hsword_t4,khuzait_blade_1,Blade,90
ridged_3hsword_t4,khuzait_guard_9,Guard,100
ridged_3hsword_t4,aserai_grip_15,Handle,100
ridged_3hsword_t4,nord_sword_pommel_02,Pommel,100
war_razor_2hsword_t4,cleaver_blade_5,Blade,100
war_razor_2hsword_t4,cleaver_guard_5,Guard,100
war_razor_2hsword_t4,cleaver_grip_7,Handle,100
war_razor_2hsword_t4,cleaver_pommel_2,Pommel,100
southern_broad_2hsword_t4,aserai_blade_5,Blade,100
southern_broad_2hsword_t4,aserai_guard_8,Guard,100
southern_broad_2hsword_t4,empire_grip_14,Handle,100
southern_broad_2hsword_t4,cleaver_pommel_2,Pommel,100
battania_2hsword_5_t5,battania_blade_5,Blade,110
battania_2hsword_5_t5,battania_guard_9,Guard,100
battania_2hsword_5_t5,battania_grip_6,Handle,110
battania_2hsword_5_t5,battania_pommel_9,Pommel,100
vlandia_2hsword_1_t5,vlandian_blade_3,Blade,100
vlandia_2hsword_1_t5,vlandian_guard_7,Guard,100
vlandia_2hsword_1_t5,vlandian_grip_8,Handle,100
vlandia_2hsword_1_t5,vlandian_pommel_4,Pommel,100
vlandia_2hsword_2_t5,vlandian_blade_3,Blade,110
vlandia_2hsword_2_t5,vlandian_guard_8,Guard,100
vlandia_2hsword_2_t5,vlandian_grip_7,Handle,100
vlandia_2hsword_2_t5,vlandian_pommel_9,Pommel,100
seax,dagger_blade_3,Blade,93
seax,sturgian_dagger_guard_8,Guard,90
seax,aserai_grip_3,Handle,110
seax,khuzait_pommel_2,Pommel,
celtic_dagger,dagger_blade_6,Blade,110
celtic_dagger,battania_dagger_guard_9,Guard,
celtic_dagger,aserai_grip_8,Handle,
celtic_dagger,battania_pommel_9,Pommel,
Broad_Skaen,dagger_blade_7,Blade,110
Broad_Skaen,battania_dagger_guard_1,Guard,90
Broad_Skaen,battania_grip_1,Handle,110
Broad_Skaen,battania_pommel_5,Pommel,90
pugio,dagger_blade_1,Blade,110
pugio,empire_dagger_guard_3,Guard,
pugio,vlandian_grip_1,Handle,
pugio,vlandian_pommel_1,Pommel,
hooked_cleaver,dagger_blade_9,Blade,106
hooked_cleaver,sturgian_dagger_guard_1,Guard,
hooked_cleaver,sturgian_grip_1,Handle,
hooked_cleaver,aserai_pommel_3,Pommel,
gladius_b,dagger_blade_1,Blade,110
gladius_b,khuzait_dagger_guard_6,Guard,
gladius_b,aserai_grip_5,Handle,
gladius_b,vlandian_pommel_5,Pommel,90
vlandia_mace_1_t2,mace_head_22,Blade,110
vlandia_mace_1_t2,mace_handle_6,Handle,100
empire_mace_1_t2,mace_head_23,Blade,100
empire_mace_1_t2,mace_handle_3,Handle,100
aserai_mace_1_t2,mace_head_17,Blade,110
aserai_mace_1_t2,mace_handle_6,Handle,100
aserai_mace_2_t2,mace_head_1,Blade,100
aserai_mace_2_t2,mace_handle_6,Handle,100
khuzait_mace_1_t2,mace_head_14,Blade,
khuzait_mace_1_t2,mace_handle_8,Handle,
khuzait_mace_1_t2,empire_pommel_1,Pommel,
battania_mace_1_t2,mace_head_6,Blade,100
battania_mace_1_t2,mace_handle_3,Handle,100
battania_mace_2_t2,mace_head_5,Blade,100
battania_mace_2_t2,mace_handle_6,Handle,100
aserai_mace_3_t3,mace_head_19,Blade,110
aserai_mace_3_t3,mace_handle_7,Handle,110
aserai_mace_4_t3,mace_head_19,Blade,100
aserai_mace_4_t3,mace_handle_11,Handle,100
aserai_mace_4_t3,spear_pommel_12,Pommel,
battania_mace_1_t3,mace_head_9,Blade,
battania_mace_1_t3,mace_handle_7,Handle,
battania_mace_1_t3,spear_pommel_8,Pommel,
light_mace_t3,mace_head_20,Blade,
light_mace_t3,mace_handle_12,Handle,
light_mace_t3,spear_pommel_5,Pommel,
steel_mace_t3,mace_head_4,Blade,100
steel_mace_t3,mace_handle_4,Handle,110
morningstar_mace_t3,mace_head_9,Blade,
morningstar_mace_t3,mace_handle_1,Handle,
morningstar_mace_t3,empire_pommel_4,Pommel,
vlandia_mace_2_t4,mace_head_16,Blade,
vlandia_mace_2_t4,mace_handle_10,Handle,
vlandia_mace_2_t4,spear_pommel_5,Pommel,
empire_mace_2_t4,mace_head_3,Blade,
empire_mace_2_t4,mace_handle_9,Handle,
empire_mace_2_t4,empire_pommel_5,Pommel,90
empire_mace_3_t4,mace_head_8,Blade,
empire_mace_3_t4,mace_handle_10,Handle,
empire_mace_3_t4,spear_pommel_11,Pommel,90
empire_mace_6_t4,mace_head_20,Blade,
empire_mace_6_t4,mace_handle_10,Handle,
empire_mace_6_t4,spear_pommel_11,Pommel,90
aserai_mace_4_t4,mace_head_15,Blade,100
aserai_mace_4_t4,mace_handle_5,Handle,100
khuzait_mace_2_t4,mace_head_11,Blade,100
khuzait_mace_2_t4,mace_handle_5,Handle,100
khuzait_mace_3_t4,mace_head_10,Blade,100
khuzait_mace_3_t4,mace_handle_4,Handle,100
shishpar_mace_t4,mace_head_21,Blade,115
shishpar_mace_t4,mace_handle_10,Handle,
shishpar_mace_t4,spear_pommel_5,Pommel,90
eastern_steel_mace_t4,mace_head_26,Blade,
eastern_steel_mace_t4,mace_handle_11,Handle,
eastern_steel_mace_t4,vlandian_pommel_2,Pommel,90
vlandia_mace_3_t5,mace_head_2,Blade,
vlandia_mace_3_t5,mace_handle_9,Handle,
vlandia_mace_3_t5,spear_pommel_9,Pommel,108
empire_mace_4_t5,mace_head_13,Blade,
empire_mace_4_t5,mace_handle_13,Handle,
empire_mace_4_t5,empire_noble_pommel_1,Pommel,
aser_mace_4_t5,mace_head_26,Blade,110
aser_mace_4_t5,mace_handle_11,Handle,80
aser_mace_4_t5,spear_pommel_12,Pommel,100
empire_mace_5_t5,mace_head_7,Blade,100
empire_mace_5_t5,mace_handle_5,Handle,100
khuzait_mace_4_t5,mace_head_12,Blade,
khuzait_mace_4_t5,mace_handle_15,Handle,
khuzait_mace_4_t5,khuzait_noble_pommel_1,Pommel,90
aserai_mace_5_t4,mace_head_34,Blade,110
aserai_mace_5_t4,axe_craft_1_handle,Handle,
aserai_mace_5_t4,khuzait_noble_pommel_1,Pommel,
aserai_mace_6_t4,mace_head_38,Blade,90
aserai_mace_6_t4,mace_handle_20,Handle,135
aserai_mace_6_t4,aserai_noble_pommel_2,Pommel,
sturgia_mace_2_t4,mace_head_33,Blade,90
sturgia_mace_2_t4,mace_handle_20,Handle,110
sturgia_mace_2_t4,vlandian_pommel_6,Pommel,
sturgia_mace_1_t3,mace_head_37,Blade,110
sturgia_mace_1_t3,mace_handle_20,Handle,
sturgia_mace_1_t3,khuzait_noble_pommel_3,Pommel,
western_javelin_1_t2,spear_blade_15,Blade,100
western_javelin_1_t2,default_polearm_guard,Guard,100
western_javelin_1_t2,spear_handle_2,Handle,100
western_javelin_1_t2,default_polearm_pommel,Pommel,100
northern_javelin_1_t2,spear_blade_16,Blade,100
northern_javelin_1_t2,spear_guard_15,Guard,90
northern_javelin_1_t2,spear_handle_9,Handle,80
northern_javelin_1_t2,default_polearm_pommel,Pommel,100
eastern_javelin_1_t2,spear_blade_37,Blade,120
eastern_javelin_1_t2,default_polearm_guard,Guard,100
eastern_javelin_1_t2,naval_axe_handle06_jav_hewn,Handle,110
eastern_javelin_1_t2,default_polearm_pommel,Pommel,100
spear_blade_10_hewns,spear_blade_10_hewn,Blade,100
spear_blade_10_hewns,spear_banner_17_hewn,Guard,100
spear_blade_10_hewns,naval_axe_handle03_hewn,Handle,100
spear_blade_10_hewns,nord_spear_pommel_4_hewn,Pommel,100
western_javelin_2_t3,nord_spear_blade_2,Blade,80
western_javelin_2_t3,default_polearm_guard,Guard,100
western_javelin_2_t3,spear_handle_9,Handle,90
western_javelin_2_t3,spear_pommel_12,Pommel,100
western_javelin_3_t3,spear_blade_10,Blade,65
western_javelin_3_t3,default_polearm_guard,Guard,100
western_javelin_3_t3,spear_handle_11,Handle,80
western_javelin_3_t3,spear_pommel_12,Pommel,100
generic_javelin_1_t3,spear_blade_10,Blade,90
generic_javelin_1_t3,spear_guard_15,Guard,90
generic_javelin_1_t3,spear_handle_11,Handle,100
generic_javelin_1_t3,default_polearm_pommel,Pommel,100
northern_javelin_2_t3,nord_spear_blade_3,Blade,120
northern_javelin_2_t3,default_polearm_guard,Guard,100
northern_javelin_2_t3,spear_handle_10,Handle,130
northern_javelin_2_t3,default_polearm_pommel,Pommel,100
northern_javelin_4_t3,spear_blade_41,Blade,60
northern_javelin_4_t3,default_polearm_guard,Guard,100
northern_javelin_4_t3,naval_axe_handle06_jav_hewn,Handle,90
northern_javelin_4_t3,spear_pommel_12,Pommel,100
northern_javelin_5_t5,nord_spear_blade_11,Blade,65
northern_javelin_5_t5,default_polearm_guard,Guard,100
northern_javelin_5_t5,naval_axe_handle06_jav_hewn,Handle,125
northern_javelin_5_t5,default_polearm_pommel,Pommel,100
northern_javelin_6_t5,nord_spear_blade_10,Blade,55
northern_javelin_6_t5,default_polearm_guard,Guard,100
northern_javelin_6_t5,spear_handle_2,Handle,95
northern_javelin_6_t5,default_polearm_pommel,Pommel,100
northern_javelin_6_t6,nord_spear_blade_11,Blade,105
northern_javelin_6_t6,default_polearm_guard,Guard,100
northern_javelin_6_t6,spear_handle_10,Handle,120
northern_javelin_6_t6,default_polearm_pommel,Pommel,100
eastern_javelin_2_t3,nord_spear_blade_4,Blade,65
eastern_javelin_2_t3,default_polearm_guard,Guard,100
eastern_javelin_2_t3,spear_handle_10,Handle,90
eastern_javelin_2_t3,default_polearm_pommel,Pommel,100
western_javelin_3_t4,spear_blade_10,Blade,110
western_javelin_3_t4,default_polearm_guard,Guard,100
western_javelin_3_t4,spear_handle_11,Handle,110
western_javelin_3_t4,spear_pommel_5,Pommel,100
empire_javelin_1_t4,spear_blade_38,Blade,110
empire_javelin_1_t4,default_polearm_guard,Guard,100
empire_javelin_1_t4,axe_craft_5_handle_hewn,Handle,125
empire_javelin_1_t4,default_polearm_pommel,Pommel,100
empire_javelin_1_t5,nord_spear_blade_8_hewn,Blade,80
empire_javelin_1_t5,default_polearm_guard,Guard,100
empire_javelin_1_t5,axe_craft_24_handle_hewn,Handle,115
empire_javelin_1_t5,default_polearm_pommel,Pommel,100
northern_javelin_3_t4,nord_spear_blade_12,Blade,90
northern_javelin_3_t4,default_polearm_guard,Guard,100
northern_javelin_3_t4,spear_handle_11,Handle,90
northern_javelin_3_t4,spear_pommel_5,Pommel,100
sturg_javelin_3_t2,nord_spear_blade_5_hewn,Blade,50
sturg_javelin_3_t2,default_polearm_guard,Guard,100
sturg_javelin_3_t2,spear_handle_2,Handle,97
sturg_javelin_3_t2,spear_pommel_5,Pommel,100
sturg_javelin_3_t4,nord_spear_blade_12,Blade,115
sturg_javelin_3_t4,default_polearm_guard,Guard,100
sturg_javelin_3_t4,spear_handle_10,Handle,115
sturg_javelin_3_t4,spear_pommel_5,Pommel,100
eastern_javelin_3_t4,spear_blade_27,Blade,100
eastern_javelin_3_t4,default_polearm_guard,Guard,100
eastern_javelin_3_t4,spear_handle_10,Handle,100
eastern_javelin_3_t4,spear_pommel_12,Pommel,100
highland_throwing_axe_1_t2,axe_craft_23_head_hewn,Blade,80
highland_throwing_axe_1_t2,coh_mace_handle_1_hewn,Handle,100
southern_throwing_axe_1_t4,axe_craft_27_head_hewn,Blade,90
southern_throwing_axe_1_t4,naval_axe_handle06_hewn,Handle,70
northern_throwing_axe_1_t1,axe_craft_13_head,Blade,100
northern_throwing_axe_1_t1,axe_craft_28_handle,Handle,100
woodland_throwing_axe_1_t1,coh_dagger_blade_1_hewn,Blade,90
woodland_throwing_axe_1_t1,coh_dagger_grip_1_hewn,Handle,
woodland_throwing_axe_1_t1,sturgian_pommel_3,Pommel,
western_throwing_axe_1_t1,axe_craft_4_head,Blade,
western_throwing_axe_1_t1,axe_craft_28_handle,Handle,
lowland_throwing_knife,dagger_blade_11,Blade,
lowland_throwing_knife,aserai_dagger_guard_4,Guard,
lowland_throwing_knife,sturgian_grip_5,Handle,
lowland_throwing_knife,khuzait_pommel_1,Pommel,
leafblade_throwing_knife,dagger_blade_11,Blade,90
leafblade_throwing_knife,sturgian_dagger_guard_5,Guard,110
leafblade_throwing_knife,khuzait_grip_2,Handle,
leafblade_throwing_knife,vlandian_pommel_1,Pommel,
desert_throwing_knife,dagger_blade_13,Blade,60
desert_throwing_knife,aserai_dagger_guard_4,Guard,40
desert_throwing_knife,coh_dagger_grip_1_hewn,Handle,70
desert_throwing_knife,aserai_pommel_3,Pommel,40
celtic_throwing_dagger,dagger_blade_10,Blade,90
celtic_throwing_dagger,battania_dagger_guard_8,Guard,
celtic_throwing_dagger,sturgian_grip_14,Handle,
celtic_throwing_dagger,cleaver_pommel_4,Pommel,
empire_throwingknife_t5,dagger_blade_12,Blade,110
empire_throwingknife_t5,empire_dagger_guard_3,Guard,110
empire_throwingknife_t5,empire_grip_2,Handle,110
empire_throwingknife_t5,empire_pommel_1,Pommel,110
