troop_id,troop_name,roster_index,armor_total,survivability_armor_v71,shield_hp,shield_armor,has_shield,has_horse,harness_armor,horse_extra_health,horse_speed,horse_maneuver,horse_charge_damage_audit_only,horse_charge_damage_max_audit_only,horse_item_ids_audit_only,shield_probability,horse_probability
anti_imperial_conspiracy_boss,Conspiracy Commander,0,15.000000,3.750000,430.000000,1.000000,true,false,0.000000,0.000000,0.000000,0.000000,0.000000,0.000000,,1.000000,0.000000
anti_imperial_conspiracy_boss,Conspiracy Commander,1,128.000000,33.400000,430.000000,1.000000,true,false,0.000000,0.000000,0.000000,0.000000,0.000000,0.000000,,1.000000,0.000000
aserai_faris,Aserai Faris,0,96.000000,33.900000,245.000000,1.000000,true,true,12.000000,0.000000,51.000000,73.000000,18.000000,18.000000,t2_aserai_horse,1.000000,1.000000
aserai_faris,Aserai Faris,1,96.000000,33.900000,245.000000,1.000000,true,true,12.000000,0.000000,51.000000,73.000000,18.000000,18.000000,t2_aserai_horse,1.000000,1.000000
aserai_faris,Aserai Faris,2,98.000000,35.000000,245.000000,1.000000,true,true,12.000000,0.000000,51.000000,73.000000,18.000000,18.000000,t2_aserai_horse,1.000000,1.000000
aserai_footman,Aserai Footman,0,72.000000,22.200000,430.000000,1.000000,true,false,0.000000,0.000000,0.000000,0.000000,0.000000,0.000000,,1.000000,0.000000
aserai_footman,Aserai Footman,1,77.000000,22.450000,430.000000,1.000000,true,false,0.000000,0.000000,0.000000,0.000000,0.000000,0.000000,,1.000000,0.000000
aserai_footman,Aserai Footman,2,81.000000,23.650000,430.000000,1.000000,true,false,0.000000,0.000000,0.000000,0.000000,0.000000,0.000000,,1.000000,0.000000
aserai_infantry,Aserai Infantry,0,114.000000,34.200000,350.000000,1.000000,true,false,0.000000,0.000000,0.000000,0.000000,0.000000,0.000000,,1.000000,0.000000
aserai_infantry,Aserai Infantry,1,114.000000,34.200000,350.000000,1.000000,true,false,0.000000,0.000000,0.000000,0.000000,0.000000,0.000000,,1.000000,0.000000
aserai_infantry,Aserai Infantry,2,114.000000,34.200000,350.000000,1.000000,true,false,0.000000,0.000000,0.000000,0.000000,0.000000,0.000000,,1.000000,0.000000
aserai_mameluke_axeman,Aserai Mamluke Axeman,0,72.000000,21.600000,0.000000,0.000000,false,false,0.000000,0.000000,0.000000,0.000000,0.000000,0.000000,,0.000000,0.000000
aserai_mameluke_axeman,Aserai Mamluke Axeman,1,68.000000,20.400000,0.000000,0.000000,false,false,0.000000,0.000000,0.000000,0.000000,0.000000,0.000000,,0.000000,0.000000
aserai_mameluke_axeman,Aserai Mamluke Axeman,2,68.000000,20.400000,0.000000,0.000000,false,false,0.000000,0.000000,0.000000,0.000000,0.000000,0.000000,,0.000000,0.000000
aserai_mameluke_cavalry,Aserai Mamluke Cavalry,0,139.000000,36.450000,360.000000,1.000000,true,true,58.000000,0.000000,54.000000,59.000000,14.000000,14.000000,aserai_horse,1.000000,1.000000
aserai_mameluke_cavalry,Aserai Mamluke Cavalry,1,139.000000,36.450000,360.000000,1.000000,true,true,58.000000,0.000000,54.000000,59.000000,14.000000,14.000000,aserai_horse,1.000000,1.000000
aserai_mameluke_cavalry,Aserai Mamluke Cavalry,2,139.000000,36.450000,360.000000,1.000000,true,true,58.000000,0.000000,54.000000,59.000000,14.000000,14.000000,aserai_horse,1.000000,1.000000
aserai_mameluke_guard,Aserai Mamluke Guard,0,139.000000,35.350000,0.000000,0.000000,false,false,0.000000,0.000000,0.000000,0.000000,0.000000,0.000000,,0.000000,0.000000
aserai_mameluke_guard,Aserai Mamluke Guard,1,139.000000,35.350000,0.000000,0.000000,false,false,0.000000,0.000000,0.000000,0.000000,0.000000,0.000000,,0.000000,0.000000
aserai_mameluke_guard,Aserai Mamluke Guard,2,139.000000,35.350000,0.000000,0.000000,false,false,0.000000,0.000000,0.000000,0.000000,0.000000,0.000000,,0.000000,0.000000
aserai_mameluke_heavy_cavalry,Aserai Mamluke Heavy Cavalry,0,161.000000,38.350000,290.000000,1.000000,true,true,55.000000,0.000000,51.000000,73.000000,18.000000,18.000000,t2_aserai_horse,1.000000,1.000000
aserai_mameluke_heavy_cavalry,Aserai Mamluke Heavy Cavalry,1,161.000000,38.350000,290.000000,1.000000,true,true,55.000000,0.000000,51.000000,73.000000,18.000000,18.000000,t2_aserai_horse,1.000000,1.000000
aserai_mameluke_heavy_cavalry,Aserai Mamluke Heavy Cavalry,2,161.000000,38.350000,290.000000,1.000000,true,true,55.000000,0.000000,51.000000,73.000000,18.000000,18.000000,t2_aserai_horse,1.000000,1.000000
aserai_mameluke_regular,Aserai Mamluke Regular,0,62.000000,17.900000,240.000000,1.000000,true,true,12.000000,0.000000,54.000000,59.000000,14.000000,14.000000,aserai_horse,1.000000,1.000000
aserai_mameluke_regular,Aserai Mamluke Regular,1,58.000000,16.700000,240.000000,1.000000,true,true,12.000000,0.000000,54.000000,59.000000,14.000000,14.000000,aserai_horse,1.000000,1.000000
aserai_mameluke_regular,Aserai Mamluke Regular,2,58.000000,16.700000,240.000000,1.000000,true,true,12.000000,0.000000,54.000000,59.000000,14.000000,14.000000,aserai_horse,1.000000,1.000000
aserai_mameluke_soldier,Aserai Mamluke Soldier,0,49.000000,14.050000,430.000000,1.000000,true,false,0.000000,0.000000,0.000000,0.000000,0.000000,0.000000,,1.000000,0.000000
aserai_mameluke_soldier,Aserai Mamluke Soldier,1,49.000000,14.050000,430.000000,1.000000,true,false,0.000000,0.000000,0.000000,0.000000,0.000000,0.000000,,1.000000,0.000000
aserai_mameluke_soldier,Aserai Mamluke Soldier,2,49.000000,14.050000,430.000000,1.000000,true,false,0.000000,0.000000,0.000000,0.000000,0.000000,0.000000,,1.000000,0.000000
aserai_marine_t4,Aserai Veteran Sailor,0,82.000000,18.700000,350.000000,1.000000,true,false,0.000000,0.000000,0.000000,0.000000,0.000000,0.000000,,1.000000,0.000000
aserai_marine_t4,Aserai Veteran Sailor,1,90.000000,21.100000,350.000000,1.000000,true,false,0.000000,0.000000,0.000000,0.000000,0.000000,0.000000,,1.000000,0.000000
aserai_marine_t4,Aserai Veteran Sailor,2,87.000000,22.150000,350.000000,1.000000,true,false,0.000000,0.000000,0.000000,0.000000,0.000000,0.000000,,1.000000,0.000000
aserai_marine_t5,Aserai Bahriyyah,0,99.000000,28.550000,360.000000,1.000000,true,false,0.000000,0.000000,0.000000,0.000000,0.000000,0.000000,,1.000000,0.000000
aserai_marine_t5,Aserai Bahriyyah,1,99.000000,28.550000,360.000000,1.000000,true,false,0.000000,0.000000,0.000000,0.000000,0.000000,0.000000,,1.000000,0.000000
aserai_marine_t5,Aserai Bahriyyah,2,76.000000,28.900000,360.000000,1.000000,true,false,0.000000,0.000000,0.000000,0.000000,0.000000,0.000000,,1.000000,0.000000
aserai_master_archer,Aserai Master Archer,0,126.000000,30.400000,0.000000,0.000000,false,false,0.000000,0.000000,0.000000,0.000000,0.000000,0.000000,,0.000000,0.000000
aserai_master_archer,Aserai Master Archer,1,126.000000,30.400000,0.000000,0.000000,false,false,0.000000,0.000000,0.000000,0.000000,0.000000,0.000000,,0.000000,0.000000
aserai_master_archer,Aserai Master Archer,2,126.000000,30.400000,0.000000,0.000000,false,false,0.000000,0.000000,0.000000,0.000000,0.000000,0.000000,,0.000000,0.000000
aserai_militia_archer,Aserai Militia Archer,0,26.000000,6.800000,0.000000,0.000000,false,false,0.000000,0.000000,0.000000,0.000000,0.000000,0.000000,,0.000000,0.000000
aserai_militia_archer,Aserai Militia Archer,1,19.000000,4.750000,0.000000,0.000000,false,false,0.000000,0.000000,0.000000,0.000000,0.000000,0.000000,,0.000000,0.000000
aserai_militia_archer,Aserai Militia Archer,2,18.000000,4.600000,0.000000,0.000000,false,false,0.000000,0.000000,0.000000,0.000000,0.000000,0.000000,,0.000000,0.000000
aserai_militia_archer,Aserai Militia Archer,3,18.000000,4.600000,0.000000,0.000000,false,false,0.000000,0.000000,0.000000,0.000000,0.000000,0.000000,,0.000000,0.000000
aserai_militia_spearman,Aserai Militia Spearman,0,25.000000,6.450000,350.000000,1.000000,true,false,0.000000,0.000000,0.000000,0.000000,0.000000,0.000000,,1.000000,0.000000
aserai_militia_spearman,Aserai Militia Spearman,1,19.000000,5.250000,350.000000,1.000000,true,false,0.000000,0.000000,0.000000,0.000000,0.000000,0.000000,,1.000000,0.000000
aserai_militia_spearman,Aserai Militia Spearman,2,17.000000,4.050000,350.000000,1.000000,true,false,0.000000,0.000000,0.000000,0.000000,0.000000,0.000000,,1.000000,0.000000
aserai_militia_spearman,Aserai Militia Spearman,3,35.000000,10.350000,350.000000,1.000000,true,false,0.000000,0.000000,0.000000,0.000000,0.000000,0.000000,,1.000000,0.000000
aserai_militia_veteran_archer,Aserai Militia Veteran Archer,0,37.000000,10.950000,0.000000,0.000000,false,false,0.000000,0.000000,0.000000,0.000000,0.000000,0.000000,,0.000000,0.000000
aserai_militia_veteran_archer,Aserai Militia Veteran Archer,1,37.000000,11.450000,0.000000,0.000000,false,false,0.000000,0.000000,0.000000,0.000000,0.000000,0.000000,,0.000000,0.000000
aserai_militia_veteran_archer,Aserai Militia Veteran Archer,2,38.000000,10.700000,0.000000,0.000000,false,false,0.000000,0.000000,0.000000,0.000000,0.000000,0.000000,,0.000000,0.000000
aserai_militia_veteran_archer,Aserai Militia Veteran Archer,3,47.000000,13.150000,0.000000,0.000000,false,false,0.000000,0.000000,0.000000,0.000000,0.000000,0.000000,,0.000000,0.000000
aserai_militia_veteran_spearman,Aserai Militia Veteran Spearman,0,36.000000,10.600000,430.000000,1.000000,true,false,0.000000,0.000000,0.000000,0.000000,0.000000,0.000000,,1.000000,0.000000
aserai_militia_veteran_spearman,Aserai Militia Veteran Spearman,1,39.000000,10.750000,430.000000,1.000000,true,false,0.000000,0.000000,0.000000,0.000000,0.000000,0.000000,,1.000000,0.000000
aserai_militia_veteran_spearman,Aserai Militia Veteran Spearman,2,38.000000,10.700000,430.000000,1.000000,true,false,0.000000,0.000000,0.000000,0.000000,0.000000,0.000000,,1.000000,0.000000
aserai_militia_veteran_spearman,Aserai Militia Veteran Spearman,3,61.000000,17.650000,430.000000,1.000000,true,false,0.000000,0.000000,0.000000,0.000000,0.000000,0.000000,,1.000000,0.000000
aserai_recruit,Aserai Recruit,0,19.000000,4.450000,0.000000,0.000000,false,false,0.000000,0.000000,0.000000,0.000000,0.000000,0.000000,,0.000000,0.000000
aserai_recruit,Aserai Recruit,1,18.000000,4.100000,0.000000,0.000000,false,false,0.000000,0.000000,0.000000,0.000000,0.000000,0.000000,,0.000000,0.000000
aserai_recruit,Aserai Recruit,2,23.000000,4.650000,0.000000,0.000000,false,false,0.000000,0.000000,0.000000,0.000000,0.000000,0.000000,,0.000000,0.000000
aserai_recruit,Aserai Recruit,3,22.000000,4.300000,0.000000,0.000000,false,false,0.000000,0.000000,0.000000,0.000000,0.000000,0.000000,,0.000000,0.000000
aserai_tribal_horseman,Aserai Tribal Horseman,0,59.000000,18.950000,245.000000,1.000000,true,true,12.000000,0.000000,54.000000,59.000000,14.000000,14.000000,aserai_horse,1.000000,1.000000
aserai_tribal_horseman,Aserai Tribal Horseman,1,66.000000,19.300000,245.000000,1.000000,true,true,12.000000,0.000000,54.000000,59.000000,14.000000,14.000000,aserai_horse,1.000000,1.000000
aserai_tribal_horseman,Aserai Tribal Horseman,2,66.000000,19.300000,245.000000,1.000000,true,true,12.000000,0.000000,54.000000,59.000000,14.000000,14.000000,aserai_horse,1.000000,1.000000
aserai_tribesman,Aserai Tribesman,0,48.000000,13.200000,160.000000,1.000000,true,false,0.000000,0.000000,0.000000,0.000000,0.000000,0.000000,,1.000000,0.000000
aserai_tribesman,Aserai Tribesman,1,53.000000,13.450000,160.000000,1.000000,true,false,0.000000,0.000000,0.000000,0.000000,0.000000,0.000000,,1.000000,0.000000
aserai_tribesman,Aserai Tribesman,2,53.000000,13.450000,160.000000,1.000000,true,false,0.000000,0.000000,0.000000,0.000000,0.000000,0.000000,,1.000000,0.000000
aserai_vanguard_faris,Aserai Vanguard Faris,0,207.000000,56.750000,360.000000,1.000000,true,true,58.000000,20.000000,65.000000,73.000000,20.000000,20.000000,t3_aserai_horse,1.000000,1.000000
aserai_vanguard_faris,Aserai Vanguard Faris,1,207.000000,56.750000,360.000000,1.000000,true,true,58.000000,20.000000,65.000000,73.000000,20.000000,20.000000,t3_aserai_horse,1.000000,1.000000
aserai_vanguard_faris,Aserai Vanguard Faris,2,207.000000,56.750000,360.000000,1.000000,true,true,58.000000,20.000000,65.000000,73.000000,20.000000,20.000000,t3_aserai_horse,1.000000,1.000000
aserai_veteran_faris,Aserai Veteran Faris,0,171.000000,45.750000,195.000000,1.000000,true,true,58.000000,0.000000,51.000000,73.000000,18.000000,18.000000,t2_aserai_horse,1.000000,1.000000
aserai_veteran_faris,Aserai Veteran Faris,1,166.000000,45.500000,195.000000,1.000000,true,true,58.000000,0.000000,51.000000,73.000000,18.000000,18.000000,t2_aserai_horse,1.000000,1.000000
aserai_veteran_faris,Aserai Veteran Faris,2,166.000000,45.500000,195.000000,1.000000,true,true,58.000000,0.000000,51.000000,73.000000,18.000000,18.000000,t2_aserai_horse,1.000000,1.000000
aserai_veteran_infantry,Aserai Veteran Infantry,0,180.000000,55.600000,360.000000,1.000000,true,false,0.000000,0.000000,0.000000,0.000000,0.000000,0.000000,,1.000000,0.000000
aserai_veteran_infantry,Aserai Veteran Infantry,1,185.000000,55.850000,360.000000,1.000000,true,false,0.000000,0.000000,0.000000,0.000000,0.000000,0.000000,,1.000000,0.000000
aserai_veteran_infantry,Aserai Veteran Infantry,2,178.000000,55.500000,360.000000,1.000000,true,false,0.000000,0.000000,0.000000,0.000000,0.000000,0.000000,,1.000000,0.000000
aserai_youth,Aserai Youth,0,42.000000,12.200000,160.000000,1.000000,true,true,12.000000,0.000000,54.000000,59.000000,14.000000,14.000000,aserai_horse,1.000000,1.000000
aserai_youth,Aserai Youth,1,42.000000,12.200000,160.000000,1.000000,true,true,12.000000,0.000000,54.000000,59.000000,14.000000,14.000000,aserai_horse,1.000000,1.000000
aserai_youth,Aserai Youth,2,42.000000,12.200000,160.000000,1.000000,true,true,12.000000,0.000000,54.000000,59.000000,14.000000,14.000000,aserai_horse,1.000000,1.000000
battanian_clanwarrior,Battanian Clan Warrior,0,46.000000,13.200000,215.000000,1.000000,true,false,0.000000,0.000000,0.000000,0.000000,0.000000,0.000000,,1.000000,0.000000
battanian_clanwarrior,Battanian Clan Warrior,1,34.000000,8.700000,215.000000,1.000000,true,false,0.000000,0.000000,0.000000,0.000000,0.000000,0.000000,,1.000000,0.000000
battanian_clanwarrior,Battanian Clan Warrior,2,36.000000,9.800000,215.000000,1.000000,true,false,0.000000,0.000000,0.000000,0.000000,0.000000,0.000000,,1.000000,0.000000
battanian_falxman,Battanian Falxman,0,84.000000,27.200000,0.000000,0.000000,false,false,0.000000,0.000000,0.000000,0.000000,0.000000,0.000000,,0.000000,0.000000
battanian_falxman,Battanian Falxman,1,110.000000,35.300000,0.000000,0.000000,false,false,0.000000,0.000000,0.000000,0.000000,0.000000,0.000000,,0.000000,0.000000
battanian_falxman,Battanian Falxman,2,84.000000,27.200000,0.000000,0.000000,false,false,0.000000,0.000000,0.000000,0.000000,0.000000,0.000000,,0.000000,0.000000
battanian_fian,Battanian Fian,0,124.000000,39.100000,0.000000,0.000000,false,false,0.000000,0.000000,0.000000,0.000000,0.000000,0.000000,,0.000000,0.000000
battanian_fian,Battanian Fian,1,127.000000,40.150000,0.000000,0.000000,false,false,0.000000,0.000000,0.000000,0.000000,0.000000,0.000000,,0.000000,0.000000
battanian_fian,Battanian Fian,2,124.000000,39.100000,0.000000,0.000000,false,false,0.000000,0.000000,0.000000,0.000000,0.000000,0.000000,,0.000000,0.000000
battanian_fian_champion,Battanian Fian Champion,0,167.000000,54.350000,0.000000,0.000000,false,false,0.000000,0.000000,0.000000,0.000000,0.000000,0.000000,,0.000000,0.000000
battanian_fian_champion,Battanian Fian Champion,1,167.000000,54.350000,0.000000,0.000000,false,false,0.000000,0.000000,0.000000,0.000000,0.000000,0.000000,,0.000000,0.000000
battanian_fian_champion,Battanian Fian Champion,2,167.000000,54.350000,0.000000,0.000000,false,false,0.000000,0.000000,0.000000,0.000000,0.000000,0.000000,,0.000000,0.000000
battanian_hero,Battanian Hero,0,102.000000,33.900000,0.000000,0.000000,false,false,0.000000,0.000000,0.000000,0.000000,0.000000,0.000000,,0.000000,0.000000
battanian_hero,Battanian Hero,1,102.000000,33.900000,0.000000,0.000000,false,false,0.000000,0.000000,0.000000,0.000000,0.000000,0.000000,,0.000000,0.000000
battanian_hero,Battanian Hero,2,102.000000,33.900000,0.000000,0.000000,false,false,0.000000,0.000000,0.000000,0.000000,0.000000,0.000000,,0.000000,0.000000
battanian_highborn_warrior,Battanian Highborn Warrior,0,59.000000,18.450000,0.000000,0.000000,false,false,0.000000,0.000000,0.000000,0.000000,0.000000,0.000000,,0.000000,0.000000
battanian_highborn_warrior,Battanian Highborn Warrior,1,59.000000,18.450000,0.000000,0.000000,false,false,0.000000,0.000000,0.000000,0.000000,0.000000,0.000000,,0.000000,0.000000
battanian_highborn_warrior,Battanian Highborn Warrior,2,59.000000,18.450000,0.000000,0.000000,false,false,0.000000,0.000000,0.000000,0.000000,0.000000,0.000000,,0.000000,0.000000
battanian_highborn_youth,Battanian Highborn Youth,0,32.000000,8.800000,0.000000,0.000000,false,false,0.000000,0.000000,0.000000,0.000000,0.000000,0.000000,,0.000000,0.000000
battanian_highborn_youth,Battanian Highborn Youth,1,29.000000,7.750000,0.000000,0.000000,false,false,0.000000,0.000000,0.000000,0.000000,0.000000,0.000000,,0.000000,0.000000
battanian_highborn_youth,Battanian Highborn Youth,2,32.000000,8.800000,0.000000,0.000000,false,false,0.000000,0.000000,0.000000,0.000000,0.000000,0.000000,,0.000000,0.000000
battanian_horseman,Battanian Horseman,0,141.000000,37.050000,250.000000,1.000000,true,true,40.000000,70.000000,45.000000,66.000000,22.000000,22.000000,t2_battania_horse,1.000000,1.000000
battanian_horseman,Battanian Horseman,1,141.000000,37.050000,250.000000,1.000000,true,true,40.000000,70.000000,45.000000,66.000000,22.000000,22.000000,t2_battania_horse,1.000000,1.000000
battanian_horseman,Battanian Horseman,2,138.500000,36.175000,250.000000,1.000000,true,true,40.000000,70.000000,45.000000,66.000000,22.000000,22.000000,t2_battania_horse,1.000000,1.000000
battanian_marine_t4,Battanian River Raider,0,79.000000,19.950000,250.000000,1.000000,true,false,0.000000,0.000000,0.000000,0.000000,0.000000,0.000000,,1.000000,0.000000
battanian_marine_t4,Battanian River Raider,1,82.000000,21.600000,250.000000,1.000000,true,false,0.000000,0.000000,0.000000,0.000000,0.000000,0.000000,,1.000000,0.000000
battanian_marine_t4,Battanian River Raider,2,61.000000,20.850000,250.000000,1.000000,true,false,0.000000,0.000000,0.000000,0.000000,0.000000,0.000000,,1.000000,0.000000
battanian_marine_t5,Battanian Skipari,0,119.000000,31.450000,430.000000,1.000000,true,false,0.000000,0.000000,0.000000,0.000000,0.000000,0.000000,,1.000000,0.000000
battanian_marine_t5,Battanian Skipari,1,101.000000,31.050000,410.000000,1.000000,true,false,0.000000,0.000000,0.000000,0.000000,0.000000,0.000000,,1.000000,0.000000
battanian_marine_t5,Battanian Skipari,2,118.000000,31.400000,430.000000,1.000000,true,false,0.000000,0.000000,0.000000,0.000000,0.000000,0.000000,,1.000000,0.000000
battanian_militia_archer,Battanian Militia Archer,0,25.000000,6.050000,0.000000,0.000000,false,false,0.000000,0.000000,0.000000,0.000000,0.000000,0.000000,,0.000000,0.000000
battanian_militia_archer,Battanian Militia Archer,1,30.000000,8.300000,0.000000,0.000000,false,false,0.000000,0.000000,0.000000,0.000000,0.000000,0.000000,,0.000000,0.000000
battanian_militia_archer,Battanian Militia Archer,2,26.000000,5.300000,0.000000,0.000000,false,false,0.000000,0.000000,0.000000,0.000000,0.000000,0.000000,,0.000000,0.000000
battanian_militia_archer,Battanian Militia Archer,3,24.000000,6.200000,0.000000,0.000000,false,false,0.000000,0.000000,0.000000,0.000000,0.000000,0.000000,,0.000000,0.000000
battanian_militia_spearman,Battanian Militia Spearman,0,25.000000,4.250000,200.000000,1.000000,true,false,0.000000,0.000000,0.000000,0.000000,0.000000,0.000000,,1.000000,0.000000
battanian_militia_spearman,Battanian Militia Spearman,1,26.000000,5.300000,200.000000,1.000000,true,false,0.000000,0.000000,0.000000,0.000000,0.000000,0.000000,,1.000000,0.000000
battanian_militia_spearman,Battanian Militia Spearman,2,40.000000,9.500000,200.000000,1.000000,true,false,0.000000,0.000000,0.000000,0.000000,0.000000,0.000000,,1.000000,0.000000
battanian_militia_spearman,Battanian Militia Spearman,3,49.000000,12.650000,200.000000,1.000000,true,false,0.000000,0.000000,0.000000,0.000000,0.000000,0.000000,,1.000000,0.000000
battanian_militia_veteran_archer,Battanian Militia Veteran Archer,0,42.000000,12.400000,0.000000,0.000000,false,false,0.000000,0.000000,0.000000,0.000000,0.000000,0.000000,,0.000000,0.000000
battanian_militia_veteran_archer,Battanian Militia Veteran Archer,1,42.000000,12.400000,0.000000,0.000000,false,false,0.000000,0.000000,0.000000,0.000000,0.000000,0.000000,,0.000000,0.000000
battanian_militia_veteran_archer,Battanian Militia Veteran Archer,2,46.000000,13.600000,0.000000,0.000000,false,false,0.000000,0.000000,0.000000,0.000000,0.000000,0.000000,,0.000000,0.000000
battanian_militia_veteran_archer,Battanian Militia Veteran Archer,3,46.000000,13.600000,0.000000,0.000000,false,false,0.000000,0.000000,0.000000,0.000000,0.000000,0.000000,,0.000000,0.000000
battanian_militia_veteran_spearman,Battanian Militia Veteran Spearman,0,55.000000,12.650000,300.000000,1.000000,true,false,0.000000,0.000000,0.000000,0.000000,0.000000,0.000000,,1.000000,0.000000
battanian_militia_veteran_spearman,Battanian Militia Veteran Spearman,1,46.000000,12.000000,300.000000,1.000000,true,false,0.000000,0.000000,0.000000,0.000000,0.000000,0.000000,,1.000000,0.000000
battanian_militia_veteran_spearman,Battanian Militia Veteran Spearman,2,57.000000,13.750000,300.000000,1.000000,true,false,0.000000,0.000000,0.000000,0.000000,0.000000,0.000000,,1.000000,0.000000
battanian_militia_veteran_spearman,Battanian Militia Veteran Spearman,3,57.000000,13.750000,300.000000,1.000000,true,false,0.000000,0.000000,0.000000,0.000000,0.000000,0.000000,,1.000000,0.000000
battanian_mounted_skirmisher,Battanian Mounted Skirmisher,0,156.000000,44.100000,250.000000,1.000000,true,true,40.000000,70.000000,45.000000,66.000000,22.000000,22.000000,t2_battania_horse,1.000000,1.000000
battanian_mounted_skirmisher,Battanian Mounted Skirmisher,1,156.000000,44.100000,250.000000,1.000000,true,true,40.000000,70.000000,45.000000,66.000000,22.000000,22.000000,t2_battania_horse,1.000000,1.000000
battanian_mounted_skirmisher,Battanian Mounted Skirmisher,2,156.000000,44.100000,250.000000,1.000000,true,true,40.000000,70.000000,45.000000,66.000000,22.000000,22.000000,t2_battania_horse,1.000000,1.000000
battanian_oathsworn,Battanian Oathsworn,0,182.000000,52.900000,430.000000,1.000000,true,false,0.000000,0.000000,0.000000,0.000000,0.000000,0.000000,,1.000000,0.000000
battanian_oathsworn,Battanian Oathsworn,1,182.000000,52.900000,430.000000,1.000000,true,false,0.000000,0.000000,0.000000,0.000000,0.000000,0.000000,,1.000000,0.000000
battanian_oathsworn,Battanian Oathsworn,2,162.000000,45.900000,430.000000,1.000000,true,false,0.000000,0.000000,0.000000,0.000000,0.000000,0.000000,,1.000000,0.000000
battanian_picked_warrior,Battanian Picked Warrior,0,124.000000,37.300000,410.000000,1.000000,true,false,0.000000,0.000000,0.000000,0.000000,0.000000,0.000000,,1.000000,0.000000
battanian_picked_warrior,Battanian Picked Warrior,1,115.000000,35.350000,410.000000,1.000000,true,false,0.000000,0.000000,0.000000,0.000000,0.000000,0.000000,,1.000000,0.000000
battanian_picked_warrior,Battanian Picked Warrior,2,115.000000,34.150000,410.000000,1.000000,true,false,0.000000,0.000000,0.000000,0.000000,0.000000,0.000000,,1.000000,0.000000
battanian_raider,Battanian Raider,0,83.000000,25.050000,0.000000,0.000000,false,false,0.000000,0.000000,0.000000,0.000000,0.000000,0.000000,,0.000000,0.000000
battanian_raider,Battanian Raider,1,45.000000,11.750000,0.000000,0.000000,false,false,0.000000,0.000000,0.000000,0.000000,0.000000,0.000000,,0.000000,0.000000
battanian_raider,Battanian Raider,2,75.000000,22.150000,0.000000,0.000000,false,false,0.000000,0.000000,0.000000,0.000000,0.000000,0.000000,,0.000000,0.000000
battanian_scout,Battanian Scout,0,98.000000,31.900000,215.000000,1.000000,true,true,15.000000,50.000000,46.000000,57.000000,20.000000,20.000000,battania_horse,1.000000,1.000000
battanian_scout,Battanian Scout,1,87.000000,27.850000,215.000000,1.000000,true,true,15.000000,50.000000,46.000000,57.000000,20.000000,20.000000,battania_horse,1.000000,1.000000
battanian_scout,Battanian Scout,2,98.000000,31.900000,215.000000,1.000000,true,true,15.000000,50.000000,46.000000,57.000000,20.000000,20.000000,battania_horse,1.000000,1.000000
battanian_trained_warrior,Battanian Trained Warrior,0,86.000000,26.200000,215.000000,1.000000,true,false,0.000000,0.000000,0.000000,0.000000,0.000000,0.000000,,1.000000,0.000000
battanian_trained_warrior,Battanian Trained Warrior,1,57.000000,15.850000,215.000000,1.000000,true,false,0.000000,0.000000,0.000000,0.000000,0.000000,0.000000,,1.000000,0.000000
battanian_trained_warrior,Battanian Trained Warrior,2,58.000000,16.400000,250.000000,1.000000,true,false,0.000000,0.000000,0.000000,0.000000,0.000000,0.000000,,1.000000,0.000000
battanian_veteran_falxman,Battanian Veteran Falxman,0,136.000000,44.100000,0.000000,0.000000,false,false,0.000000,0.000000,0.000000,0.000000,0.000000,0.000000,,0.000000,0.000000
battanian_volunteer,Battanian Volunteer,0,21.000000,5.050000,0.000000,0.000000,false,false,0.000000,0.000000,0.000000,0.000000,0.000000,0.000000,,0.000000,0.000000
battanian_volunteer,Battanian Volunteer,1,27.500000,6.625000,0.000000,0.000000,false,false,0.000000,0.000000,0.000000,0.000000,0.000000,0.000000,,0.000000,0.000000
battanian_volunteer,Battanian Volunteer,2,30.000000,7.500000,0.000000,0.000000,false,false,0.000000,0.000000,0.000000,0.000000,0.000000,0.000000,,0.000000,0.000000
battanian_volunteer,Battanian Volunteer,3,30.000000,7.500000,0.000000,0.000000,false,false,0.000000,0.000000,0.000000,0.000000,0.000000,0.000000,,0.000000,0.000000
battanian_wildling,Battanian Wildling,0,158.000000,48.900000,430.000000,1.000000,true,false,0.000000,0.000000,0.000000,0.000000,0.000000,0.000000,,1.000000,0.000000
battanian_wildling,Battanian Wildling,1,158.000000,48.900000,430.000000,1.000000,true,false,0.000000,0.000000,0.000000,0.000000,0.000000,0.000000,,1.000000,0.000000
battanian_wildling,Battanian Wildling,2,158.000000,48.900000,430.000000,1.000000,true,false,0.000000,0.000000,0.000000,0.000000,0.000000,0.000000,,1.000000,0.000000
battanian_woodrunner,Battanian Wood Runner,0,32.000000,5.100000,300.000000,1.000000,true,false,0.000000,0.000000,0.000000,0.000000,0.000000,0.000000,,1.000000,0.000000
battanian_woodrunner,Battanian Wood Runner,1,19.000000,4.450000,300.000000,1.000000,true,false,0.000000,0.000000,0.000000,0.000000,0.000000,0.000000,,1.000000,0.000000
battanian_woodrunner,Battanian Wood Runner,2,31.000000,5.050000,300.000000,1.000000,true,false,0.000000,0.000000,0.000000,0.000000,0.000000,0.000000,,1.000000,0.000000
battanian_woodrunner,Battanian Wood Runner,3,13.000000,0.650000,300.000000,1.000000,true,false,0.000000,0.000000,0.000000,0.000000,0.000000,0.000000,,1.000000,0.000000
beni_zilal_tier_1,Beni Zilal Recruit,0,23.000000,6.050000,0.000000,0.000000,false,true,9.000000,0.000000,54.000000,59.000000,14.000000,14.000000,aserai_horse,0.000000,1.000000
beni_zilal_tier_1,Beni Zilal Recruit,1,25.000000,6.750000,0.000000,0.000000,false,true,12.000000,0.000000,54.000000,59.000000,14.000000,14.000000,aserai_horse,0.000000,1.000000
beni_zilal_tier_1,Beni Zilal Recruit,2,30.000000,10.600000,0.000000,0.000000,false,true,9.000000,0.000000,54.000000,59.000000,14.000000,14.000000,aserai_horse,0.000000,1.000000
beni_zilal_tier_2,Beni Zilal Soldier,0,50.000000,13.900000,0.000000,0.000000,false,true,12.000000,0.000000,54.000000,59.000000,14.000000,14.000000,aserai_horse,0.000000,1.000000
beni_zilal_tier_2,Beni Zilal Soldier,1,54.000000,15.300000,0.000000,0.000000,false,true,12.000000,0.000000,51.000000,73.000000,18.000000,18.000000,t2_aserai_horse,0.000000,1.000000
beni_zilal_tier_2,Beni Zilal Soldier,2,61.000000,16.650000,0.000000,0.000000,false,true,12.000000,0.000000,54.000000,59.000000,14.000000,14.000000,aserai_horse,0.000000,1.000000
beni_zilal_tier_2,Beni Zilal Soldier,3,52.000000,14.900000,0.000000,0.000000,false,true,12.000000,0.000000,54.000000,59.000000,14.000000,14.000000,aserai_horse,0.000000,1.000000
beni_zilal_tier_2,Beni Zilal Soldier,4,52.000000,14.900000,0.000000,0.000000,false,true,12.000000,0.000000,54.000000,59.000000,14.000000,14.000000,aserai_horse,0.000000,1.000000
beni_zilal_tier_3,Beni Zilal Royal Guard,0,109.000000,25.350000,0.000000,0.000000,false,true,58.000000,0.000000,51.000000,73.000000,18.000000,18.000000,t2_aserai_horse,0.000000,1.000000
beni_zilal_tier_3,Beni Zilal Royal Guard,1,106.000000,25.700000,0.000000,0.000000,false,true,58.000000,0.000000,51.000000,73.000000,18.000000,18.000000,t2_aserai_horse,0.000000,1.000000
beni_zilal_tier_3,Beni Zilal Royal Guard,2,106.000000,25.700000,0.000000,0.000000,false,true,58.000000,0.000000,51.000000,73.000000,18.000000,18.000000,t2_aserai_horse,0.000000,1.000000
bold_contender,Bold Contender,0,57.000000,15.850000,360.000000,6.000000,true,false,0.000000,0.000000,0.000000,0.000000,0.000000,0.000000,,1.000000,0.000000
bold_contender,Bold Contender,1,49.000000,19.950000,0.000000,0.000000,false,false,0.000000,0.000000,0.000000,0.000000,0.000000,0.000000,,0.000000,0.000000
bold_contender_easy,Bold Contender,0,57.000000,15.850000,360.000000,6.000000,true,false,0.000000,0.000000,0.000000,0.000000,0.000000,0.000000,,1.000000,0.000000
bold_contender_easy,Bold Contender,1,49.000000,19.950000,0.000000,0.000000,false,false,0.000000,0.000000,0.000000,0.000000,0.000000,0.000000,,0.000000,0.000000
bold_contender_hard,Bold Contender,0,57.000000,15.850000,360.000000,6.000000,true,false,0.000000,0.000000,0.000000,0.000000,0.000000,0.000000,,1.000000,0.000000
bold_contender_hard,Bold Contender,1,49.000000,19.950000,0.000000,0.000000,false,false,0.000000,0.000000,0.000000,0.000000,0.000000,0.000000,,0.000000,0.000000
bold_contender_normal,Bold Contender,0,57.000000,15.850000,360.000000,6.000000,true,false,0.000000,0.000000,0.000000,0.000000,0.000000,0.000000,,1.000000,0.000000
bold_contender_normal,Bold Contender,1,49.000000,19.950000,0.000000,0.000000,false,false,0.000000,0.000000,0.000000,0.000000,0.000000,0.000000,,0.000000,0.000000
bold_contender_very_hard,Bold Contender,0,57.000000,15.850000,360.000000,6.000000,true,false,0.000000,0.000000,0.000000,0.000000,0.000000,0.000000,,1.000000,0.000000
bold_contender_very_hard,Bold Contender,1,49.000000,19.950000,0.000000,0.000000,false,false,0.000000,0.000000,0.000000,0.000000,0.000000,0.000000,,0.000000,0.000000
borrowed_troop,Borrowed Troop,0,11.000000,2.550000,0.000000,0.000000,false,false,0.000000,0.000000,0.000000,0.000000,0.000000,0.000000,,0.000000,0.000000
borrowed_troop,Borrowed Troop,1,11.000000,2.550000,0.000000,0.000000,false,false,0.000000,0.000000,0.000000,0.000000,0.000000,0.000000,,0.000000,0.000000
borrowed_troop,Borrowed Troop,2,12.000000,2.100000,0.000000,0.000000,false,false,0.000000,0.000000,0.000000,0.000000,0.000000,0.000000,,0.000000,0.000000
brotherhood_of_woods_tier_1,Sprout,0,26.000000,7.100000,0.000000,0.000000,false,false,0.000000,0.000000,0.000000,0.000000,0.000000,0.000000,,0.000000,0.000000
brotherhood_of_woods_tier_1,Sprout,1,26.000000,7.100000,0.000000,0.000000,false,false,0.000000,0.000000,0.000000,0.000000,0.000000,0.000000,,0.000000,0.000000
brotherhood_of_woods_tier_1,Sprout,2,20.000000,5.000000,0.000000,0.000000,false,false,0.000000,0.000000,0.000000,0.000000,0.000000,0.000000,,0.000000,0.000000
brotherhood_of_woods_tier_2,Sapling,0,40.000000,8.900000,0.000000,0.000000,false,false,0.000000,0.000000,0.000000,0.000000,0.000000,0.000000,,0.000000,0.000000
brotherhood_of_woods_tier_2,Sapling,1,40.000000,8.900000,0.000000,0.000000,false,false,0.000000,0.000000,0.000000,0.000000,0.000000,0.000000,,0.000000,0.000000
brotherhood_of_woods_tier_3,Arboreal,0,64.000000,21.700000,0.000000,0.000000,false,false,0.000000,0.000000,0.000000,0.000000,0.000000,0.000000,,0.000000,0.000000
bucellarii,Imperial Bucellarii,0,150.000000,38.600000,0.000000,0.000000,false,true,15.000000,10.000000,50.000000,60.000000,26.000000,26.000000,t2_empire_horse,0.000000,1.000000
bucellarii,Imperial Bucellarii,1,128.000000,30.900000,0.000000,0.000000,false,true,15.000000,10.000000,50.000000,60.000000,26.000000,26.000000,t2_empire_horse,0.000000,1.000000
bucellarii,Imperial Bucellarii,2,141.000000,35.450000,0.000000,0.000000,false,true,15.000000,10.000000,50.000000,60.000000,26.000000,26.000000,t2_empire_horse,0.000000,1.000000
champion_fighter,Champion Fighter,0,37.000000,10.850000,0.000000,0.000000,false,false,0.000000,0.000000,0.000000,0.000000,0.000000,0.000000,,0.000000,0.000000
company_of_the_boar_tier_1,Boar Novice,0,40.000000,12.700000,225.000000,1.000000,true,false,0.000000,0.000000,0.000000,0.000000,0.000000,0.000000,,1.000000,0.000000
company_of_the_boar_tier_2,Boar Veteran,0,66.000000,19.500000,300.000000,10.000000,true,false,0.000000,0.000000,0.000000,0.000000,0.000000,0.000000,,1.000000,0.000000
company_of_the_boar_tier_3,Boar Champion,0,110.000000,28.400000,750.000000,1.000000,true,false,0.000000,0.000000,0.000000,0.000000,0.000000,0.000000,,1.000000,0.000000
confident_contender,Confident Contender,0,88.000000,28.400000,430.000000,1.000000,true,false,0.000000,0.000000,0.000000,0.000000,0.000000,0.000000,,1.000000,0.000000
confident_contender,Confident Contender,1,85.000000,28.250000,0.000000,0.000000,false,false,0.000000,0.000000,0.000000,0.000000,0.000000,0.000000,,0.000000,0.000000
confident_contender_easy,Confident Contender,0,88.000000,28.400000,430.000000,1.000000,true,false,0.000000,0.000000,0.000000,0.000000,0.000000,0.000000,,1.000000,0.000000
confident_contender_easy,Confident Contender,1,85.000000,28.250000,0.000000,0.000000,false,false,0.000000,0.000000,0.000000,0.000000,0.000000,0.000000,,0.000000,0.000000
confident_contender_hard,Confident Contender,0,88.000000,28.400000,430.000000,1.000000,true,false,0.000000,0.000000,0.000000,0.000000,0.000000,0.000000,,1.000000,0.000000
confident_contender_hard,Confident Contender,1,85.000000,28.250000,0.000000,0.000000,false,false,0.000000,0.000000,0.000000,0.000000,0.000000,0.000000,,0.000000,0.000000
confident_contender_normal,Confident Contender,0,88.000000,28.400000,430.000000,1.000000,true,false,0.000000,0.000000,0.000000,0.000000,0.000000,0.000000,,1.000000,0.000000
confident_contender_normal,Confident Contender,1,85.000000,28.250000,0.000000,0.000000,false,false,0.000000,0.000000,0.000000,0.000000,0.000000,0.000000,,0.000000,0.000000
confident_contender_very_hard,Confident Contender,0,88.000000,28.400000,430.000000,1.000000,true,false,0.000000,0.000000,0.000000,0.000000,0.000000,0.000000,,1.000000,0.000000
confident_contender_very_hard,Confident Contender,1,85.000000,28.250000,0.000000,0.000000,false,false,0.000000,0.000000,0.000000,0.000000,0.000000,0.000000,,0.000000,0.000000
conspiracy_battlerider,Conspiracy Battle Rider,0,170.000000,52.300000,380.000000,1.000000,true,true,55.000000,0.000000,57.000000,63.000000,20.000000,20.000000,t2_sturgia_horse,1.000000,1.000000
conspiracy_berserker,Conspiracy Berserker,0,48.000000,17.900000,0.000000,0.000000,false,false,0.000000,0.000000,0.000000,0.000000,0.000000,0.000000,,0.000000,0.000000
conspiracy_berserker,Conspiracy Berserker,1,48.000000,17.900000,0.000000,0.000000,false,false,0.000000,0.000000,0.000000,0.000000,0.000000,0.000000,,0.000000,0.000000
conspiracy_fighter,Conspiracy Fighter,0,101.500000,36.925000,400.000000,1.000000,true,false,0.000000,0.000000,0.000000,0.000000,0.000000,0.000000,,1.000000,0.000000
conspiracy_fighter,Conspiracy Fighter,1,98.000000,36.000000,315.000000,9.000000,true,false,0.000000,0.000000,0.000000,0.000000,0.000000,0.000000,,1.000000,0.000000
conspiracy_fighter,Conspiracy Fighter,2,105.000000,37.850000,400.000000,1.000000,true,false,0.000000,0.000000,0.000000,0.000000,0.000000,0.000000,,1.000000,0.000000
conspiracy_guardian,Conspiracy Guardian,0,171.000000,46.350000,360.000000,1.000000,true,false,0.000000,0.000000,0.000000,0.000000,0.000000,0.000000,,1.000000,0.000000
conspiracy_guardsman,Conspiracy Guardsman,0,41.000000,7.650000,430.000000,1.000000,true,false,0.000000,0.000000,0.000000,0.000000,0.000000,0.000000,,1.000000,0.000000
conspiracy_hellion,Conspiracy Hellion,0,130.000000,27.500000,0.000000,0.000000,false,false,0.000000,0.000000,0.000000,0.000000,0.000000,0.000000,,0.000000,0.000000
conspiracy_horse_archer,Conspiracy Horse Archer,0,87.000000,25.650000,0.000000,0.000000,false,true,12.000000,0.000000,45.000000,67.000000,16.000000,16.000000,khuzait_horse,0.000000,1.000000
conspiracy_horse_archer,Conspiracy Horse Archer,1,71.000000,24.550000,0.000000,0.000000,false,true,12.000000,0.000000,45.000000,67.000000,16.000000,16.000000,khuzait_horse,0.000000,1.000000
conspiracy_horse_archer,Conspiracy Horse Archer,2,53.000000,16.150000,0.000000,0.000000,false,true,12.000000,0.000000,45.000000,67.000000,16.000000,16.000000,khuzait_horse,0.000000,1.000000
conspiracy_hunt_leader,Conspiracy Hunt Leader,0,57.000000,17.350000,0.000000,0.000000,false,false,0.000000,0.000000,0.000000,0.000000,0.000000,0.000000,,0.000000,0.000000
conspiracy_hunt_leader,Conspiracy Hunt Leader,1,57.000000,17.350000,0.000000,0.000000,false,false,0.000000,0.000000,0.000000,0.000000,0.000000,0.000000,,0.000000,0.000000
conspiracy_hunt_leader,Conspiracy Hunt Leader,2,83.000000,26.450000,0.000000,0.000000,false,false,0.000000,0.000000,0.000000,0.000000,0.000000,0.000000,,0.000000,0.000000
conspiracy_kern,Conspiracy Kern,0,116.000000,37.800000,430.000000,1.000000,true,false,0.000000,0.000000,0.000000,0.000000,0.000000,0.000000,,1.000000,0.000000
conspiracy_kern,Conspiracy Kern,1,95.000000,31.950000,430.000000,1.000000,true,false,0.000000,0.000000,0.000000,0.000000,0.000000,0.000000,,1.000000,0.000000
conspiracy_kern,Conspiracy Kern,2,95.000000,31.950000,430.000000,1.000000,true,false,0.000000,0.000000,0.000000,0.000000,0.000000,0.000000,,1.000000,0.000000
conspiracy_knight,Conspiracy Knight,0,199.000000,53.550000,0.000000,0.000000,false,false,0.000000,0.000000,0.000000,0.000000,0.000000,0.000000,,0.000000,0.000000
conspiracy_knight,Conspiracy Knight,1,183.000000,50.750000,0.000000,0.000000,false,false,0.000000,0.000000,0.000000,0.000000,0.000000,0.000000,,0.000000,0.000000
conspiracy_knight,Conspiracy Knight,2,196.000000,53.400000,0.000000,0.000000,false,false,0.000000,0.000000,0.000000,0.000000,0.000000,0.000000,,0.000000,0.000000
conspiracy_knight_trainee,Conspiracy Knight Trainee,0,110.000000,31.800000,0.000000,0.000000,false,false,0.000000,0.000000,0.000000,0.000000,0.000000,0.000000,,0.000000,0.000000
conspiracy_knight_trainee,Conspiracy Knight Trainee,1,83.000000,21.250000,0.000000,0.000000,false,false,0.000000,0.000000,0.000000,0.000000,0.000000,0.000000,,0.000000,0.000000
conspiracy_knight_trainee,Conspiracy Knight Trainee,2,87.000000,22.650000,0.000000,0.000000,false,false,0.000000,0.000000,0.000000,0.000000,0.000000,0.000000,,0.000000,0.000000
conspiracy_longbowman,Conspiracy Longbowman,0,130.000000,44.000000,0.000000,0.000000,false,false,0.000000,0.000000,0.000000,0.000000,0.000000,0.000000,,0.000000,0.000000
conspiracy_longbowman,Conspiracy Longbowman,1,147.000000,42.150000,0.000000,0.000000,false,false,0.000000,0.000000,0.000000,0.000000,0.000000,0.000000,,0.000000,0.000000
conspiracy_longbowman,Conspiracy Longbowman,2,130.000000,42.500000,0.000000,0.000000,false,false,0.000000,0.000000,0.000000,0.000000,0.000000,0.000000,,0.000000,0.000000
conspiracy_mounted_fighter,Conspiracy Mounted Fighter,0,118.000000,29.700000,350.000000,1.000000,true,true,15.000000,10.000000,50.000000,60.000000,26.000000,26.000000,t2_empire_horse,1.000000,1.000000
conspiracy_mounted_fighter,Conspiracy Mounted Fighter,1,110.000000,26.900000,350.000000,1.000000,true,true,15.000000,10.000000,50.000000,60.000000,26.000000,26.000000,t2_empire_horse,1.000000,1.000000
conspiracy_mounted_fighter,Conspiracy Mounted Fighter,2,99.000000,24.750000,350.000000,1.000000,true,true,15.000000,10.000000,50.000000,60.000000,26.000000,26.000000,t2_empire_horse,1.000000,1.000000
conspiracy_mounted_huntsman,Conspiracy Mounted Hunstman,0,78.000000,22.500000,0.000000,0.000000,false,true,15.000000,10.000000,47.000000,55.000000,20.000000,20.000000,empire_horse,0.000000,1.000000
conspiracy_mounted_huntsman,Conspiracy Mounted Hunstman,1,81.000000,24.150000,0.000000,0.000000,false,true,15.000000,10.000000,47.000000,55.000000,20.000000,20.000000,empire_horse,0.000000,1.000000
conspiracy_mounted_huntsman,Conspiracy Mounted Hunstman,2,82.000000,23.900000,0.000000,0.000000,false,true,15.000000,10.000000,47.000000,55.000000,20.000000,20.000000,empire_horse,0.000000,1.000000
conspiracy_mounted_master_archer,Conspiracy Mounted Master Archer,0,125.000000,30.250000,0.000000,0.000000,false,true,38.000000,60.000000,47.000000,69.000000,19.000000,19.000000,t2_khuzait_horse,0.000000,1.000000
conspiracy_mounted_master_archer,Conspiracy Mounted Master Archer,1,148.000000,35.700000,0.000000,0.000000,false,true,38.000000,60.000000,47.000000,69.000000,19.000000,19.000000,t2_khuzait_horse,0.000000,1.000000
conspiracy_mounted_master_archer,Conspiracy Mounted Master Archer,2,144.000000,39.000000,0.000000,0.000000,false,true,38.000000,60.000000,47.000000,69.000000,19.000000,19.000000,t2_khuzait_horse,0.000000,1.000000
conspiracy_noble_horseman,Conspiracy Noble Horseman,0,80.000000,21.100000,225.000000,2.000000,true,true,15.000000,10.000000,47.000000,55.000000,20.000000,20.000000,empire_horse,1.000000,1.000000
conspiracy_noble_horseman,Conspiracy Noble Horseman,1,77.000000,19.450000,225.000000,2.000000,true,true,15.000000,10.000000,47.000000,55.000000,20.000000,20.000000,empire_horse,1.000000,1.000000
conspiracy_noble_horseman,Conspiracy Noble Horseman,2,55.000000,11.750000,225.000000,2.000000,true,true,15.000000,10.000000,47.000000,55.000000,20.000000,20.000000,empire_horse,1.000000,1.000000
conspiracy_packmaster,Conspiracy Packmaster,0,113.000000,29.750000,0.000000,0.000000,false,true,15.000000,10.000000,50.000000,60.000000,26.000000,26.000000,t2_empire_horse,0.000000,1.000000
conspiracy_packmaster,Conspiracy Packmaster,1,111.000000,29.050000,0.000000,0.000000,false,true,15.000000,10.000000,50.000000,60.000000,26.000000,26.000000,t2_empire_horse,0.000000,1.000000
conspiracy_packmaster,Conspiracy Packmaster,2,111.000000,29.050000,0.000000,0.000000,false,true,15.000000,10.000000,50.000000,60.000000,26.000000,26.000000,t2_empire_horse,0.000000,1.000000
conspiracy_raider,Conspiracy Raider,0,42.000000,11.800000,215.000000,1.000000,true,true,16.000000,0.000000,45.000000,67.000000,16.000000,16.000000,khuzait_horse,1.000000,1.000000
conspiracy_spearmaster,Conspiracy Spear Master,0,158.000000,37.500000,0.000000,0.000000,false,false,0.000000,0.000000,0.000000,0.000000,0.000000,0.000000,,0.000000,0.000000
conspiracy_spearmaster,Conspiracy Spear Master,1,165.500000,41.325000,0.000000,0.000000,false,false,0.000000,0.000000,0.000000,0.000000,0.000000,0.000000,,0.000000,0.000000
conspiracy_spearmaster,Conspiracy Spear Master,2,174.000000,43.100000,0.000000,0.000000,false,false,0.000000,0.000000,0.000000,0.000000,0.000000,0.000000,,0.000000,0.000000
conspiracy_trained_bowman,Conspiracy Trained Bowman,0,75.000000,23.150000,0.000000,0.000000,false,false,0.000000,0.000000,0.000000,0.000000,0.000000,0.000000,,0.000000,0.000000
conspiracy_trained_bowman,Conspiracy Trained Bowman,1,58.000000,17.200000,0.000000,0.000000,false,false,0.000000,0.000000,0.000000,0.000000,0.000000,0.000000,,0.000000,0.000000
conspiracy_trained_bowman,Conspiracy Trained Bowman,2,104.000000,31.100000,0.000000,0.000000,false,false,0.000000,0.000000,0.000000,0.000000,0.000000,0.000000,,0.000000,0.000000
conspiracy_trained_crossbowman,Conspiracy Trained Crossbowman,0,105.000000,29.950000,0.000000,0.000000,false,false,0.000000,0.000000,0.000000,0.000000,0.000000,0.000000,,0.000000,0.000000
conspiracy_trained_crossbowman,Conspiracy Trained Crossbowman,1,100.000000,28.200000,0.000000,0.000000,false,false,0.000000,0.000000,0.000000,0.000000,0.000000,0.000000,,0.000000,0.000000
conspiracy_trained_crossbowman,Conspiracy Trained Crossbowman,2,103.500000,29.575000,0.000000,0.000000,false,false,0.000000,0.000000,0.000000,0.000000,0.000000,0.000000,,0.000000,0.000000
conspiracy_trained_huntsman,Conspiracy Trained Huntsman,0,40.000000,11.500000,0.000000,0.000000,false,false,0.000000,0.000000,0.000000,0.000000,0.000000,0.000000,,0.000000,0.000000
conspiracy_trained_huntsman,Conspiracy Trained Huntsman,1,40.000000,11.500000,0.000000,0.000000,false,false,0.000000,0.000000,0.000000,0.000000,0.000000,0.000000,,0.000000,0.000000
conspiracy_trained_huntsman,Conspiracy Trained Huntsman,2,40.000000,11.700000,0.000000,0.000000,false,false,0.000000,0.000000,0.000000,0.000000,0.000000,0.000000,,0.000000,0.000000
conspiracy_trained_spearman,Conspiracy Trained Spearman,0,79.000000,23.650000,530.000000,1.000000,true,false,0.000000,0.000000,0.000000,0.000000,0.000000,0.000000,,1.000000,0.000000
conspiracy_trained_spearman,Conspiracy Trained Spearman,1,58.000000,16.300000,500.000000,1.000000,true,false,0.000000,0.000000,0.000000,0.000000,0.000000,0.000000,,1.000000,0.000000
conspiracy_trained_spearman,Conspiracy Trained Spearman,2,70.000000,20.500000,530.000000,1.000000,true,false,0.000000,0.000000,0.000000,0.000000,0.000000,0.000000,,1.000000,0.000000
conspiracy_veteran_fighter,Conspiracy Veteran Fighter,0,174.000000,43.300000,400.000000,1.000000,true,false,0.000000,0.000000,0.000000,0.000000,0.000000,0.000000,,1.000000,0.000000
conspiracy_veteran_fighter,Conspiracy Veteran Fighter,1,174.000000,43.300000,400.000000,1.000000,true,false,0.000000,0.000000,0.000000,0.000000,0.000000,0.000000,,1.000000,0.000000
conspiracy_veteran_fighter,Conspiracy Veteran Fighter,2,174.000000,43.300000,315.000000,9.000000,true,false,0.000000,0.000000,0.000000,0.000000,0.000000,0.000000,,1.000000,0.000000
conspiracy_warmonger,Conspiracy Warmonger,0,107.000000,32.650000,410.000000,1.000000,true,false,0.000000,0.000000,0.000000,0.000000,0.000000,0.000000,,1.000000,0.000000
conspiracy_warworn_crossbowman,Conspiracy Warworn Crossbowman,0,125.000000,34.550000,750.000000,1.000000,true,false,0.000000,0.000000,0.000000,0.000000,0.000000,0.000000,,1.000000,0.000000
conspiracy_wilder,Conspiracy Wilder,0,48.000000,14.800000,300.000000,1.000000,true,false,0.000000,0.000000,0.000000,0.000000,0.000000,0.000000,,1.000000,0.000000
conspiracy_wilder,Conspiracy Wilder,1,52.000000,16.200000,300.000000,1.000000,true,false,0.000000,0.000000,0.000000,0.000000,0.000000,0.000000,,1.000000,0.000000
dignified_contender,Dignified Contender,0,73.000000,18.150000,430.000000,1.000000,true,false,0.000000,0.000000,0.000000,0.000000,0.000000,0.000000,,1.000000,0.000000
dignified_contender,Dignified Contender,1,74.000000,23.200000,0.000000,0.000000,false,false,0.000000,0.000000,0.000000,0.000000,0.000000,0.000000,,0.000000,0.000000
dignified_contender_easy,Dignified Contender,0,73.000000,18.150000,430.000000,1.000000,true,false,0.000000,0.000000,0.000000,0.000000,0.000000,0.000000,,1.000000,0.000000
dignified_contender_easy,Dignified Contender,1,74.000000,23.200000,0.000000,0.000000,false,false,0.000000,0.000000,0.000000,0.000000,0.000000,0.000000,,0.000000,0.000000
dignified_contender_hard,Dignified Contender,0,73.000000,18.150000,430.000000,1.000000,true,false,0.000000,0.000000,0.000000,0.000000,0.000000,0.000000,,1.000000,0.000000
dignified_contender_hard,Dignified Contender,1,74.000000,23.200000,0.000000,0.000000,false,false,0.000000,0.000000,0.000000,0.000000,0.000000,0.000000,,0.000000,0.000000
dignified_contender_normal,Dignified Contender,0,73.000000,18.150000,430.000000,1.000000,true,false,0.000000,0.000000,0.000000,0.000000,0.000000,0.000000,,1.000000,0.000000
dignified_contender_normal,Dignified Contender,1,74.000000,23.200000,0.000000,0.000000,false,false,0.000000,0.000000,0.000000,0.000000,0.000000,0.000000,,0.000000,0.000000
dignified_contender_very_hard,Dignified Contender,0,73.000000,18.150000,430.000000,1.000000,true,false,0.000000,0.000000,0.000000,0.000000,0.000000,0.000000,,1.000000,0.000000
dignified_contender_very_hard,Dignified Contender,1,74.000000,23.200000,0.000000,0.000000,false,false,0.000000,0.000000,0.000000,0.000000,0.000000,0.000000,,0.000000,0.000000
druzhinnik,Sturgian Druzhinnik,0,171.000000,49.250000,610.000000,5.000000,true,true,55.000000,0.000000,57.000000,63.000000,20.000000,20.000000,t2_sturgia_horse,1.000000,1.000000
druzhinnik,Sturgian Druzhinnik,1,171.000000,49.250000,380.000000,1.000000,true,true,55.000000,0.000000,57.000000,63.000000,20.000000,20.000000,t2_sturgia_horse,1.000000,1.000000
druzhinnik,Sturgian Druzhinnik,2,171.000000,49.250000,610.000000,5.000000,true,true,55.000000,0.000000,57.000000,63.000000,20.000000,20.000000,t2_sturgia_horse,1.000000,1.000000
druzhinnik_champion,Sturgian Druzhinnik Champion,0,195.000000,54.450000,430.000000,1.000000,true,true,55.000000,0.000000,57.000000,63.000000,20.000000,20.000000,t2_sturgia_horse,1.000000,1.000000
druzhinnik_champion,Sturgian Druzhinnik Champion,1,205.000000,54.950000,610.000000,5.000000,true,true,55.000000,0.000000,57.000000,63.000000,20.000000,20.000000,t2_sturgia_horse,1.000000,1.000000
druzhinnik_champion,Sturgian Druzhinnik Champion,2,205.000000,54.950000,610.000000,5.000000,true,true,55.000000,40.000000,53.000000,71.000000,27.000000,27.000000,t3_sturgia_horse,1.000000,1.000000
eleftheroi_tier_1,Recruit Eleftheroi,0,15.000000,2.250000,0.000000,0.000000,false,true,8.000000,10.000000,47.000000,55.000000,20.000000,20.000000,empire_horse,0.000000,1.000000
eleftheroi_tier_1,Recruit Eleftheroi,1,18.000000,2.400000,0.000000,0.000000,false,true,8.000000,10.000000,47.000000,55.000000,20.000000,20.000000,empire_horse,0.000000,1.000000
eleftheroi_tier_2,Expert Eleftheroi,0,41.000000,12.650000,0.000000,0.000000,false,true,10.000000,10.000000,47.000000,55.000000,20.000000,20.000000,empire_horse,0.000000,1.000000
eleftheroi_tier_3,Veteran Eleftheroi,0,55.000000,15.350000,0.000000,0.000000,false,true,25.000000,10.000000,47.000000,55.000000,20.000000,20.000000,empire_horse,0.000000,1.000000
embers_of_flame_tier_1,Spark,0,14.000000,4.100000,0.000000,0.000000,false,false,0.000000,0.000000,0.000000,0.000000,0.000000,0.000000,,0.000000,0.000000
embers_of_flame_tier_2,Flame,0,55.000000,17.850000,0.000000,0.000000,false,false,0.000000,0.000000,0.000000,0.000000,0.000000,0.000000,,0.000000,0.000000
embers_of_flame_tier_3,Blaze,0,98.000000,23.100000,0.000000,0.000000,false,false,0.000000,0.000000,0.000000,0.000000,0.000000,0.000000,,0.000000,0.000000
empire_marine_t3,Imperial Shipmate,0,37.000000,10.550000,340.000000,1.000000,true,false,0.000000,0.000000,0.000000,0.000000,0.000000,0.000000,,1.000000,0.000000
empire_marine_t3,Imperial Shipmate,1,39.000000,13.650000,340.000000,1.000000,true,false,0.000000,0.000000,0.000000,0.000000,0.000000,0.000000,,1.000000,0.000000
empire_marine_t3,Imperial Shipmate,2,42.000000,12.300000,340.000000,1.000000,true,false,0.000000,0.000000,0.000000,0.000000,0.000000,0.000000,,1.000000,0.000000
empire_marine_t4,Imperial Coast Guard,0,71.000000,15.250000,500.000000,1.000000,true,false,0.000000,0.000000,0.000000,0.000000,0.000000,0.000000,,1.000000,0.000000
empire_marine_t4,Imperial Coast Guard,1,69.000000,18.650000,500.000000,1.000000,true,false,0.000000,0.000000,0.000000,0.000000,0.000000,0.000000,,1.000000,0.000000
empire_marine_t4,Imperial Coast Guard,2,66.000000,17.000000,500.000000,1.000000,true,false,0.000000,0.000000,0.000000,0.000000,0.000000,0.000000,,1.000000,0.000000
empire_marine_t5,Imperial Naute,0,133.000000,33.050000,400.000000,1.000000,true,false,0.000000,0.000000,0.000000,0.000000,0.000000,0.000000,,1.000000,0.000000
empire_marine_t5,Imperial Naute,1,135.000000,33.750000,400.000000,1.000000,true,false,0.000000,0.000000,0.000000,0.000000,0.000000,0.000000,,1.000000,0.000000
empire_marine_t5,Imperial Naute,2,116.000000,33.100000,400.000000,1.000000,true,false,0.000000,0.000000,0.000000,0.000000,0.000000,0.000000,,1.000000,0.000000
forest_people_tier_1,Recruit Forester,0,42.000000,12.000000,0.000000,0.000000,false,false,0.000000,0.000000,0.000000,0.000000,0.000000,0.000000,,0.000000,0.000000
forest_people_tier_1,Recruit Forester,1,34.000000,9.200000,0.000000,0.000000,false,false,0.000000,0.000000,0.000000,0.000000,0.000000,0.000000,,0.000000,0.000000
forest_people_tier_2,Expert Forester,0,40.000000,11.200000,0.000000,0.000000,false,false,0.000000,0.000000,0.000000,0.000000,0.000000,0.000000,,0.000000,0.000000
forest_people_tier_3,Veteran Forester,0,121.000000,40.750000,0.000000,0.000000,false,false,0.000000,0.000000,0.000000,0.000000,0.000000,0.000000,,0.000000,0.000000
galloglass_tier_1,Skene,0,52.000000,14.700000,215.000000,1.000000,true,false,0.000000,0.000000,0.000000,0.000000,0.000000,0.000000,,1.000000,0.000000
galloglass_tier_2,Kern,0,94.000000,28.700000,215.000000,1.000000,true,false,0.000000,0.000000,0.000000,0.000000,0.000000,0.000000,,1.000000,0.000000
galloglass_tier_2,Kern,1,113.000000,34.950000,480.000000,7.000000,true,false,0.000000,0.000000,0.000000,0.000000,0.000000,0.000000,,1.000000,0.000000
galloglass_tier_2,Kern,2,86.000000,24.300000,215.000000,1.000000,true,false,0.000000,0.000000,0.000000,0.000000,0.000000,0.000000,,1.000000,0.000000
galloglass_tier_3,Redshank,0,153.000000,40.950000,520.000000,1.000000,true,false,0.000000,0.000000,0.000000,0.000000,0.000000,0.000000,,1.000000,0.000000
galloglass_tier_3,Redshank,1,181.000000,53.150000,520.000000,1.000000,true,false,0.000000,0.000000,0.000000,0.000000,0.000000,0.000000,,1.000000,0.000000
galloglass_tier_3,Redshank,2,182.000000,54.200000,520.000000,1.000000,true,false,0.000000,0.000000,0.000000,0.000000,0.000000,0.000000,,1.000000,0.000000
ghilman_tier_1,Koleman,0,22.000000,5.900000,240.000000,1.000000,true,true,12.000000,0.000000,54.000000,59.000000,14.000000,14.000000,aserai_horse,1.000000,1.000000
ghilman_tier_2,Ghilman,0,82.000000,20.400000,240.000000,1.000000,true,true,58.000000,0.000000,54.000000,59.000000,14.000000,14.000000,aserai_horse,1.000000,1.000000
ghilman_tier_3,Ghulam,0,182.000000,50.400000,310.000000,1.000000,true,true,10.000000,30.000000,48.000000,67.000000,24.000000,24.000000,war_camel,1.000000,1.000000
guard_aserai,Guard,0,97.000000,37.150000,0.000000,0.000000,false,false,0.000000,0.000000,0.000000,0.000000,0.000000,0.000000,,0.000000,0.000000
guard_aserai,Guard,1,126.000000,35.600000,0.000000,0.000000,false,false,0.000000,0.000000,0.000000,0.000000,0.000000,0.000000,,0.000000,0.000000
guard_aserai,Guard,2,116.000000,38.100000,0.000000,0.000000,false,false,0.000000,0.000000,0.000000,0.000000,0.000000,0.000000,,0.000000,0.000000
guard_battania,Guard,0,128.000000,40.500000,520.000000,1.000000,true,false,0.000000,0.000000,0.000000,0.000000,0.000000,0.000000,,1.000000,0.000000
guard_battania,Guard,1,70.000000,21.000000,0.000000,0.000000,false,false,0.000000,0.000000,0.000000,0.000000,0.000000,0.000000,,0.000000,0.000000
guard_empire,Guard,0,141.000000,37.950000,0.000000,0.000000,false,false,0.000000,0.000000,0.000000,0.000000,0.000000,0.000000,,0.000000,0.000000
guard_empire,Guard,1,83.000000,24.950000,0.000000,0.000000,false,false,0.000000,0.000000,0.000000,0.000000,0.000000,0.000000,,0.000000,0.000000
guard_empire,Guard,2,89.000000,29.350000,0.000000,0.000000,false,false,0.000000,0.000000,0.000000,0.000000,0.000000,0.000000,,0.000000,0.000000
guard_khuzait,Guard,0,90.000000,29.100000,0.000000,0.000000,false,false,0.000000,0.000000,0.000000,0.000000,0.000000,0.000000,,0.000000,0.000000
guard_khuzait,Guard,1,87.000000,28.450000,0.000000,0.000000,false,false,0.000000,0.000000,0.000000,0.000000,0.000000,0.000000,,0.000000,0.000000
guard_nord,Guard,0,170.000000,42.300000,0.000000,0.000000,false,false,0.000000,0.000000,0.000000,0.000000,0.000000,0.000000,,0.000000,0.000000
guard_nord,Guard,1,153.000000,41.450000,0.000000,0.000000,false,false,0.000000,0.000000,0.000000,0.000000,0.000000,0.000000,,0.000000,0.000000
guard_sturgia,Guard,0,170.000000,42.300000,0.000000,0.000000,false,false,0.000000,0.000000,0.000000,0.000000,0.000000,0.000000,,0.000000,0.000000
guard_sturgia,Guard,1,131.000000,32.850000,0.000000,0.000000,false,false,0.000000,0.000000,0.000000,0.000000,0.000000,0.000000,,0.000000,0.000000
guard_vlandia,Guard,0,91.000000,28.450000,0.000000,0.000000,false,false,0.000000,0.000000,0.000000,0.000000,0.000000,0.000000,,0.000000,0.000000
guard_vlandia,Guard,1,100.000000,33.400000,0.000000,0.000000,false,false,0.000000,0.000000,0.000000,0.000000,0.000000,0.000000,,0.000000,0.000000
guardians_tier_1,Guardian Recruit,0,14.000000,3.200000,0.000000,0.000000,false,false,0.000000,0.000000,0.000000,0.000000,0.000000,0.000000,,0.000000,0.000000
guardians_tier_1,Guardian Recruit,1,12.000000,2.600000,0.000000,0.000000,false,false,0.000000,0.000000,0.000000,0.000000,0.000000,0.000000,,0.000000,0.000000
guardians_tier_2,Expert Guardian,0,47.000000,13.550000,0.000000,0.000000,false,false,0.000000,0.000000,0.000000,0.000000,0.000000,0.000000,,0.000000,0.000000
guardians_tier_2,Expert Guardian,1,41.000000,11.450000,0.000000,0.000000,false,false,0.000000,0.000000,0.000000,0.000000,0.000000,0.000000,,0.000000,0.000000
guardians_tier_3,Veteran Guardian,0,136.000000,42.100000,0.000000,0.000000,false,false,0.000000,0.000000,0.000000,0.000000,0.000000,0.000000,,0.000000,0.000000
guardians_tier_3,Veteran Guardian,1,136.000000,42.100000,0.000000,0.000000,false,false,0.000000,0.000000,0.000000,0.000000,0.000000,0.000000,,0.000000,0.000000
hardy_contender,Hardy Contender,0,93.000000,21.650000,530.000000,1.000000,true,false,0.000000,0.000000,0.000000,0.000000,0.000000,0.000000,,1.000000,0.000000
hardy_contender,Hardy Contender,1,80.000000,18.000000,0.000000,0.000000,false,false,0.000000,0.000000,0.000000,0.000000,0.000000,0.000000,,0.000000,0.000000
hardy_contender_easy,Hardy Contender,0,93.000000,21.650000,530.000000,1.000000,true,false,0.000000,0.000000,0.000000,0.000000,0.000000,0.000000,,1.000000,0.000000
hardy_contender_easy,Hardy Contender,1,80.000000,18.000000,0.000000,0.000000,false,false,0.000000,0.000000,0.000000,0.000000,0.000000,0.000000,,0.000000,0.000000
hardy_contender_hard,Hardy Contender,0,93.000000,21.650000,530.000000,1.000000,true,false,0.000000,0.000000,0.000000,0.000000,0.000000,0.000000,,1.000000,0.000000
hardy_contender_hard,Hardy Contender,1,80.000000,18.000000,0.000000,0.000000,false,false,0.000000,0.000000,0.000000,0.000000,0.000000,0.000000,,0.000000,0.000000
hardy_contender_normal,Hardy Contender,0,93.000000,21.650000,530.000000,1.000000,true,false,0.000000,0.000000,0.000000,0.000000,0.000000,0.000000,,1.000000,0.000000
hardy_contender_normal,Hardy Contender,1,80.000000,18.000000,0.000000,0.000000,false,false,0.000000,0.000000,0.000000,0.000000,0.000000,0.000000,,0.000000,0.000000
hardy_contender_very_hard,Hardy Contender,0,93.000000,21.650000,530.000000,1.000000,true,false,0.000000,0.000000,0.000000,0.000000,0.000000,0.000000,,1.000000,0.000000
hardy_contender_very_hard,Hardy Contender,1,80.000000,18.000000,0.000000,0.000000,false,false,0.000000,0.000000,0.000000,0.000000,0.000000,0.000000,,0.000000,0.000000
hidden_hand_tier_1,Hidden Pawn,0,16.000000,3.700000,0.000000,0.000000,false,false,0.000000,0.000000,0.000000,0.000000,0.000000,0.000000,,0.000000,0.000000
hidden_hand_tier_1,Hidden Pawn,1,28.000000,8.700000,0.000000,0.000000,false,false,0.000000,0.000000,0.000000,0.000000,0.000000,0.000000,,0.000000,0.000000
hidden_hand_tier_1,Hidden Pawn,2,28.000000,8.700000,0.000000,0.000000,false,false,0.000000,0.000000,0.000000,0.000000,0.000000,0.000000,,0.000000,0.000000
hidden_hand_tier_2,Hidden Soldati,0,64.000000,19.200000,0.000000,0.000000,false,false,0.000000,0.000000,0.000000,0.000000,0.000000,0.000000,,0.000000,0.000000
hidden_hand_tier_2,Hidden Soldati,1,69.000000,19.450000,0.000000,0.000000,false,false,0.000000,0.000000,0.000000,0.000000,0.000000,0.000000,,0.000000,0.000000
hidden_hand_tier_2,Hidden Soldati,2,69.000000,19.450000,0.000000,0.000000,false,false,0.000000,0.000000,0.000000,0.000000,0.000000,0.000000,,0.000000,0.000000
hidden_hand_tier_3,Puppeteer,0,138.000000,36.700000,0.000000,0.000000,false,false,0.000000,0.000000,0.000000,0.000000,0.000000,0.000000,,0.000000,0.000000
hidden_hand_tier_3,Puppeteer,1,138.000000,36.700000,0.000000,0.000000,false,false,0.000000,0.000000,0.000000,0.000000,0.000000,0.000000,,0.000000,0.000000
hidden_hand_tier_3,Puppeteer,2,138.000000,36.700000,530.000000,1.000000,true,false,0.000000,0.000000,0.000000,0.000000,0.000000,0.000000,,1.000000,0.000000
huskarl_swordsman,Huscarl Swordsman,0,127.000000,33.350000,360.000000,6.000000,true,false,0.000000,0.000000,0.000000,0.000000,0.000000,0.000000,,1.000000,0.000000
huskarl_swordsman,Huscarl Swordsman,1,70.000000,17.500000,280.000000,8.000000,true,false,0.000000,0.000000,0.000000,0.000000,0.000000,0.000000,,1.000000,0.000000
imperial_archer,Imperial Archer,0,32.000000,9.400000,0.000000,0.000000,false,false,0.000000,0.000000,0.000000,0.000000,0.000000,0.000000,,0.000000,0.000000
imperial_cataphract,Imperial Cataphract,0,175.000000,48.350000,350.000000,1.000000,true,true,75.000000,20.000000,59.000000,66.000000,28.000000,28.000000,t3_empire_horse,1.000000,1.000000
imperial_conspiracy_boss,Conspiracy Commander,0,19.000000,4.950000,0.000000,0.000000,false,false,0.000000,0.000000,0.000000,0.000000,0.000000,0.000000,,0.000000,0.000000
imperial_conspiracy_boss,Conspiracy Commander,1,201.000000,53.650000,400.000000,1.000000,true,false,0.000000,0.000000,0.000000,0.000000,0.000000,0.000000,,1.000000,0.000000
imperial_crossbowman,Imperial Crossbowman,0,93.000000,28.150000,0.000000,0.000000,false,false,0.000000,0.000000,0.000000,0.000000,0.000000,0.000000,,0.000000,0.000000
imperial_crossbowman,Imperial Crossbowman,1,82.000000,23.700000,0.000000,0.000000,false,false,0.000000,0.000000,0.000000,0.000000,0.000000,0.000000,,0.000000,0.000000
imperial_crossbowman,Imperial Crossbowman,2,113.000000,30.950000,0.000000,0.000000,false,false,0.000000,0.000000,0.000000,0.000000,0.000000,0.000000,,0.000000,0.000000
imperial_elite_cataphract,Imperial Elite Cataphract,0,204.000000,57.800000,400.000000,1.000000,true,true,75.000000,20.000000,59.000000,66.000000,28.000000,28.000000,t3_empire_horse,1.000000,1.000000
imperial_elite_cataphract,Imperial Elite Cataphract,1,204.000000,57.800000,400.000000,1.000000,true,true,75.000000,20.000000,59.000000,66.000000,28.000000,28.000000,t3_empire_horse,1.000000,1.000000
imperial_elite_cataphract,Imperial Elite Cataphract,2,204.000000,57.800000,400.000000,1.000000,true,true,75.000000,20.000000,59.000000,66.000000,28.000000,28.000000,t3_empire_horse,1.000000,1.000000
imperial_elite_menavliaton,Imperial Elite Menavliaton,0,163.000000,46.050000,0.000000,0.000000,false,false,0.000000,0.000000,0.000000,0.000000,0.000000,0.000000,,0.000000,0.000000
imperial_elite_menavliaton,Imperial Elite Menavliaton,1,163.000000,46.050000,0.000000,0.000000,false,false,0.000000,0.000000,0.000000,0.000000,0.000000,0.000000,,0.000000,0.000000
imperial_elite_menavliaton,Imperial Elite Menavliaton,2,163.000000,46.050000,0.000000,0.000000,false,false,0.000000,0.000000,0.000000,0.000000,0.000000,0.000000,,0.000000,0.000000
imperial_equite,Imperial Equite,0,94.000000,26.100000,225.000000,2.000000,true,true,15.000000,10.000000,47.000000,55.000000,20.000000,20.000000,empire_horse,1.000000,1.000000
imperial_equite,Imperial Equite,1,94.000000,26.100000,225.000000,2.000000,true,true,15.000000,10.000000,47.000000,55.000000,20.000000,20.000000,empire_horse,1.000000,1.000000
imperial_equite,Imperial Equite,2,75.000000,21.150000,170.000000,1.000000,true,true,15.000000,10.000000,47.000000,55.000000,20.000000,20.000000,empire_horse,1.000000,1.000000
imperial_heavy_horseman,Imperial Heavy Horseman,0,130.000000,33.600000,350.000000,1.000000,true,true,60.000000,10.000000,50.000000,60.000000,26.000000,26.000000,t2_empire_horse,1.000000,1.000000
imperial_heavy_horseman,Imperial Heavy Horseman,1,130.000000,33.600000,350.000000,1.000000,true,true,60.000000,10.000000,50.000000,60.000000,26.000000,26.000000,t2_empire_horse,1.000000,1.000000
imperial_heavy_horseman,Imperial Heavy Horseman,2,128.000000,32.900000,225.000000,2.000000,true,true,60.000000,10.000000,50.000000,60.000000,26.000000,26.000000,t2_empire_horse,1.000000,1.000000
imperial_legionary,Imperial Legionary,0,194.000000,50.800000,530.000000,1.000000,true,false,0.000000,0.000000,0.000000,0.000000,0.000000,0.000000,,1.000000,0.000000
imperial_legionary,Imperial Legionary,1,194.000000,50.800000,530.000000,1.000000,true,false,0.000000,0.000000,0.000000,0.000000,0.000000,0.000000,,1.000000,0.000000
imperial_legionary,Imperial Legionary,2,194.000000,50.800000,530.000000,1.000000,true,false,0.000000,0.000000,0.000000,0.000000,0.000000,0.000000,,1.000000,0.000000
imperial_menavliaton,Imperial Menavliaton,0,126.000000,38.600000,0.000000,0.000000,false,false,0.000000,0.000000,0.000000,0.000000,0.000000,0.000000,,0.000000,0.000000
imperial_menavliaton,Imperial Menavliaton,1,133.000000,41.050000,0.000000,0.000000,false,false,0.000000,0.000000,0.000000,0.000000,0.000000,0.000000,,0.000000,0.000000
imperial_menavliaton,Imperial Menavliaton,2,130.500000,40.325000,0.000000,0.000000,false,false,0.000000,0.000000,0.000000,0.000000,0.000000,0.000000,,0.000000,0.000000
imperial_militia_archer,Imperial Militia Archer,0,12.000000,2.600000,0.000000,0.000000,false,false,0.000000,0.000000,0.000000,0.000000,0.000000,0.000000,,0.000000,0.000000
imperial_militia_archer,Imperial Militia Archer,1,12.000000,2.600000,0.000000,0.000000,false,false,0.000000,0.000000,0.000000,0.000000,0.000000,0.000000,,0.000000,0.000000
imperial_militia_archer,Imperial Militia Archer,2,12.000000,2.900000,0.000000,0.000000,false,false,0.000000,0.000000,0.000000,0.000000,0.000000,0.000000,,0.000000,0.000000
imperial_militia_archer,Imperial Militia Archer,3,12.000000,2.900000,0.000000,0.000000,false,false,0.000000,0.000000,0.000000,0.000000,0.000000,0.000000,,0.000000,0.000000
imperial_militia_spearman,Imperial Militia Spearman,0,14.000000,3.200000,305.000000,1.000000,true,false,0.000000,0.000000,0.000000,0.000000,0.000000,0.000000,,1.000000,0.000000
imperial_militia_spearman,Imperial Militia Spearman,1,18.000000,4.200000,305.000000,1.000000,true,false,0.000000,0.000000,0.000000,0.000000,0.000000,0.000000,,1.000000,0.000000
imperial_militia_spearman,Imperial Militia Spearman,2,20.000000,4.900000,305.000000,1.000000,true,false,0.000000,0.000000,0.000000,0.000000,0.000000,0.000000,,1.000000,0.000000
imperial_militia_spearman,Imperial Militia Spearman,3,18.000000,4.700000,305.000000,1.000000,true,false,0.000000,0.000000,0.000000,0.000000,0.000000,0.000000,,1.000000,0.000000
imperial_militia_veteran_archer,Imperial Militia Veteran Archer,0,51.000000,16.250000,0.000000,0.000000,false,false,0.000000,0.000000,0.000000,0.000000,0.000000,0.000000,,0.000000,0.000000
imperial_militia_veteran_archer,Imperial Militia Veteran Archer,1,51.000000,16.050000,0.000000,0.000000,false,false,0.000000,0.000000,0.000000,0.000000,0.000000,0.000000,,0.000000,0.000000
imperial_militia_veteran_archer,Imperial Militia Veteran Archer,2,32.000000,9.400000,0.000000,0.000000,false,false,0.000000,0.000000,0.000000,0.000000,0.000000,0.000000,,0.000000,0.000000
imperial_militia_veteran_archer,Imperial Militia Veteran Archer,3,40.000000,12.300000,0.000000,0.000000,false,false,0.000000,0.000000,0.000000,0.000000,0.000000,0.000000,,0.000000,0.000000
imperial_militia_veteran_spearman,Imperial Militia Veteran Spearman,0,57.000000,16.850000,500.000000,1.000000,true,false,0.000000,0.000000,0.000000,0.000000,0.000000,0.000000,,1.000000,0.000000
imperial_militia_veteran_spearman,Imperial Militia Veteran Spearman,1,51.000000,14.750000,500.000000,1.000000,true,false,0.000000,0.000000,0.000000,0.000000,0.000000,0.000000,,1.000000,0.000000
imperial_militia_veteran_spearman,Imperial Militia Veteran Spearman,2,45.000000,12.650000,500.000000,1.000000,true,false,0.000000,0.000000,0.000000,0.000000,0.000000,0.000000,,1.000000,0.000000
imperial_militia_veteran_spearman,Imperial Militia Veteran Spearman,3,51.000000,14.750000,500.000000,1.000000,true,false,0.000000,0.000000,0.000000,0.000000,0.000000,0.000000,,1.000000,0.000000
imperial_palatine_guard,Imperial Palatine Guard,0,125.000000,33.450000,0.000000,0.000000,false,false,0.000000,0.000000,0.000000,0.000000,0.000000,0.000000,,0.000000,0.000000
imperial_palatine_guard,Imperial Palatine Guard,1,125.000000,33.450000,0.000000,0.000000,false,false,0.000000,0.000000,0.000000,0.000000,0.000000,0.000000,,0.000000,0.000000
imperial_palatine_guard,Imperial Palatine Guard,2,125.000000,33.450000,0.000000,0.000000,false,false,0.000000,0.000000,0.000000,0.000000,0.000000,0.000000,,0.000000,0.000000
imperial_recruit,Imperial Recruit,0,22.000000,6.000000,0.000000,0.000000,false,false,0.000000,0.000000,0.000000,0.000000,0.000000,0.000000,,0.000000,0.000000
imperial_recruit,Imperial Recruit,1,13.000000,2.950000,0.000000,0.000000,false,false,0.000000,0.000000,0.000000,0.000000,0.000000,0.000000,,0.000000,0.000000
imperial_recruit,Imperial Recruit,2,11.000000,2.550000,0.000000,0.000000,false,false,0.000000,0.000000,0.000000,0.000000,0.000000,0.000000,,0.000000,0.000000
imperial_recruit,Imperial Recruit,3,11.000000,2.550000,0.000000,0.000000,false,false,0.000000,0.000000,0.000000,0.000000,0.000000,0.000000,,0.000000,0.000000
imperial_sergeant_crossbowman,Imperial Sergeant Crossbowman,0,144.000000,34.000000,500.000000,1.000000,true,false,0.000000,0.000000,0.000000,0.000000,0.000000,0.000000,,1.000000,0.000000
imperial_sergeant_crossbowman,Imperial Sergeant Crossbowman,1,150.000000,36.100000,500.000000,1.000000,true,false,0.000000,0.000000,0.000000,0.000000,0.000000,0.000000,,1.000000,0.000000
imperial_sergeant_crossbowman,Imperial Sergeant Crossbowman,2,142.000000,33.300000,340.000000,1.000000,true,false,0.000000,0.000000,0.000000,0.000000,0.000000,0.000000,,1.000000,0.000000
imperial_trained_archer,Imperial Trained Archer,0,56.000000,15.000000,0.000000,0.000000,false,false,0.000000,0.000000,0.000000,0.000000,0.000000,0.000000,,0.000000,0.000000
imperial_trained_archer,Imperial Trained Archer,1,36.000000,9.000000,0.000000,0.000000,false,false,0.000000,0.000000,0.000000,0.000000,0.000000,0.000000,,0.000000,0.000000
imperial_veteran_archer,Imperial Veteran Archer,0,86.000000,22.300000,0.000000,0.000000,false,false,0.000000,0.000000,0.000000,0.000000,0.000000,0.000000,,0.000000,0.000000
imperial_veteran_archer,Imperial Veteran Archer,1,78.000000,19.500000,0.000000,0.000000,false,false,0.000000,0.000000,0.000000,0.000000,0.000000,0.000000,,0.000000,0.000000
imperial_veteran_archer,Imperial Veteran Archer,2,86.000000,22.300000,0.000000,0.000000,false,false,0.000000,0.000000,0.000000,0.000000,0.000000,0.000000,,0.000000,0.000000
imperial_vigla_recruit,Imperial Vigla Recruit,0,45.000000,10.850000,400.000000,1.000000,true,false,0.000000,0.000000,0.000000,0.000000,0.000000,0.000000,,1.000000,0.000000
imperial_vigla_recruit,Imperial Vigla Recruit,1,48.000000,12.500000,400.000000,1.000000,true,false,0.000000,0.000000,0.000000,0.000000,0.000000,0.000000,,1.000000,0.000000
imperial_vigla_recruit,Imperial Vigla Recruit,2,38.000000,8.500000,400.000000,1.000000,true,false,0.000000,0.000000,0.000000,0.000000,0.000000,0.000000,,1.000000,0.000000
jawwal_tier_1,Jawwal Recruit,0,7.000000,2.850000,260.000000,1.000000,true,false,0.000000,0.000000,0.000000,0.000000,0.000000,0.000000,,1.000000,0.000000
jawwal_tier_1,Jawwal Recruit,1,13.000000,4.950000,260.000000,1.000000,true,false,0.000000,0.000000,0.000000,0.000000,0.000000,0.000000,,1.000000,0.000000
jawwal_tier_1,Jawwal Recruit,2,7.000000,2.850000,260.000000,1.000000,true,false,0.000000,0.000000,0.000000,0.000000,0.000000,0.000000,,1.000000,0.000000
jawwal_tier_1,Jawwal Recruit,3,7.000000,2.850000,260.000000,1.000000,true,false,0.000000,0.000000,0.000000,0.000000,0.000000,0.000000,,1.000000,0.000000
jawwal_tier_1,Jawwal Recruit,4,7.000000,2.850000,260.000000,1.000000,true,false,0.000000,0.000000,0.000000,0.000000,0.000000,0.000000,,1.000000,0.000000
jawwal_tier_2,Jawwal Camel Rider,0,21.000000,5.550000,510.000000,1.000000,true,true,10.000000,25.000000,44.000000,60.000000,20.000000,20.000000,camel,1.000000,1.000000
jawwal_tier_2,Jawwal Camel Rider,1,21.000000,5.550000,510.000000,1.000000,true,true,10.000000,25.000000,44.000000,60.000000,20.000000,20.000000,camel,1.000000,1.000000
jawwal_tier_2,Jawwal Camel Rider,2,21.000000,5.550000,510.000000,1.000000,true,true,10.000000,25.000000,44.000000,60.000000,20.000000,20.000000,camel,1.000000,1.000000
jawwal_tier_2,Jawwal Camel Rider,3,28.000000,8.000000,510.000000,1.000000,true,true,10.000000,25.000000,44.000000,60.000000,20.000000,20.000000,camel,1.000000,1.000000
jawwal_tier_3,Jawwal Bedouin,0,14.000000,3.200000,510.000000,1.000000,true,true,10.000000,30.000000,48.000000,67.000000,24.000000,24.000000,war_camel,1.000000,1.000000
jawwal_tier_3,Jawwal Bedouin,1,39.000000,11.850000,510.000000,1.000000,true,true,10.000000,30.000000,48.000000,67.000000,24.000000,24.000000,war_camel,1.000000,1.000000
jawwal_tier_3,Jawwal Bedouin,2,14.000000,3.200000,510.000000,1.000000,true,true,10.000000,30.000000,48.000000,67.000000,24.000000,24.000000,war_camel,1.000000,1.000000
karakhuzaits_tier_1,Karakhergit Nomad,0,41.000000,12.050000,0.000000,0.000000,false,true,12.000000,0.000000,45.000000,67.000000,16.000000,16.000000,khuzait_horse,0.000000,1.000000
karakhuzaits_tier_1,Karakhergit Nomad,1,31.000000,8.550000,0.000000,0.000000,false,true,12.000000,0.000000,45.000000,67.000000,16.000000,16.000000,khuzait_horse,0.000000,1.000000
karakhuzaits_tier_1,Karakhergit Nomad,2,41.000000,12.050000,0.000000,0.000000,false,true,9.000000,0.000000,45.000000,67.000000,16.000000,16.000000,khuzait_horse,0.000000,1.000000
karakhuzaits_tier_1,Karakhergit Nomad,3,41.000000,12.050000,0.000000,0.000000,false,true,9.000000,0.000000,45.000000,67.000000,16.000000,16.000000,khuzait_horse,0.000000,1.000000
karakhuzaits_tier_2,Karakhergit Rider,0,82.000000,25.300000,0.000000,0.000000,false,true,12.000000,60.000000,47.000000,69.000000,19.000000,19.000000,t2_khuzait_horse,0.000000,1.000000
karakhuzaits_tier_2,Karakhergit Rider,1,82.000000,25.300000,0.000000,0.000000,false,true,12.000000,60.000000,47.000000,69.000000,19.000000,19.000000,t2_khuzait_horse,0.000000,1.000000
karakhuzaits_tier_3,Karakhergit Elder,0,121.000000,38.150000,0.000000,0.000000,false,true,12.000000,30.000000,60.000000,55.000000,20.000000,20.000000,storm_charger,0.000000,1.000000
karakhuzaits_tier_3,Karakhergit Elder,1,121.000000,38.150000,0.000000,0.000000,false,true,12.000000,30.000000,60.000000,55.000000,20.000000,20.000000,storm_charger,0.000000,1.000000
khuzait_archer,Khuzait Archer,0,89.000000,35.350000,0.000000,0.000000,false,false,0.000000,0.000000,0.000000,0.000000,0.000000,0.000000,,0.000000,0.000000
khuzait_archer,Khuzait Archer,1,87.000000,34.650000,0.000000,0.000000,false,false,0.000000,0.000000,0.000000,0.000000,0.000000,0.000000,,0.000000,0.000000
khuzait_archer,Khuzait Archer,2,88.000000,35.000000,0.000000,0.000000,false,false,0.000000,0.000000,0.000000,0.000000,0.000000,0.000000,,0.000000,0.000000
khuzait_darkhan,Khuzait Darkhan,0,181.000000,53.350000,340.000000,1.000000,true,false,0.000000,0.000000,0.000000,0.000000,0.000000,0.000000,,1.000000,0.000000
khuzait_darkhan,Khuzait Darkhan,1,181.000000,53.350000,340.000000,1.000000,true,false,0.000000,0.000000,0.000000,0.000000,0.000000,0.000000,,1.000000,0.000000
khuzait_darkhan,Khuzait Darkhan,2,180.000000,53.300000,340.000000,1.000000,true,false,0.000000,0.000000,0.000000,0.000000,0.000000,0.000000,,1.000000,0.000000
khuzait_footman,Khuzait Footman,0,31.000000,7.650000,365.000000,1.000000,true,false,0.000000,0.000000,0.000000,0.000000,0.000000,0.000000,,1.000000,0.000000
khuzait_footman,Khuzait Footman,1,34.000000,9.300000,365.000000,1.000000,true,false,0.000000,0.000000,0.000000,0.000000,0.000000,0.000000,,1.000000,0.000000
khuzait_footman,Khuzait Footman,2,39.000000,8.050000,365.000000,1.000000,true,false,0.000000,0.000000,0.000000,0.000000,0.000000,0.000000,,1.000000,0.000000
khuzait_heavy_horse_archer,Khuzait Heavy Horse Archer,0,168.000000,43.200000,0.000000,0.000000,false,true,38.000000,60.000000,47.000000,69.000000,19.000000,19.000000,t2_khuzait_horse,0.000000,1.000000
khuzait_heavy_horse_archer,Khuzait Heavy Horse Archer,1,168.000000,43.200000,0.000000,0.000000,false,true,38.000000,60.000000,47.000000,69.000000,19.000000,19.000000,t2_khuzait_horse,0.000000,1.000000
khuzait_heavy_horse_archer,Khuzait Heavy Horse Archer,2,168.000000,43.200000,0.000000,0.000000,false,true,38.000000,60.000000,47.000000,69.000000,19.000000,19.000000,t2_khuzait_horse,0.000000,1.000000
khuzait_heavy_lancer,Khuzait Heavy Lancer,0,172.000000,49.400000,340.000000,1.000000,true,true,38.000000,35.000000,60.000000,77.000000,20.000000,20.000000,t3_khuzait_horse,1.000000,1.000000
khuzait_heavy_lancer,Khuzait Heavy Lancer,1,172.000000,49.400000,340.000000,1.000000,true,true,38.000000,35.000000,60.000000,77.000000,20.000000,20.000000,t3_khuzait_horse,1.000000,1.000000
khuzait_heavy_lancer,Khuzait Heavy Lancer,2,167.000000,49.150000,340.000000,1.000000,true,true,38.000000,35.000000,60.000000,77.000000,20.000000,20.000000,t3_khuzait_horse,1.000000,1.000000
khuzait_horse_archer,Khuzait Horse Archer,0,99.000000,34.550000,0.000000,0.000000,false,true,38.000000,60.000000,47.000000,69.000000,19.000000,19.000000,t2_khuzait_horse,0.000000,1.000000
khuzait_horse_archer,Khuzait Horse Archer,1,100.000000,34.900000,0.000000,0.000000,false,true,38.000000,60.000000,47.000000,69.000000,19.000000,19.000000,t2_khuzait_horse,0.000000,1.000000
khuzait_horse_archer,Khuzait Horse Archer,2,98.000000,34.200000,0.000000,0.000000,false,true,38.000000,60.000000,47.000000,69.000000,19.000000,19.000000,t2_khuzait_horse,0.000000,1.000000
khuzait_horseman,Khuzait Horseman,0,77.000000,21.550000,340.000000,1.000000,true,true,16.000000,0.000000,45.000000,67.000000,16.000000,16.000000,khuzait_horse,1.000000,1.000000
khuzait_horseman,Khuzait Horseman,1,84.000000,24.000000,340.000000,1.000000,true,true,16.000000,0.000000,45.000000,67.000000,16.000000,16.000000,khuzait_horse,1.000000,1.000000
khuzait_horseman,Khuzait Horseman,2,77.000000,21.550000,340.000000,1.000000,true,true,16.000000,0.000000,45.000000,67.000000,16.000000,16.000000,khuzait_horse,1.000000,1.000000
khuzait_hunter,Khuzait Hunter,0,47.000000,11.650000,0.000000,0.000000,false,false,0.000000,0.000000,0.000000,0.000000,0.000000,0.000000,,0.000000,0.000000
khuzait_hunter,Khuzait Hunter,1,49.000000,12.750000,0.000000,0.000000,false,false,0.000000,0.000000,0.000000,0.000000,0.000000,0.000000,,0.000000,0.000000
khuzait_hunter,Khuzait Hunter,2,54.000000,14.100000,0.000000,0.000000,false,false,0.000000,0.000000,0.000000,0.000000,0.000000,0.000000,,0.000000,0.000000
khuzait_khans_guard,Khuzait Khan's Guard,0,172.000000,49.900000,0.000000,0.000000,false,true,38.000000,35.000000,60.000000,77.000000,20.000000,20.000000,t3_khuzait_horse,0.000000,1.000000
khuzait_khans_guard,Khuzait Khan's Guard,1,172.000000,49.900000,0.000000,0.000000,false,true,38.000000,35.000000,60.000000,77.000000,20.000000,20.000000,t3_khuzait_horse,0.000000,1.000000
khuzait_khans_guard,Khuzait Khan's Guard,2,172.000000,49.900000,0.000000,0.000000,false,true,38.000000,35.000000,60.000000,77.000000,20.000000,20.000000,t3_khuzait_horse,0.000000,1.000000
khuzait_kheshig,Khuzait Kheshig,0,126.000000,37.200000,0.000000,0.000000,false,true,38.000000,35.000000,60.000000,77.000000,20.000000,20.000000,t3_khuzait_horse,0.000000,1.000000
khuzait_kheshig,Khuzait Kheshig,1,126.000000,37.200000,0.000000,0.000000,false,true,38.000000,35.000000,60.000000,77.000000,20.000000,20.000000,t3_khuzait_horse,0.000000,1.000000
khuzait_kheshig,Khuzait Kheshig,2,126.000000,37.200000,0.000000,0.000000,false,true,38.000000,35.000000,60.000000,77.000000,20.000000,20.000000,t3_khuzait_horse,0.000000,1.000000
khuzait_lancer,Khuzait Lancer,0,132.000000,45.000000,340.000000,1.000000,true,true,38.000000,35.000000,60.000000,77.000000,20.000000,20.000000,t3_khuzait_horse,1.000000,1.000000
khuzait_lancer,Khuzait Lancer,1,132.000000,45.000000,340.000000,1.000000,true,true,38.000000,35.000000,60.000000,77.000000,20.000000,20.000000,t3_khuzait_horse,1.000000,1.000000
khuzait_lancer,Khuzait Lancer,2,132.000000,45.000000,340.000000,1.000000,true,true,38.000000,35.000000,60.000000,77.000000,20.000000,20.000000,t3_khuzait_horse,1.000000,1.000000
khuzait_marksman,Khuzait Marksman,0,124.000000,33.500000,0.000000,0.000000,false,false,0.000000,0.000000,0.000000,0.000000,0.000000,0.000000,,0.000000,0.000000
khuzait_marksman,Khuzait Marksman,1,124.000000,33.500000,0.000000,0.000000,false,false,0.000000,0.000000,0.000000,0.000000,0.000000,0.000000,,0.000000,0.000000
khuzait_marksman,Khuzait Marksman,2,124.000000,33.500000,0.000000,0.000000,false,false,0.000000,0.000000,0.000000,0.000000,0.000000,0.000000,,0.000000,0.000000
khuzait_militia_archer,Khuzait Militia Archer,0,21.000000,5.250000,0.000000,0.000000,false,false,0.000000,0.000000,0.000000,0.000000,0.000000,0.000000,,0.000000,0.000000
khuzait_militia_archer,Khuzait Militia Archer,1,29.000000,8.050000,0.000000,0.000000,false,false,0.000000,0.000000,0.000000,0.000000,0.000000,0.000000,,0.000000,0.000000
khuzait_militia_archer,Khuzait Militia Archer,2,20.000000,5.100000,0.000000,0.000000,false,false,0.000000,0.000000,0.000000,0.000000,0.000000,0.000000,,0.000000,0.000000
khuzait_militia_archer,Khuzait Militia Archer,3,20.000000,5.100000,0.000000,0.000000,false,false,0.000000,0.000000,0.000000,0.000000,0.000000,0.000000,,0.000000,0.000000
khuzait_militia_spearman,Khuzait Militia Spearman,0,24.000000,6.300000,220.000000,1.000000,true,false,0.000000,0.000000,0.000000,0.000000,0.000000,0.000000,,1.000000,0.000000
khuzait_militia_spearman,Khuzait Militia Spearman,1,24.000000,6.300000,220.000000,1.000000,true,false,0.000000,0.000000,0.000000,0.000000,0.000000,0.000000,,1.000000,0.000000
khuzait_militia_spearman,Khuzait Militia Spearman,2,27.000000,8.250000,220.000000,1.000000,true,false,0.000000,0.000000,0.000000,0.000000,0.000000,0.000000,,1.000000,0.000000
khuzait_militia_spearman,Khuzait Militia Spearman,3,26.000000,7.200000,220.000000,1.000000,true,false,0.000000,0.000000,0.000000,0.000000,0.000000,0.000000,,1.000000,0.000000
khuzait_militia_veteran_archer,Khuzait Militia Veteran Archer,0,42.000000,12.600000,0.000000,0.000000,false,false,0.000000,0.000000,0.000000,0.000000,0.000000,0.000000,,0.000000,0.000000
khuzait_militia_veteran_archer,Khuzait Militia Veteran Archer,1,27.000000,7.350000,0.000000,0.000000,false,false,0.000000,0.000000,0.000000,0.000000,0.000000,0.000000,,0.000000,0.000000
khuzait_militia_veteran_archer,Khuzait Militia Veteran Archer,2,24.000000,6.300000,0.000000,0.000000,false,false,0.000000,0.000000,0.000000,0.000000,0.000000,0.000000,,0.000000,0.000000
khuzait_militia_veteran_archer,Khuzait Militia Veteran Archer,3,29.000000,7.550000,0.000000,0.000000,false,false,0.000000,0.000000,0.000000,0.000000,0.000000,0.000000,,0.000000,0.000000
khuzait_militia_veteran_spearman,Khuzait Militia Veteran Spearman,0,81.000000,18.550000,510.000000,1.000000,true,false,0.000000,0.000000,0.000000,0.000000,0.000000,0.000000,,1.000000,0.000000
khuzait_militia_veteran_spearman,Khuzait Militia Veteran Spearman,1,64.000000,12.700000,510.000000,1.000000,true,false,0.000000,0.000000,0.000000,0.000000,0.000000,0.000000,,1.000000,0.000000
khuzait_militia_veteran_spearman,Khuzait Militia Veteran Spearman,2,68.000000,14.000000,510.000000,1.000000,true,false,0.000000,0.000000,0.000000,0.000000,0.000000,0.000000,,1.000000,0.000000
khuzait_militia_veteran_spearman,Khuzait Militia Veteran Spearman,3,65.000000,14.350000,510.000000,1.000000,true,false,0.000000,0.000000,0.000000,0.000000,0.000000,0.000000,,1.000000,0.000000
khuzait_noble_son,Khuzait Noble's Son,0,31.000000,7.350000,0.000000,0.000000,false,true,16.000000,0.000000,45.000000,67.000000,16.000000,16.000000,khuzait_horse,0.000000,1.000000
khuzait_noble_son,Khuzait Noble's Son,1,29.000000,6.250000,0.000000,0.000000,false,true,16.000000,0.000000,45.000000,67.000000,16.000000,16.000000,khuzait_horse,0.000000,1.000000
khuzait_noble_son,Khuzait Noble's Son,2,29.000000,6.250000,0.000000,0.000000,false,true,16.000000,0.000000,45.000000,67.000000,16.000000,16.000000,khuzait_horse,0.000000,1.000000
khuzait_nomad,Khuzait Nomad,0,30.000000,8.100000,0.000000,0.000000,false,false,0.000000,0.000000,0.000000,0.000000,0.000000,0.000000,,0.000000,0.000000
khuzait_nomad,Khuzait Nomad,1,18.000000,3.900000,0.000000,0.000000,false,false,0.000000,0.000000,0.000000,0.000000,0.000000,0.000000,,0.000000,0.000000
khuzait_nomad,Khuzait Nomad,2,22.000000,6.200000,0.000000,0.000000,false,false,0.000000,0.000000,0.000000,0.000000,0.000000,0.000000,,0.000000,0.000000
khuzait_nomad,Khuzait Nomad,3,22.000000,6.200000,0.000000,0.000000,false,false,0.000000,0.000000,0.000000,0.000000,0.000000,0.000000,,0.000000,0.000000
khuzait_qanqli,Khuzait Qanqli,0,47.000000,13.750000,0.000000,0.000000,false,true,12.000000,0.000000,45.000000,67.000000,16.000000,16.000000,khuzait_horse,0.000000,1.000000
khuzait_qanqli,Khuzait Qanqli,1,61.000000,18.650000,0.000000,0.000000,false,true,12.000000,0.000000,45.000000,67.000000,16.000000,16.000000,khuzait_horse,0.000000,1.000000
khuzait_qanqli,Khuzait Qanqli,2,55.000000,14.350000,0.000000,0.000000,false,true,12.000000,0.000000,45.000000,67.000000,16.000000,16.000000,khuzait_horse,0.000000,1.000000
khuzait_raider,Khuzait Raider,0,47.000000,11.650000,0.000000,0.000000,false,true,12.000000,0.000000,45.000000,67.000000,16.000000,16.000000,khuzait_horse,0.000000,1.000000
khuzait_raider,Khuzait Raider,1,49.000000,12.750000,0.000000,0.000000,false,true,12.000000,0.000000,45.000000,67.000000,16.000000,16.000000,khuzait_horse,0.000000,1.000000
khuzait_raider,Khuzait Raider,2,54.000000,14.100000,0.000000,0.000000,false,true,12.000000,0.000000,45.000000,67.000000,16.000000,16.000000,khuzait_horse,0.000000,1.000000
khuzait_spear_infantry,Khuzait Spear Infantry,0,101.000000,29.350000,510.000000,1.000000,true,false,0.000000,0.000000,0.000000,0.000000,0.000000,0.000000,,1.000000,0.000000
khuzait_spear_infantry,Khuzait Spear Infantry,1,104.500000,30.875000,510.000000,1.000000,true,false,0.000000,0.000000,0.000000,0.000000,0.000000,0.000000,,1.000000,0.000000
khuzait_spear_infantry,Khuzait Spear Infantry,2,102.000000,29.700000,510.000000,1.000000,true,false,0.000000,0.000000,0.000000,0.000000,0.000000,0.000000,,1.000000,0.000000
khuzait_spearman,Khuzait Spearman,0,72.000000,20.600000,365.000000,1.000000,true,false,0.000000,0.000000,0.000000,0.000000,0.000000,0.000000,,1.000000,0.000000
khuzait_spearman,Khuzait Spearman,1,72.000000,20.600000,365.000000,1.000000,true,false,0.000000,0.000000,0.000000,0.000000,0.000000,0.000000,,1.000000,0.000000
khuzait_spearman,Khuzait Spearman,2,72.000000,20.600000,365.000000,1.000000,true,false,0.000000,0.000000,0.000000,0.000000,0.000000,0.000000,,1.000000,0.000000
khuzait_torguud,Khuzait Torguud,0,102.000000,29.700000,0.000000,0.000000,false,true,38.000000,60.000000,47.000000,69.000000,19.000000,19.000000,t2_khuzait_horse,0.000000,1.000000
khuzait_torguud,Khuzait Torguud,1,102.000000,29.700000,0.000000,0.000000,false,true,38.000000,60.000000,47.000000,69.000000,19.000000,19.000000,t2_khuzait_horse,0.000000,1.000000
khuzait_torguud,Khuzait Torguud,2,101.000000,29.350000,0.000000,0.000000,false,true,38.000000,60.000000,47.000000,69.000000,19.000000,19.000000,t2_khuzait_horse,0.000000,1.000000
khuzait_tribal_warrior,Khuzait Tribal Warrior,0,27.000000,7.450000,0.000000,0.000000,false,true,16.000000,0.000000,45.000000,67.000000,16.000000,16.000000,khuzait_horse,0.000000,1.000000
khuzait_tribal_warrior,Khuzait Tribal Warrior,1,27.000000,7.450000,0.000000,0.000000,false,true,16.000000,0.000000,45.000000,67.000000,16.000000,16.000000,khuzait_horse,0.000000,1.000000
khuzait_tribal_warrior,Khuzait Tribal Warrior,2,28.000000,5.400000,0.000000,0.000000,false,true,16.000000,0.000000,45.000000,67.000000,16.000000,16.000000,khuzait_horse,0.000000,1.000000
lakepike_tier_1,Lake Rat Recruit,0,24.000000,6.700000,225.000000,2.000000,true,false,0.000000,0.000000,0.000000,0.000000,0.000000,0.000000,,1.000000,0.000000
lakepike_tier_1,Lake Rat Recruit,1,24.000000,7.200000,225.000000,2.000000,true,false,0.000000,0.000000,0.000000,0.000000,0.000000,0.000000,,1.000000,0.000000
lakepike_tier_1,Lake Rat Recruit,2,25.000000,7.250000,225.000000,2.000000,true,false,0.000000,0.000000,0.000000,0.000000,0.000000,0.000000,,1.000000,0.000000
lakepike_tier_1,Lake Rat Recruit,3,36.000000,14.800000,225.000000,2.000000,true,false,0.000000,0.000000,0.000000,0.000000,0.000000,0.000000,,1.000000,0.000000
lakepike_tier_2,Lake Rat Veteran,0,62.000000,15.500000,0.000000,0.000000,false,false,0.000000,0.000000,0.000000,0.000000,0.000000,0.000000,,0.000000,0.000000
lakepike_tier_2,Lake Rat Veteran,1,63.000000,16.050000,0.000000,0.000000,false,false,0.000000,0.000000,0.000000,0.000000,0.000000,0.000000,,0.000000,0.000000
lakepike_tier_2,Lake Rat Veteran,2,62.000000,15.500000,0.000000,0.000000,false,false,0.000000,0.000000,0.000000,0.000000,0.000000,0.000000,,0.000000,0.000000
lakepike_tier_3,Lake Rat Wrecker ,0,151.000000,38.750000,500.000000,9.000000,true,false,0.000000,0.000000,0.000000,0.000000,0.000000,0.000000,,1.000000,0.000000
lakepike_tier_3,Lake Rat Wrecker ,1,137.000000,33.850000,500.000000,9.000000,true,false,0.000000,0.000000,0.000000,0.000000,0.000000,0.000000,,1.000000,0.000000
lakepike_tier_3,Lake Rat Wrecker ,2,160.000000,40.000000,500.000000,9.000000,true,false,0.000000,0.000000,0.000000,0.000000,0.000000,0.000000,,1.000000,0.000000
lakepike_tier_3,Lake Rat Wrecker ,3,149.000000,40.050000,500.000000,9.000000,true,false,0.000000,0.000000,0.000000,0.000000,0.000000,0.000000,,1.000000,0.000000
legion_of_the_betrayed_tier_1,Hastati,0,31.000000,8.550000,280.000000,8.000000,true,false,0.000000,0.000000,0.000000,0.000000,0.000000,0.000000,,1.000000,0.000000
legion_of_the_betrayed_tier_1,Hastati,1,31.000000,8.550000,280.000000,8.000000,true,false,0.000000,0.000000,0.000000,0.000000,0.000000,0.000000,,1.000000,0.000000
legion_of_the_betrayed_tier_1,Hastati,2,31.000000,8.550000,280.000000,8.000000,true,false,0.000000,0.000000,0.000000,0.000000,0.000000,0.000000,,1.000000,0.000000
legion_of_the_betrayed_tier_1,Hastati,3,31.000000,8.550000,280.000000,8.000000,true,false,0.000000,0.000000,0.000000,0.000000,0.000000,0.000000,,1.000000,0.000000
legion_of_the_betrayed_tier_2,Principes,0,84.000000,25.100000,400.000000,1.000000,true,false,0.000000,0.000000,0.000000,0.000000,0.000000,0.000000,,1.000000,0.000000
legion_of_the_betrayed_tier_2,Principes,1,82.000000,23.000000,400.000000,1.000000,true,false,0.000000,0.000000,0.000000,0.000000,0.000000,0.000000,,1.000000,0.000000
legion_of_the_betrayed_tier_3,Triarii,0,159.000000,39.950000,530.000000,1.000000,true,false,0.000000,0.000000,0.000000,0.000000,0.000000,0.000000,,1.000000,0.000000
legion_of_the_betrayed_tier_3,Triarii,1,159.000000,39.950000,530.000000,1.000000,true,false,0.000000,0.000000,0.000000,0.000000,0.000000,0.000000,,1.000000,0.000000
mamluke_palace_guard,Aserai Mamluke Palace Guard,0,149.000000,38.050000,0.000000,0.000000,false,false,0.000000,0.000000,0.000000,0.000000,0.000000,0.000000,,0.000000,0.000000
mamluke_palace_guard,Aserai Mamluke Palace Guard,1,154.000000,38.300000,0.000000,0.000000,false,false,0.000000,0.000000,0.000000,0.000000,0.000000,0.000000,,0.000000,0.000000
mamluke_palace_guard,Aserai Mamluke Palace Guard,2,156.000000,38.400000,0.000000,0.000000,false,false,0.000000,0.000000,0.000000,0.000000,0.000000,0.000000,,0.000000,0.000000
nord_axe_warrior,Nord Axe Warrior,0,73.000000,25.850000,320.000000,4.000000,true,false,0.000000,0.000000,0.000000,0.000000,0.000000,0.000000,,1.000000,0.000000
nord_axe_warrior,Nord Axe Warrior,1,81.000000,26.250000,300.000000,4.000000,true,false,0.000000,0.000000,0.000000,0.000000,0.000000,0.000000,,1.000000,0.000000
nord_axe_warrior,Nord Axe Warrior,2,65.000000,20.050000,320.000000,4.000000,true,false,0.000000,0.000000,0.000000,0.000000,0.000000,0.000000,,1.000000,0.000000
nord_berserkr,Nord Berserkir,0,173.000000,53.150000,510.000000,5.000000,true,false,0.000000,0.000000,0.000000,0.000000,0.000000,0.000000,,1.000000,0.000000
nord_berserkr,Nord Berserkir,1,165.000000,51.850000,510.000000,5.000000,true,false,0.000000,0.000000,0.000000,0.000000,0.000000,0.000000,,1.000000,0.000000
nord_berserkr,Nord Berserkir,2,164.000000,52.700000,520.000000,5.000000,true,false,0.000000,0.000000,0.000000,0.000000,0.000000,0.000000,,1.000000,0.000000
nord_boandi,Nord Shield Biters,0,142.000000,43.200000,440.000000,5.000000,true,false,0.000000,0.000000,0.000000,0.000000,0.000000,0.000000,,1.000000,0.000000
nord_boandi,Nord Shield Biters,1,147.000000,42.450000,440.000000,5.000000,true,false,0.000000,0.000000,0.000000,0.000000,0.000000,0.000000,,1.000000,0.000000
nord_boandi,Nord Shield Biters,2,151.000000,43.150000,435.000000,5.000000,true,false,0.000000,0.000000,0.000000,0.000000,0.000000,0.000000,,1.000000,0.000000
nord_drengr,Nord Warrior,0,31.000000,9.150000,390.000000,4.000000,true,false,0.000000,0.000000,0.000000,0.000000,0.000000,0.000000,,1.000000,0.000000
nord_drengr,Nord Warrior,1,23.000000,6.250000,390.000000,4.000000,true,false,0.000000,0.000000,0.000000,0.000000,0.000000,0.000000,,1.000000,0.000000
nord_drengr,Nord Warrior,2,25.000000,7.250000,390.000000,4.000000,true,false,0.000000,0.000000,0.000000,0.000000,0.000000,0.000000,,1.000000,0.000000
nord_freeman_archer,Nord Freeman Archer,0,82.000000,24.900000,0.000000,0.000000,false,false,0.000000,0.000000,0.000000,0.000000,0.000000,0.000000,,0.000000,0.000000
nord_freeman_archer,Nord Freeman Archer,1,72.000000,23.900000,0.000000,0.000000,false,false,0.000000,0.000000,0.000000,0.000000,0.000000,0.000000,,0.000000,0.000000
nord_freeman_archer,Nord Freeman Archer,2,89.000000,27.350000,0.000000,0.000000,false,false,0.000000,0.000000,0.000000,0.000000,0.000000,0.000000,,0.000000,0.000000
nord_hew-bearer,Nord Marauder,0,151.000000,41.050000,0.000000,0.000000,false,false,0.000000,0.000000,0.000000,0.000000,0.000000,0.000000,,0.000000,0.000000
nord_hew-bearer,Nord Marauder,1,142.000000,40.700000,0.000000,0.000000,false,false,0.000000,0.000000,0.000000,0.000000,0.000000,0.000000,,0.000000,0.000000
nord_hew-bearer,Nord Marauder,2,141.000000,41.550000,0.000000,0.000000,false,false,0.000000,0.000000,0.000000,0.000000,0.000000,0.000000,,0.000000,0.000000
nord_hirdmann,Nord Shield-Companion,0,129.000000,34.450000,510.000000,5.000000,true,false,0.000000,0.000000,0.000000,0.000000,0.000000,0.000000,,1.000000,0.000000
nord_hirdmann,Nord Shield-Companion,1,125.000000,34.250000,510.000000,5.000000,true,false,0.000000,0.000000,0.000000,0.000000,0.000000,0.000000,,1.000000,0.000000
nord_hirdmann,Nord Shield-Companion,2,112.000000,33.600000,520.000000,5.000000,true,false,0.000000,0.000000,0.000000,0.000000,0.000000,0.000000,,1.000000,0.000000
nord_huntsman,Nord Huntsman,0,33.000000,9.650000,0.000000,0.000000,false,false,0.000000,0.000000,0.000000,0.000000,0.000000,0.000000,,0.000000,0.000000
nord_huntsman,Nord Huntsman,1,29.000000,9.450000,0.000000,0.000000,false,false,0.000000,0.000000,0.000000,0.000000,0.000000,0.000000,,0.000000,0.000000
nord_huntsman,Nord Huntsman,2,26.000000,6.800000,0.000000,0.000000,false,false,0.000000,0.000000,0.000000,0.000000,0.000000,0.000000,,0.000000,0.000000
nord_huscarl,Nord Huscarl,0,145.000000,40.750000,620.000000,5.000000,true,false,0.000000,0.000000,0.000000,0.000000,0.000000,0.000000,,1.000000,0.000000
nord_huscarl,Nord Huscarl,1,140.000000,39.000000,620.000000,5.000000,true,false,0.000000,0.000000,0.000000,0.000000,0.000000,0.000000,,1.000000,0.000000
nord_huscarl,Nord Huscarl,2,145.000000,40.750000,660.000000,5.000000,true,false,0.000000,0.000000,0.000000,0.000000,0.000000,0.000000,,1.000000,0.000000
nord_jarlsmann,Nord Hearthguard,0,143.000000,43.750000,440.000000,5.000000,true,false,0.000000,0.000000,0.000000,0.000000,0.000000,0.000000,,1.000000,0.000000
nord_jarlsmann,Nord Hearthguard,1,142.000000,41.200000,435.000000,5.000000,true,false,0.000000,0.000000,0.000000,0.000000,0.000000,0.000000,,1.000000,0.000000
nord_jarlsmann,Nord Hearthguard,2,145.000000,43.850000,435.000000,5.000000,true,false,0.000000,0.000000,0.000000,0.000000,0.000000,0.000000,,1.000000,0.000000
nord_marksman,Nord Marksman,0,115.000000,36.550000,0.000000,0.000000,false,false,0.000000,0.000000,0.000000,0.000000,0.000000,0.000000,,0.000000,0.000000
nord_marksman,Nord Marksman,1,119.000000,37.750000,0.000000,0.000000,false,false,0.000000,0.000000,0.000000,0.000000,0.000000,0.000000,,0.000000,0.000000
nord_marksman,Nord Marksman,2,119.000000,37.750000,0.000000,0.000000,false,false,0.000000,0.000000,0.000000,0.000000,0.000000,0.000000,,0.000000,0.000000
nord_militia_archer,Nord Militia Archer,0,33.000000,9.950000,0.000000,0.000000,false,false,0.000000,0.000000,0.000000,0.000000,0.000000,0.000000,,0.000000,0.000000
nord_militia_archer,Nord Militia Archer,1,31.000000,9.350000,0.000000,0.000000,false,false,0.000000,0.000000,0.000000,0.000000,0.000000,0.000000,,0.000000,0.000000
nord_militia_archer,Nord Militia Archer,2,37.000000,10.950000,0.000000,0.000000,false,false,0.000000,0.000000,0.000000,0.000000,0.000000,0.000000,,0.000000,0.000000
nord_militia_archer,Nord Militia Archer,3,44.000000,14.300000,0.000000,0.000000,false,false,0.000000,0.000000,0.000000,0.000000,0.000000,0.000000,,0.000000,0.000000
nord_militia_spearman,Nord Militia Spearman,0,40.000000,9.600000,390.000000,4.000000,true,false,0.000000,0.000000,0.000000,0.000000,0.000000,0.000000,,1.000000,0.000000
nord_militia_spearman,Nord Militia Spearman,1,49.000000,14.450000,390.000000,4.000000,true,false,0.000000,0.000000,0.000000,0.000000,0.000000,0.000000,,1.000000,0.000000
nord_militia_spearman,Nord Militia Spearman,2,47.000000,12.650000,390.000000,4.000000,true,false,0.000000,0.000000,0.000000,0.000000,0.000000,0.000000,,1.000000,0.000000
nord_militia_spearman,Nord Militia Spearman,3,33.000000,7.750000,390.000000,4.000000,true,false,0.000000,0.000000,0.000000,0.000000,0.000000,0.000000,,1.000000,0.000000
nord_militia_veteran_archer,Nord Militia Veteran Archer,0,34.000000,7.700000,0.000000,0.000000,false,false,0.000000,0.000000,0.000000,0.000000,0.000000,0.000000,,0.000000,0.000000
nord_militia_veteran_archer,Nord Militia Veteran Archer,1,52.000000,14.500000,0.000000,0.000000,false,false,0.000000,0.000000,0.000000,0.000000,0.000000,0.000000,,0.000000,0.000000
nord_militia_veteran_archer,Nord Militia Veteran Archer,2,69.000000,20.350000,0.000000,0.000000,false,false,0.000000,0.000000,0.000000,0.000000,0.000000,0.000000,,0.000000,0.000000
nord_militia_veteran_archer,Nord Militia Veteran Archer,3,64.000000,17.500000,0.000000,0.000000,false,false,0.000000,0.000000,0.000000,0.000000,0.000000,0.000000,,0.000000,0.000000
nord_militia_veteran_spearman,Nord Militia Veteran Spearman,0,68.000000,20.300000,390.000000,4.000000,true,false,0.000000,0.000000,0.000000,0.000000,0.000000,0.000000,,1.000000,0.000000
nord_militia_veteran_spearman,Nord Militia Veteran Spearman,1,93.000000,28.050000,390.000000,4.000000,true,false,0.000000,0.000000,0.000000,0.000000,0.000000,0.000000,,1.000000,0.000000
nord_militia_veteran_spearman,Nord Militia Veteran Spearman,2,62.000000,17.000000,390.000000,4.000000,true,false,0.000000,0.000000,0.000000,0.000000,0.000000,0.000000,,1.000000,0.000000
nord_militia_veteran_spearman,Nord Militia Veteran Spearman,3,56.000000,15.300000,390.000000,4.000000,true,false,0.000000,0.000000,0.000000,0.000000,0.000000,0.000000,,1.000000,0.000000
nord_skathi,Nord Sky-Gods Chosen,0,115.000000,40.850000,620.000000,5.000000,true,false,0.000000,0.000000,0.000000,0.000000,0.000000,0.000000,,1.000000,0.000000
nord_skathi,Nord Sky-Gods Chosen,1,130.000000,47.100000,520.000000,5.000000,true,false,0.000000,0.000000,0.000000,0.000000,0.000000,0.000000,,1.000000,0.000000
nord_skathi,Nord Sky-Gods Chosen,2,130.000000,47.100000,510.000000,5.000000,true,false,0.000000,0.000000,0.000000,0.000000,0.000000,0.000000,,1.000000,0.000000
nord_skjaldbrestir,Nord Skjaldbrestir,0,108.000000,30.400000,0.000000,0.000000,false,false,0.000000,0.000000,0.000000,0.000000,0.000000,0.000000,,0.000000,0.000000
nord_skjaldbrestir,Nord Skjaldbrestir,1,117.000000,36.350000,0.000000,0.000000,false,false,0.000000,0.000000,0.000000,0.000000,0.000000,0.000000,,0.000000,0.000000
nord_skjaldbrestir,Nord Skjaldbrestir,2,125.000000,36.750000,0.000000,0.000000,false,false,0.000000,0.000000,0.000000,0.000000,0.000000,0.000000,,0.000000,0.000000
nord_spear_warrior,Nord Spear Warrior,0,92.000000,28.500000,300.000000,4.000000,true,false,0.000000,0.000000,0.000000,0.000000,0.000000,0.000000,,1.000000,0.000000
nord_spear_warrior,Nord Spear Warrior,1,74.000000,21.400000,300.000000,4.000000,true,false,0.000000,0.000000,0.000000,0.000000,0.000000,0.000000,,1.000000,0.000000
nord_spear_warrior,Nord Spear Warrior,2,80.000000,23.300000,320.000000,4.000000,true,false,0.000000,0.000000,0.000000,0.000000,0.000000,0.000000,,1.000000,0.000000
nord_thegn,Nord War-Proven,0,131.000000,37.450000,320.000000,4.000000,true,false,0.000000,0.000000,0.000000,0.000000,0.000000,0.000000,,1.000000,0.000000
nord_thegn,Nord War-Proven,1,132.000000,38.000000,320.000000,4.000000,true,false,0.000000,0.000000,0.000000,0.000000,0.000000,0.000000,,1.000000,0.000000
nord_thegn,Nord War-Proven,2,129.000000,36.750000,300.000000,4.000000,true,false,0.000000,0.000000,0.000000,0.000000,0.000000,0.000000,,1.000000,0.000000
nord_ulfhednar,Nord Ulfhedinn,0,157.000000,49.150000,0.000000,0.000000,false,false,0.000000,0.000000,0.000000,0.000000,0.000000,0.000000,,0.000000,0.000000
nord_ulfhednar,Nord Ulfhedinn,1,158.000000,49.200000,0.000000,0.000000,false,false,0.000000,0.000000,0.000000,0.000000,0.000000,0.000000,,0.000000,0.000000
nord_ulfhednar,Nord Ulfhedinn,2,154.000000,49.000000,0.000000,0.000000,false,false,0.000000,0.000000,0.000000,0.000000,0.000000,0.000000,,0.000000,0.000000
nord_ungmann,Nord Scion,0,36.000000,12.400000,300.000000,4.000000,true,false,0.000000,0.000000,0.000000,0.000000,0.000000,0.000000,,1.000000,0.000000
nord_ungmann,Nord Scion,1,43.000000,11.750000,390.000000,4.000000,true,false,0.000000,0.000000,0.000000,0.000000,0.000000,0.000000,,1.000000,0.000000
nord_ungmann,Nord Scion,2,36.000000,12.400000,390.000000,4.000000,true,false,0.000000,0.000000,0.000000,0.000000,0.000000,0.000000,,1.000000,0.000000
nord_vargr,Nord Warfang,0,137.000000,40.450000,0.000000,0.000000,false,false,0.000000,0.000000,0.000000,0.000000,0.000000,0.000000,,0.000000,0.000000
nord_vargr,Nord Warfang,1,137.000000,38.450000,0.000000,0.000000,false,false,0.000000,0.000000,0.000000,0.000000,0.000000,0.000000,,0.000000,0.000000
nord_vargr,Nord Warfang,2,137.000000,40.450000,0.000000,0.000000,false,false,0.000000,0.000000,0.000000,0.000000,0.000000,0.000000,,0.000000,0.000000
nord_youngling,Nord Youngling,0,25.000000,7.250000,390.000000,4.000000,true,false,0.000000,0.000000,0.000000,0.000000,0.000000,0.000000,,1.000000,0.000000
nord_youngling,Nord Youngling,1,20.000000,4.500000,390.000000,4.000000,true,false,0.000000,0.000000,0.000000,0.000000,0.000000,0.000000,,1.000000,0.000000
nord_youngling,Nord Youngling,2,19.000000,5.450000,0.000000,0.000000,false,false,0.000000,0.000000,0.000000,0.000000,0.000000,0.000000,,0.000000,0.000000
nord_youngling,Nord Youngling,3,20.000000,6.000000,390.000000,4.000000,true,false,0.000000,0.000000,0.000000,0.000000,0.000000,0.000000,,1.000000,0.000000
regular_fighter,Regular Fighter,0,29.000000,8.450000,0.000000,0.000000,false,false,0.000000,0.000000,0.000000,0.000000,0.000000,0.000000,,0.000000,0.000000
skolderbrotva_tier_1,Skolder Recruit,0,19.000000,3.950000,260.000000,6.000000,true,false,0.000000,0.000000,0.000000,0.000000,0.000000,0.000000,,1.000000,0.000000
skolderbrotva_tier_1,Skolder Recruit,1,19.000000,3.950000,260.000000,6.000000,true,false,0.000000,0.000000,0.000000,0.000000,0.000000,0.000000,,1.000000,0.000000
skolderbrotva_tier_2,Skolder Warrior Broda,0,34.000000,7.700000,360.000000,6.000000,true,false,0.000000,0.000000,0.000000,0.000000,0.000000,0.000000,,1.000000,0.000000
skolderbrotva_tier_2,Skolder Warrior Broda,1,70.000000,20.800000,480.000000,7.000000,true,false,0.000000,0.000000,0.000000,0.000000,0.000000,0.000000,,1.000000,0.000000
skolderbrotva_tier_3,Skolder Veteran Broda,0,122.000000,30.600000,500.000000,9.000000,true,false,0.000000,0.000000,0.000000,0.000000,0.000000,0.000000,,1.000000,0.000000
skolderbrotva_tier_3,Skolder Veteran Broda,1,88.000000,20.400000,500.000000,9.000000,true,false,0.000000,0.000000,0.000000,0.000000,0.000000,0.000000,,1.000000,0.000000
skolderbrotva_tier_3,Skolder Veteran Broda,2,82.000000,21.100000,500.000000,9.000000,true,false,0.000000,0.000000,0.000000,0.000000,0.000000,0.000000,,1.000000,0.000000
sturgia_marine_t3,Sturgian Crewman,0,31.000000,9.950000,380.000000,1.000000,true,false,0.000000,0.000000,0.000000,0.000000,0.000000,0.000000,,1.000000,0.000000
sturgia_marine_t3,Sturgian Crewman,1,28.000000,9.800000,380.000000,1.000000,true,false,0.000000,0.000000,0.000000,0.000000,0.000000,0.000000,,1.000000,0.000000
sturgia_marine_t3,Sturgian Crewman,2,31.000000,9.950000,380.000000,1.000000,true,false,0.000000,0.000000,0.000000,0.000000,0.000000,0.000000,,1.000000,0.000000
sturgia_marine_t4,Sturgian Veteran Shipman,0,113.000000,25.150000,320.000000,1.000000,true,false,0.000000,0.000000,0.000000,0.000000,0.000000,0.000000,,1.000000,0.000000
sturgia_marine_t4,Sturgian Veteran Shipman,1,110.000000,27.000000,320.000000,1.000000,true,false,0.000000,0.000000,0.000000,0.000000,0.000000,0.000000,,1.000000,0.000000
sturgia_marine_t4,Sturgian Veteran Shipman,2,99.000000,27.750000,320.000000,1.000000,true,false,0.000000,0.000000,0.000000,0.000000,0.000000,0.000000,,1.000000,0.000000
sturgia_marine_t5,Sturgian Reaver,0,144.000000,39.500000,430.000000,1.000000,true,false,0.000000,0.000000,0.000000,0.000000,0.000000,0.000000,,1.000000,0.000000
sturgia_marine_t5,Sturgian Reaver,1,126.000000,38.600000,430.000000,1.000000,true,false,0.000000,0.000000,0.000000,0.000000,0.000000,0.000000,,1.000000,0.000000
sturgia_marine_t5,Sturgian Reaver,2,108.000000,33.200000,430.000000,1.000000,true,false,0.000000,0.000000,0.000000,0.000000,0.000000,0.000000,,1.000000,0.000000
sturgian_archer,Sturgian Archer,0,122.000000,35.900000,0.000000,0.000000,false,false,0.000000,0.000000,0.000000,0.000000,0.000000,0.000000,,0.000000,0.000000
sturgian_archer,Sturgian Archer,1,110.000000,30.800000,0.000000,0.000000,false,false,0.000000,0.000000,0.000000,0.000000,0.000000,0.000000,,0.000000,0.000000
sturgian_archer,Sturgian Archer,2,111.000000,31.750000,0.000000,0.000000,false,false,0.000000,0.000000,0.000000,0.000000,0.000000,0.000000,,0.000000,0.000000
sturgian_berzerker,Sturgian Line Breaker,0,92.000000,33.300000,0.000000,0.000000,false,false,0.000000,0.000000,0.000000,0.000000,0.000000,0.000000,,0.000000,0.000000
sturgian_berzerker,Sturgian Line Breaker,1,114.000000,34.400000,0.000000,0.000000,false,false,0.000000,0.000000,0.000000,0.000000,0.000000,0.000000,,0.000000,0.000000
sturgian_berzerker,Sturgian Line Breaker,2,96.000000,33.500000,0.000000,0.000000,false,false,0.000000,0.000000,0.000000,0.000000,0.000000,0.000000,,0.000000,0.000000
sturgian_brigand,Sturgian Brigand,0,64.000000,17.600000,280.000000,1.000000,true,false,0.000000,0.000000,0.000000,0.000000,0.000000,0.000000,,1.000000,0.000000
sturgian_brigand,Sturgian Brigand,1,51.000000,13.650000,280.000000,1.000000,true,false,0.000000,0.000000,0.000000,0.000000,0.000000,0.000000,,1.000000,0.000000
sturgian_brigand,Sturgian Brigand,2,47.000000,13.950000,280.000000,8.000000,true,false,0.000000,0.000000,0.000000,0.000000,0.000000,0.000000,,1.000000,0.000000
sturgian_hardened_brigand,Sturgian Hardened Brigand,0,91.000000,32.350000,280.000000,1.000000,true,true,25.000000,0.000000,49.000000,63.000000,18.000000,18.000000,sturgia_horse,1.000000,1.000000
sturgian_hardened_brigand,Sturgian Hardened Brigand,1,91.000000,32.350000,280.000000,1.000000,true,true,25.000000,0.000000,49.000000,63.000000,18.000000,18.000000,sturgia_horse,1.000000,1.000000
sturgian_hardened_brigand,Sturgian Hardened Brigand,2,91.000000,32.350000,260.000000,6.000000,true,true,25.000000,0.000000,49.000000,63.000000,18.000000,18.000000,sturgia_horse,1.000000,1.000000
sturgian_horse_raider,Sturgian Horse Raider,0,160.000000,41.200000,320.000000,1.000000,true,true,12.000000,0.000000,57.000000,63.000000,20.000000,20.000000,t2_sturgia_horse,1.000000,1.000000
sturgian_horse_raider,Sturgian Horse Raider,1,160.000000,41.200000,320.000000,1.000000,true,true,12.000000,0.000000,57.000000,63.000000,20.000000,20.000000,t2_sturgia_horse,1.000000,1.000000
sturgian_horse_raider,Sturgian Horse Raider,2,160.000000,41.200000,430.000000,1.000000,true,true,10.000000,0.000000,57.000000,63.000000,20.000000,20.000000,t2_sturgia_horse,1.000000,1.000000
sturgian_hunter,Sturgian Hunter,0,47.000000,12.950000,0.000000,0.000000,false,false,0.000000,0.000000,0.000000,0.000000,0.000000,0.000000,,0.000000,0.000000
sturgian_hunter,Sturgian Hunter,1,45.000000,11.850000,0.000000,0.000000,false,false,0.000000,0.000000,0.000000,0.000000,0.000000,0.000000,,0.000000,0.000000
sturgian_hunter,Sturgian Hunter,2,47.000000,12.950000,0.000000,0.000000,false,false,0.000000,0.000000,0.000000,0.000000,0.000000,0.000000,,0.000000,0.000000
sturgian_militia_archer,Sturgian Militia Archer,0,24.000000,6.100000,0.000000,0.000000,false,false,0.000000,0.000000,0.000000,0.000000,0.000000,0.000000,,0.000000,0.000000
sturgian_militia_archer,Sturgian Militia Archer,1,27.000000,6.750000,0.000000,0.000000,false,false,0.000000,0.000000,0.000000,0.000000,0.000000,0.000000,,0.000000,0.000000
sturgian_militia_archer,Sturgian Militia Archer,2,34.000000,10.100000,0.000000,0.000000,false,false,0.000000,0.000000,0.000000,0.000000,0.000000,0.000000,,0.000000,0.000000
sturgian_militia_archer,Sturgian Militia Archer,3,27.000000,6.750000,0.000000,0.000000,false,false,0.000000,0.000000,0.000000,0.000000,0.000000,0.000000,,0.000000,0.000000
sturgian_militia_spearman,Sturgian Militia Spearman,0,32.000000,6.700000,305.000000,1.000000,true,false,0.000000,0.000000,0.000000,0.000000,0.000000,0.000000,,1.000000,0.000000
sturgian_militia_spearman,Sturgian Militia Spearman,1,37.000000,9.350000,305.000000,1.000000,true,false,0.000000,0.000000,0.000000,0.000000,0.000000,0.000000,,1.000000,0.000000
sturgian_militia_spearman,Sturgian Militia Spearman,2,35.000000,7.650000,305.000000,1.000000,true,false,0.000000,0.000000,0.000000,0.000000,0.000000,0.000000,,1.000000,0.000000
sturgian_militia_spearman,Sturgian Militia Spearman,3,34.000000,7.800000,305.000000,1.000000,true,false,0.000000,0.000000,0.000000,0.000000,0.000000,0.000000,,1.000000,0.000000
sturgian_militia_veteran_archer,Sturgian Militia Veteran Archer,0,39.000000,9.350000,0.000000,0.000000,false,false,0.000000,0.000000,0.000000,0.000000,0.000000,0.000000,,0.000000,0.000000
sturgian_militia_veteran_archer,Sturgian Militia Veteran Archer,1,38.000000,9.600000,0.000000,0.000000,false,false,0.000000,0.000000,0.000000,0.000000,0.000000,0.000000,,0.000000,0.000000
sturgian_militia_veteran_archer,Sturgian Militia Veteran Archer,2,39.000000,8.850000,0.000000,0.000000,false,false,0.000000,0.000000,0.000000,0.000000,0.000000,0.000000,,0.000000,0.000000
sturgian_militia_veteran_archer,Sturgian Militia Veteran Archer,3,34.000000,7.600000,0.000000,0.000000,false,false,0.000000,0.000000,0.000000,0.000000,0.000000,0.000000,,0.000000,0.000000
sturgian_militia_veteran_spearman,Sturgian Militia Veteran Spearman,0,61.000000,17.950000,270.000000,1.000000,true,false,0.000000,0.000000,0.000000,0.000000,0.000000,0.000000,,1.000000,0.000000
sturgian_militia_veteran_spearman,Sturgian Militia Veteran Spearman,1,62.500000,19.025000,280.000000,8.000000,true,false,0.000000,0.000000,0.000000,0.000000,0.000000,0.000000,,1.000000,0.000000
sturgian_militia_veteran_spearman,Sturgian Militia Veteran Spearman,2,47.000000,12.450000,280.000000,8.000000,true,false,0.000000,0.000000,0.000000,0.000000,0.000000,0.000000,,1.000000,0.000000
sturgian_militia_veteran_spearman,Sturgian Militia Veteran Spearman,3,47.000000,12.450000,270.000000,1.000000,true,false,0.000000,0.000000,0.000000,0.000000,0.000000,0.000000,,1.000000,0.000000
sturgian_recruit,Sturgian Recruit,0,19.000000,4.450000,0.000000,0.000000,false,false,0.000000,0.000000,0.000000,0.000000,0.000000,0.000000,,0.000000,0.000000
sturgian_recruit,Sturgian Recruit,1,19.000000,2.950000,0.000000,0.000000,false,false,0.000000,0.000000,0.000000,0.000000,0.000000,0.000000,,0.000000,0.000000
sturgian_recruit,Sturgian Recruit,2,16.000000,2.800000,0.000000,0.000000,false,false,0.000000,0.000000,0.000000,0.000000,0.000000,0.000000,,0.000000,0.000000
sturgian_recruit,Sturgian Recruit,3,16.000000,2.800000,0.000000,0.000000,false,false,0.000000,0.000000,0.000000,0.000000,0.000000,0.000000,,0.000000,0.000000
sturgian_shock_troop,Sturgian Heavy Spearman,0,203.000000,54.350000,520.000000,7.000000,true,false,0.000000,0.000000,0.000000,0.000000,0.000000,0.000000,,1.000000,0.000000
sturgian_shock_troop,Sturgian Heavy Spearman,1,203.000000,54.350000,520.000000,7.000000,true,false,0.000000,0.000000,0.000000,0.000000,0.000000,0.000000,,1.000000,0.000000
sturgian_shock_troop,Sturgian Heavy Spearman,2,180.000000,48.700000,600.000000,7.000000,true,false,0.000000,0.000000,0.000000,0.000000,0.000000,0.000000,,1.000000,0.000000
sturgian_ulfhednar,Sturgian Heroic Line Breaker,0,212.000000,52.000000,0.000000,0.000000,false,false,0.000000,0.000000,0.000000,0.000000,0.000000,0.000000,,0.000000,0.000000
sturgian_ulfhednar,Sturgian Heroic Line Breaker,1,212.000000,52.000000,0.000000,0.000000,false,false,0.000000,0.000000,0.000000,0.000000,0.000000,0.000000,,0.000000,0.000000
sturgian_ulfhednar,Sturgian Heroic Line Breaker,2,212.000000,52.000000,0.000000,0.000000,false,false,0.000000,0.000000,0.000000,0.000000,0.000000,0.000000,,0.000000,0.000000
sturgian_veteran_bowman,Sturgian Veteran Bowman,0,149.000000,37.150000,0.000000,0.000000,false,false,0.000000,0.000000,0.000000,0.000000,0.000000,0.000000,,0.000000,0.000000
sturgian_veteran_bowman,Sturgian Veteran Bowman,1,149.000000,37.150000,0.000000,0.000000,false,false,0.000000,0.000000,0.000000,0.000000,0.000000,0.000000,,0.000000,0.000000
sturgian_veteran_bowman,Sturgian Veteran Bowman,2,149.000000,37.150000,0.000000,0.000000,false,false,0.000000,0.000000,0.000000,0.000000,0.000000,0.000000,,0.000000,0.000000
sturgian_veteran_warrior,Sturgian Heavy Axeman,0,182.000000,50.000000,600.000000,7.000000,true,false,0.000000,0.000000,0.000000,0.000000,0.000000,0.000000,,1.000000,0.000000
sturgian_veteran_warrior,Sturgian Heavy Axeman,1,182.000000,50.000000,600.000000,7.000000,true,false,0.000000,0.000000,0.000000,0.000000,0.000000,0.000000,,1.000000,0.000000
sturgian_veteran_warrior,Sturgian Heavy Axeman,2,181.000000,50.250000,520.000000,7.000000,true,false,0.000000,0.000000,0.000000,0.000000,0.000000,0.000000,,1.000000,0.000000
sturgian_warrior_son,Sturgian Otrok,0,54.000000,16.800000,280.000000,8.000000,true,false,0.000000,0.000000,0.000000,0.000000,0.000000,0.000000,,1.000000,0.000000
sturgian_warrior_son,Sturgian Otrok,1,54.000000,16.800000,280.000000,8.000000,true,false,0.000000,0.000000,0.000000,0.000000,0.000000,0.000000,,1.000000,0.000000
sturgian_warrior_son,Sturgian Otrok,2,55.000000,17.150000,270.000000,1.000000,true,false,0.000000,0.000000,0.000000,0.000000,0.000000,0.000000,,1.000000,0.000000
sturgian_woodsman,Sturgian Woodsman,0,32.000000,8.700000,0.000000,0.000000,false,false,0.000000,0.000000,0.000000,0.000000,0.000000,0.000000,,0.000000,0.000000
sturgian_woodsman,Sturgian Woodsman,1,30.000000,7.400000,0.000000,0.000000,false,false,0.000000,0.000000,0.000000,0.000000,0.000000,0.000000,,0.000000,0.000000
sturgian_woodsman,Sturgian Woodsman,2,29.000000,7.050000,0.000000,0.000000,false,false,0.000000,0.000000,0.000000,0.000000,0.000000,0.000000,,0.000000,0.000000
sword_sister,Sword Sister,0,37.000000,10.850000,0.000000,0.000000,false,false,0.000000,0.000000,0.000000,0.000000,0.000000,0.000000,,0.000000,0.000000
tutorial_placeholder_volunteer,Headman's Troop,0,21.000000,4.850000,280.000000,8.000000,true,true,15.000000,10.000000,47.000000,55.000000,20.000000,20.000000,empire_horse,1.000000,1.000000
tutorial_placeholder_volunteer,Headman's Troop,1,27.000000,7.550000,280.000000,8.000000,true,true,15.000000,10.000000,47.000000,55.000000,20.000000,20.000000,empire_horse,1.000000,1.000000
tutorial_placeholder_volunteer,Headman's Troop,2,27.000000,8.050000,280.000000,8.000000,true,true,15.000000,10.000000,47.000000,55.000000,20.000000,20.000000,empire_horse,1.000000,1.000000
tutorial_placeholder_volunteer,Headman's Troop,3,24.000000,6.400000,280.000000,8.000000,true,true,15.000000,10.000000,47.000000,55.000000,20.000000,20.000000,empire_horse,1.000000,1.000000
tutorial_placeholder_volunteer,Headman's Troop,4,19.000000,3.450000,280.000000,8.000000,true,true,15.000000,10.000000,47.000000,55.000000,20.000000,20.000000,empire_horse,1.000000,1.000000
varyag,Varyag,0,100.000000,24.400000,270.000000,1.000000,true,false,0.000000,0.000000,0.000000,0.000000,0.000000,0.000000,,1.000000,0.000000
varyag,Varyag,1,133.000000,33.550000,270.000000,1.000000,true,false,0.000000,0.000000,0.000000,0.000000,0.000000,0.000000,,1.000000,0.000000
varyag,Varyag,2,111.000000,32.450000,280.000000,8.000000,true,false,0.000000,0.000000,0.000000,0.000000,0.000000,0.000000,,1.000000,0.000000
varyag_veteran,Varyag Veteran,0,180.000000,44.600000,320.000000,1.000000,true,true,12.000000,15.000000,48.000000,65.000000,16.000000,16.000000,hunter,1.000000,1.000000
varyag_veteran,Varyag Veteran,1,177.000000,42.950000,320.000000,1.000000,true,true,10.000000,15.000000,48.000000,65.000000,16.000000,16.000000,hunter,1.000000,1.000000
varyag_veteran,Varyag Veteran,2,180.000000,44.600000,320.000000,1.000000,true,true,25.000000,15.000000,48.000000,65.000000,16.000000,16.000000,hunter,1.000000,1.000000
veteran_borrowed_troop,Veteran Borrowed Troop,0,10.000000,2.500000,305.000000,1.000000,true,false,0.000000,0.000000,0.000000,0.000000,0.000000,0.000000,,1.000000,0.000000
veteran_borrowed_troop,Veteran Borrowed Troop,1,10.000000,2.500000,305.000000,1.000000,true,false,0.000000,0.000000,0.000000,0.000000,0.000000,0.000000,,1.000000,0.000000
veteran_fighter,Veteran Fighter,0,37.000000,10.850000,0.000000,0.000000,false,false,0.000000,0.000000,0.000000,0.000000,0.000000,0.000000,,0.000000,0.000000
vlandian_banner_knight,Vlandian Banner Knight,0,189.000000,51.450000,490.000000,5.000000,true,true,64.000000,60.000000,49.000000,68.000000,32.000000,32.000000,t3_vlandia_horse,1.000000,1.000000
vlandian_banner_knight,Vlandian Banner Knight,1,189.000000,51.450000,490.000000,5.000000,true,true,64.000000,60.000000,49.000000,68.000000,32.000000,32.000000,t3_vlandia_horse,1.000000,1.000000
vlandian_banner_knight,Vlandian Banner Knight,2,189.000000,51.450000,430.000000,1.000000,true,true,64.000000,60.000000,49.000000,68.000000,32.000000,32.000000,t3_vlandia_horse,1.000000,1.000000
vlandian_billman,Vlandian Billman,0,109.000000,32.750000,0.000000,0.000000,false,false,0.000000,0.000000,0.000000,0.000000,0.000000,0.000000,,0.000000,0.000000
vlandian_billman,Vlandian Billman,1,109.000000,32.750000,0.000000,0.000000,false,false,0.000000,0.000000,0.000000,0.000000,0.000000,0.000000,,0.000000,0.000000
vlandian_billman,Vlandian Billman,2,105.000000,31.050000,0.000000,0.000000,false,false,0.000000,0.000000,0.000000,0.000000,0.000000,0.000000,,0.000000,0.000000
vlandian_cavalry,Vlandian Cavalry,0,112.000000,31.500000,240.000000,7.000000,true,true,10.000000,40.000000,46.000000,58.000000,30.000000,30.000000,t2_vlandia_horse,1.000000,1.000000
vlandian_cavalry,Vlandian Cavalry,1,112.000000,31.500000,225.000000,1.000000,true,true,10.000000,40.000000,46.000000,58.000000,30.000000,30.000000,t2_vlandia_horse,1.000000,1.000000
vlandian_cavalry,Vlandian Cavalry,2,112.000000,31.500000,240.000000,7.000000,true,true,10.000000,40.000000,46.000000,58.000000,30.000000,30.000000,t2_vlandia_horse,1.000000,1.000000
vlandian_champion,Vlandian Champion,0,173.000000,47.450000,430.000000,1.000000,true,true,64.000000,60.000000,49.000000,68.000000,32.000000,32.000000,t3_vlandia_horse,1.000000,1.000000
vlandian_champion,Vlandian Champion,1,171.000000,47.350000,430.000000,1.000000,true,true,64.000000,60.000000,49.000000,68.000000,32.000000,32.000000,t3_vlandia_horse,1.000000,1.000000
vlandian_champion,Vlandian Champion,2,171.000000,47.350000,490.000000,5.000000,true,true,64.000000,60.000000,49.000000,68.000000,32.000000,32.000000,t3_vlandia_horse,1.000000,1.000000
vlandian_footman,Vlandian Footman,0,42.000000,12.800000,300.000000,10.000000,true,false,0.000000,0.000000,0.000000,0.000000,0.000000,0.000000,,1.000000,0.000000
vlandian_footman,Vlandian Footman,1,37.000000,11.050000,300.000000,10.000000,true,false,0.000000,0.000000,0.000000,0.000000,0.000000,0.000000,,1.000000,0.000000
vlandian_footman,Vlandian Footman,2,39.000000,11.750000,300.000000,10.000000,true,false,0.000000,0.000000,0.000000,0.000000,0.000000,0.000000,,1.000000,0.000000
vlandian_gallant,Vlandian Gallant,0,97.000000,28.150000,240.000000,7.000000,true,true,15.000000,40.000000,46.000000,58.000000,30.000000,30.000000,t2_vlandia_horse,1.000000,1.000000
vlandian_gallant,Vlandian Gallant,1,90.000000,25.700000,225.000000,1.000000,true,true,15.000000,40.000000,46.000000,58.000000,30.000000,30.000000,t2_vlandia_horse,1.000000,1.000000
vlandian_infantry,Vlandian Infantry,0,59.000000,17.650000,300.000000,10.000000,true,false,0.000000,0.000000,0.000000,0.000000,0.000000,0.000000,,1.000000,0.000000
vlandian_infantry,Vlandian Infantry,1,56.000000,16.000000,300.000000,10.000000,true,false,0.000000,0.000000,0.000000,0.000000,0.000000,0.000000,,1.000000,0.000000
vlandian_infantry,Vlandian Infantry,2,59.000000,17.650000,300.000000,10.000000,true,false,0.000000,0.000000,0.000000,0.000000,0.000000,0.000000,,1.000000,0.000000
vlandian_knight,Vlandian Knight,0,131.000000,33.850000,300.000000,10.000000,true,true,64.000000,60.000000,49.000000,68.000000,32.000000,32.000000,t3_vlandia_horse,1.000000,1.000000
vlandian_knight,Vlandian Knight,1,141.000000,34.350000,300.000000,10.000000,true,true,64.000000,60.000000,49.000000,68.000000,32.000000,32.000000,t3_vlandia_horse,1.000000,1.000000
vlandian_knight,Vlandian Knight,2,141.000000,34.350000,300.000000,10.000000,true,true,64.000000,60.000000,49.000000,68.000000,32.000000,32.000000,t3_vlandia_horse,1.000000,1.000000
vlandian_levy_crossbowman,Vlandian Levy Crossbowman,0,43.000000,12.450000,0.000000,0.000000,false,false,0.000000,0.000000,0.000000,0.000000,0.000000,0.000000,,0.000000,0.000000
vlandian_levy_crossbowman,Vlandian Levy Crossbowman,1,32.000000,8.400000,0.000000,0.000000,false,false,0.000000,0.000000,0.000000,0.000000,0.000000,0.000000,,0.000000,0.000000
vlandian_levy_crossbowman,Vlandian Levy Crossbowman,2,30.000000,8.200000,0.000000,0.000000,false,false,0.000000,0.000000,0.000000,0.000000,0.000000,0.000000,,0.000000,0.000000
vlandian_light_cavalry,Vlandian Light Cavalry,0,74.000000,23.800000,205.000000,10.000000,true,true,10.000000,0.000000,44.000000,61.000000,22.000000,22.000000,vlandia_horse,1.000000,1.000000
vlandian_light_cavalry,Vlandian Light Cavalry,1,71.000000,22.150000,205.000000,10.000000,true,true,10.000000,0.000000,44.000000,61.000000,22.000000,22.000000,vlandia_horse,1.000000,1.000000
vlandian_light_cavalry,Vlandian Light Cavalry,2,71.000000,22.150000,205.000000,10.000000,true,true,10.000000,0.000000,44.000000,61.000000,22.000000,22.000000,vlandia_horse,1.000000,1.000000
vlandian_marine_t4,Vlandian Seasoned Seafarer,0,76.000000,22.400000,370.000000,1.000000,true,false,0.000000,0.000000,0.000000,0.000000,0.000000,0.000000,,1.000000,0.000000
vlandian_marine_t4,Vlandian Seasoned Seafarer,1,75.000000,21.350000,370.000000,1.000000,true,false,0.000000,0.000000,0.000000,0.000000,0.000000,0.000000,,1.000000,0.000000
vlandian_marine_t4,Vlandian Seasoned Seafarer,2,81.000000,26.150000,370.000000,1.000000,true,false,0.000000,0.000000,0.000000,0.000000,0.000000,0.000000,,1.000000,0.000000
vlandian_marine_t5,Vlandian Nauta,0,119.000000,30.250000,470.000000,17.000000,true,false,0.000000,0.000000,0.000000,0.000000,0.000000,0.000000,,1.000000,0.000000
vlandian_marine_t5,Vlandian Nauta,1,84.000000,24.900000,470.000000,17.000000,true,false,0.000000,0.000000,0.000000,0.000000,0.000000,0.000000,,1.000000,0.000000
vlandian_marine_t5,Vlandian Nauta,2,91.000000,27.350000,470.000000,17.000000,true,false,0.000000,0.000000,0.000000,0.000000,0.000000,0.000000,,1.000000,0.000000
vlandian_militia_archer,Vlandian Militia Crossbowman,0,22.000000,6.500000,0.000000,0.000000,false,false,0.000000,0.000000,0.000000,0.000000,0.000000,0.000000,,0.000000,0.000000
vlandian_militia_archer,Vlandian Militia Crossbowman,1,15.000000,4.250000,0.000000,0.000000,false,false,0.000000,0.000000,0.000000,0.000000,0.000000,0.000000,,0.000000,0.000000
vlandian_militia_archer,Vlandian Militia Crossbowman,2,23.000000,7.050000,0.000000,0.000000,false,false,0.000000,0.000000,0.000000,0.000000,0.000000,0.000000,,0.000000,0.000000
vlandian_militia_archer,Vlandian Militia Crossbowman,3,23.000000,7.050000,0.000000,0.000000,false,false,0.000000,0.000000,0.000000,0.000000,0.000000,0.000000,,0.000000,0.000000
vlandian_militia_spearman,Vlandian Militia Spearman,0,26.000000,6.700000,370.000000,1.000000,true,false,0.000000,0.000000,0.000000,0.000000,0.000000,0.000000,,1.000000,0.000000
vlandian_militia_spearman,Vlandian Militia Spearman,1,14.000000,2.200000,470.000000,17.000000,true,false,0.000000,0.000000,0.000000,0.000000,0.000000,0.000000,,1.000000,0.000000
vlandian_militia_spearman,Vlandian Militia Spearman,2,23.000000,6.050000,370.000000,1.000000,true,false,0.000000,0.000000,0.000000,0.000000,0.000000,0.000000,,1.000000,0.000000
vlandian_militia_spearman,Vlandian Militia Spearman,3,23.000000,6.050000,370.000000,1.000000,true,false,0.000000,0.000000,0.000000,0.000000,0.000000,0.000000,,1.000000,0.000000
vlandian_militia_veteran_archer,Vlandian Militia Veteran Crossbowman,0,46.000000,13.600000,0.000000,0.000000,false,false,0.000000,0.000000,0.000000,0.000000,0.000000,0.000000,,0.000000,0.000000
vlandian_militia_veteran_archer,Vlandian Militia Veteran Crossbowman,1,60.000000,19.300000,0.000000,0.000000,false,false,0.000000,0.000000,0.000000,0.000000,0.000000,0.000000,,0.000000,0.000000
vlandian_militia_veteran_archer,Vlandian Militia Veteran Crossbowman,2,57.000000,17.650000,0.000000,0.000000,false,false,0.000000,0.000000,0.000000,0.000000,0.000000,0.000000,,0.000000,0.000000
vlandian_militia_veteran_archer,Vlandian Militia Veteran Crossbowman,3,42.000000,12.900000,0.000000,0.000000,false,false,0.000000,0.000000,0.000000,0.000000,0.000000,0.000000,,0.000000,0.000000
vlandian_militia_veteran_spearman,Vlandian Militia Veteran Spearman,0,46.000000,13.000000,470.000000,17.000000,true,false,0.000000,0.000000,0.000000,0.000000,0.000000,0.000000,,1.000000,0.000000
vlandian_militia_veteran_spearman,Vlandian Militia Veteran Spearman,1,50.000000,14.200000,370.000000,1.000000,true,false,0.000000,0.000000,0.000000,0.000000,0.000000,0.000000,,1.000000,0.000000
vlandian_militia_veteran_spearman,Vlandian Militia Veteran Spearman,2,34.000000,9.400000,370.000000,1.000000,true,false,0.000000,0.000000,0.000000,0.000000,0.000000,0.000000,,1.000000,0.000000
vlandian_militia_veteran_spearman,Vlandian Militia Veteran Spearman,3,49.000000,14.650000,370.000000,1.000000,true,false,0.000000,0.000000,0.000000,0.000000,0.000000,0.000000,,1.000000,0.000000
vlandian_pikeman,Vlandian Pikeman,0,158.000000,38.900000,0.000000,0.000000,false,false,0.000000,0.000000,0.000000,0.000000,0.000000,0.000000,,0.000000,0.000000
vlandian_pikeman,Vlandian Pikeman,1,162.000000,40.600000,0.000000,0.000000,false,false,0.000000,0.000000,0.000000,0.000000,0.000000,0.000000,,0.000000,0.000000
vlandian_pikeman,Vlandian Pikeman,2,158.000000,38.900000,0.000000,0.000000,false,false,0.000000,0.000000,0.000000,0.000000,0.000000,0.000000,,0.000000,0.000000
vlandian_recruit,Vlandian Recruit,0,22.000000,6.500000,0.000000,0.000000,false,false,0.000000,0.000000,0.000000,0.000000,0.000000,0.000000,,0.000000,0.000000
vlandian_recruit,Vlandian Recruit,1,26.000000,7.600000,0.000000,0.000000,false,false,0.000000,0.000000,0.000000,0.000000,0.000000,0.000000,,0.000000,0.000000
vlandian_recruit,Vlandian Recruit,2,20.000000,4.900000,0.000000,0.000000,false,false,0.000000,0.000000,0.000000,0.000000,0.000000,0.000000,,0.000000,0.000000
vlandian_recruit,Vlandian Recruit,3,25.000000,7.550000,0.000000,0.000000,false,false,0.000000,0.000000,0.000000,0.000000,0.000000,0.000000,,0.000000,0.000000
vlandian_sergeant,Vlandian Sergeant,0,173.000000,47.450000,470.000000,17.000000,true,false,0.000000,0.000000,0.000000,0.000000,0.000000,0.000000,,1.000000,0.000000
vlandian_sergeant,Vlandian Sergeant,1,173.000000,47.450000,560.000000,13.000000,true,false,0.000000,0.000000,0.000000,0.000000,0.000000,0.000000,,1.000000,0.000000
vlandian_sergeant,Vlandian Sergeant,2,173.000000,47.450000,470.000000,17.000000,true,false,0.000000,0.000000,0.000000,0.000000,0.000000,0.000000,,1.000000,0.000000
vlandian_sharpshooter,Vlandian Sharpshooter,0,138.000000,33.500000,750.000000,1.000000,true,false,0.000000,0.000000,0.000000,0.000000,0.000000,0.000000,,1.000000,0.000000
vlandian_spearman,Vlandian Spearman,0,73.000000,22.250000,220.000000,1.000000,true,false,0.000000,0.000000,0.000000,0.000000,0.000000,0.000000,,1.000000,0.000000
vlandian_spearman,Vlandian Spearman,1,73.000000,22.250000,300.000000,10.000000,true,false,0.000000,0.000000,0.000000,0.000000,0.000000,0.000000,,1.000000,0.000000
vlandian_spearman,Vlandian Spearman,2,73.000000,22.250000,220.000000,1.000000,true,false,0.000000,0.000000,0.000000,0.000000,0.000000,0.000000,,1.000000,0.000000
vlandian_squire,Vlandian Squire,0,39.000000,12.650000,205.000000,10.000000,true,true,10.000000,0.000000,44.000000,61.000000,22.000000,22.000000,vlandia_horse,1.000000,1.000000
vlandian_squire,Vlandian Squire,1,39.000000,12.650000,205.000000,10.000000,true,true,10.000000,0.000000,44.000000,61.000000,22.000000,22.000000,vlandia_horse,1.000000,1.000000
vlandian_squire,Vlandian Squire,2,39.000000,12.650000,205.000000,10.000000,true,true,10.000000,0.000000,44.000000,61.000000,22.000000,22.000000,vlandia_horse,1.000000,1.000000
vlandian_swordsman,Vlandian Swordsman,0,109.000000,26.350000,370.000000,1.000000,true,false,0.000000,0.000000,0.000000,0.000000,0.000000,0.000000,,1.000000,0.000000
vlandian_swordsman,Vlandian Swordsman,1,102.000000,24.200000,300.000000,10.000000,true,false,0.000000,0.000000,0.000000,0.000000,0.000000,0.000000,,1.000000,0.000000
vlandian_swordsman,Vlandian Swordsman,2,114.000000,28.400000,370.000000,1.000000,true,false,0.000000,0.000000,0.000000,0.000000,0.000000,0.000000,,1.000000,0.000000
vlandian_vanguard,Vlandian Vanguard,0,152.000000,40.200000,430.000000,1.000000,true,true,52.000000,40.000000,46.000000,58.000000,30.000000,30.000000,t2_vlandia_horse,1.000000,1.000000
vlandian_vanguard,Vlandian Vanguard,1,152.000000,40.200000,430.000000,1.000000,true,true,52.000000,40.000000,46.000000,58.000000,30.000000,30.000000,t2_vlandia_horse,1.000000,1.000000
vlandian_vanguard,Vlandian Vanguard,2,152.000000,40.200000,490.000000,5.000000,true,true,52.000000,40.000000,46.000000,58.000000,30.000000,30.000000,t2_vlandia_horse,1.000000,1.000000
vlandian_voulgier,Vlandian Voulgier,0,142.000000,36.700000,0.000000,0.000000,false,false,0.000000,0.000000,0.000000,0.000000,0.000000,0.000000,,0.000000,0.000000
vlandian_voulgier,Vlandian Voulgier,1,140.000000,36.600000,0.000000,0.000000,false,false,0.000000,0.000000,0.000000,0.000000,0.000000,0.000000,,0.000000,0.000000
vlandian_voulgier,Vlandian Voulgier,2,136.000000,34.600000,0.000000,0.000000,false,false,0.000000,0.000000,0.000000,0.000000,0.000000,0.000000,,0.000000,0.000000
wolfskins_tier_1,Young Wolf,0,37.000000,12.150000,390.000000,1.000000,true,false,0.000000,0.000000,0.000000,0.000000,0.000000,0.000000,,1.000000,0.000000
wolfskins_tier_1,Young Wolf,1,38.000000,12.200000,390.000000,1.000000,true,false,0.000000,0.000000,0.000000,0.000000,0.000000,0.000000,,1.000000,0.000000
wolfskins_tier_2,Seasoned Wolf,0,56.000000,16.600000,400.000000,1.000000,true,false,0.000000,0.000000,0.000000,0.000000,0.000000,0.000000,,1.000000,0.000000
wolfskins_tier_2,Seasoned Wolf,1,56.000000,16.600000,400.000000,1.000000,true,false,0.000000,0.000000,0.000000,0.000000,0.000000,0.000000,,1.000000,0.000000
wolfskins_tier_3,Chosen Wolf,0,66.000000,21.100000,370.000000,1.000000,true,false,0.000000,0.000000,0.000000,0.000000,0.000000,0.000000,,1.000000,0.000000
wolfskins_tier_3,Chosen Wolf,1,66.000000,21.100000,370.000000,1.000000,true,false,0.000000,0.000000,0.000000,0.000000,0.000000,0.000000,,1.000000,0.000000
