troop_id,tree_root_id,upgrade_depth,tree_tier,upgrade_path,line_status,line_status_corrected,name,level,occupation,culture,default_group,has_upgrade_targets
aserai_faris,aserai_youth,3,3,aserai_youth|aserai_tribal_horseman|aserai_faris,noble_line,noble_line,Aserai Faris,21.0,Soldier,aserai,Cavalry,True
aserai_footman,aserai_recruit,3,3,aserai_recruit|aserai_tribesman|aserai_footman,main_or_minor_line,main_or_minor_line,Aserai Footman,16.0,Soldier,aserai,Infantry,True
aserai_infantry,aserai_recruit,4,4,aserai_recruit|aserai_tribesman|aserai_footman|aserai_infantry,main_or_minor_line,main_or_minor_line,Aserai Infantry,21.0,Soldier,aserai,Infantry,True
aserai_mameluke_axeman,aserai_recruit,3,3,aserai_recruit|aserai_mameluke_soldier|aserai_mameluke_axeman,main_or_minor_line,main_or_minor_line,Aserai Mamluke Axeman,16.0,Soldier,aserai,Infantry,True
aserai_mameluke_cavalry,aserai_recruit,4,4,aserai_recruit|aserai_mameluke_soldier|aserai_mameluke_regular|aserai_mameluke_cavalry,main_or_minor_line,main_or_minor_line,Aserai Mamluke Cavalry,21.0,Soldier,aserai,HorseArcher,True
aserai_mameluke_guard,aserai_recruit,4,4,aserai_recruit|aserai_mameluke_soldier|aserai_mameluke_axeman|aserai_mameluke_guard,main_or_minor_line,main_or_minor_line,Aserai Mamluke Guard,21.0,Soldier,aserai,Infantry,True
aserai_mameluke_heavy_cavalry,aserai_recruit,5,5,aserai_recruit|aserai_mameluke_soldier|aserai_mameluke_regular|aserai_mameluke_cavalry|aserai_mameluke_heavy_cavalry,main_or_minor_line,main_or_minor_line,Aserai Mamluke Heavy Cavalry,26.0,Soldier,aserai,HorseArcher,False
aserai_mameluke_regular,aserai_recruit,3,3,aserai_recruit|aserai_mameluke_soldier|aserai_mameluke_regular,main_or_minor_line,main_or_minor_line,Aserai Mamluke Regular,16.0,Soldier,aserai,Cavalry,True
aserai_mameluke_soldier,aserai_recruit,2,2,aserai_recruit|aserai_mameluke_soldier,main_or_minor_line,main_or_minor_line,Aserai Mamluke Soldier,11.0,Soldier,aserai,Infantry,True
aserai_marine_t4,aserai_marine_t4,1,1,aserai_marine_t4,main_or_minor_line,main_or_minor_line,Aserai Veteran Sailor,21.0,Soldier,aserai,Ranged,True
aserai_marine_t5,aserai_marine_t4,2,2,aserai_marine_t4|aserai_marine_t5,main_or_minor_line,main_or_minor_line,Aserai Bahriyyah,26.0,Soldier,aserai,Ranged,False
aserai_recruit,aserai_recruit,1,1,aserai_recruit,main_or_minor_line,main_or_minor_line,Aserai Recruit,6.0,Soldier,aserai,Infantry,True
aserai_tribal_horseman,aserai_youth,2,2,aserai_youth|aserai_tribal_horseman,noble_line,noble_line,Aserai Tribal Horseman,16.0,Soldier,aserai,Cavalry,True
aserai_tribesman,aserai_recruit,2,2,aserai_recruit|aserai_tribesman,main_or_minor_line,main_or_minor_line,Aserai Tribesman,11.0,Soldier,aserai,Infantry,True
aserai_vanguard_faris,aserai_youth,5,5,aserai_youth|aserai_tribal_horseman|aserai_faris|aserai_veteran_faris|aserai_vanguard_faris,noble_line,noble_line,Aserai Vanguard Faris,31.0,Soldier,aserai,Cavalry,False
aserai_veteran_faris,aserai_youth,4,4,aserai_youth|aserai_tribal_horseman|aserai_faris|aserai_veteran_faris,noble_line,noble_line,Aserai Veteran Faris,26.0,Soldier,aserai,Cavalry,True
aserai_veteran_infantry,aserai_recruit,5,5,aserai_recruit|aserai_tribesman|aserai_footman|aserai_infantry|aserai_veteran_infantry,main_or_minor_line,main_or_minor_line,Aserai Veteran Infantry,26.0,Soldier,aserai,Infantry,False
aserai_youth,aserai_youth,1,1,aserai_youth,noble_line,noble_line,Aserai Youth,11.0,Soldier,aserai,Cavalry,True
balcoth_archer,balcoth_volunteer,3,3,balcoth_volunteer|balcoth_footman|balcoth_archer,main_or_minor_line,main_or_minor_line,[Rhûn] Balcoth Archer,21.0,Soldier,khuzait,Ranged,True
balcoth_axeman,balcoth_volunteer,3,3,balcoth_volunteer|balcoth_footman|balcoth_axeman,main_or_minor_line,main_or_minor_line,[Rhûn] Balcoth Axeman,21.0,Soldier,khuzait,Infantry,True
balcoth_farshot_horse_archer,balcoth_volunteer,5,5,balcoth_volunteer|balcoth_footman|balcoth_archer|balcoth_horse_archer|balcoth_farshot_horse_archer,main_or_minor_line,main_or_minor_line,[Rhûn] Balcoth Farshot Horse Archer,31.0,Soldier,khuzait,HorseArcher,False
balcoth_footman,balcoth_volunteer,2,2,balcoth_volunteer|balcoth_footman,main_or_minor_line,main_or_minor_line,[Rhûn] Balcoth Footman,16.0,Soldier,khuzait,Infantry,True
balcoth_horse_archer,balcoth_volunteer,4,4,balcoth_volunteer|balcoth_footman|balcoth_archer|balcoth_horse_archer,main_or_minor_line,main_or_minor_line,[Rhûn] Balcoth Horse Archer,26.0,Soldier,khuzait,HorseArcher,True
balcoth_veteran_axeman,balcoth_volunteer,4,4,balcoth_volunteer|balcoth_footman|balcoth_axeman|balcoth_veteran_axeman,main_or_minor_line,main_or_minor_line,[Rhûn] Balcoth Veteran Axeman,26.0,Soldier,khuzait,Infantry,False
balcoth_volunteer,balcoth_volunteer,1,1,balcoth_volunteer,main_or_minor_line,main_or_minor_line,[Rhûn] Balcoth Volunteer,11.0,Soldier,khuzait,Infantry,True
battanian_clanwarrior,battanian_volunteer,2,2,battanian_volunteer|battanian_clanwarrior,main_or_minor_line,main_or_minor_line,Battanian Clan Warrior,11.0,Soldier,battania,Infantry,True
battanian_falxman,battanian_volunteer,4,4,battanian_volunteer|battanian_woodrunner|battanian_raider|battanian_falxman,main_or_minor_line,main_or_minor_line,Battanian Falxman,21.0,Soldier,battania,Infantry,True
battanian_fian,battanian_highborn_youth,4,4,battanian_highborn_youth|battanian_highborn_warrior|battanian_hero|battanian_fian,noble_line,noble_line,Battanian Fian,26.0,Soldier,battania,Ranged,True
battanian_fian_champion,battanian_highborn_youth,5,5,battanian_highborn_youth|battanian_highborn_warrior|battanian_hero|battanian_fian|battanian_fian_champion,noble_line,noble_line,Battanian Fian Champion,31.0,Soldier,battania,Ranged,False
battanian_hero,battanian_highborn_youth,3,3,battanian_highborn_youth|battanian_highborn_warrior|battanian_hero,noble_line,noble_line,Battanian Hero,21.0,Soldier,battania,Ranged,True
battanian_highborn_warrior,battanian_highborn_youth,2,2,battanian_highborn_youth|battanian_highborn_warrior,noble_line,noble_line,Battanian Highborn Warrior,16.0,Soldier,battania,Ranged,True
battanian_highborn_youth,battanian_highborn_youth,1,1,battanian_highborn_youth,noble_line,noble_line,Battanian Highborn Youth,11.0,Soldier,battania,Ranged,True
battanian_horseman,battanian_volunteer,5,5,battanian_volunteer|battanian_clanwarrior|battanian_trained_warrior|battanian_scout|battanian_horseman,main_or_minor_line,main_or_minor_line,Battanian Horseman,26.0,Soldier,battania,Cavalry,False
battanian_marine_t4,battanian_marine_t4,1,1,battanian_marine_t4,main_or_minor_line,main_or_minor_line,Battanian River Raider,21.0,Soldier,battania,Infantry,True
battanian_marine_t5,battanian_marine_t4,2,2,battanian_marine_t4|battanian_marine_t5,main_or_minor_line,main_or_minor_line,Battanian Skipari,26.0,Soldier,battania,Infantry,False
battanian_oathsworn,battanian_volunteer,5,5,battanian_volunteer|battanian_clanwarrior|battanian_trained_warrior|battanian_picked_warrior|battanian_oathsworn,main_or_minor_line,main_or_minor_line,Battanian Oathsworn,26.0,Soldier,battania,Infantry,False
battanian_picked_warrior,battanian_volunteer,4,4,battanian_volunteer|battanian_clanwarrior|battanian_trained_warrior|battanian_picked_warrior,main_or_minor_line,main_or_minor_line,Battanian Picked Warrior,21.0,Soldier,battania,Infantry,True
battanian_raider,battanian_volunteer,3,3,battanian_volunteer|battanian_woodrunner|battanian_raider,main_or_minor_line,main_or_minor_line,Battanian Raider,16.0,Soldier,battania,Infantry,True
battanian_scout,battanian_volunteer,4,4,battanian_volunteer|battanian_clanwarrior|battanian_trained_warrior|battanian_scout,main_or_minor_line,main_or_minor_line,Battanian Scout,21.0,Soldier,battania,Cavalry,True
battanian_trained_warrior,battanian_volunteer,3,3,battanian_volunteer|battanian_clanwarrior|battanian_trained_warrior,main_or_minor_line,main_or_minor_line,Battanian Trained Warrior,16.0,Soldier,battania,Infantry,True
battanian_veteran_falxman,battanian_volunteer,5,5,battanian_volunteer|battanian_woodrunner|battanian_raider|battanian_falxman|battanian_veteran_falxman,main_or_minor_line,main_or_minor_line,Battanian Veteran Falxman,26.0,Soldier,battania,Infantry,False
battanian_volunteer,battanian_volunteer,1,1,battanian_volunteer,main_or_minor_line,main_or_minor_line,Battanian Volunteer,6.0,Soldier,battania,Infantry,True
battanian_woodrunner,battanian_volunteer,2,2,battanian_volunteer|battanian_woodrunner,main_or_minor_line,main_or_minor_line,Battanian Wood Runner,11.0,Soldier,battania,Infantry,True
battlemaster_of_the_first_age,imladris_recruit,5,5,imladris_recruit|imladris_infantry|imladris_swordguard|imladris_nobleman|battlemaster_of_the_first_age,main_or_minor_line,main_or_minor_line,[Rivendell] Battlemaster of the First Age,41.0,Soldier,rivendell,Infantry,False
beni_zilal_tier_1,beni_zilal_tier_1,1,1,beni_zilal_tier_1,main_or_minor_line,main_or_minor_line,Beni Zilal Recruit,11.0,Soldier,aserai,Cavalry,True
beni_zilal_tier_2,beni_zilal_tier_1,2,2,beni_zilal_tier_1|beni_zilal_tier_2,main_or_minor_line,main_or_minor_line,Beni Zilal Soldier,16.0,Soldier,aserai,Cavalry,True
beni_zilal_tier_3,beni_zilal_tier_1,3,3,beni_zilal_tier_1|beni_zilal_tier_2|beni_zilal_tier_3,main_or_minor_line,main_or_minor_line,Beni Zilal Royal Guard,21.0,Soldier,aserai,Cavalry,False
black_sun_archer,black_sun_trainee,4,4,black_sun_trainee|black_sun_footman|black_sun_scout|black_sun_archer,main_or_minor_line,main_or_minor_line,[Rhûn] Black Sun Archer,26.0,Soldier,khuzait,Ranged,True
black_sun_chosen_marksman,black_sun_trainee,7,7,black_sun_trainee|black_sun_footman|black_sun_scout|black_sun_archer|black_sun_longbowman|black_sun_marksman|black_sun_chosen_marksman,main_or_minor_line,main_or_minor_line,[Rhûn] Black Sun Chosen Marksman,41.0,Soldier,khuzait,Ranged,False
black_sun_executioner,black_sun_trainee,5,5,black_sun_trainee|black_sun_footman|black_sun_raider|black_sun_reaver|black_sun_executioner,main_or_minor_line,main_or_minor_line,[Rhûn] Black Sun Executioner,31.0,Soldier,khuzait,Infantry,True
black_sun_footman,black_sun_trainee,2,2,black_sun_trainee|black_sun_footman,main_or_minor_line,main_or_minor_line,[Rhûn] Black Sun Footman,16.0,Soldier,khuzait,Infantry,True
black_sun_longbowman,black_sun_trainee,5,5,black_sun_trainee|black_sun_footman|black_sun_scout|black_sun_archer|black_sun_longbowman,main_or_minor_line,main_or_minor_line,[Rhûn] Black Sun Longbowman,31.0,Soldier,khuzait,Ranged,True
black_sun_marksman,black_sun_trainee,6,6,black_sun_trainee|black_sun_footman|black_sun_scout|black_sun_archer|black_sun_longbowman|black_sun_marksman,main_or_minor_line,main_or_minor_line,[Rhûn] Black Sun Marksman,36.0,Soldier,khuzait,Ranged,True
black_sun_raider,black_sun_trainee,3,3,black_sun_trainee|black_sun_footman|black_sun_raider,main_or_minor_line,main_or_minor_line,[Rhûn] Black Sun Raider,21.0,Soldier,khuzait,Infantry,True
black_sun_reaver,black_sun_trainee,4,4,black_sun_trainee|black_sun_footman|black_sun_raider|black_sun_reaver,main_or_minor_line,main_or_minor_line,[Rhûn] Black Sun Reaver,26.0,Soldier,khuzait,Infantry,True
black_sun_scourge,black_sun_trainee,6,6,black_sun_trainee|black_sun_footman|black_sun_raider|black_sun_reaver|black_sun_executioner|black_sun_scourge,main_or_minor_line,main_or_minor_line,[Rhûn] Black Sun Scourge,36.0,Soldier,khuzait,Infantry,False
black_sun_scout,black_sun_trainee,3,3,black_sun_trainee|black_sun_footman|black_sun_scout,main_or_minor_line,main_or_minor_line,[Rhûn] Black Sun Scout,21.0,Soldier,khuzait,Ranged,True
black_sun_trainee,black_sun_trainee,1,1,black_sun_trainee,main_or_minor_line,main_or_minor_line,[Rhûn] Black Sun Trainee,11.0,Soldier,khuzait,Infantry,True
borrowed_troop,borrowed_troop,1,1,borrowed_troop,main_or_minor_line,main_or_minor_line,Borrowed Troop,6.0,Soldier,empire,Infantry,True
brotherhood_of_woods_tier_1,brotherhood_of_woods_tier_1,1,1,brotherhood_of_woods_tier_1,main_or_minor_line,main_or_minor_line,Sprout,11.0,Soldier,vlandia,Ranged,True
brotherhood_of_woods_tier_2,brotherhood_of_woods_tier_1,2,2,brotherhood_of_woods_tier_1|brotherhood_of_woods_tier_2,main_or_minor_line,main_or_minor_line,Sapling,16.0,Soldier,vlandia,Ranged,True
brotherhood_of_woods_tier_3,brotherhood_of_woods_tier_1,3,3,brotherhood_of_woods_tier_1|brotherhood_of_woods_tier_2|brotherhood_of_woods_tier_3,main_or_minor_line,main_or_minor_line,Arboreal,21.0,Soldier,vlandia,Ranged,False
bucellarii,imperial_recruit,5,5,imperial_recruit|imperial_archer|imperial_trained_archer|imperial_veteran_archer|bucellarii,main_or_minor_line,main_or_minor_line,Imperial Bucellarii,26.0,Soldier,empire,HorseArcher,False
company_of_the_boar_tier_1,company_of_the_boar_tier_1,1,1,company_of_the_boar_tier_1,main_or_minor_line,main_or_minor_line,Boar Novice,11.0,Soldier,vlandia,Ranged,True
company_of_the_boar_tier_2,company_of_the_boar_tier_1,2,2,company_of_the_boar_tier_1|company_of_the_boar_tier_2,main_or_minor_line,main_or_minor_line,Boar Veteran,16.0,Soldier,vlandia,Ranged,True
company_of_the_boar_tier_3,company_of_the_boar_tier_1,3,3,company_of_the_boar_tier_1|company_of_the_boar_tier_2|company_of_the_boar_tier_3,main_or_minor_line,main_or_minor_line,Boar Champion,21.0,Soldier,vlandia,Ranged,False
dale_black_arrow_marksman,dale_squire,5,5,dale_squire|dale_bowman|dale_longbowman|dale_royal_archer|dale_black_arrow_marksman,main_or_minor_line,main_or_minor_line,[Dale] Dalian Barding,31.0,Soldier,sturgia,Ranged,False
dale_bowman,dale_squire,2,2,dale_squire|dale_bowman,main_or_minor_line,main_or_minor_line,[Dale] Dalian Yeoman,16.0,Soldier,sturgia,Ranged,True
dale_crossbowman,dale_squire,2,2,dale_squire|dale_crossbowman,main_or_minor_line,main_or_minor_line,[Dale] Dalian Crossbowman,16.0,Soldier,sturgia,Ranged,True
dale_dalian_mariner,dale_squire,4,4,dale_squire|dale_riverman|dale_shipman|dale_dalian_mariner,main_or_minor_line,main_or_minor_line,[Dale] Dalian Mariner,26.0,Soldier,sturgia,Infantry,False
dale_footman,dale_recruit,3,3,dale_recruit|dale_militia|dale_footman,main_or_minor_line,main_or_minor_line,[Dale] Lake-Town Patrolman,16.0,Soldier,sturgia,Infantry,True
dale_guardsman,dale_squire,3,3,dale_squire|dale_man_at_arms|dale_guardsman,main_or_minor_line,main_or_minor_line,[Dale] Dalian Guardsman,21.0,Soldier,sturgia,Infantry,True
dale_kings_guard,dale_squire,5,5,dale_squire|dale_outrider|dale_royal_cavalier|dale_kinsman_of_eorl|dale_kings_guard,main_or_minor_line,main_or_minor_line,[Dale] Dalian King's Guard,31.0,Soldier,sturgia,Cavalry,False
dale_kinsman_of_eorl,dale_squire,4,4,dale_squire|dale_outrider|dale_royal_cavalier|dale_kinsman_of_eorl,main_or_minor_line,main_or_minor_line,[Dale] Dalian Heavy Cavalry,26.0,Soldier,sturgia,Cavalry,True
dale_knight,dale_squire,3,3,dale_squire|dale_outrider|dale_knight,main_or_minor_line,main_or_minor_line,[Dale] Dalian Northman Scout,21.0,Soldier,sturgia,Cavalry,True
dale_lake_town_hearthguard,dale_recruit,6,6,dale_recruit|dale_militia|dale_footman|dale_spearman|dale_veteran_spearman|dale_lake_town_hearthguard,main_or_minor_line,main_or_minor_line,[Dale] Lake-Town Hearthguard,31.0,Soldier,sturgia,Infantry,False
dale_lake_town_mariner,dale_recruit,4,4,dale_recruit|dale_militia|dale_lake_town_skirmisher|dale_lake_town_mariner,main_or_minor_line,main_or_minor_line,[Dale] Lake-Town Veteran Watchman,21.0,Soldier,sturgia,Infantry,True
dale_lake_town_skirmisher,dale_recruit,3,3,dale_recruit|dale_militia|dale_lake_town_skirmisher,main_or_minor_line,main_or_minor_line,[Dale] Lake-Town Watchman,16.0,Soldier,sturgia,Infantry,True
dale_lake_town_veteran,dale_recruit,5,5,dale_recruit|dale_militia|dale_lake_town_skirmisher|dale_lake_town_mariner|dale_lake_town_veteran,main_or_minor_line,main_or_minor_line,[Dale] Lake-Town Officer of the Watch,26.0,Soldier,sturgia,Infantry,False
dale_longbowman,dale_squire,3,3,dale_squire|dale_bowman|dale_longbowman,main_or_minor_line,main_or_minor_line,[Dale] Dalian Bowman,21.0,Soldier,sturgia,Ranged,True
dale_man_at_arms,dale_squire,2,2,dale_squire|dale_man_at_arms,main_or_minor_line,main_or_minor_line,[Dale] Dalian Militia,16.0,Soldier,sturgia,Infantry,True
dale_master_crossbowman,dale_squire,5,5,dale_squire|dale_crossbowman|dale_veteran_crossbowman|dale_royal_crossbowman|dale_master_crossbowman,main_or_minor_line,main_or_minor_line,[Dale] Dalian Royal Crossbowman,31.0,Soldier,sturgia,Ranged,False
dale_militia,dale_recruit,2,2,dale_recruit|dale_militia,main_or_minor_line,main_or_minor_line,[Dale] Lake-Town Militia,11.0,Soldier,sturgia,Infantry,True
dale_militia_archer,dale_militia_archer,1,1,dale_militia_archer,main_or_minor_line,main_or_minor_line,[Dale] Militia Archer,6.0,Soldier,sturgia,Ranged,True
dale_militia_spearman,dale_militia_spearman,1,1,dale_militia_spearman,main_or_minor_line,main_or_minor_line,[Dale] Militia Spearman,6.0,Soldier,sturgia,Infantry,True
dale_militia_veteran_archer,dale_militia_archer,2,2,dale_militia_archer|dale_militia_veteran_archer,main_or_minor_line,main_or_minor_line,[Dale] Veteran Militia Archer,16.0,Soldier,sturgia,Ranged,False
dale_militia_veteran_spearman,dale_militia_spearman,2,2,dale_militia_spearman|dale_militia_veteran_spearman,main_or_minor_line,main_or_minor_line,[Dale] Veteran Militia Spearman,16.0,Soldier,sturgia,Infantry,False
dale_outrider,dale_squire,2,2,dale_squire|dale_outrider,main_or_minor_line,main_or_minor_line,[Dale] Dalian Merchant Guard,16.0,Soldier,sturgia,Cavalry,True
dale_recruit,dale_recruit,1,1,dale_recruit,main_or_minor_line,main_or_minor_line,[Dale] Lake-Town Peasant,6.0,Soldier,sturgia,Infantry,True
dale_riverman,dale_squire,2,2,dale_squire|dale_riverman,main_or_minor_line,main_or_minor_line,[Dale] Dalian Riverman,16.0,Soldier,sturgia,Infantry,True
dale_royal_archer,dale_squire,4,4,dale_squire|dale_bowman|dale_longbowman|dale_royal_archer,main_or_minor_line,main_or_minor_line,[Dale] Dalian Marksman,26.0,Soldier,sturgia,Ranged,True
dale_royal_cavalier,dale_squire,3,3,dale_squire|dale_outrider|dale_royal_cavalier,main_or_minor_line,main_or_minor_line,[Dale] Dalian Cavalry,21.0,Soldier,sturgia,Cavalry,True
dale_royal_crossbowman,dale_squire,4,4,dale_squire|dale_crossbowman|dale_veteran_crossbowman|dale_royal_crossbowman,main_or_minor_line,main_or_minor_line,[Dale] Dalian Master Crossbowman,26.0,Soldier,sturgia,Ranged,True
dale_royal_guard,dale_squire,4,4,dale_squire|dale_man_at_arms|dale_guardsman|dale_royal_guard,main_or_minor_line,main_or_minor_line,[Dale] Dalian Swordsman,26.0,Soldier,sturgia,Infantry,True
dale_running_river_warden,dale_squire,5,5,dale_squire|dale_man_at_arms|dale_guardsman|dale_royal_guard|dale_running_river_warden,main_or_minor_line,main_or_minor_line,[Dale] Dalian Royal Swordsman,31.0,Soldier,sturgia,Infantry,False
dale_shipman,dale_squire,3,3,dale_squire|dale_riverman|dale_shipman,main_or_minor_line,main_or_minor_line,[Dale] Dalian Shipman,21.0,Soldier,sturgia,Infantry,True
dale_spearman,dale_recruit,4,4,dale_recruit|dale_militia|dale_footman|dale_spearman,main_or_minor_line,main_or_minor_line,[Dale] Lake-Town Pikeman,21.0,Soldier,sturgia,Infantry,True
dale_squire,dale_squire,1,1,dale_squire,main_or_minor_line,main_or_minor_line,[Dale] Dalian Levy,11.0,Soldier,sturgia,Infantry,True
dale_veteran_crossbowman,dale_squire,3,3,dale_squire|dale_crossbowman|dale_veteran_crossbowman,main_or_minor_line,main_or_minor_line,[Dale] Dalian Veteran Crossbowman,21.0,Soldier,sturgia,Ranged,True
dale_veteran_northman_scout,dale_squire,4,4,dale_squire|dale_outrider|dale_knight|dale_veteran_northman_scout,main_or_minor_line,main_or_minor_line,[Dale] Dalian Veteran Northman Scout,26.0,Soldier,sturgia,Cavalry,False
dale_veteran_spearman,dale_recruit,5,5,dale_recruit|dale_militia|dale_footman|dale_spearman|dale_veteran_spearman,main_or_minor_line,main_or_minor_line,[Dale] Lake-Town Veteran Pikeman,26.0,Soldier,sturgia,Infantry,True
darkhun_cavalry,darkhun_recruit,4,4,darkhun_recruit|darkhun_footman|darkhun_horseman|darkhun_cavalry,main_or_minor_line,main_or_minor_line,[Rhûn] Darkhûn Cavalry,26.0,Soldier,khuzait,Cavalry,True
darkhun_cultist_knight,darkhun_recruit,7,7,darkhun_recruit|darkhun_footman|darkhun_horseman|darkhun_cavalry|darkhun_veteran_cavalry|darkhun_knight|darkhun_cultist_knight,main_or_minor_line,main_or_minor_line,[Rhûn] Darkhûn Cultist Knight,41.0,Soldier,khuzait,Cavalry,False
darkhun_footman,darkhun_recruit,2,2,darkhun_recruit|darkhun_footman,main_or_minor_line,main_or_minor_line,[Rhûn] Darkhûn Footman,16.0,Soldier,khuzait,Infantry,True
darkhun_guard,darkhun_recruit,5,5,darkhun_recruit|darkhun_footman|darkhun_infantry|darkhun_veteran_infantry|darkhun_guard,main_or_minor_line,main_or_minor_line,[Rhûn] Darkhûn Guard,31.0,Soldier,khuzait,Infantry,True
darkhun_horseman,darkhun_recruit,3,3,darkhun_recruit|darkhun_footman|darkhun_horseman,main_or_minor_line,main_or_minor_line,[Rhûn] Darkhûn Horseman,21.0,Soldier,khuzait,Cavalry,True
darkhun_infantry,darkhun_recruit,3,3,darkhun_recruit|darkhun_footman|darkhun_infantry,main_or_minor_line,main_or_minor_line,[Rhûn] Darkhûn Infantry,21.0,Soldier,khuzait,Infantry,True
darkhun_ironbound,darkhun_recruit,6,6,darkhun_recruit|darkhun_footman|darkhun_infantry|darkhun_veteran_infantry|darkhun_guard|darkhun_ironbound,main_or_minor_line,main_or_minor_line,[Rhûn] Darkhûn Ironbound,36.0,Soldier,khuzait,Infantry,False
darkhun_knight,darkhun_recruit,6,6,darkhun_recruit|darkhun_footman|darkhun_horseman|darkhun_cavalry|darkhun_veteran_cavalry|darkhun_knight,main_or_minor_line,main_or_minor_line,[Rhûn] Darkhûn Knight,36.0,Soldier,khuzait,Cavalry,True
darkhun_recruit,darkhun_recruit,1,1,darkhun_recruit,main_or_minor_line,main_or_minor_line,[Rhûn] Darkhûn Recruit,11.0,Soldier,khuzait,Infantry,True
darkhun_veteran_cavalry,darkhun_recruit,5,5,darkhun_recruit|darkhun_footman|darkhun_horseman|darkhun_cavalry|darkhun_veteran_cavalry,main_or_minor_line,main_or_minor_line,[Rhûn] Darkhûn Veteran Cavalry,31.0,Soldier,khuzait,Cavalry,True
darkhun_veteran_infantry,darkhun_recruit,4,4,darkhun_recruit|darkhun_footman|darkhun_infantry|darkhun_veteran_infantry,main_or_minor_line,main_or_minor_line,[Rhûn] Darkhûn Veteran Infantry,26.0,Soldier,khuzait,Infantry,True
dg_fell_warg_rider,dg_orc_recruit,6,6,dg_orc_recruit|dg_warg_scout|dg_warg_raider|dg_warg_skirmisher|dg_warg_red_fang|dg_fell_warg_rider,main_or_minor_line,main_or_minor_line,[Dol Guldur] Fell Ravager,36.0,Soldier,dolguldur,Cavalry,False
dg_goblin_archer,dg_goblin_slave,4,4,dg_goblin_slave|dg_goblin_crawler|dg_goblin_hunter|dg_goblin_archer,main_or_minor_line,main_or_minor_line,[Dol Guldur] Goblin Archer,21.0,Soldier,dolguldur,Ranged,True
dg_goblin_crawler,dg_goblin_slave,2,2,dg_goblin_slave|dg_goblin_crawler,main_or_minor_line,main_or_minor_line,[Dol Guldur] Goblin Crawler,6.0,Soldier,dolguldur,Infantry,True
dg_goblin_fellbow,dg_goblin_slave,5,5,dg_goblin_slave|dg_goblin_crawler|dg_goblin_hunter|dg_goblin_archer|dg_goblin_fellbow,main_or_minor_line,main_or_minor_line,[Dol Guldur] Goblin Fellbow,26.0,Soldier,dolguldur,Ranged,False
dg_goblin_harrier,dg_goblin_slave,2,2,dg_goblin_slave|dg_goblin_harrier,main_or_minor_line,main_or_minor_line,[Dol Guldur] Goblin Harrier,6.0,Soldier,dolguldur,Infantry,True
dg_goblin_hunter,dg_goblin_slave,3,3,dg_goblin_slave|dg_goblin_crawler|dg_goblin_hunter,main_or_minor_line,main_or_minor_line,[Dol Guldur] Goblin Hunter,11.0,Soldier,dolguldur,Ranged,True
dg_goblin_impaler,dg_goblin_slave,4,4,dg_goblin_slave|dg_goblin_harrier|dg_goblin_skirmisher|dg_goblin_impaler,main_or_minor_line,main_or_minor_line,[Dol Guldur] Goblin Impaler,21.0,Soldier,dolguldur,Infantry,False
dg_goblin_skirmisher,dg_goblin_slave,3,3,dg_goblin_slave|dg_goblin_harrier|dg_goblin_skirmisher,main_or_minor_line,main_or_minor_line,[Dol Guldur] Goblin Skirmisher,16.0,Soldier,dolguldur,Infantry,True
dg_goblin_slave,dg_goblin_slave,1,1,dg_goblin_slave,main_or_minor_line,main_or_minor_line,[Dol Guldur] Goblin Runt,1.0,Soldier,dolguldur,Infantry,True
dg_khamul_shadow_archer,dg_khamul_shadow_initiate,3,3,dg_khamul_shadow_initiate|dg_khamul_shadow_disciple|dg_khamul_shadow_archer,main_or_minor_line,main_or_minor_line,[Dol Guldur] Shadow Archer,31.0,Soldier,dolguldur,Ranged,True
dg_khamul_shadow_bowman,dg_khamul_shadow_initiate,6,6,dg_khamul_shadow_initiate|dg_khamul_shadow_disciple|dg_khamul_shadow_archer|dg_khamul_shadow_marksman|dg_khamul_veiled_marksman|dg_khamul_shadow_bowman,main_or_minor_line,main_or_minor_line,[Dol Guldur] Khamûl's Shadowbow,46.0,Soldier,dolguldur,Ranged,False
dg_khamul_shadow_disciple,dg_khamul_shadow_initiate,2,2,dg_khamul_shadow_initiate|dg_khamul_shadow_disciple,main_or_minor_line,main_or_minor_line,[Dol Guldur] Shadow Disciple,26.0,Soldier,dolguldur,Infantry,True
dg_khamul_shadow_guard,dg_khamul_shadow_initiate,6,6,dg_khamul_shadow_initiate|dg_khamul_shadow_disciple|dg_khamul_shadow_infantry|dg_khamul_shadow_warden|dg_khamul_veiled_guard|dg_khamul_shadow_guard,main_or_minor_line,main_or_minor_line,[Dol Guldur] Khamûl's Shadow-Guard,46.0,Soldier,dolguldur,Infantry,False
dg_khamul_shadow_infantry,dg_khamul_shadow_initiate,3,3,dg_khamul_shadow_initiate|dg_khamul_shadow_disciple|dg_khamul_shadow_infantry,main_or_minor_line,main_or_minor_line,[Dol Guldur] Shadow Infantry,31.0,Soldier,dolguldur,Infantry,True
dg_khamul_shadow_initiate,dg_khamul_shadow_initiate,1,1,dg_khamul_shadow_initiate,main_or_minor_line,main_or_minor_line,[Dol Guldur] Shadow Initiate,21.0,Soldier,dolguldur,Infantry,True
dg_khamul_shadow_knight,dg_khamul_shadow_initiate,6,6,dg_khamul_shadow_initiate|dg_khamul_shadow_disciple|dg_khamul_shadow_infantry|dg_khamul_shadow_warden|dg_khamul_veiled_knight|dg_khamul_shadow_knight,main_or_minor_line,main_or_minor_line,[Dol Guldur] Khamûl's Shadow-Knight,46.0,Soldier,dolguldur,Cavalry,False
dg_khamul_shadow_marksman,dg_khamul_shadow_initiate,4,4,dg_khamul_shadow_initiate|dg_khamul_shadow_disciple|dg_khamul_shadow_archer|dg_khamul_shadow_marksman,main_or_minor_line,main_or_minor_line,[Dol Guldur] Shadow Marksman,36.0,Soldier,dolguldur,Ranged,True
dg_khamul_shadow_reaper,dg_khamul_shadow_initiate,6,6,dg_khamul_shadow_initiate|dg_khamul_shadow_disciple|dg_khamul_shadow_infantry|dg_khamul_shadow_warden|dg_khamul_veiled_reaper|dg_khamul_shadow_reaper,main_or_minor_line,main_or_minor_line,[Dol Guldur] Khamûl's Shadow-Reaper,46.0,Soldier,dolguldur,Infantry,False
dg_khamul_shadow_warden,dg_khamul_shadow_initiate,4,4,dg_khamul_shadow_initiate|dg_khamul_shadow_disciple|dg_khamul_shadow_infantry|dg_khamul_shadow_warden,main_or_minor_line,main_or_minor_line,[Dol Guldur] Shadow Warden,36.0,Soldier,dolguldur,Infantry,True
dg_khamul_veiled_guard,dg_khamul_shadow_initiate,5,5,dg_khamul_shadow_initiate|dg_khamul_shadow_disciple|dg_khamul_shadow_infantry|dg_khamul_shadow_warden|dg_khamul_veiled_guard,main_or_minor_line,main_or_minor_line,[Dol Guldur] Khamûl's Veiled Guard,41.0,Soldier,dolguldur,Infantry,True
dg_khamul_veiled_knight,dg_khamul_shadow_initiate,5,5,dg_khamul_shadow_initiate|dg_khamul_shadow_disciple|dg_khamul_shadow_infantry|dg_khamul_shadow_warden|dg_khamul_veiled_knight,main_or_minor_line,main_or_minor_line,[Dol Guldur] Khamûl's Veiled Knight,41.0,Soldier,dolguldur,Cavalry,True
dg_khamul_veiled_marksman,dg_khamul_shadow_initiate,5,5,dg_khamul_shadow_initiate|dg_khamul_shadow_disciple|dg_khamul_shadow_archer|dg_khamul_shadow_marksman|dg_khamul_veiled_marksman,main_or_minor_line,main_or_minor_line,[Dol Guldur] Khamûl's Veiled Marksman,41.0,Soldier,dolguldur,Ranged,True
dg_khamul_veiled_reaper,dg_khamul_shadow_initiate,5,5,dg_khamul_shadow_initiate|dg_khamul_shadow_disciple|dg_khamul_shadow_infantry|dg_khamul_shadow_warden|dg_khamul_veiled_reaper,main_or_minor_line,main_or_minor_line,[Dol Guldur] Khamûl's Veiled Reaper,41.0,Soldier,dolguldur,Infantry,True
dg_orc_archer,dg_orc_scout,2,2,dg_orc_scout|dg_orc_archer,main_or_minor_line,main_or_minor_line,[Dol Guldur] Orc Archer,26.0,Soldier,dolguldur,Ranged,False
dg_orc_gnasher,dg_orc_recruit,2,2,dg_orc_recruit|dg_orc_gnasher,main_or_minor_line,main_or_minor_line,[Dol Guldur] Orc Gnasher,11.0,Soldier,dolguldur,Infantry,True
dg_orc_reaver,dg_orc_recruit,4,4,dg_orc_recruit|dg_orc_gnasher|dg_orc_warrior|dg_orc_reaver,main_or_minor_line,main_or_minor_line,[Dol Guldur] Orc Reaver,21.0,Soldier,dolguldur,Infantry,False
dg_orc_recruit,dg_orc_recruit,1,1,dg_orc_recruit,main_or_minor_line,main_or_minor_line,[Dol Guldur] Orc Recruit,6.0,Soldier,dolguldur,Infantry,True
dg_orc_scout,dg_orc_scout,1,1,dg_orc_scout,main_or_minor_line,main_or_minor_line,[Dol Guldur] Orc Scout,21.0,Soldier,dolguldur,Ranged,True
dg_orc_warrior,dg_orc_recruit,3,3,dg_orc_recruit|dg_orc_gnasher|dg_orc_warrior,main_or_minor_line,main_or_minor_line,[Dol Guldur] Orc Warrior,16.0,Soldier,dolguldur,Infantry,True
dg_uruk_black_guard,dg_uruk_foul,6,6,dg_uruk_foul|dg_uruk_warrior|dg_uruk_veteran_warrior|dg_uruk_swordsman|dg_uruk_fell_infantry|dg_uruk_black_guard,main_or_minor_line,main_or_minor_line,[Dol Guldur] Uruk Black Guard,31.0,Soldier,dolguldur,Infantry,False
dg_uruk_black_sharpshooter,dg_uruk_foul,7,7,dg_uruk_foul|dg_uruk_warrior|dg_uruk_veteran_warrior|dg_uruk_skirmisher|dg_uruk_bowman|dg_uruk_fell_archer|dg_uruk_black_sharpshooter,main_or_minor_line,main_or_minor_line,[Dol Guldur] Uruk Black Sharpshooter,31.0,Soldier,dolguldur,Ranged,False
dg_uruk_black_slayer,dg_uruk_foul,6,6,dg_uruk_foul|dg_uruk_warrior|dg_uruk_veteran_warrior|dg_uruk_swordsman|dg_uruk_fell_fang|dg_uruk_black_slayer,main_or_minor_line,main_or_minor_line,[Dol Guldur] Uruk Black Slayer,31.0,Soldier,dolguldur,Infantry,False
dg_uruk_bowman,dg_uruk_foul,5,5,dg_uruk_foul|dg_uruk_warrior|dg_uruk_veteran_warrior|dg_uruk_skirmisher|dg_uruk_bowman,main_or_minor_line,main_or_minor_line,[Dol Guldur] Uruk Bowman,21.0,Soldier,dolguldur,Ranged,True
dg_uruk_fell_archer,dg_uruk_foul,6,6,dg_uruk_foul|dg_uruk_warrior|dg_uruk_veteran_warrior|dg_uruk_skirmisher|dg_uruk_bowman|dg_uruk_fell_archer,main_or_minor_line,main_or_minor_line,[Dol Guldur] Uruk Fell Archer,26.0,Soldier,dolguldur,Ranged,True
dg_uruk_fell_fang,dg_uruk_foul,5,5,dg_uruk_foul|dg_uruk_warrior|dg_uruk_veteran_warrior|dg_uruk_swordsman|dg_uruk_fell_fang,main_or_minor_line,main_or_minor_line,[Dol Guldur] Uruk Fell Fang,26.0,Soldier,dolguldur,Infantry,True
dg_uruk_fell_infantry,dg_uruk_foul,5,5,dg_uruk_foul|dg_uruk_warrior|dg_uruk_veteran_warrior|dg_uruk_swordsman|dg_uruk_fell_infantry,main_or_minor_line,main_or_minor_line,[Dol Guldur] Uruk Fell Infantry,26.0,Soldier,dolguldur,Infantry,True
dg_uruk_foul,dg_uruk_foul,1,1,dg_uruk_foul,main_or_minor_line,main_or_minor_line,[Dol Guldur] Uruk Foul,11.0,Soldier,dolguldur,Infantry,True
dg_uruk_skirmisher,dg_uruk_foul,4,4,dg_uruk_foul|dg_uruk_warrior|dg_uruk_veteran_warrior|dg_uruk_skirmisher,main_or_minor_line,main_or_minor_line,[Dol Guldur] Uruk Skirmisher,16.0,Soldier,dolguldur,Ranged,True
dg_uruk_swordsman,dg_uruk_foul,4,4,dg_uruk_foul|dg_uruk_warrior|dg_uruk_veteran_warrior|dg_uruk_swordsman,main_or_minor_line,main_or_minor_line,[Dol Guldur] Uruk Swordsman,21.0,Soldier,dolguldur,Infantry,True
dg_uruk_veteran_warrior,dg_uruk_foul,3,3,dg_uruk_foul|dg_uruk_warrior|dg_uruk_veteran_warrior,main_or_minor_line,main_or_minor_line,[Dol Guldur] Uruk Warrior,16.0,Soldier,dolguldur,Infantry,True
dg_uruk_warrior,dg_uruk_foul,2,2,dg_uruk_foul|dg_uruk_warrior,main_or_minor_line,main_or_minor_line,[Dol Guldur] Uruk Fighter,13.0,Soldier,dolguldur,Infantry,True
dg_warg_raider,dg_orc_recruit,3,3,dg_orc_recruit|dg_warg_scout|dg_warg_raider,main_or_minor_line,main_or_minor_line,[Dol Guldur] Warg Rider,21.0,Soldier,dolguldur,Cavalry,True
dg_warg_red_fang,dg_orc_recruit,5,5,dg_orc_recruit|dg_warg_scout|dg_warg_raider|dg_warg_skirmisher|dg_warg_red_fang,main_or_minor_line,main_or_minor_line,[Dol Guldur] Warg Fang,31.0,Soldier,dolguldur,HorseArcher,True
dg_warg_scout,dg_orc_recruit,2,2,dg_orc_recruit|dg_warg_scout,main_or_minor_line,main_or_minor_line,[Dol Guldur] Warg Tracker,16.0,Soldier,dolguldur,Cavalry,True
dg_warg_skirmisher,dg_orc_recruit,4,4,dg_orc_recruit|dg_warg_scout|dg_warg_raider|dg_warg_skirmisher,main_or_minor_line,main_or_minor_line,[Dol Guldur] Warg Ravager,26.0,Soldier,dolguldur,Cavalry,True
dragon_wrath_acolyte,dragon_wrath_acolyte,1,1,dragon_wrath_acolyte,main_or_minor_line,main_or_minor_line,[Rhûn] Dragon-Wrath Acolyte,21.0,Soldier,khuzait,Infantry,True
dragon_wrath_archer,dragon_wrath_acolyte,2,2,dragon_wrath_acolyte|dragon_wrath_archer,main_or_minor_line,main_or_minor_line,[Rhûn] Dragon-Wrath Archer,31.0,Soldier,khuzait,Ranged,True
dragon_wrath_ash_executioner,dragon_wrath_acolyte,4,4,dragon_wrath_acolyte|dragon_wrath_disciple|dragon_wrath_infantry|dragon_wrath_ash_executioner,main_or_minor_line,main_or_minor_line,[Rhûn] Dragon-Wrath Ash Executioner,41.0,Soldier,khuzait,Infantry,True
dragon_wrath_ash_knight,dragon_wrath_acolyte,4,4,dragon_wrath_acolyte|dragon_wrath_disciple|dragon_wrath_lancer|dragon_wrath_ash_knight,main_or_minor_line,main_or_minor_line,[Rhûn] Dragon-Wrath Ash Knight,41.0,Soldier,khuzait,Cavalry,True
dragon_wrath_ash_marksman,dragon_wrath_acolyte,4,4,dragon_wrath_acolyte|dragon_wrath_archer|dragon_wrath_longbowman|dragon_wrath_ash_marksman,main_or_minor_line,main_or_minor_line,[Rhûn] Dragon-Wrath Ash Marksman,41.0,Soldier,khuzait,Ranged,True
dragon_wrath_ash_shieldguard,dragon_wrath_acolyte,4,4,dragon_wrath_acolyte|dragon_wrath_disciple|dragon_wrath_infantry|dragon_wrath_ash_shieldguard,main_or_minor_line,main_or_minor_line,[Rhûn] Dragon-Wrath Ash Shieldguard,41.0,Soldier,khuzait,Infantry,True
dragon_wrath_disciple,dragon_wrath_acolyte,2,2,dragon_wrath_acolyte|dragon_wrath_disciple,main_or_minor_line,main_or_minor_line,[Rhûn] Dragon-Wrath Disciple,31.0,Soldier,khuzait,Infantry,True
dragon_wrath_infantry,dragon_wrath_acolyte,3,3,dragon_wrath_acolyte|dragon_wrath_disciple|dragon_wrath_infantry,main_or_minor_line,main_or_minor_line,[Rhûn] Dragon-Wrath Infantry,36.0,Soldier,khuzait,Infantry,True
dragon_wrath_lancer,dragon_wrath_acolyte,3,3,dragon_wrath_acolyte|dragon_wrath_disciple|dragon_wrath_lancer,main_or_minor_line,main_or_minor_line,[Rhûn] Dragon-Wrath Lancer,36.0,Soldier,khuzait,Cavalry,True
dragon_wrath_longbowman,dragon_wrath_acolyte,3,3,dragon_wrath_acolyte|dragon_wrath_archer|dragon_wrath_longbowman,main_or_minor_line,main_or_minor_line,[Rhûn] Dragon-Wrath Longbowman,36.0,Soldier,khuzait,Ranged,True
dragon_wrath_obsidian_knight,dragon_wrath_acolyte,5,5,dragon_wrath_acolyte|dragon_wrath_disciple|dragon_wrath_lancer|dragon_wrath_ash_knight|dragon_wrath_obsidian_knight,main_or_minor_line,main_or_minor_line,[Rhûn] Dragon-Wrath Obsidian Knight,46.0,Soldier,khuzait,Cavalry,False
dragon_wrath_obsidian_shieldmaster,dragon_wrath_acolyte,5,5,dragon_wrath_acolyte|dragon_wrath_disciple|dragon_wrath_infantry|dragon_wrath_ash_shieldguard|dragon_wrath_obsidian_shieldmaster,main_or_minor_line,main_or_minor_line,[Rhûn] Dragon-Wrath Obsidian Shieldmaster,46.0,Soldier,khuzait,Infantry,False
dragon_wrath_obsidian_war_reaver,dragon_wrath_acolyte,5,5,dragon_wrath_acolyte|dragon_wrath_disciple|dragon_wrath_infantry|dragon_wrath_ash_executioner|dragon_wrath_obsidian_war_reaver,main_or_minor_line,main_or_minor_line,[Rhûn] Dragon-Wrath Obsidian War-Reaver,46.0,Soldier,khuzait,Infantry,False
dragon_wrath_obsidian_warbow,dragon_wrath_acolyte,5,5,dragon_wrath_acolyte|dragon_wrath_archer|dragon_wrath_longbowman|dragon_wrath_ash_marksman|dragon_wrath_obsidian_warbow,main_or_minor_line,main_or_minor_line,[Rhûn] Dragon-Wrath Obsidian Warbow,46.0,Soldier,khuzait,Ranged,False
druzhinnik,sturgian_warrior_son,4,4,sturgian_warrior_son|varyag|varyag_veteran|druzhinnik,noble_line,noble_line,Sturgian Druzhinnik,26.0,Soldier,sturgia,Cavalry,True
druzhinnik_champion,sturgian_warrior_son,5,5,sturgian_warrior_son|varyag|varyag_veteran|druzhinnik|druzhinnik_champion,noble_line,noble_line,Sturgian Druzhinnik Champion,31.0,Soldier,sturgia,Cavalry,False
dunland_bear_berserker,dunland_noble_son,4,4,dunland_noble_son|dunland_clan_warrior|dunland_bear_chosen|dunland_bear_berserker,main_or_minor_line,main_or_minor_line,[Dunland] Arth-lûth Berserker,26.0,Soldier,empire,Infantry,True
dunland_bear_chosen,dunland_noble_son,3,3,dunland_noble_son|dunland_clan_warrior|dunland_bear_chosen,main_or_minor_line,main_or_minor_line,[Dunland] Arth-lûth Chosen,21.0,Soldier,empire,Infantry,True
dunland_bear_executioner,dunland_noble_son,5,5,dunland_noble_son|dunland_clan_warrior|dunland_bear_chosen|dunland_bear_berserker|dunland_bear_executioner,main_or_minor_line,main_or_minor_line,[Dunland] Arth-lûth Executioner,31.0,Soldier,empire,Infantry,False
dunland_boar_boar_warrior,dunland_boar_noble_son,4,4,dunland_boar_noble_son|dunland_boar_warrior|dunland_boar_spearman|dunland_boar_boar_warrior,main_or_minor_line,main_or_minor_line,[Dunland] Turch-lûth Ironhide,26.0,Soldier,empire,Infantry,True
dunland_boar_noble_son,dunland_boar_noble_son,1,1,dunland_boar_noble_son,main_or_minor_line,main_or_minor_line,[Dunland] Turch-lûth Noble Son,11.0,Soldier,empire,Infantry,True
dunland_boar_spearman,dunland_boar_noble_son,3,3,dunland_boar_noble_son|dunland_boar_warrior|dunland_boar_spearman,main_or_minor_line,main_or_minor_line,[Dunland] Turch-lûth Goreblade,21.0,Soldier,empire,Infantry,True
dunland_boar_warlord,dunland_boar_noble_son,5,5,dunland_boar_noble_son|dunland_boar_warrior|dunland_boar_spearman|dunland_boar_boar_warrior|dunland_boar_warlord,main_or_minor_line,main_or_minor_line,[Dunland] Turch-lûth Huskarl,31.0,Soldier,empire,Infantry,False
dunland_boar_warrior,dunland_boar_noble_son,2,2,dunland_boar_noble_son|dunland_boar_warrior,main_or_minor_line,main_or_minor_line,[Dunland] Turch-lûth Tuskrunner,16.0,Soldier,empire,Infantry,True
dunland_clan_warrior,dunland_noble_son,2,2,dunland_noble_son|dunland_clan_warrior,main_or_minor_line,main_or_minor_line,[Dunland] Blaidd-lûth Warrior,16.0,Soldier,empire,Infantry,True
dunland_dragon_crossbowman,dunland_boar_noble_son,3,3,dunland_boar_noble_son|dunland_boar_warrior|dunland_dragon_crossbowman,main_or_minor_line,main_or_minor_line,[Dunland] Draig-lûth Crossbowman,21.0,Soldier,empire,Ranged,True
dunland_dragon_firebolt,dunland_boar_noble_son,4,4,dunland_boar_noble_son|dunland_boar_warrior|dunland_dragon_crossbowman|dunland_dragon_firebolt,main_or_minor_line,main_or_minor_line,[Dunland] Draig-lûth Firebolt,26.0,Soldier,empire,Ranged,True
dunland_dragon_sniper,dunland_boar_noble_son,5,5,dunland_boar_noble_son|dunland_boar_warrior|dunland_dragon_crossbowman|dunland_dragon_firebolt|dunland_dragon_sniper,main_or_minor_line,main_or_minor_line,[Dunland] Draig-lûth Sharpshooter,31.0,Soldier,empire,Ranged,False
dunland_falcon_archer,dunland_raven_noble_son,3,3,dunland_raven_noble_son|dunland_raven_warrior|dunland_falcon_archer,main_or_minor_line,main_or_minor_line,[Dunland] Hebog-lûth Scout,21.0,Soldier,empire,Cavalry,True
dunland_falcon_noble_horse_archer,dunland_raven_noble_son,5,5,dunland_raven_noble_son|dunland_raven_warrior|dunland_falcon_archer|dunland_falcon_wildrider|dunland_falcon_noble_horse_archer,main_or_minor_line,main_or_minor_line,[Dunland] Hebog-lûth Noble Horse Archer,31.0,Soldier,empire,Cavalry,False
dunland_falcon_wildrider,dunland_raven_noble_son,4,4,dunland_raven_noble_son|dunland_raven_warrior|dunland_falcon_archer|dunland_falcon_wildrider,main_or_minor_line,main_or_minor_line,[Dunland] Hebog-lûth Horse Archer,26.0,Soldier,empire,Cavalry,True
dunland_hunter,dunland_peasant,2,2,dunland_peasant|dunland_hunter,main_or_minor_line,main_or_minor_line,[Dunland] Tribal Hunter,11.0,Soldier,empire,Ranged,True
dunland_lizard_horseman,dunland_noble_son,3,3,dunland_noble_son|dunland_clan_warrior|dunland_lizard_horseman,main_or_minor_line,main_or_minor_line,[Dunland] Avanc-lûth Horseman,21.0,Soldier,empire,Cavalry,True
dunland_lizard_noble_cavalry,dunland_noble_son,5,5,dunland_noble_son|dunland_clan_warrior|dunland_lizard_horseman|dunland_lizard_outrider|dunland_lizard_noble_cavalry,main_or_minor_line,main_or_minor_line,[Dunland] Avanc-lûth Noble Cavalry,31.0,Soldier,empire,Cavalry,False
dunland_lizard_outrider,dunland_noble_son,4,4,dunland_noble_son|dunland_clan_warrior|dunland_lizard_horseman|dunland_lizard_outrider,main_or_minor_line,main_or_minor_line,[Dunland] Avanc-lûth Outrider,26.0,Soldier,empire,Cavalry,True
dunland_noble_son,dunland_noble_son,1,1,dunland_noble_son,main_or_minor_line,main_or_minor_line,[Dunland] Blaidd-lûth Noble Son,11.0,Soldier,empire,Infantry,True
dunland_ox_guard,dunland_boar_noble_son,4,4,dunland_boar_noble_son|dunland_boar_warrior|dunland_ox_pikeman|dunland_ox_guard,main_or_minor_line,main_or_minor_line,[Dunland] Uch-lûth Bodyguard,26.0,Soldier,empire,Infantry,True
dunland_ox_iron_wall,dunland_boar_noble_son,5,5,dunland_boar_noble_son|dunland_boar_warrior|dunland_ox_pikeman|dunland_ox_guard|dunland_ox_iron_wall,main_or_minor_line,main_or_minor_line,[Dunland] Uch-lûth Iron Wall,31.0,Soldier,empire,Infantry,False
dunland_ox_pikeman,dunland_boar_noble_son,3,3,dunland_boar_noble_son|dunland_boar_warrior|dunland_ox_pikeman,main_or_minor_line,main_or_minor_line,[Dunland] Uch-lûth Pikeman,21.0,Soldier,empire,Infantry,True
dunland_peasant,dunland_peasant,1,1,dunland_peasant,main_or_minor_line,main_or_minor_line,[Dunland] Peasant,6.0,Soldier,empire,Infantry,True
dunland_raider,dunland_peasant,2,2,dunland_peasant|dunland_raider,main_or_minor_line,main_or_minor_line,[Dunland] Tribal Raider,11.0,Soldier,empire,Infantry,True
dunland_raven_archer,dunland_raven_noble_son,3,3,dunland_raven_noble_son|dunland_raven_warrior|dunland_raven_archer,main_or_minor_line,main_or_minor_line,[Dunland] Cigfran-lûth Archer,21.0,Soldier,empire,Ranged,True
dunland_raven_master_ranger,dunland_raven_noble_son,5,5,dunland_raven_noble_son|dunland_raven_warrior|dunland_raven_archer|dunland_raven_ranger|dunland_raven_master_ranger,main_or_minor_line,main_or_minor_line,[Dunland] Cigfran-lûth Master Ranger,31.0,Soldier,empire,Ranged,False
dunland_raven_noble_son,dunland_raven_noble_son,1,1,dunland_raven_noble_son,main_or_minor_line,main_or_minor_line,[Dunland] Cigfran-lûth Hunter,11.0,Soldier,empire,Infantry,True
dunland_raven_ranger,dunland_raven_noble_son,4,4,dunland_raven_noble_son|dunland_raven_warrior|dunland_raven_archer|dunland_raven_ranger,main_or_minor_line,main_or_minor_line,[Dunland] Cigfran-lûth Ranger,26.0,Soldier,empire,Ranged,True
dunland_raven_warrior,dunland_raven_noble_son,2,2,dunland_raven_noble_son|dunland_raven_warrior,main_or_minor_line,main_or_minor_line,[Dunland] Cigfran-lûth Skirmisher,16.0,Soldier,empire,Ranged,True
dunland_skirmisher,dunland_peasant,3,3,dunland_peasant|dunland_hunter|dunland_skirmisher,main_or_minor_line,main_or_minor_line,[Dunland] Tribal Skirmisher,16.0,Soldier,empire,Ranged,False
dunland_spearman,dunland_peasant,3,3,dunland_peasant|dunland_raider|dunland_spearman,main_or_minor_line,main_or_minor_line,[Dunland] Tribal Spearman,16.0,Soldier,empire,Infantry,True
dunland_stag_lancer,dunland_noble_son,3,3,dunland_noble_son|dunland_clan_warrior|dunland_stag_lancer,main_or_minor_line,main_or_minor_line,[Dunland] Caru-lûth Lancer,21.0,Soldier,empire,Cavalry,True
dunland_stag_noble_lancer,dunland_noble_son,5,5,dunland_noble_son|dunland_clan_warrior|dunland_stag_lancer|dunland_stag_rider|dunland_stag_noble_lancer,main_or_minor_line,main_or_minor_line,[Dunland] Caru-lûth Noble Lancer,31.0,Soldier,empire,Cavalry,False
dunland_stag_rider,dunland_noble_son,4,4,dunland_noble_son|dunland_clan_warrior|dunland_stag_lancer|dunland_stag_rider,main_or_minor_line,main_or_minor_line,[Dunland] Caru-lûth Rider,26.0,Soldier,empire,Cavalry,True
dunland_swordsman,dunland_peasant,3,3,dunland_peasant|dunland_raider|dunland_swordsman,main_or_minor_line,main_or_minor_line,[Dunland] Tribal Swordsman,16.0,Soldier,empire,Infantry,True
dunland_veteran_spearman,dunland_peasant,4,4,dunland_peasant|dunland_raider|dunland_spearman|dunland_veteran_spearman,main_or_minor_line,main_or_minor_line,[Dunland] Wild-man Spearman,21.0,Soldier,empire,Infantry,False
dunland_veteran_swordman,dunland_peasant,4,4,dunland_peasant|dunland_raider|dunland_swordsman|dunland_veteran_swordman,main_or_minor_line,main_or_minor_line,[Dunland] Wild-man Swordman,21.0,Soldier,empire,Infantry,False
dunland_wolf_axeman,dunland_noble_son,4,4,dunland_noble_son|dunland_clan_warrior|dunland_wolf_raider|dunland_wolf_axeman,main_or_minor_line,main_or_minor_line,[Dunland] Blaidd-lûth Axeman,26.0,Soldier,empire,Infantry,True
dunland_wolf_champion,dunland_noble_son,5,5,dunland_noble_son|dunland_clan_warrior|dunland_wolf_raider|dunland_wolf_axeman|dunland_wolf_champion,main_or_minor_line,main_or_minor_line,[Dunland] Blaidd-lûth Champion,31.0,Soldier,empire,Infantry,False
dunland_wolf_raider,dunland_noble_son,3,3,dunland_noble_son|dunland_clan_warrior|dunland_wolf_raider,main_or_minor_line,main_or_minor_line,[Dunland] Blaidd-lûth Raider,21.0,Soldier,empire,Infantry,True
easterling_archer_new,easterling_recruit,4,4,easterling_recruit|easterling_bowman|easterling_skirmisher_new|easterling_archer_new,main_or_minor_line,main_or_minor_line,[Rhûn] Easterling Archer,21.0,Soldier,khuzait,Ranged,True
easterling_bowman,easterling_recruit,2,2,easterling_recruit|easterling_bowman,main_or_minor_line,main_or_minor_line,[Rhûn] Easterling Bowman,11.0,Soldier,khuzait,Ranged,True
easterling_cavalry_new,easterling_recruit,4,4,easterling_recruit|easterling_militia|easterling_footman_new|easterling_cavalry_new,main_or_minor_line,main_or_minor_line,[Rhûn] Easterling Cavalry,21.0,Soldier,khuzait,Cavalry,True
easterling_footman_new,easterling_recruit,3,3,easterling_recruit|easterling_militia|easterling_footman_new,main_or_minor_line,main_or_minor_line,[Rhûn] Easterling Footman,16.0,Soldier,khuzait,Infantry,True
easterling_halberdier_new,easterling_recruit,4,4,easterling_recruit|easterling_militia|easterling_footman_new|easterling_halberdier_new,main_or_minor_line,main_or_minor_line,[Rhûn] Easterling Halberdier,21.0,Soldier,khuzait,Infantry,True
easterling_militia,easterling_recruit,2,2,easterling_recruit|easterling_militia,main_or_minor_line,main_or_minor_line,[Rhûn] Easterling Militia,11.0,Soldier,khuzait,Infantry,True
easterling_recruit,easterling_recruit,1,1,easterling_recruit,main_or_minor_line,main_or_minor_line,[Rhûn] Easterling Recruit,6.0,Soldier,khuzait,Infantry,True
easterling_skirmisher_new,easterling_recruit,3,3,easterling_recruit|easterling_bowman|easterling_skirmisher_new,main_or_minor_line,main_or_minor_line,[Rhûn] Easterling Skirmisher,16.0,Soldier,khuzait,Ranged,True
easterling_swordsman_new,easterling_recruit,4,4,easterling_recruit|easterling_militia|easterling_footman_new|easterling_swordsman_new,main_or_minor_line,main_or_minor_line,[Rhûn] Easterling Swordsman,21.0,Soldier,khuzait,Infantry,True
easterling_veteran_archer_new,easterling_recruit,5,5,easterling_recruit|easterling_bowman|easterling_skirmisher_new|easterling_archer_new|easterling_veteran_archer_new,main_or_minor_line,main_or_minor_line,[Rhûn] Easterling Veteran Archer,26.0,Soldier,khuzait,Ranged,False
easterling_veteran_cavalry,easterling_recruit,5,5,easterling_recruit|easterling_militia|easterling_footman_new|easterling_cavalry_new|easterling_veteran_cavalry,main_or_minor_line,main_or_minor_line,[Rhûn] Easterling Veteran Cavalry,26.0,Soldier,khuzait,Cavalry,False
easterling_veteran_halberdier_new,easterling_recruit,5,5,easterling_recruit|easterling_militia|easterling_footman_new|easterling_halberdier_new|easterling_veteran_halberdier_new,main_or_minor_line,main_or_minor_line,[Rhûn] Easterling Veteran Halberdier,26.0,Soldier,khuzait,Infantry,False
easterling_veteran_swordsman_new,easterling_recruit,5,5,easterling_recruit|easterling_militia|easterling_footman_new|easterling_swordsman_new|easterling_veteran_swordsman_new,main_or_minor_line,main_or_minor_line,[Rhûn] Easterling Veteran Swordsman,26.0,Soldier,khuzait,Infantry,False
eleftheroi_tier_1,eleftheroi_tier_1,1,1,eleftheroi_tier_1,main_or_minor_line,main_or_minor_line,Recruit Eleftheroi,11.0,Soldier,empire,Cavalry,True
eleftheroi_tier_2,eleftheroi_tier_1,2,2,eleftheroi_tier_1|eleftheroi_tier_2,main_or_minor_line,main_or_minor_line,Expert Eleftheroi,16.0,Soldier,empire,Cavalry,True
eleftheroi_tier_3,eleftheroi_tier_1,3,3,eleftheroi_tier_1|eleftheroi_tier_2|eleftheroi_tier_3,main_or_minor_line,main_or_minor_line,Veteran Eleftheroi,21.0,Soldier,empire,Cavalry,False
embers_of_flame_tier_1,embers_of_flame_tier_1,1,1,embers_of_flame_tier_1,main_or_minor_line,main_or_minor_line,Spark,11.0,Soldier,empire,Infantry,True
embers_of_flame_tier_2,embers_of_flame_tier_1,2,2,embers_of_flame_tier_1|embers_of_flame_tier_2,main_or_minor_line,main_or_minor_line,Flame,16.0,Soldier,empire,Infantry,True
embers_of_flame_tier_3,embers_of_flame_tier_1,3,3,embers_of_flame_tier_1|embers_of_flame_tier_2|embers_of_flame_tier_3,main_or_minor_line,main_or_minor_line,Blaze,21.0,Soldier,empire,Infantry,False
empire_marine_t3,empire_marine_t3,1,1,empire_marine_t3,main_or_minor_line,main_or_minor_line,Imperial Shipmate,16.0,Soldier,empire,Infantry,True
empire_marine_t4,empire_marine_t3,2,2,empire_marine_t3|empire_marine_t4,main_or_minor_line,main_or_minor_line,Imperial Coast Guard,21.0,Soldier,empire,Infantry,True
empire_marine_t5,empire_marine_t3,3,3,empire_marine_t3|empire_marine_t4|empire_marine_t5,main_or_minor_line,main_or_minor_line,Imperial Naute,26.0,Soldier,empire,Infantry,False
erebor_noble,erebor_noble,1,1,erebor_noble,main_or_minor_line,main_or_minor_line,[Erebor] Noble,16.0,Soldier,erebor,Infantry,True
erebor_noble_archer,erebor_noble,3,3,erebor_noble|erebor_noble_ranger|erebor_noble_archer,main_or_minor_line,main_or_minor_line,[Erebor] Archer,26.0,Soldier,erebor,Ranged,True
erebor_noble_axe_guard,erebor_noble,4,4,erebor_noble|erebor_noble_longbeard|erebor_noble_infantry|erebor_noble_axe_guard,main_or_minor_line,main_or_minor_line,[Erebor] Axe-Guard,31.0,Soldier,erebor,Infantry,True
erebor_noble_gate_warden,erebor_noble,6,6,erebor_noble|erebor_noble_longbeard|erebor_noble_infantry|erebor_noble_guard|erebor_noble_shield_guard|erebor_noble_gate_warden,main_or_minor_line,main_or_minor_line,[Erebor] Gate Warden,41.0,Soldier,erebor,Infantry,True
erebor_noble_guard,erebor_noble,4,4,erebor_noble|erebor_noble_longbeard|erebor_noble_infantry|erebor_noble_guard,main_or_minor_line,main_or_minor_line,[Erebor] Guard,31.0,Soldier,erebor,Infantry,True
erebor_noble_infantry,erebor_noble,3,3,erebor_noble|erebor_noble_longbeard|erebor_noble_infantry,main_or_minor_line,main_or_minor_line,[Erebor] Infantry,26.0,Soldier,erebor,Infantry,True
erebor_noble_longbeard,erebor_noble,2,2,erebor_noble|erebor_noble_longbeard,main_or_minor_line,main_or_minor_line,[Erebor] Longbeard,21.0,Soldier,erebor,Infantry,True
erebor_noble_ranger,erebor_noble,2,2,erebor_noble|erebor_noble_ranger,main_or_minor_line,main_or_minor_line,[Erebor] Ranger,21.0,Soldier,erebor,Ranged,True
erebor_noble_royal_warden,erebor_noble,7,7,erebor_noble|erebor_noble_longbeard|erebor_noble_infantry|erebor_noble_guard|erebor_noble_shield_guard|erebor_noble_gate_warden|erebor_noble_royal_warden,main_or_minor_line,main_or_minor_line,[Erebor] Royal Warden,46.0,Soldier,erebor,Infantry,False
erebor_noble_shield_breaker,erebor_noble,6,6,erebor_noble|erebor_noble_longbeard|erebor_noble_infantry|erebor_noble_axe_guard|erebor_noble_veteran_axe_guard|erebor_noble_shield_breaker,main_or_minor_line,main_or_minor_line,[Erebor] Shield-Breaker,41.0,Soldier,erebor,Infantry,False
erebor_noble_shield_guard,erebor_noble,5,5,erebor_noble|erebor_noble_longbeard|erebor_noble_infantry|erebor_noble_guard|erebor_noble_shield_guard,main_or_minor_line,main_or_minor_line,[Erebor] Shield-Guard,36.0,Soldier,erebor,Infantry,True
erebor_noble_veteran_archer,erebor_noble,4,4,erebor_noble|erebor_noble_ranger|erebor_noble_archer|erebor_noble_veteran_archer,main_or_minor_line,main_or_minor_line,[Erebor] Veteran Archer,31.0,Soldier,erebor,Ranged,False
erebor_noble_veteran_axe_guard,erebor_noble,5,5,erebor_noble|erebor_noble_longbeard|erebor_noble_infantry|erebor_noble_axe_guard|erebor_noble_veteran_axe_guard,main_or_minor_line,main_or_minor_line,[Erebor] Veteran Axe-Guard,36.0,Soldier,erebor,Infantry,True
erebor_oathsworn,erebor_oathsworn,1,1,erebor_oathsworn,main_or_minor_line,main_or_minor_line,[Erebor] Oathsworn,36.0,Soldier,erebor,Infantry,True
erebor_oathsworn_legionary,erebor_oathsworn,2,2,erebor_oathsworn|erebor_oathsworn_legionary,main_or_minor_line,main_or_minor_line,[Erebor] Legionary,41.0,Soldier,erebor,Infantry,True
erebor_oathsworn_royal_legionary,erebor_oathsworn,3,3,erebor_oathsworn|erebor_oathsworn_legionary|erebor_oathsworn_royal_legionary,main_or_minor_line,main_or_minor_line,[Erebor] Royal Legionary,46.0,Soldier,erebor,Infantry,False
erebor_reg_bowman,erebor_reg_miner,4,4,erebor_reg_miner|erebor_reg_militia|erebor_reg_skirmisher|erebor_reg_bowman,main_or_minor_line,main_or_minor_line,[Erebor] Bowman,26.0,Soldier,erebor,Ranged,False
erebor_reg_company,erebor_reg_miner,3,3,erebor_reg_miner|erebor_reg_militia|erebor_reg_company,main_or_minor_line,main_or_minor_line,[Erebor] Company,21.0,Soldier,erebor,Infantry,True
erebor_reg_fighter,erebor_reg_miner,4,4,erebor_reg_miner|erebor_reg_militia|erebor_reg_company|erebor_reg_fighter,main_or_minor_line,main_or_minor_line,[Erebor] Fighter,26.0,Soldier,erebor,Infantry,True
erebor_reg_mattock_warrior,erebor_reg_miner,5,5,erebor_reg_miner|erebor_reg_militia|erebor_reg_company|erebor_reg_fighter|erebor_reg_mattock_warrior,main_or_minor_line,main_or_minor_line,[Erebor] Mattock Warrior,31.0,Soldier,erebor,Infantry,False
erebor_reg_militia,erebor_reg_miner,2,2,erebor_reg_miner|erebor_reg_militia,main_or_minor_line,main_or_minor_line,[Erebor] Militia,16.0,Soldier,erebor,Infantry,True
erebor_reg_miner,erebor_reg_miner,1,1,erebor_reg_miner,main_or_minor_line,main_or_minor_line,[Erebor] Miner,11.0,Soldier,erebor,Infantry,True
erebor_reg_skirmisher,erebor_reg_miner,3,3,erebor_reg_miner|erebor_reg_militia|erebor_reg_skirmisher,main_or_minor_line,main_or_minor_line,[Erebor] Skirmisher,21.0,Soldier,erebor,Ranged,True
erebor_reg_warrior,erebor_reg_miner,5,5,erebor_reg_miner|erebor_reg_militia|erebor_reg_company|erebor_reg_fighter|erebor_reg_warrior,main_or_minor_line,main_or_minor_line,[Erebor] Warrior,31.0,Soldier,erebor,Infantry,False
far_rhun_cataphract,far_rhun_levy,4,4,far_rhun_levy|far_rhun_horseman|far_rhun_cavalry|far_rhun_cataphract,main_or_minor_line,main_or_minor_line,[Rhûn] Far-Rhun Kataphract,26.0,Soldier,khuzait,Cavalry,True
far_rhun_cavalry,far_rhun_levy,3,3,far_rhun_levy|far_rhun_horseman|far_rhun_cavalry,main_or_minor_line,main_or_minor_line,[Rhûn] Far-Rhun Cavalry,21.0,Soldier,khuzait,Cavalry,True
far_rhun_footman,far_rhun_levy,2,2,far_rhun_levy|far_rhun_footman,main_or_minor_line,main_or_minor_line,[Rhûn] Far-Rhun Footman,16.0,Soldier,khuzait,Infantry,True
far_rhun_gate_guard,far_rhun_levy,4,4,far_rhun_levy|far_rhun_footman|far_rhun_infantry|far_rhun_gate_guard,main_or_minor_line,main_or_minor_line,[Rhûn] Far-Rhun Gate Guard,26.0,Soldier,khuzait,Infantry,True
far_rhun_horseman,far_rhun_levy,2,2,far_rhun_levy|far_rhun_horseman,main_or_minor_line,main_or_minor_line,[Rhûn] Far-Rhun Horseman,16.0,Soldier,khuzait,Cavalry,True
far_rhun_infantry,far_rhun_levy,3,3,far_rhun_levy|far_rhun_footman|far_rhun_infantry,main_or_minor_line,main_or_minor_line,[Rhûn] Far-Rhun Infantry,21.0,Soldier,khuzait,Infantry,True
far_rhun_iron_cataphract,far_rhun_levy,5,5,far_rhun_levy|far_rhun_horseman|far_rhun_cavalry|far_rhun_cataphract|far_rhun_iron_cataphract,main_or_minor_line,main_or_minor_line,[Rhûn] Far-Rhun Iron Kataphract,31.0,Soldier,khuzait,Cavalry,False
far_rhun_iron_legionary,far_rhun_levy,5,5,far_rhun_levy|far_rhun_footman|far_rhun_infantry|far_rhun_gate_guard|far_rhun_iron_legionary,main_or_minor_line,main_or_minor_line,[Rhûn] Far-Rhun Iron Legionary,31.0,Soldier,khuzait,Infantry,False
far_rhun_levy,far_rhun_levy,1,1,far_rhun_levy,main_or_minor_line,main_or_minor_line,[Rhûn] Far-Rhun Levy,11.0,Soldier,khuzait,Infantry,True
forest_people_tier_1,forest_people_tier_1,1,1,forest_people_tier_1,main_or_minor_line,main_or_minor_line,Recruit Forester,11.0,Soldier,vakken,Ranged,True
forest_people_tier_2,forest_people_tier_1,2,2,forest_people_tier_1|forest_people_tier_2,main_or_minor_line,main_or_minor_line,Expert Forester,16.0,Soldier,vakken,Ranged,True
forest_people_tier_3,forest_people_tier_1,3,3,forest_people_tier_1|forest_people_tier_2|forest_people_tier_3,main_or_minor_line,main_or_minor_line,Veteran Forester,21.0,Soldier,vakken,Ranged,False
galloglass_tier_1,galloglass_tier_1,1,1,galloglass_tier_1,main_or_minor_line,main_or_minor_line,Skene,11.0,Soldier,battania,Infantry,True
galloglass_tier_2,galloglass_tier_1,2,2,galloglass_tier_1|galloglass_tier_2,main_or_minor_line,main_or_minor_line,Kern,16.0,Soldier,battania,Infantry,True
galloglass_tier_3,galloglass_tier_1,3,3,galloglass_tier_1|galloglass_tier_2|galloglass_tier_3,main_or_minor_line,main_or_minor_line,Redshank,21.0,Soldier,battania,Infantry,False
ghilman_tier_1,ghilman_tier_1,1,1,ghilman_tier_1,main_or_minor_line,main_or_minor_line,Koleman,11.0,Soldier,darshi,Cavalry,True
ghilman_tier_2,ghilman_tier_1,2,2,ghilman_tier_1|ghilman_tier_2,main_or_minor_line,main_or_minor_line,Ghilman,16.0,Soldier,darshi,Cavalry,True
ghilman_tier_3,ghilman_tier_1,3,3,ghilman_tier_1|ghilman_tier_2|ghilman_tier_3,main_or_minor_line,main_or_minor_line,Ghulam,21.0,Soldier,darshi,Cavalry,False
goblin_archer,goblin_hunter,4,4,goblin_hunter|goblin_lurker|goblin_sentry|goblin_archer,main_or_minor_line,main_or_minor_line,[Goblin] Archer,26.0,Soldier,goblin,Ranged,False
goblin_berserker,goblin_snaga,5,5,goblin_snaga|goblin_grunt|goblin_fighter|goblin_sword_warrior|goblin_berserker,main_or_minor_line,main_or_minor_line,[Goblin] Goblin Bone Breaker,31.0,Soldier,goblin,Infantry,True
goblin_bolgs_ironfang,goblin_snaga,7,7,goblin_snaga|goblin_grunt|goblin_fighter|goblin_brute|goblin_veteran_sword_warrior|goblin_chosen_of_tharzog|goblin_bolgs_ironfang,main_or_minor_line,main_or_minor_line,[Goblin] Bolg's Ironfang,36.0,Soldier,goblin,Infantry,False
goblin_brute,goblin_snaga,4,4,goblin_snaga|goblin_grunt|goblin_fighter|goblin_brute,main_or_minor_line,main_or_minor_line,[Goblin] Goblin Ravager,26.0,Soldier,goblin,Infantry,True
goblin_chosen_of_tharzog,goblin_snaga,6,6,goblin_snaga|goblin_grunt|goblin_fighter|goblin_brute|goblin_veteran_sword_warrior|goblin_chosen_of_tharzog,main_or_minor_line,main_or_minor_line,[Goblin] Goblin Mountain Guard,36.0,Soldier,goblin,Infantry,True
goblin_fighter,goblin_snaga,3,3,goblin_snaga|goblin_grunt|goblin_fighter,main_or_minor_line,main_or_minor_line,[Goblin] Goblin Raider,21.0,Soldier,goblin,Infantry,True
goblin_grunt,goblin_snaga,2,2,goblin_snaga|goblin_grunt,main_or_minor_line,main_or_minor_line,[Goblin] Goblin Brawler,16.0,Soldier,goblin,Infantry,True
goblin_guard,goblin_snaga,3,3,goblin_snaga|goblin_grunt|goblin_guard,main_or_minor_line,main_or_minor_line,[Goblin] Goblin Impaler,21.0,Soldier,goblin,Infantry,True
goblin_guardian_of_the_tower,goblin_snaga,6,6,goblin_snaga|goblin_grunt|goblin_guard|goblin_spear_warrior|goblin_veteran_spear_warrior|goblin_guardian_of_the_tower,main_or_minor_line,main_or_minor_line,[Goblin] Goblin War-Pike,36.0,Soldier,goblin,Infantry,False
goblin_hunter,goblin_hunter,1,1,goblin_hunter,main_or_minor_line,main_or_minor_line,[Goblin] Hunter,11.0,Soldier,goblin,Ranged,True
goblin_lurker,goblin_hunter,2,2,goblin_hunter|goblin_lurker,main_or_minor_line,main_or_minor_line,[Goblin] Lurker,16.0,Soldier,goblin,Ranged,True
goblin_sentry,goblin_hunter,3,3,goblin_hunter|goblin_lurker|goblin_sentry,main_or_minor_line,main_or_minor_line,[Goblin] Sentry,21.0,Soldier,goblin,Ranged,True
goblin_snaga,goblin_snaga,1,1,goblin_snaga,main_or_minor_line,main_or_minor_line,[Goblin] Goblin Warrior,11.0,Soldier,goblin,Infantry,True
goblin_spear_warrior,goblin_snaga,4,4,goblin_snaga|goblin_grunt|goblin_guard|goblin_spear_warrior,main_or_minor_line,main_or_minor_line,[Goblin] Goblin Spearman,26.0,Soldier,goblin,Infantry,True
goblin_sword_warrior,goblin_snaga,4,4,goblin_snaga|goblin_grunt|goblin_fighter|goblin_sword_warrior,main_or_minor_line,main_or_minor_line,[Goblin] Goblin Mauler,26.0,Soldier,goblin,Infantry,True
goblin_veteran_berserker,goblin_snaga,6,6,goblin_snaga|goblin_grunt|goblin_fighter|goblin_sword_warrior|goblin_berserker|goblin_veteran_berserker,main_or_minor_line,main_or_minor_line,[Goblin] Goblin Skull Crusher,36.0,Soldier,goblin,Infantry,False
goblin_veteran_spear_warrior,goblin_snaga,5,5,goblin_snaga|goblin_grunt|goblin_guard|goblin_spear_warrior|goblin_veteran_spear_warrior,main_or_minor_line,main_or_minor_line,[Goblin] Goblin Pike-Reaver,31.0,Soldier,goblin,Infantry,True
goblin_veteran_sword_warrior,goblin_snaga,5,5,goblin_snaga|goblin_grunt|goblin_fighter|goblin_brute|goblin_veteran_sword_warrior,main_or_minor_line,main_or_minor_line,[Goblin] Goblin Infantry,31.0,Soldier,goblin,Infantry,True
gondor_anf_cavalry,gondor_anf_levy,4,4,gondor_anf_levy|gondor_anf_militia|gondor_anf_footman|gondor_anf_cavalry,main_or_minor_line,main_or_minor_line,[Gondor] Anfalas Cavalry,21.0,Soldier,gondor,Cavalry,True
gondor_anf_footman,gondor_anf_levy,3,3,gondor_anf_levy|gondor_anf_militia|gondor_anf_footman,main_or_minor_line,main_or_minor_line,[Gondor] Anfalas Footman,16.0,Soldier,gondor,Infantry,True
gondor_anf_guardsman,gondor_anf_levy,4,4,gondor_anf_levy|gondor_anf_militia|gondor_anf_footman|gondor_anf_guardsman,main_or_minor_line,main_or_minor_line,[Gondor] Anfalas Guardsman,21.0,Soldier,gondor,Infantry,True
gondor_anf_infantry,gondor_anf_levy,5,5,gondor_anf_levy|gondor_anf_militia|gondor_anf_footman|gondor_anf_guardsman|gondor_anf_infantry,main_or_minor_line,main_or_minor_line,[Gondor] Anfalas Infantry,26.0,Soldier,gondor,Infantry,True
gondor_anf_levy,gondor_anf_levy,1,1,gondor_anf_levy,main_or_minor_line,main_or_minor_line,[Gondor] Anfalas Levy,6.0,Soldier,gondor,Infantry,True
gondor_anf_militia,gondor_anf_levy,2,2,gondor_anf_levy|gondor_anf_militia,main_or_minor_line,main_or_minor_line,[Gondor] Anfalas Militia,11.0,Soldier,gondor,Infantry,True
gondor_anf_vet_cavalry,gondor_anf_levy,5,5,gondor_anf_levy|gondor_anf_militia|gondor_anf_footman|gondor_anf_cavalry|gondor_anf_vet_cavalry,main_or_minor_line,main_or_minor_line,[Gondor] Anfalas Veteran Cavalry,26.0,Soldier,gondor,Cavalry,False
gondor_anf_vet_infantry,gondor_anf_levy,6,6,gondor_anf_levy|gondor_anf_militia|gondor_anf_footman|gondor_anf_guardsman|gondor_anf_infantry|gondor_anf_vet_infantry,main_or_minor_line,main_or_minor_line,[Gondor] Anfalas Veteran Infantry,31.0,Soldier,gondor,Infantry,False
gondor_ano_archer,gondor_ano_peasant,5,5,gondor_ano_peasant|gondor_ano_archer_militia|gondor_ano_skirmisher|gondor_ano_bowman|gondor_ano_archer,main_or_minor_line,main_or_minor_line,[Gondor] Anórien Archer,26.0,Soldier,gondor,Ranged,False
gondor_ano_archer_militia,gondor_ano_peasant,2,2,gondor_ano_peasant|gondor_ano_archer_militia,main_or_minor_line,main_or_minor_line,[Gondor] Anórien Archer Militia,11.0,Soldier,gondor,Ranged,True
gondor_ano_bowman,gondor_ano_peasant,4,4,gondor_ano_peasant|gondor_ano_archer_militia|gondor_ano_skirmisher|gondor_ano_bowman,main_or_minor_line,main_or_minor_line,[Gondor] Anórien Bowman,21.0,Soldier,gondor,Ranged,True
gondor_ano_footman,gondor_ano_peasant,3,3,gondor_ano_peasant|gondor_ano_militia|gondor_ano_footman,main_or_minor_line,main_or_minor_line,[Gondor] Anórien Footman,16.0,Soldier,gondor,Infantry,True
gondor_ano_guardsman,gondor_ano_peasant,4,4,gondor_ano_peasant|gondor_ano_militia|gondor_ano_footman|gondor_ano_guardsman,main_or_minor_line,main_or_minor_line,[Gondor] Anórien Guardsman,21.0,Soldier,gondor,Infantry,True
gondor_ano_infantry,gondor_ano_peasant,5,5,gondor_ano_peasant|gondor_ano_militia|gondor_ano_footman|gondor_ano_guardsman|gondor_ano_infantry,main_or_minor_line,main_or_minor_line,[Gondor] Anórien Infantry,26.0,Soldier,gondor,Infantry,True
gondor_ano_militia,gondor_ano_peasant,2,2,gondor_ano_peasant|gondor_ano_militia,main_or_minor_line,main_or_minor_line,[Gondor] Anórien Militia,11.0,Soldier,gondor,Infantry,True
gondor_ano_mt_cavalry,gondor_ano_peasant,4,4,gondor_ano_peasant|gondor_ano_militia|gondor_ano_footman|gondor_ano_mt_cavalry,main_or_minor_line,main_or_minor_line,[Gondor] Anórien Cavalry,21.0,Soldier,gondor,Cavalry,True
gondor_ano_mt_heavy_cavalry,gondor_ano_peasant,5,5,gondor_ano_peasant|gondor_ano_militia|gondor_ano_footman|gondor_ano_mt_cavalry|gondor_ano_mt_heavy_cavalry,main_or_minor_line,main_or_minor_line,[Gondor] Anórien Heavy Cavalry,26.0,Soldier,gondor,Cavalry,True
gondor_ano_mt_knight,gondor_ano_peasant,6,6,gondor_ano_peasant|gondor_ano_militia|gondor_ano_footman|gondor_ano_mt_cavalry|gondor_ano_mt_heavy_cavalry|gondor_ano_mt_knight,main_or_minor_line,main_or_minor_line,[Gondor] Anórien Knight,31.0,Soldier,gondor,Cavalry,False
gondor_ano_peasant,gondor_ano_peasant,1,1,gondor_ano_peasant,main_or_minor_line,main_or_minor_line,[Gondor] Anórien Peasant,6.0,Soldier,gondor,Infantry,True
gondor_ano_skirmisher,gondor_ano_peasant,3,3,gondor_ano_peasant|gondor_ano_archer_militia|gondor_ano_skirmisher,main_or_minor_line,main_or_minor_line,[Gondor] Anorien Skirmisher,16.0,Soldier,gondor,Ranged,True
gondor_ano_vet_infantry,gondor_ano_peasant,6,6,gondor_ano_peasant|gondor_ano_militia|gondor_ano_footman|gondor_ano_guardsman|gondor_ano_infantry|gondor_ano_vet_infantry,main_or_minor_line,main_or_minor_line,[Gondor] Anórien Veteran Infantry,31.0,Soldier,gondor,Infantry,False
gondor_arn_cavalry,gondor_arn_noble,3,3,gondor_arn_noble|gondor_arn_noble_t4|gondor_arn_cavalry,main_or_minor_line,main_or_minor_line,[Gondor] Arndir Cavalry,26.0,Soldier,gondor,Cavalry,True
gondor_arn_foot_knight,gondor_arn_noble,5,5,gondor_arn_noble|gondor_arn_noble_t4|gondor_arn_infantry|gondor_arn_vet_infantry|gondor_arn_foot_knight,main_or_minor_line,main_or_minor_line,[Gondor] Arndir Foot-Knight,36.0,Soldier,gondor,Infantry,False
gondor_arn_hill_knight,gondor_arn_noble,6,6,gondor_arn_noble|gondor_arn_noble_t4|gondor_arn_cavalry|gondor_arn_knight|gondor_arn_vet_knight|gondor_arn_hill_knight,main_or_minor_line,main_or_minor_line,[Gondor] Arndir Hill-Knight,41.0,Soldier,gondor,Cavalry,False
gondor_arn_infantry,gondor_arn_noble,3,3,gondor_arn_noble|gondor_arn_noble_t4|gondor_arn_infantry,main_or_minor_line,main_or_minor_line,[Gondor] Arndir Infantry,26.0,Soldier,gondor,Infantry,True
gondor_arn_knight,gondor_arn_noble,4,4,gondor_arn_noble|gondor_arn_noble_t4|gondor_arn_cavalry|gondor_arn_knight,main_or_minor_line,main_or_minor_line,[Gondor] Arndir Knight,31.0,Soldier,gondor,Cavalry,True
gondor_arn_noble,gondor_arn_noble,1,1,gondor_arn_noble,main_or_minor_line,main_or_minor_line,[Gondor] Arndir Noble,16.0,Soldier,gondor,Infantry,True
gondor_arn_noble_t4,gondor_arn_noble,2,2,gondor_arn_noble|gondor_arn_noble_t4,main_or_minor_line,main_or_minor_line,[Gondor] Arndir Noble,21.0,Soldier,gondor,Infantry,True
gondor_arn_vet_infantry,gondor_arn_noble,4,4,gondor_arn_noble|gondor_arn_noble_t4|gondor_arn_infantry|gondor_arn_vet_infantry,main_or_minor_line,main_or_minor_line,[Gondor] Arndir Veteran Infantry,31.0,Soldier,gondor,Infantry,True
gondor_arn_vet_knight,gondor_arn_noble,5,5,gondor_arn_noble|gondor_arn_noble_t4|gondor_arn_cavalry|gondor_arn_knight|gondor_arn_vet_knight,main_or_minor_line,main_or_minor_line,[Gondor] Arndir Veteran Knight,36.0,Soldier,gondor,Cavalry,True
gondor_bel_archer,gondor_bel_recruit,4,4,gondor_bel_recruit|gondor_bel_hunter|gondor_bel_bowman|gondor_bel_archer,main_or_minor_line,main_or_minor_line,[Gondor] Belfalas Archer,21.0,Soldier,gondor,Ranged,True
gondor_bel_bowman,gondor_bel_recruit,3,3,gondor_bel_recruit|gondor_bel_hunter|gondor_bel_bowman,main_or_minor_line,main_or_minor_line,[Gondor] Belfalas Bowman,16.0,Soldier,gondor,Ranged,True
gondor_bel_coastguard,gondor_bel_recruit,6,6,gondor_bel_recruit|gondor_bel_footman|gondor_bel_soldier|gondor_bel_infantry|gondor_bel_vet_infantry|gondor_bel_coastguard,main_or_minor_line,main_or_minor_line,[Gondor] Belfalas Coastguard,31.0,Soldier,gondor,Infantry,False
gondor_bel_footman,gondor_bel_recruit,2,2,gondor_bel_recruit|gondor_bel_footman,main_or_minor_line,main_or_minor_line,[Gondor] Belfalas Footman,11.0,Soldier,gondor,Infantry,True
gondor_bel_hunter,gondor_bel_recruit,2,2,gondor_bel_recruit|gondor_bel_hunter,main_or_minor_line,main_or_minor_line,[Gondor] Belfalas Hunter,11.0,Soldier,gondor,Ranged,True
gondor_bel_infantry,gondor_bel_recruit,4,4,gondor_bel_recruit|gondor_bel_footman|gondor_bel_soldier|gondor_bel_infantry,main_or_minor_line,main_or_minor_line,[Gondor] Belfalas Infantry,21.0,Soldier,gondor,Infantry,True
gondor_bel_recruit,gondor_bel_recruit,1,1,gondor_bel_recruit,main_or_minor_line,main_or_minor_line,[Gondor] Belfalas Recruit,6.0,Soldier,gondor,Infantry,True
gondor_bel_soldier,gondor_bel_recruit,3,3,gondor_bel_recruit|gondor_bel_footman|gondor_bel_soldier,main_or_minor_line,main_or_minor_line,[Gondor] Belfalas Soldier,16.0,Soldier,gondor,Infantry,True
gondor_bel_vet_archer,gondor_bel_recruit,5,5,gondor_bel_recruit|gondor_bel_hunter|gondor_bel_bowman|gondor_bel_archer|gondor_bel_vet_archer,main_or_minor_line,main_or_minor_line,[Gondor] Belfalas Veteran Archer,26.0,Soldier,gondor,Ranged,False
gondor_bel_vet_infantry,gondor_bel_recruit,5,5,gondor_bel_recruit|gondor_bel_footman|gondor_bel_soldier|gondor_bel_infantry|gondor_bel_vet_infantry,main_or_minor_line,main_or_minor_line,[Gondor] Belfalas Veteran Infantry,26.0,Soldier,gondor,Infantry,True
gondor_brv_archer,gondor_brv_bowman,3,3,gondor_brv_bowman|gondor_brv_scout|gondor_brv_archer,main_or_minor_line,main_or_minor_line,[Gondor] Blackroot Vale Archer,26.0,Soldier,gondor,Ranged,True
gondor_brv_bowman,gondor_brv_bowman,1,1,gondor_brv_bowman,main_or_minor_line,main_or_minor_line,[Gondor] Blackroot Vale Bowman,16.0,Soldier,gondor,Ranged,True
gondor_brv_ranger,gondor_brv_bowman,5,5,gondor_brv_bowman|gondor_brv_scout|gondor_brv_archer|gondor_brv_vet_archer|gondor_brv_ranger,main_or_minor_line,main_or_minor_line,[Gondor] Blackroot Vale Ranger,36.0,Soldier,gondor,Ranged,True
gondor_brv_scout,gondor_brv_bowman,2,2,gondor_brv_bowman|gondor_brv_scout,main_or_minor_line,main_or_minor_line,[Gondor] Blackroot Vale Scout,21.0,Soldier,gondor,Ranged,True
gondor_brv_shadowbow,gondor_brv_bowman,6,6,gondor_brv_bowman|gondor_brv_scout|gondor_brv_archer|gondor_brv_vet_archer|gondor_brv_ranger|gondor_brv_shadowbow,main_or_minor_line,main_or_minor_line,[Gondor] Blackroot Vale Shadowbow,41.0,Soldier,gondor,Ranged,False
gondor_brv_shadowhunter,gondor_brv_bowman,5,5,gondor_brv_bowman|gondor_brv_scout|gondor_brv_archer|gondor_brv_vet_archer|gondor_brv_shadowhunter,main_or_minor_line,main_or_minor_line,[Gondor] Blackroot Vale Shadowhunter,36.0,Soldier,gondor,Ranged,False
gondor_brv_vet_archer,gondor_brv_bowman,4,4,gondor_brv_bowman|gondor_brv_scout|gondor_brv_archer|gondor_brv_vet_archer,main_or_minor_line,main_or_minor_line,[Gondor] Blackroot Vale Veteran Archer,31.0,Soldier,gondor,Ranged,True
gondor_ca_guard,gondor_ca_noble,4,4,gondor_ca_noble|gondor_ca_veteran|gondor_ca_infantry|gondor_ca_guard,main_or_minor_line,main_or_minor_line,[Gondor] Cair Andros Guard,31.0,Soldier,gondor,Infantry,True
gondor_ca_infantry,gondor_ca_noble,3,3,gondor_ca_noble|gondor_ca_veteran|gondor_ca_infantry,main_or_minor_line,main_or_minor_line,[Gondor] Cair Andros Infantry,26.0,Soldier,gondor,Infantry,True
gondor_ca_noble,gondor_ca_noble,1,1,gondor_ca_noble,main_or_minor_line,main_or_minor_line,[Gondor] Cair Andros Noble,16.0,Soldier,gondor,Infantry,True
gondor_ca_pikeman,gondor_ca_noble,4,4,gondor_ca_noble|gondor_ca_veteran|gondor_ca_spearman|gondor_ca_pikeman,main_or_minor_line,main_or_minor_line,[Gondor] Cair Andros Pikeman,31.0,Soldier,gondor,Infantry,True
gondor_ca_pikewarden,gondor_ca_noble,5,5,gondor_ca_noble|gondor_ca_veteran|gondor_ca_spearman|gondor_ca_pikeman|gondor_ca_pikewarden,main_or_minor_line,main_or_minor_line,[Gondor] Cair Andros Pikewarden,36.0,Soldier,gondor,Infantry,False
gondor_ca_spearman,gondor_ca_noble,3,3,gondor_ca_noble|gondor_ca_veteran|gondor_ca_spearman,main_or_minor_line,main_or_minor_line,[Gondor] Cair Andros Spearman,26.0,Soldier,gondor,Infantry,True
gondor_ca_veteran,gondor_ca_noble,2,2,gondor_ca_noble|gondor_ca_veteran,main_or_minor_line,main_or_minor_line,[Gondor] Cair Andros Veteran,21.0,Soldier,gondor,Infantry,True
gondor_ca_warden,gondor_ca_noble,5,5,gondor_ca_noble|gondor_ca_veteran|gondor_ca_infantry|gondor_ca_guard|gondor_ca_warden,main_or_minor_line,main_or_minor_line,[Gondor] Cair Andros Warden,36.0,Soldier,gondor,Infantry,False
gondor_cal_heavy_swordsman,gondor_cal_noble,3,3,gondor_cal_noble|gondor_cal_swordsman|gondor_cal_heavy_swordsman,main_or_minor_line,main_or_minor_line,[Gondor] Calembel Heavy Swordsman,31.0,Soldier,gondor,Infantry,True
gondor_cal_noble,gondor_cal_noble,1,1,gondor_cal_noble,main_or_minor_line,main_or_minor_line,[Gondor] Calembel Noble,21.0,Soldier,gondor,Infantry,True
gondor_cal_sergeant,gondor_cal_noble,4,4,gondor_cal_noble|gondor_cal_swordsman|gondor_cal_heavy_swordsman|gondor_cal_sergeant,main_or_minor_line,main_or_minor_line,[Gondor] Calembel Sergeant,36.0,Soldier,gondor,Infantry,True
gondor_cal_swordsman,gondor_cal_noble,2,2,gondor_cal_noble|gondor_cal_swordsman,main_or_minor_line,main_or_minor_line,[Gondor] Calembel Swordsman,26.0,Soldier,gondor,Infantry,True
gondor_cal_vale_knight,gondor_cal_noble,5,5,gondor_cal_noble|gondor_cal_swordsman|gondor_cal_heavy_swordsman|gondor_cal_sergeant|gondor_cal_vale_knight,main_or_minor_line,main_or_minor_line,[Gondor] Calembel Vale-Knight,41.0,Soldier,gondor,Infantry,False
gondor_da_cavalry,gondor_da_noble,4,4,gondor_da_noble|gondor_da_footman|gondor_da_squire|gondor_da_cavalry,main_or_minor_line,main_or_minor_line,[Gondor] Dol Amroth Cavalry,31.0,Soldier,gondor,Cavalry,True
gondor_da_foot_knight,gondor_da_noble,5,5,gondor_da_noble|gondor_da_footman|gondor_da_infantry|gondor_da_vet_infantry|gondor_da_foot_knight,main_or_minor_line,main_or_minor_line,[Gondor] Dol Amroth Foot Knight,36.0,Soldier,gondor,Infantry,True
gondor_da_footman,gondor_da_noble,2,2,gondor_da_noble|gondor_da_footman,main_or_minor_line,main_or_minor_line,[Gondor] Dol Amroth Footman,21.0,Soldier,gondor,Infantry,True
gondor_da_infantry,gondor_da_noble,3,3,gondor_da_noble|gondor_da_footman|gondor_da_infantry,main_or_minor_line,main_or_minor_line,[Gondor] Dol Amroth Infantry,26.0,Soldier,gondor,Infantry,True
gondor_da_knight,gondor_da_noble,5,5,gondor_da_noble|gondor_da_footman|gondor_da_squire|gondor_da_cavalry|gondor_da_knight,main_or_minor_line,main_or_minor_line,[Gondor] Dol Amroth Knight,36.0,Soldier,gondor,Cavalry,True
gondor_da_noble,gondor_da_noble,1,1,gondor_da_noble,main_or_minor_line,main_or_minor_line,[Gondor] Dol Amroth Noble,16.0,Soldier,gondor,Infantry,True
gondor_da_squire,gondor_da_noble,3,3,gondor_da_noble|gondor_da_footman|gondor_da_squire,main_or_minor_line,main_or_minor_line,[Gondor] Dol Amroth Squire,26.0,Soldier,gondor,Cavalry,True
gondor_da_swan_guard,gondor_da_noble,6,6,gondor_da_noble|gondor_da_footman|gondor_da_infantry|gondor_da_vet_infantry|gondor_da_foot_knight|gondor_da_swan_guard,main_or_minor_line,main_or_minor_line,[Gondor] Dol Amroth Swan Guard,41.0,Soldier,gondor,Infantry,False
gondor_da_swan_knight,gondor_da_noble,7,7,gondor_da_noble|gondor_da_footman|gondor_da_squire|gondor_da_cavalry|gondor_da_knight|gondor_da_vet_knight|gondor_da_swan_knight,main_or_minor_line,main_or_minor_line,[Gondor] Swan Knight,46.0,Soldier,gondor,Cavalry,False
gondor_da_vet_infantry,gondor_da_noble,4,4,gondor_da_noble|gondor_da_footman|gondor_da_infantry|gondor_da_vet_infantry,main_or_minor_line,main_or_minor_line,[Gondor] Dol Amroth Veteran Infantry,31.0,Soldier,gondor,Infantry,True
gondor_da_vet_knight,gondor_da_noble,6,6,gondor_da_noble|gondor_da_footman|gondor_da_squire|gondor_da_cavalry|gondor_da_knight|gondor_da_vet_knight,main_or_minor_line,main_or_minor_line,[Gondor] Dol Amroth Veteran Knight,41.0,Soldier,gondor,Cavalry,True
gondor_har_conscript,gondor_har_conscript,1,1,gondor_har_conscript,main_or_minor_line,main_or_minor_line,[Gondor] Harondor Conscript,6.0,Soldier,gondor,Infantry,True
gondor_har_footman,gondor_har_conscript,3,3,gondor_har_conscript|gondor_har_militia|gondor_har_footman,main_or_minor_line,main_or_minor_line,[Gondor] Harondor Footman,16.0,Soldier,gondor,Infantry,True
gondor_har_frontier_guard,gondor_har_conscript,6,6,gondor_har_conscript|gondor_har_militia|gondor_har_footman|gondor_har_guardsman|gondor_har_infantry|gondor_har_frontier_guard,main_or_minor_line,main_or_minor_line,[Gondor] Harondor Frontier Guard,31.0,Soldier,gondor,Infantry,False
gondor_har_guardsman,gondor_har_conscript,4,4,gondor_har_conscript|gondor_har_militia|gondor_har_footman|gondor_har_guardsman,main_or_minor_line,main_or_minor_line,[Gondor] Harondor Guardsman,21.0,Soldier,gondor,Infantry,True
gondor_har_infantry,gondor_har_conscript,5,5,gondor_har_conscript|gondor_har_militia|gondor_har_footman|gondor_har_guardsman|gondor_har_infantry,main_or_minor_line,main_or_minor_line,[Gondor] Harondor Infantry,26.0,Soldier,gondor,Infantry,True
gondor_har_javelineer,gondor_har_conscript,5,5,gondor_har_conscript|gondor_har_militia|gondor_har_skirmisher|gondor_har_vet_skirmisher|gondor_har_javelineer,main_or_minor_line,main_or_minor_line,[Gondor] Harondor Javelineer,26.0,Soldier,gondor,Ranged,False
gondor_har_militia,gondor_har_conscript,2,2,gondor_har_conscript|gondor_har_militia,main_or_minor_line,main_or_minor_line,[Gondor] Harondor Militia,11.0,Soldier,gondor,Infantry,True
gondor_har_skirmisher,gondor_har_conscript,3,3,gondor_har_conscript|gondor_har_militia|gondor_har_skirmisher,main_or_minor_line,main_or_minor_line,[Gondor] Harondor Skirmisher,16.0,Soldier,gondor,Ranged,True
gondor_har_vet_skirmisher,gondor_har_conscript,4,4,gondor_har_conscript|gondor_har_militia|gondor_har_skirmisher|gondor_har_vet_skirmisher,main_or_minor_line,main_or_minor_line,[Gondor] Harondor Veteran Skirmisher,21.0,Soldier,gondor,Ranged,True
gondor_ith_captain,gondor_ith_watcher,4,4,gondor_ith_watcher|gondor_ith_veteran|gondor_ith_sergeant|gondor_ith_captain,main_or_minor_line,main_or_minor_line,[Gondor] Ithil Guard Captain,41.0,Soldier,gondor,Infantry,False
gondor_ith_longbowman,gondor_ith_watcher,3,3,gondor_ith_watcher|gondor_ith_veteran|gondor_ith_longbowman,main_or_minor_line,main_or_minor_line,[Gondor] Ithil Guard Longbowman,36.0,Soldier,gondor,Ranged,True
gondor_ith_moon_guard,gondor_ith_watcher,5,5,gondor_ith_watcher|gondor_ith_veteran|gondor_ith_longbowman|gondor_ith_sharpshooter|gondor_ith_moon_guard,main_or_minor_line,main_or_minor_line,[Gondor] Moon Guard,46.0,Soldier,gondor,Ranged,False
gondor_ith_sergeant,gondor_ith_watcher,3,3,gondor_ith_watcher|gondor_ith_veteran|gondor_ith_sergeant,main_or_minor_line,main_or_minor_line,[Gondor] Ithil Guard Sergeant,36.0,Soldier,gondor,Infantry,True
gondor_ith_sharpshooter,gondor_ith_watcher,4,4,gondor_ith_watcher|gondor_ith_veteran|gondor_ith_longbowman|gondor_ith_sharpshooter,main_or_minor_line,main_or_minor_line,[Gondor] Ithil Guard Sharpshooter,41.0,Soldier,gondor,Ranged,True
gondor_ith_veteran,gondor_ith_watcher,2,2,gondor_ith_watcher|gondor_ith_veteran,main_or_minor_line,main_or_minor_line,[Gondor] Ithil Guard Veteran,31.0,Soldier,gondor,Infantry,True
gondor_ith_watcher,gondor_ith_watcher,1,1,gondor_ith_watcher,main_or_minor_line,main_or_minor_line,[Gondor] Ithil Guard Watcher,26.0,Soldier,gondor,Infantry,True
gondor_lam_clansman,gondor_lam_clansman,1,1,gondor_lam_clansman,main_or_minor_line,main_or_minor_line,[Gondor] Lamedon Clansman,6.0,Soldier,gondor,Infantry,True
gondor_lam_footman,gondor_lam_clansman,2,2,gondor_lam_clansman|gondor_lam_footman,main_or_minor_line,main_or_minor_line,[Gondor] Lamedon Footman,11.0,Soldier,gondor,Infantry,True
gondor_lam_hill_warden,gondor_lam_clansman,5,5,gondor_lam_clansman|gondor_lam_footman|gondor_lam_swordman|gondor_lam_vet_swordman|gondor_lam_hill_warden,main_or_minor_line,main_or_minor_line,[Gondor] Lamedon Hill-Warden,31.0,Soldier,gondor,Infantry,False
gondor_lam_swordman,gondor_lam_clansman,3,3,gondor_lam_clansman|gondor_lam_footman|gondor_lam_swordman,main_or_minor_line,main_or_minor_line,[Gondor] Lamedon Swordman,16.0,Soldier,gondor,Infantry,True
gondor_lam_vet_swordman,gondor_lam_clansman,4,4,gondor_lam_clansman|gondor_lam_footman|gondor_lam_swordman|gondor_lam_vet_swordman,main_or_minor_line,main_or_minor_line,[Gondor] Lamedon Veteran Swordman,26.0,Soldier,gondor,Infantry,True
gondor_leb_archer,gondor_leb_militia,3,3,gondor_leb_militia|gondor_leb_skirmisher|gondor_leb_archer,main_or_minor_line,main_or_minor_line,[Gondor] Lebennin Archer,21.0,Soldier,gondor,Ranged,True
gondor_leb_infantry,gondor_leb_militia,3,3,gondor_leb_militia|gondor_leb_skirmisher|gondor_leb_infantry,main_or_minor_line,main_or_minor_line,[Gondor] Lebennin Infantry,21.0,Soldier,gondor,Infantry,True
gondor_leb_longbowman,gondor_leb_militia,5,5,gondor_leb_militia|gondor_leb_skirmisher|gondor_leb_archer|gondor_leb_vet_archer|gondor_leb_longbowman,main_or_minor_line,main_or_minor_line,[Gondor] Lebennin Longbowman,31.0,Soldier,gondor,Ranged,False
gondor_leb_militia,gondor_leb_militia,1,1,gondor_leb_militia,main_or_minor_line,main_or_minor_line,[Gondor] Lebennin Militia,11.0,Soldier,gondor,Infantry,True
gondor_leb_sea_guard,gondor_leb_militia,5,5,gondor_leb_militia|gondor_leb_skirmisher|gondor_leb_infantry|gondor_leb_vet_infantry|gondor_leb_sea_guard,main_or_minor_line,main_or_minor_line,[Gondor] Lebennin Sea Guard,36.0,Soldier,gondor,Infantry,False
gondor_leb_skirmisher,gondor_leb_militia,2,2,gondor_leb_militia|gondor_leb_skirmisher,main_or_minor_line,main_or_minor_line,[Gondor] Lebennin Skirmisher,16.0,Soldier,gondor,Infantry,True
gondor_leb_vet_archer,gondor_leb_militia,4,4,gondor_leb_militia|gondor_leb_skirmisher|gondor_leb_archer|gondor_leb_vet_archer,main_or_minor_line,main_or_minor_line,[Gondor] Lebennin Veteran Archer,26.0,Soldier,gondor,Ranged,True
gondor_leb_vet_infantry,gondor_leb_militia,4,4,gondor_leb_militia|gondor_leb_skirmisher|gondor_leb_infantry|gondor_leb_vet_infantry,main_or_minor_line,main_or_minor_line,[Gondor] Lebennin Veteran Infantry,26.0,Soldier,gondor,Infantry,True
gondor_lg_crossbowman,gondor_lg_noble,2,2,gondor_lg_noble|gondor_lg_crossbowman,main_or_minor_line,main_or_minor_line,[Gondor] Lond-Galen Crossbowman,26.0,Soldier,gondor,Ranged,True
gondor_lg_haven_guard,gondor_lg_noble,5,5,gondor_lg_noble|gondor_lg_crossbowman|gondor_lg_pavise_crossbowman|gondor_lg_pavise_guard|gondor_lg_haven_guard,main_or_minor_line,main_or_minor_line,[Gondor] Lond-Galen Haven Guard,41.0,Soldier,gondor,Ranged,False
gondor_lg_noble,gondor_lg_noble,1,1,gondor_lg_noble,main_or_minor_line,main_or_minor_line,[Gondor] Lond-Galen Noble,21.0,Soldier,gondor,Ranged,True
gondor_lg_pavise_crossbowman,gondor_lg_noble,3,3,gondor_lg_noble|gondor_lg_crossbowman|gondor_lg_pavise_crossbowman,main_or_minor_line,main_or_minor_line,[Gondor] Lond-Galen Pavise Crossbowman,31.0,Soldier,gondor,Ranged,True
gondor_lg_pavise_guard,gondor_lg_noble,4,4,gondor_lg_noble|gondor_lg_crossbowman|gondor_lg_pavise_crossbowman|gondor_lg_pavise_guard,main_or_minor_line,main_or_minor_line,[Gondor] Lond-Galen Pavise Guard,36.0,Soldier,gondor,Ranged,True
gondor_lin_footman,gondor_lin_noble,2,2,gondor_lin_noble|gondor_lin_footman,main_or_minor_line,main_or_minor_line,[Gondor] Linhir Footman,21.0,Soldier,gondor,Infantry,True
gondor_lin_high_guard,gondor_lin_noble,5,5,gondor_lin_noble|gondor_lin_footman|gondor_lin_spearman|gondor_lin_vet_spearman|gondor_lin_high_guard,main_or_minor_line,main_or_minor_line,[Gondor] Linhir High Guard,36.0,Soldier,gondor,Infantry,False
gondor_lin_noble,gondor_lin_noble,1,1,gondor_lin_noble,main_or_minor_line,main_or_minor_line,[Gondor] Linhir Noble,16.0,Soldier,gondor,Infantry,True
gondor_lin_spearman,gondor_lin_noble,3,3,gondor_lin_noble|gondor_lin_footman|gondor_lin_spearman,main_or_minor_line,main_or_minor_line,[Gondor] Linhir Spearman,26.0,Soldier,gondor,Infantry,True
gondor_lin_vet_spearman,gondor_lin_noble,4,4,gondor_lin_noble|gondor_lin_footman|gondor_lin_spearman|gondor_lin_vet_spearman,main_or_minor_line,main_or_minor_line,[Gondor] Linhir Veteran Spearman,31.0,Soldier,gondor,Infantry,True
gondor_loss_axe_thrower,gondor_loss_lumberman,4,4,gondor_loss_lumberman|gondor_loss_woodsman|gondor_loss_skirmisher|gondor_loss_axe_thrower,main_or_minor_line,main_or_minor_line,[Gondor] Lossarnach Axe-Thrower,21.0,Soldier,gondor,Infantry,True
gondor_loss_axebearer,gondor_loss_lumberman,3,3,gondor_loss_lumberman|gondor_loss_woodsman|gondor_loss_axebearer,main_or_minor_line,main_or_minor_line,[Gondor] Lossarnach Axebearer,16.0,Soldier,gondor,Infantry,True
gondor_loss_guard,gondor_loss_lumberman,5,5,gondor_loss_lumberman|gondor_loss_woodsman|gondor_loss_axebearer|gondor_loss_vet_axebearer|gondor_loss_guard,main_or_minor_line,main_or_minor_line,[Gondor] Lossarnach Guard,26.0,Soldier,gondor,Infantry,True
gondor_loss_lumberman,gondor_loss_lumberman,1,1,gondor_loss_lumberman,main_or_minor_line,main_or_minor_line,[Gondor] Lossarnach Lumberman,6.0,Soldier,gondor,Infantry,True
gondor_loss_noble,gondor_loss_noble,1,1,gondor_loss_noble,main_or_minor_line,main_or_minor_line,[Gondor] Lossarnach Noble,16.0,Soldier,gondor,Infantry,True
gondor_loss_noble_captain,gondor_loss_noble,5,5,gondor_loss_noble|gondor_loss_noble_veteran|gondor_loss_noble_sergeant|gondor_loss_noble_warden|gondor_loss_noble_captain,main_or_minor_line,main_or_minor_line,[Gondor] Lossarnach Noble Captain,36.0,Soldier,gondor,Infantry,False
gondor_loss_noble_sergeant,gondor_loss_noble,3,3,gondor_loss_noble|gondor_loss_noble_veteran|gondor_loss_noble_sergeant,main_or_minor_line,main_or_minor_line,[Gondor] Lossarnach Noble Sergeant,26.0,Soldier,gondor,Infantry,True
gondor_loss_noble_veteran,gondor_loss_noble,2,2,gondor_loss_noble|gondor_loss_noble_veteran,main_or_minor_line,main_or_minor_line,[Gondor] Lossarnach Noble Veteran,21.0,Soldier,gondor,Infantry,True
gondor_loss_noble_warden,gondor_loss_noble,4,4,gondor_loss_noble|gondor_loss_noble_veteran|gondor_loss_noble_sergeant|gondor_loss_noble_warden,main_or_minor_line,main_or_minor_line,[Gondor] Lossarnach Noble Warden,31.0,Soldier,gondor,Infantry,True
gondor_loss_skirmisher,gondor_loss_lumberman,3,3,gondor_loss_lumberman|gondor_loss_woodsman|gondor_loss_skirmisher,main_or_minor_line,main_or_minor_line,[Gondor] Lossarnach Skirmisher,16.0,Soldier,gondor,Infantry,True
gondor_loss_vet_axe_thrower,gondor_loss_lumberman,5,5,gondor_loss_lumberman|gondor_loss_woodsman|gondor_loss_skirmisher|gondor_loss_axe_thrower|gondor_loss_vet_axe_thrower,main_or_minor_line,main_or_minor_line,[Gondor] Lossarnach Veteran Axe-Thrower,26.0,Soldier,gondor,Infantry,False
gondor_loss_vet_axebearer,gondor_loss_lumberman,4,4,gondor_loss_lumberman|gondor_loss_woodsman|gondor_loss_axebearer|gondor_loss_vet_axebearer,main_or_minor_line,main_or_minor_line,[Gondor] Lossarnach Veteran Axebearer,21.0,Soldier,gondor,Infantry,True
gondor_loss_vet_guard,gondor_loss_lumberman,6,6,gondor_loss_lumberman|gondor_loss_woodsman|gondor_loss_axebearer|gondor_loss_vet_axebearer|gondor_loss_guard|gondor_loss_vet_guard,main_or_minor_line,main_or_minor_line,[Gondor] Lossarnach Veteran Guard,31.0,Soldier,gondor,Infantry,False
gondor_loss_woodsman,gondor_loss_lumberman,2,2,gondor_loss_lumberman|gondor_loss_woodsman,main_or_minor_line,main_or_minor_line,[Gondor] Lossarnach Woodsman,11.0,Soldier,gondor,Infantry,True
gondor_met_archer,gondor_met_noble,2,2,gondor_met_noble|gondor_met_archer,main_or_minor_line,main_or_minor_line,[Gondor] Methir Archer,26.0,Soldier,gondor,Ranged,True
gondor_met_composite_archer,gondor_met_noble,4,4,gondor_met_noble|gondor_met_archer|gondor_met_vet_archer|gondor_met_composite_archer,main_or_minor_line,main_or_minor_line,[Gondor] Methir Composite Archer,36.0,Soldier,gondor,Ranged,False
gondor_met_glaive_guard,gondor_met_noble,3,3,gondor_met_noble|gondor_met_glaiveman|gondor_met_glaive_guard,main_or_minor_line,main_or_minor_line,[Gondor] Methir Glaive Guard,31.0,Soldier,gondor,Infantry,True
gondor_met_glaiveman,gondor_met_noble,2,2,gondor_met_noble|gondor_met_glaiveman,main_or_minor_line,main_or_minor_line,[Gondor] Methir Glaiveman,26.0,Soldier,gondor,Infantry,True
gondor_met_noble,gondor_met_noble,1,1,gondor_met_noble,main_or_minor_line,main_or_minor_line,[Gondor] Methir Noble,21.0,Soldier,gondor,Infantry,True
gondor_met_sun_knight,gondor_met_noble,5,5,gondor_met_noble|gondor_met_glaiveman|gondor_met_glaive_guard|gondor_met_sun_warden|gondor_met_sun_knight,main_or_minor_line,main_or_minor_line,[Gondor] Methir Sun Knight,41.0,Soldier,gondor,Infantry,False
gondor_met_sun_warden,gondor_met_noble,4,4,gondor_met_noble|gondor_met_glaiveman|gondor_met_glaive_guard|gondor_met_sun_warden,main_or_minor_line,main_or_minor_line,[Gondor] Methir Sun Warden,36.0,Soldier,gondor,Infantry,True
gondor_met_vet_archer,gondor_met_noble,3,3,gondor_met_noble|gondor_met_archer|gondor_met_vet_archer,main_or_minor_line,main_or_minor_line,[Gondor] Methir Veteran Archer,31.0,Soldier,gondor,Ranged,True
gondor_mt_captain,gondor_mt_trainee,4,4,gondor_mt_trainee|gondor_mt_veteran|gondor_mt_sergeant|gondor_mt_captain,main_or_minor_line,main_or_minor_line,[Gondor] Citadel Guard Captain,41.0,Soldier,gondor,Infantry,True
gondor_mt_fountain_guard,gondor_mt_trainee,5,5,gondor_mt_trainee|gondor_mt_veteran|gondor_mt_sergeant|gondor_mt_captain|gondor_mt_fountain_guard,main_or_minor_line,main_or_minor_line,[Gondor] Fountain Guard,46.0,Soldier,gondor,Infantry,False
gondor_mt_longbowman,gondor_mt_trainee,3,3,gondor_mt_trainee|gondor_mt_veteran|gondor_mt_longbowman,main_or_minor_line,main_or_minor_line,[Gondor] Citadel Guard Longbowman,36.0,Soldier,gondor,Ranged,True
gondor_mt_sergeant,gondor_mt_trainee,3,3,gondor_mt_trainee|gondor_mt_veteran|gondor_mt_sergeant,main_or_minor_line,main_or_minor_line,[Gondor] Citadel Guard Sergeant,36.0,Soldier,gondor,Infantry,True
gondor_mt_sharpshooter,gondor_mt_trainee,4,4,gondor_mt_trainee|gondor_mt_veteran|gondor_mt_longbowman|gondor_mt_sharpshooter,main_or_minor_line,main_or_minor_line,[Gondor] Citadel Guard Sharpshooter,41.0,Soldier,gondor,Ranged,False
gondor_mt_trainee,gondor_mt_trainee,1,1,gondor_mt_trainee,main_or_minor_line,main_or_minor_line,[Gondor] Citadel Guard Trainee,26.0,Soldier,gondor,Infantry,True
gondor_mt_veteran,gondor_mt_trainee,2,2,gondor_mt_trainee|gondor_mt_veteran,main_or_minor_line,main_or_minor_line,[Gondor] Citadel Guard Veteran,31.0,Soldier,gondor,Infantry,True
gondor_osg_archer,gondor_osg_veteran,3,3,gondor_osg_veteran|gondor_osg_skirmisher|gondor_osg_archer,main_or_minor_line,main_or_minor_line,[Gondor] Osgiliath Archer,26.0,Soldier,gondor,Ranged,True
gondor_osg_dome_guard,gondor_osg_veteran,5,5,gondor_osg_veteran|gondor_osg_skirmisher|gondor_osg_infantry|gondor_osg_guard|gondor_osg_dome_guard,main_or_minor_line,main_or_minor_line,[Gondor] Osgiliath Dome Guard,36.0,Soldier,gondor,Infantry,False
gondor_osg_guard,gondor_osg_veteran,4,4,gondor_osg_veteran|gondor_osg_skirmisher|gondor_osg_infantry|gondor_osg_guard,main_or_minor_line,main_or_minor_line,[Gondor] Osgiliath Guard,31.0,Soldier,gondor,Infantry,True
gondor_osg_infantry,gondor_osg_veteran,3,3,gondor_osg_veteran|gondor_osg_skirmisher|gondor_osg_infantry,main_or_minor_line,main_or_minor_line,[Gondor] Osgiliath Infantry,26.0,Soldier,gondor,Infantry,True
gondor_osg_longbowman,gondor_osg_veteran,4,4,gondor_osg_veteran|gondor_osg_skirmisher|gondor_osg_archer|gondor_osg_longbowman,main_or_minor_line,main_or_minor_line,[Gondor] Osgiliath Longbowman,31.0,Soldier,gondor,Ranged,False
gondor_osg_skirmisher,gondor_osg_veteran,2,2,gondor_osg_veteran|gondor_osg_skirmisher,main_or_minor_line,main_or_minor_line,[Gondor] Osgiliath Skirmisher,21.0,Soldier,gondor,Infantry,True
gondor_osg_veteran,gondor_osg_veteran,1,1,gondor_osg_veteran,main_or_minor_line,main_or_minor_line,[Gondor] Osgiliath Veteran,16.0,Soldier,gondor,Infantry,True
gondor_pel_anchor_guard,gondor_pel_skirmisher,5,5,gondor_pel_skirmisher|gondor_pel_veteran|gondor_pel_infantry|gondor_pel_vet_infantry|gondor_pel_anchor_guard,main_or_minor_line,main_or_minor_line,[Gondor] Pelargir Anchor Guard,41.0,Soldier,gondor,Infantry,False
gondor_pel_infantry,gondor_pel_skirmisher,3,3,gondor_pel_skirmisher|gondor_pel_veteran|gondor_pel_infantry,main_or_minor_line,main_or_minor_line,[Gondor] Pelargir Infantry,31.0,Soldier,gondor,Infantry,True
gondor_pel_skirmisher,gondor_pel_skirmisher,1,1,gondor_pel_skirmisher,main_or_minor_line,main_or_minor_line,[Gondor] Pelargir Skirmisher,21.0,Soldier,gondor,Infantry,True
gondor_pel_vet_infantry,gondor_pel_skirmisher,4,4,gondor_pel_skirmisher|gondor_pel_veteran|gondor_pel_infantry|gondor_pel_vet_infantry,main_or_minor_line,main_or_minor_line,[Gondor] Pelargir Veteran Infantry,36.0,Soldier,gondor,Infantry,True
gondor_pel_veteran,gondor_pel_skirmisher,2,2,gondor_pel_skirmisher|gondor_pel_veteran,main_or_minor_line,main_or_minor_line,[Gondor] Pelargir Veteran,26.0,Soldier,gondor,Infantry,True
gondor_pg_archer,gondor_pg_volunteer,4,4,gondor_pg_volunteer|gondor_pg_militia|gondor_pg_footman|gondor_pg_archer,main_or_minor_line,main_or_minor_line,[Gondor] Pinnath Gelin Archer,21.0,Soldier,gondor,Ranged,True
gondor_pg_cavalry,gondor_pg_volunteer,5,5,gondor_pg_volunteer|gondor_pg_militia|gondor_pg_footman|gondor_pg_spearman|gondor_pg_cavalry,main_or_minor_line,main_or_minor_line,[Gondor] Pinnath Gelin Light Horseman,26.0,Soldier,gondor,Cavalry,True
gondor_pg_footman,gondor_pg_volunteer,3,3,gondor_pg_volunteer|gondor_pg_militia|gondor_pg_footman,main_or_minor_line,main_or_minor_line,[Gondor] Pinnath Gelin Footman,16.0,Soldier,gondor,Infantry,True
gondor_pg_militia,gondor_pg_volunteer,2,2,gondor_pg_volunteer|gondor_pg_militia,main_or_minor_line,main_or_minor_line,[Gondor] Pinnath Gelin Militia,11.0,Soldier,gondor,Infantry,True
gondor_pg_spearman,gondor_pg_volunteer,4,4,gondor_pg_volunteer|gondor_pg_militia|gondor_pg_footman|gondor_pg_spearman,main_or_minor_line,main_or_minor_line,[Gondor] Pinnath Gelin Spearman,21.0,Soldier,gondor,Infantry,True
gondor_pg_spearwarden,gondor_pg_volunteer,6,6,gondor_pg_volunteer|gondor_pg_militia|gondor_pg_footman|gondor_pg_spearman|gondor_pg_vet_spearman|gondor_pg_spearwarden,main_or_minor_line,main_or_minor_line,[Gondor] Pinnath Gelin Spearwarden,31.0,Soldier,gondor,Infantry,False
gondor_pg_vet_archer,gondor_pg_volunteer,5,5,gondor_pg_volunteer|gondor_pg_militia|gondor_pg_footman|gondor_pg_archer|gondor_pg_vet_archer,main_or_minor_line,main_or_minor_line,[Gondor] Pinnath Gelin Veteran Archer,26.0,Soldier,gondor,Ranged,False
gondor_pg_vet_cavalry,gondor_pg_volunteer,6,6,gondor_pg_volunteer|gondor_pg_militia|gondor_pg_footman|gondor_pg_spearman|gondor_pg_cavalry|gondor_pg_vet_cavalry,main_or_minor_line,main_or_minor_line,[Gondor] Pinnath Gelin Veteran Horseman,31.0,Soldier,gondor,Cavalry,False
gondor_pg_vet_spearman,gondor_pg_volunteer,5,5,gondor_pg_volunteer|gondor_pg_militia|gondor_pg_footman|gondor_pg_spearman|gondor_pg_vet_spearman,main_or_minor_line,main_or_minor_line,[Gondor] Pinnath Gelin Veteran Spearman,26.0,Soldier,gondor,Infantry,True
gondor_pg_volunteer,gondor_pg_volunteer,1,1,gondor_pg_volunteer,main_or_minor_line,main_or_minor_line,[Gondor] Pinnath Gelin Volunteer,6.0,Soldier,gondor,Infantry,True
gondor_ring_footman,gondor_ring_peasant,3,3,gondor_ring_peasant|gondor_ring_militia|gondor_ring_footman,main_or_minor_line,main_or_minor_line,[Gondor] Ringlo Vale Footman,16.0,Soldier,gondor,Infantry,True
gondor_ring_guardsman,gondor_ring_peasant,4,4,gondor_ring_peasant|gondor_ring_militia|gondor_ring_footman|gondor_ring_guardsman,main_or_minor_line,main_or_minor_line,[Gondor] Ringlo Vale Guardsman,21.0,Soldier,gondor,Infantry,True
gondor_ring_militia,gondor_ring_peasant,2,2,gondor_ring_peasant|gondor_ring_militia,main_or_minor_line,main_or_minor_line,[Gondor] Ringlo Vale Militia,11.0,Soldier,gondor,Infantry,True
gondor_ring_peasant,gondor_ring_peasant,1,1,gondor_ring_peasant,main_or_minor_line,main_or_minor_line,[Gondor] Ringlo Vale Peasant,6.0,Soldier,gondor,Infantry,True
gondor_ring_spearman,gondor_ring_peasant,5,5,gondor_ring_peasant|gondor_ring_militia|gondor_ring_footman|gondor_ring_guardsman|gondor_ring_spearman,main_or_minor_line,main_or_minor_line,[Gondor] Ringlo Vale Spearman,31.0,Soldier,gondor,Infantry,True
gondor_ring_warden,gondor_ring_peasant,6,6,gondor_ring_peasant|gondor_ring_militia|gondor_ring_footman|gondor_ring_guardsman|gondor_ring_spearman|gondor_ring_warden,main_or_minor_line,main_or_minor_line,[Gondor] Ringlo Vale Warden,36.0,Soldier,gondor,Infantry,False
gondor_ser_coastwarden,gondor_ser_noble,5,5,gondor_ser_noble|gondor_ser_veteran|gondor_ser_maceman|gondor_ser_vet_maceman|gondor_ser_coastwarden,main_or_minor_line,main_or_minor_line,[Gondor] Serelond Coastwarden,36.0,Soldier,gondor,Infantry,False
gondor_ser_maceman,gondor_ser_noble,3,3,gondor_ser_noble|gondor_ser_veteran|gondor_ser_maceman,main_or_minor_line,main_or_minor_line,[Gondor] Serelond Maceman,26.0,Soldier,gondor,Infantry,True
gondor_ser_noble,gondor_ser_noble,1,1,gondor_ser_noble,main_or_minor_line,main_or_minor_line,[Gondor] Serelond Noble,16.0,Soldier,gondor,Infantry,True
gondor_ser_phalanx,gondor_ser_noble,5,5,gondor_ser_noble|gondor_ser_veteran|gondor_ser_pikeman|gondor_ser_pikewarden|gondor_ser_phalanx,main_or_minor_line,main_or_minor_line,[Gondor] Serelond Phalanx,36.0,Soldier,gondor,Infantry,False
gondor_ser_pikeman,gondor_ser_noble,3,3,gondor_ser_noble|gondor_ser_veteran|gondor_ser_pikeman,main_or_minor_line,main_or_minor_line,[Gondor] Serelond Pikeman,26.0,Soldier,gondor,Infantry,True
gondor_ser_pikewarden,gondor_ser_noble,4,4,gondor_ser_noble|gondor_ser_veteran|gondor_ser_pikeman|gondor_ser_pikewarden,main_or_minor_line,main_or_minor_line,[Gondor] Serelond Pikewarden,31.0,Soldier,gondor,Infantry,True
gondor_ser_vet_maceman,gondor_ser_noble,4,4,gondor_ser_noble|gondor_ser_veteran|gondor_ser_maceman|gondor_ser_vet_maceman,main_or_minor_line,main_or_minor_line,[Gondor] Serelond Veteran Maceman,31.0,Soldier,gondor,Infantry,True
gondor_ser_veteran,gondor_ser_noble,2,2,gondor_ser_noble|gondor_ser_veteran,main_or_minor_line,main_or_minor_line,[Gondor] Serelond Veteran,21.0,Soldier,gondor,Infantry,True
gondor_tol_arbalest,gondor_tol_arbalest,1,1,gondor_tol_arbalest,main_or_minor_line,main_or_minor_line,[Gondor] Tolfalas Arbalest,16.0,Soldier,gondor,Ranged,True
gondor_tol_crossbowman,gondor_tol_arbalest,2,2,gondor_tol_arbalest|gondor_tol_crossbowman,main_or_minor_line,main_or_minor_line,[Gondor] Tolfalas Crossbowman,21.0,Soldier,gondor,Ranged,True
gondor_tol_marksman,gondor_tol_arbalest,4,4,gondor_tol_arbalest|gondor_tol_crossbowman|gondor_tol_vet_crossbowman|gondor_tol_marksman,main_or_minor_line,main_or_minor_line,[Gondor] Tolfalas Marksman,31.0,Soldier,gondor,Ranged,True
gondor_tol_sharpshooter,gondor_tol_arbalest,5,5,gondor_tol_arbalest|gondor_tol_crossbowman|gondor_tol_vet_crossbowman|gondor_tol_marksman|gondor_tol_sharpshooter,main_or_minor_line,main_or_minor_line,[Gondor] Tolfalas Sharpshooter,36.0,Soldier,gondor,Ranged,False
gondor_tol_vet_crossbowman,gondor_tol_arbalest,3,3,gondor_tol_arbalest|gondor_tol_crossbowman|gondor_tol_vet_crossbowman,main_or_minor_line,main_or_minor_line,[Gondor] Tolfalas Veteran Crossbowman,26.0,Soldier,gondor,Ranged,True
guardians_tier_1,guardians_tier_1,1,1,guardians_tier_1,main_or_minor_line,main_or_minor_line,Guardian Recruit,11.0,Soldier,empire,Ranged,True
guardians_tier_2,guardians_tier_1,2,2,guardians_tier_1|guardians_tier_2,main_or_minor_line,main_or_minor_line,Expert Guardian,16.0,Soldier,empire,Ranged,True
guardians_tier_3,guardians_tier_1,3,3,guardians_tier_1|guardians_tier_2|guardians_tier_3,main_or_minor_line,main_or_minor_line,Veteran Guardian,21.0,Soldier,empire,Ranged,False
gundabad_archer,gundabad_hunter,4,4,gundabad_hunter|gundabad_lurker|gundabad_sentry|gundabad_archer,main_or_minor_line,main_or_minor_line,[Gundabad] Archer,26.0,Soldier,gundabad,Ranged,False
gundabad_berserker,gundabad_snaga,5,5,gundabad_snaga|gundabad_grunt|gundabad_fighter|gundabad_sword_warrior|gundabad_berserker,main_or_minor_line,main_or_minor_line,[Gundabad] Pale Uruk Bone Breaker,31.0,Soldier,gundabad,Infantry,True
gundabad_bolgs_ironfang,gundabad_snaga,7,7,gundabad_snaga|gundabad_grunt|gundabad_fighter|gundabad_brute|gundabad_veteran_sword_warrior|gundabad_chosen_of_tharzog|gundabad_bolgs_ironfang,main_or_minor_line,main_or_minor_line,[Gundabad] Bolg's Ironfang,36.0,Soldier,gundabad,Infantry,False
gundabad_brute,gundabad_snaga,4,4,gundabad_snaga|gundabad_grunt|gundabad_fighter|gundabad_brute,main_or_minor_line,main_or_minor_line,[Gundabad] Pale Uruk Ravager,26.0,Soldier,gundabad,Infantry,True
gundabad_chosen_of_tharzog,gundabad_snaga,6,6,gundabad_snaga|gundabad_grunt|gundabad_fighter|gundabad_brute|gundabad_veteran_sword_warrior|gundabad_chosen_of_tharzog,main_or_minor_line,main_or_minor_line,[Gundabad] Pale Uruk Mountain Guard,36.0,Soldier,gundabad,Infantry,True
gundabad_despoiler_of_the_vale,gundabad_scout,2,2,gundabad_scout|gundabad_despoiler_of_the_vale,main_or_minor_line,main_or_minor_line,[Gundabad] Despoiler of the Vale,26.0,Soldier,gundabad,HorseArcher,False
gundabad_dread_rider_of_the_tower,gundabad_snaga,7,7,gundabad_snaga|gundabad_grunt|gundabad_guard|gundabad_spear_warrior|gundabad_warg_tamer|gundabad_tracker|gundabad_dread_rider_of_the_tower,main_or_minor_line,main_or_minor_line,[Gundabad] Azog's Defiler,41.0,Soldier,gundabad,Cavalry,False
gundabad_fighter,gundabad_snaga,3,3,gundabad_snaga|gundabad_grunt|gundabad_fighter,main_or_minor_line,main_or_minor_line,[Gundabad] Pale Uruk Raider,21.0,Soldier,gundabad,Infantry,True
gundabad_grunt,gundabad_snaga,2,2,gundabad_snaga|gundabad_grunt,main_or_minor_line,main_or_minor_line,[Gundabad] Pale Uruk Brawler,16.0,Soldier,gundabad,Infantry,True
gundabad_guard,gundabad_snaga,3,3,gundabad_snaga|gundabad_grunt|gundabad_guard,main_or_minor_line,main_or_minor_line,[Gundabad] Pale Uruk Impaler,21.0,Soldier,gundabad,Infantry,True
gundabad_guardian_of_the_tower,gundabad_snaga,6,6,gundabad_snaga|gundabad_grunt|gundabad_guard|gundabad_spear_warrior|gundabad_veteran_spear_warrior|gundabad_guardian_of_the_tower,main_or_minor_line,main_or_minor_line,[Gundabad] Pale Uruk War-Pike,36.0,Soldier,gundabad,Infantry,False
gundabad_hunter,gundabad_hunter,1,1,gundabad_hunter,main_or_minor_line,main_or_minor_line,[Gundabad] Hunter,11.0,Soldier,gundabad,Ranged,True
gundabad_lurker,gundabad_hunter,2,2,gundabad_hunter|gundabad_lurker,main_or_minor_line,main_or_minor_line,[Gundabad] Lurker,16.0,Soldier,gundabad,Ranged,True
gundabad_scout,gundabad_scout,1,1,gundabad_scout,main_or_minor_line,main_or_minor_line,[Gundabad] Scout,21.0,Soldier,gundabad,HorseArcher,True
gundabad_sentry,gundabad_hunter,3,3,gundabad_hunter|gundabad_lurker|gundabad_sentry,main_or_minor_line,main_or_minor_line,[Gundabad] Sentry,21.0,Soldier,gundabad,Ranged,True
gundabad_snaga,gundabad_snaga,1,1,gundabad_snaga,main_or_minor_line,main_or_minor_line,[Gundabad] Pale Uruk Warrior,11.0,Soldier,gundabad,Infantry,True
gundabad_spear_warrior,gundabad_snaga,4,4,gundabad_snaga|gundabad_grunt|gundabad_guard|gundabad_spear_warrior,main_or_minor_line,main_or_minor_line,[Gundabad] Pale Uruk Spearman,26.0,Soldier,gundabad,Infantry,True
gundabad_sword_warrior,gundabad_snaga,4,4,gundabad_snaga|gundabad_grunt|gundabad_fighter|gundabad_sword_warrior,main_or_minor_line,main_or_minor_line,[Gundabad] Pale Uruk Mauler,26.0,Soldier,gundabad,Infantry,True
gundabad_tracker,gundabad_snaga,6,6,gundabad_snaga|gundabad_grunt|gundabad_guard|gundabad_spear_warrior|gundabad_warg_tamer|gundabad_tracker,main_or_minor_line,main_or_minor_line,[Gundabad] Pale Uruk Fang Rider,36.0,Soldier,gundabad,Cavalry,True
gundabad_veteran_berserker,gundabad_snaga,6,6,gundabad_snaga|gundabad_grunt|gundabad_fighter|gundabad_sword_warrior|gundabad_berserker|gundabad_veteran_berserker,main_or_minor_line,main_or_minor_line,[Gundabad] Pale Uruk Skull Crusher,36.0,Soldier,gundabad,Infantry,False
gundabad_veteran_spear_warrior,gundabad_snaga,5,5,gundabad_snaga|gundabad_grunt|gundabad_guard|gundabad_spear_warrior|gundabad_veteran_spear_warrior,main_or_minor_line,main_or_minor_line,[Gundabad] Pale Uruk Pike-Reaver,31.0,Soldier,gundabad,Infantry,True
gundabad_veteran_sword_warrior,gundabad_snaga,5,5,gundabad_snaga|gundabad_grunt|gundabad_fighter|gundabad_brute|gundabad_veteran_sword_warrior,main_or_minor_line,main_or_minor_line,[Gundabad] Pale Uruk Infantry,31.0,Soldier,gundabad,Infantry,True
gundabad_warg_tamer,gundabad_snaga,5,5,gundabad_snaga|gundabad_grunt|gundabad_guard|gundabad_spear_warrior|gundabad_warg_tamer,main_or_minor_line,main_or_minor_line,[Gundabad] Pale Uruk Wolf Rider,31.0,Soldier,gundabad,Cavalry,True
harad_archer,harad_levy,3,3,harad_levy|harad_skirmisher|harad_archer,main_or_minor_line,main_or_minor_line,[Harad] Desert Archer,16.0,Soldier,aserai,Ranged,True
harad_bronzefang,harad_levy,5,5,harad_levy|harad_militia|harad_swordfighter|harad_footman|harad_bronzefang,main_or_minor_line,main_or_minor_line,[Harad] Bronze Fang,26.0,Soldier,aserai,Infantry,True
harad_camel_lancer,harad_levy,5,5,harad_levy|harad_militia|harad_camelscout|harad_camelrider|harad_camel_lancer,main_or_minor_line,main_or_minor_line,[Harad] Camel Lancer,26.0,Soldier,aserai,Cavalry,False
harad_camelrider,harad_levy,4,4,harad_levy|harad_militia|harad_camelscout|harad_camelrider,main_or_minor_line,main_or_minor_line,[Harad] Camel Rider,21.0,Soldier,aserai,Cavalry,True
harad_camelscout,harad_levy,3,3,harad_levy|harad_militia|harad_camelscout,main_or_minor_line,main_or_minor_line,[Harad] Camel Scout,16.0,Soldier,aserai,Cavalry,True
harad_champion,harad_levy,6,6,harad_levy|harad_militia|harad_swordfighter|harad_footman|harad_bronzefang|harad_champion,main_or_minor_line,main_or_minor_line,[Harad] Champion,31.0,Soldier,aserai,Infantry,False
harad_fangking,harad_noble,5,5,harad_noble|harad_sandblade|harad_gildedfang|harad_serpentguard|harad_fangking,main_or_minor_line,main_or_minor_line,[Harad] Fang of the King,31.0,Soldier,aserai,Cavalry,False
harad_footman,harad_levy,4,4,harad_levy|harad_militia|harad_swordfighter|harad_footman,main_or_minor_line,main_or_minor_line,[Harad] Footman,21.0,Soldier,aserai,Infantry,True
harad_gildedfang,harad_noble,3,3,harad_noble|harad_sandblade|harad_gildedfang,main_or_minor_line,main_or_minor_line,[Harad] Warrior of the Gilded Fang,21.0,Soldier,aserai,Cavalry,True
harad_horsearcher,harad_noble,3,3,harad_noble|harad_sandblade|harad_horsearcher,main_or_minor_line,main_or_minor_line,[Harad] Rider of the Golden Veil,21.0,Soldier,aserai,HorseArcher,True
harad_levy,harad_levy,1,1,harad_levy,main_or_minor_line,main_or_minor_line,[Harad] Levy,6.0,Soldier,aserai,Infantry,True
harad_marksman,harad_levy,4,4,harad_levy|harad_skirmisher|harad_archer|harad_marksman,main_or_minor_line,main_or_minor_line,[Harad] Marksman,21.0,Soldier,aserai,Ranged,True
harad_militia,harad_levy,2,2,harad_levy|harad_militia,main_or_minor_line,main_or_minor_line,[Harad] Militia,11.0,Soldier,aserai,Infantry,True
harad_noble,harad_noble,1,1,harad_noble,main_or_minor_line,main_or_minor_line,[Harad] Youngblood of the Serpent,11.0,Soldier,aserai,Cavalry,True
harad_sandblade,harad_noble,2,2,harad_noble|harad_sandblade,main_or_minor_line,main_or_minor_line,[Harad] Initiate of the Sand Blades,16.0,Soldier,aserai,Infantry,True
harad_serpent_eye,harad_levy,6,6,harad_levy|harad_skirmisher|harad_archer|harad_marksman|harad_vipereye|harad_serpent_eye,main_or_minor_line,main_or_minor_line,[Harad] Serpent Eyes,31.0,Soldier,aserai,Ranged,False
harad_serpentguard,harad_noble,4,4,harad_noble|harad_sandblade|harad_gildedfang|harad_serpentguard,main_or_minor_line,main_or_minor_line,[Harad] Serpent Guard,26.0,Soldier,aserai,Cavalry,True
harad_serpenthorsearcher,harad_noble,4,4,harad_noble|harad_sandblade|harad_horsearcher|harad_serpenthorsearcher,main_or_minor_line,main_or_minor_line,[Harad] Serpent Archer,26.0,Soldier,aserai,HorseArcher,False
harad_skirmisher,harad_levy,2,2,harad_levy|harad_skirmisher,main_or_minor_line,main_or_minor_line,[Harad] Skirmisher,11.0,Soldier,aserai,Ranged,True
harad_spearfighter,harad_levy,3,3,harad_levy|harad_militia|harad_spearfighter,main_or_minor_line,main_or_minor_line,[Harad] Spear Fighter,16.0,Soldier,aserai,Infantry,True
harad_spearguard,harad_levy,4,4,harad_levy|harad_militia|harad_spearfighter|harad_spearguard,main_or_minor_line,main_or_minor_line,[Harad] Spear Guard,21.0,Soldier,aserai,Infantry,True
harad_sunlance,harad_levy,5,5,harad_levy|harad_militia|harad_spearfighter|harad_spearguard|harad_sunlance,main_or_minor_line,main_or_minor_line,[Harad] Sunlance,26.0,Soldier,aserai,Infantry,True
harad_swordfighter,harad_levy,3,3,harad_levy|harad_militia|harad_swordfighter,main_or_minor_line,main_or_minor_line,[Harad] Sword Fighter,16.0,Soldier,aserai,Infantry,True
harad_vipereye,harad_levy,5,5,harad_levy|harad_skirmisher|harad_archer|harad_marksman|harad_vipereye,main_or_minor_line,main_or_minor_line,[Harad] Viper,26.0,Soldier,aserai,Ranged,True
harad_warlance,harad_levy,6,6,harad_levy|harad_militia|harad_spearfighter|harad_spearguard|harad_sunlance|harad_warlance,main_or_minor_line,main_or_minor_line,[Harad] Warlance,31.0,Soldier,aserai,Infantry,False
hidden_hand_tier_1,hidden_hand_tier_1,1,1,hidden_hand_tier_1,main_or_minor_line,main_or_minor_line,Hidden Pawn,11.0,Soldier,empire,Infantry,True
hidden_hand_tier_2,hidden_hand_tier_1,2,2,hidden_hand_tier_1|hidden_hand_tier_2,main_or_minor_line,main_or_minor_line,Hidden Soldati,16.0,Soldier,empire,Infantry,True
hidden_hand_tier_3,hidden_hand_tier_1,3,3,hidden_hand_tier_1|hidden_hand_tier_2|hidden_hand_tier_3,main_or_minor_line,main_or_minor_line,Puppeteer,21.0,Soldier,empire,Infantry,False
imladris_archer,imladris_recruit,3,3,imladris_recruit|imladris_bowman|imladris_archer,main_or_minor_line,main_or_minor_line,[Rivendell] Imladris Archer,31.0,Soldier,rivendell,Ranged,True
imladris_blademaster,imladris_recruit,5,5,imladris_recruit|imladris_infantry|imladris_swordguard|imladris_nobleman|imladris_blademaster,main_or_minor_line,main_or_minor_line,[Rivendell] Imladris Blademaster,41.0,Soldier,rivendell,Infantry,False
imladris_bowman,imladris_recruit,2,2,imladris_recruit|imladris_bowman,main_or_minor_line,main_or_minor_line,[Rivendell] Imladris Bowman,26.0,Soldier,rivendell,Ranged,True
imladris_guardsman,imladris_recruit,4,4,imladris_recruit|imladris_infantry|imladris_swordguard|imladris_guardsman,main_or_minor_line,main_or_minor_line,[Rivendell] Imladris Guardsman,36.0,Soldier,rivendell,Infantry,True
imladris_horse_archer,imladris_recruit,5,5,imladris_recruit|imladris_bowman|imladris_archer|imladris_marksman|imladris_horse_archer,main_or_minor_line,main_or_minor_line,[Rivendell] Imladris Horse Archer,41.0,Soldier,rivendell,HorseArcher,True
imladris_infantry,imladris_recruit,2,2,imladris_recruit|imladris_infantry,main_or_minor_line,main_or_minor_line,[Rivendell] Imladris Infantry,26.0,Soldier,rivendell,Infantry,True
imladris_marchwarden,imladris_recruit,5,5,imladris_recruit|imladris_bowman|imladris_archer|imladris_marksman|imladris_marchwarden,main_or_minor_line,main_or_minor_line,[Rivendell] Imladris Marchwarden,41.0,Soldier,rivendell,Ranged,False
imladris_marksman,imladris_recruit,4,4,imladris_recruit|imladris_bowman|imladris_archer|imladris_marksman,main_or_minor_line,main_or_minor_line,[Rivendell] Imladris Marksman,36.0,Soldier,rivendell,Ranged,True
imladris_nobleman,imladris_recruit,4,4,imladris_recruit|imladris_infantry|imladris_swordguard|imladris_nobleman,main_or_minor_line,main_or_minor_line,[Rivendell] Imladris Nobleman,36.0,Soldier,rivendell,Infantry,True
imladris_outrider,imladris_recruit,5,5,imladris_recruit|imladris_infantry|imladris_swordguard|imladris_guardsman|imladris_outrider,main_or_minor_line,main_or_minor_line,[Rivendell] Imladris Outrider,41.0,Soldier,rivendell,Cavalry,True
imladris_recruit,imladris_recruit,1,1,imladris_recruit,main_or_minor_line,main_or_minor_line,[Rivendell] Imladris Recruit,21.0,Soldier,rivendell,Infantry,True
imladris_swordguard,imladris_recruit,3,3,imladris_recruit|imladris_infantry|imladris_swordguard,main_or_minor_line,main_or_minor_line,[Rivendell] Imladris Swordguard,31.0,Soldier,rivendell,Infantry,True
imladris_warden,imladris_recruit,5,5,imladris_recruit|imladris_infantry|imladris_swordguard|imladris_guardsman|imladris_warden,main_or_minor_line,main_or_minor_line,[Rivendell] Imladris Warden,41.0,Soldier,rivendell,Infantry,False
imperial_archer,imperial_recruit,2,2,imperial_recruit|imperial_archer,main_or_minor_line,main_or_minor_line,Imperial Archer,11.0,Soldier,empire,Ranged,True
imperial_cataphract,imperial_vigla_recruit,4,4,imperial_vigla_recruit|imperial_equite|imperial_heavy_horseman|imperial_cataphract,noble_line,noble_line,Imperial Cataphract,26.0,Soldier,empire,Cavalry,True
imperial_crossbowman,imperial_recruit,4,4,imperial_recruit|imperial_archer|imperial_trained_archer|imperial_crossbowman,main_or_minor_line,main_or_minor_line,Imperial Crossbowman,21.0,Soldier,empire,Ranged,True
imperial_elite_cataphract,imperial_vigla_recruit,5,5,imperial_vigla_recruit|imperial_equite|imperial_heavy_horseman|imperial_cataphract|imperial_elite_cataphract,noble_line,noble_line,Imperial Elite Cataphract,31.0,Soldier,empire,Cavalry,False
imperial_elite_menavliaton,imperial_menavliaton,2,2,imperial_menavliaton|imperial_elite_menavliaton,main_or_minor_line,main_or_minor_line,Imperial Elite Menavliaton,26.0,Soldier,empire,Infantry,False
imperial_equite,imperial_vigla_recruit,2,2,imperial_vigla_recruit|imperial_equite,noble_line,noble_line,Imperial Equite,16.0,Soldier,empire,Cavalry,True
imperial_heavy_horseman,imperial_vigla_recruit,3,3,imperial_vigla_recruit|imperial_equite|imperial_heavy_horseman,noble_line,noble_line,Imperial Heavy Horseman,21.0,Soldier,empire,Cavalry,True
imperial_menavliaton,imperial_menavliaton,1,1,imperial_menavliaton,main_or_minor_line,main_or_minor_line,Imperial Menavliaton,21.0,Soldier,empire,Infantry,True
imperial_palatine_guard,imperial_recruit,5,5,imperial_recruit|imperial_archer|imperial_trained_archer|imperial_veteran_archer|imperial_palatine_guard,main_or_minor_line,main_or_minor_line,Imperial Palatine Guard,26.0,Soldier,empire,Ranged,False
imperial_recruit,imperial_recruit,1,1,imperial_recruit,main_or_minor_line,main_or_minor_line,Imperial Recruit,6.0,Soldier,empire,Infantry,True
imperial_sergeant_crossbowman,imperial_recruit,5,5,imperial_recruit|imperial_archer|imperial_trained_archer|imperial_crossbowman|imperial_sergeant_crossbowman,main_or_minor_line,main_or_minor_line,Imperial Sergeant Crossbowman,26.0,Soldier,empire,Ranged,False
imperial_trained_archer,imperial_recruit,3,3,imperial_recruit|imperial_archer|imperial_trained_archer,main_or_minor_line,main_or_minor_line,Imperial Trained Archer,16.0,Soldier,empire,Ranged,True
imperial_veteran_archer,imperial_recruit,4,4,imperial_recruit|imperial_archer|imperial_trained_archer|imperial_veteran_archer,main_or_minor_line,main_or_minor_line,Imperial Veteran Archer,21.0,Soldier,empire,Ranged,True
imperial_vigla_recruit,imperial_vigla_recruit,1,1,imperial_vigla_recruit,noble_line,noble_line,Imperial Vigla Recruit,11.0,Soldier,empire,Infantry,True
iron_hills_noble,iron_hills_noble,1,1,iron_hills_noble,main_or_minor_line,main_or_minor_line,[Iron Hills] Noble,16.0,Soldier,erebor,Infantry,True
iron_hills_noble_anvilguard,iron_hills_noble,5,5,iron_hills_noble|iron_hills_noble_swordsman|iron_hills_noble_infantry|iron_hills_noble_hammer_guard|iron_hills_noble_anvilguard,main_or_minor_line,main_or_minor_line,[Iron Hills] Anvilguard,36.0,Soldier,erebor,Infantry,True
iron_hills_noble_gate_warden,iron_hills_noble,6,6,iron_hills_noble|iron_hills_noble_swordsman|iron_hills_noble_infantry|iron_hills_noble_guard|iron_hills_noble_shield_guard|iron_hills_noble_gate_warden,main_or_minor_line,main_or_minor_line,[Iron Hills] Gate Warden,41.0,Soldier,erebor,Infantry,True
iron_hills_noble_guard,iron_hills_noble,4,4,iron_hills_noble|iron_hills_noble_swordsman|iron_hills_noble_infantry|iron_hills_noble_guard,main_or_minor_line,main_or_minor_line,[Iron Hills] Guard,31.0,Soldier,erebor,Infantry,True
iron_hills_noble_hammer_guard,iron_hills_noble,4,4,iron_hills_noble|iron_hills_noble_swordsman|iron_hills_noble_infantry|iron_hills_noble_hammer_guard,main_or_minor_line,main_or_minor_line,[Iron Hills] Hammer-Guard,31.0,Soldier,erebor,Infantry,True
iron_hills_noble_infantry,iron_hills_noble,3,3,iron_hills_noble|iron_hills_noble_swordsman|iron_hills_noble_infantry,main_or_minor_line,main_or_minor_line,[Iron Hills] Infantry,26.0,Soldier,erebor,Infantry,True
iron_hills_noble_ironbreaker,iron_hills_noble,6,6,iron_hills_noble|iron_hills_noble_swordsman|iron_hills_noble_infantry|iron_hills_noble_hammer_guard|iron_hills_noble_anvilguard|iron_hills_noble_ironbreaker,main_or_minor_line,main_or_minor_line,[Iron Hills] Ironbreaker,41.0,Soldier,erebor,Infantry,False
iron_hills_noble_royal_warden,iron_hills_noble,7,7,iron_hills_noble|iron_hills_noble_swordsman|iron_hills_noble_infantry|iron_hills_noble_guard|iron_hills_noble_shield_guard|iron_hills_noble_gate_warden|iron_hills_noble_royal_warden,main_or_minor_line,main_or_minor_line,[Iron Hills] Royal Warden,46.0,Soldier,erebor,Infantry,False
iron_hills_noble_scout,iron_hills_noble,2,2,iron_hills_noble|iron_hills_noble_scout,main_or_minor_line,main_or_minor_line,[Iron Hills] Scout,21.0,Soldier,erebor,Ranged,True
iron_hills_noble_sharpshooter,iron_hills_noble,3,3,iron_hills_noble|iron_hills_noble_scout|iron_hills_noble_sharpshooter,main_or_minor_line,main_or_minor_line,[Iron Hills] Sharpshooter,26.0,Soldier,erebor,Ranged,True
iron_hills_noble_shield_guard,iron_hills_noble,5,5,iron_hills_noble|iron_hills_noble_swordsman|iron_hills_noble_infantry|iron_hills_noble_guard|iron_hills_noble_shield_guard,main_or_minor_line,main_or_minor_line,[Iron Hills] Shield-Guard,36.0,Soldier,erebor,Infantry,True
iron_hills_noble_swordsman,iron_hills_noble,2,2,iron_hills_noble|iron_hills_noble_swordsman,main_or_minor_line,main_or_minor_line,[Iron Hills] Swordsman,21.0,Soldier,erebor,Infantry,True
iron_hills_noble_veteran_sharpshooter,iron_hills_noble,4,4,iron_hills_noble|iron_hills_noble_scout|iron_hills_noble_sharpshooter|iron_hills_noble_veteran_sharpshooter,main_or_minor_line,main_or_minor_line,[Iron Hills] Veteran Sharpshooter,31.0,Soldier,erebor,Ranged,False
iron_hills_reg_axe_warrior,iron_hills_reg_recruit,5,5,iron_hills_reg_recruit|iron_hills_reg_militia|iron_hills_reg_company|iron_hills_reg_fighter|iron_hills_reg_axe_warrior,main_or_minor_line,main_or_minor_line,[Iron Hills] Axe Warrior,31.0,Soldier,erebor,Infantry,False
iron_hills_reg_bowman,iron_hills_reg_recruit,4,4,iron_hills_reg_recruit|iron_hills_reg_militia|iron_hills_reg_skirmisher|iron_hills_reg_bowman,main_or_minor_line,main_or_minor_line,[Iron Hills] Bowman,26.0,Soldier,erebor,Ranged,False
iron_hills_reg_company,iron_hills_reg_recruit,3,3,iron_hills_reg_recruit|iron_hills_reg_militia|iron_hills_reg_company,main_or_minor_line,main_or_minor_line,[Iron Hills] Company,21.0,Soldier,erebor,Infantry,True
iron_hills_reg_fighter,iron_hills_reg_recruit,4,4,iron_hills_reg_recruit|iron_hills_reg_militia|iron_hills_reg_company|iron_hills_reg_fighter,main_or_minor_line,main_or_minor_line,[Iron Hills] Fighter,26.0,Soldier,erebor,Infantry,True
iron_hills_reg_militia,iron_hills_reg_recruit,2,2,iron_hills_reg_recruit|iron_hills_reg_militia,main_or_minor_line,main_or_minor_line,[Iron Hills] Militia,16.0,Soldier,erebor,Infantry,True
iron_hills_reg_recruit,iron_hills_reg_recruit,1,1,iron_hills_reg_recruit,main_or_minor_line,main_or_minor_line,[Iron Hills] Recruit,11.0,Soldier,erebor,Infantry,True
iron_hills_reg_skirmisher,iron_hills_reg_recruit,3,3,iron_hills_reg_recruit|iron_hills_reg_militia|iron_hills_reg_skirmisher,main_or_minor_line,main_or_minor_line,[Iron Hills] Skirmisher,21.0,Soldier,erebor,Ranged,True
iron_hills_reg_warrior,iron_hills_reg_recruit,5,5,iron_hills_reg_recruit|iron_hills_reg_militia|iron_hills_reg_company|iron_hills_reg_fighter|iron_hills_reg_warrior,main_or_minor_line,main_or_minor_line,[Iron Hills] Warrior,31.0,Soldier,erebor,Infantry,False
ironpass_arbalest,ironpass_recruit,3,3,ironpass_recruit|ironpass_warrior|ironpass_arbalest,main_or_minor_line,main_or_minor_line,[Ironpass] Arbalest,21.0,Soldier,erebor,Ranged,True
ironpass_axeman,ironpass_recruit,4,4,ironpass_recruit|ironpass_warrior|ironpass_infantry|ironpass_axeman,main_or_minor_line,main_or_minor_line,[Ironpass] Axeman,26.0,Soldier,erebor,Infantry,True
ironpass_infantry,ironpass_recruit,3,3,ironpass_recruit|ironpass_warrior|ironpass_infantry,main_or_minor_line,main_or_minor_line,[Ironpass] Infantry,21.0,Soldier,erebor,Infantry,True
ironpass_mountain_guard,ironpass_recruit,6,6,ironpass_recruit|ironpass_warrior|ironpass_infantry|ironpass_axeman|ironpass_veteran_axeman|ironpass_mountain_guard,main_or_minor_line,main_or_minor_line,[Ironpass] Mountain Guard,36.0,Soldier,erebor,Infantry,False
ironpass_recruit,ironpass_recruit,1,1,ironpass_recruit,main_or_minor_line,main_or_minor_line,[Ironpass] Recruit,11.0,Soldier,erebor,Infantry,True
ironpass_sharpshooter,ironpass_recruit,5,5,ironpass_recruit|ironpass_warrior|ironpass_arbalest|ironpass_veteran_arbalest|ironpass_sharpshooter,main_or_minor_line,main_or_minor_line,[Ironpass] Sharpshooter,31.0,Soldier,erebor,Ranged,False
ironpass_veteran_arbalest,ironpass_recruit,4,4,ironpass_recruit|ironpass_warrior|ironpass_arbalest|ironpass_veteran_arbalest,main_or_minor_line,main_or_minor_line,[Ironpass] Veteran Arbalest,26.0,Soldier,erebor,Ranged,True
ironpass_veteran_axeman,ironpass_recruit,5,5,ironpass_recruit|ironpass_warrior|ironpass_infantry|ironpass_axeman|ironpass_veteran_axeman,main_or_minor_line,main_or_minor_line,[Ironpass] Veteran Axeman,31.0,Soldier,erebor,Infantry,True
ironpass_warrior,ironpass_recruit,2,2,ironpass_recruit|ironpass_warrior,main_or_minor_line,main_or_minor_line,[Ironpass] Warrior,16.0,Soldier,erebor,Infantry,True
isengard_militia_archer,isengard_militia_archer,1,1,isengard_militia_archer,main_or_minor_line,main_or_minor_line,[Isengard] Militia Archer,11.0,Soldier,isengard,Ranged,True
isengard_militia_spearman,isengard_militia_spearman,1,1,isengard_militia_spearman,main_or_minor_line,main_or_minor_line,[Isengard] Militia Spearman,11.0,Soldier,isengard,Infantry,True
isengard_militia_veteran_archer,isengard_militia_archer,2,2,isengard_militia_archer|isengard_militia_veteran_archer,main_or_minor_line,main_or_minor_line,[Isengard] Militia Veteran Archer,16.0,Soldier,isengard,Ranged,False
isengard_militia_veteran_spearman,isengard_militia_spearman,2,2,isengard_militia_spearman|isengard_militia_veteran_spearman,main_or_minor_line,main_or_minor_line,[Isengard] Militia Veteran Spearman,16.0,Soldier,isengard,Infantry,False
isengard_orc_berserker,isengard_orc_grunt,2,2,isengard_orc_grunt|isengard_orc_berserker,main_or_minor_line,main_or_minor_line,[Isengard] Orc Berserker,6.0,Soldier,isengard,Infantry,True
isengard_orc_brawler,isengard_orc_grunt,2,2,isengard_orc_grunt|isengard_orc_brawler,main_or_minor_line,main_or_minor_line,[Isengard] Orc Brawler,6.0,Soldier,isengard,Infantry,True
isengard_orc_butcher,isengard_orc_grunt,4,4,isengard_orc_grunt|isengard_orc_berserker|isengard_orc_ravager|isengard_orc_butcher,main_or_minor_line,main_or_minor_line,[Isengard] Orc Butcher,16.0,Soldier,isengard,Infantry,True
isengard_orc_grunt,isengard_orc_grunt,1,1,isengard_orc_grunt,main_or_minor_line,main_or_minor_line,[Isengard] Orc Grunt,1.0,Soldier,isengard,Infantry,True
isengard_orc_marauder,isengard_orc_grunt,4,4,isengard_orc_grunt|isengard_orc_brawler|isengard_orc_warrior|isengard_orc_marauder,main_or_minor_line,main_or_minor_line,[Isengard] Orc Marauder,16.0,Soldier,isengard,Infantry,True
isengard_orc_ravager,isengard_orc_grunt,3,3,isengard_orc_grunt|isengard_orc_berserker|isengard_orc_ravager,main_or_minor_line,main_or_minor_line,[Isengard] Orc Ravager,11.0,Soldier,isengard,Infantry,True
isengard_orc_reaver,isengard_orc_grunt,5,5,isengard_orc_grunt|isengard_orc_brawler|isengard_orc_warrior|isengard_orc_marauder|isengard_orc_reaver,main_or_minor_line,main_or_minor_line,[Isengard] Orc Reaver,21.0,Soldier,isengard,Infantry,False
isengard_orc_slayer,isengard_orc_grunt,5,5,isengard_orc_grunt|isengard_orc_berserker|isengard_orc_ravager|isengard_orc_butcher|isengard_orc_slayer,main_or_minor_line,main_or_minor_line,[Isengard] Orc Slayer,21.0,Soldier,isengard,Infantry,False
isengard_orc_warg_raider_v2,isengard_orc_grunt,4,4,isengard_orc_grunt|isengard_orc_warg_scout_v2|isengard_orc_warg_rider_v2|isengard_orc_warg_raider_v2,main_or_minor_line,main_or_minor_line,[Isengard] Orc Warg Raider,16.0,Soldier,isengard,Cavalry,True
isengard_orc_warg_ravager_v2,isengard_orc_grunt,5,5,isengard_orc_grunt|isengard_orc_warg_scout_v2|isengard_orc_warg_rider_v2|isengard_orc_warg_raider_v2|isengard_orc_warg_ravager_v2,main_or_minor_line,main_or_minor_line,[Isengard] Orc Warg Ravager,21.0,Soldier,isengard,Cavalry,False
isengard_orc_warg_rider_v2,isengard_orc_grunt,3,3,isengard_orc_grunt|isengard_orc_warg_scout_v2|isengard_orc_warg_rider_v2,main_or_minor_line,main_or_minor_line,[Isengard] Orc Warg Rider,11.0,Soldier,isengard,Cavalry,True
isengard_orc_warg_scout_v2,isengard_orc_grunt,2,2,isengard_orc_grunt|isengard_orc_warg_scout_v2,main_or_minor_line,main_or_minor_line,[Isengard] Orc Warg Scout,6.0,Soldier,isengard,Cavalry,True
isengard_orc_warrior,isengard_orc_grunt,3,3,isengard_orc_grunt|isengard_orc_brawler|isengard_orc_warrior,main_or_minor_line,main_or_minor_line,[Isengard] Orc Warrior,11.0,Soldier,isengard,Infantry,True
jawwal_tier_1,jawwal_tier_1,1,1,jawwal_tier_1,main_or_minor_line,main_or_minor_line,Jawwal Recruit,11.0,Soldier,aserai,Infantry,True
jawwal_tier_2,jawwal_tier_1,2,2,jawwal_tier_1|jawwal_tier_2,main_or_minor_line,main_or_minor_line,Jawwal Camel Rider,16.0,Soldier,aserai,Cavalry,True
jawwal_tier_3,jawwal_tier_1,3,3,jawwal_tier_1|jawwal_tier_2|jawwal_tier_3,main_or_minor_line,main_or_minor_line,Jawwal Bedouin,21.0,Soldier,aserai,Cavalry,False
karakhuzaits_tier_1,karakhuzaits_tier_1,1,1,karakhuzaits_tier_1,main_or_minor_line,main_or_minor_line,Karakhergit Nomad,11.0,Soldier,khuzait,HorseArcher,True
karakhuzaits_tier_2,karakhuzaits_tier_1,2,2,karakhuzaits_tier_1|karakhuzaits_tier_2,main_or_minor_line,main_or_minor_line,Karakhergit Rider,16.0,Soldier,khuzait,HorseArcher,True
karakhuzaits_tier_3,karakhuzaits_tier_1,3,3,karakhuzaits_tier_1|karakhuzaits_tier_2|karakhuzaits_tier_3,main_or_minor_line,main_or_minor_line,Karakhergit Elder,21.0,Soldier,khuzait,HorseArcher,False
kharaghul_ashkur_nokor,kharaghul_youth,5,5,kharaghul_youth|kharaghul_rider|kharaghul_raider|kharaghul_nokor|kharaghul_ashkur_nokor,main_or_minor_line,main_or_minor_line,[Rhûn] Kharaghûl Ashkur Nokor,36.0,Soldier,khuzait,Cavalry,False
kharaghul_horse_archer,kharaghul_youth,4,4,kharaghul_youth|kharaghul_rider|kharaghul_horse_scout|kharaghul_horse_archer,main_or_minor_line,main_or_minor_line,[Rhûn] Kharaghûl Horse Archer,26.0,Soldier,khuzait,HorseArcher,True
kharaghul_horse_master,kharaghul_horse_master,1,1,kharaghul_horse_master,main_or_minor_line,main_or_minor_line,[Rhûn] Kharaghûl Horse Master,26.0,Soldier,khuzait,Cavalry,True
kharaghul_horse_scout,kharaghul_youth,3,3,kharaghul_youth|kharaghul_rider|kharaghul_horse_scout,main_or_minor_line,main_or_minor_line,[Rhûn] Kharaghûl Horse Scout,21.0,Soldier,khuzait,HorseArcher,True
kharaghul_karash_keshig,kharaghul_youth,6,6,kharaghul_youth|kharaghul_rider|kharaghul_horse_scout|kharaghul_horse_archer|kharaghul_keshig|kharaghul_karash_keshig,main_or_minor_line,main_or_minor_line,[Rhûn] Kharaghûl Karash Keshig,36.0,Soldier,khuzait,HorseArcher,False
kharaghul_keshig,kharaghul_youth,5,5,kharaghul_youth|kharaghul_rider|kharaghul_horse_scout|kharaghul_horse_archer|kharaghul_keshig,main_or_minor_line,main_or_minor_line,[Rhûn] Kharaghûl Keshig,31.0,Soldier,khuzait,HorseArcher,True
kharaghul_nokor,kharaghul_youth,4,4,kharaghul_youth|kharaghul_rider|kharaghul_raider|kharaghul_nokor,main_or_minor_line,main_or_minor_line,[Rhûn] Kharaghûl Nokor,31.0,Soldier,khuzait,Cavalry,True
kharaghul_raider,kharaghul_youth,3,3,kharaghul_youth|kharaghul_rider|kharaghul_raider,main_or_minor_line,main_or_minor_line,[Rhûn] Kharaghûl Raider,21.0,Soldier,khuzait,Cavalry,True
kharaghul_rider,kharaghul_youth,2,2,kharaghul_youth|kharaghul_rider,main_or_minor_line,main_or_minor_line,[Rhûn] Kharaghûl Rider,16.0,Soldier,khuzait,Cavalry,True
kharaghul_youth,kharaghul_youth,1,1,kharaghul_youth,main_or_minor_line,main_or_minor_line,[Rhûn] Kharaghûl Youth,11.0,Soldier,khuzait,Cavalry,True
khuzait_archer,khuzait_nomad,4,4,khuzait_nomad|khuzait_footman|khuzait_hunter|khuzait_archer,main_or_minor_line,main_or_minor_line,Khuzait Archer,21.0,Soldier,khuzait,Ranged,True
khuzait_darkhan,khuzait_nomad,5,5,khuzait_nomad|khuzait_footman|khuzait_spearman|khuzait_spear_infantry|khuzait_darkhan,main_or_minor_line,main_or_minor_line,Khuzait Darkhan,26.0,Soldier,khuzait,Infantry,False
khuzait_footman,khuzait_nomad,2,2,khuzait_nomad|khuzait_footman,main_or_minor_line,main_or_minor_line,Khuzait Footman,11.0,Soldier,khuzait,Infantry,True
khuzait_heavy_horse_archer,khuzait_nomad,5,5,khuzait_nomad|khuzait_tribal_warrior|khuzait_raider|khuzait_horse_archer|khuzait_heavy_horse_archer,main_or_minor_line,main_or_minor_line,Khuzait Heavy Horse Archer,26.0,Soldier,khuzait,HorseArcher,False
khuzait_heavy_lancer,khuzait_nomad,5,5,khuzait_nomad|khuzait_tribal_warrior|khuzait_horseman|khuzait_lancer|khuzait_heavy_lancer,main_or_minor_line,main_or_minor_line,Khuzait Heavy Lancer,26.0,Soldier,khuzait,Cavalry,False
khuzait_horse_archer,khuzait_nomad,4,4,khuzait_nomad|khuzait_tribal_warrior|khuzait_raider|khuzait_horse_archer,main_or_minor_line,main_or_minor_line,Khuzait Horse Archer,21.0,Soldier,khuzait,HorseArcher,True
khuzait_horseman,khuzait_nomad,3,3,khuzait_nomad|khuzait_tribal_warrior|khuzait_horseman,main_or_minor_line,main_or_minor_line,Khuzait Horseman,16.0,Soldier,khuzait,Cavalry,True
khuzait_hunter,khuzait_nomad,3,3,khuzait_nomad|khuzait_footman|khuzait_hunter,main_or_minor_line,main_or_minor_line,Khuzait Hunter,16.0,Soldier,khuzait,Ranged,True
khuzait_khans_guard,khuzait_noble_son,5,5,khuzait_noble_son|khuzait_qanqli|khuzait_torguud|khuzait_kheshig|khuzait_khans_guard,noble_line,noble_line,Khuzait Khan's Guard,31.0,Soldier,khuzait,HorseArcher,False
khuzait_kheshig,khuzait_noble_son,4,4,khuzait_noble_son|khuzait_qanqli|khuzait_torguud|khuzait_kheshig,noble_line,noble_line,Khuzait Kheshig,26.0,Soldier,khuzait,HorseArcher,True
khuzait_lancer,khuzait_nomad,4,4,khuzait_nomad|khuzait_tribal_warrior|khuzait_horseman|khuzait_lancer,main_or_minor_line,main_or_minor_line,Khuzait Lancer,21.0,Soldier,khuzait,Cavalry,True
khuzait_marksman,khuzait_nomad,5,5,khuzait_nomad|khuzait_footman|khuzait_hunter|khuzait_archer|khuzait_marksman,main_or_minor_line,main_or_minor_line,Khuzait Marksman,26.0,Soldier,khuzait,Ranged,False
khuzait_noble_son,khuzait_noble_son,1,1,khuzait_noble_son,noble_line,noble_line,Khuzait Noble's Son,11.0,Soldier,khuzait,HorseArcher,True
khuzait_nomad,khuzait_nomad,1,1,khuzait_nomad,main_or_minor_line,main_or_minor_line,Khuzait Nomad,6.0,Soldier,khuzait,Infantry,True
khuzait_qanqli,khuzait_noble_son,2,2,khuzait_noble_son|khuzait_qanqli,noble_line,noble_line,Khuzait Qanqli,16.0,Soldier,khuzait,HorseArcher,True
khuzait_raider,khuzait_nomad,3,3,khuzait_nomad|khuzait_tribal_warrior|khuzait_raider,main_or_minor_line,main_or_minor_line,Khuzait Raider,16.0,Soldier,khuzait,HorseArcher,True
khuzait_spear_infantry,khuzait_nomad,4,4,khuzait_nomad|khuzait_footman|khuzait_spearman|khuzait_spear_infantry,main_or_minor_line,main_or_minor_line,Khuzait Spear Infantry,21.0,Soldier,khuzait,Infantry,True
khuzait_spearman,khuzait_nomad,3,3,khuzait_nomad|khuzait_footman|khuzait_spearman,main_or_minor_line,main_or_minor_line,Khuzait Spearman,16.0,Soldier,khuzait,Infantry,True
khuzait_torguud,khuzait_noble_son,3,3,khuzait_noble_son|khuzait_qanqli|khuzait_torguud,noble_line,noble_line,Khuzait Torguud,21.0,Soldier,khuzait,HorseArcher,True
khuzait_tribal_warrior,khuzait_nomad,2,2,khuzait_nomad|khuzait_tribal_warrior,main_or_minor_line,main_or_minor_line,Khuzait Tribal Warrior,11.0,Soldier,khuzait,HorseArcher,True
lakepike_tier_1,lakepike_tier_1,1,1,lakepike_tier_1,main_or_minor_line,main_or_minor_line,Lake Rat Recruit,11.0,Soldier,sturgia,Infantry,True
lakepike_tier_2,lakepike_tier_1,2,2,lakepike_tier_1|lakepike_tier_2,main_or_minor_line,main_or_minor_line,Lake Rat Veteran,16.0,Soldier,sturgia,Infantry,True
lakepike_tier_3,lakepike_tier_1,3,3,lakepike_tier_1|lakepike_tier_2|lakepike_tier_3,main_or_minor_line,main_or_minor_line,Lake Rat Wrecker ,21.0,Soldier,sturgia,Infantry,False
legion_of_the_betrayed_tier_1,legion_of_the_betrayed_tier_1,1,1,legion_of_the_betrayed_tier_1,main_or_minor_line,main_or_minor_line,Hastati,11.0,Soldier,empire,Infantry,True
legion_of_the_betrayed_tier_2,legion_of_the_betrayed_tier_1,2,2,legion_of_the_betrayed_tier_1|legion_of_the_betrayed_tier_2,main_or_minor_line,main_or_minor_line,Principes,16.0,Soldier,empire,Infantry,True
legion_of_the_betrayed_tier_3,legion_of_the_betrayed_tier_1,3,3,legion_of_the_betrayed_tier_1|legion_of_the_betrayed_tier_2|legion_of_the_betrayed_tier_3,main_or_minor_line,main_or_minor_line,Triarii,21.0,Soldier,empire,Infantry,False
loke_rim_archer,loke_rim_initiate,3,3,loke_rim_initiate|loke_rim_bowman|loke_rim_archer,main_or_minor_line,main_or_minor_line,[Rhûn] Loke-Rim Archer,26.0,Soldier,khuzait,Ranged,True
loke_rim_bowman,loke_rim_initiate,2,2,loke_rim_initiate|loke_rim_bowman,main_or_minor_line,main_or_minor_line,[Rhûn] Loke-Rim Bowman,21.0,Soldier,khuzait,Ranged,True
loke_rim_cataphract,loke_rim_initiate,4,4,loke_rim_initiate|loke_rim_footman|loke_rim_cavalry|loke_rim_cataphract,main_or_minor_line,main_or_minor_line,[Rhûn] Loke-Rim Kataphract,31.0,Soldier,khuzait,Cavalry,True
loke_rim_cavalry,loke_rim_initiate,3,3,loke_rim_initiate|loke_rim_footman|loke_rim_cavalry,main_or_minor_line,main_or_minor_line,[Rhûn] Loke-Rim Cavalry,26.0,Soldier,khuzait,Cavalry,True
loke_rim_footman,loke_rim_initiate,2,2,loke_rim_initiate|loke_rim_footman,main_or_minor_line,main_or_minor_line,[Rhûn] Loke-Rim Footman,21.0,Soldier,khuzait,Infantry,True
loke_rim_gilded_cataphract,loke_rim_initiate,5,5,loke_rim_initiate|loke_rim_footman|loke_rim_cavalry|loke_rim_cataphract|loke_rim_gilded_cataphract,main_or_minor_line,main_or_minor_line,[Rhûn] Loke-Rim Gilded Kataphract,36.0,Soldier,khuzait,Cavalry,False
loke_rim_gilded_champion,loke_rim_initiate,5,5,loke_rim_initiate|loke_rim_footman|loke_rim_infantry|loke_rim_maceman|loke_rim_gilded_champion,main_or_minor_line,main_or_minor_line,[Rhûn] Loke-Rim Gilded Champion,36.0,Soldier,khuzait,Infantry,False
loke_rim_gilded_marksman,loke_rim_initiate,5,5,loke_rim_initiate|loke_rim_bowman|loke_rim_archer|loke_rim_marksman|loke_rim_gilded_marksman,main_or_minor_line,main_or_minor_line,[Rhûn] Loke-Rim Gilded Marksman,36.0,Soldier,khuzait,Ranged,False
loke_rim_gilded_shieldguard,loke_rim_initiate,5,5,loke_rim_initiate|loke_rim_footman|loke_rim_infantry|loke_rim_shieldguard|loke_rim_gilded_shieldguard,main_or_minor_line,main_or_minor_line,[Rhûn] Loke-Rim Gilded Shieldguard,36.0,Soldier,khuzait,Infantry,False
loke_rim_infantry,loke_rim_initiate,3,3,loke_rim_initiate|loke_rim_footman|loke_rim_infantry,main_or_minor_line,main_or_minor_line,[Rhûn] Loke-Rim Infantry,26.0,Soldier,khuzait,Infantry,True
loke_rim_initiate,loke_rim_initiate,1,1,loke_rim_initiate,main_or_minor_line,main_or_minor_line,[Rhûn] Loke-Rim Initiate,16.0,Soldier,khuzait,Infantry,True
loke_rim_maceman,loke_rim_initiate,4,4,loke_rim_initiate|loke_rim_footman|loke_rim_infantry|loke_rim_maceman,main_or_minor_line,main_or_minor_line,[Rhûn] Loke-Rim Maceman,31.0,Soldier,khuzait,Infantry,True
loke_rim_marksman,loke_rim_initiate,4,4,loke_rim_initiate|loke_rim_bowman|loke_rim_archer|loke_rim_marksman,main_or_minor_line,main_or_minor_line,[Rhûn] Loke-Rim Marksman,31.0,Soldier,khuzait,Ranged,True
loke_rim_shieldguard,loke_rim_initiate,4,4,loke_rim_initiate|loke_rim_footman|loke_rim_infantry|loke_rim_shieldguard,main_or_minor_line,main_or_minor_line,[Rhûn] Loke-Rim Shieldguard,31.0,Soldier,khuzait,Infantry,True
mamluke_palace_guard,aserai_recruit,5,5,aserai_recruit|aserai_mameluke_soldier|aserai_mameluke_axeman|aserai_mameluke_guard|mamluke_palace_guard,main_or_minor_line,main_or_minor_line,Aserai Mamluke Palace Guard,26.0,Soldier,aserai,Infantry,False
mirkwood_beleglas,mirkwood_recruit,3,3,mirkwood_recruit|mirkwood_rochenlas|mirkwood_beleglas,main_or_minor_line,main_or_minor_line,[Mirkwood] Mirkwood Béleglas,46.0,Soldier,mirkwood,Cavalry,False
mirkwood_borderwardens,mirkwood_recruit,3,3,mirkwood_recruit|mirkwood_sentinels|mirkwood_borderwardens,main_or_minor_line,main_or_minor_line,[Mirkwood] Silvan Borderwarden,46.0,Soldier,mirkwood,Ranged,True
mirkwood_glaivesman,mirkwood_recruit,3,3,mirkwood_recruit|mirkwood_woodsman|mirkwood_glaivesman,main_or_minor_line,main_or_minor_line,[Mirkwood] Glaivesman of Amon,46.0,Soldier,mirkwood,Infantry,False
mirkwood_guardians,mirkwood_recruit,3,3,mirkwood_recruit|mirkwood_wardens|mirkwood_guardians,main_or_minor_line,main_or_minor_line,[Mirkwood] Guardians of Felegoth,46.0,Soldier,mirkwood,Infantry,True
mirkwood_guards,mirkwood_recruit,2,2,mirkwood_recruit|mirkwood_guards,main_or_minor_line,main_or_minor_line,[Mirkwood] Greenwood Guards,41.0,Soldier,mirkwood,Infantry,True
mirkwood_palaceguard,mirkwood_recruit,4,4,mirkwood_recruit|mirkwood_wardens|mirkwood_guardians|mirkwood_palaceguard,main_or_minor_line,main_or_minor_line,[Mirkwood] Palace Guard,51.0,Soldier,mirkwood,Infantry,False
mirkwood_recruit,mirkwood_recruit,1,1,mirkwood_recruit,main_or_minor_line,main_or_minor_line,[Mirkwood] Silvan Levy,36.0,Soldier,mirkwood,Infantry,True
mirkwood_rochenlas,mirkwood_recruit,2,2,mirkwood_recruit|mirkwood_rochenlas,main_or_minor_line,main_or_minor_line,[Mirkwood] Mirkwood Róchenlas,41.0,Soldier,mirkwood,Cavalry,True
mirkwood_sentinels,mirkwood_recruit,2,2,mirkwood_recruit|mirkwood_sentinels,main_or_minor_line,main_or_minor_line,[Mirkwood] Silvan Sentinels,41.0,Soldier,mirkwood,Ranged,True
mirkwood_swordsman,mirkwood_recruit,3,3,mirkwood_recruit|mirkwood_guards|mirkwood_swordsman,main_or_minor_line,main_or_minor_line,[Mirkwood] Greenwood Swordsman,46.0,Soldier,mirkwood,Infantry,False
mirkwood_thingolheir,mirkwood_recruit,4,4,mirkwood_recruit|mirkwood_sentinels|mirkwood_borderwardens|mirkwood_thingolheir,main_or_minor_line,main_or_minor_line,[Mirkwood] Thingol's Heirs,51.0,Soldier,mirkwood,Ranged,False
mirkwood_wardens,mirkwood_recruit,2,2,mirkwood_recruit|mirkwood_wardens,main_or_minor_line,main_or_minor_line,[Mirkwood] Greenwood Wardens,41.0,Soldier,mirkwood,Infantry,True
mirkwood_woodsman,mirkwood_recruit,2,2,mirkwood_recruit|mirkwood_woodsman,main_or_minor_line,main_or_minor_line,[Mirkwood] Greenwood Woodsman,41.0,Soldier,mirkwood,Infantry,True
mistymountainorcs_archer,mistymountainorcs_hunter,4,4,mistymountainorcs_hunter|mistymountainorcs_lurker|mistymountainorcs_sentry|mistymountainorcs_archer,main_or_minor_line,main_or_minor_line,[Misty Mountains] Archer,26.0,Soldier,mistymountainorcs,Ranged,False
mistymountainorcs_berserker,mistymountainorcs_snaga,5,5,mistymountainorcs_snaga|mistymountainorcs_grunt|mistymountainorcs_fighter|mistymountainorcs_sword_warrior|mistymountainorcs_berserker,main_or_minor_line,main_or_minor_line,[Misty Mountains] Orc Bone Breaker,31.0,Soldier,mistymountainorcs,Infantry,True
mistymountainorcs_bolgs_ironfang,mistymountainorcs_snaga,7,7,mistymountainorcs_snaga|mistymountainorcs_grunt|mistymountainorcs_fighter|mistymountainorcs_brute|mistymountainorcs_veteran_sword_warrior|mistymountainorcs_chosen_of_tharzog|mistymountainorcs_bolgs_ironfang,main_or_minor_line,main_or_minor_line,[Misty Mountains] Bolg's Ironfang,36.0,Soldier,mistymountainorcs,Infantry,False
mistymountainorcs_brute,mistymountainorcs_snaga,4,4,mistymountainorcs_snaga|mistymountainorcs_grunt|mistymountainorcs_fighter|mistymountainorcs_brute,main_or_minor_line,main_or_minor_line,[Misty Mountains] Orc Ravager,26.0,Soldier,mistymountainorcs,Infantry,True
mistymountainorcs_chosen_of_tharzog,mistymountainorcs_snaga,6,6,mistymountainorcs_snaga|mistymountainorcs_grunt|mistymountainorcs_fighter|mistymountainorcs_brute|mistymountainorcs_veteran_sword_warrior|mistymountainorcs_chosen_of_tharzog,main_or_minor_line,main_or_minor_line,[Misty Mountains] Orc Mountain Guard,36.0,Soldier,mistymountainorcs,Infantry,True
mistymountainorcs_fighter,mistymountainorcs_snaga,3,3,mistymountainorcs_snaga|mistymountainorcs_grunt|mistymountainorcs_fighter,main_or_minor_line,main_or_minor_line,[Misty Mountains] Orc Raider,21.0,Soldier,mistymountainorcs,Infantry,True
mistymountainorcs_grunt,mistymountainorcs_snaga,2,2,mistymountainorcs_snaga|mistymountainorcs_grunt,main_or_minor_line,main_or_minor_line,[Misty Mountains] Orc Brawler,16.0,Soldier,mistymountainorcs,Infantry,True
mistymountainorcs_guard,mistymountainorcs_snaga,3,3,mistymountainorcs_snaga|mistymountainorcs_grunt|mistymountainorcs_guard,main_or_minor_line,main_or_minor_line,[Misty Mountains] Orc Impaler,21.0,Soldier,mistymountainorcs,Infantry,True
mistymountainorcs_guardian_of_the_tower,mistymountainorcs_snaga,6,6,mistymountainorcs_snaga|mistymountainorcs_grunt|mistymountainorcs_guard|mistymountainorcs_spear_warrior|mistymountainorcs_veteran_spear_warrior|mistymountainorcs_guardian_of_the_tower,main_or_minor_line,main_or_minor_line,[Misty Mountains] Orc War-Pike,36.0,Soldier,mistymountainorcs,Infantry,False
mistymountainorcs_hunter,mistymountainorcs_hunter,1,1,mistymountainorcs_hunter,main_or_minor_line,main_or_minor_line,[Misty Mountains] Hunter,11.0,Soldier,mistymountainorcs,Ranged,True
mistymountainorcs_lurker,mistymountainorcs_hunter,2,2,mistymountainorcs_hunter|mistymountainorcs_lurker,main_or_minor_line,main_or_minor_line,[Misty Mountains] Lurker,16.0,Soldier,mistymountainorcs,Ranged,True
mistymountainorcs_sentry,mistymountainorcs_hunter,3,3,mistymountainorcs_hunter|mistymountainorcs_lurker|mistymountainorcs_sentry,main_or_minor_line,main_or_minor_line,[Misty Mountains] Sentry,21.0,Soldier,mistymountainorcs,Ranged,True
mistymountainorcs_snaga,mistymountainorcs_snaga,1,1,mistymountainorcs_snaga,main_or_minor_line,main_or_minor_line,[Misty Mountains] Orc Warrior,11.0,Soldier,mistymountainorcs,Infantry,True
mistymountainorcs_spear_warrior,mistymountainorcs_snaga,4,4,mistymountainorcs_snaga|mistymountainorcs_grunt|mistymountainorcs_guard|mistymountainorcs_spear_warrior,main_or_minor_line,main_or_minor_line,[Misty Mountains] Orc Spearman,26.0,Soldier,mistymountainorcs,Infantry,True
mistymountainorcs_sword_warrior,mistymountainorcs_snaga,4,4,mistymountainorcs_snaga|mistymountainorcs_grunt|mistymountainorcs_fighter|mistymountainorcs_sword_warrior,main_or_minor_line,main_or_minor_line,[Misty Mountains] Orc Mauler,26.0,Soldier,mistymountainorcs,Infantry,True
mistymountainorcs_veteran_berserker,mistymountainorcs_snaga,6,6,mistymountainorcs_snaga|mistymountainorcs_grunt|mistymountainorcs_fighter|mistymountainorcs_sword_warrior|mistymountainorcs_berserker|mistymountainorcs_veteran_berserker,main_or_minor_line,main_or_minor_line,[Misty Mountains] Orc Skull Crusher,36.0,Soldier,mistymountainorcs,Infantry,False
mistymountainorcs_veteran_spear_warrior,mistymountainorcs_snaga,5,5,mistymountainorcs_snaga|mistymountainorcs_grunt|mistymountainorcs_guard|mistymountainorcs_spear_warrior|mistymountainorcs_veteran_spear_warrior,main_or_minor_line,main_or_minor_line,[Misty Mountains] Orc Pike-Reaver,31.0,Soldier,mistymountainorcs,Infantry,True
mistymountainorcs_veteran_sword_warrior,mistymountainorcs_snaga,5,5,mistymountainorcs_snaga|mistymountainorcs_grunt|mistymountainorcs_fighter|mistymountainorcs_brute|mistymountainorcs_veteran_sword_warrior,main_or_minor_line,main_or_minor_line,[Misty Mountains] Orc Infantry,31.0,Soldier,mistymountainorcs,Infantry,True
morannon_archer,morannon_recruit,4,4,morannon_recruit|morannon_skirmisher|morannon_scout|morannon_archer,main_or_minor_line,main_or_minor_line,[Mordor] Morannon Archer,21.0,Soldier,mordor,Ranged,False
morannon_fighter,morannon_recruit,2,2,morannon_recruit|morannon_fighter,main_or_minor_line,main_or_minor_line,[Mordor] Morannon Fighter,11.0,Soldier,mordor,Infantry,True
morannon_heavy_infantry,morannon_recruit,5,5,morannon_recruit|morannon_fighter|morannon_warrior|morannon_infantry|morannon_heavy_infantry,main_or_minor_line,main_or_minor_line,[Mordor] Morannon Heavy Infantry,26.0,Soldier,mordor,Infantry,False
morannon_heavy_spearman,morannon_recruit,5,5,morannon_recruit|morannon_fighter|morannon_warrior|morannon_spearman|morannon_heavy_spearman,main_or_minor_line,main_or_minor_line,[Mordor] Morannon Heavy Spearman,26.0,Soldier,mordor,Infantry,False
morannon_infantry,morannon_recruit,4,4,morannon_recruit|morannon_fighter|morannon_warrior|morannon_infantry,main_or_minor_line,main_or_minor_line,[Mordor] Morannon Infantry,21.0,Soldier,mordor,Infantry,True
morannon_recruit,morannon_recruit,1,1,morannon_recruit,main_or_minor_line,main_or_minor_line,[Mordor] Morannon Recruit,7.0,Soldier,mordor,Infantry,True
morannon_scout,morannon_recruit,3,3,morannon_recruit|morannon_skirmisher|morannon_scout,main_or_minor_line,main_or_minor_line,[Mordor] Morannon Scout,16.0,Soldier,mordor,Ranged,True
morannon_skirmisher,morannon_recruit,2,2,morannon_recruit|morannon_skirmisher,main_or_minor_line,main_or_minor_line,[Mordor] Morannon Skirmisher,11.0,Soldier,mordor,Ranged,True
morannon_spearman,morannon_recruit,4,4,morannon_recruit|morannon_fighter|morannon_warrior|morannon_spearman,main_or_minor_line,main_or_minor_line,[Mordor] Morannon Spearman,21.0,Soldier,mordor,Infantry,True
morannon_warrior,morannon_recruit,3,3,morannon_recruit|morannon_fighter|morannon_warrior,main_or_minor_line,main_or_minor_line,[Mordor] Morannon Warrior,16.0,Soldier,mordor,Infantry,True
mordor_orc_archer,mordor_orc_recruit,5,5,mordor_orc_recruit|mordor_orc_lackey|mordor_orc_hunter|mordor_orc_scout|mordor_orc_archer,main_or_minor_line,main_or_minor_line,[Mordor] Orc Archer,21.0,Soldier,mordor,Ranged,False
mordor_orc_fighter,mordor_orc_recruit,3,3,mordor_orc_recruit|mordor_orc_lackey|mordor_orc_fighter,main_or_minor_line,main_or_minor_line,[Mordor] Orc Fighter,11.0,Soldier,mordor,Infantry,True
mordor_orc_hunter,mordor_orc_recruit,3,3,mordor_orc_recruit|mordor_orc_lackey|mordor_orc_hunter,main_or_minor_line,main_or_minor_line,[Mordor] Orc Hunter,11.0,Soldier,mordor,Ranged,True
mordor_orc_impaler,mordor_orc_recruit,4,4,mordor_orc_recruit|mordor_orc_lackey|mordor_orc_fighter|mordor_orc_impaler,main_or_minor_line,main_or_minor_line,[Mordor] Orc Impaler,16.0,Soldier,mordor,Infantry,True
mordor_orc_infantry,mordor_orc_recruit,5,5,mordor_orc_recruit|mordor_orc_lackey|mordor_orc_fighter|mordor_orc_warrior|mordor_orc_infantry,main_or_minor_line,main_or_minor_line,[Mordor] Orc Infantry,21.0,Soldier,mordor,Infantry,False
mordor_orc_lackey,mordor_orc_recruit,2,2,mordor_orc_recruit|mordor_orc_lackey,main_or_minor_line,main_or_minor_line,[Mordor] Orc Lackey,6.0,Soldier,mordor,Infantry,True
mordor_orc_reaver,mordor_orc_recruit,5,5,mordor_orc_recruit|mordor_orc_lackey|mordor_orc_fighter|mordor_orc_impaler|mordor_orc_reaver,main_or_minor_line,main_or_minor_line,[Mordor] Orc Reaver,21.0,Soldier,mordor,Infantry,False
mordor_orc_recruit,mordor_orc_recruit,1,1,mordor_orc_recruit,main_or_minor_line,main_or_minor_line,[Mordor] Orc Recruit,1.0,Soldier,mordor,Infantry,True
mordor_orc_scout,mordor_orc_recruit,4,4,mordor_orc_recruit|mordor_orc_lackey|mordor_orc_hunter|mordor_orc_scout,main_or_minor_line,main_or_minor_line,[Mordor] Orc Scout,16.0,Soldier,mordor,Ranged,True
mordor_orc_warrior,mordor_orc_recruit,4,4,mordor_orc_recruit|mordor_orc_lackey|mordor_orc_fighter|mordor_orc_warrior,main_or_minor_line,main_or_minor_line,[Mordor] Orc Warrior,16.0,Soldier,mordor,Infantry,True
mordor_uruk_archer,mordor_uruk_grunt,4,4,mordor_uruk_grunt|mordor_uruk_fighter|mordor_uruk_skirmisher|mordor_uruk_archer,main_or_minor_line,main_or_minor_line,[Mordor] Black Uruk Archer,26.0,Soldier,mordor,Ranged,True
mordor_uruk_baraddurguard,mordor_uruk_grunt,6,6,mordor_uruk_grunt|mordor_uruk_fighter|mordor_uruk_warrior|mordor_uruk_shieldbearer|mordor_uruk_shieldguard|mordor_uruk_baraddurguard,main_or_minor_line,main_or_minor_line,[Mordor] Black Uruk Barad-Dur Guard,36.0,Soldier,mordor,Infantry,False
mordor_uruk_captain,mordor_uruk_grunt,6,6,mordor_uruk_grunt|mordor_uruk_fighter|mordor_uruk_warrior|mordor_uruk_infantry|mordor_uruk_vanguard|mordor_uruk_captain,main_or_minor_line,main_or_minor_line,[Mordor] Black Uruk Captain,36.0,Soldier,mordor,Infantry,False
mordor_uruk_crossbow,mordor_uruk_grunt,4,4,mordor_uruk_grunt|mordor_uruk_fighter|mordor_uruk_skirmisher|mordor_uruk_crossbow,main_or_minor_line,main_or_minor_line,[Mordor] Black Uruk Crossbow,26.0,Soldier,mordor,Ranged,True
mordor_uruk_fighter,mordor_uruk_grunt,2,2,mordor_uruk_grunt|mordor_uruk_fighter,main_or_minor_line,main_or_minor_line,[Mordor] Black Uruk Fighter,16.0,Soldier,mordor,Infantry,True
mordor_uruk_grunt,mordor_uruk_grunt,1,1,mordor_uruk_grunt,main_or_minor_line,main_or_minor_line,[Mordor] Black Uruk Grunt,11.0,Soldier,mordor,Infantry,True
mordor_uruk_heavy_archer,mordor_uruk_grunt,5,5,mordor_uruk_grunt|mordor_uruk_fighter|mordor_uruk_skirmisher|mordor_uruk_archer|mordor_uruk_heavy_archer,main_or_minor_line,main_or_minor_line,[Mordor] Black Uruk Heavy Archer,31.0,Soldier,mordor,Ranged,False
mordor_uruk_heavy_crossbow,mordor_uruk_grunt,5,5,mordor_uruk_grunt|mordor_uruk_fighter|mordor_uruk_skirmisher|mordor_uruk_crossbow|mordor_uruk_heavy_crossbow,main_or_minor_line,main_or_minor_line,[Mordor] Black Uruk Heavy Crossbow,31.0,Soldier,mordor,Ranged,False
mordor_uruk_infantry,mordor_uruk_grunt,4,4,mordor_uruk_grunt|mordor_uruk_fighter|mordor_uruk_warrior|mordor_uruk_infantry,main_or_minor_line,main_or_minor_line,[Mordor] Black Uruk Infantry,26.0,Soldier,mordor,Infantry,True
mordor_uruk_shieldbearer,mordor_uruk_grunt,4,4,mordor_uruk_grunt|mordor_uruk_fighter|mordor_uruk_warrior|mordor_uruk_shieldbearer,main_or_minor_line,main_or_minor_line,[Mordor] Black Uruk Shieldbearer,26.0,Soldier,mordor,Infantry,True
mordor_uruk_shieldguard,mordor_uruk_grunt,5,5,mordor_uruk_grunt|mordor_uruk_fighter|mordor_uruk_warrior|mordor_uruk_shieldbearer|mordor_uruk_shieldguard,main_or_minor_line,main_or_minor_line,[Mordor] Black Uruk Shield Guard,31.0,Soldier,mordor,Infantry,True
mordor_uruk_skirmisher,mordor_uruk_grunt,3,3,mordor_uruk_grunt|mordor_uruk_fighter|mordor_uruk_skirmisher,main_or_minor_line,main_or_minor_line,[Mordor] Black Uruk Skirmisher,21.0,Soldier,mordor,Ranged,True
mordor_uruk_vanguard,mordor_uruk_grunt,5,5,mordor_uruk_grunt|mordor_uruk_fighter|mordor_uruk_warrior|mordor_uruk_infantry|mordor_uruk_vanguard,main_or_minor_line,main_or_minor_line,[Mordor] Black Uruk Vanguard,31.0,Soldier,mordor,Infantry,True
mordor_uruk_warrior,mordor_uruk_grunt,3,3,mordor_uruk_grunt|mordor_uruk_fighter|mordor_uruk_warrior,main_or_minor_line,main_or_minor_line,[Mordor] Black Uruk Warrior,21.0,Soldier,mordor,Infantry,True
mordor_warg_beastmaster,mordor_warg_tamer,6,6,mordor_warg_tamer|mordor_warg_rider|mordor_warg_raider|mordor_warg_reaver|mordor_warg_ravager|mordor_warg_beastmaster,main_or_minor_line,main_or_minor_line,[Mordor] Nurn Beast Master,26.0,Soldier,mordor,Cavalry,False
mordor_warg_raider,mordor_warg_tamer,3,3,mordor_warg_tamer|mordor_warg_rider|mordor_warg_raider,main_or_minor_line,main_or_minor_line,[Mordor] Nurn Warg Raider,11.0,Soldier,mordor,Cavalry,True
mordor_warg_ravager,mordor_warg_tamer,5,5,mordor_warg_tamer|mordor_warg_rider|mordor_warg_raider|mordor_warg_reaver|mordor_warg_ravager,main_or_minor_line,main_or_minor_line,[Mordor] Nurn Warg Ravager,21.0,Soldier,mordor,Cavalry,True
mordor_warg_reaver,mordor_warg_tamer,4,4,mordor_warg_tamer|mordor_warg_rider|mordor_warg_raider|mordor_warg_reaver,main_or_minor_line,main_or_minor_line,[Mordor] Nurn Warg Reaver,16.0,Soldier,mordor,Cavalry,True
mordor_warg_rider,mordor_warg_tamer,2,2,mordor_warg_tamer|mordor_warg_rider,main_or_minor_line,main_or_minor_line,[Mordor] Nurn Warg Rider,6.0,Soldier,mordor,Infantry,True
mordor_warg_tamer,mordor_warg_tamer,1,1,mordor_warg_tamer,main_or_minor_line,main_or_minor_line,[Mordor] Nurn Warg Tamer,1.0,Soldier,mordor,Infantry,True
noldorin_lancer,imladris_recruit,6,6,imladris_recruit|imladris_infantry|imladris_swordguard|imladris_guardsman|imladris_outrider|noldorin_lancer,main_or_minor_line,main_or_minor_line,[Rivendell] Nõldorin Lancer,46.0,Soldier,rivendell,Cavalry,False
nord_axe_warrior,nord_youngling,3,3,nord_youngling|nord_drengr|nord_axe_warrior,main_or_minor_line,main_or_minor_line,Nord Axe Warrior,16.0,Soldier,nord,Infantry,True
nord_berserkr,nord_youngling,5,5,nord_youngling|nord_drengr|nord_axe_warrior|nord_boandi|nord_berserkr,main_or_minor_line,main_or_minor_line,Nord Berserkir,26.0,Soldier,nord,Infantry,False
nord_boandi,nord_youngling,4,4,nord_youngling|nord_drengr|nord_axe_warrior|nord_boandi,main_or_minor_line,main_or_minor_line,Nord Shield Biters,21.0,Soldier,nord,Infantry,True
nord_drengr,nord_youngling,2,2,nord_youngling|nord_drengr,main_or_minor_line,main_or_minor_line,Nord Warrior,11.0,Soldier,nord,Infantry,True
nord_freeman_archer,nord_youngling,3,3,nord_youngling|nord_huntsman|nord_freeman_archer,main_or_minor_line,main_or_minor_line,Nord Freeman Archer,16.0,Soldier,nord,Ranged,True
nord_hew-bearer,nord_youngling,4,4,nord_youngling|nord_drengr|nord_axe_warrior|nord_hew-bearer,main_or_minor_line,main_or_minor_line,Nord Marauder,21.0,Soldier,nord,Infantry,True
nord_hirdmann,nord_ungmann,4,4,nord_ungmann|nord_thegn|nord_jarlsmann|nord_hirdmann,main_or_minor_line,main_or_minor_line,Nord Shield-Companion,26.0,Soldier,nord,Infantry,True
nord_huntsman,nord_youngling,2,2,nord_youngling|nord_huntsman,main_or_minor_line,main_or_minor_line,Nord Huntsman,11.0,Soldier,nord,Ranged,True
nord_huscarl,nord_ungmann,5,5,nord_ungmann|nord_thegn|nord_jarlsmann|nord_hirdmann|nord_huscarl,main_or_minor_line,main_or_minor_line,Nord Huscarl,31.0,Soldier,nord,Infantry,False
nord_jarlsmann,nord_ungmann,3,3,nord_ungmann|nord_thegn|nord_jarlsmann,main_or_minor_line,main_or_minor_line,Nord Hearthguard,21.0,Soldier,nord,Infantry,True
nord_marksman,nord_youngling,4,4,nord_youngling|nord_huntsman|nord_freeman_archer|nord_marksman,main_or_minor_line,main_or_minor_line,Nord Marksman,21.0,Soldier,nord,Ranged,True
nord_skathi,nord_youngling,5,5,nord_youngling|nord_huntsman|nord_freeman_archer|nord_marksman|nord_skathi,main_or_minor_line,main_or_minor_line,Nord Sky-Gods Chosen,26.0,Soldier,nord,Ranged,False
nord_skjaldbrestir,nord_youngling,5,5,nord_youngling|nord_drengr|nord_axe_warrior|nord_hew-bearer|nord_skjaldbrestir,main_or_minor_line,main_or_minor_line,Nord Skjaldbrestir,26.0,Soldier,nord,Infantry,False
nord_spear_warrior,nord_youngling,3,3,nord_youngling|nord_drengr|nord_spear_warrior,main_or_minor_line,main_or_minor_line,Nord Spear Warrior,16.0,Soldier,nord,Infantry,True
nord_thegn,nord_ungmann,2,2,nord_ungmann|nord_thegn,main_or_minor_line,main_or_minor_line,Nord War-Proven,16.0,Soldier,nord,Infantry,True
nord_ulfhednar,nord_youngling,5,5,nord_youngling|nord_drengr|nord_spear_warrior|nord_vargr|nord_ulfhednar,main_or_minor_line,main_or_minor_line,Nord Ulfhedinn,26.0,Soldier,nord,Infantry,False
nord_ungmann,nord_ungmann,1,1,nord_ungmann,main_or_minor_line,main_or_minor_line,Nord Scion,11.0,Soldier,nord,Infantry,True
nord_vargr,nord_youngling,4,4,nord_youngling|nord_drengr|nord_spear_warrior|nord_vargr,main_or_minor_line,main_or_minor_line,Nord Warfang,21.0,Soldier,nord,Infantry,True
nord_youngling,nord_youngling,1,1,nord_youngling,main_or_minor_line,main_or_minor_line,Nord Youngling,6.0,Soldier,nord,Infantry,True
orc_warg_enforcer,orc_warg_scout,3,3,orc_warg_scout|orc_warg_overseer|orc_warg_enforcer,main_or_minor_line,main_or_minor_line,[Isengard] Orc Warg-Rider Enforcer,21.0,Soldier,isengard,Cavalry,True
orc_warg_lieutenant,orc_warg_scout,4,4,orc_warg_scout|orc_warg_overseer|orc_warg_enforcer|orc_warg_lieutenant,main_or_minor_line,main_or_minor_line,[Isengard] Orc Warg-Rider Lieutenant,26.0,Soldier,isengard,Cavalry,False
orc_warg_overseer,orc_warg_scout,2,2,orc_warg_scout|orc_warg_overseer,main_or_minor_line,main_or_minor_line,[Isengard] Orc Warg-Rider Overseer,16.0,Soldier,isengard,Cavalry,True
orc_warg_scout,orc_warg_scout,1,1,orc_warg_scout,main_or_minor_line,main_or_minor_line,[Isengard] Orc Warg-Rider Scout,11.0,Soldier,isengard,Cavalry,True
orthanc_bodyguard,orthanc_chosen,4,4,orthanc_chosen|orthanc_guard|orthanc_warden|orthanc_bodyguard,main_or_minor_line,main_or_minor_line,[Isengard] Orthanc Bodyguard,41.0,Soldier,isengard,Infantry,False
orthanc_chosen,orthanc_chosen,1,1,orthanc_chosen,main_or_minor_line,main_or_minor_line,[Isengard] Orthanc Chosen,26.0,Soldier,isengard,Infantry,True
orthanc_guard,orthanc_chosen,2,2,orthanc_chosen|orthanc_guard,main_or_minor_line,main_or_minor_line,[Isengard] Orthanc Guard,31.0,Soldier,isengard,Infantry,True
orthanc_warden,orthanc_chosen,3,3,orthanc_chosen|orthanc_guard|orthanc_warden,main_or_minor_line,main_or_minor_line,[Isengard] Orthanc Warden,36.0,Soldier,isengard,Infantry,True
rhun_militia_archer,rhun_militia_archer,1,1,rhun_militia_archer,main_or_minor_line,main_or_minor_line,[Rhûn] Militia Archer,11.0,Soldier,khuzait,Ranged,True
rhun_militia_spearman,rhun_militia_spearman,1,1,rhun_militia_spearman,main_or_minor_line,main_or_minor_line,[Rhûn] Militia Spearman,11.0,Soldier,khuzait,Infantry,True
rhun_militia_veteran_archer,rhun_militia_archer,2,2,rhun_militia_archer|rhun_militia_veteran_archer,main_or_minor_line,main_or_minor_line,[Rhûn] Militia Veteran Archer,16.0,Soldier,khuzait,Ranged,False
rhun_militia_veteran_spearman,rhun_militia_spearman,2,2,rhun_militia_spearman|rhun_militia_veteran_spearman,main_or_minor_line,main_or_minor_line,[Rhûn] Militia Veteran Spearman,16.0,Soldier,khuzait,Infantry,False
rider_of_himring,imladris_recruit,6,6,imladris_recruit|imladris_bowman|imladris_archer|imladris_marksman|imladris_horse_archer|rider_of_himring,main_or_minor_line,main_or_minor_line,[Rivendell] Rider of Himring,46.0,Soldier,rivendell,HorseArcher,False
rivendell_glorfindel_guard,rivendell_knight_golden_flower,2,2,rivendell_knight_golden_flower|rivendell_glorfindel_guard,main_or_minor_line,main_or_minor_line,[Rivendell] Rochannon Elenath,51.0,Soldier,rivendell,Cavalry,False
rivendell_gondolin_battlemaster,rivendell_knight_golden_flower,2,2,rivendell_knight_golden_flower|rivendell_gondolin_battlemaster,main_or_minor_line,main_or_minor_line,[Rivendell] Megil-Aran Elenath,51.0,Soldier,rivendell,Infantry,False
rivendell_high_captain,rivendell_noble,4,4,rivendell_noble|rivendell_royal_guard|rivendell_royal_knight|rivendell_high_captain,main_or_minor_line,main_or_minor_line,[Rivendell] High Captain,51.0,Soldier,rivendell,Cavalry,False
rivendell_knight_golden_flower,rivendell_knight_golden_flower,1,1,rivendell_knight_golden_flower,main_or_minor_line,main_or_minor_line,[Rivendell] Megil Mallenloth,51.0,Soldier,rivendell,Infantry,True
rivendell_noble,rivendell_noble,1,1,rivendell_noble,main_or_minor_line,main_or_minor_line,[Rivendell] Noble,36.0,Soldier,rivendell,Cavalry,True
rivendell_royal_guard,rivendell_noble,2,2,rivendell_noble|rivendell_royal_guard,main_or_minor_line,main_or_minor_line,[Rivendell] Royal Guard,41.0,Soldier,rivendell,Cavalry,True
rivendell_royal_knight,rivendell_noble,3,3,rivendell_noble|rivendell_royal_guard|rivendell_royal_knight,main_or_minor_line,main_or_minor_line,[Rivendell] Royal Knight,46.0,Soldier,rivendell,Cavalry,True
rivendell_warden_gondolin,rivendell_knight_golden_flower,2,2,rivendell_knight_golden_flower|rivendell_warden_gondolin,main_or_minor_line,main_or_minor_line,[Rivendell] Aegedhrim Elenath,51.0,Soldier,rivendell,Infantry,False
rohan_eastemnet_elite_lancer,rohan_eastemnet_recruit,4,4,rohan_eastemnet_recruit|rohan_eastemnet_lance_rider|rohan_eastemnet_veteran_lancer|rohan_eastemnet_elite_lancer,main_or_minor_line,main_or_minor_line,[Rohan] East Emnet Elite Lancer,21.0,Soldier,vlandia,Cavalry,True
rohan_eastemnet_eorlingas_lancer,rohan_eastemnet_recruit,5,5,rohan_eastemnet_recruit|rohan_eastemnet_lance_rider|rohan_eastemnet_veteran_lancer|rohan_eastemnet_elite_lancer|rohan_eastemnet_eorlingas_lancer,main_or_minor_line,main_or_minor_line,[Rohan] East Emnet Eorlingas Lancer,26.0,Soldier,vlandia,Cavalry,True
rohan_eastemnet_kings_own_lancer,rohan_eastemnet_recruit,7,7,rohan_eastemnet_recruit|rohan_eastemnet_lance_rider|rohan_eastemnet_veteran_lancer|rohan_eastemnet_elite_lancer|rohan_eastemnet_eorlingas_lancer|rohan_eastemnet_royal_lancer|rohan_eastemnet_kings_own_lancer,main_or_minor_line,main_or_minor_line,[Rohan] East Emnet King's Lancer,36.0,Soldier,vlandia,Cavalry,False
rohan_eastemnet_lance_rider,rohan_eastemnet_recruit,2,2,rohan_eastemnet_recruit|rohan_eastemnet_lance_rider,main_or_minor_line,main_or_minor_line,[Rohan] East Emnet Lance Rider,11.0,Soldier,vlandia,Cavalry,True
rohan_eastemnet_recruit,rohan_eastemnet_recruit,1,1,rohan_eastemnet_recruit,main_or_minor_line,main_or_minor_line,[Rohan] East Emnet Recruit,6.0,Soldier,vlandia,Cavalry,True
rohan_eastemnet_royal_lancer,rohan_eastemnet_recruit,6,6,rohan_eastemnet_recruit|rohan_eastemnet_lance_rider|rohan_eastemnet_veteran_lancer|rohan_eastemnet_elite_lancer|rohan_eastemnet_eorlingas_lancer|rohan_eastemnet_royal_lancer,main_or_minor_line,main_or_minor_line,[Rohan] East Emnet Royal Lancer,31.0,Soldier,vlandia,Cavalry,True
rohan_eastemnet_veteran_lancer,rohan_eastemnet_recruit,3,3,rohan_eastemnet_recruit|rohan_eastemnet_lance_rider|rohan_eastemnet_veteran_lancer,main_or_minor_line,main_or_minor_line,[Rohan] East Emnet Veteran Lancer,16.0,Soldier,vlandia,Cavalry,True
rohan_eastfold_bowman,rohan_eastfold_recruit,3,3,rohan_eastfold_recruit|rohan_eastfold_skirmisher|rohan_eastfold_bowman,main_or_minor_line,main_or_minor_line,[Rohan] East-Fold Bowman,16.0,Soldier,vlandia,Ranged,True
rohan_eastfold_recruit,rohan_eastfold_recruit,1,1,rohan_eastfold_recruit,main_or_minor_line,main_or_minor_line,[Rohan] Eastfold Freeman,6.0,Soldier,vlandia,Ranged,True
rohan_eastfold_skirmisher,rohan_eastfold_recruit,2,2,rohan_eastfold_recruit|rohan_eastfold_skirmisher,main_or_minor_line,main_or_minor_line,[Rohan] Eastfold Yeoman Archer,11.0,Soldier,vlandia,Ranged,True
rohan_eastfold_veteran_bowman,rohan_eastfold_recruit,4,4,rohan_eastfold_recruit|rohan_eastfold_skirmisher|rohan_eastfold_bowman|rohan_eastfold_veteran_bowman,main_or_minor_line,main_or_minor_line,[Rohan] Eastfold Veteran Bowman,21.0,Soldier,vlandia,Ranged,False
rohan_edoras_golden_hall_elite_rider,rohan_edoras_recruit,5,5,rohan_edoras_recruit|rohan_edoras_militia|rohan_edoras_golden_hall_rider|rohan_edoras_golden_hall_veteran_rider|rohan_edoras_golden_hall_elite_rider,main_or_minor_line,main_or_minor_line,[Rohan] King's Lancer,26.0,Soldier,vlandia,Cavalry,True
rohan_edoras_golden_hall_eorlingas_rider,rohan_edoras_recruit,6,6,rohan_edoras_recruit|rohan_edoras_militia|rohan_edoras_golden_hall_rider|rohan_edoras_golden_hall_veteran_rider|rohan_edoras_golden_hall_elite_rider|rohan_edoras_golden_hall_eorlingas_rider,main_or_minor_line,main_or_minor_line,[Rohan] King's Knight,31.0,Soldier,vlandia,Cavalry,True
rohan_edoras_golden_hall_kings_own_rider,rohan_edoras_recruit,7,7,rohan_edoras_recruit|rohan_edoras_militia|rohan_edoras_golden_hall_rider|rohan_edoras_golden_hall_veteran_rider|rohan_edoras_golden_hall_elite_rider|rohan_edoras_golden_hall_eorlingas_rider|rohan_edoras_golden_hall_kings_own_rider,main_or_minor_line,main_or_minor_line,[Rohan] King's Royal Guard,36.0,Soldier,vlandia,Cavalry,True
rohan_edoras_golden_hall_rider,rohan_edoras_recruit,3,3,rohan_edoras_recruit|rohan_edoras_militia|rohan_edoras_golden_hall_rider,main_or_minor_line,main_or_minor_line,[Rohan] King's Rider,16.0,Soldier,vlandia,Cavalry,True
rohan_edoras_golden_hall_supreme_rider,rohan_edoras_recruit,8,8,rohan_edoras_recruit|rohan_edoras_militia|rohan_edoras_golden_hall_rider|rohan_edoras_golden_hall_veteran_rider|rohan_edoras_golden_hall_elite_rider|rohan_edoras_golden_hall_eorlingas_rider|rohan_edoras_golden_hall_kings_own_rider|rohan_edoras_golden_hall_supreme_rider,main_or_minor_line,main_or_minor_line,[Rohan] Riders of Rohan,41.0,Soldier,vlandia,Cavalry,False
rohan_edoras_golden_hall_veteran_rider,rohan_edoras_recruit,4,4,rohan_edoras_recruit|rohan_edoras_militia|rohan_edoras_golden_hall_rider|rohan_edoras_golden_hall_veteran_rider,main_or_minor_line,main_or_minor_line,[Rohan] King's Horseman,21.0,Soldier,vlandia,Cavalry,True
rohan_edoras_helmingas_swordsman,rohan_edoras_recruit,5,5,rohan_edoras_recruit|rohan_edoras_militia|rohan_edoras_swordsman|rohan_edoras_veteran_swordsman|rohan_edoras_helmingas_swordsman,main_or_minor_line,main_or_minor_line,[Rohan] Edoras Helmingas Swordsman,26.0,Soldier,vlandia,Infantry,True
rohan_edoras_master_swordsman,rohan_edoras_recruit,6,6,rohan_edoras_recruit|rohan_edoras_militia|rohan_edoras_swordsman|rohan_edoras_veteran_swordsman|rohan_edoras_helmingas_swordsman|rohan_edoras_master_swordsman,main_or_minor_line,main_or_minor_line,[Rohan] Edoras Master Swordsman,31.0,Soldier,vlandia,Infantry,False
rohan_edoras_meduseld_helmingas_spearman,rohan_edoras_recruit,5,5,rohan_edoras_recruit|rohan_edoras_militia|rohan_edoras_meduseld_spearman|rohan_edoras_meduseld_veteran_spearman|rohan_edoras_meduseld_helmingas_spearman,main_or_minor_line,main_or_minor_line,[Rohan] Meduseld Helmingas Spearman,26.0,Soldier,vlandia,Infantry,True
rohan_edoras_meduseld_master_spearman,rohan_edoras_recruit,6,6,rohan_edoras_recruit|rohan_edoras_militia|rohan_edoras_meduseld_spearman|rohan_edoras_meduseld_veteran_spearman|rohan_edoras_meduseld_helmingas_spearman|rohan_edoras_meduseld_master_spearman,main_or_minor_line,main_or_minor_line,[Rohan] Meduseld Master Spearman,31.0,Soldier,vlandia,Infantry,False
rohan_edoras_meduseld_spearman,rohan_edoras_recruit,3,3,rohan_edoras_recruit|rohan_edoras_militia|rohan_edoras_meduseld_spearman,main_or_minor_line,main_or_minor_line,[Rohan] Meduseld Spearman,16.0,Soldier,vlandia,Infantry,True
rohan_edoras_meduseld_veteran_spearman,rohan_edoras_recruit,4,4,rohan_edoras_recruit|rohan_edoras_militia|rohan_edoras_meduseld_spearman|rohan_edoras_meduseld_veteran_spearman,main_or_minor_line,main_or_minor_line,[Rohan] Meduseld Veteran Spearman,21.0,Soldier,vlandia,Infantry,True
rohan_edoras_militia,rohan_edoras_recruit,2,2,rohan_edoras_recruit|rohan_edoras_militia,main_or_minor_line,main_or_minor_line,[Rohan] Edoras Militia,11.0,Soldier,vlandia,Infantry,True
rohan_edoras_recruit,rohan_edoras_recruit,1,1,rohan_edoras_recruit,main_or_minor_line,main_or_minor_line,[Rohan] Edoras Recruit,6.0,Soldier,vlandia,Infantry,True
rohan_edoras_swordsman,rohan_edoras_recruit,3,3,rohan_edoras_recruit|rohan_edoras_militia|rohan_edoras_swordsman,main_or_minor_line,main_or_minor_line,[Rohan] Edoras Swordsman,16.0,Soldier,vlandia,Infantry,True
rohan_edoras_veteran_swordsman,rohan_edoras_recruit,4,4,rohan_edoras_recruit|rohan_edoras_militia|rohan_edoras_swordsman|rohan_edoras_veteran_swordsman,main_or_minor_line,main_or_minor_line,[Rohan] Edoras Veteran Swordsman,21.0,Soldier,vlandia,Infantry,True
rohan_westemnet_elite_rider,rohan_westemnet_recruit,4,4,rohan_westemnet_recruit|rohan_westemnet_rider|rohan_westemnet_veteran_rider|rohan_westemnet_elite_rider,main_or_minor_line,main_or_minor_line,[Rohan] West Emnet Light Cavalry,21.0,Soldier,vlandia,Cavalry,True
rohan_westemnet_eorlingas_rider,rohan_westemnet_recruit,5,5,rohan_westemnet_recruit|rohan_westemnet_rider|rohan_westemnet_veteran_rider|rohan_westemnet_elite_rider|rohan_westemnet_eorlingas_rider,main_or_minor_line,main_or_minor_line,[Rohan] West Emnet Medium Cavalry,26.0,Soldier,vlandia,Cavalry,True
rohan_westemnet_kings_own_rider,rohan_westemnet_recruit,7,7,rohan_westemnet_recruit|rohan_westemnet_rider|rohan_westemnet_veteran_rider|rohan_westemnet_elite_rider|rohan_westemnet_eorlingas_rider|rohan_westemnet_royal_rider|rohan_westemnet_kings_own_rider,main_or_minor_line,main_or_minor_line,[Rohan] West Emnet Heavy Shock Cavalry,36.0,Soldier,vlandia,Cavalry,False
rohan_westemnet_recruit,rohan_westemnet_recruit,1,1,rohan_westemnet_recruit,main_or_minor_line,main_or_minor_line,[Rohan] West Emnet Recruit,6.0,Soldier,vlandia,Cavalry,True
rohan_westemnet_rider,rohan_westemnet_recruit,2,2,rohan_westemnet_recruit|rohan_westemnet_rider,main_or_minor_line,main_or_minor_line,[Rohan] West Emnet Rider,11.0,Soldier,vlandia,Cavalry,True
rohan_westemnet_royal_rider,rohan_westemnet_recruit,6,6,rohan_westemnet_recruit|rohan_westemnet_rider|rohan_westemnet_veteran_rider|rohan_westemnet_elite_rider|rohan_westemnet_eorlingas_rider|rohan_westemnet_royal_rider,main_or_minor_line,main_or_minor_line,[Rohan] West Emnet Shock Cavalry,31.0,Soldier,vlandia,Cavalry,True
rohan_westemnet_veteran_rider,rohan_westemnet_recruit,3,3,rohan_westemnet_recruit|rohan_westemnet_rider|rohan_westemnet_veteran_rider,main_or_minor_line,main_or_minor_line,[Rohan] West Emnet Horseman,16.0,Soldier,vlandia,Cavalry,True
rohan_westfold_2h_axeman,rohan_westfold_recruit,4,4,rohan_westfold_recruit|rohan_westfold_militiaman|rohan_westfold_axeman|rohan_westfold_2h_axeman,main_or_minor_line,main_or_minor_line,[Rohan] Westfold Heavy Axeman,21.0,Soldier,vlandia,Infantry,True
rohan_westfold_axeman,rohan_westfold_recruit,3,3,rohan_westfold_recruit|rohan_westfold_militiaman|rohan_westfold_axeman,main_or_minor_line,main_or_minor_line,[Rohan] Westfolders,16.0,Soldier,vlandia,Infantry,True
rohan_westfold_helmingas_axeman,rohan_westfold_recruit,5,5,rohan_westfold_recruit|rohan_westfold_militiaman|rohan_westfold_axeman|rohan_westfold_veteran_axeman|rohan_westfold_helmingas_axeman,main_or_minor_line,main_or_minor_line,[Rohan] Westfold Helmingas Axeman,26.0,Soldier,vlandia,Infantry,False
rohan_westfold_militiaman,rohan_westfold_recruit,2,2,rohan_westfold_recruit|rohan_westfold_militiaman,main_or_minor_line,main_or_minor_line,[Rohan] Westfold Militiaman,11.0,Soldier,vlandia,Infantry,True
rohan_westfold_recruit,rohan_westfold_recruit,1,1,rohan_westfold_recruit,main_or_minor_line,main_or_minor_line,[Rohan] Westfold Recruit,6.0,Soldier,vlandia,Infantry,True
rohan_westfold_veteran_2h_axeman,rohan_westfold_recruit,5,5,rohan_westfold_recruit|rohan_westfold_militiaman|rohan_westfold_axeman|rohan_westfold_2h_axeman|rohan_westfold_veteran_2h_axeman,main_or_minor_line,main_or_minor_line,[Rohan] Westfold Helmingas Heavy Axeman,26.0,Soldier,vlandia,Infantry,False
rohan_westfold_veteran_axeman,rohan_westfold_recruit,4,4,rohan_westfold_recruit|rohan_westfold_militiaman|rohan_westfold_axeman|rohan_westfold_veteran_axeman,main_or_minor_line,main_or_minor_line,[Rohan] Westfold Veteran Axeman,21.0,Soldier,vlandia,Infantry,True
rohan_westmarches_guardsman,rohan_westmarches_recruit,2,2,rohan_westmarches_recruit|rohan_westmarches_guardsman,main_or_minor_line,main_or_minor_line,[Rohan] West-March Guardsman,11.0,Soldier,vlandia,Infantry,True
rohan_westmarches_meduseld_spearman,rohan_westmarches_recruit,5,5,rohan_westmarches_recruit|rohan_westmarches_guardsman|rohan_westmarches_spearman|rohan_westmarches_veteran_spearman|rohan_westmarches_meduseld_spearman,main_or_minor_line,main_or_minor_line,[Rohan] West Marches Veteran Spearman,26.0,Soldier,vlandia,Infantry,False
rohan_westmarches_recruit,rohan_westmarches_recruit,1,1,rohan_westmarches_recruit,main_or_minor_line,main_or_minor_line,[Rohan] West-March Recruit,6.0,Soldier,vlandia,Infantry,True
rohan_westmarches_spearman,rohan_westmarches_recruit,3,3,rohan_westmarches_recruit|rohan_westmarches_guardsman|rohan_westmarches_spearman,main_or_minor_line,main_or_minor_line,[Rohan] West-March Spearman,16.0,Soldier,vlandia,Infantry,True
rohan_westmarches_veteran_spearman,rohan_westmarches_recruit,4,4,rohan_westmarches_recruit|rohan_westmarches_guardsman|rohan_westmarches_spearman|rohan_westmarches_veteran_spearman,main_or_minor_line,main_or_minor_line,[Rohan] West-March Heavy Spearman,21.0,Soldier,vlandia,Infantry,True
rohan_wold_elite_horse_archer,rohan_wold_recruit,5,5,rohan_wold_recruit|rohan_wold_scout|rohan_wold_horse_archer|rohan_wold_veteran_horse_archer|rohan_wold_elite_horse_archer,main_or_minor_line,main_or_minor_line,[Rohan] Wold Elite Horse Rider,26.0,Soldier,vlandia,HorseArcher,True
rohan_wold_eorlingas_horse_archer,rohan_wold_recruit,6,6,rohan_wold_recruit|rohan_wold_scout|rohan_wold_horse_archer|rohan_wold_veteran_horse_archer|rohan_wold_elite_horse_archer|rohan_wold_eorlingas_horse_archer,main_or_minor_line,main_or_minor_line,[Rohan] Wold Eorlingas Horse Archer,31.0,Soldier,vlandia,HorseArcher,True
rohan_wold_horse_archer,rohan_wold_recruit,3,3,rohan_wold_recruit|rohan_wold_scout|rohan_wold_horse_archer,main_or_minor_line,main_or_minor_line,[Rohan] Wold Horse Archer,16.0,Soldier,vlandia,HorseArcher,True
rohan_wold_kings_own_horse_archer,rohan_wold_recruit,7,7,rohan_wold_recruit|rohan_wold_scout|rohan_wold_horse_archer|rohan_wold_veteran_horse_archer|rohan_wold_elite_horse_archer|rohan_wold_eorlingas_horse_archer|rohan_wold_kings_own_horse_archer,main_or_minor_line,main_or_minor_line,[Rohan] Éothéod Horse Archer,36.0,Soldier,vlandia,HorseArcher,False
rohan_wold_recruit,rohan_wold_recruit,1,1,rohan_wold_recruit,main_or_minor_line,main_or_minor_line,[Rohan] Wold Recruit,6.0,Soldier,vlandia,HorseArcher,True
rohan_wold_scout,rohan_wold_recruit,2,2,rohan_wold_recruit|rohan_wold_scout,main_or_minor_line,main_or_minor_line,[Rohan] Wold Scout,11.0,Soldier,vlandia,HorseArcher,True
rohan_wold_veteran_horse_archer,rohan_wold_recruit,4,4,rohan_wold_recruit|rohan_wold_scout|rohan_wold_horse_archer|rohan_wold_veteran_horse_archer,main_or_minor_line,main_or_minor_line,[Rohan] Wold Veteran Horse Rider,21.0,Soldier,vlandia,HorseArcher,True
sagarun_arbalest,sagarun_deckhand,4,4,sagarun_deckhand|sagarun_watchman|sagarun_crossbowman|sagarun_arbalest,main_or_minor_line,main_or_minor_line,[Rhûn] Sagarûn Arbalest,31.0,Soldier,khuzait,Ranged,True
sagarun_crossbowman,sagarun_deckhand,3,3,sagarun_deckhand|sagarun_watchman|sagarun_crossbowman,main_or_minor_line,main_or_minor_line,[Rhûn] Sagarûn Crossbowman,26.0,Soldier,khuzait,Ranged,True
sagarun_deckhand,sagarun_deckhand,1,1,sagarun_deckhand,main_or_minor_line,main_or_minor_line,[Rhûn] Sagarûn Deckhand,11.0,Soldier,khuzait,Infantry,True
sagarun_marine,sagarun_deckhand,4,4,sagarun_deckhand|sagarun_watchman|sagarun_skirmisher|sagarun_marine,main_or_minor_line,main_or_minor_line,[Rhûn] Sagarûn Marine,31.0,Soldier,khuzait,Infantry,True
sagarun_naffatun,sagarun_deckhand,4,4,sagarun_deckhand|sagarun_watchman|sagarun_crossbowman|sagarun_naffatun,main_or_minor_line,main_or_minor_line,[Rhûn] Sagarûn Naffatun,31.0,Soldier,khuzait,Ranged,True
sagarun_skirmisher,sagarun_deckhand,3,3,sagarun_deckhand|sagarun_watchman|sagarun_skirmisher,main_or_minor_line,main_or_minor_line,[Rhûn] Sagarûn Skirmisher,26.0,Soldier,khuzait,Ranged,True
sagarun_storm_forged_marine,sagarun_deckhand,5,5,sagarun_deckhand|sagarun_watchman|sagarun_skirmisher|sagarun_marine|sagarun_storm_forged_marine,main_or_minor_line,main_or_minor_line,[Rhûn] Sagarûn Storm Forged Marine,36.0,Soldier,khuzait,Infantry,False
sagarun_storm_helmed_naffatun,sagarun_deckhand,5,5,sagarun_deckhand|sagarun_watchman|sagarun_crossbowman|sagarun_naffatun|sagarun_storm_helmed_naffatun,main_or_minor_line,main_or_minor_line,[Rhûn] Sagarûn Storm Helmed Naffatun,36.0,Soldier,khuzait,Ranged,False
sagarun_storm_marked_arbalest,sagarun_deckhand,5,5,sagarun_deckhand|sagarun_watchman|sagarun_crossbowman|sagarun_arbalest|sagarun_storm_marked_arbalest,main_or_minor_line,main_or_minor_line,[Rhûn] Sagarûn Storm Marked Arbalest,36.0,Soldier,khuzait,Ranged,False
sagarun_watchman,sagarun_deckhand,2,2,sagarun_deckhand|sagarun_watchman,main_or_minor_line,main_or_minor_line,[Rhûn] Sagarûn Watchman,16.0,Soldier,khuzait,Infantry,True
skolderbrotva_tier_1,skolderbrotva_tier_1,1,1,skolderbrotva_tier_1,main_or_minor_line,main_or_minor_line,Skolder Recruit,11.0,Soldier,nord,Infantry,True
skolderbrotva_tier_2,skolderbrotva_tier_1,2,2,skolderbrotva_tier_1|skolderbrotva_tier_2,main_or_minor_line,main_or_minor_line,Skolder Warrior Broda,16.0,Soldier,nord,Infantry,True
skolderbrotva_tier_3,skolderbrotva_tier_1,3,3,skolderbrotva_tier_1|skolderbrotva_tier_2|skolderbrotva_tier_3,main_or_minor_line,main_or_minor_line,Skolder Veteran Broda,21.0,Soldier,nord,Infantry,False
sturgia_marine_t3,sturgia_marine_t3,1,1,sturgia_marine_t3,main_or_minor_line,main_or_minor_line,Sturgian Crewman,16.0,Soldier,sturgia,Infantry,True
sturgia_marine_t4,sturgia_marine_t3,2,2,sturgia_marine_t3|sturgia_marine_t4,main_or_minor_line,main_or_minor_line,Sturgian Veteran Shipman,21.0,Soldier,sturgia,Infantry,True
sturgia_marine_t5,sturgia_marine_t3,3,3,sturgia_marine_t3|sturgia_marine_t4|sturgia_marine_t5,main_or_minor_line,main_or_minor_line,Sturgian Reaver,26.0,Soldier,sturgia,Infantry,False
sturgian_archer,sturgian_recruit,4,4,sturgian_recruit|sturgian_woodsman|sturgian_hunter|sturgian_archer,main_or_minor_line,main_or_minor_line,Sturgian Archer,21.0,Soldier,sturgia,Ranged,True
sturgian_berzerker,sturgian_berzerker,1,1,sturgian_berzerker,main_or_minor_line,main_or_minor_line,Sturgian Line Breaker,21.0,Soldier,sturgia,Infantry,True
sturgian_brigand,sturgian_recruit,3,3,sturgian_recruit|sturgian_woodsman|sturgian_brigand,main_or_minor_line,main_or_minor_line,Sturgian Brigand,16.0,Soldier,sturgia,Infantry,True
sturgian_hardened_brigand,sturgian_recruit,4,4,sturgian_recruit|sturgian_woodsman|sturgian_brigand|sturgian_hardened_brigand,main_or_minor_line,main_or_minor_line,Sturgian Hardened Brigand,21.0,Soldier,sturgia,Cavalry,True
sturgian_horse_raider,sturgian_recruit,5,5,sturgian_recruit|sturgian_woodsman|sturgian_brigand|sturgian_hardened_brigand|sturgian_horse_raider,main_or_minor_line,main_or_minor_line,Sturgian Horse Raider,26.0,Soldier,sturgia,Cavalry,False
sturgian_hunter,sturgian_recruit,3,3,sturgian_recruit|sturgian_woodsman|sturgian_hunter,main_or_minor_line,main_or_minor_line,Sturgian Hunter,16.0,Soldier,sturgia,Ranged,True
sturgian_recruit,sturgian_recruit,1,1,sturgian_recruit,main_or_minor_line,main_or_minor_line,Sturgian Recruit,6.0,Soldier,sturgia,Infantry,True
sturgian_ulfhednar,sturgian_berzerker,2,2,sturgian_berzerker|sturgian_ulfhednar,main_or_minor_line,main_or_minor_line,Sturgian Heroic Line Breaker,26.0,Soldier,sturgia,Infantry,False
sturgian_veteran_bowman,sturgian_recruit,5,5,sturgian_recruit|sturgian_woodsman|sturgian_hunter|sturgian_archer|sturgian_veteran_bowman,main_or_minor_line,main_or_minor_line,Sturgian Veteran Bowman,26.0,Soldier,sturgia,Ranged,False
sturgian_warrior_son,sturgian_warrior_son,1,1,sturgian_warrior_son,noble_line,noble_line,Sturgian Otrok,11.0,Soldier,sturgia,Infantry,True
sturgian_woodsman,sturgian_recruit,2,2,sturgian_recruit|sturgian_woodsman,main_or_minor_line,main_or_minor_line,Sturgian Woodsman,11.0,Soldier,sturgia,Infantry,True
umbar_elite,umbar_elite,1,1,umbar_elite,main_or_minor_line,main_or_minor_line,[Umbar] Adûnaim Recruits,11.0,Soldier,umbar,Infantry,True
umbar_elite_root0,umbar_elite,2,2,umbar_elite|umbar_elite_root0,main_or_minor_line,main_or_minor_line,[Umbar] Adûnaim Footmen,16.0,Soldier,umbar,Infantry,True
umbar_elite_root00,umbar_elite,3,3,umbar_elite|umbar_elite_root0|umbar_elite_root00,main_or_minor_line,main_or_minor_line,[Umbar] Rozadan Footmen,21.0,Soldier,umbar,Infantry,True
umbar_elite_root000,umbar_elite,4,4,umbar_elite|umbar_elite_root0|umbar_elite_root00|umbar_elite_root000,main_or_minor_line,main_or_minor_line,[Umbar] Abrazanim Nardutarik,26.0,Soldier,umbar,Infantry,True
umbar_elite_root0000,umbar_elite,5,5,umbar_elite|umbar_elite_root0|umbar_elite_root00|umbar_elite_root000|umbar_elite_root0000,main_or_minor_line,main_or_minor_line,[Umbar] Naru n'Aru Royal Guard,31.0,Soldier,umbar,Infantry,False
umbar_elite_root0001,umbar_elite,5,5,umbar_elite|umbar_elite_root0|umbar_elite_root00|umbar_elite_root000|umbar_elite_root0001,main_or_minor_line,main_or_minor_line,[Umbar] Naru n'Aru Royal Knights,31.0,Soldier,umbar,Cavalry,False
umbar_elite_root001,umbar_elite,4,4,umbar_elite|umbar_elite_root0|umbar_elite_root00|umbar_elite_root001,main_or_minor_line,main_or_minor_line,[Umbar] Abrazanim Narduzagar,26.0,Soldier,umbar,Infantry,False
umbar_elite_root01,umbar_elite,3,3,umbar_elite|umbar_elite_root0|umbar_elite_root01,main_or_minor_line,main_or_minor_line,[Umbar] Rozadan Halberdiers,21.0,Soldier,umbar,Infantry,True
umbar_elite_root010,umbar_elite,4,4,umbar_elite|umbar_elite_root0|umbar_elite_root01|umbar_elite_root010,main_or_minor_line,main_or_minor_line,[Umbar] Adûnaims Faithful,26.0,Soldier,umbar,Infantry,False
umbar_elite_root1,umbar_elite,2,2,umbar_elite|umbar_elite_root1,main_or_minor_line,main_or_minor_line,[Umbar] Adûnaim Bowmen,16.0,Soldier,umbar,Ranged,True
umbar_elite_root10,umbar_elite,3,3,umbar_elite|umbar_elite_root1|umbar_elite_root10,main_or_minor_line,main_or_minor_line,[Umbar] Rozadan Bowmen,21.0,Soldier,umbar,Ranged,True
umbar_elite_root100,umbar_elite,4,4,umbar_elite|umbar_elite_root1|umbar_elite_root10|umbar_elite_root100,main_or_minor_line,main_or_minor_line,[Umbar] Abrazanim Nardubawib,26.0,Soldier,umbar,Ranged,False
umbar_elite_root101,umbar_elite,4,4,umbar_elite|umbar_elite_root1|umbar_elite_root10|umbar_elite_root101,main_or_minor_line,main_or_minor_line,[Umbar] Beruthiel's Rangers,26.0,Soldier,umbar,Ranged,False
urukhai_arbalest,urukhai_recruit,4,4,urukhai_recruit|urukhai_fighter|urukhai_skirmisher|urukhai_arbalest,main_or_minor_line,main_or_minor_line,[Isengard] Uruk-Hai Arbalest,21.0,Soldier,isengard,Ranged,True
urukhai_archer,urukhai_recruit,5,5,urukhai_recruit|urukhai_fighter|urukhai_scout|urukhai_tracker|urukhai_archer,main_or_minor_line,main_or_minor_line,[Isengard] Uruk-Hai Archer,26.0,Soldier,isengard,Ranged,False
urukhai_berserker,urukhai_recruit,6,6,urukhai_recruit|urukhai_fighter|urukhai_warrior|urukhai_swordman|urukhai_champion|urukhai_berserker,main_or_minor_line,main_or_minor_line,[Isengard] Uruk-Hai Berserker,31.0,Soldier,isengard,Infantry,True
urukhai_champion,urukhai_recruit,5,5,urukhai_recruit|urukhai_fighter|urukhai_warrior|urukhai_swordman|urukhai_champion,main_or_minor_line,main_or_minor_line,[Isengard] Uruk-Hai Champion,26.0,Soldier,isengard,Infantry,True
urukhai_crossbowman,urukhai_recruit,5,5,urukhai_recruit|urukhai_fighter|urukhai_skirmisher|urukhai_arbalest|urukhai_crossbowman,main_or_minor_line,main_or_minor_line,[Isengard] Uruk-Hai Crossbowman,26.0,Soldier,isengard,Ranged,True
urukhai_feller,urukhai_recruit,4,4,urukhai_recruit|urukhai_fighter|urukhai_warrior|urukhai_feller,main_or_minor_line,main_or_minor_line,[Isengard] Uruk-Hai Feller,21.0,Soldier,isengard,Infantry,True
urukhai_fighter,urukhai_recruit,2,2,urukhai_recruit|urukhai_fighter,main_or_minor_line,main_or_minor_line,[Isengard] Uruk-Hai Fighter,11.0,Soldier,isengard,Infantry,True
urukhai_infantry,urukhai_recruit,5,5,urukhai_recruit|urukhai_fighter|urukhai_warrior|urukhai_swordman|urukhai_infantry,main_or_minor_line,main_or_minor_line,[Isengard] Uruk-Hai Infantry,26.0,Soldier,isengard,Infantry,True
urukhai_nazg_hai,urukhai_recruit,7,7,urukhai_recruit|urukhai_fighter|urukhai_warrior|urukhai_swordman|urukhai_champion|urukhai_berserker|urukhai_nazg_hai,main_or_minor_line,main_or_minor_line,[Isengard] Uruk-Hai Nazg-hai,36.0,Soldier,isengard,Infantry,False
urukhai_pavise,urukhai_recruit,6,6,urukhai_recruit|urukhai_fighter|urukhai_warrior|urukhai_spearman|urukhai_veteranspearman|urukhai_pavise,main_or_minor_line,main_or_minor_line,[Isengard] Uruk-Hai Pavise Guard,31.0,Soldier,isengard,Infantry,False
urukhai_pikeman,urukhai_recruit,5,5,urukhai_recruit|urukhai_fighter|urukhai_warrior|urukhai_spearman|urukhai_pikeman,main_or_minor_line,main_or_minor_line,[Isengard] Uruk-Hai Pikeman,26.0,Soldier,isengard,Infantry,True
urukhai_reaver,urukhai_recruit,6,6,urukhai_recruit|urukhai_fighter|urukhai_warrior|urukhai_feller|urukhai_slayer|urukhai_reaver,main_or_minor_line,main_or_minor_line,[Isengard] Uruk-Hai Reaver,31.0,Soldier,isengard,Infantry,False
urukhai_recruit,urukhai_recruit,1,1,urukhai_recruit,main_or_minor_line,main_or_minor_line,[Isengard] Uruk-Hai Recruit,6.0,Soldier,isengard,Infantry,True
urukhai_scout,urukhai_recruit,3,3,urukhai_recruit|urukhai_fighter|urukhai_scout,main_or_minor_line,main_or_minor_line,[Isengard] Uruk-Hai Scout,16.0,Soldier,isengard,Ranged,True
urukhai_skirmisher,urukhai_recruit,3,3,urukhai_recruit|urukhai_fighter|urukhai_skirmisher,main_or_minor_line,main_or_minor_line,[Isengard] Uruk-Hai Skirmisher,16.0,Soldier,isengard,Ranged,True
urukhai_slayer,urukhai_recruit,5,5,urukhai_recruit|urukhai_fighter|urukhai_warrior|urukhai_feller|urukhai_slayer,main_or_minor_line,main_or_minor_line,[Isengard] Uruk-Hai Slayer,26.0,Soldier,isengard,Infantry,True
urukhai_spearman,urukhai_recruit,4,4,urukhai_recruit|urukhai_fighter|urukhai_warrior|urukhai_spearman,main_or_minor_line,main_or_minor_line,[Isengard] Uruk-Hai Spearman,21.0,Soldier,isengard,Infantry,True
urukhai_swordman,urukhai_recruit,4,4,urukhai_recruit|urukhai_fighter|urukhai_warrior|urukhai_swordman,main_or_minor_line,main_or_minor_line,[Isengard] Uruk-Hai Swordman,21.0,Soldier,isengard,Infantry,True
urukhai_tracker,urukhai_recruit,4,4,urukhai_recruit|urukhai_fighter|urukhai_scout|urukhai_tracker,main_or_minor_line,main_or_minor_line,[Isengard] Uruk-Hai Tracker,21.0,Soldier,isengard,Ranged,True
urukhai_veterancrossbowman,urukhai_recruit,6,6,urukhai_recruit|urukhai_fighter|urukhai_skirmisher|urukhai_arbalest|urukhai_crossbowman|urukhai_veterancrossbowman,main_or_minor_line,main_or_minor_line,[Isengard] Uruk-Hai Veteran Crossbowman,31.0,Soldier,isengard,Ranged,False
urukhai_veteraninfantry,urukhai_recruit,6,6,urukhai_recruit|urukhai_fighter|urukhai_warrior|urukhai_swordman|urukhai_infantry|urukhai_veteraninfantry,main_or_minor_line,main_or_minor_line,[Isengard] Champions of the White Hand,31.0,Soldier,isengard,Infantry,False
urukhai_veteranpikeman,urukhai_recruit,6,6,urukhai_recruit|urukhai_fighter|urukhai_warrior|urukhai_spearman|urukhai_pikeman|urukhai_veteranpikeman,main_or_minor_line,main_or_minor_line,[Isengard] Uruk-Hai Veteran Pikeman,31.0,Soldier,isengard,Infantry,False
urukhai_veteranspearman,urukhai_recruit,5,5,urukhai_recruit|urukhai_fighter|urukhai_warrior|urukhai_spearman|urukhai_veteranspearman,main_or_minor_line,main_or_minor_line,[Isengard] Uruk-Hai Veteran Spearman,26.0,Soldier,isengard,Infantry,True
urukhai_warrior,urukhai_recruit,3,3,urukhai_recruit|urukhai_fighter|urukhai_warrior,main_or_minor_line,main_or_minor_line,[Isengard] Uruk-Hai Warrior,16.0,Soldier,isengard,Infantry,True
varyag,sturgian_warrior_son,2,2,sturgian_warrior_son|varyag,noble_line,noble_line,Varyag,16.0,Soldier,sturgia,Infantry,True
varyag_veteran,sturgian_warrior_son,3,3,sturgian_warrior_son|varyag|varyag_veteran,noble_line,noble_line,Varyag Veteran,21.0,Soldier,sturgia,Cavalry,True
veteran_borrowed_troop,borrowed_troop,2,2,borrowed_troop|veteran_borrowed_troop,main_or_minor_line,main_or_minor_line,Veteran Borrowed Troop,11.0,Soldier,empire,Infantry,False
vlandian_banner_knight,vlandian_squire,5,5,vlandian_squire|vlandian_gallant|vlandian_knight|vlandian_champion|vlandian_banner_knight,noble_line,noble_line,Vlandian Banner Knight,31.0,Soldier,vlandia,Cavalry,False
vlandian_billman,vlandian_recruit,4,4,vlandian_recruit|vlandian_footman|vlandian_spearman|vlandian_billman,main_or_minor_line,main_or_minor_line,Vlandian Billman,21.0,Soldier,vlandia,Infantry,True
vlandian_cavalry,vlandian_recruit,4,4,vlandian_recruit|vlandian_footman|vlandian_light_cavalry|vlandian_cavalry,main_or_minor_line,main_or_minor_line,Vlandian Cavalry,21.0,Soldier,vlandia,Cavalry,True
vlandian_champion,vlandian_squire,4,4,vlandian_squire|vlandian_gallant|vlandian_knight|vlandian_champion,noble_line,noble_line,Vlandian Champion,26.0,Soldier,vlandia,Cavalry,True
vlandian_footman,vlandian_recruit,2,2,vlandian_recruit|vlandian_footman,main_or_minor_line,main_or_minor_line,Vlandian Footman,11.0,Soldier,vlandia,Infantry,True
vlandian_gallant,vlandian_squire,2,2,vlandian_squire|vlandian_gallant,noble_line,noble_line,Vlandian Gallant,16.0,Soldier,vlandia,Cavalry,True
vlandian_infantry,vlandian_infantry,1,1,vlandian_infantry,main_or_minor_line,main_or_minor_line,Vlandian Infantry,16.0,Soldier,vlandia,Infantry,True
vlandian_knight,vlandian_squire,3,3,vlandian_squire|vlandian_gallant|vlandian_knight,noble_line,noble_line,Vlandian Knight,21.0,Soldier,vlandia,Cavalry,True
vlandian_levy_crossbowman,vlandian_recruit,2,2,vlandian_recruit|vlandian_levy_crossbowman,main_or_minor_line,main_or_minor_line,Vlandian Levy Crossbowman,11.0,Soldier,vlandia,Ranged,True
vlandian_light_cavalry,vlandian_recruit,3,3,vlandian_recruit|vlandian_footman|vlandian_light_cavalry,main_or_minor_line,main_or_minor_line,Vlandian Light Cavalry,16.0,Soldier,vlandia,Cavalry,True
vlandian_marine_t4,vlandian_marine_t4,1,1,vlandian_marine_t4,main_or_minor_line,main_or_minor_line,Vlandian Seasoned Seafarer,21.0,Soldier,vlandia,Ranged,True
vlandian_marine_t5,vlandian_marine_t4,2,2,vlandian_marine_t4|vlandian_marine_t5,main_or_minor_line,main_or_minor_line,Vlandian Nauta,26.0,Soldier,vlandia,Ranged,False
vlandian_pikeman,vlandian_recruit,5,5,vlandian_recruit|vlandian_footman|vlandian_spearman|vlandian_billman|vlandian_pikeman,main_or_minor_line,main_or_minor_line,Vlandian Pikeman,26.0,Soldier,vlandia,Infantry,False
vlandian_recruit,vlandian_recruit,1,1,vlandian_recruit,main_or_minor_line,main_or_minor_line,Vlandian Recruit,6.0,Soldier,vlandia,Infantry,True
vlandian_sergeant,vlandian_recruit,5,5,vlandian_recruit|vlandian_footman|vlandian_spearman|vlandian_swordsman|vlandian_sergeant,main_or_minor_line,main_or_minor_line,Vlandian Sergeant,26.0,Soldier,vlandia,Infantry,False
vlandian_spearman,vlandian_recruit,3,3,vlandian_recruit|vlandian_footman|vlandian_spearman,main_or_minor_line,main_or_minor_line,Vlandian Spearman,16.0,Soldier,vlandia,Infantry,True
vlandian_squire,vlandian_squire,1,1,vlandian_squire,noble_line,noble_line,Vlandian Squire,11.0,Soldier,vlandia,Cavalry,True
vlandian_swordsman,vlandian_recruit,4,4,vlandian_recruit|vlandian_footman|vlandian_spearman|vlandian_swordsman,main_or_minor_line,main_or_minor_line,Vlandian Swordsman,21.0,Soldier,vlandia,Infantry,True
vlandian_vanguard,vlandian_recruit,5,5,vlandian_recruit|vlandian_footman|vlandian_light_cavalry|vlandian_cavalry|vlandian_vanguard,main_or_minor_line,main_or_minor_line,Vlandian Vanguard,26.0,Soldier,vlandia,Cavalry,False
vlandian_voulgier,vlandian_recruit,5,5,vlandian_recruit|vlandian_footman|vlandian_spearman|vlandian_billman|vlandian_voulgier,main_or_minor_line,main_or_minor_line,Vlandian Voulgier,26.0,Soldier,vlandia,Infantry,False
wain_darkhan,wain_youngblood,5,5,wain_youngblood|wain_footman|wain_glaiveman|wain_iron_glaive|wain_darkhan,main_or_minor_line,main_or_minor_line,[Rhûn] Wain Darkhan,36.0,Soldier,khuzait,Infantry,False
wain_footman,wain_youngblood,2,2,wain_youngblood|wain_footman,main_or_minor_line,main_or_minor_line,[Rhûn] Wain Footman,21.0,Soldier,khuzait,Infantry,True
wain_glaiveman,wain_youngblood,3,3,wain_youngblood|wain_footman|wain_glaiveman,main_or_minor_line,main_or_minor_line,[Rhûn] Wain Glaiveman,26.0,Soldier,khuzait,Infantry,True
wain_iron_glaive,wain_youngblood,4,4,wain_youngblood|wain_footman|wain_glaiveman|wain_iron_glaive,main_or_minor_line,main_or_minor_line,[Rhûn] Wain Iron-Glaive,31.0,Soldier,khuzait,Infantry,True
wain_youngblood,wain_youngblood,1,1,wain_youngblood,main_or_minor_line,main_or_minor_line,[Rhûn] Wain Youngblood,16.0,Soldier,khuzait,Infantry,True
wainrider_cavalry,wain_youngblood,4,4,wain_youngblood|wain_footman|wainrider_horseman|wainrider_cavalry,main_or_minor_line,main_or_minor_line,[Rhûn] Wainrider Cavalry,31.0,Soldier,khuzait,Cavalry,True
wainrider_horseman,wain_youngblood,3,3,wain_youngblood|wain_footman|wainrider_horseman,main_or_minor_line,main_or_minor_line,[Rhûn] Wainrider Horseman,26.0,Soldier,khuzait,Cavalry,True
wainrider_khans_chosen,wain_youngblood,5,5,wain_youngblood|wain_footman|wainrider_horseman|wainrider_cavalry|wainrider_khans_chosen,main_or_minor_line,main_or_minor_line,[Rhûn] Wainrider Khan's Chosen,41.0,Soldier,khuzait,Cavalry,False
wainrider_swift_chariot,wain_youngblood,5,5,wain_youngblood|wain_footman|wainrider_horseman|wainrider_cavalry|wainrider_swift_chariot,main_or_minor_line,main_or_minor_line,[ARhûn] Wainrider Swift-Chariot,41.0,Soldier,khuzait,Cavalry,True
wainrider_veteran_archer,balcoth_volunteer,4,4,balcoth_volunteer|balcoth_footman|balcoth_archer|wainrider_veteran_archer,main_or_minor_line,main_or_minor_line,[Rhûn] Wainrider Veteran Archer,26.0,Soldier,khuzait,Ranged,True
wainrider_warlord_chariot,wain_youngblood,6,6,wain_youngblood|wain_footman|wainrider_horseman|wainrider_cavalry|wainrider_swift_chariot|wainrider_warlord_chariot,main_or_minor_line,main_or_minor_line,[Rhûn] Wainrider Warlord Chariot,46.0,Soldier,khuzait,Cavalry,False
wainrider_wind_arrow_sharpshooter,balcoth_volunteer,5,5,balcoth_volunteer|balcoth_footman|balcoth_archer|wainrider_veteran_archer|wainrider_wind_arrow_sharpshooter,main_or_minor_line,main_or_minor_line,[Rhûn] Wainrider Wind-Arrow Sharpshooter,31.0,Soldier,khuzait,Ranged,False
wolfskins_tier_1,wolfskins_tier_1,1,1,wolfskins_tier_1,main_or_minor_line,main_or_minor_line,Young Wolf,11.0,Soldier,battania,Ranged,True
wolfskins_tier_2,wolfskins_tier_1,2,2,wolfskins_tier_1|wolfskins_tier_2,main_or_minor_line,main_or_minor_line,Seasoned Wolf,16.0,Soldier,battania,Ranged,True
wolfskins_tier_3,wolfskins_tier_1,3,3,wolfskins_tier_1|wolfskins_tier_2|wolfskins_tier_3,main_or_minor_line,main_or_minor_line,Chosen Wolf,21.0,Soldier,battania,Ranged,False
anti_imperial_conspiracy_boss,,,,,special_or_unlinked,special_or_unlinked,Conspiracy Commander,31.0,Soldier,sturgia,Infantry,False
aserai_master_archer,,,,,special_or_unlinked,special_or_unlinked,Aserai Master Archer,26.0,Soldier,aserai,Ranged,False
aserai_militia_archer,,,,,special_or_unlinked,special_or_unlinked,Aserai Militia Archer,11.0,Soldier,aserai,Ranged,False
aserai_militia_spearman,,,,,special_or_unlinked,special_or_unlinked,Aserai Militia Spearman,11.0,Soldier,aserai,Infantry,False
aserai_militia_veteran_archer,,,,,special_or_unlinked,special_or_unlinked,Aserai Militia Veteran Archer,16.0,Soldier,aserai,Ranged,False
aserai_militia_veteran_spearman,,,,,special_or_unlinked,special_or_unlinked,Aserai Militia Veteran Spearman,16.0,Soldier,aserai,Infantry,False
aux_basic,,,,,special_or_unlinked,special_or_unlinked,[Umbar] Auxiliary Recruit,6.0,Soldier,umbar,Infantry,False
battanian_militia_archer,,,,,special_or_unlinked,special_or_unlinked,Battanian Militia Archer,11.0,Soldier,battania,Ranged,False
battanian_militia_spearman,,,,,special_or_unlinked,special_or_unlinked,Battanian Militia Spearman,11.0,Soldier,battania,Infantry,False
battanian_militia_veteran_archer,,,,,special_or_unlinked,special_or_unlinked,Battanian Militia Veteran Archer,16.0,Soldier,battania,Ranged,False
battanian_militia_veteran_spearman,,,,,special_or_unlinked,special_or_unlinked,Battanian Militia Veteran Spearman,16.0,Soldier,battania,Infantry,False
battanian_mounted_skirmisher,,,,,special_or_unlinked,special_or_unlinked,Battanian Mounted Skirmisher,26.0,Soldier,battania,Cavalry,False
battanian_wildling,,,,,special_or_unlinked,special_or_unlinked,Battanian Wildling,26.0,Soldier,battania,Infantry,False
bold_contender,,,,,special_or_unlinked,special_or_unlinked,Bold Contender,16.0,Soldier,sturgia,Infantry,False
bold_contender_easy,,,,,special_or_unlinked,special_or_unlinked,Bold Contender,16.0,Soldier,sturgia,Infantry,False
bold_contender_hard,,,,,special_or_unlinked,special_or_unlinked,Bold Contender,16.0,Soldier,sturgia,Infantry,False
bold_contender_normal,,,,,special_or_unlinked,special_or_unlinked,Bold Contender,16.0,Soldier,sturgia,Infantry,False
bold_contender_very_hard,,,,,special_or_unlinked,special_or_unlinked,Bold Contender,16.0,Soldier,sturgia,Infantry,False
caravan_guard_harad,,,,,special_or_unlinked,special_or_unlinked,Harad Caravan Guard,16.0,Soldier,aserai,Infantry,False
caravan_guard_isengard,,,,,special_or_unlinked,special_or_unlinked,Isengard Caravan Guard,16.0,Soldier,isengard,Infantry,False
caravan_guard_rhun,,,,,special_or_unlinked,special_or_unlinked,Rhun Caravan Guard,16.0,Soldier,khuzait,Infantry,False
cave_troll,,,,,special_or_unlinked,special_or_unlinked,[AMordor] Armored Troll,51.0,Soldier,mordor,Infantry,False
champion_fighter,,,,,special_or_unlinked,special_or_unlinked,Champion Fighter,21.0,Soldier,empire,Infantry,False
confident_contender,,,,,special_or_unlinked,special_or_unlinked,Confident Contender,16.0,Soldier,aserai,Infantry,False
confident_contender_easy,,,,,special_or_unlinked,special_or_unlinked,Confident Contender,16.0,Soldier,aserai,Infantry,False
confident_contender_hard,,,,,special_or_unlinked,special_or_unlinked,Confident Contender,16.0,Soldier,aserai,Infantry,False
confident_contender_normal,,,,,special_or_unlinked,special_or_unlinked,Confident Contender,16.0,Soldier,aserai,Infantry,False
confident_contender_very_hard,,,,,special_or_unlinked,special_or_unlinked,Confident Contender,16.0,Soldier,aserai,Infantry,False
conspiracy_battlerider,,,,,special_or_unlinked,special_or_unlinked,Conspiracy Battle Rider,26.0,Soldier,sturgia,Cavalry,False
conspiracy_berserker,,,,,special_or_unlinked,special_or_unlinked,Conspiracy Berserker,16.0,Soldier,sturgia,Infantry,False
conspiracy_fighter,,,,,special_or_unlinked,special_or_unlinked,Conspiracy Fighter,16.0,Soldier,empire,Infantry,False
conspiracy_guardian,,,,,special_or_unlinked,special_or_unlinked,Conspiracy Guardian,26.0,Soldier,aserai,Infantry,False
conspiracy_guardsman,,,,,special_or_unlinked,special_or_unlinked,Conspiracy Guardsman,16.0,Soldier,aserai,Infantry,False
conspiracy_hellion,,,,,special_or_unlinked,special_or_unlinked,Conspiracy Hellion,26.0,Soldier,sturgia,Infantry,False
conspiracy_horse_archer,,,,,special_or_unlinked,special_or_unlinked,Conspiracy Horse Archer,16.0,Soldier,khuzait,HorseArcher,False
conspiracy_hunt_leader,,,,,special_or_unlinked,special_or_unlinked,Conspiracy Hunt Leader,26.0,Soldier,empire,Ranged,False
conspiracy_kern,,,,,special_or_unlinked,special_or_unlinked,Conspiracy Kern,16.0,Soldier,battania,Infantry,False
conspiracy_knight,,,,,special_or_unlinked,special_or_unlinked,Conspiracy Knight,26.0,Soldier,vlandia,Infantry,False
conspiracy_knight_trainee,,,,,special_or_unlinked,special_or_unlinked,Conspiracy Knight Trainee,16.0,Soldier,vlandia,Infantry,False
conspiracy_longbowman,,,,,special_or_unlinked,special_or_unlinked,Conspiracy Longbowman,26.0,Soldier,battania,Ranged,False
conspiracy_mounted_fighter,,,,,special_or_unlinked,special_or_unlinked,Conspiracy Mounted Fighter,26.0,Soldier,empire,Cavalry,False
conspiracy_mounted_huntsman,,,,,special_or_unlinked,special_or_unlinked,Conspiracy Mounted Hunstman,16.0,Soldier,empire,HorseArcher,False
conspiracy_mounted_master_archer,,,,,special_or_unlinked,special_or_unlinked,Conspiracy Mounted Master Archer,26.0,Soldier,khuzait,HorseArcher,False
conspiracy_noble_horseman,,,,,special_or_unlinked,special_or_unlinked,Conspiracy Noble Horseman,16.0,Soldier,empire,Cavalry,False
conspiracy_packmaster,,,,,special_or_unlinked,special_or_unlinked,Conspiracy Packmaster,16.0,Soldier,empire,HorseArcher,False
conspiracy_raider,,,,,special_or_unlinked,special_or_unlinked,Conspiracy Raider,16.0,Soldier,battania,Cavalry,False
conspiracy_spearmaster,,,,,special_or_unlinked,special_or_unlinked,Conspiracy Spear Master,26.0,Soldier,vlandia,Infantry,False
conspiracy_trained_bowman,,,,,special_or_unlinked,special_or_unlinked,Conspiracy Trained Bowman,16.0,Soldier,aserai,Ranged,False
conspiracy_trained_crossbowman,,,,,special_or_unlinked,special_or_unlinked,Conspiracy Trained Crossbowman,16.0,Soldier,vlandia,Ranged,False
conspiracy_trained_huntsman,,,,,special_or_unlinked,special_or_unlinked,Conspiracy Trained Huntsman,16.0,Soldier,empire,Ranged,False
conspiracy_trained_spearman,,,,,special_or_unlinked,special_or_unlinked,Conspiracy Trained Spearman,16.0,Soldier,vlandia,Infantry,False
conspiracy_veteran_fighter,,,,,special_or_unlinked,special_or_unlinked,Conspiracy Veteran Fighter,26.0,Soldier,empire,Infantry,False
conspiracy_warmonger,,,,,special_or_unlinked,special_or_unlinked,Conspiracy Warmonger,26.0,Soldier,battania,Infantry,False
conspiracy_warworn_crossbowman,,,,,special_or_unlinked,special_or_unlinked,Conspiracy Warworn Crossbowman,26.0,Soldier,vlandia,Ranged,False
conspiracy_wilder,,,,,special_or_unlinked,special_or_unlinked,Conspiracy Wilder,16.0,Soldier,sturgia,infantry,False
dignified_contender,,,,,special_or_unlinked,special_or_unlinked,Dignified Contender,16.0,Soldier,vlandia,Infantry,False
dignified_contender_easy,,,,,special_or_unlinked,special_or_unlinked,Dignified Contender,16.0,Soldier,vlandia,Infantry,False
dignified_contender_hard,,,,,special_or_unlinked,special_or_unlinked,Dignified Contender,16.0,Soldier,vlandia,Infantry,False
dignified_contender_normal,,,,,special_or_unlinked,special_or_unlinked,Dignified Contender,16.0,Soldier,vlandia,Infantry,False
dignified_contender_very_hard,,,,,special_or_unlinked,special_or_unlinked,Dignified Contender,16.0,Soldier,vlandia,Infantry,False
dolguldur_militia_archer,,,,,special_or_unlinked,special_or_unlinked,Dol Guldur Militia Archer,11.0,Soldier,dolguldur,Ranged,False
dolguldur_militia_spearman,,,,,special_or_unlinked,special_or_unlinked,Dol Guldur Militia Spearman,11.0,Soldier,dolguldur,Infantry,False
dolguldur_militia_veteran_archer,,,,,special_or_unlinked,special_or_unlinked,Dol Guldur Militia Veteran Archer,16.0,Soldier,dolguldur,Ranged,False
dolguldur_militia_veteran_spearman,,,,,special_or_unlinked,special_or_unlinked,Dol Guldur Militia Veteran Spearman,16.0,Soldier,dolguldur,Infantry,False
dunland_militia_archer,,,,,special_or_unlinked,special_or_unlinked,[Dunland] Militia Archer,11.0,Soldier,empire,Ranged,False
dunland_militia_spearman,,,,,special_or_unlinked,special_or_unlinked,[Dunland] Militia Spearman,11.0,Soldier,empire,Infantry,False
dunland_militia_veteran_archer,,,,,special_or_unlinked,special_or_unlinked,[Dunland] Militia Veteran Archer,16.0,Soldier,empire,Ranged,False
dunland_militia_veteran_spearman,,,,,special_or_unlinked,special_or_unlinked,[Dunland] Militia Veteran Spearman,16.0,Soldier,empire,Infantry,False
erebor_militia_archer,,,,,special_or_unlinked,special_or_unlinked,[Erebor] Militia Archer,11.0,Soldier,erebor,Ranged,False
erebor_militia_spearman,,,,,special_or_unlinked,special_or_unlinked,[Erebor] Militia Spearman,11.0,Soldier,erebor,Infantry,False
erebor_militia_veteran_archer,,,,,special_or_unlinked,special_or_unlinked,[Erebor] Militia Veteran Archer,16.0,Soldier,erebor,Ranged,False
erebor_militia_veteran_spearman,,,,,special_or_unlinked,special_or_unlinked,[Erebor] Militia Veteran Spearman,16.0,Soldier,erebor,Infantry,False
far_rhun_horse_master,,,,,special_or_unlinked,special_or_unlinked,[Rhûn] Far-Rhun Horse Master,21.0,Soldier,khuzait,Cavalry,False
gangleader_bodyguard_rhun,,,,,special_or_unlinked,special_or_unlinked,Gang Bodyguard,16.0,Soldier,khuzait,Infantry,False
gear_dummy_dale,,,,,special_or_unlinked,special_or_unlinked,Gear Dummy,15.0,Soldier,sturgia,Infantry,False
gear_dummy_dunland,,,,,special_or_unlinked,special_or_unlinked,Gear Dummy,15.0,Soldier,empire,Infantry,False
gear_dummy_gondor,,,,,special_or_unlinked,special_or_unlinked,Gear Dummy,15.0,Soldier,gondor,Infantry,False
gear_dummy_harad,,,,,special_or_unlinked,special_or_unlinked,Gear Dummy,15.0,Soldier,aserai,Infantry,False
gear_dummy_isengard,,,,,special_or_unlinked,special_or_unlinked,Gear Dummy,15.0,Soldier,isengard,Infantry,False
gear_dummy_khand,,,,,special_or_unlinked,special_or_unlinked,Gear Dummy,15.0,Soldier,battania,Infantry,False
gear_dummy_mordor,,,,,special_or_unlinked,special_or_unlinked,Gear Dummy,15.0,Soldier,mordor,Infantry,False
gear_dummy_rhun,,,,,special_or_unlinked,special_or_unlinked,Gear Dummy,15.0,Soldier,khuzait,Infantry,False
gear_dummy_rohan,,,,,special_or_unlinked,special_or_unlinked,Gear Dummy,15.0,Soldier,vlandia,Infantry,False
gear_practice_dummy_dale,,,,,special_or_unlinked,special_or_unlinked,Practice Dummy,15.0,Soldier,sturgia,Infantry,False
gear_practice_dummy_dunland,,,,,special_or_unlinked,special_or_unlinked,Practice Dummy,15.0,Soldier,empire,Infantry,False
gear_practice_dummy_gondor,,,,,special_or_unlinked,special_or_unlinked,Practice Dummy,15.0,Soldier,gondor,Infantry,False
gear_practice_dummy_harad,,,,,special_or_unlinked,special_or_unlinked,Practice Dummy,15.0,Soldier,aserai,Infantry,False
gear_practice_dummy_isengard,,,,,special_or_unlinked,special_or_unlinked,Practice Dummy,15.0,Soldier,isengard,Infantry,False
gear_practice_dummy_khand,,,,,special_or_unlinked,special_or_unlinked,Practice Dummy,15.0,Soldier,battania,Infantry,False
gear_practice_dummy_lothlorien,,,,,special_or_unlinked,special_or_unlinked,Practice Dummy,15.0,Soldier,lothlorien,Infantry,False
gear_practice_dummy_mordor,,,,,special_or_unlinked,special_or_unlinked,Practice Dummy,15.0,Soldier,mordor,Infantry,False
gear_practice_dummy_rhun,,,,,special_or_unlinked,special_or_unlinked,Practice Dummy,15.0,Soldier,khuzait,Infantry,False
gear_practice_dummy_rohan,,,,,special_or_unlinked,special_or_unlinked,Gear Practice Dummy,15.0,Soldier,vlandia,Infantry,False
goblin_militia_archer,,,,,special_or_unlinked,special_or_unlinked,[Goblin] Militia Archer,11.0,Soldier,goblin,Ranged,False
goblin_militia_spearman,,,,,special_or_unlinked,special_or_unlinked,[Goblin] Militia Spearman,11.0,Soldier,goblin,Infantry,False
goblin_militia_veteran_archer,,,,,special_or_unlinked,special_or_unlinked,[Goblin] Militia Veteran Archer,16.0,Soldier,goblin,Ranged,False
goblin_militia_veteran_spearman,,,,,special_or_unlinked,special_or_unlinked,[Goblin] Militia Veteran Spearman,16.0,Soldier,goblin,Infantry,False
gondor_ithilien_ranger,,,,,special_or_unlinked,special_or_unlinked,[Gondor] Ithilien Ranger,51.0,Soldier,gondor,Ranged,False
gondor_militia_archer,,,,,special_or_unlinked,special_or_unlinked,[Gondor] Gondor Militia Archer,11.0,Soldier,gondor,Ranged,False
gondor_militia_spearman,,,,,special_or_unlinked,special_or_unlinked,[Gondor] Gondor Militia Spearman,11.0,Soldier,gondor,Infantry,False
gondor_militia_veteran_archer,,,,,special_or_unlinked,special_or_unlinked,[Gondor] Gondor Veteran Militia Archer,16.0,Soldier,gondor,Ranged,False
gondor_militia_veteran_spearman,,,,,special_or_unlinked,special_or_unlinked,[Gondor] Gondor Veteran Militia Spearman,16.0,Soldier,gondor,Infantry,False
guard_aserai,,,,,special_or_unlinked,special_or_unlinked,Guard,21.0,Soldier,aserai,Infantry,False
guard_battania,,,,,special_or_unlinked,special_or_unlinked,Guard,4.0,Soldier,battania,Infantry,False
guard_dale,,,,,special_or_unlinked,special_or_unlinked,Guard,16.0,Soldier,sturgia,Infantry,False
guard_dolguldur,,,,,special_or_unlinked,special_or_unlinked,Guard,16.0,Soldier,dolguldur,Infantry,False
guard_dunland,,,,,special_or_unlinked,special_or_unlinked,Guard,16.0,Soldier,empire,Infantry,False
guard_empire,,,,,special_or_unlinked,special_or_unlinked,Guard,21.0,Soldier,empire,Infantry,False
guard_erebor,,,,,special_or_unlinked,special_or_unlinked,Guard,16.0,Soldier,erebor,Infantry,False
guard_goblin,,,,,special_or_unlinked,special_or_unlinked,Guard,16.0,Soldier,goblin,Infantry,False
guard_gondor,,,,,special_or_unlinked,special_or_unlinked,Guard,16.0,Soldier,gondor,Infantry,False
guard_gundabad,,,,,special_or_unlinked,special_or_unlinked,Guard,16.0,Soldier,gundabad,Infantry,False
guard_harad,,,,,special_or_unlinked,special_or_unlinked,Guard,16.0,Soldier,aserai,Infantry,False
guard_isengard,,,,,special_or_unlinked,special_or_unlinked,Guard,16.0,Soldier,isengard,Infantry,False
guard_khand,,,,,special_or_unlinked,special_or_unlinked,Guard,16.0,Soldier,battania,Infantry,False
guard_khuzait,,,,,special_or_unlinked,special_or_unlinked,Guard,4.0,Soldier,khuzait,Infantry,False
guard_mirkwood,,,,,special_or_unlinked,special_or_unlinked,Guard,16.0,Soldier,mirkwood,Infantry,False
guard_mistymountainorcs,,,,,special_or_unlinked,special_or_unlinked,Guard,16.0,Soldier,mistymountainorcs,Infantry,False
guard_mordor,,,,,special_or_unlinked,special_or_unlinked,Guard,16.0,Soldier,mordor,Infantry,False
guard_nord,,,,,special_or_unlinked,special_or_unlinked,Guard,4.0,Soldier,nord,Infantry,False
guard_rhun,,,,,special_or_unlinked,special_or_unlinked,Guard,16.0,Soldier,khuzait,Infantry,False
guard_rivendell,,,,,special_or_unlinked,special_or_unlinked,Guard,16.0,Soldier,rivendell,Infantry,False
guard_rohan,,,,,special_or_unlinked,special_or_unlinked,Guard,,Soldier,vlandia,Infantry,False
guard_sturgia,,,,,special_or_unlinked,special_or_unlinked,Guard,4.0,Soldier,sturgia,Infantry,False
guard_vlandia,,,,,special_or_unlinked,special_or_unlinked,Guard,4.0,Soldier,vlandia,Infantry,False
gundabad_militia_archer,,,,,special_or_unlinked,special_or_unlinked,[Gundabad] Militia Archer,11.0,Soldier,gundabad,Ranged,False
gundabad_militia_spearman,,,,,special_or_unlinked,special_or_unlinked,[Gundabad] Militia Spearman,11.0,Soldier,gundabad,Infantry,False
gundabad_militia_veteran_archer,,,,,special_or_unlinked,special_or_unlinked,[Gundabad] Militia Veteran Archer,16.0,Soldier,gundabad,Ranged,False
gundabad_militia_veteran_spearman,,,,,special_or_unlinked,special_or_unlinked,[Gundabad] Militia Veteran Spearman,16.0,Soldier,gundabad,Infantry,False
harad_elephant_rider,,,,,special_or_unlinked,special_or_unlinked,[Aharad] Elephant Rider,51.0,Soldier,aserai,Cavalry,False
harad_militia_archer,,,,,special_or_unlinked,special_or_unlinked,[Harad] Militia Archer,11.0,Soldier,aserai,Ranged,False
harad_militia_spearman,,,,,special_or_unlinked,special_or_unlinked,[Harad] Militia Spearman,11.0,Soldier,aserai,Infantry,False
harad_militia_veteran_archer,,,,,special_or_unlinked,special_or_unlinked,[Harad] Militia Veteran Archer,16.0,Soldier,aserai,Ranged,False
harad_militia_veteran_spearman,,,,,special_or_unlinked,special_or_unlinked,[Harad] Militia Veteran Spearman,16.0,Soldier,aserai,Infantry,False
harad_mumakil_rider,,,,,special_or_unlinked,special_or_unlinked,[Aharad] Mumakil Rider,51.0,Soldier,aserai,Cavalry,False
hardy_contender,,,,,special_or_unlinked,special_or_unlinked,Hardy Contender,16.0,Soldier,empire,Infantry,False
hardy_contender_easy,,,,,special_or_unlinked,special_or_unlinked,Hardy Contender,16.0,Soldier,empire,Infantry,False
hardy_contender_hard,,,,,special_or_unlinked,special_or_unlinked,Hardy Contender,16.0,Soldier,empire,Infantry,False
hardy_contender_normal,,,,,special_or_unlinked,special_or_unlinked,Hardy Contender,16.0,Soldier,empire,Infantry,False
hardy_contender_very_hard,,,,,special_or_unlinked,special_or_unlinked,Hardy Contender,16.0,Soldier,empire,Infantry,False
huskarl_swordsman,,,,,special_or_unlinked,special_or_unlinked,Huscarl Swordsman,26.0,Soldier,sturgia,Infantry,False
imperial_conspiracy_boss,,,,,special_or_unlinked,special_or_unlinked,Conspiracy Commander,31.0,Soldier,vlandia,Infantry,False
imperial_legionary,,,,,special_or_unlinked,special_or_unlinked,Imperial Legionary,26.0,Soldier,empire,Infantry,False
imperial_militia_archer,,,,,special_or_unlinked,special_or_unlinked,Imperial Militia Archer,11.0,Soldier,empire,Ranged,False
imperial_militia_spearman,,,,,special_or_unlinked,special_or_unlinked,Imperial Militia Spearman,11.0,Soldier,empire,Infantry,False
imperial_militia_veteran_archer,,,,,special_or_unlinked,special_or_unlinked,Imperial Militia Veteran Archer,16.0,Soldier,empire,Ranged,False
imperial_militia_veteran_spearman,,,,,special_or_unlinked,special_or_unlinked,Imperial Militia Veteran Spearman,16.0,Soldier,empire,Infantry,False
khuzait_militia_archer,,,,,special_or_unlinked,special_or_unlinked,Khuzait Militia Archer,11.0,Soldier,khuzait,Ranged,False
khuzait_militia_spearman,,,,,special_or_unlinked,special_or_unlinked,Khuzait Militia Spearman,11.0,Soldier,khuzait,Infantry,False
khuzait_militia_veteran_archer,,,,,special_or_unlinked,special_or_unlinked,Khuzait Militia Veteran Archer,16.0,Soldier,khuzait,Ranged,False
khuzait_militia_veteran_spearman,,,,,special_or_unlinked,special_or_unlinked,Khuzait Militia Veteran Spearman,16.0,Soldier,khuzait,Infantry,False
mirkwood_militia_archer,,,,,special_or_unlinked,special_or_unlinked,[Mirkwood] Militia Archer,11.0,Soldier,mirkwood,Ranged,False
mirkwood_militia_spearman,,,,,special_or_unlinked,special_or_unlinked,[Mirkwood] Militia Spearman,11.0,Soldier,mirkwood,Infantry,False
mirkwood_militia_veteran_archer,,,,,special_or_unlinked,special_or_unlinked,[Mirkwood] Militia Veteran Archer,16.0,Soldier,mirkwood,Ranged,False
mirkwood_militia_veteran_spearman,,,,,special_or_unlinked,special_or_unlinked,[Mirkwood] Militia Veteran Spearman,16.0,Soldier,mirkwood,Infantry,False
mistymountainorcs_militia_archer,,,,,special_or_unlinked,special_or_unlinked,[Misty Mountains] Militia Archer,11.0,Soldier,mistymountainorcs,Ranged,False
mistymountainorcs_militia_spearman,,,,,special_or_unlinked,special_or_unlinked,[Misty Mountains] Militia Spearman,11.0,Soldier,mistymountainorcs,Infantry,False
mistymountainorcs_militia_veteran_archer,,,,,special_or_unlinked,special_or_unlinked,[Misty Mountains] Militia Veteran Archer,16.0,Soldier,mistymountainorcs,Ranged,False
mistymountainorcs_militia_veteran_spearman,,,,,special_or_unlinked,special_or_unlinked,[Misty Mountains] Militia Veteran Spearman,16.0,Soldier,mistymountainorcs,Infantry,False
mordor_militia_archer,,,,,special_or_unlinked,special_or_unlinked,Mordor Militia Archer,11.0,Soldier,mordor,Ranged,False
mordor_militia_spearman,,,,,special_or_unlinked,special_or_unlinked,Mordor Militia Spearman,11.0,Soldier,mordor,Infantry,False
mordor_militia_veteran_archer,,,,,special_or_unlinked,special_or_unlinked,Mordor Militia Veteran Archer,16.0,Soldier,mordor,Ranged,False
mordor_militia_veteran_spearman,,,,,special_or_unlinked,special_or_unlinked,Mordor Militia Veteran Spearman,16.0,Soldier,mordor,Infantry,False
mp_heavy_cavalry_aserai_hero,,,,,special_or_unlinked,special_or_unlinked,Mamluke,30.0,Soldier,aserai,Cavalry,False
mp_heavy_cavalry_aserai_troop,,,,,special_or_unlinked,special_or_unlinked,Mamluke,30.0,Soldier,aserai,Cavalry,False
mp_heavy_cavalry_empire_hero,,,,,special_or_unlinked,special_or_unlinked,Cataphract,30.0,Soldier,empire,Cavalry,False
mp_heavy_cavalry_empire_troop,,,,,special_or_unlinked,special_or_unlinked,Cataphract,30.0,Soldier,empire,Cavalry,False
mp_heavy_cavalry_khuzait_hero,,,,,special_or_unlinked,special_or_unlinked,Lancer,30.0,Soldier,khuzait,Cavalry,False
mp_heavy_cavalry_khuzait_troop,,,,,special_or_unlinked,special_or_unlinked,Lancer,30.0,Soldier,khuzait,Cavalry,False
mp_heavy_cavalry_sturgia_hero,,,,,special_or_unlinked,special_or_unlinked,Druzhinnik,30.0,Soldier,sturgia,Cavalry,False
mp_heavy_cavalry_sturgia_troop,,,,,special_or_unlinked,special_or_unlinked,Druzhinnik,30.0,Soldier,sturgia,Cavalry,False
mp_heavy_cavalry_vlandia_hero,,,,,special_or_unlinked,special_or_unlinked,Knight,30.0,Soldier,vlandia,Cavalry,False
mp_heavy_cavalry_vlandia_troop,,,,,special_or_unlinked,special_or_unlinked,Knight,30.0,Soldier,vlandia,Cavalry,False
mp_heavy_infantry_battania_hero,,,,,special_or_unlinked,special_or_unlinked,Oathsworn,25.0,Soldier,battania,Infantry,False
mp_heavy_infantry_battania_troop,,,,,special_or_unlinked,special_or_unlinked,Oathsworn,25.0,Soldier,battania,Infantry,False
mp_heavy_infantry_empire_hero,,,,,special_or_unlinked,special_or_unlinked,Legionary,25.0,Soldier,empire,Infantry,False
mp_heavy_infantry_empire_troop,,,,,special_or_unlinked,special_or_unlinked,Legionary,25.0,Soldier,empire,Infantry,False
mp_heavy_infantry_khuzait_hero,,,,,special_or_unlinked,special_or_unlinked,Spear Infantry,25.0,Soldier,khuzait,Infantry,False
mp_heavy_infantry_khuzait_troop,,,,,special_or_unlinked,special_or_unlinked,Spear Infantry,25.0,Soldier,khuzait,Infantry,False
mp_heavy_infantry_sturgia_hero,,,,,special_or_unlinked,special_or_unlinked,Varyag,36.0,Soldier,sturgia,Infantry,False
mp_heavy_infantry_sturgia_troop,,,,,special_or_unlinked,special_or_unlinked,Varyag,25.0,Soldier,sturgia,Infantry,False
mp_heavy_infantry_vlandia_hero,,,,,special_or_unlinked,special_or_unlinked,Sergeant,25.0,Soldier,vlandia,Infantry,False
mp_heavy_infantry_vlandia_troop,,,,,special_or_unlinked,special_or_unlinked,Sergeant,25.0,Soldier,vlandia,Infantry,False
mp_heavy_ranged_aserai_hero,,,,,special_or_unlinked,special_or_unlinked,Veteran,20.0,Soldier,aserai,Ranged,False
mp_heavy_ranged_aserai_troop,,,,,special_or_unlinked,special_or_unlinked,Veteran,20.0,Soldier,aserai,Ranged,False
mp_heavy_ranged_battania_hero,,,,,special_or_unlinked,special_or_unlinked,Fiann,20.0,Soldier,battania,Ranged,False
mp_heavy_ranged_battania_troop,,,,,special_or_unlinked,special_or_unlinked,Fiann,20.0,Soldier,battania,Ranged,False
mp_heavy_ranged_empire_hero,,,,,special_or_unlinked,special_or_unlinked,Palatine Guard,20.0,Soldier,empire,Ranged,False
mp_heavy_ranged_empire_troop,,,,,special_or_unlinked,special_or_unlinked,Palatine Guard,20.0,Soldier,empire,Ranged,False
mp_heavy_ranged_khuzait_hero,,,,,special_or_unlinked,special_or_unlinked,Khan's Guard,20.0,Soldier,khuzait,Ranged,False
mp_heavy_ranged_khuzait_troop,,,,,special_or_unlinked,special_or_unlinked,Khan's Guard,20.0,Soldier,khuzait,Ranged,False
mp_heavy_ranged_vlandia_hero,,,,,special_or_unlinked,special_or_unlinked,Sharpshooter,20.0,Soldier,vlandia,Ranged,False
mp_heavy_ranged_vlandia_troop,,,,,special_or_unlinked,special_or_unlinked,Sharpshooter,20.0,Soldier,vlandia,Ranged,False
mp_horse_archer_khuzait_hero,,,,,special_or_unlinked,special_or_unlinked,Mounted Archer,15.0,Soldier,khuzait,HorseArcher,False
mp_horse_archer_khuzait_troop,,,,,special_or_unlinked,special_or_unlinked,Mounted Archer,15.0,Soldier,khuzait,HorseArcher,False
mp_light_cavalry_aserai_hero,,,,,special_or_unlinked,special_or_unlinked,Jawwal,15.0,Soldier,aserai,Cavalry,False
mp_light_cavalry_aserai_troop,,,,,special_or_unlinked,special_or_unlinked,Jawwal,15.0,Soldier,aserai,Cavalry,False
mp_light_cavalry_battania_hero,,,,,special_or_unlinked,special_or_unlinked,Mounted Warrior,20.0,Soldier,battania,Cavalry,False
mp_light_cavalry_battania_troop,,,,,special_or_unlinked,special_or_unlinked,Mounted Warrior,20.0,Soldier,battania,Cavalry,False
mp_light_cavalry_empire_hero,,,,,special_or_unlinked,special_or_unlinked,Courser,15.0,Soldier,empire,Cavalry,False
mp_light_cavalry_empire_troop,,,,,special_or_unlinked,special_or_unlinked,Courser,15.0,Soldier,empire,Cavalry,False
mp_light_cavalry_khuzait_hero,,,,,special_or_unlinked,special_or_unlinked,Nomad,15.0,Soldier,khuzait,Cavalry,False
mp_light_cavalry_khuzait_troop,,,,,special_or_unlinked,special_or_unlinked,Nomad,15.0,Soldier,khuzait,Cavalry,False
mp_light_cavalry_sturgia_hero,,,,,special_or_unlinked,special_or_unlinked,Raider,15.0,Soldier,sturgia,Cavalry,False
mp_light_cavalry_sturgia_troop,,,,,special_or_unlinked,special_or_unlinked,Raider,15.0,Soldier,sturgia,Cavalry,False
mp_light_cavalry_vlandia_hero,,,,,special_or_unlinked,special_or_unlinked,Vanguard,15.0,Soldier,vlandia,Cavalry,False
mp_light_cavalry_vlandia_troop,,,,,special_or_unlinked,special_or_unlinked,Vanguard,15.0,Soldier,vlandia,Cavalry,False
mp_light_infantry_aserai_hero,,,,,special_or_unlinked,special_or_unlinked,Tribal Warrior,15.0,Soldier,aserai,Infantry,False
mp_light_infantry_aserai_troop,,,,,special_or_unlinked,special_or_unlinked,Tribal Warrior,15.0,Soldier,aserai,Infantry,False
mp_light_infantry_battania_hero,,,,,special_or_unlinked,special_or_unlinked,Clan Warrior,10.0,Soldier,battania,Infantry,False
mp_light_infantry_battania_troop,,,,,special_or_unlinked,special_or_unlinked,Clan Warrior,10.0,Soldier,battania,Infantry,False
mp_light_infantry_khuzait_hero,,,,,special_or_unlinked,special_or_unlinked,Rabble,5.0,Soldier,khuzait,Infantry,False
mp_light_infantry_khuzait_troop,,,,,special_or_unlinked,special_or_unlinked,Rabble,5.0,Soldier,khuzait,Infantry,False
mp_light_infantry_sturgia_hero,,,,,special_or_unlinked,special_or_unlinked,Warrior,10.0,Soldier,sturgia,Infantry,False
mp_light_infantry_sturgia_troop,,,,,special_or_unlinked,special_or_unlinked,Warrior,10.0,Soldier,sturgia,Infantry,False
mp_light_infantry_vlandia_hero,,,,,special_or_unlinked,special_or_unlinked,Peasant Levy,5.0,Soldier,vlandia,Infantry,False
mp_light_infantry_vlandia_troop,,,,,special_or_unlinked,special_or_unlinked,Peasant Levy,5.0,Soldier,vlandia,Infantry,False
mp_light_ranged_aserai_hero,,,,,special_or_unlinked,special_or_unlinked,Archer,5.0,Soldier,aserai,Ranged,False
mp_light_ranged_aserai_troop,,,,,special_or_unlinked,special_or_unlinked,Archer,5.0,Soldier,aserai,Ranged,False
mp_light_ranged_battania_hero,,,,,special_or_unlinked,special_or_unlinked,Ranger,5.0,Soldier,battania,Ranged,False
mp_light_ranged_battania_troop,,,,,special_or_unlinked,special_or_unlinked,Ranger,5.0,Soldier,battania,Ranged,False
mp_light_ranged_empire_hero,,,,,special_or_unlinked,special_or_unlinked,Archer Militia,5.0,Soldier,empire,Ranged,False
mp_light_ranged_empire_troop,,,,,special_or_unlinked,special_or_unlinked,Archer Militia,5.0,Soldier,empire,Ranged,False
mp_light_ranged_khuzait_hero,,,,,special_or_unlinked,special_or_unlinked,Steppe Bow,5.0,Soldier,khuzait,Ranged,False
mp_light_ranged_khuzait_troop,,,,,special_or_unlinked,special_or_unlinked,Steppe Bow,5.0,Soldier,khuzait,Ranged,False
mp_light_ranged_sturgia_hero,,,,,special_or_unlinked,special_or_unlinked,Hunter,5.0,Soldier,sturgia,Ranged,False
mp_light_ranged_sturgia_troop,,,,,special_or_unlinked,special_or_unlinked,Hunter,5.0,Soldier,sturgia,Ranged,False
mp_light_ranged_vlandia_hero,,,,,special_or_unlinked,special_or_unlinked,Arbelist,5.0,Soldier,vlandia,Ranged,False
mp_light_ranged_vlandia_troop,,,,,special_or_unlinked,special_or_unlinked,Arbelist,5.0,Soldier,vlandia,Ranged,False
mp_shock_infantry_aserai_hero,,,,,special_or_unlinked,special_or_unlinked,Guard,25.0,Soldier,aserai,Infantry,False
mp_shock_infantry_aserai_troop,,,,,special_or_unlinked,special_or_unlinked,Guard,25.0,Soldier,aserai,Infantry,False
mp_shock_infantry_battania_hero,,,,,special_or_unlinked,special_or_unlinked,Savage,25.0,Soldier,battania,Infantry,False
mp_shock_infantry_battania_troop,,,,,special_or_unlinked,special_or_unlinked,Savage,25.0,Soldier,battania,Infantry,False
mp_shock_infantry_empire_hero,,,,,special_or_unlinked,special_or_unlinked,Menavlion Infantry,25.0,Soldier,empire,Infantry,False
mp_shock_infantry_empire_troop,,,,,special_or_unlinked,special_or_unlinked,Menavlion Infantry,25.0,Soldier,empire,Infantry,False
mp_shock_infantry_sturgia_hero,,,,,special_or_unlinked,special_or_unlinked,Berserker,25.0,Soldier,sturgia,Infantry,False
mp_shock_infantry_sturgia_troop,,,,,special_or_unlinked,special_or_unlinked,Berserker,25.0,Soldier,sturgia,Infantry,False
mp_shock_infantry_vlandia_hero,,,,,special_or_unlinked,special_or_unlinked,Voulgier,25.0,Soldier,vlandia,Infantry,False
mp_shock_infantry_vlandia_troop,,,,,special_or_unlinked,special_or_unlinked,Voulgier,25.0,Soldier,vlandia,Infantry,False
mp_skirmisher_aserai_hero,,,,,special_or_unlinked,special_or_unlinked,Skirmisher,10.0,Soldier,aserai,Infantry,False
mp_skirmisher_aserai_troop,,,,,special_or_unlinked,special_or_unlinked,Skirmisher,10.0,Soldier,aserai,Infantry,False
mp_skirmisher_battania_hero,,,,,special_or_unlinked,special_or_unlinked,Wildling,10.0,Soldier,battania,Infantry,False
mp_skirmisher_battania_troop,,,,,special_or_unlinked,special_or_unlinked,Wildling,10.0,Soldier,battania,Infantry,False
mp_skirmisher_empire_hero,,,,,special_or_unlinked,special_or_unlinked,Recruit,10.0,Soldier,empire,Infantry,False
mp_skirmisher_empire_troop,,,,,special_or_unlinked,special_or_unlinked,Recruit,10.0,Soldier,empire,Infantry,False
mp_skirmisher_sturgia_hero,,,,,special_or_unlinked,special_or_unlinked,Brigand,10.0,Soldier,sturgia,Infantry,False
mp_skirmisher_sturgia_troop,,,,,special_or_unlinked,special_or_unlinked,Brigand,10.0,Soldier,sturgia,Infantry,False
nord_militia_archer,,,,,special_or_unlinked,special_or_unlinked,Nord Militia Archer,11.0,Soldier,nord,Ranged,False
nord_militia_spearman,,,,,special_or_unlinked,special_or_unlinked,Nord Militia Spearman,11.0,Soldier,nord,Infantry,False
nord_militia_veteran_archer,,,,,special_or_unlinked,special_or_unlinked,Nord Militia Veteran Archer,16.0,Soldier,nord,Ranged,False
nord_militia_veteran_spearman,,,,,special_or_unlinked,special_or_unlinked,Nord Militia Veteran Spearman,16.0,Soldier,nord,Infantry,False
regular_fighter,,,,,special_or_unlinked,special_or_unlinked,Regular Fighter,11.0,Soldier,empire,Infantry,False
rivendell_militia_archer,,,,,special_or_unlinked,special_or_unlinked,[Rivendell] Militia Archer,11.0,Soldier,rivendell,Ranged,False
rivendell_militia_spearman,,,,,special_or_unlinked,special_or_unlinked,[Rivendell] Militia Spearman,11.0,Soldier,rivendell,Infantry,False
rivendell_militia_veteran_archer,,,,,special_or_unlinked,special_or_unlinked,[Rivendell] Militia Veteran Archer,16.0,Soldier,rivendell,Ranged,False
rivendell_militia_veteran_spearman,,,,,special_or_unlinked,special_or_unlinked,[Rivendell] Militia Veteran Spearman,16.0,Soldier,rivendell,Infantry,False
rohan_militia_archer,,,,,special_or_unlinked,special_or_unlinked,[Rohan] Militia Archer,11.0,Soldier,vlandia,Ranged,False
rohan_militia_spearman,,,,,special_or_unlinked,special_or_unlinked,[Rohan] Militia Spearman,11.0,Soldier,vlandia,Infantry,False
rohan_militia_veteran_archer,,,,,special_or_unlinked,special_or_unlinked,[Rohan] Militia Veteran Archer,16.0,Soldier,vlandia,Ranged,False
rohan_militia_veteran_spearman,,,,,special_or_unlinked,special_or_unlinked,[Rohan] Militia Veteran Spearman,16.0,Soldier,vlandia,Infantry,False
sturgian_militia_archer,,,,,special_or_unlinked,special_or_unlinked,Sturgian Militia Archer,11.0,Soldier,sturgia,Ranged,False
sturgian_militia_spearman,,,,,special_or_unlinked,special_or_unlinked,Sturgian Militia Spearman,11.0,Soldier,sturgia,Infantry,False
sturgian_militia_veteran_archer,,,,,special_or_unlinked,special_or_unlinked,Sturgian Militia Veteran Archer,16.0,Soldier,sturgia,Ranged,False
sturgian_militia_veteran_spearman,,,,,special_or_unlinked,special_or_unlinked,Sturgian Militia Veteran Spearman,16.0,Soldier,sturgia,Infantry,False
sturgian_shock_troop,,,,,special_or_unlinked,special_or_unlinked,Sturgian Heavy Spearman,26.0,Soldier,sturgia,Infantry,False
sturgian_veteran_warrior,,,,,special_or_unlinked,special_or_unlinked,Sturgian Heavy Axeman,26.0,Soldier,sturgia,Infantry,False
sword_sister,,,,,special_or_unlinked,special_or_unlinked,Sword Sister,21.0,Soldier,empire,Infantry,False
taom_spider_creature,,,,,special_or_unlinked,special_or_unlinked,Spider Rider,20.0,Soldier,dolguldur,Cavalry,False
tutorial_npc_advanced_melee_easy,,,,,special_or_unlinked,special_or_unlinked,Training Master,15.0,Soldier,battania,Infantry,False
tutorial_npc_advanced_melee_normal,,,,,special_or_unlinked,special_or_unlinked,Training Master,4.0,Soldier,battania,Infantry,False
tutorial_npc_basic_melee,,,,,special_or_unlinked,special_or_unlinked,Training Master,10.0,Soldier,battania,Infantry,False
tutorial_npc_mounted_ai,,,,,special_or_unlinked,special_or_unlinked,Training Master,4.0,Soldier,battania,Infantry,False
tutorial_placeholder_volunteer,,,,,special_or_unlinked,special_or_unlinked,Headman's Troop,21.0,Soldier,empire,Cavalry,False
veteran_caravan_guard_harad,,,,,special_or_unlinked,special_or_unlinked,Harad Veteran Caravan Guard,21.0,Soldier,aserai,Infantry,False
veteran_caravan_guard_isengard,,,,,special_or_unlinked,special_or_unlinked,Isengard Veteran Caravan Guard,21.0,Soldier,isengard,Infantry,False
veteran_caravan_guard_rhun,,,,,special_or_unlinked,special_or_unlinked,Rhun Veteran Caravan Guard,21.0,Soldier,khuzait,Infantry,False
veteran_fighter,,,,,special_or_unlinked,special_or_unlinked,Veteran Fighter,16.0,Soldier,empire,Infantry,False
vlandian_militia_archer,,,,,special_or_unlinked,special_or_unlinked,Vlandian Militia Crossbowman,11.0,Soldier,vlandia,Ranged,False
vlandian_militia_spearman,,,,,special_or_unlinked,special_or_unlinked,Vlandian Militia Spearman,11.0,Soldier,vlandia,Infantry,False
vlandian_militia_veteran_archer,,,,,special_or_unlinked,special_or_unlinked,Vlandian Militia Veteran Crossbowman,16.0,Soldier,vlandia,Ranged,False
vlandian_militia_veteran_spearman,,,,,special_or_unlinked,special_or_unlinked,Vlandian Militia Veteran Spearman,16.0,Soldier,vlandia,Infantry,False
vlandian_sharpshooter,,,,,special_or_unlinked,special_or_unlinked,Vlandian Sharpshooter,26.0,Soldier,vlandia,Ranged,False
weapon_practice_stage_1_dale,,,,,special_or_unlinked,special_or_unlinked,Practice Fighter,15.0,Soldier,sturgia,Infantry,False
weapon_practice_stage_1_dunland,,,,,special_or_unlinked,special_or_unlinked,Practice Fighter,15.0,Soldier,empire,Infantry,False
weapon_practice_stage_1_gondor,,,,,special_or_unlinked,special_or_unlinked,Practice Fighter,15.0,Soldier,gondor,Infantry,False
weapon_practice_stage_1_harad,,,,,special_or_unlinked,special_or_unlinked,Practice Fighter,15.0,Soldier,aserai,Infantry,False
weapon_practice_stage_1_isengard,,,,,special_or_unlinked,special_or_unlinked,Practice Fighter,15.0,Soldier,isengard,Infantry,False
weapon_practice_stage_1_khand,,,,,special_or_unlinked,special_or_unlinked,Practice Fighter,15.0,Soldier,battania,Infantry,False
weapon_practice_stage_1_mordor,,,,,special_or_unlinked,special_or_unlinked,Practice Fighter,15.0,Soldier,mordor,Infantry,False
weapon_practice_stage_1_rhun,,,,,special_or_unlinked,special_or_unlinked,Practice Fighter,15.0,Soldier,khuzait,Infantry,False
weapon_practice_stage_1_rohan,,,,,special_or_unlinked,special_or_unlinked,Weapon Practice Dummy Stage 1,15.0,Soldier,vlandia,Infantry,False
weapon_practice_stage_2_dale,,,,,special_or_unlinked,special_or_unlinked,Practice Fighter,25.0,Soldier,sturgia,Infantry,False
weapon_practice_stage_2_dunland,,,,,special_or_unlinked,special_or_unlinked,Practice Fighter,25.0,Soldier,empire,Infantry,False
weapon_practice_stage_2_gondor,,,,,special_or_unlinked,special_or_unlinked,Practice Fighter,25.0,Soldier,gondor,Infantry,False
weapon_practice_stage_2_harad,,,,,special_or_unlinked,special_or_unlinked,Practice Fighter,25.0,Soldier,aserai,Infantry,False
weapon_practice_stage_2_isengard,,,,,special_or_unlinked,special_or_unlinked,Practice Fighter,25.0,Soldier,isengard,Infantry,False
weapon_practice_stage_2_khand,,,,,special_or_unlinked,special_or_unlinked,Practice Fighter,25.0,Soldier,battania,Infantry,False
weapon_practice_stage_2_mordor,,,,,special_or_unlinked,special_or_unlinked,Practice Fighter,25.0,Soldier,mordor,Infantry,False
weapon_practice_stage_2_rhun,,,,,special_or_unlinked,special_or_unlinked,Practice Fighter,25.0,Soldier,khuzait,Infantry,False
weapon_practice_stage_2_rohan,,,,,special_or_unlinked,special_or_unlinked,Weapon Practice Dummy Stage 2,25.0,Soldier,vlandia,Infantry,False
weapon_practice_stage_3_dale,,,,,special_or_unlinked,special_or_unlinked,Practice Fighter,35.0,Soldier,sturgia,Infantry,False
weapon_practice_stage_3_dunland,,,,,special_or_unlinked,special_or_unlinked,Practice Fighter,35.0,Soldier,empire,Infantry,False
weapon_practice_stage_3_gondor,,,,,special_or_unlinked,special_or_unlinked,Practice Fighter,35.0,Soldier,gondor,Infantry,False
weapon_practice_stage_3_harad,,,,,special_or_unlinked,special_or_unlinked,Practice Fighter,35.0,Soldier,aserai,Infantry,False
weapon_practice_stage_3_isengard,,,,,special_or_unlinked,special_or_unlinked,Practice Fighter,35.0,Soldier,isengard,Infantry,False
weapon_practice_stage_3_khand,,,,,special_or_unlinked,special_or_unlinked,Practice Fighter,35.0,Soldier,battania,Infantry,False
weapon_practice_stage_3_mordor,,,,,special_or_unlinked,special_or_unlinked,Practice Fighter,35.0,Soldier,mordor,Infantry,False
weapon_practice_stage_3_rhun,,,,,special_or_unlinked,special_or_unlinked,Practice Fighter,35.0,Soldier,khuzait,Infantry,False
weapon_practice_stage_3_rohan,,,,,special_or_unlinked,special_or_unlinked,Weapon Practice Dummy Stage 3,35.0,Soldier,vlandia,Infantry,False
