item_id,reason,added_by,date
ar_ardunian_elite_armour,item_defs_absent_from_xml_export_20260729_025002_taom_modules_ship_almost_no_item_xml,aferrer,2026-07-30
cts_cts_rohan_royal_guard_helmet_tail,item_defs_absent_from_xml_export_20260729_025002_taom_modules_ship_almost_no_item_xml,aferrer,2026-07-30
cts_roha_cape1,item_defs_absent_from_xml_export_20260729_025002_taom_modules_ship_almost_no_item_xml,aferrer,2026-07-30
cts_rohan_armguard1,item_defs_absent_from_xml_export_20260729_025002_taom_modules_ship_almost_no_item_xml,aferrer,2026-07-30
cts_rohan_armguard2,item_defs_absent_from_xml_export_20260729_025002_taom_modules_ship_almost_no_item_xml,aferrer,2026-07-30
cts_rohan_armguard3,item_defs_absent_from_xml_export_20260729_025002_taom_modules_ship_almost_no_item_xml,aferrer,2026-07-30
cts_rohan_armguard4,item_defs_absent_from_xml_export_20260729_025002_taom_modules_ship_almost_no_item_xml,aferrer,2026-07-30
cts_rohan_armor1,item_defs_absent_from_xml_export_20260729_025002_taom_modules_ship_almost_no_item_xml,aferrer,2026-07-30
cts_rohan_armor111,item_defs_absent_from_xml_export_20260729_025002_taom_modules_ship_almost_no_item_xml,aferrer,2026-07-30
cts_rohan_armor1111,item_defs_absent_from_xml_export_20260729_025002_taom_modules_ship_almost_no_item_xml,aferrer,2026-07-30
cts_rohan_armor2,item_defs_absent_from_xml_export_20260729_025002_taom_modules_ship_almost_no_item_xml,aferrer,2026-07-30
cts_rohan_armor22,item_defs_absent_from_xml_export_20260729_025002_taom_modules_ship_almost_no_item_xml,aferrer,2026-07-30
cts_rohan_armor222,item_defs_absent_from_xml_export_20260729_025002_taom_modules_ship_almost_no_item_xml,aferrer,2026-07-30
cts_rohan_armor2222,item_defs_absent_from_xml_export_20260729_025002_taom_modules_ship_almost_no_item_xml,aferrer,2026-07-30
cts_rohan_armor3,item_defs_absent_from_xml_export_20260729_025002_taom_modules_ship_almost_no_item_xml,aferrer,2026-07-30
cts_rohan_armor3333,item_defs_absent_from_xml_export_20260729_025002_taom_modules_ship_almost_no_item_xml,aferrer,2026-07-30
cts_rohan_armor4,item_defs_absent_from_xml_export_20260729_025002_taom_modules_ship_almost_no_item_xml,aferrer,2026-07-30
cts_rohan_armor444,item_defs_absent_from_xml_export_20260729_025002_taom_modules_ship_almost_no_item_xml,aferrer,2026-07-30
cts_rohan_armor4444,item_defs_absent_from_xml_export_20260729_025002_taom_modules_ship_almost_no_item_xml,aferrer,2026-07-30
cts_rohan_armor_captain,item_defs_absent_from_xml_export_20260729_025002_taom_modules_ship_almost_no_item_xml,aferrer,2026-07-30
cts_rohan_armor_captain1,item_defs_absent_from_xml_export_20260729_025002_taom_modules_ship_almost_no_item_xml,aferrer,2026-07-30
cts_rohan_boots1,item_defs_absent_from_xml_export_20260729_025002_taom_modules_ship_almost_no_item_xml,aferrer,2026-07-30
cts_rohan_boots3,item_defs_absent_from_xml_export_20260729_025002_taom_modules_ship_almost_no_item_xml,aferrer,2026-07-30
cts_rohan_boots4,item_defs_absent_from_xml_export_20260729_025002_taom_modules_ship_almost_no_item_xml,aferrer,2026-07-30
cts_rohan_cape2,item_defs_absent_from_xml_export_20260729_025002_taom_modules_ship_almost_no_item_xml,aferrer,2026-07-30
cts_rohan_cape3,item_defs_absent_from_xml_export_20260729_025002_taom_modules_ship_almost_no_item_xml,aferrer,2026-07-30
cts_rohan_cape4,item_defs_absent_from_xml_export_20260729_025002_taom_modules_ship_almost_no_item_xml,aferrer,2026-07-30
cts_rohan_captain_boots,item_defs_absent_from_xml_export_20260729_025002_taom_modules_ship_almost_no_item_xml,aferrer,2026-07-30
cts_rohan_captain_boots1,item_defs_absent_from_xml_export_20260729_025002_taom_modules_ship_almost_no_item_xml,aferrer,2026-07-30
cts_rohan_captain_bracer,item_defs_absent_from_xml_export_20260729_025002_taom_modules_ship_almost_no_item_xml,aferrer,2026-07-30
cts_rohan_captain_bracers1,item_defs_absent_from_xml_export_20260729_025002_taom_modules_ship_almost_no_item_xml,aferrer,2026-07-30
cts_rohan_helmet1,item_defs_absent_from_xml_export_20260729_025002_taom_modules_ship_almost_no_item_xml,aferrer,2026-07-30
cts_rohan_helmet1a,item_defs_absent_from_xml_export_20260729_025002_taom_modules_ship_almost_no_item_xml,aferrer,2026-07-30
cts_rohan_helmet1b,item_defs_absent_from_xml_export_20260729_025002_taom_modules_ship_almost_no_item_xml,aferrer,2026-07-30
cts_rohan_helmet1c,item_defs_absent_from_xml_export_20260729_025002_taom_modules_ship_almost_no_item_xml,aferrer,2026-07-30
cts_rohan_helmet2,item_defs_absent_from_xml_export_20260729_025002_taom_modules_ship_almost_no_item_xml,aferrer,2026-07-30
cts_rohan_helmet2a,item_defs_absent_from_xml_export_20260729_025002_taom_modules_ship_almost_no_item_xml,aferrer,2026-07-30
cts_rohan_helmet3,item_defs_absent_from_xml_export_20260729_025002_taom_modules_ship_almost_no_item_xml,aferrer,2026-07-30
cts_rohan_helmet3a,item_defs_absent_from_xml_export_20260729_025002_taom_modules_ship_almost_no_item_xml,aferrer,2026-07-30
cts_rohan_helmet4,item_defs_absent_from_xml_export_20260729_025002_taom_modules_ship_almost_no_item_xml,aferrer,2026-07-30
cts_rohan_helmet4a,item_defs_absent_from_xml_export_20260729_025002_taom_modules_ship_almost_no_item_xml,aferrer,2026-07-30
cts_rohan_helmet4b,item_defs_absent_from_xml_export_20260729_025002_taom_modules_ship_almost_no_item_xml,aferrer,2026-07-30
cts_rohan_helmet4c,item_defs_absent_from_xml_export_20260729_025002_taom_modules_ship_almost_no_item_xml,aferrer,2026-07-30
cts_rohan_helmet4d,item_defs_absent_from_xml_export_20260729_025002_taom_modules_ship_almost_no_item_xml,aferrer,2026-07-30
cts_rohan_helmet_captain,item_defs_absent_from_xml_export_20260729_025002_taom_modules_ship_almost_no_item_xml,aferrer,2026-07-30
cts_rohan_helmet_captain1,item_defs_absent_from_xml_export_20260729_025002_taom_modules_ship_almost_no_item_xml,aferrer,2026-07-30
cts_rohan_royal_guard_armor,item_defs_absent_from_xml_export_20260729_025002_taom_modules_ship_almost_no_item_xml,aferrer,2026-07-30
cts_rohan_royal_guard_boots,item_defs_absent_from_xml_export_20260729_025002_taom_modules_ship_almost_no_item_xml,aferrer,2026-07-30
cts_rohan_royal_guard_gloves,item_defs_absent_from_xml_export_20260729_025002_taom_modules_ship_almost_no_item_xml,aferrer,2026-07-30
cts_rohan_royal_guard_shoulder_armor,item_defs_absent_from_xml_export_20260729_025002_taom_modules_ship_almost_no_item_xml,aferrer,2026-07-30
dale_great_axe_a,item_defs_absent_from_xml_export_20260729_025002_taom_modules_ship_almost_no_item_xml,aferrer,2026-07-30
dale_halberd_a,item_defs_absent_from_xml_export_20260729_025002_taom_modules_ship_almost_no_item_xml,aferrer,2026-07-30
dale_halberd_b,item_defs_absent_from_xml_export_20260729_025002_taom_modules_ship_almost_no_item_xml,aferrer,2026-07-30
dale_longbow_a,item_defs_absent_from_xml_export_20260729_025002_taom_modules_ship_almost_no_item_xml,aferrer,2026-07-30
dale_poleaxe_a,item_defs_absent_from_xml_export_20260729_025002_taom_modules_ship_almost_no_item_xml,aferrer,2026-07-30
dale_recurve_bow_a,item_defs_absent_from_xml_export_20260729_025002_taom_modules_ship_almost_no_item_xml,aferrer,2026-07-30
dale_spear_a,item_defs_absent_from_xml_export_20260729_025002_taom_modules_ship_almost_no_item_xml,aferrer,2026-07-30
dale_spear_b,item_defs_absent_from_xml_export_20260729_025002_taom_modules_ship_almost_no_item_xml,aferrer,2026-07-30
dale_sword_a,item_defs_absent_from_xml_export_20260729_025002_taom_modules_ship_almost_no_item_xml,aferrer,2026-07-30
dale_sword_b,item_defs_absent_from_xml_export_20260729_025002_taom_modules_ship_almost_no_item_xml,aferrer,2026-07-30
dale_sword_c,item_defs_absent_from_xml_export_20260729_025002_taom_modules_ship_almost_no_item_xml,aferrer,2026-07-30
dale_war_axe_a,item_defs_absent_from_xml_export_20260729_025002_taom_modules_ship_almost_no_item_xml,aferrer,2026-07-30
dale_war_axe_b,item_defs_absent_from_xml_export_20260729_025002_taom_modules_ship_almost_no_item_xml,aferrer,2026-07-30
dale_war_axe_c,item_defs_absent_from_xml_export_20260729_025002_taom_modules_ship_almost_no_item_xml,aferrer,2026-07-30
dale_war_spear_a,item_defs_absent_from_xml_export_20260729_025002_taom_modules_ship_almost_no_item_xml,aferrer,2026-07-30
dale_winged_spear_a,item_defs_absent_from_xml_export_20260729_025002_taom_modules_ship_almost_no_item_xml,aferrer,2026-07-30
dale_winged_spear_b,item_defs_absent_from_xml_export_20260729_025002_taom_modules_ship_almost_no_item_xml,aferrer,2026-07-30
dunland_caerdh_axe_1h_a,item_defs_absent_from_xml_export_20260729_025002_taom_modules_ship_almost_no_item_xml,aferrer,2026-07-30
dunland_caerdh_axe_1h_b,item_defs_absent_from_xml_export_20260729_025002_taom_modules_ship_almost_no_item_xml,aferrer,2026-07-30
dunland_caerdh_axe_1h_c,item_defs_absent_from_xml_export_20260729_025002_taom_modules_ship_almost_no_item_xml,aferrer,2026-07-30
dunland_caerdh_axe_2h_a,item_defs_absent_from_xml_export_20260729_025002_taom_modules_ship_almost_no_item_xml,aferrer,2026-07-30
dunland_caerdh_axe_2h_b,item_defs_absent_from_xml_export_20260729_025002_taom_modules_ship_almost_no_item_xml,aferrer,2026-07-30
dunland_caerdh_axe_2h_c,item_defs_absent_from_xml_export_20260729_025002_taom_modules_ship_almost_no_item_xml,aferrer,2026-07-30
dunland_caerdh_axe_2h_d,item_defs_absent_from_xml_export_20260729_025002_taom_modules_ship_almost_no_item_xml,aferrer,2026-07-30
dunland_caerdh_boots_heavy_a,item_defs_absent_from_xml_export_20260729_025002_taom_modules_ship_almost_no_item_xml,aferrer,2026-07-30
dunland_caerdh_boots_heavy_b,item_defs_absent_from_xml_export_20260729_025002_taom_modules_ship_almost_no_item_xml,aferrer,2026-07-30
dunland_caerdh_boots_heavy_d,item_defs_absent_from_xml_export_20260729_025002_taom_modules_ship_almost_no_item_xml,aferrer,2026-07-30
dunland_caerdh_boots_light_a,item_defs_absent_from_xml_export_20260729_025002_taom_modules_ship_almost_no_item_xml,aferrer,2026-07-30
dunland_caerdh_boots_light_b,item_defs_absent_from_xml_export_20260729_025002_taom_modules_ship_almost_no_item_xml,aferrer,2026-07-30
dunland_caerdh_boots_medium_a,item_defs_absent_from_xml_export_20260729_025002_taom_modules_ship_almost_no_item_xml,aferrer,2026-07-30
dunland_caerdh_boots_medium_b,item_defs_absent_from_xml_export_20260729_025002_taom_modules_ship_almost_no_item_xml,aferrer,2026-07-30
dunland_caerdh_bracer_heavy_a,item_defs_absent_from_xml_export_20260729_025002_taom_modules_ship_almost_no_item_xml,aferrer,2026-07-30
dunland_caerdh_bracer_heavy_b,item_defs_absent_from_xml_export_20260729_025002_taom_modules_ship_almost_no_item_xml,aferrer,2026-07-30
dunland_caerdh_bracer_heavy_c,item_defs_absent_from_xml_export_20260729_025002_taom_modules_ship_almost_no_item_xml,aferrer,2026-07-30
dunland_caerdh_bracer_light_a,item_defs_absent_from_xml_export_20260729_025002_taom_modules_ship_almost_no_item_xml,aferrer,2026-07-30
dunland_caerdh_bracer_light_b,item_defs_absent_from_xml_export_20260729_025002_taom_modules_ship_almost_no_item_xml,aferrer,2026-07-30
dunland_caerdh_bracer_medium_a,item_defs_absent_from_xml_export_20260729_025002_taom_modules_ship_almost_no_item_xml,aferrer,2026-07-30
dunland_caerdh_bracer_medium_b,item_defs_absent_from_xml_export_20260729_025002_taom_modules_ship_almost_no_item_xml,aferrer,2026-07-30
dunland_caerdh_bracer_medium_c,item_defs_absent_from_xml_export_20260729_025002_taom_modules_ship_almost_no_item_xml,aferrer,2026-07-30
dunland_caerdh_bracer_medium_d,item_defs_absent_from_xml_export_20260729_025002_taom_modules_ship_almost_no_item_xml,aferrer,2026-07-30
dunland_caerdh_cape_long_a,item_defs_absent_from_xml_export_20260729_025002_taom_modules_ship_almost_no_item_xml,aferrer,2026-07-30
dunland_caerdh_chainmail_elite_a,item_defs_absent_from_xml_export_20260729_025002_taom_modules_ship_almost_no_item_xml,aferrer,2026-07-30
dunland_caerdh_chainmail_elite_b,item_defs_absent_from_xml_export_20260729_025002_taom_modules_ship_almost_no_item_xml,aferrer,2026-07-30
dunland_caerdh_chainmail_elite_e,item_defs_absent_from_xml_export_20260729_025002_taom_modules_ship_almost_no_item_xml,aferrer,2026-07-30
dunland_caerdh_chainmail_heavy_a,item_defs_absent_from_xml_export_20260729_025002_taom_modules_ship_almost_no_item_xml,aferrer,2026-07-30
dunland_caerdh_chainmail_heavy_b,item_defs_absent_from_xml_export_20260729_025002_taom_modules_ship_almost_no_item_xml,aferrer,2026-07-30
dunland_caerdh_chainmail_heavy_d,item_defs_absent_from_xml_export_20260729_025002_taom_modules_ship_almost_no_item_xml,aferrer,2026-07-30
dunland_caerdh_chainmail_heavy_f,item_defs_absent_from_xml_export_20260729_025002_taom_modules_ship_almost_no_item_xml,aferrer,2026-07-30
dunland_caerdh_chainmail_light_a,item_defs_absent_from_xml_export_20260729_025002_taom_modules_ship_almost_no_item_xml,aferrer,2026-07-30
dunland_caerdh_chainmail_light_b,item_defs_absent_from_xml_export_20260729_025002_taom_modules_ship_almost_no_item_xml,aferrer,2026-07-30
dunland_caerdh_chainmail_lord_a,item_defs_absent_from_xml_export_20260729_025002_taom_modules_ship_almost_no_item_xml,aferrer,2026-07-30
dunland_caerdh_chainmail_lord_b,item_defs_absent_from_xml_export_20260729_025002_taom_modules_ship_almost_no_item_xml,aferrer,2026-07-30
dunland_caerdh_helmet_elite_a,item_defs_absent_from_xml_export_20260729_025002_taom_modules_ship_almost_no_item_xml,aferrer,2026-07-30
dunland_caerdh_helmet_elite_b,item_defs_absent_from_xml_export_20260729_025002_taom_modules_ship_almost_no_item_xml,aferrer,2026-07-30
dunland_caerdh_helmet_elite_c,item_defs_absent_from_xml_export_20260729_025002_taom_modules_ship_almost_no_item_xml,aferrer,2026-07-30
dunland_caerdh_helmet_elite_d,item_defs_absent_from_xml_export_20260729_025002_taom_modules_ship_almost_no_item_xml,aferrer,2026-07-30
dunland_caerdh_helmet_elite_e,item_defs_absent_from_xml_export_20260729_025002_taom_modules_ship_almost_no_item_xml,aferrer,2026-07-30
dunland_caerdh_helmet_elite_f,item_defs_absent_from_xml_export_20260729_025002_taom_modules_ship_almost_no_item_xml,aferrer,2026-07-30
dunland_caerdh_helmet_heavy_c,item_defs_absent_from_xml_export_20260729_025002_taom_modules_ship_almost_no_item_xml,aferrer,2026-07-30
dunland_caerdh_helmet_heavy_d,item_defs_absent_from_xml_export_20260729_025002_taom_modules_ship_almost_no_item_xml,aferrer,2026-07-30
dunland_caerdh_helmet_heavy_e,item_defs_absent_from_xml_export_20260729_025002_taom_modules_ship_almost_no_item_xml,aferrer,2026-07-30
dunland_caerdh_helmet_heavy_f,item_defs_absent_from_xml_export_20260729_025002_taom_modules_ship_almost_no_item_xml,aferrer,2026-07-30
dunland_caerdh_helmet_lord_a,item_defs_absent_from_xml_export_20260729_025002_taom_modules_ship_almost_no_item_xml,aferrer,2026-07-30
dunland_caerdh_helmet_lord_e,item_defs_absent_from_xml_export_20260729_025002_taom_modules_ship_almost_no_item_xml,aferrer,2026-07-30
dunland_caerdh_helmet_lord_h,item_defs_absent_from_xml_export_20260729_025002_taom_modules_ship_almost_no_item_xml,aferrer,2026-07-30
dunland_caerdh_pauldron_elite_a,item_defs_absent_from_xml_export_20260729_025002_taom_modules_ship_almost_no_item_xml,aferrer,2026-07-30
dunland_caerdh_pauldron_elite_cape_a,item_defs_absent_from_xml_export_20260729_025002_taom_modules_ship_almost_no_item_xml,aferrer,2026-07-30
dunland_caerdh_pauldron_heavy_cape_a,item_defs_absent_from_xml_export_20260729_025002_taom_modules_ship_almost_no_item_xml,aferrer,2026-07-30
dunland_caerdh_pauldron_heavy_cape_b,item_defs_absent_from_xml_export_20260729_025002_taom_modules_ship_almost_no_item_xml,aferrer,2026-07-30
dunland_caerdh_pauldron_heavy_fur_a,item_defs_absent_from_xml_export_20260729_025002_taom_modules_ship_almost_no_item_xml,aferrer,2026-07-30
dunland_caerdh_pauldron_heavy_fur_b,item_defs_absent_from_xml_export_20260729_025002_taom_modules_ship_almost_no_item_xml,aferrer,2026-07-30
dunland_caerdh_pauldron_heavy_fur_c,item_defs_absent_from_xml_export_20260729_025002_taom_modules_ship_almost_no_item_xml,aferrer,2026-07-30
dunland_caerdh_pauldron_heavy_fur_d,item_defs_absent_from_xml_export_20260729_025002_taom_modules_ship_almost_no_item_xml,aferrer,2026-07-30
dunland_caerdh_pauldron_light_b,item_defs_absent_from_xml_export_20260729_025002_taom_modules_ship_almost_no_item_xml,aferrer,2026-07-30
dunland_caerdh_pauldron_light_cape_a,item_defs_absent_from_xml_export_20260729_025002_taom_modules_ship_almost_no_item_xml,aferrer,2026-07-30
dunland_caerdh_shield_elite_a,item_defs_absent_from_xml_export_20260729_025002_taom_modules_ship_almost_no_item_xml,aferrer,2026-07-30
dunland_caerdh_shield_elite_b,item_defs_absent_from_xml_export_20260729_025002_taom_modules_ship_almost_no_item_xml,aferrer,2026-07-30
dunland_caerdh_shield_heavy_a,item_defs_absent_from_xml_export_20260729_025002_taom_modules_ship_almost_no_item_xml,aferrer,2026-07-30
dunland_caerdh_shield_light_a,item_defs_absent_from_xml_export_20260729_025002_taom_modules_ship_almost_no_item_xml,aferrer,2026-07-30
dunland_caerdh_shield_lord_c,item_defs_absent_from_xml_export_20260729_025002_taom_modules_ship_almost_no_item_xml,aferrer,2026-07-30
dunland_caerdh_spear_a,item_defs_absent_from_xml_export_20260729_025002_taom_modules_ship_almost_no_item_xml,aferrer,2026-07-30
dunland_caerdh_spear_b,item_defs_absent_from_xml_export_20260729_025002_taom_modules_ship_almost_no_item_xml,aferrer,2026-07-30
dunland_caerdh_spear_c,item_defs_absent_from_xml_export_20260729_025002_taom_modules_ship_almost_no_item_xml,aferrer,2026-07-30
dunland_wulf_boots_heavy_b,item_defs_absent_from_xml_export_20260729_025002_taom_modules_ship_almost_no_item_xml,aferrer,2026-07-30
dunland_wulf_boots_heavy_c,item_defs_absent_from_xml_export_20260729_025002_taom_modules_ship_almost_no_item_xml,aferrer,2026-07-30
dunland_wulf_boots_heavy_d,item_defs_absent_from_xml_export_20260729_025002_taom_modules_ship_almost_no_item_xml,aferrer,2026-07-30
dunland_wulf_boots_heavy_e,item_defs_absent_from_xml_export_20260729_025002_taom_modules_ship_almost_no_item_xml,aferrer,2026-07-30
dunland_wulf_boots_heavy_f,item_defs_absent_from_xml_export_20260729_025002_taom_modules_ship_almost_no_item_xml,aferrer,2026-07-30
dunland_wulf_boots_light_b,item_defs_absent_from_xml_export_20260729_025002_taom_modules_ship_almost_no_item_xml,aferrer,2026-07-30
dunland_wulf_boots_light_c,item_defs_absent_from_xml_export_20260729_025002_taom_modules_ship_almost_no_item_xml,aferrer,2026-07-30
dunland_wulf_boots_medium_b,item_defs_absent_from_xml_export_20260729_025002_taom_modules_ship_almost_no_item_xml,aferrer,2026-07-30
dunland_wulf_boots_medium_d,item_defs_absent_from_xml_export_20260729_025002_taom_modules_ship_almost_no_item_xml,aferrer,2026-07-30
dunland_wulf_boots_medium_f,item_defs_absent_from_xml_export_20260729_025002_taom_modules_ship_almost_no_item_xml,aferrer,2026-07-30
dunland_wulf_bracer_heavy_a,item_defs_absent_from_xml_export_20260729_025002_taom_modules_ship_almost_no_item_xml,aferrer,2026-07-30
dunland_wulf_bracer_heavy_b,item_defs_absent_from_xml_export_20260729_025002_taom_modules_ship_almost_no_item_xml,aferrer,2026-07-30
dunland_wulf_bracer_heavy_c,item_defs_absent_from_xml_export_20260729_025002_taom_modules_ship_almost_no_item_xml,aferrer,2026-07-30
dunland_wulf_bracer_heavy_e,item_defs_absent_from_xml_export_20260729_025002_taom_modules_ship_almost_no_item_xml,aferrer,2026-07-30
dunland_wulf_bracer_heavy_f,item_defs_absent_from_xml_export_20260729_025002_taom_modules_ship_almost_no_item_xml,aferrer,2026-07-30
dunland_wulf_bracer_light_a,item_defs_absent_from_xml_export_20260729_025002_taom_modules_ship_almost_no_item_xml,aferrer,2026-07-30
dunland_wulf_bracer_light_b,item_defs_absent_from_xml_export_20260729_025002_taom_modules_ship_almost_no_item_xml,aferrer,2026-07-30
dunland_wulf_bracer_medium_a,item_defs_absent_from_xml_export_20260729_025002_taom_modules_ship_almost_no_item_xml,aferrer,2026-07-30
dunland_wulf_bracer_medium_b,item_defs_absent_from_xml_export_20260729_025002_taom_modules_ship_almost_no_item_xml,aferrer,2026-07-30
dunland_wulf_bracer_medium_c,item_defs_absent_from_xml_export_20260729_025002_taom_modules_ship_almost_no_item_xml,aferrer,2026-07-30
dunland_wulf_bracer_medium_f,item_defs_absent_from_xml_export_20260729_025002_taom_modules_ship_almost_no_item_xml,aferrer,2026-07-30
dunland_wulf_cape_long_a,item_defs_absent_from_xml_export_20260729_025002_taom_modules_ship_almost_no_item_xml,aferrer,2026-07-30
dunland_wulf_cape_long_b,item_defs_absent_from_xml_export_20260729_025002_taom_modules_ship_almost_no_item_xml,aferrer,2026-07-30
dunland_wulf_cape_short_a,item_defs_absent_from_xml_export_20260729_025002_taom_modules_ship_almost_no_item_xml,aferrer,2026-07-30
dunland_wulf_cape_short_b,item_defs_absent_from_xml_export_20260729_025002_taom_modules_ship_almost_no_item_xml,aferrer,2026-07-30
dunland_wulf_helmet_elite_b,item_defs_absent_from_xml_export_20260729_025002_taom_modules_ship_almost_no_item_xml,aferrer,2026-07-30
dunland_wulf_helmet_elite_e,item_defs_absent_from_xml_export_20260729_025002_taom_modules_ship_almost_no_item_xml,aferrer,2026-07-30
dunland_wulf_helmet_elite_f,item_defs_absent_from_xml_export_20260729_025002_taom_modules_ship_almost_no_item_xml,aferrer,2026-07-30
dunland_wulf_helmet_heavy_b,item_defs_absent_from_xml_export_20260729_025002_taom_modules_ship_almost_no_item_xml,aferrer,2026-07-30
dunland_wulf_helmet_heavy_e,item_defs_absent_from_xml_export_20260729_025002_taom_modules_ship_almost_no_item_xml,aferrer,2026-07-30
dunland_wulf_helmet_heavy_f,item_defs_absent_from_xml_export_20260729_025002_taom_modules_ship_almost_no_item_xml,aferrer,2026-07-30
dunland_wulf_helmet_lord_d,item_defs_absent_from_xml_export_20260729_025002_taom_modules_ship_almost_no_item_xml,aferrer,2026-07-30
dunland_wulf_helmet_lord_e,item_defs_absent_from_xml_export_20260729_025002_taom_modules_ship_almost_no_item_xml,aferrer,2026-07-30
dunland_wulf_helmet_medium_a,item_defs_absent_from_xml_export_20260729_025002_taom_modules_ship_almost_no_item_xml,aferrer,2026-07-30
dunland_wulf_helmet_medium_b,item_defs_absent_from_xml_export_20260729_025002_taom_modules_ship_almost_no_item_xml,aferrer,2026-07-30
dunland_wulf_pauldron_cape_a,item_defs_absent_from_xml_export_20260729_025002_taom_modules_ship_almost_no_item_xml,aferrer,2026-07-30
dunland_wulf_pauldron_cape_c,item_defs_absent_from_xml_export_20260729_025002_taom_modules_ship_almost_no_item_xml,aferrer,2026-07-30
dunland_wulf_pauldron_cape_d,item_defs_absent_from_xml_export_20260729_025002_taom_modules_ship_almost_no_item_xml,aferrer,2026-07-30
dunland_wulf_pauldron_cape_short_c,item_defs_absent_from_xml_export_20260729_025002_taom_modules_ship_almost_no_item_xml,aferrer,2026-07-30
dunland_wulf_pauldron_cape_short_d,item_defs_absent_from_xml_export_20260729_025002_taom_modules_ship_almost_no_item_xml,aferrer,2026-07-30
dunland_wulf_scalemail_elite_a,item_defs_absent_from_xml_export_20260729_025002_taom_modules_ship_almost_no_item_xml,aferrer,2026-07-30
dunland_wulf_scalemail_elite_b,item_defs_absent_from_xml_export_20260729_025002_taom_modules_ship_almost_no_item_xml,aferrer,2026-07-30
dunland_wulf_scalemail_elite_c,item_defs_absent_from_xml_export_20260729_025002_taom_modules_ship_almost_no_item_xml,aferrer,2026-07-30
dunland_wulf_scalemail_elite_f,item_defs_absent_from_xml_export_20260729_025002_taom_modules_ship_almost_no_item_xml,aferrer,2026-07-30
dunland_wulf_scalemail_heavy_b,item_defs_absent_from_xml_export_20260729_025002_taom_modules_ship_almost_no_item_xml,aferrer,2026-07-30
dunland_wulf_scalemail_heavy_c,item_defs_absent_from_xml_export_20260729_025002_taom_modules_ship_almost_no_item_xml,aferrer,2026-07-30
dunland_wulf_scalemail_heavy_e,item_defs_absent_from_xml_export_20260729_025002_taom_modules_ship_almost_no_item_xml,aferrer,2026-07-30
dunland_wulf_scalemail_heavy_f,item_defs_absent_from_xml_export_20260729_025002_taom_modules_ship_almost_no_item_xml,aferrer,2026-07-30
dunland_wulf_scalemail_light_a,item_defs_absent_from_xml_export_20260729_025002_taom_modules_ship_almost_no_item_xml,aferrer,2026-07-30
dunland_wulf_scalemail_light_b,item_defs_absent_from_xml_export_20260729_025002_taom_modules_ship_almost_no_item_xml,aferrer,2026-07-30
dunland_wulf_scalemail_lord_a,item_defs_absent_from_xml_export_20260729_025002_taom_modules_ship_almost_no_item_xml,aferrer,2026-07-30
dunland_wulf_scalemail_lord_b,item_defs_absent_from_xml_export_20260729_025002_taom_modules_ship_almost_no_item_xml,aferrer,2026-07-30
dunland_wulf_scalemail_lord_c,item_defs_absent_from_xml_export_20260729_025002_taom_modules_ship_almost_no_item_xml,aferrer,2026-07-30
dunland_wulf_scalemail_lord_d,item_defs_absent_from_xml_export_20260729_025002_taom_modules_ship_almost_no_item_xml,aferrer,2026-07-30
dunland_wulf_shield_heavy_a,item_defs_absent_from_xml_export_20260729_025002_taom_modules_ship_almost_no_item_xml,aferrer,2026-07-30
dunland_wulf_shield_heavy_b,item_defs_absent_from_xml_export_20260729_025002_taom_modules_ship_almost_no_item_xml,aferrer,2026-07-30
dunland_wulf_shield_heavy_c,item_defs_absent_from_xml_export_20260729_025002_taom_modules_ship_almost_no_item_xml,aferrer,2026-07-30
dunland_wulf_shield_heavy_d,item_defs_absent_from_xml_export_20260729_025002_taom_modules_ship_almost_no_item_xml,aferrer,2026-07-30
dunland_wulf_shield_heavy_e,item_defs_absent_from_xml_export_20260729_025002_taom_modules_ship_almost_no_item_xml,aferrer,2026-07-30
dunland_wulf_shield_heavy_f,item_defs_absent_from_xml_export_20260729_025002_taom_modules_ship_almost_no_item_xml,aferrer,2026-07-30
dunland_wulf_shield_light_a,item_defs_absent_from_xml_export_20260729_025002_taom_modules_ship_almost_no_item_xml,aferrer,2026-07-30
dunland_wulf_shield_light_b,item_defs_absent_from_xml_export_20260729_025002_taom_modules_ship_almost_no_item_xml,aferrer,2026-07-30
dunland_wulf_shield_light_c,item_defs_absent_from_xml_export_20260729_025002_taom_modules_ship_almost_no_item_xml,aferrer,2026-07-30
dunland_wulf_shield_light_d,item_defs_absent_from_xml_export_20260729_025002_taom_modules_ship_almost_no_item_xml,aferrer,2026-07-30
dunland_wulf_shield_light_e,item_defs_absent_from_xml_export_20260729_025002_taom_modules_ship_almost_no_item_xml,aferrer,2026-07-30
dunland_wulf_shield_light_f,item_defs_absent_from_xml_export_20260729_025002_taom_modules_ship_almost_no_item_xml,aferrer,2026-07-30
dunland_wulf_shield_medium_a,item_defs_absent_from_xml_export_20260729_025002_taom_modules_ship_almost_no_item_xml,aferrer,2026-07-30
dunland_wulf_shield_medium_b,item_defs_absent_from_xml_export_20260729_025002_taom_modules_ship_almost_no_item_xml,aferrer,2026-07-30
dunland_wulf_shield_medium_c,item_defs_absent_from_xml_export_20260729_025002_taom_modules_ship_almost_no_item_xml,aferrer,2026-07-30
dunland_wulf_shield_medium_d,item_defs_absent_from_xml_export_20260729_025002_taom_modules_ship_almost_no_item_xml,aferrer,2026-07-30
dunland_wulf_shield_medium_f,item_defs_absent_from_xml_export_20260729_025002_taom_modules_ship_almost_no_item_xml,aferrer,2026-07-30
easterling_boots,item_defs_absent_from_xml_export_20260729_025002_taom_modules_ship_almost_no_item_xml,aferrer,2026-07-30
easterling_glove,item_defs_absent_from_xml_export_20260729_025002_taom_modules_ship_almost_no_item_xml,aferrer,2026-07-30
easterling_head,item_defs_absent_from_xml_export_20260729_025002_taom_modules_ship_almost_no_item_xml,aferrer,2026-07-30
easterling_shield,item_defs_absent_from_xml_export_20260729_025002_taom_modules_ship_almost_no_item_xml,aferrer,2026-07-30
easterling_spear,item_defs_absent_from_xml_export_20260729_025002_taom_modules_ship_almost_no_item_xml,aferrer,2026-07-30
easterling_torso,item_defs_absent_from_xml_export_20260729_025002_taom_modules_ship_almost_no_item_xml,aferrer,2026-07-30
easterlingwarriors01_boots,item_defs_absent_from_xml_export_20260729_025002_taom_modules_ship_almost_no_item_xml,aferrer,2026-07-30
easterlingwarriors01_gloves,item_defs_absent_from_xml_export_20260729_025002_taom_modules_ship_almost_no_item_xml,aferrer,2026-07-30
easterlingwarriors01_torso,item_defs_absent_from_xml_export_20260729_025002_taom_modules_ship_almost_no_item_xml,aferrer,2026-07-30
easterlingwarriors04_cape,item_defs_absent_from_xml_export_20260729_025002_taom_modules_ship_almost_no_item_xml,aferrer,2026-07-30
easterlingwarriors04_helmet,item_defs_absent_from_xml_export_20260729_025002_taom_modules_ship_almost_no_item_xml,aferrer,2026-07-30
easterlingwarriors04_torso,item_defs_absent_from_xml_export_20260729_025002_taom_modules_ship_almost_no_item_xml,aferrer,2026-07-30
erkenbrand_boots,item_defs_absent_from_xml_export_20260729_025002_taom_modules_ship_almost_no_item_xml,aferrer,2026-07-30
erkenbrand_glove,item_defs_absent_from_xml_export_20260729_025002_taom_modules_ship_almost_no_item_xml,aferrer,2026-07-30
erkenbrand_helmet,item_defs_absent_from_xml_export_20260729_025002_taom_modules_ship_almost_no_item_xml,aferrer,2026-07-30
erkenbrand_torso,item_defs_absent_from_xml_export_20260729_025002_taom_modules_ship_almost_no_item_xml,aferrer,2026-07-30
gf_body_1,item_defs_absent_from_xml_export_20260729_025002_taom_modules_ship_almost_no_item_xml,aferrer,2026-07-30
gf_body_2,item_defs_absent_from_xml_export_20260729_025002_taom_modules_ship_almost_no_item_xml,aferrer,2026-07-30
gf_body_3,item_defs_absent_from_xml_export_20260729_025002_taom_modules_ship_almost_no_item_xml,aferrer,2026-07-30
gf_body_4,item_defs_absent_from_xml_export_20260729_025002_taom_modules_ship_almost_no_item_xml,aferrer,2026-07-30
gf_boots,item_defs_absent_from_xml_export_20260729_025002_taom_modules_ship_almost_no_item_xml,aferrer,2026-07-30
gf_gauntlets,item_defs_absent_from_xml_export_20260729_025002_taom_modules_ship_almost_no_item_xml,aferrer,2026-07-30
gf_helmet_1,item_defs_absent_from_xml_export_20260729_025002_taom_modules_ship_almost_no_item_xml,aferrer,2026-07-30
gf_helmet_2,item_defs_absent_from_xml_export_20260729_025002_taom_modules_ship_almost_no_item_xml,aferrer,2026-07-30
gf_helmet_3,item_defs_absent_from_xml_export_20260729_025002_taom_modules_ship_almost_no_item_xml,aferrer,2026-07-30
gf_helmet_4,item_defs_absent_from_xml_export_20260729_025002_taom_modules_ship_almost_no_item_xml,aferrer,2026-07-30
gf_helmet_5,item_defs_absent_from_xml_export_20260729_025002_taom_modules_ship_almost_no_item_xml,aferrer,2026-07-30
gf_helmet_6,item_defs_absent_from_xml_export_20260729_025002_taom_modules_ship_almost_no_item_xml,aferrer,2026-07-30
gf_helmet_7,item_defs_absent_from_xml_export_20260729_025002_taom_modules_ship_almost_no_item_xml,aferrer,2026-07-30
gf_helmet_8,item_defs_absent_from_xml_export_20260729_025002_taom_modules_ship_almost_no_item_xml,aferrer,2026-07-30
gf_pauldrons_1,item_defs_absent_from_xml_export_20260729_025002_taom_modules_ship_almost_no_item_xml,aferrer,2026-07-30
gf_pauldrons_2,item_defs_absent_from_xml_export_20260729_025002_taom_modules_ship_almost_no_item_xml,aferrer,2026-07-30
gf_pauldrons_3,item_defs_absent_from_xml_export_20260729_025002_taom_modules_ship_almost_no_item_xml,aferrer,2026-07-30
gf_pauldrons_4,item_defs_absent_from_xml_export_20260729_025002_taom_modules_ship_almost_no_item_xml,aferrer,2026-07-30
gond_shield_four_black,item_defs_absent_from_xml_export_20260729_025002_taom_modules_ship_almost_no_item_xml,aferrer,2026-07-30
gond_shield_one_greyscale,item_defs_absent_from_xml_export_20260729_025002_taom_modules_ship_almost_no_item_xml,aferrer,2026-07-30
gond_shield_one_red,item_defs_absent_from_xml_export_20260729_025002_taom_modules_ship_almost_no_item_xml,aferrer,2026-07-30
gond_shield_three_black,item_defs_absent_from_xml_export_20260729_025002_taom_modules_ship_almost_no_item_xml,aferrer,2026-07-30
gond_shield_three_green,item_defs_absent_from_xml_export_20260729_025002_taom_modules_ship_almost_no_item_xml,aferrer,2026-07-30
gond_shield_two_swan,item_defs_absent_from_xml_export_20260729_025002_taom_modules_ship_almost_no_item_xml,aferrer,2026-07-30
gondor_horse_armor_1,item_defs_absent_from_xml_export_20260729_025002_taom_modules_ship_almost_no_item_xml,aferrer,2026-07-30
gondor_horse_armor_1_da,item_defs_absent_from_xml_export_20260729_025002_taom_modules_ship_almost_no_item_xml,aferrer,2026-07-30
gondor_horse_armor_1_pg,item_defs_absent_from_xml_export_20260729_025002_taom_modules_ship_almost_no_item_xml,aferrer,2026-07-30
gondor_horse_armor_2,item_defs_absent_from_xml_export_20260729_025002_taom_modules_ship_almost_no_item_xml,aferrer,2026-07-30
gondor_horse_armor_3,item_defs_absent_from_xml_export_20260729_025002_taom_modules_ship_almost_no_item_xml,aferrer,2026-07-30
gondor_horse_armor_4,item_defs_absent_from_xml_export_20260729_025002_taom_modules_ship_almost_no_item_xml,aferrer,2026-07-30
gondor_steel_bow,item_defs_absent_from_xml_export_20260729_025002_taom_modules_ship_almost_no_item_xml,aferrer,2026-07-30
gondor_swan_horse_armor_1,item_defs_absent_from_xml_export_20260729_025002_taom_modules_ship_almost_no_item_xml,aferrer,2026-07-30
gondor_swan_horse_armor_2,item_defs_absent_from_xml_export_20260729_025002_taom_modules_ship_almost_no_item_xml,aferrer,2026-07-30
harad03_boots,item_defs_absent_from_xml_export_20260729_025002_taom_modules_ship_almost_no_item_xml,aferrer,2026-07-30
harad03_cape,item_defs_absent_from_xml_export_20260729_025002_taom_modules_ship_almost_no_item_xml,aferrer,2026-07-30
harad03_glove,item_defs_absent_from_xml_export_20260729_025002_taom_modules_ship_almost_no_item_xml,aferrer,2026-07-30
harad03_helmet,item_defs_absent_from_xml_export_20260729_025002_taom_modules_ship_almost_no_item_xml,aferrer,2026-07-30
harad03_torso,item_defs_absent_from_xml_export_20260729_025002_taom_modules_ship_almost_no_item_xml,aferrer,2026-07-30
harad04_cape,item_defs_absent_from_xml_export_20260729_025002_taom_modules_ship_almost_no_item_xml,aferrer,2026-07-30
harad05_v1_boots,item_defs_absent_from_xml_export_20260729_025002_taom_modules_ship_almost_no_item_xml,aferrer,2026-07-30
harad05_v1_cape,item_defs_absent_from_xml_export_20260729_025002_taom_modules_ship_almost_no_item_xml,aferrer,2026-07-30
harad05_v1_gloves,item_defs_absent_from_xml_export_20260729_025002_taom_modules_ship_almost_no_item_xml,aferrer,2026-07-30
harad05_v1_helmet,item_defs_absent_from_xml_export_20260729_025002_taom_modules_ship_almost_no_item_xml,aferrer,2026-07-30
harad05_v1_torso,item_defs_absent_from_xml_export_20260729_025002_taom_modules_ship_almost_no_item_xml,aferrer,2026-07-30
harad05_v2_boots,item_defs_absent_from_xml_export_20260729_025002_taom_modules_ship_almost_no_item_xml,aferrer,2026-07-30
harad05_v2_torso,item_defs_absent_from_xml_export_20260729_025002_taom_modules_ship_almost_no_item_xml,aferrer,2026-07-30
harad05_v4_boots,item_defs_absent_from_xml_export_20260729_025002_taom_modules_ship_almost_no_item_xml,aferrer,2026-07-30
harad05_v4_cape,item_defs_absent_from_xml_export_20260729_025002_taom_modules_ship_almost_no_item_xml,aferrer,2026-07-30
harad05_v4_torso,item_defs_absent_from_xml_export_20260729_025002_taom_modules_ship_almost_no_item_xml,aferrer,2026-07-30
harad06_v1_boots,item_defs_absent_from_xml_export_20260729_025002_taom_modules_ship_almost_no_item_xml,aferrer,2026-07-30
harad06_v1_cape,item_defs_absent_from_xml_export_20260729_025002_taom_modules_ship_almost_no_item_xml,aferrer,2026-07-30
harad06_v1_helmet,item_defs_absent_from_xml_export_20260729_025002_taom_modules_ship_almost_no_item_xml,aferrer,2026-07-30
harad06_v1_torso,item_defs_absent_from_xml_export_20260729_025002_taom_modules_ship_almost_no_item_xml,aferrer,2026-07-30
harad07_glove,item_defs_absent_from_xml_export_20260729_025002_taom_modules_ship_almost_no_item_xml,aferrer,2026-07-30
harad07_helmet,item_defs_absent_from_xml_export_20260729_025002_taom_modules_ship_almost_no_item_xml,aferrer,2026-07-30
harad07_torso,item_defs_absent_from_xml_export_20260729_025002_taom_modules_ship_almost_no_item_xml,aferrer,2026-07-30
harad08_boots,item_defs_absent_from_xml_export_20260729_025002_taom_modules_ship_almost_no_item_xml,aferrer,2026-07-30
harad08_gloves,item_defs_absent_from_xml_export_20260729_025002_taom_modules_ship_almost_no_item_xml,aferrer,2026-07-30
harad08_helmet,item_defs_absent_from_xml_export_20260729_025002_taom_modules_ship_almost_no_item_xml,aferrer,2026-07-30
harad08_torso,item_defs_absent_from_xml_export_20260729_025002_taom_modules_ship_almost_no_item_xml,aferrer,2026-07-30
haradrim02_boots,item_defs_absent_from_xml_export_20260729_025002_taom_modules_ship_almost_no_item_xml,aferrer,2026-07-30
haradrim02_gloves,item_defs_absent_from_xml_export_20260729_025002_taom_modules_ship_almost_no_item_xml,aferrer,2026-07-30
haradrim02_head,item_defs_absent_from_xml_export_20260729_025002_taom_modules_ship_almost_no_item_xml,aferrer,2026-07-30
haradrim02_pauldrons,item_defs_absent_from_xml_export_20260729_025002_taom_modules_ship_almost_no_item_xml,aferrer,2026-07-30
haradrim02_toso,item_defs_absent_from_xml_export_20260729_025002_taom_modules_ship_almost_no_item_xml,aferrer,2026-07-30
haradrim02a_gloves,item_defs_absent_from_xml_export_20260729_025002_taom_modules_ship_almost_no_item_xml,aferrer,2026-07-30
haradrim02a_head,item_defs_absent_from_xml_export_20260729_025002_taom_modules_ship_almost_no_item_xml,aferrer,2026-07-30
haradrim02a_toso,item_defs_absent_from_xml_export_20260729_025002_taom_modules_ship_almost_no_item_xml,aferrer,2026-07-30
haradrim02c_gloves,item_defs_absent_from_xml_export_20260729_025002_taom_modules_ship_almost_no_item_xml,aferrer,2026-07-30
haradrim02c_head,item_defs_absent_from_xml_export_20260729_025002_taom_modules_ship_almost_no_item_xml,aferrer,2026-07-30
haradrim02c_toso,item_defs_absent_from_xml_export_20260729_025002_taom_modules_ship_almost_no_item_xml,aferrer,2026-07-30
haradrim_boots,item_defs_absent_from_xml_export_20260729_025002_taom_modules_ship_almost_no_item_xml,aferrer,2026-07-30
haradrim_gloves,item_defs_absent_from_xml_export_20260729_025002_taom_modules_ship_almost_no_item_xml,aferrer,2026-07-30
haradrim_head,item_defs_absent_from_xml_export_20260729_025002_taom_modules_ship_almost_no_item_xml,aferrer,2026-07-30
haradrim_torso,item_defs_absent_from_xml_export_20260729_025002_taom_modules_ship_almost_no_item_xml,aferrer,2026-07-30
he_spear,item_defs_absent_from_xml_export_20260729_025002_taom_modules_ship_almost_no_item_xml,aferrer,2026-07-30
he_sword,item_defs_absent_from_xml_export_20260729_025002_taom_modules_ship_almost_no_item_xml,aferrer,2026-07-30
highelf_longbow_starter,item_defs_absent_from_xml_export_20260729_025002_taom_modules_ship_almost_no_item_xml,aferrer,2026-07-30
highelf_longbowa,item_defs_absent_from_xml_export_20260729_025002_taom_modules_ship_almost_no_item_xml,aferrer,2026-07-30
highelf_longbowb,item_defs_absent_from_xml_export_20260729_025002_taom_modules_ship_almost_no_item_xml,aferrer,2026-07-30
highelf_longbowc,item_defs_absent_from_xml_export_20260729_025002_taom_modules_ship_almost_no_item_xml,aferrer,2026-07-30
highelf_longbowd,item_defs_absent_from_xml_export_20260729_025002_taom_modules_ship_almost_no_item_xml,aferrer,2026-07-30
isengard_1h_sword_a,item_defs_absent_from_xml_export_20260729_025002_taom_modules_ship_almost_no_item_xml,aferrer,2026-07-30
isengard_1h_sword_b,item_defs_absent_from_xml_export_20260729_025002_taom_modules_ship_almost_no_item_xml,aferrer,2026-07-30
isengard_2h_axe_a,item_defs_absent_from_xml_export_20260729_025002_taom_modules_ship_almost_no_item_xml,aferrer,2026-07-30
isengard_2h_axe_b,item_defs_absent_from_xml_export_20260729_025002_taom_modules_ship_almost_no_item_xml,aferrer,2026-07-30
isengard_2h_axe_c,item_defs_absent_from_xml_export_20260729_025002_taom_modules_ship_almost_no_item_xml,aferrer,2026-07-30
isengard_berserker_sword,item_defs_absent_from_xml_export_20260729_025002_taom_modules_ship_almost_no_item_xml,aferrer,2026-07-30
isengard_berserker_sword_2h,item_defs_absent_from_xml_export_20260729_025002_taom_modules_ship_almost_no_item_xml,aferrer,2026-07-30
isengard_pike_a,item_defs_absent_from_xml_export_20260729_025002_taom_modules_ship_almost_no_item_xml,aferrer,2026-07-30
isengard_pike_b,item_defs_absent_from_xml_export_20260729_025002_taom_modules_ship_almost_no_item_xml,aferrer,2026-07-30
isengard_spear_a,item_defs_absent_from_xml_export_20260729_025002_taom_modules_ship_almost_no_item_xml,aferrer,2026-07-30
isengard_spear_b,item_defs_absent_from_xml_export_20260729_025002_taom_modules_ship_almost_no_item_xml,aferrer,2026-07-30
ithilien_boots,item_defs_absent_from_xml_export_20260729_025002_taom_modules_ship_almost_no_item_xml,aferrer,2026-07-30
ithilien_boots_heavy,item_defs_absent_from_xml_export_20260729_025002_taom_modules_ship_almost_no_item_xml,aferrer,2026-07-30
ithilien_bracers,item_defs_absent_from_xml_export_20260729_025002_taom_modules_ship_almost_no_item_xml,aferrer,2026-07-30
ithilien_cloak,item_defs_absent_from_xml_export_20260729_025002_taom_modules_ship_almost_no_item_xml,aferrer,2026-07-30
ithilien_cloak_var,item_defs_absent_from_xml_export_20260729_025002_taom_modules_ship_almost_no_item_xml,aferrer,2026-07-30
ithilien_hood,item_defs_absent_from_xml_export_20260729_025002_taom_modules_ship_almost_no_item_xml,aferrer,2026-07-30
ithilien_hood_masked,item_defs_absent_from_xml_export_20260729_025002_taom_modules_ship_almost_no_item_xml,aferrer,2026-07-30
ithilien_hood_masked_var,item_defs_absent_from_xml_export_20260729_025002_taom_modules_ship_almost_no_item_xml,aferrer,2026-07-30
ithilien_hood_var,item_defs_absent_from_xml_export_20260729_025002_taom_modules_ship_almost_no_item_xml,aferrer,2026-07-30
ithilien_jerkin_long,item_defs_absent_from_xml_export_20260729_025002_taom_modules_ship_almost_no_item_xml,aferrer,2026-07-30
ithilien_jerkin_long_var,item_defs_absent_from_xml_export_20260729_025002_taom_modules_ship_almost_no_item_xml,aferrer,2026-07-30
ithilien_jerkin_short,item_defs_absent_from_xml_export_20260729_025002_taom_modules_ship_almost_no_item_xml,aferrer,2026-07-30
ithilien_jerkin_short_var,item_defs_absent_from_xml_export_20260729_025002_taom_modules_ship_almost_no_item_xml,aferrer,2026-07-30
lotr_troll_armor,item_defs_absent_from_xml_export_20260729_025002_taom_modules_ship_almost_no_item_xml,aferrer,2026-07-30
lotr_troll_bracers,item_defs_absent_from_xml_export_20260729_025002_taom_modules_ship_almost_no_item_xml,aferrer,2026-07-30
lotr_troll_helmet,item_defs_absent_from_xml_export_20260729_025002_taom_modules_ship_almost_no_item_xml,aferrer,2026-07-30
lrd_horse_armour_4,item_defs_absent_from_xml_export_20260729_025002_taom_modules_ship_almost_no_item_xml,aferrer,2026-07-30
lrd_horse_armour_5_c,item_defs_absent_from_xml_export_20260729_025002_taom_modules_ship_almost_no_item_xml,aferrer,2026-07-30
mirkwood_body,item_defs_absent_from_xml_export_20260729_025002_taom_modules_ship_almost_no_item_xml,aferrer,2026-07-30
mirkwood_boots,item_defs_absent_from_xml_export_20260729_025002_taom_modules_ship_almost_no_item_xml,aferrer,2026-07-30
mirkwood_glaive_a01,item_defs_absent_from_xml_export_20260729_025002_taom_modules_ship_almost_no_item_xml,aferrer,2026-07-30
mirkwood_gloves,item_defs_absent_from_xml_export_20260729_025002_taom_modules_ship_almost_no_item_xml,aferrer,2026-07-30
mirkwood_shoulder,item_defs_absent_from_xml_export_20260729_025002_taom_modules_ship_almost_no_item_xml,aferrer,2026-07-30
mirkwood_spear_a01,item_defs_absent_from_xml_export_20260729_025002_taom_modules_ship_almost_no_item_xml,aferrer,2026-07-30
mirkwood_spear_a02,item_defs_absent_from_xml_export_20260729_025002_taom_modules_ship_almost_no_item_xml,aferrer,2026-07-30
mirkwood_sword_a01,item_defs_absent_from_xml_export_20260729_025002_taom_modules_ship_almost_no_item_xml,aferrer,2026-07-30
mkwd_inf1_t1_helmet_gold_hc,item_defs_absent_from_xml_export_20260729_025002_taom_modules_ship_almost_no_item_xml,aferrer,2026-07-30
mkwd_inf1_t1_helmet_silver_hc,item_defs_absent_from_xml_export_20260729_025002_taom_modules_ship_almost_no_item_xml,aferrer,2026-07-30
mkwd_inf1_t2_helmet_gold_hc,item_defs_absent_from_xml_export_20260729_025002_taom_modules_ship_almost_no_item_xml,aferrer,2026-07-30
mkwd_inf1_t2_helmet_silver_hc,item_defs_absent_from_xml_export_20260729_025002_taom_modules_ship_almost_no_item_xml,aferrer,2026-07-30
mkwd_inf1_t3_helmet_gold_hc,item_defs_absent_from_xml_export_20260729_025002_taom_modules_ship_almost_no_item_xml,aferrer,2026-07-30
mkwd_inf1_t3_helmet_silver_hc,item_defs_absent_from_xml_export_20260729_025002_taom_modules_ship_almost_no_item_xml,aferrer,2026-07-30
mkwd_inf1_t4_helmet_gold_hc,item_defs_absent_from_xml_export_20260729_025002_taom_modules_ship_almost_no_item_xml,aferrer,2026-07-30
mkwd_inf1_t4_helmet_silver_hc,item_defs_absent_from_xml_export_20260729_025002_taom_modules_ship_almost_no_item_xml,aferrer,2026-07-30
mkwd_inf2_t2_helmet_silver_hc,item_defs_absent_from_xml_export_20260729_025002_taom_modules_ship_almost_no_item_xml,aferrer,2026-07-30
mkwd_inf2_t3_helmet_silver_hc,item_defs_absent_from_xml_export_20260729_025002_taom_modules_ship_almost_no_item_xml,aferrer,2026-07-30
mkwd_inf2_t4_helmet_silver_hc,item_defs_absent_from_xml_export_20260729_025002_taom_modules_ship_almost_no_item_xml,aferrer,2026-07-30
mkwd_inf3_chest,item_defs_absent_from_xml_export_20260729_025002_taom_modules_ship_almost_no_item_xml,aferrer,2026-07-30
mkwd_inf3_chest_bronze,item_defs_absent_from_xml_export_20260729_025002_taom_modules_ship_almost_no_item_xml,aferrer,2026-07-30
mkwd_inf3_chest_silver,item_defs_absent_from_xml_export_20260729_025002_taom_modules_ship_almost_no_item_xml,aferrer,2026-07-30
mkwd_inf3_greaves,item_defs_absent_from_xml_export_20260729_025002_taom_modules_ship_almost_no_item_xml,aferrer,2026-07-30
mkwd_inf3_greaves_bronze,item_defs_absent_from_xml_export_20260729_025002_taom_modules_ship_almost_no_item_xml,aferrer,2026-07-30
mkwd_inf3_greaves_silver,item_defs_absent_from_xml_export_20260729_025002_taom_modules_ship_almost_no_item_xml,aferrer,2026-07-30
mkwd_inf3_pauldrons,item_defs_absent_from_xml_export_20260729_025002_taom_modules_ship_almost_no_item_xml,aferrer,2026-07-30
mkwd_inf3_pauldrons_bronze,item_defs_absent_from_xml_export_20260729_025002_taom_modules_ship_almost_no_item_xml,aferrer,2026-07-30
mkwd_inf3_pauldrons_silver,item_defs_absent_from_xml_export_20260729_025002_taom_modules_ship_almost_no_item_xml,aferrer,2026-07-30
mkwd_inf3_t3_helmet_gold_hc,item_defs_absent_from_xml_export_20260729_025002_taom_modules_ship_almost_no_item_xml,aferrer,2026-07-30
mkwd_inf3_t4_helmet_gold_hc,item_defs_absent_from_xml_export_20260729_025002_taom_modules_ship_almost_no_item_xml,aferrer,2026-07-30
mkwd_inf3_vambraces,item_defs_absent_from_xml_export_20260729_025002_taom_modules_ship_almost_no_item_xml,aferrer,2026-07-30
mkwd_inf3_vambraces_bronze,item_defs_absent_from_xml_export_20260729_025002_taom_modules_ship_almost_no_item_xml,aferrer,2026-07-30
mkwd_inf3_vambraces_silver,item_defs_absent_from_xml_export_20260729_025002_taom_modules_ship_almost_no_item_xml,aferrer,2026-07-30
mkwd_palace_t1_helmet_green_hc,item_defs_absent_from_xml_export_20260729_025002_taom_modules_ship_almost_no_item_xml,aferrer,2026-07-30
mkwd_palace_t2_helmet_green_hc,item_defs_absent_from_xml_export_20260729_025002_taom_modules_ship_almost_no_item_xml,aferrer,2026-07-30
mkwd_palace_t3_helmet_green_hc,item_defs_absent_from_xml_export_20260729_025002_taom_modules_ship_almost_no_item_xml,aferrer,2026-07-30
numenorean_sword_2h_a,item_defs_absent_from_xml_export_20260729_025002_taom_modules_ship_almost_no_item_xml,aferrer,2026-07-30
numenorean_sword_2h_b,item_defs_absent_from_xml_export_20260729_025002_taom_modules_ship_almost_no_item_xml,aferrer,2026-07-30
numenorean_sword_2h_d,item_defs_absent_from_xml_export_20260729_025002_taom_modules_ship_almost_no_item_xml,aferrer,2026-07-30
numenorean_sword_2h_f,item_defs_absent_from_xml_export_20260729_025002_taom_modules_ship_almost_no_item_xml,aferrer,2026-07-30
numenorean_sword_2h_i,item_defs_absent_from_xml_export_20260729_025002_taom_modules_ship_almost_no_item_xml,aferrer,2026-07-30
numenorean_sword_2h_l,item_defs_absent_from_xml_export_20260729_025002_taom_modules_ship_almost_no_item_xml,aferrer,2026-07-30
numenorean_sword_2h_y,item_defs_absent_from_xml_export_20260729_025002_taom_modules_ship_almost_no_item_xml,aferrer,2026-07-30
rivendell_body_gold_a,item_defs_absent_from_xml_export_20260729_025002_taom_modules_ship_almost_no_item_xml,aferrer,2026-07-30
rivendell_body_gold_b,item_defs_absent_from_xml_export_20260729_025002_taom_modules_ship_almost_no_item_xml,aferrer,2026-07-30
rivendell_body_gold_d,item_defs_absent_from_xml_export_20260729_025002_taom_modules_ship_almost_no_item_xml,aferrer,2026-07-30
rivendell_body_silver_b,item_defs_absent_from_xml_export_20260729_025002_taom_modules_ship_almost_no_item_xml,aferrer,2026-07-30
rivendell_body_silver_c,item_defs_absent_from_xml_export_20260729_025002_taom_modules_ship_almost_no_item_xml,aferrer,2026-07-30
rivendell_body_silver_d,item_defs_absent_from_xml_export_20260729_025002_taom_modules_ship_almost_no_item_xml,aferrer,2026-07-30
rivendell_boots,item_defs_absent_from_xml_export_20260729_025002_taom_modules_ship_almost_no_item_xml,aferrer,2026-07-30
rivendell_boots_greaves1,item_defs_absent_from_xml_export_20260729_025002_taom_modules_ship_almost_no_item_xml,aferrer,2026-07-30
rivendell_boots_greaves1_silver,item_defs_absent_from_xml_export_20260729_025002_taom_modules_ship_almost_no_item_xml,aferrer,2026-07-30
rivendell_boots_greaves1_silvergold,item_defs_absent_from_xml_export_20260729_025002_taom_modules_ship_almost_no_item_xml,aferrer,2026-07-30
rivendell_boots_greaves2,item_defs_absent_from_xml_export_20260729_025002_taom_modules_ship_almost_no_item_xml,aferrer,2026-07-30
rivendell_boots_greaves2_silver,item_defs_absent_from_xml_export_20260729_025002_taom_modules_ship_almost_no_item_xml,aferrer,2026-07-30
rivendell_boots_greaves2_silvergold,item_defs_absent_from_xml_export_20260729_025002_taom_modules_ship_almost_no_item_xml,aferrer,2026-07-30
rivendell_boots_greaves3,item_defs_absent_from_xml_export_20260729_025002_taom_modules_ship_almost_no_item_xml,aferrer,2026-07-30
rivendell_boots_greaves3_silver,item_defs_absent_from_xml_export_20260729_025002_taom_modules_ship_almost_no_item_xml,aferrer,2026-07-30
rivendell_boots_greaves3_silvergold,item_defs_absent_from_xml_export_20260729_025002_taom_modules_ship_almost_no_item_xml,aferrer,2026-07-30
rivendell_boots_greaves4,item_defs_absent_from_xml_export_20260729_025002_taom_modules_ship_almost_no_item_xml,aferrer,2026-07-30
rivendell_boots_greaves4_silver,item_defs_absent_from_xml_export_20260729_025002_taom_modules_ship_almost_no_item_xml,aferrer,2026-07-30
rivendell_boots_greaves4_silvergold,item_defs_absent_from_xml_export_20260729_025002_taom_modules_ship_almost_no_item_xml,aferrer,2026-07-30
rivendell_boots_leather1,item_defs_absent_from_xml_export_20260729_025002_taom_modules_ship_almost_no_item_xml,aferrer,2026-07-30
rivendell_boots_leather2,item_defs_absent_from_xml_export_20260729_025002_taom_modules_ship_almost_no_item_xml,aferrer,2026-07-30
rivendell_cape_a,item_defs_absent_from_xml_export_20260729_025002_taom_modules_ship_almost_no_item_xml,aferrer,2026-07-30
rivendell_gloves_gold,item_defs_absent_from_xml_export_20260729_025002_taom_modules_ship_almost_no_item_xml,aferrer,2026-07-30
rivendell_gloves_silver,item_defs_absent_from_xml_export_20260729_025002_taom_modules_ship_almost_no_item_xml,aferrer,2026-07-30
rivendell_helmet_archer_tier1,item_defs_absent_from_xml_export_20260729_025002_taom_modules_ship_almost_no_item_xml,aferrer,2026-07-30
rivendell_helmet_archer_tier1_silver,item_defs_absent_from_xml_export_20260729_025002_taom_modules_ship_almost_no_item_xml,aferrer,2026-07-30
rivendell_helmet_archer_tier1_silvergold,item_defs_absent_from_xml_export_20260729_025002_taom_modules_ship_almost_no_item_xml,aferrer,2026-07-30
rivendell_helmet_archer_tier2,item_defs_absent_from_xml_export_20260729_025002_taom_modules_ship_almost_no_item_xml,aferrer,2026-07-30
rivendell_helmet_archer_tier2_silver,item_defs_absent_from_xml_export_20260729_025002_taom_modules_ship_almost_no_item_xml,aferrer,2026-07-30
rivendell_helmet_archer_tier2_silvergold,item_defs_absent_from_xml_export_20260729_025002_taom_modules_ship_almost_no_item_xml,aferrer,2026-07-30
rivendell_helmet_archer_tier3,item_defs_absent_from_xml_export_20260729_025002_taom_modules_ship_almost_no_item_xml,aferrer,2026-07-30
rivendell_helmet_archer_tier3_silver,item_defs_absent_from_xml_export_20260729_025002_taom_modules_ship_almost_no_item_xml,aferrer,2026-07-30
rivendell_helmet_archer_tier3_silvergold,item_defs_absent_from_xml_export_20260729_025002_taom_modules_ship_almost_no_item_xml,aferrer,2026-07-30
rivendell_helmet_cavalry_tier1,item_defs_absent_from_xml_export_20260729_025002_taom_modules_ship_almost_no_item_xml,aferrer,2026-07-30
rivendell_helmet_cavalry_tier1_silver,item_defs_absent_from_xml_export_20260729_025002_taom_modules_ship_almost_no_item_xml,aferrer,2026-07-30
rivendell_helmet_cavalry_tier1_silvergold,item_defs_absent_from_xml_export_20260729_025002_taom_modules_ship_almost_no_item_xml,aferrer,2026-07-30
rivendell_helmet_cavalry_tier2,item_defs_absent_from_xml_export_20260729_025002_taom_modules_ship_almost_no_item_xml,aferrer,2026-07-30
rivendell_helmet_cavalry_tier2_silver,item_defs_absent_from_xml_export_20260729_025002_taom_modules_ship_almost_no_item_xml,aferrer,2026-07-30
rivendell_helmet_cavalry_tier2_silvergold,item_defs_absent_from_xml_export_20260729_025002_taom_modules_ship_almost_no_item_xml,aferrer,2026-07-30
rivendell_helmet_cavalry_tier3,item_defs_absent_from_xml_export_20260729_025002_taom_modules_ship_almost_no_item_xml,aferrer,2026-07-30
rivendell_helmet_cavalry_tier3_silver,item_defs_absent_from_xml_export_20260729_025002_taom_modules_ship_almost_no_item_xml,aferrer,2026-07-30
rivendell_helmet_cavalry_tier3_silvergold,item_defs_absent_from_xml_export_20260729_025002_taom_modules_ship_almost_no_item_xml,aferrer,2026-07-30
rivendell_helmet_elite,item_defs_absent_from_xml_export_20260729_025002_taom_modules_ship_almost_no_item_xml,aferrer,2026-07-30
rivendell_helmet_elite_silver,item_defs_absent_from_xml_export_20260729_025002_taom_modules_ship_almost_no_item_xml,aferrer,2026-07-30
rivendell_helmet_elite_silvergold,item_defs_absent_from_xml_export_20260729_025002_taom_modules_ship_almost_no_item_xml,aferrer,2026-07-30
rivendell_helmet_gold,item_defs_absent_from_xml_export_20260729_025002_taom_modules_ship_almost_no_item_xml,aferrer,2026-07-30
rivendell_helmet_infantry_tier1,item_defs_absent_from_xml_export_20260729_025002_taom_modules_ship_almost_no_item_xml,aferrer,2026-07-30
rivendell_helmet_infantry_tier1_hood,item_defs_absent_from_xml_export_20260729_025002_taom_modules_ship_almost_no_item_xml,aferrer,2026-07-30
rivendell_helmet_infantry_tier1_hood_silver,item_defs_absent_from_xml_export_20260729_025002_taom_modules_ship_almost_no_item_xml,aferrer,2026-07-30
rivendell_helmet_infantry_tier1_hood_silvergold,item_defs_absent_from_xml_export_20260729_025002_taom_modules_ship_almost_no_item_xml,aferrer,2026-07-30
rivendell_helmet_infantry_tier1_silver,item_defs_absent_from_xml_export_20260729_025002_taom_modules_ship_almost_no_item_xml,aferrer,2026-07-30
rivendell_helmet_infantry_tier1_silvergold,item_defs_absent_from_xml_export_20260729_025002_taom_modules_ship_almost_no_item_xml,aferrer,2026-07-30
rivendell_helmet_infantry_tier2,item_defs_absent_from_xml_export_20260729_025002_taom_modules_ship_almost_no_item_xml,aferrer,2026-07-30
rivendell_helmet_infantry_tier2_silver,item_defs_absent_from_xml_export_20260729_025002_taom_modules_ship_almost_no_item_xml,aferrer,2026-07-30
rivendell_helmet_infantry_tier2_silvergold,item_defs_absent_from_xml_export_20260729_025002_taom_modules_ship_almost_no_item_xml,aferrer,2026-07-30
rivendell_helmet_infantry_tier3,item_defs_absent_from_xml_export_20260729_025002_taom_modules_ship_almost_no_item_xml,aferrer,2026-07-30
rivendell_helmet_infantry_tier3_silver,item_defs_absent_from_xml_export_20260729_025002_taom_modules_ship_almost_no_item_xml,aferrer,2026-07-30
rivendell_helmet_infantry_tier3_silvergold,item_defs_absent_from_xml_export_20260729_025002_taom_modules_ship_almost_no_item_xml,aferrer,2026-07-30
rivendell_helmet_lord_circlet_silver,item_defs_absent_from_xml_export_20260729_025002_taom_modules_ship_almost_no_item_xml,aferrer,2026-07-30
rivendell_helmet_lord_circletmask_silver,item_defs_absent_from_xml_export_20260729_025002_taom_modules_ship_almost_no_item_xml,aferrer,2026-07-30
rivendell_helmet_lord_circletmask_silvergold,item_defs_absent_from_xml_export_20260729_025002_taom_modules_ship_almost_no_item_xml,aferrer,2026-07-30
rivendell_helmet_mask_hood,item_defs_absent_from_xml_export_20260729_025002_taom_modules_ship_almost_no_item_xml,aferrer,2026-07-30
rivendell_pauldron_cape,item_defs_absent_from_xml_export_20260729_025002_taom_modules_ship_almost_no_item_xml,aferrer,2026-07-30
rivendell_pauldron_elite_robe,item_defs_absent_from_xml_export_20260729_025002_taom_modules_ship_almost_no_item_xml,aferrer,2026-07-30
rivendell_pauldron_elite_robe_silver,item_defs_absent_from_xml_export_20260729_025002_taom_modules_ship_almost_no_item_xml,aferrer,2026-07-30
rivendell_pauldron_elite_robe_silvergold,item_defs_absent_from_xml_export_20260729_025002_taom_modules_ship_almost_no_item_xml,aferrer,2026-07-30
rivendell_pauldron_leather_cape,item_defs_absent_from_xml_export_20260729_025002_taom_modules_ship_almost_no_item_xml,aferrer,2026-07-30
rivendell_pauldron_leather_robe,item_defs_absent_from_xml_export_20260729_025002_taom_modules_ship_almost_no_item_xml,aferrer,2026-07-30
rivendell_pauldron_tier1_cape,item_defs_absent_from_xml_export_20260729_025002_taom_modules_ship_almost_no_item_xml,aferrer,2026-07-30
rivendell_pauldron_tier1_cape_silver,item_defs_absent_from_xml_export_20260729_025002_taom_modules_ship_almost_no_item_xml,aferrer,2026-07-30
rivendell_pauldron_tier1_cape_silvergold,item_defs_absent_from_xml_export_20260729_025002_taom_modules_ship_almost_no_item_xml,aferrer,2026-07-30
rivendell_pauldron_tier1_robe,item_defs_absent_from_xml_export_20260729_025002_taom_modules_ship_almost_no_item_xml,aferrer,2026-07-30
rivendell_pauldron_tier1_robe_silver,item_defs_absent_from_xml_export_20260729_025002_taom_modules_ship_almost_no_item_xml,aferrer,2026-07-30
rivendell_pauldron_tier1_robe_silvergold,item_defs_absent_from_xml_export_20260729_025002_taom_modules_ship_almost_no_item_xml,aferrer,2026-07-30
rivendell_pauldron_tier2_cape,item_defs_absent_from_xml_export_20260729_025002_taom_modules_ship_almost_no_item_xml,aferrer,2026-07-30
rivendell_pauldron_tier2_cape_silver,item_defs_absent_from_xml_export_20260729_025002_taom_modules_ship_almost_no_item_xml,aferrer,2026-07-30
rivendell_pauldron_tier2_cape_silvergold,item_defs_absent_from_xml_export_20260729_025002_taom_modules_ship_almost_no_item_xml,aferrer,2026-07-30
rivendell_pauldron_tier2_robe,item_defs_absent_from_xml_export_20260729_025002_taom_modules_ship_almost_no_item_xml,aferrer,2026-07-30
rivendell_pauldron_tier2_robe_silver,item_defs_absent_from_xml_export_20260729_025002_taom_modules_ship_almost_no_item_xml,aferrer,2026-07-30
rivendell_pauldron_tier2_robe_silvergold,item_defs_absent_from_xml_export_20260729_025002_taom_modules_ship_almost_no_item_xml,aferrer,2026-07-30
rivendell_torso_heavy_tier1,item_defs_absent_from_xml_export_20260729_025002_taom_modules_ship_almost_no_item_xml,aferrer,2026-07-30
rivendell_torso_heavy_tier1_silver,item_defs_absent_from_xml_export_20260729_025002_taom_modules_ship_almost_no_item_xml,aferrer,2026-07-30
rivendell_torso_heavy_tier1_silvergold,item_defs_absent_from_xml_export_20260729_025002_taom_modules_ship_almost_no_item_xml,aferrer,2026-07-30
rivendell_torso_heavy_tier2,item_defs_absent_from_xml_export_20260729_025002_taom_modules_ship_almost_no_item_xml,aferrer,2026-07-30
rivendell_torso_heavy_tier2_silver,item_defs_absent_from_xml_export_20260729_025002_taom_modules_ship_almost_no_item_xml,aferrer,2026-07-30
rivendell_torso_heavy_tier2_silvergold,item_defs_absent_from_xml_export_20260729_025002_taom_modules_ship_almost_no_item_xml,aferrer,2026-07-30
rivendell_torso_heavy_tier3,item_defs_absent_from_xml_export_20260729_025002_taom_modules_ship_almost_no_item_xml,aferrer,2026-07-30
rivendell_torso_heavy_tier3_silver,item_defs_absent_from_xml_export_20260729_025002_taom_modules_ship_almost_no_item_xml,aferrer,2026-07-30
rivendell_torso_heavy_tier3_silverb,item_defs_absent_from_xml_export_20260729_025002_taom_modules_ship_almost_no_item_xml,aferrer,2026-07-30
rivendell_torso_heavy_tier3_silvergold,item_defs_absent_from_xml_export_20260729_025002_taom_modules_ship_almost_no_item_xml,aferrer,2026-07-30
rivendell_torso_heavy_tier3_silvergoldb,item_defs_absent_from_xml_export_20260729_025002_taom_modules_ship_almost_no_item_xml,aferrer,2026-07-30
rivendell_torso_infantry_tier1,item_defs_absent_from_xml_export_20260729_025002_taom_modules_ship_almost_no_item_xml,aferrer,2026-07-30
rivendell_torso_infantry_tier1_silver,item_defs_absent_from_xml_export_20260729_025002_taom_modules_ship_almost_no_item_xml,aferrer,2026-07-30
rivendell_torso_infantry_tier1_silvergold,item_defs_absent_from_xml_export_20260729_025002_taom_modules_ship_almost_no_item_xml,aferrer,2026-07-30
rivendell_torso_infantry_tier2,item_defs_absent_from_xml_export_20260729_025002_taom_modules_ship_almost_no_item_xml,aferrer,2026-07-30
rivendell_torso_infantry_tier2_silver,item_defs_absent_from_xml_export_20260729_025002_taom_modules_ship_almost_no_item_xml,aferrer,2026-07-30
rivendell_torso_infantry_tier2_silvergold,item_defs_absent_from_xml_export_20260729_025002_taom_modules_ship_almost_no_item_xml,aferrer,2026-07-30
rivendell_torso_infantry_tier3,item_defs_absent_from_xml_export_20260729_025002_taom_modules_ship_almost_no_item_xml,aferrer,2026-07-30
rivendell_torso_infantry_tier3_silver,item_defs_absent_from_xml_export_20260729_025002_taom_modules_ship_almost_no_item_xml,aferrer,2026-07-30
rivendell_torso_infantry_tier3_silvergold,item_defs_absent_from_xml_export_20260729_025002_taom_modules_ship_almost_no_item_xml,aferrer,2026-07-30
rivendell_torso_infantry_tier4,item_defs_absent_from_xml_export_20260729_025002_taom_modules_ship_almost_no_item_xml,aferrer,2026-07-30
rivendell_torso_infantry_tier4_silver,item_defs_absent_from_xml_export_20260729_025002_taom_modules_ship_almost_no_item_xml,aferrer,2026-07-30
rivendell_torso_infantry_tier4_silverb,item_defs_absent_from_xml_export_20260729_025002_taom_modules_ship_almost_no_item_xml,aferrer,2026-07-30
rivendell_torso_infantry_tier4_silvergold,item_defs_absent_from_xml_export_20260729_025002_taom_modules_ship_almost_no_item_xml,aferrer,2026-07-30
rivendell_torso_infantry_tier4_silvergoldb,item_defs_absent_from_xml_export_20260729_025002_taom_modules_ship_almost_no_item_xml,aferrer,2026-07-30
rivendell_torso_light_armored_tier1,item_defs_absent_from_xml_export_20260729_025002_taom_modules_ship_almost_no_item_xml,aferrer,2026-07-30
rivendell_torso_light_armored_tier1_silver,item_defs_absent_from_xml_export_20260729_025002_taom_modules_ship_almost_no_item_xml,aferrer,2026-07-30
rivendell_torso_light_armored_tier1_silvergold,item_defs_absent_from_xml_export_20260729_025002_taom_modules_ship_almost_no_item_xml,aferrer,2026-07-30
rivendell_torso_light_armored_tier2,item_defs_absent_from_xml_export_20260729_025002_taom_modules_ship_almost_no_item_xml,aferrer,2026-07-30
rivendell_torso_light_armored_tier2_silver,item_defs_absent_from_xml_export_20260729_025002_taom_modules_ship_almost_no_item_xml,aferrer,2026-07-30
rivendell_torso_light_armored_tier2_silvergold,item_defs_absent_from_xml_export_20260729_025002_taom_modules_ship_almost_no_item_xml,aferrer,2026-07-30
rivendell_torso_light_armored_tier3,item_defs_absent_from_xml_export_20260729_025002_taom_modules_ship_almost_no_item_xml,aferrer,2026-07-30
rivendell_torso_light_armored_tier3_silver,item_defs_absent_from_xml_export_20260729_025002_taom_modules_ship_almost_no_item_xml,aferrer,2026-07-30
rivendell_torso_light_armored_tier3_silvergold,item_defs_absent_from_xml_export_20260729_025002_taom_modules_ship_almost_no_item_xml,aferrer,2026-07-30
rivendell_torso_light_light_tier1,item_defs_absent_from_xml_export_20260729_025002_taom_modules_ship_almost_no_item_xml,aferrer,2026-07-30
rivendell_torso_light_light_tier2,item_defs_absent_from_xml_export_20260729_025002_taom_modules_ship_almost_no_item_xml,aferrer,2026-07-30
rivendell_torso_light_light_tier3,item_defs_absent_from_xml_export_20260729_025002_taom_modules_ship_almost_no_item_xml,aferrer,2026-07-30
rivendell_torso_light_light_tier4,item_defs_absent_from_xml_export_20260729_025002_taom_modules_ship_almost_no_item_xml,aferrer,2026-07-30
rivendell_torso_lord1,item_defs_absent_from_xml_export_20260729_025002_taom_modules_ship_almost_no_item_xml,aferrer,2026-07-30
rivendell_torso_lord1_silver,item_defs_absent_from_xml_export_20260729_025002_taom_modules_ship_almost_no_item_xml,aferrer,2026-07-30
rivendell_torso_lord1_silvergold,item_defs_absent_from_xml_export_20260729_025002_taom_modules_ship_almost_no_item_xml,aferrer,2026-07-30
rivendell_torso_lord2,item_defs_absent_from_xml_export_20260729_025002_taom_modules_ship_almost_no_item_xml,aferrer,2026-07-30
rivendell_torso_lord2_silver,item_defs_absent_from_xml_export_20260729_025002_taom_modules_ship_almost_no_item_xml,aferrer,2026-07-30
rivendell_torso_lord2_silvergold,item_defs_absent_from_xml_export_20260729_025002_taom_modules_ship_almost_no_item_xml,aferrer,2026-07-30
rivendell_torso_lord3,item_defs_absent_from_xml_export_20260729_025002_taom_modules_ship_almost_no_item_xml,aferrer,2026-07-30
rivendell_torso_lord3_silver,item_defs_absent_from_xml_export_20260729_025002_taom_modules_ship_almost_no_item_xml,aferrer,2026-07-30
rivendell_torso_lord3_silvergold,item_defs_absent_from_xml_export_20260729_025002_taom_modules_ship_almost_no_item_xml,aferrer,2026-07-30
rivendell_torso_scalemail_tier1,item_defs_absent_from_xml_export_20260729_025002_taom_modules_ship_almost_no_item_xml,aferrer,2026-07-30
rivendell_torso_scalemail_tier1_silver,item_defs_absent_from_xml_export_20260729_025002_taom_modules_ship_almost_no_item_xml,aferrer,2026-07-30
rivendell_torso_scalemail_tier1_silvergold,item_defs_absent_from_xml_export_20260729_025002_taom_modules_ship_almost_no_item_xml,aferrer,2026-07-30
rivendell_torso_scalemail_tier2,item_defs_absent_from_xml_export_20260729_025002_taom_modules_ship_almost_no_item_xml,aferrer,2026-07-30
rivendell_torso_scalemail_tier2_silver,item_defs_absent_from_xml_export_20260729_025002_taom_modules_ship_almost_no_item_xml,aferrer,2026-07-30
rivendell_torso_scalemail_tier2_silverb,item_defs_absent_from_xml_export_20260729_025002_taom_modules_ship_almost_no_item_xml,aferrer,2026-07-30
rivendell_torso_scalemail_tier2_silvergold,item_defs_absent_from_xml_export_20260729_025002_taom_modules_ship_almost_no_item_xml,aferrer,2026-07-30
rivendell_torso_scalemail_tier2_silvergoldb,item_defs_absent_from_xml_export_20260729_025002_taom_modules_ship_almost_no_item_xml,aferrer,2026-07-30
rivendell_torso_scalemail_tier3,item_defs_absent_from_xml_export_20260729_025002_taom_modules_ship_almost_no_item_xml,aferrer,2026-07-30
rivendell_torso_scalemail_tier3_silver,item_defs_absent_from_xml_export_20260729_025002_taom_modules_ship_almost_no_item_xml,aferrer,2026-07-30
rivendell_torso_scalemail_tier3_silverb,item_defs_absent_from_xml_export_20260729_025002_taom_modules_ship_almost_no_item_xml,aferrer,2026-07-30
rivendell_torso_scalemail_tier3_silvergold,item_defs_absent_from_xml_export_20260729_025002_taom_modules_ship_almost_no_item_xml,aferrer,2026-07-30
rivendell_torso_scalemail_tier3_silvergoldb,item_defs_absent_from_xml_export_20260729_025002_taom_modules_ship_almost_no_item_xml,aferrer,2026-07-30
rivendell_vambraces_1,item_defs_absent_from_xml_export_20260729_025002_taom_modules_ship_almost_no_item_xml,aferrer,2026-07-30
rivendell_vambraces_1_silver,item_defs_absent_from_xml_export_20260729_025002_taom_modules_ship_almost_no_item_xml,aferrer,2026-07-30
rivendell_vambraces_1_silvergold,item_defs_absent_from_xml_export_20260729_025002_taom_modules_ship_almost_no_item_xml,aferrer,2026-07-30
rivendell_vambraces_2,item_defs_absent_from_xml_export_20260729_025002_taom_modules_ship_almost_no_item_xml,aferrer,2026-07-30
rivendell_vambraces_2_silver,item_defs_absent_from_xml_export_20260729_025002_taom_modules_ship_almost_no_item_xml,aferrer,2026-07-30
rivendell_vambraces_2_silvergold,item_defs_absent_from_xml_export_20260729_025002_taom_modules_ship_almost_no_item_xml,aferrer,2026-07-30
rivendell_vambraces_3,item_defs_absent_from_xml_export_20260729_025002_taom_modules_ship_almost_no_item_xml,aferrer,2026-07-30
rivendell_vambraces_3_silver,item_defs_absent_from_xml_export_20260729_025002_taom_modules_ship_almost_no_item_xml,aferrer,2026-07-30
rivendell_vambraces_3_silvergold,item_defs_absent_from_xml_export_20260729_025002_taom_modules_ship_almost_no_item_xml,aferrer,2026-07-30
rivendell_vambraces_gloves1,item_defs_absent_from_xml_export_20260729_025002_taom_modules_ship_almost_no_item_xml,aferrer,2026-07-30
roh_nbl_arm_1,item_defs_absent_from_xml_export_20260729_025002_taom_modules_ship_almost_no_item_xml,aferrer,2026-07-30
roh_nbl_arm_b,item_defs_absent_from_xml_export_20260729_025002_taom_modules_ship_almost_no_item_xml,aferrer,2026-07-30
roh_nbl_arm_g,item_defs_absent_from_xml_export_20260729_025002_taom_modules_ship_almost_no_item_xml,aferrer,2026-07-30
roh_nbl_arm_r,item_defs_absent_from_xml_export_20260729_025002_taom_modules_ship_almost_no_item_xml,aferrer,2026-07-30
roh_nbl_bts,item_defs_absent_from_xml_export_20260729_025002_taom_modules_ship_almost_no_item_xml,aferrer,2026-07-30
roh_nbl_glv,item_defs_absent_from_xml_export_20260729_025002_taom_modules_ship_almost_no_item_xml,aferrer,2026-07-30
roh_nbl_hlm_cf,item_defs_absent_from_xml_export_20260729_025002_taom_modules_ship_almost_no_item_xml,aferrer,2026-07-30
roh_nbl_shldr_cgs_2,item_defs_absent_from_xml_export_20260729_025002_taom_modules_ship_almost_no_item_xml,aferrer,2026-07-30
roh_sol_bts,item_defs_absent_from_xml_export_20260729_025002_taom_modules_ship_almost_no_item_xml,aferrer,2026-07-30
rohan_horse_armor_four,item_defs_absent_from_xml_export_20260729_025002_taom_modules_ship_almost_no_item_xml,aferrer,2026-07-30
rohan_horse_armor_one,item_defs_absent_from_xml_export_20260729_025002_taom_modules_ship_almost_no_item_xml,aferrer,2026-07-30
rohan_horse_armor_scalemail,item_defs_absent_from_xml_export_20260729_025002_taom_modules_ship_almost_no_item_xml,aferrer,2026-07-30
rohan_horse_armor_three,item_defs_absent_from_xml_export_20260729_025002_taom_modules_ship_almost_no_item_xml,aferrer,2026-07-30
rohan_horse_armor_two,item_defs_absent_from_xml_export_20260729_025002_taom_modules_ship_almost_no_item_xml,aferrer,2026-07-30
rohan_militia_armour_a,item_defs_absent_from_xml_export_20260729_025002_taom_modules_ship_almost_no_item_xml,aferrer,2026-07-30
rohan_militia_armour_b,item_defs_absent_from_xml_export_20260729_025002_taom_modules_ship_almost_no_item_xml,aferrer,2026-07-30
rohan_militia_armour_c,item_defs_absent_from_xml_export_20260729_025002_taom_modules_ship_almost_no_item_xml,aferrer,2026-07-30
rohan_militia_armour_d,item_defs_absent_from_xml_export_20260729_025002_taom_modules_ship_almost_no_item_xml,aferrer,2026-07-30
rohan_militia_armour_e,item_defs_absent_from_xml_export_20260729_025002_taom_modules_ship_almost_no_item_xml,aferrer,2026-07-30
rohan_militia_armour_f,item_defs_absent_from_xml_export_20260729_025002_taom_modules_ship_almost_no_item_xml,aferrer,2026-07-30
rohan_militia_armour_g,item_defs_absent_from_xml_export_20260729_025002_taom_modules_ship_almost_no_item_xml,aferrer,2026-07-30
rohan_militia_pauldron_both,item_defs_absent_from_xml_export_20260729_025002_taom_modules_ship_almost_no_item_xml,aferrer,2026-07-30
rohan_militia_tunic_a,item_defs_absent_from_xml_export_20260729_025002_taom_modules_ship_almost_no_item_xml,aferrer,2026-07-30
rohan_militia_tunic_b,item_defs_absent_from_xml_export_20260729_025002_taom_modules_ship_almost_no_item_xml,aferrer,2026-07-30
rohan_militia_tunic_c,item_defs_absent_from_xml_export_20260729_025002_taom_modules_ship_almost_no_item_xml,aferrer,2026-07-30
sk_dale_boots_archer_a01,item_defs_absent_from_xml_export_20260729_025002_taom_modules_ship_almost_no_item_xml,aferrer,2026-07-30
sk_dale_boots_archer_a02,item_defs_absent_from_xml_export_20260729_025002_taom_modules_ship_almost_no_item_xml,aferrer,2026-07-30
sk_dale_boots_archer_a03,item_defs_absent_from_xml_export_20260729_025002_taom_modules_ship_almost_no_item_xml,aferrer,2026-07-30
sk_dale_boots_archer_a04,item_defs_absent_from_xml_export_20260729_025002_taom_modules_ship_almost_no_item_xml,aferrer,2026-07-30
sk_dale_boots_archer_b01,item_defs_absent_from_xml_export_20260729_025002_taom_modules_ship_almost_no_item_xml,aferrer,2026-07-30
sk_dale_boots_archer_b02,item_defs_absent_from_xml_export_20260729_025002_taom_modules_ship_almost_no_item_xml,aferrer,2026-07-30
sk_dale_boots_archer_b03,item_defs_absent_from_xml_export_20260729_025002_taom_modules_ship_almost_no_item_xml,aferrer,2026-07-30
sk_dale_boots_archer_b04,item_defs_absent_from_xml_export_20260729_025002_taom_modules_ship_almost_no_item_xml,aferrer,2026-07-30
sk_dale_boots_chivlary_a01,item_defs_absent_from_xml_export_20260729_025002_taom_modules_ship_almost_no_item_xml,aferrer,2026-07-30
sk_dale_boots_chivlary_a02,item_defs_absent_from_xml_export_20260729_025002_taom_modules_ship_almost_no_item_xml,aferrer,2026-07-30
sk_dale_boots_chivlary_a03,item_defs_absent_from_xml_export_20260729_025002_taom_modules_ship_almost_no_item_xml,aferrer,2026-07-30
sk_dale_boots_chivlary_a04,item_defs_absent_from_xml_export_20260729_025002_taom_modules_ship_almost_no_item_xml,aferrer,2026-07-30
sk_dale_boots_chivlary_b01,item_defs_absent_from_xml_export_20260729_025002_taom_modules_ship_almost_no_item_xml,aferrer,2026-07-30
sk_dale_boots_chivlary_b02,item_defs_absent_from_xml_export_20260729_025002_taom_modules_ship_almost_no_item_xml,aferrer,2026-07-30
sk_dale_boots_chivlary_b03,item_defs_absent_from_xml_export_20260729_025002_taom_modules_ship_almost_no_item_xml,aferrer,2026-07-30
sk_dale_boots_chivlary_b04,item_defs_absent_from_xml_export_20260729_025002_taom_modules_ship_almost_no_item_xml,aferrer,2026-07-30
sk_dale_boots_infrantry_a01,item_defs_absent_from_xml_export_20260729_025002_taom_modules_ship_almost_no_item_xml,aferrer,2026-07-30
sk_dale_boots_infrantry_a02,item_defs_absent_from_xml_export_20260729_025002_taom_modules_ship_almost_no_item_xml,aferrer,2026-07-30
sk_dale_boots_infrantry_a03,item_defs_absent_from_xml_export_20260729_025002_taom_modules_ship_almost_no_item_xml,aferrer,2026-07-30
sk_dale_boots_infrantry_a04,item_defs_absent_from_xml_export_20260729_025002_taom_modules_ship_almost_no_item_xml,aferrer,2026-07-30
sk_dale_boots_infrantry_b01,item_defs_absent_from_xml_export_20260729_025002_taom_modules_ship_almost_no_item_xml,aferrer,2026-07-30
sk_dale_boots_infrantry_b02,item_defs_absent_from_xml_export_20260729_025002_taom_modules_ship_almost_no_item_xml,aferrer,2026-07-30
sk_dale_boots_infrantry_b03,item_defs_absent_from_xml_export_20260729_025002_taom_modules_ship_almost_no_item_xml,aferrer,2026-07-30
sk_dale_boots_infrantry_b04,item_defs_absent_from_xml_export_20260729_025002_taom_modules_ship_almost_no_item_xml,aferrer,2026-07-30
sk_dale_chest_archer_a01,item_defs_absent_from_xml_export_20260729_025002_taom_modules_ship_almost_no_item_xml,aferrer,2026-07-30
sk_dale_chest_archer_a02,item_defs_absent_from_xml_export_20260729_025002_taom_modules_ship_almost_no_item_xml,aferrer,2026-07-30
sk_dale_chest_archer_a03,item_defs_absent_from_xml_export_20260729_025002_taom_modules_ship_almost_no_item_xml,aferrer,2026-07-30
sk_dale_chest_archer_a04,item_defs_absent_from_xml_export_20260729_025002_taom_modules_ship_almost_no_item_xml,aferrer,2026-07-30
sk_dale_chest_archer_b01,item_defs_absent_from_xml_export_20260729_025002_taom_modules_ship_almost_no_item_xml,aferrer,2026-07-30
sk_dale_chest_archer_b02,item_defs_absent_from_xml_export_20260729_025002_taom_modules_ship_almost_no_item_xml,aferrer,2026-07-30
sk_dale_chest_archer_b03,item_defs_absent_from_xml_export_20260729_025002_taom_modules_ship_almost_no_item_xml,aferrer,2026-07-30
sk_dale_chest_archer_b04,item_defs_absent_from_xml_export_20260729_025002_taom_modules_ship_almost_no_item_xml,aferrer,2026-07-30
sk_dale_chest_chivalry_a01,item_defs_absent_from_xml_export_20260729_025002_taom_modules_ship_almost_no_item_xml,aferrer,2026-07-30
sk_dale_chest_chivalry_a02,item_defs_absent_from_xml_export_20260729_025002_taom_modules_ship_almost_no_item_xml,aferrer,2026-07-30
sk_dale_chest_chivalry_a03,item_defs_absent_from_xml_export_20260729_025002_taom_modules_ship_almost_no_item_xml,aferrer,2026-07-30
sk_dale_chest_chivalry_a04,item_defs_absent_from_xml_export_20260729_025002_taom_modules_ship_almost_no_item_xml,aferrer,2026-07-30
sk_dale_chest_chivalry_b01,item_defs_absent_from_xml_export_20260729_025002_taom_modules_ship_almost_no_item_xml,aferrer,2026-07-30
sk_dale_chest_chivalry_b02,item_defs_absent_from_xml_export_20260729_025002_taom_modules_ship_almost_no_item_xml,aferrer,2026-07-30
sk_dale_chest_chivalry_b03,item_defs_absent_from_xml_export_20260729_025002_taom_modules_ship_almost_no_item_xml,aferrer,2026-07-30
sk_dale_chest_chivalry_b04,item_defs_absent_from_xml_export_20260729_025002_taom_modules_ship_almost_no_item_xml,aferrer,2026-07-30
sk_dale_chest_infrantry_a01,item_defs_absent_from_xml_export_20260729_025002_taom_modules_ship_almost_no_item_xml,aferrer,2026-07-30
sk_dale_chest_infrantry_a02,item_defs_absent_from_xml_export_20260729_025002_taom_modules_ship_almost_no_item_xml,aferrer,2026-07-30
sk_dale_chest_infrantry_a03,item_defs_absent_from_xml_export_20260729_025002_taom_modules_ship_almost_no_item_xml,aferrer,2026-07-30
sk_dale_chest_infrantry_a04,item_defs_absent_from_xml_export_20260729_025002_taom_modules_ship_almost_no_item_xml,aferrer,2026-07-30
sk_dale_chest_infrantry_b01,item_defs_absent_from_xml_export_20260729_025002_taom_modules_ship_almost_no_item_xml,aferrer,2026-07-30
sk_dale_chest_infrantry_b02,item_defs_absent_from_xml_export_20260729_025002_taom_modules_ship_almost_no_item_xml,aferrer,2026-07-30
sk_dale_chest_infrantry_b03,item_defs_absent_from_xml_export_20260729_025002_taom_modules_ship_almost_no_item_xml,aferrer,2026-07-30
sk_dale_chest_infrantry_b04,item_defs_absent_from_xml_export_20260729_025002_taom_modules_ship_almost_no_item_xml,aferrer,2026-07-30
sk_dale_gauntlet_archer_a01,item_defs_absent_from_xml_export_20260729_025002_taom_modules_ship_almost_no_item_xml,aferrer,2026-07-30
sk_dale_gauntlet_archer_a02,item_defs_absent_from_xml_export_20260729_025002_taom_modules_ship_almost_no_item_xml,aferrer,2026-07-30
sk_dale_gauntlet_archer_a03,item_defs_absent_from_xml_export_20260729_025002_taom_modules_ship_almost_no_item_xml,aferrer,2026-07-30
sk_dale_gauntlet_archer_a04,item_defs_absent_from_xml_export_20260729_025002_taom_modules_ship_almost_no_item_xml,aferrer,2026-07-30
sk_dale_gauntlet_archer_b01,item_defs_absent_from_xml_export_20260729_025002_taom_modules_ship_almost_no_item_xml,aferrer,2026-07-30
sk_dale_gauntlet_archer_b02,item_defs_absent_from_xml_export_20260729_025002_taom_modules_ship_almost_no_item_xml,aferrer,2026-07-30
sk_dale_gauntlet_archer_b03,item_defs_absent_from_xml_export_20260729_025002_taom_modules_ship_almost_no_item_xml,aferrer,2026-07-30
sk_dale_gauntlet_archer_b04,item_defs_absent_from_xml_export_20260729_025002_taom_modules_ship_almost_no_item_xml,aferrer,2026-07-30
sk_dale_gauntlet_chivlary_a01,item_defs_absent_from_xml_export_20260729_025002_taom_modules_ship_almost_no_item_xml,aferrer,2026-07-30
sk_dale_gauntlet_chivlary_a02,item_defs_absent_from_xml_export_20260729_025002_taom_modules_ship_almost_no_item_xml,aferrer,2026-07-30
sk_dale_gauntlet_chivlary_a03,item_defs_absent_from_xml_export_20260729_025002_taom_modules_ship_almost_no_item_xml,aferrer,2026-07-30
sk_dale_gauntlet_chivlary_a04,item_defs_absent_from_xml_export_20260729_025002_taom_modules_ship_almost_no_item_xml,aferrer,2026-07-30
sk_dale_gauntlet_chivlary_b01,item_defs_absent_from_xml_export_20260729_025002_taom_modules_ship_almost_no_item_xml,aferrer,2026-07-30
sk_dale_gauntlet_chivlary_b02,item_defs_absent_from_xml_export_20260729_025002_taom_modules_ship_almost_no_item_xml,aferrer,2026-07-30
sk_dale_gauntlet_chivlary_b03,item_defs_absent_from_xml_export_20260729_025002_taom_modules_ship_almost_no_item_xml,aferrer,2026-07-30
sk_dale_gauntlet_chivlary_b04,item_defs_absent_from_xml_export_20260729_025002_taom_modules_ship_almost_no_item_xml,aferrer,2026-07-30
sk_dale_gauntlet_infrantry_a01,item_defs_absent_from_xml_export_20260729_025002_taom_modules_ship_almost_no_item_xml,aferrer,2026-07-30
sk_dale_gauntlet_infrantry_a02,item_defs_absent_from_xml_export_20260729_025002_taom_modules_ship_almost_no_item_xml,aferrer,2026-07-30
sk_dale_gauntlet_infrantry_a03,item_defs_absent_from_xml_export_20260729_025002_taom_modules_ship_almost_no_item_xml,aferrer,2026-07-30
sk_dale_gauntlet_infrantry_a04,item_defs_absent_from_xml_export_20260729_025002_taom_modules_ship_almost_no_item_xml,aferrer,2026-07-30
sk_dale_gauntlet_infrantry_b01,item_defs_absent_from_xml_export_20260729_025002_taom_modules_ship_almost_no_item_xml,aferrer,2026-07-30
sk_dale_gauntlet_infrantry_b02,item_defs_absent_from_xml_export_20260729_025002_taom_modules_ship_almost_no_item_xml,aferrer,2026-07-30
sk_dale_gauntlet_infrantry_b03,item_defs_absent_from_xml_export_20260729_025002_taom_modules_ship_almost_no_item_xml,aferrer,2026-07-30
sk_dale_gauntlet_infrantry_b04,item_defs_absent_from_xml_export_20260729_025002_taom_modules_ship_almost_no_item_xml,aferrer,2026-07-30
sk_dale_helmet_archer_a01,item_defs_absent_from_xml_export_20260729_025002_taom_modules_ship_almost_no_item_xml,aferrer,2026-07-30
sk_dale_helmet_archer_a02,item_defs_absent_from_xml_export_20260729_025002_taom_modules_ship_almost_no_item_xml,aferrer,2026-07-30
sk_dale_helmet_archer_a03,item_defs_absent_from_xml_export_20260729_025002_taom_modules_ship_almost_no_item_xml,aferrer,2026-07-30
sk_dale_helmet_archer_a04,item_defs_absent_from_xml_export_20260729_025002_taom_modules_ship_almost_no_item_xml,aferrer,2026-07-30
sk_dale_helmet_archer_b01,item_defs_absent_from_xml_export_20260729_025002_taom_modules_ship_almost_no_item_xml,aferrer,2026-07-30
sk_dale_helmet_archer_b02,item_defs_absent_from_xml_export_20260729_025002_taom_modules_ship_almost_no_item_xml,aferrer,2026-07-30
sk_dale_helmet_archer_b03,item_defs_absent_from_xml_export_20260729_025002_taom_modules_ship_almost_no_item_xml,aferrer,2026-07-30
sk_dale_helmet_archer_b04,item_defs_absent_from_xml_export_20260729_025002_taom_modules_ship_almost_no_item_xml,aferrer,2026-07-30
sk_dale_helmet_chivlary_a01,item_defs_absent_from_xml_export_20260729_025002_taom_modules_ship_almost_no_item_xml,aferrer,2026-07-30
sk_dale_helmet_chivlary_a02,item_defs_absent_from_xml_export_20260729_025002_taom_modules_ship_almost_no_item_xml,aferrer,2026-07-30
sk_dale_helmet_chivlary_a03,item_defs_absent_from_xml_export_20260729_025002_taom_modules_ship_almost_no_item_xml,aferrer,2026-07-30
sk_dale_helmet_chivlary_a04,item_defs_absent_from_xml_export_20260729_025002_taom_modules_ship_almost_no_item_xml,aferrer,2026-07-30
sk_dale_helmet_chivlary_b01,item_defs_absent_from_xml_export_20260729_025002_taom_modules_ship_almost_no_item_xml,aferrer,2026-07-30
sk_dale_helmet_chivlary_b02,item_defs_absent_from_xml_export_20260729_025002_taom_modules_ship_almost_no_item_xml,aferrer,2026-07-30
sk_dale_helmet_chivlary_b03,item_defs_absent_from_xml_export_20260729_025002_taom_modules_ship_almost_no_item_xml,aferrer,2026-07-30
sk_dale_helmet_chivlary_b04,item_defs_absent_from_xml_export_20260729_025002_taom_modules_ship_almost_no_item_xml,aferrer,2026-07-30
sk_dale_helmet_infrantry_a01,item_defs_absent_from_xml_export_20260729_025002_taom_modules_ship_almost_no_item_xml,aferrer,2026-07-30
sk_dale_helmet_infrantry_a02,item_defs_absent_from_xml_export_20260729_025002_taom_modules_ship_almost_no_item_xml,aferrer,2026-07-30
sk_dale_helmet_infrantry_a03,item_defs_absent_from_xml_export_20260729_025002_taom_modules_ship_almost_no_item_xml,aferrer,2026-07-30
sk_dale_helmet_infrantry_a04,item_defs_absent_from_xml_export_20260729_025002_taom_modules_ship_almost_no_item_xml,aferrer,2026-07-30
sk_dale_helmet_infrantry_b01,item_defs_absent_from_xml_export_20260729_025002_taom_modules_ship_almost_no_item_xml,aferrer,2026-07-30
sk_dale_helmet_infrantry_b02,item_defs_absent_from_xml_export_20260729_025002_taom_modules_ship_almost_no_item_xml,aferrer,2026-07-30
sk_dale_helmet_infrantry_b03,item_defs_absent_from_xml_export_20260729_025002_taom_modules_ship_almost_no_item_xml,aferrer,2026-07-30
sk_dale_helmet_infrantry_b04,item_defs_absent_from_xml_export_20260729_025002_taom_modules_ship_almost_no_item_xml,aferrer,2026-07-30
sk_dale_lake_town_boots_mariner_a01,item_defs_absent_from_xml_export_20260729_025002_taom_modules_ship_almost_no_item_xml,aferrer,2026-07-30
sk_dale_lake_town_boots_mariner_a02,item_defs_absent_from_xml_export_20260729_025002_taom_modules_ship_almost_no_item_xml,aferrer,2026-07-30
sk_dale_lake_town_boots_mariner_a03,item_defs_absent_from_xml_export_20260729_025002_taom_modules_ship_almost_no_item_xml,aferrer,2026-07-30
sk_dale_lake_town_boots_mariner_a04,item_defs_absent_from_xml_export_20260729_025002_taom_modules_ship_almost_no_item_xml,aferrer,2026-07-30
sk_dale_lake_town_boots_mariner_b01,item_defs_absent_from_xml_export_20260729_025002_taom_modules_ship_almost_no_item_xml,aferrer,2026-07-30
sk_dale_lake_town_boots_mariner_b02,item_defs_absent_from_xml_export_20260729_025002_taom_modules_ship_almost_no_item_xml,aferrer,2026-07-30
sk_dale_lake_town_boots_mariner_b03,item_defs_absent_from_xml_export_20260729_025002_taom_modules_ship_almost_no_item_xml,aferrer,2026-07-30
sk_dale_lake_town_boots_mariner_b04,item_defs_absent_from_xml_export_20260729_025002_taom_modules_ship_almost_no_item_xml,aferrer,2026-07-30
sk_dale_lake_town_bracers_mariner_a01,item_defs_absent_from_xml_export_20260729_025002_taom_modules_ship_almost_no_item_xml,aferrer,2026-07-30
sk_dale_lake_town_bracers_mariner_a02,item_defs_absent_from_xml_export_20260729_025002_taom_modules_ship_almost_no_item_xml,aferrer,2026-07-30
sk_dale_lake_town_bracers_mariner_a03,item_defs_absent_from_xml_export_20260729_025002_taom_modules_ship_almost_no_item_xml,aferrer,2026-07-30
sk_dale_lake_town_bracers_mariner_a04,item_defs_absent_from_xml_export_20260729_025002_taom_modules_ship_almost_no_item_xml,aferrer,2026-07-30
sk_dale_lake_town_bracers_mariner_b01,item_defs_absent_from_xml_export_20260729_025002_taom_modules_ship_almost_no_item_xml,aferrer,2026-07-30
sk_dale_lake_town_bracers_mariner_b02,item_defs_absent_from_xml_export_20260729_025002_taom_modules_ship_almost_no_item_xml,aferrer,2026-07-30
sk_dale_lake_town_bracers_mariner_b03,item_defs_absent_from_xml_export_20260729_025002_taom_modules_ship_almost_no_item_xml,aferrer,2026-07-30
sk_dale_lake_town_bracers_mariner_b04,item_defs_absent_from_xml_export_20260729_025002_taom_modules_ship_almost_no_item_xml,aferrer,2026-07-30
sk_dale_lake_town_chest_mariner_a01,item_defs_absent_from_xml_export_20260729_025002_taom_modules_ship_almost_no_item_xml,aferrer,2026-07-30
sk_dale_lake_town_chest_mariner_a02,item_defs_absent_from_xml_export_20260729_025002_taom_modules_ship_almost_no_item_xml,aferrer,2026-07-30
sk_dale_lake_town_chest_mariner_a03,item_defs_absent_from_xml_export_20260729_025002_taom_modules_ship_almost_no_item_xml,aferrer,2026-07-30
sk_dale_lake_town_chest_mariner_a04,item_defs_absent_from_xml_export_20260729_025002_taom_modules_ship_almost_no_item_xml,aferrer,2026-07-30
sk_dale_lake_town_chest_mariner_b01,item_defs_absent_from_xml_export_20260729_025002_taom_modules_ship_almost_no_item_xml,aferrer,2026-07-30
sk_dale_lake_town_chest_mariner_b02,item_defs_absent_from_xml_export_20260729_025002_taom_modules_ship_almost_no_item_xml,aferrer,2026-07-30
sk_dale_lake_town_chest_mariner_b03,item_defs_absent_from_xml_export_20260729_025002_taom_modules_ship_almost_no_item_xml,aferrer,2026-07-30
sk_dale_lake_town_chest_mariner_b04,item_defs_absent_from_xml_export_20260729_025002_taom_modules_ship_almost_no_item_xml,aferrer,2026-07-30
sk_dale_lake_town_helmet_mariner_a01,item_defs_absent_from_xml_export_20260729_025002_taom_modules_ship_almost_no_item_xml,aferrer,2026-07-30
sk_dale_lake_town_helmet_mariner_a02,item_defs_absent_from_xml_export_20260729_025002_taom_modules_ship_almost_no_item_xml,aferrer,2026-07-30
sk_dale_lake_town_helmet_mariner_a03,item_defs_absent_from_xml_export_20260729_025002_taom_modules_ship_almost_no_item_xml,aferrer,2026-07-30
sk_dale_lake_town_helmet_mariner_a04,item_defs_absent_from_xml_export_20260729_025002_taom_modules_ship_almost_no_item_xml,aferrer,2026-07-30
sk_dale_lake_town_helmet_mariner_b01,item_defs_absent_from_xml_export_20260729_025002_taom_modules_ship_almost_no_item_xml,aferrer,2026-07-30
sk_dale_lake_town_helmet_mariner_b02,item_defs_absent_from_xml_export_20260729_025002_taom_modules_ship_almost_no_item_xml,aferrer,2026-07-30
sk_dale_lake_town_helmet_mariner_b03,item_defs_absent_from_xml_export_20260729_025002_taom_modules_ship_almost_no_item_xml,aferrer,2026-07-30
sk_dale_lake_town_helmet_mariner_b04,item_defs_absent_from_xml_export_20260729_025002_taom_modules_ship_almost_no_item_xml,aferrer,2026-07-30
sk_dale_lake_town_shoulder_mariner_a01,item_defs_absent_from_xml_export_20260729_025002_taom_modules_ship_almost_no_item_xml,aferrer,2026-07-30
sk_dale_lake_town_shoulder_mariner_a03,item_defs_absent_from_xml_export_20260729_025002_taom_modules_ship_almost_no_item_xml,aferrer,2026-07-30
sk_dale_lake_town_shoulder_mariner_b01,item_defs_absent_from_xml_export_20260729_025002_taom_modules_ship_almost_no_item_xml,aferrer,2026-07-30
sk_dale_lake_town_shoulder_mariner_b03,item_defs_absent_from_xml_export_20260729_025002_taom_modules_ship_almost_no_item_xml,aferrer,2026-07-30
sk_dale_shoulder_archer_a01,item_defs_absent_from_xml_export_20260729_025002_taom_modules_ship_almost_no_item_xml,aferrer,2026-07-30
sk_dale_shoulder_archer_a03,item_defs_absent_from_xml_export_20260729_025002_taom_modules_ship_almost_no_item_xml,aferrer,2026-07-30
sk_dale_shoulder_archer_a04,item_defs_absent_from_xml_export_20260729_025002_taom_modules_ship_almost_no_item_xml,aferrer,2026-07-30
sk_dale_shoulder_archer_b01,item_defs_absent_from_xml_export_20260729_025002_taom_modules_ship_almost_no_item_xml,aferrer,2026-07-30
sk_dale_shoulder_archer_b03,item_defs_absent_from_xml_export_20260729_025002_taom_modules_ship_almost_no_item_xml,aferrer,2026-07-30
sk_dale_shoulder_archer_b04,item_defs_absent_from_xml_export_20260729_025002_taom_modules_ship_almost_no_item_xml,aferrer,2026-07-30
sk_dale_shoulder_chivlary_a01,item_defs_absent_from_xml_export_20260729_025002_taom_modules_ship_almost_no_item_xml,aferrer,2026-07-30
sk_dale_shoulder_chivlary_a02,item_defs_absent_from_xml_export_20260729_025002_taom_modules_ship_almost_no_item_xml,aferrer,2026-07-30
sk_dale_shoulder_chivlary_a03,item_defs_absent_from_xml_export_20260729_025002_taom_modules_ship_almost_no_item_xml,aferrer,2026-07-30
sk_dale_shoulder_chivlary_a04,item_defs_absent_from_xml_export_20260729_025002_taom_modules_ship_almost_no_item_xml,aferrer,2026-07-30
sk_dale_shoulder_chivlary_b01,item_defs_absent_from_xml_export_20260729_025002_taom_modules_ship_almost_no_item_xml,aferrer,2026-07-30
sk_dale_shoulder_chivlary_b02,item_defs_absent_from_xml_export_20260729_025002_taom_modules_ship_almost_no_item_xml,aferrer,2026-07-30
sk_dale_shoulder_chivlary_b03,item_defs_absent_from_xml_export_20260729_025002_taom_modules_ship_almost_no_item_xml,aferrer,2026-07-30
sk_dale_shoulder_chivlary_b04,item_defs_absent_from_xml_export_20260729_025002_taom_modules_ship_almost_no_item_xml,aferrer,2026-07-30
sk_dale_shoulder_infrantry_a01,item_defs_absent_from_xml_export_20260729_025002_taom_modules_ship_almost_no_item_xml,aferrer,2026-07-30
sk_dale_shoulder_infrantry_a02,item_defs_absent_from_xml_export_20260729_025002_taom_modules_ship_almost_no_item_xml,aferrer,2026-07-30
sk_dale_shoulder_infrantry_a03,item_defs_absent_from_xml_export_20260729_025002_taom_modules_ship_almost_no_item_xml,aferrer,2026-07-30
sk_dale_shoulder_infrantry_a04,item_defs_absent_from_xml_export_20260729_025002_taom_modules_ship_almost_no_item_xml,aferrer,2026-07-30
sk_dale_shoulder_infrantry_b01,item_defs_absent_from_xml_export_20260729_025002_taom_modules_ship_almost_no_item_xml,aferrer,2026-07-30
sk_dale_shoulder_infrantry_b02,item_defs_absent_from_xml_export_20260729_025002_taom_modules_ship_almost_no_item_xml,aferrer,2026-07-30
sk_dale_shoulder_infrantry_b03,item_defs_absent_from_xml_export_20260729_025002_taom_modules_ship_almost_no_item_xml,aferrer,2026-07-30
sk_dale_shoulder_infrantry_b04,item_defs_absent_from_xml_export_20260729_025002_taom_modules_ship_almost_no_item_xml,aferrer,2026-07-30
sk_dg_khml_bracer_heavy_a,item_defs_absent_from_xml_export_20260729_025002_taom_modules_ship_almost_no_item_xml,aferrer,2026-07-30
sk_dg_khml_bracer_heavy_b,item_defs_absent_from_xml_export_20260729_025002_taom_modules_ship_almost_no_item_xml,aferrer,2026-07-30
sk_dg_khml_bracer_heavy_c,item_defs_absent_from_xml_export_20260729_025002_taom_modules_ship_almost_no_item_xml,aferrer,2026-07-30
sk_dg_khml_bracer_hplate_heavy_a,item_defs_absent_from_xml_export_20260729_025002_taom_modules_ship_almost_no_item_xml,aferrer,2026-07-30
sk_dg_khml_bracer_hplate_light_a,item_defs_absent_from_xml_export_20260729_025002_taom_modules_ship_almost_no_item_xml,aferrer,2026-07-30
sk_dg_khml_bracer_hplate_med_a,item_defs_absent_from_xml_export_20260729_025002_taom_modules_ship_almost_no_item_xml,aferrer,2026-07-30
sk_dg_khml_bracer_lam_heavy_a,item_defs_absent_from_xml_export_20260729_025002_taom_modules_ship_almost_no_item_xml,aferrer,2026-07-30
sk_dg_khml_bracer_lam_light_a,item_defs_absent_from_xml_export_20260729_025002_taom_modules_ship_almost_no_item_xml,aferrer,2026-07-30
sk_dg_khml_bracer_lam_med_a,item_defs_absent_from_xml_export_20260729_025002_taom_modules_ship_almost_no_item_xml,aferrer,2026-07-30
sk_dg_khml_bracer_light_a,item_defs_absent_from_xml_export_20260729_025002_taom_modules_ship_almost_no_item_xml,aferrer,2026-07-30
sk_dg_khml_bracer_med_a,item_defs_absent_from_xml_export_20260729_025002_taom_modules_ship_almost_no_item_xml,aferrer,2026-07-30
sk_dg_khml_bracer_med_b,item_defs_absent_from_xml_export_20260729_025002_taom_modules_ship_almost_no_item_xml,aferrer,2026-07-30
sk_dg_khml_bracer_med_c,item_defs_absent_from_xml_export_20260729_025002_taom_modules_ship_almost_no_item_xml,aferrer,2026-07-30
sk_dg_khml_bracer_plate_heavy_a,item_defs_absent_from_xml_export_20260729_025002_taom_modules_ship_almost_no_item_xml,aferrer,2026-07-30
sk_dg_khml_bracer_plate_light_a,item_defs_absent_from_xml_export_20260729_025002_taom_modules_ship_almost_no_item_xml,aferrer,2026-07-30
sk_dg_khml_bracer_plate_med_a,item_defs_absent_from_xml_export_20260729_025002_taom_modules_ship_almost_no_item_xml,aferrer,2026-07-30
sk_dg_khml_cape_heavy_a,item_defs_absent_from_xml_export_20260729_025002_taom_modules_ship_almost_no_item_xml,aferrer,2026-07-30
sk_dg_khml_cape_heavy_b,item_defs_absent_from_xml_export_20260729_025002_taom_modules_ship_almost_no_item_xml,aferrer,2026-07-30
sk_dg_khml_cape_hplate_heavy_a,item_defs_absent_from_xml_export_20260729_025002_taom_modules_ship_almost_no_item_xml,aferrer,2026-07-30
sk_dg_khml_cape_plate_heavy_a,item_defs_absent_from_xml_export_20260729_025002_taom_modules_ship_almost_no_item_xml,aferrer,2026-07-30
sk_dg_khml_cape_scale_heavy_a,item_defs_absent_from_xml_export_20260729_025002_taom_modules_ship_almost_no_item_xml,aferrer,2026-07-30
sk_dg_khml_chest_elite_b,item_defs_absent_from_xml_export_20260729_025002_taom_modules_ship_almost_no_item_xml,aferrer,2026-07-30
sk_dg_khml_chest_heavy_a,item_defs_absent_from_xml_export_20260729_025002_taom_modules_ship_almost_no_item_xml,aferrer,2026-07-30
sk_dg_khml_chest_heavy_c,item_defs_absent_from_xml_export_20260729_025002_taom_modules_ship_almost_no_item_xml,aferrer,2026-07-30
sk_dg_khml_chest_heavy_d,item_defs_absent_from_xml_export_20260729_025002_taom_modules_ship_almost_no_item_xml,aferrer,2026-07-30
sk_dg_khml_chest_light_a,item_defs_absent_from_xml_export_20260729_025002_taom_modules_ship_almost_no_item_xml,aferrer,2026-07-30
sk_dg_khml_chest_light_b,item_defs_absent_from_xml_export_20260729_025002_taom_modules_ship_almost_no_item_xml,aferrer,2026-07-30
sk_dg_khml_chest_light_c,item_defs_absent_from_xml_export_20260729_025002_taom_modules_ship_almost_no_item_xml,aferrer,2026-07-30
sk_dg_khml_chest_light_d,item_defs_absent_from_xml_export_20260729_025002_taom_modules_ship_almost_no_item_xml,aferrer,2026-07-30
sk_dg_khml_chest_med_a,item_defs_absent_from_xml_export_20260729_025002_taom_modules_ship_almost_no_item_xml,aferrer,2026-07-30
sk_dg_khml_chest_med_c,item_defs_absent_from_xml_export_20260729_025002_taom_modules_ship_almost_no_item_xml,aferrer,2026-07-30
sk_dg_khml_chest_med_d,item_defs_absent_from_xml_export_20260729_025002_taom_modules_ship_almost_no_item_xml,aferrer,2026-07-30
sk_dg_khml_grvs_heavy_a,item_defs_absent_from_xml_export_20260729_025002_taom_modules_ship_almost_no_item_xml,aferrer,2026-07-30
sk_dg_khml_grvs_heavy_b,item_defs_absent_from_xml_export_20260729_025002_taom_modules_ship_almost_no_item_xml,aferrer,2026-07-30
sk_dg_khml_grvs_hplate_heavy_a,item_defs_absent_from_xml_export_20260729_025002_taom_modules_ship_almost_no_item_xml,aferrer,2026-07-30
sk_dg_khml_grvs_hplate_light_a,item_defs_absent_from_xml_export_20260729_025002_taom_modules_ship_almost_no_item_xml,aferrer,2026-07-30
sk_dg_khml_grvs_light_a,item_defs_absent_from_xml_export_20260729_025002_taom_modules_ship_almost_no_item_xml,aferrer,2026-07-30
sk_dg_khml_grvs_light_b,item_defs_absent_from_xml_export_20260729_025002_taom_modules_ship_almost_no_item_xml,aferrer,2026-07-30
sk_dg_khml_grvs_plate_elite_a,item_defs_absent_from_xml_export_20260729_025002_taom_modules_ship_almost_no_item_xml,aferrer,2026-07-30
sk_dg_khml_grvs_plate_heavy_a,item_defs_absent_from_xml_export_20260729_025002_taom_modules_ship_almost_no_item_xml,aferrer,2026-07-30
sk_dg_khml_grvs_plate_light_a,item_defs_absent_from_xml_export_20260729_025002_taom_modules_ship_almost_no_item_xml,aferrer,2026-07-30
sk_dg_khml_grvs_plate_med_a,item_defs_absent_from_xml_export_20260729_025002_taom_modules_ship_almost_no_item_xml,aferrer,2026-07-30
sk_dg_khml_grvs_scale_heavy_a,item_defs_absent_from_xml_export_20260729_025002_taom_modules_ship_almost_no_item_xml,aferrer,2026-07-30
sk_dg_khml_grvs_scale_light_a,item_defs_absent_from_xml_export_20260729_025002_taom_modules_ship_almost_no_item_xml,aferrer,2026-07-30
sk_dg_khml_helmet_arch_elite_a,item_defs_absent_from_xml_export_20260729_025002_taom_modules_ship_almost_no_item_xml,aferrer,2026-07-30
sk_dg_khml_helmet_arch_heavy_a,item_defs_absent_from_xml_export_20260729_025002_taom_modules_ship_almost_no_item_xml,aferrer,2026-07-30
sk_dg_khml_helmet_arch_light_a,item_defs_absent_from_xml_export_20260729_025002_taom_modules_ship_almost_no_item_xml,aferrer,2026-07-30
sk_dg_khml_helmet_arch_med_a,item_defs_absent_from_xml_export_20260729_025002_taom_modules_ship_almost_no_item_xml,aferrer,2026-07-30
sk_dg_khml_helmet_arch_med_b,item_defs_absent_from_xml_export_20260729_025002_taom_modules_ship_almost_no_item_xml,aferrer,2026-07-30
sk_dg_khml_helmet_arch_med_c,item_defs_absent_from_xml_export_20260729_025002_taom_modules_ship_almost_no_item_xml,aferrer,2026-07-30
sk_dg_khml_helmet_cav_heavy_a,item_defs_absent_from_xml_export_20260729_025002_taom_modules_ship_almost_no_item_xml,aferrer,2026-07-30
sk_dg_khml_helmet_cav_heavy_b,item_defs_absent_from_xml_export_20260729_025002_taom_modules_ship_almost_no_item_xml,aferrer,2026-07-30
sk_dg_khml_helmet_cav_heavy_c,item_defs_absent_from_xml_export_20260729_025002_taom_modules_ship_almost_no_item_xml,aferrer,2026-07-30
sk_dg_khml_helmet_cav_light_a,item_defs_absent_from_xml_export_20260729_025002_taom_modules_ship_almost_no_item_xml,aferrer,2026-07-30
sk_dg_khml_helmet_cav_med_a,item_defs_absent_from_xml_export_20260729_025002_taom_modules_ship_almost_no_item_xml,aferrer,2026-07-30
sk_dg_khml_helmet_cav_med_b,item_defs_absent_from_xml_export_20260729_025002_taom_modules_ship_almost_no_item_xml,aferrer,2026-07-30
sk_dg_khml_helmet_cult_elite_a,item_defs_absent_from_xml_export_20260729_025002_taom_modules_ship_almost_no_item_xml,aferrer,2026-07-30
sk_dg_khml_helmet_cult_elite_g,item_defs_absent_from_xml_export_20260729_025002_taom_modules_ship_almost_no_item_xml,aferrer,2026-07-30
sk_dg_khml_helmet_cult_elite_h,item_defs_absent_from_xml_export_20260729_025002_taom_modules_ship_almost_no_item_xml,aferrer,2026-07-30
sk_dg_khml_helmet_cult_elite_i,item_defs_absent_from_xml_export_20260729_025002_taom_modules_ship_almost_no_item_xml,aferrer,2026-07-30
sk_dg_khml_helmet_cult_heavy_a,item_defs_absent_from_xml_export_20260729_025002_taom_modules_ship_almost_no_item_xml,aferrer,2026-07-30
sk_dg_khml_helmet_cult_heavy_b,item_defs_absent_from_xml_export_20260729_025002_taom_modules_ship_almost_no_item_xml,aferrer,2026-07-30
sk_dg_khml_helmet_cult_heavy_c,item_defs_absent_from_xml_export_20260729_025002_taom_modules_ship_almost_no_item_xml,aferrer,2026-07-30
sk_dg_khml_helmet_cult_med_a,item_defs_absent_from_xml_export_20260729_025002_taom_modules_ship_almost_no_item_xml,aferrer,2026-07-30
sk_dg_khml_helmet_inf_elite_a,item_defs_absent_from_xml_export_20260729_025002_taom_modules_ship_almost_no_item_xml,aferrer,2026-07-30
sk_dg_khml_helmet_inf_elite_b,item_defs_absent_from_xml_export_20260729_025002_taom_modules_ship_almost_no_item_xml,aferrer,2026-07-30
sk_dg_khml_helmet_inf_elite_c,item_defs_absent_from_xml_export_20260729_025002_taom_modules_ship_almost_no_item_xml,aferrer,2026-07-30
sk_dg_khml_helmet_inf_heavy_a,item_defs_absent_from_xml_export_20260729_025002_taom_modules_ship_almost_no_item_xml,aferrer,2026-07-30
sk_dg_khml_helmet_inf_heavy_b,item_defs_absent_from_xml_export_20260729_025002_taom_modules_ship_almost_no_item_xml,aferrer,2026-07-30
sk_dg_khml_helmet_inf_heavy_c,item_defs_absent_from_xml_export_20260729_025002_taom_modules_ship_almost_no_item_xml,aferrer,2026-07-30
sk_dg_khml_helmet_inf_light_a,item_defs_absent_from_xml_export_20260729_025002_taom_modules_ship_almost_no_item_xml,aferrer,2026-07-30
sk_dg_khml_helmet_inf_med_a,item_defs_absent_from_xml_export_20260729_025002_taom_modules_ship_almost_no_item_xml,aferrer,2026-07-30
sk_dg_khml_helmet_inf_med_b,item_defs_absent_from_xml_export_20260729_025002_taom_modules_ship_almost_no_item_xml,aferrer,2026-07-30
sk_dg_khml_helmet_inf_med_c,item_defs_absent_from_xml_export_20260729_025002_taom_modules_ship_almost_no_item_xml,aferrer,2026-07-30
sk_dg_khml_hood_heavy_a,item_defs_absent_from_xml_export_20260729_025002_taom_modules_ship_almost_no_item_xml,aferrer,2026-07-30
sk_dg_khml_hood_heavy_b,item_defs_absent_from_xml_export_20260729_025002_taom_modules_ship_almost_no_item_xml,aferrer,2026-07-30
sk_dg_khml_hood_heavy_c,item_defs_absent_from_xml_export_20260729_025002_taom_modules_ship_almost_no_item_xml,aferrer,2026-07-30
sk_dg_khml_hood_heavy_d,item_defs_absent_from_xml_export_20260729_025002_taom_modules_ship_almost_no_item_xml,aferrer,2026-07-30
sk_dg_khml_hood_med_a,item_defs_absent_from_xml_export_20260729_025002_taom_modules_ship_almost_no_item_xml,aferrer,2026-07-30
sk_dg_khml_hood_med_b,item_defs_absent_from_xml_export_20260729_025002_taom_modules_ship_almost_no_item_xml,aferrer,2026-07-30
sk_dg_khml_hplate_elite_a,item_defs_absent_from_xml_export_20260729_025002_taom_modules_ship_almost_no_item_xml,aferrer,2026-07-30
sk_dg_khml_hplate_heavy_a,item_defs_absent_from_xml_export_20260729_025002_taom_modules_ship_almost_no_item_xml,aferrer,2026-07-30
sk_dg_khml_hplate_heavy_b,item_defs_absent_from_xml_export_20260729_025002_taom_modules_ship_almost_no_item_xml,aferrer,2026-07-30
sk_dg_khml_hplate_light_a,item_defs_absent_from_xml_export_20260729_025002_taom_modules_ship_almost_no_item_xml,aferrer,2026-07-30
sk_dg_khml_hplate_med_a,item_defs_absent_from_xml_export_20260729_025002_taom_modules_ship_almost_no_item_xml,aferrer,2026-07-30
sk_dg_khml_hplate_med_b,item_defs_absent_from_xml_export_20260729_025002_taom_modules_ship_almost_no_item_xml,aferrer,2026-07-30
sk_dg_khml_pauldron_heavy_a,item_defs_absent_from_xml_export_20260729_025002_taom_modules_ship_almost_no_item_xml,aferrer,2026-07-30
sk_dg_khml_pauldron_heavy_b,item_defs_absent_from_xml_export_20260729_025002_taom_modules_ship_almost_no_item_xml,aferrer,2026-07-30
sk_dg_khml_pauldron_heavy_c,item_defs_absent_from_xml_export_20260729_025002_taom_modules_ship_almost_no_item_xml,aferrer,2026-07-30
sk_dg_khml_pauldron_hplate_heavy_a,item_defs_absent_from_xml_export_20260729_025002_taom_modules_ship_almost_no_item_xml,aferrer,2026-07-30
sk_dg_khml_pauldron_hplate_light_a,item_defs_absent_from_xml_export_20260729_025002_taom_modules_ship_almost_no_item_xml,aferrer,2026-07-30
sk_dg_khml_pauldron_hplate_med_a,item_defs_absent_from_xml_export_20260729_025002_taom_modules_ship_almost_no_item_xml,aferrer,2026-07-30
sk_dg_khml_pauldron_lam_light_a,item_defs_absent_from_xml_export_20260729_025002_taom_modules_ship_almost_no_item_xml,aferrer,2026-07-30
sk_dg_khml_pauldron_lam_med_a,item_defs_absent_from_xml_export_20260729_025002_taom_modules_ship_almost_no_item_xml,aferrer,2026-07-30
sk_dg_khml_pauldron_light_a,item_defs_absent_from_xml_export_20260729_025002_taom_modules_ship_almost_no_item_xml,aferrer,2026-07-30
sk_dg_khml_pauldron_light_b,item_defs_absent_from_xml_export_20260729_025002_taom_modules_ship_almost_no_item_xml,aferrer,2026-07-30
sk_dg_khml_pauldron_light_c,item_defs_absent_from_xml_export_20260729_025002_taom_modules_ship_almost_no_item_xml,aferrer,2026-07-30
sk_dg_khml_pauldron_med_a,item_defs_absent_from_xml_export_20260729_025002_taom_modules_ship_almost_no_item_xml,aferrer,2026-07-30
sk_dg_khml_pauldron_med_b,item_defs_absent_from_xml_export_20260729_025002_taom_modules_ship_almost_no_item_xml,aferrer,2026-07-30
sk_dg_khml_pauldron_med_c,item_defs_absent_from_xml_export_20260729_025002_taom_modules_ship_almost_no_item_xml,aferrer,2026-07-30
sk_dg_khml_pauldron_plate_heavy_a,item_defs_absent_from_xml_export_20260729_025002_taom_modules_ship_almost_no_item_xml,aferrer,2026-07-30
sk_dg_khml_pauldron_plate_heavy_b,item_defs_absent_from_xml_export_20260729_025002_taom_modules_ship_almost_no_item_xml,aferrer,2026-07-30
sk_dg_khml_pauldron_plate_light_a,item_defs_absent_from_xml_export_20260729_025002_taom_modules_ship_almost_no_item_xml,aferrer,2026-07-30
sk_dg_khml_pauldron_plate_light_b,item_defs_absent_from_xml_export_20260729_025002_taom_modules_ship_almost_no_item_xml,aferrer,2026-07-30
sk_dg_khml_plate_elite_a,item_defs_absent_from_xml_export_20260729_025002_taom_modules_ship_almost_no_item_xml,aferrer,2026-07-30
sk_dg_khml_plate_elite_b,item_defs_absent_from_xml_export_20260729_025002_taom_modules_ship_almost_no_item_xml,aferrer,2026-07-30
sk_dg_khml_plate_elite_c,item_defs_absent_from_xml_export_20260729_025002_taom_modules_ship_almost_no_item_xml,aferrer,2026-07-30
sk_dg_khml_plate_heavy_a,item_defs_absent_from_xml_export_20260729_025002_taom_modules_ship_almost_no_item_xml,aferrer,2026-07-30
sk_dg_khml_plate_heavy_b,item_defs_absent_from_xml_export_20260729_025002_taom_modules_ship_almost_no_item_xml,aferrer,2026-07-30
sk_dg_khml_plate_light_a,item_defs_absent_from_xml_export_20260729_025002_taom_modules_ship_almost_no_item_xml,aferrer,2026-07-30
sk_dg_khml_plate_med_a,item_defs_absent_from_xml_export_20260729_025002_taom_modules_ship_almost_no_item_xml,aferrer,2026-07-30
sk_dg_uruk_boots_elite_a,item_defs_absent_from_xml_export_20260729_025002_taom_modules_ship_almost_no_item_xml,aferrer,2026-07-30
sk_dg_uruk_boots_elite_b,item_defs_absent_from_xml_export_20260729_025002_taom_modules_ship_almost_no_item_xml,aferrer,2026-07-30
sk_dg_uruk_boots_elite_c,item_defs_absent_from_xml_export_20260729_025002_taom_modules_ship_almost_no_item_xml,aferrer,2026-07-30
sk_dg_uruk_boots_elite_e,item_defs_absent_from_xml_export_20260729_025002_taom_modules_ship_almost_no_item_xml,aferrer,2026-07-30
sk_dg_uruk_boots_heavy_a,item_defs_absent_from_xml_export_20260729_025002_taom_modules_ship_almost_no_item_xml,aferrer,2026-07-30
sk_dg_uruk_boots_heavy_b,item_defs_absent_from_xml_export_20260729_025002_taom_modules_ship_almost_no_item_xml,aferrer,2026-07-30
sk_dg_uruk_boots_heavy_c,item_defs_absent_from_xml_export_20260729_025002_taom_modules_ship_almost_no_item_xml,aferrer,2026-07-30
sk_dg_uruk_boots_heavy_d,item_defs_absent_from_xml_export_20260729_025002_taom_modules_ship_almost_no_item_xml,aferrer,2026-07-30
sk_dg_uruk_boots_heavy_e,item_defs_absent_from_xml_export_20260729_025002_taom_modules_ship_almost_no_item_xml,aferrer,2026-07-30
sk_dg_uruk_boots_heavy_f,item_defs_absent_from_xml_export_20260729_025002_taom_modules_ship_almost_no_item_xml,aferrer,2026-07-30
sk_dg_uruk_boots_light_a,item_defs_absent_from_xml_export_20260729_025002_taom_modules_ship_almost_no_item_xml,aferrer,2026-07-30
sk_dg_uruk_boots_lord_e,item_defs_absent_from_xml_export_20260729_025002_taom_modules_ship_almost_no_item_xml,aferrer,2026-07-30
sk_dg_uruk_boots_med_a,item_defs_absent_from_xml_export_20260729_025002_taom_modules_ship_almost_no_item_xml,aferrer,2026-07-30
sk_dg_uruk_boots_med_b,item_defs_absent_from_xml_export_20260729_025002_taom_modules_ship_almost_no_item_xml,aferrer,2026-07-30
sk_dg_uruk_boots_med_c,item_defs_absent_from_xml_export_20260729_025002_taom_modules_ship_almost_no_item_xml,aferrer,2026-07-30
sk_dg_uruk_bracer_elite_a,item_defs_absent_from_xml_export_20260729_025002_taom_modules_ship_almost_no_item_xml,aferrer,2026-07-30
sk_dg_uruk_bracer_elite_b,item_defs_absent_from_xml_export_20260729_025002_taom_modules_ship_almost_no_item_xml,aferrer,2026-07-30
sk_dg_uruk_bracer_elite_d,item_defs_absent_from_xml_export_20260729_025002_taom_modules_ship_almost_no_item_xml,aferrer,2026-07-30
sk_dg_uruk_bracer_elite_e,item_defs_absent_from_xml_export_20260729_025002_taom_modules_ship_almost_no_item_xml,aferrer,2026-07-30
sk_dg_uruk_bracer_elite_g,item_defs_absent_from_xml_export_20260729_025002_taom_modules_ship_almost_no_item_xml,aferrer,2026-07-30
sk_dg_uruk_bracer_heavy_a,item_defs_absent_from_xml_export_20260729_025002_taom_modules_ship_almost_no_item_xml,aferrer,2026-07-30
sk_dg_uruk_bracer_heavy_b,item_defs_absent_from_xml_export_20260729_025002_taom_modules_ship_almost_no_item_xml,aferrer,2026-07-30
sk_dg_uruk_bracer_heavy_c,item_defs_absent_from_xml_export_20260729_025002_taom_modules_ship_almost_no_item_xml,aferrer,2026-07-30
sk_dg_uruk_bracer_heavy_d,item_defs_absent_from_xml_export_20260729_025002_taom_modules_ship_almost_no_item_xml,aferrer,2026-07-30
sk_dg_uruk_bracer_heavy_e,item_defs_absent_from_xml_export_20260729_025002_taom_modules_ship_almost_no_item_xml,aferrer,2026-07-30
sk_dg_uruk_bracer_heavy_f,item_defs_absent_from_xml_export_20260729_025002_taom_modules_ship_almost_no_item_xml,aferrer,2026-07-30
sk_dg_uruk_bracer_med_a,item_defs_absent_from_xml_export_20260729_025002_taom_modules_ship_almost_no_item_xml,aferrer,2026-07-30
sk_dg_uruk_bracer_med_b,item_defs_absent_from_xml_export_20260729_025002_taom_modules_ship_almost_no_item_xml,aferrer,2026-07-30
sk_dg_uruk_bracer_med_c,item_defs_absent_from_xml_export_20260729_025002_taom_modules_ship_almost_no_item_xml,aferrer,2026-07-30
sk_dg_uruk_chest_elite_a,item_defs_absent_from_xml_export_20260729_025002_taom_modules_ship_almost_no_item_xml,aferrer,2026-07-30
sk_dg_uruk_chest_elite_b,item_defs_absent_from_xml_export_20260729_025002_taom_modules_ship_almost_no_item_xml,aferrer,2026-07-30
sk_dg_uruk_chest_elite_c,item_defs_absent_from_xml_export_20260729_025002_taom_modules_ship_almost_no_item_xml,aferrer,2026-07-30
sk_dg_uruk_chest_elite_e,item_defs_absent_from_xml_export_20260729_025002_taom_modules_ship_almost_no_item_xml,aferrer,2026-07-30
sk_dg_uruk_chest_heavy_a,item_defs_absent_from_xml_export_20260729_025002_taom_modules_ship_almost_no_item_xml,aferrer,2026-07-30
sk_dg_uruk_chest_heavy_b,item_defs_absent_from_xml_export_20260729_025002_taom_modules_ship_almost_no_item_xml,aferrer,2026-07-30
sk_dg_uruk_chest_heavy_c,item_defs_absent_from_xml_export_20260729_025002_taom_modules_ship_almost_no_item_xml,aferrer,2026-07-30
sk_dg_uruk_chest_heavy_d,item_defs_absent_from_xml_export_20260729_025002_taom_modules_ship_almost_no_item_xml,aferrer,2026-07-30
sk_dg_uruk_chest_heavy_e,item_defs_absent_from_xml_export_20260729_025002_taom_modules_ship_almost_no_item_xml,aferrer,2026-07-30
sk_dg_uruk_chest_heavy_f,item_defs_absent_from_xml_export_20260729_025002_taom_modules_ship_almost_no_item_xml,aferrer,2026-07-30
sk_dg_uruk_chest_light_a,item_defs_absent_from_xml_export_20260729_025002_taom_modules_ship_almost_no_item_xml,aferrer,2026-07-30
sk_dg_uruk_chest_light_b,item_defs_absent_from_xml_export_20260729_025002_taom_modules_ship_almost_no_item_xml,aferrer,2026-07-30
sk_dg_uruk_chest_light_c,item_defs_absent_from_xml_export_20260729_025002_taom_modules_ship_almost_no_item_xml,aferrer,2026-07-30
sk_dg_uruk_chest_light_d,item_defs_absent_from_xml_export_20260729_025002_taom_modules_ship_almost_no_item_xml,aferrer,2026-07-30
sk_dg_uruk_chest_med_a,item_defs_absent_from_xml_export_20260729_025002_taom_modules_ship_almost_no_item_xml,aferrer,2026-07-30
sk_dg_uruk_chest_med_b,item_defs_absent_from_xml_export_20260729_025002_taom_modules_ship_almost_no_item_xml,aferrer,2026-07-30
sk_dg_uruk_chest_med_c,item_defs_absent_from_xml_export_20260729_025002_taom_modules_ship_almost_no_item_xml,aferrer,2026-07-30
sk_dg_uruk_chest_med_d,item_defs_absent_from_xml_export_20260729_025002_taom_modules_ship_almost_no_item_xml,aferrer,2026-07-30
sk_dg_uruk_chest_med_e,item_defs_absent_from_xml_export_20260729_025002_taom_modules_ship_almost_no_item_xml,aferrer,2026-07-30
sk_dg_uruk_chest_med_f,item_defs_absent_from_xml_export_20260729_025002_taom_modules_ship_almost_no_item_xml,aferrer,2026-07-30
sk_dg_uruk_helmet_elite_b,item_defs_absent_from_xml_export_20260729_025002_taom_modules_ship_almost_no_item_xml,aferrer,2026-07-30
sk_dg_uruk_helmet_elite_g,item_defs_absent_from_xml_export_20260729_025002_taom_modules_ship_almost_no_item_xml,aferrer,2026-07-30
sk_dg_uruk_helmet_heavy_a,item_defs_absent_from_xml_export_20260729_025002_taom_modules_ship_almost_no_item_xml,aferrer,2026-07-30
sk_dg_uruk_helmet_heavy_b,item_defs_absent_from_xml_export_20260729_025002_taom_modules_ship_almost_no_item_xml,aferrer,2026-07-30
sk_dg_uruk_helmet_heavy_c,item_defs_absent_from_xml_export_20260729_025002_taom_modules_ship_almost_no_item_xml,aferrer,2026-07-30
sk_dg_uruk_helmet_heavy_d,item_defs_absent_from_xml_export_20260729_025002_taom_modules_ship_almost_no_item_xml,aferrer,2026-07-30
sk_dg_uruk_helmet_heavy_e,item_defs_absent_from_xml_export_20260729_025002_taom_modules_ship_almost_no_item_xml,aferrer,2026-07-30
sk_dg_uruk_helmet_heavy_f,item_defs_absent_from_xml_export_20260729_025002_taom_modules_ship_almost_no_item_xml,aferrer,2026-07-30
sk_dg_uruk_helmet_heavy_g,item_defs_absent_from_xml_export_20260729_025002_taom_modules_ship_almost_no_item_xml,aferrer,2026-07-30
sk_dg_uruk_helmet_light_a,item_defs_absent_from_xml_export_20260729_025002_taom_modules_ship_almost_no_item_xml,aferrer,2026-07-30
sk_dg_uruk_helmet_light_b,item_defs_absent_from_xml_export_20260729_025002_taom_modules_ship_almost_no_item_xml,aferrer,2026-07-30
sk_dg_uruk_helmet_light_c,item_defs_absent_from_xml_export_20260729_025002_taom_modules_ship_almost_no_item_xml,aferrer,2026-07-30
sk_dg_uruk_helmet_light_d,item_defs_absent_from_xml_export_20260729_025002_taom_modules_ship_almost_no_item_xml,aferrer,2026-07-30
sk_dg_uruk_helmet_med_a,item_defs_absent_from_xml_export_20260729_025002_taom_modules_ship_almost_no_item_xml,aferrer,2026-07-30
sk_dg_uruk_helmet_med_b,item_defs_absent_from_xml_export_20260729_025002_taom_modules_ship_almost_no_item_xml,aferrer,2026-07-30
sk_dg_uruk_helmet_med_c,item_defs_absent_from_xml_export_20260729_025002_taom_modules_ship_almost_no_item_xml,aferrer,2026-07-30
sk_dg_uruk_helmet_med_d,item_defs_absent_from_xml_export_20260729_025002_taom_modules_ship_almost_no_item_xml,aferrer,2026-07-30
sk_dg_uruk_helmet_med_e,item_defs_absent_from_xml_export_20260729_025002_taom_modules_ship_almost_no_item_xml,aferrer,2026-07-30
sk_dg_uruk_helmet_med_f,item_defs_absent_from_xml_export_20260729_025002_taom_modules_ship_almost_no_item_xml,aferrer,2026-07-30
sk_dg_uruk_helmet_med_g,item_defs_absent_from_xml_export_20260729_025002_taom_modules_ship_almost_no_item_xml,aferrer,2026-07-30
sk_dg_uruk_helmet_med_h,item_defs_absent_from_xml_export_20260729_025002_taom_modules_ship_almost_no_item_xml,aferrer,2026-07-30
sk_dg_uruk_pauldron_elite_a,item_defs_absent_from_xml_export_20260729_025002_taom_modules_ship_almost_no_item_xml,aferrer,2026-07-30
sk_dg_uruk_pauldron_elite_cape_a,item_defs_absent_from_xml_export_20260729_025002_taom_modules_ship_almost_no_item_xml,aferrer,2026-07-30
sk_dg_uruk_pauldron_elite_cape_d,item_defs_absent_from_xml_export_20260729_025002_taom_modules_ship_almost_no_item_xml,aferrer,2026-07-30
sk_dg_uruk_pauldron_elite_cape_e,item_defs_absent_from_xml_export_20260729_025002_taom_modules_ship_almost_no_item_xml,aferrer,2026-07-30
sk_dg_uruk_pauldron_heavy_a,item_defs_absent_from_xml_export_20260729_025002_taom_modules_ship_almost_no_item_xml,aferrer,2026-07-30
sk_dg_uruk_pauldron_heavy_b,item_defs_absent_from_xml_export_20260729_025002_taom_modules_ship_almost_no_item_xml,aferrer,2026-07-30
sk_dg_uruk_pauldron_heavy_c,item_defs_absent_from_xml_export_20260729_025002_taom_modules_ship_almost_no_item_xml,aferrer,2026-07-30
sk_dg_uruk_pauldron_heavy_d,item_defs_absent_from_xml_export_20260729_025002_taom_modules_ship_almost_no_item_xml,aferrer,2026-07-30
sk_dg_uruk_pauldron_med_a,item_defs_absent_from_xml_export_20260729_025002_taom_modules_ship_almost_no_item_xml,aferrer,2026-07-30
sk_dg_uruk_pauldron_med_b,item_defs_absent_from_xml_export_20260729_025002_taom_modules_ship_almost_no_item_xml,aferrer,2026-07-30
sk_dg_uruk_pauldron_med_c,item_defs_absent_from_xml_export_20260729_025002_taom_modules_ship_almost_no_item_xml,aferrer,2026-07-30
sk_dwarf_dress_normal_a,item_defs_absent_from_xml_export_20260729_025002_taom_modules_ship_almost_no_item_xml,aferrer,2026-07-30
sk_dwarf_dress_normal_b,item_defs_absent_from_xml_export_20260729_025002_taom_modules_ship_almost_no_item_xml,aferrer,2026-07-30
sk_dwarf_dress_normal_c,item_defs_absent_from_xml_export_20260729_025002_taom_modules_ship_almost_no_item_xml,aferrer,2026-07-30
sk_dwarf_dress_normal_d,item_defs_absent_from_xml_export_20260729_025002_taom_modules_ship_almost_no_item_xml,aferrer,2026-07-30
sk_dwarf_dress_normal_e,item_defs_absent_from_xml_export_20260729_025002_taom_modules_ship_almost_no_item_xml,aferrer,2026-07-30
sk_dwarf_erebor_arrow_a,item_defs_absent_from_xml_export_20260729_025002_taom_modules_ship_almost_no_item_xml,aferrer,2026-07-30
sk_dwarf_erebor_arrow_b,item_defs_absent_from_xml_export_20260729_025002_taom_modules_ship_almost_no_item_xml,aferrer,2026-07-30
sk_dwarf_erebor_boots_light_a,item_defs_absent_from_xml_export_20260729_025002_taom_modules_ship_almost_no_item_xml,aferrer,2026-07-30
sk_dwarf_erebor_boots_light_b,item_defs_absent_from_xml_export_20260729_025002_taom_modules_ship_almost_no_item_xml,aferrer,2026-07-30
sk_dwarf_erebor_boots_med_a,item_defs_absent_from_xml_export_20260729_025002_taom_modules_ship_almost_no_item_xml,aferrer,2026-07-30
sk_dwarf_erebor_boots_med_b,item_defs_absent_from_xml_export_20260729_025002_taom_modules_ship_almost_no_item_xml,aferrer,2026-07-30
sk_dwarf_erebor_boots_med_c,item_defs_absent_from_xml_export_20260729_025002_taom_modules_ship_almost_no_item_xml,aferrer,2026-07-30
sk_dwarf_erebor_boots_med_d,item_defs_absent_from_xml_export_20260729_025002_taom_modules_ship_almost_no_item_xml,aferrer,2026-07-30
sk_dwarf_erebor_boots_med_e,item_defs_absent_from_xml_export_20260729_025002_taom_modules_ship_almost_no_item_xml,aferrer,2026-07-30
sk_dwarf_erebor_boots_med_f,item_defs_absent_from_xml_export_20260729_025002_taom_modules_ship_almost_no_item_xml,aferrer,2026-07-30
sk_dwarf_erebor_bracers_elite_a,item_defs_absent_from_xml_export_20260729_025002_taom_modules_ship_almost_no_item_xml,aferrer,2026-07-30
sk_dwarf_erebor_bracers_elite_b,item_defs_absent_from_xml_export_20260729_025002_taom_modules_ship_almost_no_item_xml,aferrer,2026-07-30
sk_dwarf_erebor_bracers_elite_c,item_defs_absent_from_xml_export_20260729_025002_taom_modules_ship_almost_no_item_xml,aferrer,2026-07-30
sk_dwarf_erebor_bracers_elite_d,item_defs_absent_from_xml_export_20260729_025002_taom_modules_ship_almost_no_item_xml,aferrer,2026-07-30
sk_dwarf_erebor_bracers_elite_e,item_defs_absent_from_xml_export_20260729_025002_taom_modules_ship_almost_no_item_xml,aferrer,2026-07-30
sk_dwarf_erebor_bracers_elite_f,item_defs_absent_from_xml_export_20260729_025002_taom_modules_ship_almost_no_item_xml,aferrer,2026-07-30
sk_dwarf_erebor_bracers_heavy_a,item_defs_absent_from_xml_export_20260729_025002_taom_modules_ship_almost_no_item_xml,aferrer,2026-07-30
sk_dwarf_erebor_bracers_heavy_b,item_defs_absent_from_xml_export_20260729_025002_taom_modules_ship_almost_no_item_xml,aferrer,2026-07-30
sk_dwarf_erebor_bracers_heavy_c,item_defs_absent_from_xml_export_20260729_025002_taom_modules_ship_almost_no_item_xml,aferrer,2026-07-30
sk_dwarf_erebor_bracers_heavy_d,item_defs_absent_from_xml_export_20260729_025002_taom_modules_ship_almost_no_item_xml,aferrer,2026-07-30
sk_dwarf_erebor_bracers_med_a,item_defs_absent_from_xml_export_20260729_025002_taom_modules_ship_almost_no_item_xml,aferrer,2026-07-30
sk_dwarf_erebor_bracers_med_b,item_defs_absent_from_xml_export_20260729_025002_taom_modules_ship_almost_no_item_xml,aferrer,2026-07-30
sk_dwarf_erebor_bracers_med_c,item_defs_absent_from_xml_export_20260729_025002_taom_modules_ship_almost_no_item_xml,aferrer,2026-07-30
sk_dwarf_erebor_bracers_med_d,item_defs_absent_from_xml_export_20260729_025002_taom_modules_ship_almost_no_item_xml,aferrer,2026-07-30
sk_dwarf_erebor_bracers_med_f,item_defs_absent_from_xml_export_20260729_025002_taom_modules_ship_almost_no_item_xml,aferrer,2026-07-30
sk_dwarf_erebor_chest_chain_a,item_defs_absent_from_xml_export_20260729_025002_taom_modules_ship_almost_no_item_xml,aferrer,2026-07-30
sk_dwarf_erebor_chest_leather_light_a,item_defs_absent_from_xml_export_20260729_025002_taom_modules_ship_almost_no_item_xml,aferrer,2026-07-30
sk_dwarf_erebor_chest_leather_light_b,item_defs_absent_from_xml_export_20260729_025002_taom_modules_ship_almost_no_item_xml,aferrer,2026-07-30
sk_dwarf_erebor_chest_leather_light_c,item_defs_absent_from_xml_export_20260729_025002_taom_modules_ship_almost_no_item_xml,aferrer,2026-07-30
sk_dwarf_erebor_chest_leather_med_a,item_defs_absent_from_xml_export_20260729_025002_taom_modules_ship_almost_no_item_xml,aferrer,2026-07-30
sk_dwarf_erebor_chest_leather_med_b,item_defs_absent_from_xml_export_20260729_025002_taom_modules_ship_almost_no_item_xml,aferrer,2026-07-30
sk_dwarf_erebor_chest_plate_elite_a,item_defs_absent_from_xml_export_20260729_025002_taom_modules_ship_almost_no_item_xml,aferrer,2026-07-30
sk_dwarf_erebor_chest_plate_elite_a2,item_defs_absent_from_xml_export_20260729_025002_taom_modules_ship_almost_no_item_xml,aferrer,2026-07-30
sk_dwarf_erebor_chest_plate_elite_b,item_defs_absent_from_xml_export_20260729_025002_taom_modules_ship_almost_no_item_xml,aferrer,2026-07-30
sk_dwarf_erebor_chest_plate_elite_b2,item_defs_absent_from_xml_export_20260729_025002_taom_modules_ship_almost_no_item_xml,aferrer,2026-07-30
sk_dwarf_erebor_chest_plate_elite_c,item_defs_absent_from_xml_export_20260729_025002_taom_modules_ship_almost_no_item_xml,aferrer,2026-07-30
sk_dwarf_erebor_chest_plate_elite_c2,item_defs_absent_from_xml_export_20260729_025002_taom_modules_ship_almost_no_item_xml,aferrer,2026-07-30
sk_dwarf_erebor_chest_plate_elite_d,item_defs_absent_from_xml_export_20260729_025002_taom_modules_ship_almost_no_item_xml,aferrer,2026-07-30
sk_dwarf_erebor_chest_plate_elite_d2,item_defs_absent_from_xml_export_20260729_025002_taom_modules_ship_almost_no_item_xml,aferrer,2026-07-30
sk_dwarf_erebor_chest_plate_elite_e,item_defs_absent_from_xml_export_20260729_025002_taom_modules_ship_almost_no_item_xml,aferrer,2026-07-30
sk_dwarf_erebor_chest_plate_elite_e2,item_defs_absent_from_xml_export_20260729_025002_taom_modules_ship_almost_no_item_xml,aferrer,2026-07-30
sk_dwarf_erebor_chest_plate_elite_f,item_defs_absent_from_xml_export_20260729_025002_taom_modules_ship_almost_no_item_xml,aferrer,2026-07-30
sk_dwarf_erebor_chest_plate_elite_f2,item_defs_absent_from_xml_export_20260729_025002_taom_modules_ship_almost_no_item_xml,aferrer,2026-07-30
sk_dwarf_erebor_chest_plate_heavy_a,item_defs_absent_from_xml_export_20260729_025002_taom_modules_ship_almost_no_item_xml,aferrer,2026-07-30
sk_dwarf_erebor_chest_plate_heavy_b,item_defs_absent_from_xml_export_20260729_025002_taom_modules_ship_almost_no_item_xml,aferrer,2026-07-30
sk_dwarf_erebor_chest_plate_heavy_c,item_defs_absent_from_xml_export_20260729_025002_taom_modules_ship_almost_no_item_xml,aferrer,2026-07-30
sk_dwarf_erebor_chest_plate_heavy_d,item_defs_absent_from_xml_export_20260729_025002_taom_modules_ship_almost_no_item_xml,aferrer,2026-07-30
sk_dwarf_erebor_chest_plate_heavy_e,item_defs_absent_from_xml_export_20260729_025002_taom_modules_ship_almost_no_item_xml,aferrer,2026-07-30
sk_dwarf_erebor_chest_plate_heavy_f,item_defs_absent_from_xml_export_20260729_025002_taom_modules_ship_almost_no_item_xml,aferrer,2026-07-30
sk_dwarf_erebor_chest_scale_a,item_defs_absent_from_xml_export_20260729_025002_taom_modules_ship_almost_no_item_xml,aferrer,2026-07-30
sk_dwarf_erebor_gloves_a,item_defs_absent_from_xml_export_20260729_025002_taom_modules_ship_almost_no_item_xml,aferrer,2026-07-30
sk_dwarf_erebor_greaves_elite_a,item_defs_absent_from_xml_export_20260729_025002_taom_modules_ship_almost_no_item_xml,aferrer,2026-07-30
sk_dwarf_erebor_greaves_elite_b,item_defs_absent_from_xml_export_20260729_025002_taom_modules_ship_almost_no_item_xml,aferrer,2026-07-30
sk_dwarf_erebor_greaves_heavy_a,item_defs_absent_from_xml_export_20260729_025002_taom_modules_ship_almost_no_item_xml,aferrer,2026-07-30
sk_dwarf_erebor_greaves_heavy_b,item_defs_absent_from_xml_export_20260729_025002_taom_modules_ship_almost_no_item_xml,aferrer,2026-07-30
sk_dwarf_erebor_greaves_heavy_c,item_defs_absent_from_xml_export_20260729_025002_taom_modules_ship_almost_no_item_xml,aferrer,2026-07-30
sk_dwarf_erebor_greaves_heavy_d,item_defs_absent_from_xml_export_20260729_025002_taom_modules_ship_almost_no_item_xml,aferrer,2026-07-30
sk_dwarf_erebor_helmet_leather_heavy_a,item_defs_absent_from_xml_export_20260729_025002_taom_modules_ship_almost_no_item_xml,aferrer,2026-07-30
sk_dwarf_erebor_helmet_leather_heavy_b,item_defs_absent_from_xml_export_20260729_025002_taom_modules_ship_almost_no_item_xml,aferrer,2026-07-30
sk_dwarf_erebor_helmet_leather_heavy_c,item_defs_absent_from_xml_export_20260729_025002_taom_modules_ship_almost_no_item_xml,aferrer,2026-07-30
sk_dwarf_erebor_helmet_leather_heavy_d,item_defs_absent_from_xml_export_20260729_025002_taom_modules_ship_almost_no_item_xml,aferrer,2026-07-30
sk_dwarf_erebor_helmet_leather_light_a,item_defs_absent_from_xml_export_20260729_025002_taom_modules_ship_almost_no_item_xml,aferrer,2026-07-30
sk_dwarf_erebor_helmet_leather_light_b,item_defs_absent_from_xml_export_20260729_025002_taom_modules_ship_almost_no_item_xml,aferrer,2026-07-30
sk_dwarf_erebor_helmet_leather_med_a,item_defs_absent_from_xml_export_20260729_025002_taom_modules_ship_almost_no_item_xml,aferrer,2026-07-30
sk_dwarf_erebor_helmet_leather_med_b,item_defs_absent_from_xml_export_20260729_025002_taom_modules_ship_almost_no_item_xml,aferrer,2026-07-30
sk_dwarf_erebor_helmet_plate_elite_a,item_defs_absent_from_xml_export_20260729_025002_taom_modules_ship_almost_no_item_xml,aferrer,2026-07-30
sk_dwarf_erebor_helmet_plate_elite_b,item_defs_absent_from_xml_export_20260729_025002_taom_modules_ship_almost_no_item_xml,aferrer,2026-07-30
sk_dwarf_erebor_helmet_plate_elite_c,item_defs_absent_from_xml_export_20260729_025002_taom_modules_ship_almost_no_item_xml,aferrer,2026-07-30
sk_dwarf_erebor_helmet_plate_elite_d,item_defs_absent_from_xml_export_20260729_025002_taom_modules_ship_almost_no_item_xml,aferrer,2026-07-30
sk_dwarf_erebor_helmet_plate_heavy_a,item_defs_absent_from_xml_export_20260729_025002_taom_modules_ship_almost_no_item_xml,aferrer,2026-07-30
sk_dwarf_erebor_helmet_plate_heavy_b,item_defs_absent_from_xml_export_20260729_025002_taom_modules_ship_almost_no_item_xml,aferrer,2026-07-30
sk_dwarf_erebor_helmet_plate_heavy_c,item_defs_absent_from_xml_export_20260729_025002_taom_modules_ship_almost_no_item_xml,aferrer,2026-07-30
sk_dwarf_erebor_helmet_plate_heavy_d,item_defs_absent_from_xml_export_20260729_025002_taom_modules_ship_almost_no_item_xml,aferrer,2026-07-30
sk_dwarf_erebor_helmet_plate_legionary_a,item_defs_absent_from_xml_export_20260729_025002_taom_modules_ship_almost_no_item_xml,aferrer,2026-07-30
sk_dwarf_erebor_helmet_plate_legionary_b,item_defs_absent_from_xml_export_20260729_025002_taom_modules_ship_almost_no_item_xml,aferrer,2026-07-30
sk_dwarf_erebor_helmet_plate_legionary_c,item_defs_absent_from_xml_export_20260729_025002_taom_modules_ship_almost_no_item_xml,aferrer,2026-07-30
sk_dwarf_erebor_helmet_plate_legionary_d,item_defs_absent_from_xml_export_20260729_025002_taom_modules_ship_almost_no_item_xml,aferrer,2026-07-30
sk_dwarf_erebor_helmet_plate_light_a,item_defs_absent_from_xml_export_20260729_025002_taom_modules_ship_almost_no_item_xml,aferrer,2026-07-30
sk_dwarf_erebor_helmet_plate_light_b,item_defs_absent_from_xml_export_20260729_025002_taom_modules_ship_almost_no_item_xml,aferrer,2026-07-30
sk_dwarf_erebor_helmet_plate_light_c,item_defs_absent_from_xml_export_20260729_025002_taom_modules_ship_almost_no_item_xml,aferrer,2026-07-30
sk_dwarf_erebor_helmet_plate_light_d,item_defs_absent_from_xml_export_20260729_025002_taom_modules_ship_almost_no_item_xml,aferrer,2026-07-30
sk_dwarf_erebor_helmet_plate_lord_a,item_defs_absent_from_xml_export_20260729_025002_taom_modules_ship_almost_no_item_xml,aferrer,2026-07-30
sk_dwarf_erebor_helmet_plate_lord_a2,item_defs_absent_from_xml_export_20260729_025002_taom_modules_ship_almost_no_item_xml,aferrer,2026-07-30
sk_dwarf_erebor_helmet_plate_lord_b,item_defs_absent_from_xml_export_20260729_025002_taom_modules_ship_almost_no_item_xml,aferrer,2026-07-30
sk_dwarf_erebor_helmet_plate_lord_b2,item_defs_absent_from_xml_export_20260729_025002_taom_modules_ship_almost_no_item_xml,aferrer,2026-07-30
sk_dwarf_erebor_helmet_plate_lord_c,item_defs_absent_from_xml_export_20260729_025002_taom_modules_ship_almost_no_item_xml,aferrer,2026-07-30
sk_dwarf_erebor_helmet_plate_lord_c2,item_defs_absent_from_xml_export_20260729_025002_taom_modules_ship_almost_no_item_xml,aferrer,2026-07-30
sk_dwarf_erebor_helmet_plate_lord_d,item_defs_absent_from_xml_export_20260729_025002_taom_modules_ship_almost_no_item_xml,aferrer,2026-07-30
sk_dwarf_erebor_helmet_plate_lord_d2,item_defs_absent_from_xml_export_20260729_025002_taom_modules_ship_almost_no_item_xml,aferrer,2026-07-30
sk_dwarf_erebor_helmet_plate_med_a,item_defs_absent_from_xml_export_20260729_025002_taom_modules_ship_almost_no_item_xml,aferrer,2026-07-30
sk_dwarf_erebor_helmet_plate_med_b,item_defs_absent_from_xml_export_20260729_025002_taom_modules_ship_almost_no_item_xml,aferrer,2026-07-30
sk_dwarf_erebor_helmet_plate_med_c,item_defs_absent_from_xml_export_20260729_025002_taom_modules_ship_almost_no_item_xml,aferrer,2026-07-30
sk_dwarf_erebor_helmet_plate_med_d,item_defs_absent_from_xml_export_20260729_025002_taom_modules_ship_almost_no_item_xml,aferrer,2026-07-30
sk_dwarf_erebor_pauldron_plate_cape_elite_a,item_defs_absent_from_xml_export_20260729_025002_taom_modules_ship_almost_no_item_xml,aferrer,2026-07-30
sk_dwarf_erebor_pauldron_plate_cape_elite_b,item_defs_absent_from_xml_export_20260729_025002_taom_modules_ship_almost_no_item_xml,aferrer,2026-07-30
sk_dwarf_erebor_pauldron_plate_cape_heavy_a,item_defs_absent_from_xml_export_20260729_025002_taom_modules_ship_almost_no_item_xml,aferrer,2026-07-30
sk_dwarf_erebor_pauldron_plate_cape_heavy_c,item_defs_absent_from_xml_export_20260729_025002_taom_modules_ship_almost_no_item_xml,aferrer,2026-07-30
sk_dwarf_erebor_pauldron_plate_cape_heavy_e,item_defs_absent_from_xml_export_20260729_025002_taom_modules_ship_almost_no_item_xml,aferrer,2026-07-30
sk_dwarf_erebor_pauldron_plate_cape_heavy_f,item_defs_absent_from_xml_export_20260729_025002_taom_modules_ship_almost_no_item_xml,aferrer,2026-07-30
sk_dwarf_erebor_pauldron_plate_elite_a,item_defs_absent_from_xml_export_20260729_025002_taom_modules_ship_almost_no_item_xml,aferrer,2026-07-30
sk_dwarf_erebor_pauldron_plate_elite_b,item_defs_absent_from_xml_export_20260729_025002_taom_modules_ship_almost_no_item_xml,aferrer,2026-07-30
sk_dwarf_erebor_pauldron_plate_heavy_a,item_defs_absent_from_xml_export_20260729_025002_taom_modules_ship_almost_no_item_xml,aferrer,2026-07-30
sk_dwarf_erebor_pauldron_plate_heavy_b,item_defs_absent_from_xml_export_20260729_025002_taom_modules_ship_almost_no_item_xml,aferrer,2026-07-30
sk_dwarf_erebor_pauldron_plate_heavy_c,item_defs_absent_from_xml_export_20260729_025002_taom_modules_ship_almost_no_item_xml,aferrer,2026-07-30
sk_dwarf_erebor_pauldron_plate_heavy_d,item_defs_absent_from_xml_export_20260729_025002_taom_modules_ship_almost_no_item_xml,aferrer,2026-07-30
sk_dwarf_erebor_pauldron_plate_heavy_e,item_defs_absent_from_xml_export_20260729_025002_taom_modules_ship_almost_no_item_xml,aferrer,2026-07-30
sk_dwarf_erebor_pauldron_plate_heavy_f,item_defs_absent_from_xml_export_20260729_025002_taom_modules_ship_almost_no_item_xml,aferrer,2026-07-30
sk_dwarf_erebor_pauldron_plate_med_a,item_defs_absent_from_xml_export_20260729_025002_taom_modules_ship_almost_no_item_xml,aferrer,2026-07-30
sk_dwarf_erebor_pauldron_plate_med_b,item_defs_absent_from_xml_export_20260729_025002_taom_modules_ship_almost_no_item_xml,aferrer,2026-07-30
sk_dwarf_erebor_pauldron_scale_a,item_defs_absent_from_xml_export_20260729_025002_taom_modules_ship_almost_no_item_xml,aferrer,2026-07-30
sk_dwarf_erebor_pauldron_scale_cape_a,item_defs_absent_from_xml_export_20260729_025002_taom_modules_ship_almost_no_item_xml,aferrer,2026-07-30
sk_dwarf_erebor_pauldron_scale_cape_b,item_defs_absent_from_xml_export_20260729_025002_taom_modules_ship_almost_no_item_xml,aferrer,2026-07-30
sk_dwarf_iron_boots_elite_a1,item_defs_absent_from_xml_export_20260729_025002_taom_modules_ship_almost_no_item_xml,aferrer,2026-07-30
sk_dwarf_iron_boots_elite_a2,item_defs_absent_from_xml_export_20260729_025002_taom_modules_ship_almost_no_item_xml,aferrer,2026-07-30
sk_dwarf_iron_boots_elite_b2,item_defs_absent_from_xml_export_20260729_025002_taom_modules_ship_almost_no_item_xml,aferrer,2026-07-30
sk_dwarf_iron_boots_elite_c1,item_defs_absent_from_xml_export_20260729_025002_taom_modules_ship_almost_no_item_xml,aferrer,2026-07-30
sk_dwarf_iron_boots_elite_c2,item_defs_absent_from_xml_export_20260729_025002_taom_modules_ship_almost_no_item_xml,aferrer,2026-07-30
sk_dwarf_iron_boots_heavy_a1,item_defs_absent_from_xml_export_20260729_025002_taom_modules_ship_almost_no_item_xml,aferrer,2026-07-30
sk_dwarf_iron_boots_heavy_a2,item_defs_absent_from_xml_export_20260729_025002_taom_modules_ship_almost_no_item_xml,aferrer,2026-07-30
sk_dwarf_iron_boots_heavy_a3,item_defs_absent_from_xml_export_20260729_025002_taom_modules_ship_almost_no_item_xml,aferrer,2026-07-30
sk_dwarf_iron_boots_heavy_b1,item_defs_absent_from_xml_export_20260729_025002_taom_modules_ship_almost_no_item_xml,aferrer,2026-07-30
sk_dwarf_iron_boots_heavy_b2,item_defs_absent_from_xml_export_20260729_025002_taom_modules_ship_almost_no_item_xml,aferrer,2026-07-30
sk_dwarf_iron_boots_heavy_b3,item_defs_absent_from_xml_export_20260729_025002_taom_modules_ship_almost_no_item_xml,aferrer,2026-07-30
sk_dwarf_iron_boots_heavy_c1,item_defs_absent_from_xml_export_20260729_025002_taom_modules_ship_almost_no_item_xml,aferrer,2026-07-30
sk_dwarf_iron_boots_heavy_c2,item_defs_absent_from_xml_export_20260729_025002_taom_modules_ship_almost_no_item_xml,aferrer,2026-07-30
sk_dwarf_iron_boots_light_a,item_defs_absent_from_xml_export_20260729_025002_taom_modules_ship_almost_no_item_xml,aferrer,2026-07-30
sk_dwarf_iron_boots_lord_c1,item_defs_absent_from_xml_export_20260729_025002_taom_modules_ship_almost_no_item_xml,aferrer,2026-07-30
sk_dwarf_iron_boots_med_a1,item_defs_absent_from_xml_export_20260729_025002_taom_modules_ship_almost_no_item_xml,aferrer,2026-07-30
sk_dwarf_iron_boots_med_b1,item_defs_absent_from_xml_export_20260729_025002_taom_modules_ship_almost_no_item_xml,aferrer,2026-07-30
sk_dwarf_iron_boots_med_c1,item_defs_absent_from_xml_export_20260729_025002_taom_modules_ship_almost_no_item_xml,aferrer,2026-07-30
sk_dwarf_iron_bracer_elite_c1,item_defs_absent_from_xml_export_20260729_025002_taom_modules_ship_almost_no_item_xml,aferrer,2026-07-30
sk_dwarf_iron_bracer_elite_c2,item_defs_absent_from_xml_export_20260729_025002_taom_modules_ship_almost_no_item_xml,aferrer,2026-07-30
sk_dwarf_iron_bracer_elite_c3,item_defs_absent_from_xml_export_20260729_025002_taom_modules_ship_almost_no_item_xml,aferrer,2026-07-30
sk_dwarf_iron_bracer_heavy_c1,item_defs_absent_from_xml_export_20260729_025002_taom_modules_ship_almost_no_item_xml,aferrer,2026-07-30
sk_dwarf_iron_bracer_heavy_c2,item_defs_absent_from_xml_export_20260729_025002_taom_modules_ship_almost_no_item_xml,aferrer,2026-07-30
sk_dwarf_iron_bracer_heavy_c5,item_defs_absent_from_xml_export_20260729_025002_taom_modules_ship_almost_no_item_xml,aferrer,2026-07-30
sk_dwarf_iron_bracer_light_a1,item_defs_absent_from_xml_export_20260729_025002_taom_modules_ship_almost_no_item_xml,aferrer,2026-07-30
sk_dwarf_iron_bracer_light_a2,item_defs_absent_from_xml_export_20260729_025002_taom_modules_ship_almost_no_item_xml,aferrer,2026-07-30
sk_dwarf_iron_bracer_light_b1,item_defs_absent_from_xml_export_20260729_025002_taom_modules_ship_almost_no_item_xml,aferrer,2026-07-30
sk_dwarf_iron_bracer_light_b2,item_defs_absent_from_xml_export_20260729_025002_taom_modules_ship_almost_no_item_xml,aferrer,2026-07-30
sk_dwarf_iron_bracer_light_b3,item_defs_absent_from_xml_export_20260729_025002_taom_modules_ship_almost_no_item_xml,aferrer,2026-07-30
sk_dwarf_iron_bracer_light_b4,item_defs_absent_from_xml_export_20260729_025002_taom_modules_ship_almost_no_item_xml,aferrer,2026-07-30
sk_dwarf_iron_bracer_light_c1,item_defs_absent_from_xml_export_20260729_025002_taom_modules_ship_almost_no_item_xml,aferrer,2026-07-30
sk_dwarf_iron_bracer_light_c2,item_defs_absent_from_xml_export_20260729_025002_taom_modules_ship_almost_no_item_xml,aferrer,2026-07-30
sk_dwarf_iron_bracer_light_c3,item_defs_absent_from_xml_export_20260729_025002_taom_modules_ship_almost_no_item_xml,aferrer,2026-07-30
sk_dwarf_iron_bracer_med_a1,item_defs_absent_from_xml_export_20260729_025002_taom_modules_ship_almost_no_item_xml,aferrer,2026-07-30
sk_dwarf_iron_bracer_med_a2,item_defs_absent_from_xml_export_20260729_025002_taom_modules_ship_almost_no_item_xml,aferrer,2026-07-30
sk_dwarf_iron_bracer_med_b1,item_defs_absent_from_xml_export_20260729_025002_taom_modules_ship_almost_no_item_xml,aferrer,2026-07-30
sk_dwarf_iron_bracer_med_b2,item_defs_absent_from_xml_export_20260729_025002_taom_modules_ship_almost_no_item_xml,aferrer,2026-07-30
sk_dwarf_iron_bracer_med_b3,item_defs_absent_from_xml_export_20260729_025002_taom_modules_ship_almost_no_item_xml,aferrer,2026-07-30
sk_dwarf_iron_bracer_med_b4,item_defs_absent_from_xml_export_20260729_025002_taom_modules_ship_almost_no_item_xml,aferrer,2026-07-30
sk_dwarf_iron_bracer_med_c1,item_defs_absent_from_xml_export_20260729_025002_taom_modules_ship_almost_no_item_xml,aferrer,2026-07-30
sk_dwarf_iron_bracer_med_c2,item_defs_absent_from_xml_export_20260729_025002_taom_modules_ship_almost_no_item_xml,aferrer,2026-07-30
sk_dwarf_iron_bracer_med_c3,item_defs_absent_from_xml_export_20260729_025002_taom_modules_ship_almost_no_item_xml,aferrer,2026-07-30
sk_dwarf_iron_bracer_med_c4,item_defs_absent_from_xml_export_20260729_025002_taom_modules_ship_almost_no_item_xml,aferrer,2026-07-30
sk_dwarf_iron_chest_chain_a,item_defs_absent_from_xml_export_20260729_025002_taom_modules_ship_almost_no_item_xml,aferrer,2026-07-30
sk_dwarf_iron_chest_elite_a,item_defs_absent_from_xml_export_20260729_025002_taom_modules_ship_almost_no_item_xml,aferrer,2026-07-30
sk_dwarf_iron_chest_elite_b,item_defs_absent_from_xml_export_20260729_025002_taom_modules_ship_almost_no_item_xml,aferrer,2026-07-30
sk_dwarf_iron_chest_elite_d,item_defs_absent_from_xml_export_20260729_025002_taom_modules_ship_almost_no_item_xml,aferrer,2026-07-30
sk_dwarf_iron_chest_heavy_a,item_defs_absent_from_xml_export_20260729_025002_taom_modules_ship_almost_no_item_xml,aferrer,2026-07-30
sk_dwarf_iron_chest_heavy_b,item_defs_absent_from_xml_export_20260729_025002_taom_modules_ship_almost_no_item_xml,aferrer,2026-07-30
sk_dwarf_iron_chest_heavy_c,item_defs_absent_from_xml_export_20260729_025002_taom_modules_ship_almost_no_item_xml,aferrer,2026-07-30
sk_dwarf_iron_chest_heavy_d,item_defs_absent_from_xml_export_20260729_025002_taom_modules_ship_almost_no_item_xml,aferrer,2026-07-30
sk_dwarf_iron_chest_heavy_e,item_defs_absent_from_xml_export_20260729_025002_taom_modules_ship_almost_no_item_xml,aferrer,2026-07-30
sk_dwarf_iron_chest_light_a,item_defs_absent_from_xml_export_20260729_025002_taom_modules_ship_almost_no_item_xml,aferrer,2026-07-30
sk_dwarf_iron_chest_light_b,item_defs_absent_from_xml_export_20260729_025002_taom_modules_ship_almost_no_item_xml,aferrer,2026-07-30
sk_dwarf_iron_chest_scale_a,item_defs_absent_from_xml_export_20260729_025002_taom_modules_ship_almost_no_item_xml,aferrer,2026-07-30
sk_dwarf_iron_gloves_a,item_defs_absent_from_xml_export_20260729_025002_taom_modules_ship_almost_no_item_xml,aferrer,2026-07-30
sk_dwarf_iron_helmet_elite_c1,item_defs_absent_from_xml_export_20260729_025002_taom_modules_ship_almost_no_item_xml,aferrer,2026-07-30
sk_dwarf_iron_helmet_elite_c2,item_defs_absent_from_xml_export_20260729_025002_taom_modules_ship_almost_no_item_xml,aferrer,2026-07-30
sk_dwarf_iron_helmet_elite_d1,item_defs_absent_from_xml_export_20260729_025002_taom_modules_ship_almost_no_item_xml,aferrer,2026-07-30
sk_dwarf_iron_helmet_elite_d3,item_defs_absent_from_xml_export_20260729_025002_taom_modules_ship_almost_no_item_xml,aferrer,2026-07-30
sk_dwarf_iron_helmet_heavy_a2,item_defs_absent_from_xml_export_20260729_025002_taom_modules_ship_almost_no_item_xml,aferrer,2026-07-30
sk_dwarf_iron_helmet_heavy_b1,item_defs_absent_from_xml_export_20260729_025002_taom_modules_ship_almost_no_item_xml,aferrer,2026-07-30
sk_dwarf_iron_helmet_heavy_b2,item_defs_absent_from_xml_export_20260729_025002_taom_modules_ship_almost_no_item_xml,aferrer,2026-07-30
sk_dwarf_iron_helmet_heavy_c1,item_defs_absent_from_xml_export_20260729_025002_taom_modules_ship_almost_no_item_xml,aferrer,2026-07-30
sk_dwarf_iron_helmet_heavy_c2,item_defs_absent_from_xml_export_20260729_025002_taom_modules_ship_almost_no_item_xml,aferrer,2026-07-30
sk_dwarf_iron_helmet_heavy_d1,item_defs_absent_from_xml_export_20260729_025002_taom_modules_ship_almost_no_item_xml,aferrer,2026-07-30
sk_dwarf_iron_helmet_heavy_d2,item_defs_absent_from_xml_export_20260729_025002_taom_modules_ship_almost_no_item_xml,aferrer,2026-07-30
sk_dwarf_iron_helmet_light_a1,item_defs_absent_from_xml_export_20260729_025002_taom_modules_ship_almost_no_item_xml,aferrer,2026-07-30
sk_dwarf_iron_helmet_light_a2,item_defs_absent_from_xml_export_20260729_025002_taom_modules_ship_almost_no_item_xml,aferrer,2026-07-30
sk_dwarf_iron_helmet_light_b1,item_defs_absent_from_xml_export_20260729_025002_taom_modules_ship_almost_no_item_xml,aferrer,2026-07-30
sk_dwarf_iron_helmet_light_b2,item_defs_absent_from_xml_export_20260729_025002_taom_modules_ship_almost_no_item_xml,aferrer,2026-07-30
sk_dwarf_iron_helmet_light_c1,item_defs_absent_from_xml_export_20260729_025002_taom_modules_ship_almost_no_item_xml,aferrer,2026-07-30
sk_dwarf_iron_helmet_light_c2,item_defs_absent_from_xml_export_20260729_025002_taom_modules_ship_almost_no_item_xml,aferrer,2026-07-30
sk_dwarf_iron_helmet_light_d1,item_defs_absent_from_xml_export_20260729_025002_taom_modules_ship_almost_no_item_xml,aferrer,2026-07-30
sk_dwarf_iron_helmet_light_d2,item_defs_absent_from_xml_export_20260729_025002_taom_modules_ship_almost_no_item_xml,aferrer,2026-07-30
sk_dwarf_iron_helmet_lord_d1,item_defs_absent_from_xml_export_20260729_025002_taom_modules_ship_almost_no_item_xml,aferrer,2026-07-30
sk_dwarf_iron_helmet_med_a1,item_defs_absent_from_xml_export_20260729_025002_taom_modules_ship_almost_no_item_xml,aferrer,2026-07-30
sk_dwarf_iron_helmet_med_a2,item_defs_absent_from_xml_export_20260729_025002_taom_modules_ship_almost_no_item_xml,aferrer,2026-07-30
sk_dwarf_iron_helmet_med_b1,item_defs_absent_from_xml_export_20260729_025002_taom_modules_ship_almost_no_item_xml,aferrer,2026-07-30
sk_dwarf_iron_helmet_med_b2,item_defs_absent_from_xml_export_20260729_025002_taom_modules_ship_almost_no_item_xml,aferrer,2026-07-30
sk_dwarf_iron_helmet_med_c1,item_defs_absent_from_xml_export_20260729_025002_taom_modules_ship_almost_no_item_xml,aferrer,2026-07-30
sk_dwarf_iron_helmet_med_c2,item_defs_absent_from_xml_export_20260729_025002_taom_modules_ship_almost_no_item_xml,aferrer,2026-07-30
sk_dwarf_iron_helmet_med_d1,item_defs_absent_from_xml_export_20260729_025002_taom_modules_ship_almost_no_item_xml,aferrer,2026-07-30
sk_dwarf_iron_helmet_med_d2,item_defs_absent_from_xml_export_20260729_025002_taom_modules_ship_almost_no_item_xml,aferrer,2026-07-30
sk_dwarf_iron_pauldron_elite_a,item_defs_absent_from_xml_export_20260729_025002_taom_modules_ship_almost_no_item_xml,aferrer,2026-07-30
sk_dwarf_iron_pauldron_elite_cape_a,item_defs_absent_from_xml_export_20260729_025002_taom_modules_ship_almost_no_item_xml,aferrer,2026-07-30
sk_dwarf_iron_pauldron_heavy_a,item_defs_absent_from_xml_export_20260729_025002_taom_modules_ship_almost_no_item_xml,aferrer,2026-07-30
sk_dwarf_iron_pauldron_heavy_b,item_defs_absent_from_xml_export_20260729_025002_taom_modules_ship_almost_no_item_xml,aferrer,2026-07-30
sk_dwarf_iron_pauldron_heavy_cape_a,item_defs_absent_from_xml_export_20260729_025002_taom_modules_ship_almost_no_item_xml,aferrer,2026-07-30
sk_dwarf_iron_pauldron_heavy_cape_b,item_defs_absent_from_xml_export_20260729_025002_taom_modules_ship_almost_no_item_xml,aferrer,2026-07-30
sk_dwarf_iron_pauldron_heavy_cape_c,item_defs_absent_from_xml_export_20260729_025002_taom_modules_ship_almost_no_item_xml,aferrer,2026-07-30
sk_dwarf_iron_pauldron_light_a,item_defs_absent_from_xml_export_20260729_025002_taom_modules_ship_almost_no_item_xml,aferrer,2026-07-30
sk_dwarf_iron_pauldron_light_b,item_defs_absent_from_xml_export_20260729_025002_taom_modules_ship_almost_no_item_xml,aferrer,2026-07-30
sk_dwarf_iron_pauldron_med_a,item_defs_absent_from_xml_export_20260729_025002_taom_modules_ship_almost_no_item_xml,aferrer,2026-07-30
sk_dwarf_iron_pauldron_med_b,item_defs_absent_from_xml_export_20260729_025002_taom_modules_ship_almost_no_item_xml,aferrer,2026-07-30
sk_dwarf_iron_pauldron_med_c,item_defs_absent_from_xml_export_20260729_025002_taom_modules_ship_almost_no_item_xml,aferrer,2026-07-30
sk_dwarf_iron_pauldron_med_d,item_defs_absent_from_xml_export_20260729_025002_taom_modules_ship_almost_no_item_xml,aferrer,2026-07-30
sk_dwarf_iron_pauldron_medium_a,item_defs_absent_from_xml_export_20260729_025002_taom_modules_ship_almost_no_item_xml,aferrer,2026-07-30
sk_dwarf_iron_pauldron_medium_b,item_defs_absent_from_xml_export_20260729_025002_taom_modules_ship_almost_no_item_xml,aferrer,2026-07-30
sk_dwarf_iron_pauldron_medium_c,item_defs_absent_from_xml_export_20260729_025002_taom_modules_ship_almost_no_item_xml,aferrer,2026-07-30
sk_dwarf_iron_pauldron_medium_d,item_defs_absent_from_xml_export_20260729_025002_taom_modules_ship_almost_no_item_xml,aferrer,2026-07-30
sk_elephant_armor_a,item_defs_absent_from_xml_export_20260729_025002_taom_modules_ship_almost_no_item_xml,aferrer,2026-07-30
sk_gb_uruk_boots_elite_a,item_defs_absent_from_xml_export_20260729_025002_taom_modules_ship_almost_no_item_xml,aferrer,2026-07-30
sk_gb_uruk_boots_elite_b,item_defs_absent_from_xml_export_20260729_025002_taom_modules_ship_almost_no_item_xml,aferrer,2026-07-30
sk_gb_uruk_boots_elite_c,item_defs_absent_from_xml_export_20260729_025002_taom_modules_ship_almost_no_item_xml,aferrer,2026-07-30
sk_gb_uruk_boots_heavy_a,item_defs_absent_from_xml_export_20260729_025002_taom_modules_ship_almost_no_item_xml,aferrer,2026-07-30
sk_gb_uruk_boots_heavy_b,item_defs_absent_from_xml_export_20260729_025002_taom_modules_ship_almost_no_item_xml,aferrer,2026-07-30
sk_gb_uruk_boots_heavy_c,item_defs_absent_from_xml_export_20260729_025002_taom_modules_ship_almost_no_item_xml,aferrer,2026-07-30
sk_gb_uruk_boots_heavy_d,item_defs_absent_from_xml_export_20260729_025002_taom_modules_ship_almost_no_item_xml,aferrer,2026-07-30
sk_gb_uruk_boots_heavy_e,item_defs_absent_from_xml_export_20260729_025002_taom_modules_ship_almost_no_item_xml,aferrer,2026-07-30
sk_gb_uruk_boots_heavy_f,item_defs_absent_from_xml_export_20260729_025002_taom_modules_ship_almost_no_item_xml,aferrer,2026-07-30
sk_gb_uruk_boots_light_a,item_defs_absent_from_xml_export_20260729_025002_taom_modules_ship_almost_no_item_xml,aferrer,2026-07-30
sk_gb_uruk_boots_light_b,item_defs_absent_from_xml_export_20260729_025002_taom_modules_ship_almost_no_item_xml,aferrer,2026-07-30
sk_gb_uruk_boots_med_a,item_defs_absent_from_xml_export_20260729_025002_taom_modules_ship_almost_no_item_xml,aferrer,2026-07-30
sk_gb_uruk_boots_med_b,item_defs_absent_from_xml_export_20260729_025002_taom_modules_ship_almost_no_item_xml,aferrer,2026-07-30
sk_gb_uruk_bracer_elite_a,item_defs_absent_from_xml_export_20260729_025002_taom_modules_ship_almost_no_item_xml,aferrer,2026-07-30
sk_gb_uruk_bracer_elite_b,item_defs_absent_from_xml_export_20260729_025002_taom_modules_ship_almost_no_item_xml,aferrer,2026-07-30
sk_gb_uruk_bracer_elite_c,item_defs_absent_from_xml_export_20260729_025002_taom_modules_ship_almost_no_item_xml,aferrer,2026-07-30
sk_gb_uruk_bracer_heavy_a,item_defs_absent_from_xml_export_20260729_025002_taom_modules_ship_almost_no_item_xml,aferrer,2026-07-30
sk_gb_uruk_bracer_heavy_b,item_defs_absent_from_xml_export_20260729_025002_taom_modules_ship_almost_no_item_xml,aferrer,2026-07-30
sk_gb_uruk_bracer_heavy_c,item_defs_absent_from_xml_export_20260729_025002_taom_modules_ship_almost_no_item_xml,aferrer,2026-07-30
sk_gb_uruk_bracer_heavy_d,item_defs_absent_from_xml_export_20260729_025002_taom_modules_ship_almost_no_item_xml,aferrer,2026-07-30
sk_gb_uruk_bracer_heavy_e,item_defs_absent_from_xml_export_20260729_025002_taom_modules_ship_almost_no_item_xml,aferrer,2026-07-30
sk_gb_uruk_bracer_med_a,item_defs_absent_from_xml_export_20260729_025002_taom_modules_ship_almost_no_item_xml,aferrer,2026-07-30
sk_gb_uruk_bracer_med_b,item_defs_absent_from_xml_export_20260729_025002_taom_modules_ship_almost_no_item_xml,aferrer,2026-07-30
sk_gb_uruk_bracer_med_c,item_defs_absent_from_xml_export_20260729_025002_taom_modules_ship_almost_no_item_xml,aferrer,2026-07-30
sk_gb_uruk_cape_a,item_defs_absent_from_xml_export_20260729_025002_taom_modules_ship_almost_no_item_xml,aferrer,2026-07-30
sk_gb_uruk_cape_b,item_defs_absent_from_xml_export_20260729_025002_taom_modules_ship_almost_no_item_xml,aferrer,2026-07-30
sk_gb_uruk_cape_c,item_defs_absent_from_xml_export_20260729_025002_taom_modules_ship_almost_no_item_xml,aferrer,2026-07-30
sk_gb_uruk_chest_elite_a,item_defs_absent_from_xml_export_20260729_025002_taom_modules_ship_almost_no_item_xml,aferrer,2026-07-30
sk_gb_uruk_chest_elite_b,item_defs_absent_from_xml_export_20260729_025002_taom_modules_ship_almost_no_item_xml,aferrer,2026-07-30
sk_gb_uruk_chest_elite_c,item_defs_absent_from_xml_export_20260729_025002_taom_modules_ship_almost_no_item_xml,aferrer,2026-07-30
sk_gb_uruk_chest_elite_d,item_defs_absent_from_xml_export_20260729_025002_taom_modules_ship_almost_no_item_xml,aferrer,2026-07-30
sk_gb_uruk_chest_elite_e,item_defs_absent_from_xml_export_20260729_025002_taom_modules_ship_almost_no_item_xml,aferrer,2026-07-30
sk_gb_uruk_chest_elite_f,item_defs_absent_from_xml_export_20260729_025002_taom_modules_ship_almost_no_item_xml,aferrer,2026-07-30
sk_gb_uruk_chest_heavy_a,item_defs_absent_from_xml_export_20260729_025002_taom_modules_ship_almost_no_item_xml,aferrer,2026-07-30
sk_gb_uruk_chest_heavy_b,item_defs_absent_from_xml_export_20260729_025002_taom_modules_ship_almost_no_item_xml,aferrer,2026-07-30
sk_gb_uruk_chest_heavy_c,item_defs_absent_from_xml_export_20260729_025002_taom_modules_ship_almost_no_item_xml,aferrer,2026-07-30
sk_gb_uruk_chest_heavy_e,item_defs_absent_from_xml_export_20260729_025002_taom_modules_ship_almost_no_item_xml,aferrer,2026-07-30
sk_gb_uruk_chest_heavy_f,item_defs_absent_from_xml_export_20260729_025002_taom_modules_ship_almost_no_item_xml,aferrer,2026-07-30
sk_gb_uruk_chest_light_a,item_defs_absent_from_xml_export_20260729_025002_taom_modules_ship_almost_no_item_xml,aferrer,2026-07-30
sk_gb_uruk_chest_light_b,item_defs_absent_from_xml_export_20260729_025002_taom_modules_ship_almost_no_item_xml,aferrer,2026-07-30
sk_gb_uruk_chest_light_c,item_defs_absent_from_xml_export_20260729_025002_taom_modules_ship_almost_no_item_xml,aferrer,2026-07-30
sk_gb_uruk_chest_light_d,item_defs_absent_from_xml_export_20260729_025002_taom_modules_ship_almost_no_item_xml,aferrer,2026-07-30
sk_gb_uruk_chest_lord_a,item_defs_absent_from_xml_export_20260729_025002_taom_modules_ship_almost_no_item_xml,aferrer,2026-07-30
sk_gb_uruk_chest_lord_b,item_defs_absent_from_xml_export_20260729_025002_taom_modules_ship_almost_no_item_xml,aferrer,2026-07-30
sk_gb_uruk_chest_lord_c,item_defs_absent_from_xml_export_20260729_025002_taom_modules_ship_almost_no_item_xml,aferrer,2026-07-30
sk_gb_uruk_chest_lord_d,item_defs_absent_from_xml_export_20260729_025002_taom_modules_ship_almost_no_item_xml,aferrer,2026-07-30
sk_gb_uruk_chest_lord_e,item_defs_absent_from_xml_export_20260729_025002_taom_modules_ship_almost_no_item_xml,aferrer,2026-07-30
sk_gb_uruk_chest_lord_f,item_defs_absent_from_xml_export_20260729_025002_taom_modules_ship_almost_no_item_xml,aferrer,2026-07-30
sk_gb_uruk_chest_med_a,item_defs_absent_from_xml_export_20260729_025002_taom_modules_ship_almost_no_item_xml,aferrer,2026-07-30
sk_gb_uruk_chest_med_b,item_defs_absent_from_xml_export_20260729_025002_taom_modules_ship_almost_no_item_xml,aferrer,2026-07-30
sk_gb_uruk_chest_med_c,item_defs_absent_from_xml_export_20260729_025002_taom_modules_ship_almost_no_item_xml,aferrer,2026-07-30
sk_gb_uruk_chest_med_d,item_defs_absent_from_xml_export_20260729_025002_taom_modules_ship_almost_no_item_xml,aferrer,2026-07-30
sk_gb_uruk_chest_med_e,item_defs_absent_from_xml_export_20260729_025002_taom_modules_ship_almost_no_item_xml,aferrer,2026-07-30
sk_gb_uruk_chest_med_f,item_defs_absent_from_xml_export_20260729_025002_taom_modules_ship_almost_no_item_xml,aferrer,2026-07-30
sk_gb_uruk_helmet_elite_a,item_defs_absent_from_xml_export_20260729_025002_taom_modules_ship_almost_no_item_xml,aferrer,2026-07-30
sk_gb_uruk_helmet_elite_b,item_defs_absent_from_xml_export_20260729_025002_taom_modules_ship_almost_no_item_xml,aferrer,2026-07-30
sk_gb_uruk_helmet_elite_c,item_defs_absent_from_xml_export_20260729_025002_taom_modules_ship_almost_no_item_xml,aferrer,2026-07-30
sk_gb_uruk_helmet_elite_d,item_defs_absent_from_xml_export_20260729_025002_taom_modules_ship_almost_no_item_xml,aferrer,2026-07-30
sk_gb_uruk_helmet_elite_e,item_defs_absent_from_xml_export_20260729_025002_taom_modules_ship_almost_no_item_xml,aferrer,2026-07-30
sk_gb_uruk_helmet_elite_f,item_defs_absent_from_xml_export_20260729_025002_taom_modules_ship_almost_no_item_xml,aferrer,2026-07-30
sk_gb_uruk_helmet_elite_g,item_defs_absent_from_xml_export_20260729_025002_taom_modules_ship_almost_no_item_xml,aferrer,2026-07-30
sk_gb_uruk_helmet_elite_h,item_defs_absent_from_xml_export_20260729_025002_taom_modules_ship_almost_no_item_xml,aferrer,2026-07-30
sk_gb_uruk_helmet_heavy_a,item_defs_absent_from_xml_export_20260729_025002_taom_modules_ship_almost_no_item_xml,aferrer,2026-07-30
sk_gb_uruk_helmet_heavy_b,item_defs_absent_from_xml_export_20260729_025002_taom_modules_ship_almost_no_item_xml,aferrer,2026-07-30
sk_gb_uruk_helmet_heavy_d,item_defs_absent_from_xml_export_20260729_025002_taom_modules_ship_almost_no_item_xml,aferrer,2026-07-30
sk_gb_uruk_helmet_heavy_e,item_defs_absent_from_xml_export_20260729_025002_taom_modules_ship_almost_no_item_xml,aferrer,2026-07-30
sk_gb_uruk_helmet_heavy_g,item_defs_absent_from_xml_export_20260729_025002_taom_modules_ship_almost_no_item_xml,aferrer,2026-07-30
sk_gb_uruk_helmet_heavy_h,item_defs_absent_from_xml_export_20260729_025002_taom_modules_ship_almost_no_item_xml,aferrer,2026-07-30
sk_gb_uruk_helmet_heavy_j,item_defs_absent_from_xml_export_20260729_025002_taom_modules_ship_almost_no_item_xml,aferrer,2026-07-30
sk_gb_uruk_helmet_heavy_k,item_defs_absent_from_xml_export_20260729_025002_taom_modules_ship_almost_no_item_xml,aferrer,2026-07-30
sk_gb_uruk_helmet_light_a,item_defs_absent_from_xml_export_20260729_025002_taom_modules_ship_almost_no_item_xml,aferrer,2026-07-30
sk_gb_uruk_helmet_light_b,item_defs_absent_from_xml_export_20260729_025002_taom_modules_ship_almost_no_item_xml,aferrer,2026-07-30
sk_gb_uruk_helmet_light_c,item_defs_absent_from_xml_export_20260729_025002_taom_modules_ship_almost_no_item_xml,aferrer,2026-07-30
sk_gb_uruk_helmet_light_d,item_defs_absent_from_xml_export_20260729_025002_taom_modules_ship_almost_no_item_xml,aferrer,2026-07-30
sk_gb_uruk_helmet_med_a,item_defs_absent_from_xml_export_20260729_025002_taom_modules_ship_almost_no_item_xml,aferrer,2026-07-30
sk_gb_uruk_helmet_med_b,item_defs_absent_from_xml_export_20260729_025002_taom_modules_ship_almost_no_item_xml,aferrer,2026-07-30
sk_gb_uruk_helmet_med_c,item_defs_absent_from_xml_export_20260729_025002_taom_modules_ship_almost_no_item_xml,aferrer,2026-07-30
sk_gb_uruk_helmet_med_f,item_defs_absent_from_xml_export_20260729_025002_taom_modules_ship_almost_no_item_xml,aferrer,2026-07-30
sk_gb_uruk_helmet_med_g,item_defs_absent_from_xml_export_20260729_025002_taom_modules_ship_almost_no_item_xml,aferrer,2026-07-30
sk_gb_uruk_pauldron_cape_elite_a,item_defs_absent_from_xml_export_20260729_025002_taom_modules_ship_almost_no_item_xml,aferrer,2026-07-30
sk_gb_uruk_pauldron_cape_elite_b,item_defs_absent_from_xml_export_20260729_025002_taom_modules_ship_almost_no_item_xml,aferrer,2026-07-30
sk_gb_uruk_pauldron_cape_elite_c,item_defs_absent_from_xml_export_20260729_025002_taom_modules_ship_almost_no_item_xml,aferrer,2026-07-30
sk_gb_uruk_pauldron_elite_a,item_defs_absent_from_xml_export_20260729_025002_taom_modules_ship_almost_no_item_xml,aferrer,2026-07-30
sk_gb_uruk_pauldron_elite_b,item_defs_absent_from_xml_export_20260729_025002_taom_modules_ship_almost_no_item_xml,aferrer,2026-07-30
sk_gb_uruk_pauldron_elite_c,item_defs_absent_from_xml_export_20260729_025002_taom_modules_ship_almost_no_item_xml,aferrer,2026-07-30
sk_gb_uruk_pauldron_elite_d,item_defs_absent_from_xml_export_20260729_025002_taom_modules_ship_almost_no_item_xml,aferrer,2026-07-30
sk_gb_uruk_pauldron_heavy_a,item_defs_absent_from_xml_export_20260729_025002_taom_modules_ship_almost_no_item_xml,aferrer,2026-07-30
sk_gb_uruk_pauldron_heavy_b,item_defs_absent_from_xml_export_20260729_025002_taom_modules_ship_almost_no_item_xml,aferrer,2026-07-30
sk_gb_uruk_pauldron_heavy_c,item_defs_absent_from_xml_export_20260729_025002_taom_modules_ship_almost_no_item_xml,aferrer,2026-07-30
sk_gb_uruk_pauldron_light_a,item_defs_absent_from_xml_export_20260729_025002_taom_modules_ship_almost_no_item_xml,aferrer,2026-07-30
sk_gb_uruk_pauldron_light_b,item_defs_absent_from_xml_export_20260729_025002_taom_modules_ship_almost_no_item_xml,aferrer,2026-07-30
sk_gb_uruk_pauldron_med_a,item_defs_absent_from_xml_export_20260729_025002_taom_modules_ship_almost_no_item_xml,aferrer,2026-07-30
sk_gb_uruk_pauldron_med_b,item_defs_absent_from_xml_export_20260729_025002_taom_modules_ship_almost_no_item_xml,aferrer,2026-07-30
sk_gd_anf_cav_helmet_heavy_a,item_defs_absent_from_xml_export_20260729_025002_taom_modules_ship_almost_no_item_xml,aferrer,2026-07-30
sk_gd_anf_inf_chainmail_a,item_defs_absent_from_xml_export_20260729_025002_taom_modules_ship_almost_no_item_xml,aferrer,2026-07-30
sk_gd_anf_inf_chainmail_b,item_defs_absent_from_xml_export_20260729_025002_taom_modules_ship_almost_no_item_xml,aferrer,2026-07-30
sk_gd_anf_inf_chest_heavy_a,item_defs_absent_from_xml_export_20260729_025002_taom_modules_ship_almost_no_item_xml,aferrer,2026-07-30
sk_gd_anf_inf_chest_med_a,item_defs_absent_from_xml_export_20260729_025002_taom_modules_ship_almost_no_item_xml,aferrer,2026-07-30
sk_gd_anf_inf_chest_med_b,item_defs_absent_from_xml_export_20260729_025002_taom_modules_ship_almost_no_item_xml,aferrer,2026-07-30
sk_gd_anf_inf_helmet_heavy_a,item_defs_absent_from_xml_export_20260729_025002_taom_modules_ship_almost_no_item_xml,aferrer,2026-07-30
sk_gd_anf_inf_helmet_heavy_b,item_defs_absent_from_xml_export_20260729_025002_taom_modules_ship_almost_no_item_xml,aferrer,2026-07-30
sk_gd_anf_inf_helmet_med_a,item_defs_absent_from_xml_export_20260729_025002_taom_modules_ship_almost_no_item_xml,aferrer,2026-07-30
sk_gd_anf_inf_helmet_med_b,item_defs_absent_from_xml_export_20260729_025002_taom_modules_ship_almost_no_item_xml,aferrer,2026-07-30
sk_gd_anf_lon_helmet_elite_a,item_defs_absent_from_xml_export_20260729_025002_taom_modules_ship_almost_no_item_xml,aferrer,2026-07-30
sk_gd_anf_lon_helmet_heavy_a,item_defs_absent_from_xml_export_20260729_025002_taom_modules_ship_almost_no_item_xml,aferrer,2026-07-30
sk_gd_ano_boots_a,item_defs_absent_from_xml_export_20260729_025002_taom_modules_ship_almost_no_item_xml,aferrer,2026-07-30
sk_gd_ano_bracer_inf_med_a,item_defs_absent_from_xml_export_20260729_025002_taom_modules_ship_almost_no_item_xml,aferrer,2026-07-30
sk_gd_ano_bracer_noble_heavy_a,item_defs_absent_from_xml_export_20260729_025002_taom_modules_ship_almost_no_item_xml,aferrer,2026-07-30
sk_gd_ano_bracer_noble_med_a,item_defs_absent_from_xml_export_20260729_025002_taom_modules_ship_almost_no_item_xml,aferrer,2026-07-30
sk_gd_ano_cape_a,item_defs_absent_from_xml_export_20260729_025002_taom_modules_ship_almost_no_item_xml,aferrer,2026-07-30
sk_gd_ano_cape_b,item_defs_absent_from_xml_export_20260729_025002_taom_modules_ship_almost_no_item_xml,aferrer,2026-07-30
sk_gd_ano_cape_noble_a,item_defs_absent_from_xml_export_20260729_025002_taom_modules_ship_almost_no_item_xml,aferrer,2026-07-30
sk_gd_ano_cape_noble_b,item_defs_absent_from_xml_export_20260729_025002_taom_modules_ship_almost_no_item_xml,aferrer,2026-07-30
sk_gd_ano_cav_helmet_heavy_a,item_defs_absent_from_xml_export_20260729_025002_taom_modules_ship_almost_no_item_xml,aferrer,2026-07-30
sk_gd_ano_cav_helmet_heavy_b,item_defs_absent_from_xml_export_20260729_025002_taom_modules_ship_almost_no_item_xml,aferrer,2026-07-30
sk_gd_ano_chainmail_full_a,item_defs_absent_from_xml_export_20260729_025002_taom_modules_ship_almost_no_item_xml,aferrer,2026-07-30
sk_gd_ano_chainmail_full_b,item_defs_absent_from_xml_export_20260729_025002_taom_modules_ship_almost_no_item_xml,aferrer,2026-07-30
sk_gd_ano_chainmail_half_a,item_defs_absent_from_xml_export_20260729_025002_taom_modules_ship_almost_no_item_xml,aferrer,2026-07-30
sk_gd_ano_chainmail_half_b,item_defs_absent_from_xml_export_20260729_025002_taom_modules_ship_almost_no_item_xml,aferrer,2026-07-30
sk_gd_ano_gloves_a,item_defs_absent_from_xml_export_20260729_025002_taom_modules_ship_almost_no_item_xml,aferrer,2026-07-30
sk_gd_ano_grvs_inf_heavy_a,item_defs_absent_from_xml_export_20260729_025002_taom_modules_ship_almost_no_item_xml,aferrer,2026-07-30
sk_gd_ano_grvs_inf_light_a,item_defs_absent_from_xml_export_20260729_025002_taom_modules_ship_almost_no_item_xml,aferrer,2026-07-30
sk_gd_ano_grvs_inf_med_a,item_defs_absent_from_xml_export_20260729_025002_taom_modules_ship_almost_no_item_xml,aferrer,2026-07-30
sk_gd_ano_grvs_noble_heavy_a,item_defs_absent_from_xml_export_20260729_025002_taom_modules_ship_almost_no_item_xml,aferrer,2026-07-30
sk_gd_ano_grvs_noble_light_a,item_defs_absent_from_xml_export_20260729_025002_taom_modules_ship_almost_no_item_xml,aferrer,2026-07-30
sk_gd_ano_grvs_noble_med_a,item_defs_absent_from_xml_export_20260729_025002_taom_modules_ship_almost_no_item_xml,aferrer,2026-07-30
sk_gd_ano_inf_chest_heavy_a,item_defs_absent_from_xml_export_20260729_025002_taom_modules_ship_almost_no_item_xml,aferrer,2026-07-30
sk_gd_ano_inf_chest_heavy_b,item_defs_absent_from_xml_export_20260729_025002_taom_modules_ship_almost_no_item_xml,aferrer,2026-07-30
sk_gd_ano_inf_chest_med_a,item_defs_absent_from_xml_export_20260729_025002_taom_modules_ship_almost_no_item_xml,aferrer,2026-07-30
sk_gd_ano_inf_chest_med_b,item_defs_absent_from_xml_export_20260729_025002_taom_modules_ship_almost_no_item_xml,aferrer,2026-07-30
sk_gd_ano_inf_helmet_heavy_a,item_defs_absent_from_xml_export_20260729_025002_taom_modules_ship_almost_no_item_xml,aferrer,2026-07-30
sk_gd_ano_inf_helmet_med_a,item_defs_absent_from_xml_export_20260729_025002_taom_modules_ship_almost_no_item_xml,aferrer,2026-07-30
sk_gd_ano_noble_helmet_heavy_a,item_defs_absent_from_xml_export_20260729_025002_taom_modules_ship_almost_no_item_xml,aferrer,2026-07-30
sk_gd_ano_noble_helmet_heavy_b,item_defs_absent_from_xml_export_20260729_025002_taom_modules_ship_almost_no_item_xml,aferrer,2026-07-30
sk_gd_ano_noble_helmet_med_a,item_defs_absent_from_xml_export_20260729_025002_taom_modules_ship_almost_no_item_xml,aferrer,2026-07-30
sk_gd_ano_pauld_cape_fount_elite_a,item_defs_absent_from_xml_export_20260729_025002_taom_modules_ship_almost_no_item_xml,aferrer,2026-07-30
sk_gd_ano_pauld_cape_inf_elite_a,item_defs_absent_from_xml_export_20260729_025002_taom_modules_ship_almost_no_item_xml,aferrer,2026-07-30
sk_gd_ano_pauld_cape_noble_elite_a,item_defs_absent_from_xml_export_20260729_025002_taom_modules_ship_almost_no_item_xml,aferrer,2026-07-30
sk_gd_ano_pauld_cape_noble_elite_b,item_defs_absent_from_xml_export_20260729_025002_taom_modules_ship_almost_no_item_xml,aferrer,2026-07-30
sk_gd_ano_pauld_inf_elite_a,item_defs_absent_from_xml_export_20260729_025002_taom_modules_ship_almost_no_item_xml,aferrer,2026-07-30
sk_gd_ano_pauld_inf_heavy_a,item_defs_absent_from_xml_export_20260729_025002_taom_modules_ship_almost_no_item_xml,aferrer,2026-07-30
sk_gd_ano_pauld_inf_med_a,item_defs_absent_from_xml_export_20260729_025002_taom_modules_ship_almost_no_item_xml,aferrer,2026-07-30
sk_gd_ano_pauld_inf_med_b,item_defs_absent_from_xml_export_20260729_025002_taom_modules_ship_almost_no_item_xml,aferrer,2026-07-30
sk_gd_ano_pauld_noble_med_a,item_defs_absent_from_xml_export_20260729_025002_taom_modules_ship_almost_no_item_xml,aferrer,2026-07-30
sk_gd_bel_inf_chainmail_a,item_defs_absent_from_xml_export_20260729_025002_taom_modules_ship_almost_no_item_xml,aferrer,2026-07-30
sk_gd_bel_inf_chainmail_b,item_defs_absent_from_xml_export_20260729_025002_taom_modules_ship_almost_no_item_xml,aferrer,2026-07-30
sk_gd_bel_inf_chest_heavy_a,item_defs_absent_from_xml_export_20260729_025002_taom_modules_ship_almost_no_item_xml,aferrer,2026-07-30
sk_gd_bel_inf_chest_heavy_b,item_defs_absent_from_xml_export_20260729_025002_taom_modules_ship_almost_no_item_xml,aferrer,2026-07-30
sk_gd_bel_inf_chest_med_a,item_defs_absent_from_xml_export_20260729_025002_taom_modules_ship_almost_no_item_xml,aferrer,2026-07-30
sk_gd_bel_inf_chest_med_b,item_defs_absent_from_xml_export_20260729_025002_taom_modules_ship_almost_no_item_xml,aferrer,2026-07-30
sk_gd_cair_bracer_inf_med_a,item_defs_absent_from_xml_export_20260729_025002_taom_modules_ship_almost_no_item_xml,aferrer,2026-07-30
sk_gd_cair_chainmail_half_b,item_defs_absent_from_xml_export_20260729_025002_taom_modules_ship_almost_no_item_xml,aferrer,2026-07-30
sk_gd_cair_inf_chest_heavy_a,item_defs_absent_from_xml_export_20260729_025002_taom_modules_ship_almost_no_item_xml,aferrer,2026-07-30
sk_gd_cair_inf_chest_heavy_b,item_defs_absent_from_xml_export_20260729_025002_taom_modules_ship_almost_no_item_xml,aferrer,2026-07-30
sk_gd_cair_inf_chest_med_a,item_defs_absent_from_xml_export_20260729_025002_taom_modules_ship_almost_no_item_xml,aferrer,2026-07-30
sk_gd_cair_inf_chest_med_b,item_defs_absent_from_xml_export_20260729_025002_taom_modules_ship_almost_no_item_xml,aferrer,2026-07-30
sk_gd_cair_noble_helmet_heavy_a,item_defs_absent_from_xml_export_20260729_025002_taom_modules_ship_almost_no_item_xml,aferrer,2026-07-30
sk_gd_cair_noble_helmet_heavy_b,item_defs_absent_from_xml_export_20260729_025002_taom_modules_ship_almost_no_item_xml,aferrer,2026-07-30
sk_gd_cair_ward_helmet_heavy_a,item_defs_absent_from_xml_export_20260729_025002_taom_modules_ship_almost_no_item_xml,aferrer,2026-07-30
sk_gd_cair_ward_helmet_heavy_b,item_defs_absent_from_xml_export_20260729_025002_taom_modules_ship_almost_no_item_xml,aferrer,2026-07-30
sk_gd_har_inf_chainmail_a,item_defs_absent_from_xml_export_20260729_025002_taom_modules_ship_almost_no_item_xml,aferrer,2026-07-30
sk_gd_har_inf_chest_heavy_a,item_defs_absent_from_xml_export_20260729_025002_taom_modules_ship_almost_no_item_xml,aferrer,2026-07-30
sk_gd_har_inf_chest_med_a,item_defs_absent_from_xml_export_20260729_025002_taom_modules_ship_almost_no_item_xml,aferrer,2026-07-30
sk_gd_har_inf_helmet_elite_a,item_defs_absent_from_xml_export_20260729_025002_taom_modules_ship_almost_no_item_xml,aferrer,2026-07-30
sk_gd_har_inf_helmet_elite_b,item_defs_absent_from_xml_export_20260729_025002_taom_modules_ship_almost_no_item_xml,aferrer,2026-07-30
sk_gd_har_inf_helmet_heavy_a,item_defs_absent_from_xml_export_20260729_025002_taom_modules_ship_almost_no_item_xml,aferrer,2026-07-30
sk_gd_har_inf_helmet_heavy_b,item_defs_absent_from_xml_export_20260729_025002_taom_modules_ship_almost_no_item_xml,aferrer,2026-07-30
sk_gd_har_inf_helmet_light_a,item_defs_absent_from_xml_export_20260729_025002_taom_modules_ship_almost_no_item_xml,aferrer,2026-07-30
sk_gd_har_inf_helmet_med_a,item_defs_absent_from_xml_export_20260729_025002_taom_modules_ship_almost_no_item_xml,aferrer,2026-07-30
sk_gd_ith_chest_noble_heavy_a,item_defs_absent_from_xml_export_20260729_025002_taom_modules_ship_almost_no_item_xml,aferrer,2026-07-30
sk_gd_ith_chest_noble_heavy_b,item_defs_absent_from_xml_export_20260729_025002_taom_modules_ship_almost_no_item_xml,aferrer,2026-07-30
sk_gd_ith_chest_noble_med_a,item_defs_absent_from_xml_export_20260729_025002_taom_modules_ship_almost_no_item_xml,aferrer,2026-07-30
sk_gd_ith_chest_noble_med_b,item_defs_absent_from_xml_export_20260729_025002_taom_modules_ship_almost_no_item_xml,aferrer,2026-07-30
sk_gd_ith_noble_helmet_heavy_a,item_defs_absent_from_xml_export_20260729_025002_taom_modules_ship_almost_no_item_xml,aferrer,2026-07-30
sk_gd_lam_inf_chainmail_a,item_defs_absent_from_xml_export_20260729_025002_taom_modules_ship_almost_no_item_xml,aferrer,2026-07-30
sk_gd_lam_inf_chainmail_b,item_defs_absent_from_xml_export_20260729_025002_taom_modules_ship_almost_no_item_xml,aferrer,2026-07-30
sk_gd_lam_inf_chest_heavy_a,item_defs_absent_from_xml_export_20260729_025002_taom_modules_ship_almost_no_item_xml,aferrer,2026-07-30
sk_gd_lam_inf_chest_heavy_b,item_defs_absent_from_xml_export_20260729_025002_taom_modules_ship_almost_no_item_xml,aferrer,2026-07-30
sk_gd_lam_inf_chest_med_a,item_defs_absent_from_xml_export_20260729_025002_taom_modules_ship_almost_no_item_xml,aferrer,2026-07-30
sk_gd_lam_inf_helmet_elite_a,item_defs_absent_from_xml_export_20260729_025002_taom_modules_ship_almost_no_item_xml,aferrer,2026-07-30
sk_gd_lam_inf_helmet_heavy_a1,item_defs_absent_from_xml_export_20260729_025002_taom_modules_ship_almost_no_item_xml,aferrer,2026-07-30
sk_gd_lam_inf_helmet_heavy_a2,item_defs_absent_from_xml_export_20260729_025002_taom_modules_ship_almost_no_item_xml,aferrer,2026-07-30
sk_gd_lam_inf_helmet_light_a,item_defs_absent_from_xml_export_20260729_025002_taom_modules_ship_almost_no_item_xml,aferrer,2026-07-30
sk_gd_lam_inf_helmet_med_a,item_defs_absent_from_xml_export_20260729_025002_taom_modules_ship_almost_no_item_xml,aferrer,2026-07-30
sk_gd_leb_chainmail_a,item_defs_absent_from_xml_export_20260729_025002_taom_modules_ship_almost_no_item_xml,aferrer,2026-07-30
sk_gd_leb_chainmail_b,item_defs_absent_from_xml_export_20260729_025002_taom_modules_ship_almost_no_item_xml,aferrer,2026-07-30
sk_gd_leb_inf_chest_heavy_a,item_defs_absent_from_xml_export_20260729_025002_taom_modules_ship_almost_no_item_xml,aferrer,2026-07-30
sk_gd_leb_inf_chest_heavy_b,item_defs_absent_from_xml_export_20260729_025002_taom_modules_ship_almost_no_item_xml,aferrer,2026-07-30
sk_gd_leb_inf_chest_med_a,item_defs_absent_from_xml_export_20260729_025002_taom_modules_ship_almost_no_item_xml,aferrer,2026-07-30
sk_gd_leb_inf_chest_med_b,item_defs_absent_from_xml_export_20260729_025002_taom_modules_ship_almost_no_item_xml,aferrer,2026-07-30
sk_gd_lon_nob_chest_heavy_a,item_defs_absent_from_xml_export_20260729_025002_taom_modules_ship_almost_no_item_xml,aferrer,2026-07-30
sk_gd_lon_nob_chest_med_a,item_defs_absent_from_xml_export_20260729_025002_taom_modules_ship_almost_no_item_xml,aferrer,2026-07-30
sk_gd_los_bracer_inf_med_a,item_defs_absent_from_xml_export_20260729_025002_taom_modules_ship_almost_no_item_xml,aferrer,2026-07-30
sk_gd_los_bracer_noble_elite_a,item_defs_absent_from_xml_export_20260729_025002_taom_modules_ship_almost_no_item_xml,aferrer,2026-07-30
sk_gd_los_bracer_noble_heavy_a,item_defs_absent_from_xml_export_20260729_025002_taom_modules_ship_almost_no_item_xml,aferrer,2026-07-30
sk_gd_los_bracer_noble_med_a,item_defs_absent_from_xml_export_20260729_025002_taom_modules_ship_almost_no_item_xml,aferrer,2026-07-30
sk_gd_los_inf_chainmail_a,item_defs_absent_from_xml_export_20260729_025002_taom_modules_ship_almost_no_item_xml,aferrer,2026-07-30
sk_gd_los_inf_chest_heavy_a,item_defs_absent_from_xml_export_20260729_025002_taom_modules_ship_almost_no_item_xml,aferrer,2026-07-30
sk_gd_los_inf_chest_med_a,item_defs_absent_from_xml_export_20260729_025002_taom_modules_ship_almost_no_item_xml,aferrer,2026-07-30
sk_gd_los_nob_chainmail_a,item_defs_absent_from_xml_export_20260729_025002_taom_modules_ship_almost_no_item_xml,aferrer,2026-07-30
sk_gd_los_nob_chest_heavy_a,item_defs_absent_from_xml_export_20260729_025002_taom_modules_ship_almost_no_item_xml,aferrer,2026-07-30
sk_gd_los_nob_chest_heavy_b,item_defs_absent_from_xml_export_20260729_025002_taom_modules_ship_almost_no_item_xml,aferrer,2026-07-30
sk_gd_los_nob_chest_lord_a,item_defs_absent_from_xml_export_20260729_025002_taom_modules_ship_almost_no_item_xml,aferrer,2026-07-30
sk_gd_los_nob_chest_med_a,item_defs_absent_from_xml_export_20260729_025002_taom_modules_ship_almost_no_item_xml,aferrer,2026-07-30
sk_gd_los_noble_helmet_elite_a,item_defs_absent_from_xml_export_20260729_025002_taom_modules_ship_almost_no_item_xml,aferrer,2026-07-30
sk_gd_los_noble_helmet_heavy_a,item_defs_absent_from_xml_export_20260729_025002_taom_modules_ship_almost_no_item_xml,aferrer,2026-07-30
sk_gd_los_noble_helmet_heavy_b,item_defs_absent_from_xml_export_20260729_025002_taom_modules_ship_almost_no_item_xml,aferrer,2026-07-30
sk_gd_los_noble_helmet_med_a,item_defs_absent_from_xml_export_20260729_025002_taom_modules_ship_almost_no_item_xml,aferrer,2026-07-30
sk_gd_los_noble_helmet_med_b,item_defs_absent_from_xml_export_20260729_025002_taom_modules_ship_almost_no_item_xml,aferrer,2026-07-30
sk_gd_los_pauld_cape_inf_elite_a,item_defs_absent_from_xml_export_20260729_025002_taom_modules_ship_almost_no_item_xml,aferrer,2026-07-30
sk_gd_los_pauld_cape_nob_elite_a,item_defs_absent_from_xml_export_20260729_025002_taom_modules_ship_almost_no_item_xml,aferrer,2026-07-30
sk_gd_los_pauld_cape_nob_lord_a,item_defs_absent_from_xml_export_20260729_025002_taom_modules_ship_almost_no_item_xml,aferrer,2026-07-30
sk_gd_los_pauld_inf_elite_a,item_defs_absent_from_xml_export_20260729_025002_taom_modules_ship_almost_no_item_xml,aferrer,2026-07-30
sk_gd_los_pauld_inf_heavy_a,item_defs_absent_from_xml_export_20260729_025002_taom_modules_ship_almost_no_item_xml,aferrer,2026-07-30
sk_gd_los_pauld_nob_elite_a,item_defs_absent_from_xml_export_20260729_025002_taom_modules_ship_almost_no_item_xml,aferrer,2026-07-30
sk_gd_los_pauld_nob_heavy_a,item_defs_absent_from_xml_export_20260729_025002_taom_modules_ship_almost_no_item_xml,aferrer,2026-07-30
sk_gd_mns_cita_helmet_heavy_a,item_defs_absent_from_xml_export_20260729_025002_taom_modules_ship_almost_no_item_xml,aferrer,2026-07-30
sk_gd_mns_cita_helmet_heavy_b,item_defs_absent_from_xml_export_20260729_025002_taom_modules_ship_almost_no_item_xml,aferrer,2026-07-30
sk_gd_mns_citadel_chest_heavy_a,item_defs_absent_from_xml_export_20260729_025002_taom_modules_ship_almost_no_item_xml,aferrer,2026-07-30
sk_gd_mns_citadel_chest_med_a,item_defs_absent_from_xml_export_20260729_025002_taom_modules_ship_almost_no_item_xml,aferrer,2026-07-30
sk_gd_mns_fount_chest_heavy_a,item_defs_absent_from_xml_export_20260729_025002_taom_modules_ship_almost_no_item_xml,aferrer,2026-07-30
sk_gd_mns_fount_helmet_heavy_a,item_defs_absent_from_xml_export_20260729_025002_taom_modules_ship_almost_no_item_xml,aferrer,2026-07-30
sk_gd_mns_noble_helmet_heavy_a,item_defs_absent_from_xml_export_20260729_025002_taom_modules_ship_almost_no_item_xml,aferrer,2026-07-30
sk_gd_mns_noble_helmet_med_a,item_defs_absent_from_xml_export_20260729_025002_taom_modules_ship_almost_no_item_xml,aferrer,2026-07-30
sk_gd_osg_bracer_noble_heavy_a,item_defs_absent_from_xml_export_20260729_025002_taom_modules_ship_almost_no_item_xml,aferrer,2026-07-30
sk_gd_osg_bracer_noble_med_a,item_defs_absent_from_xml_export_20260729_025002_taom_modules_ship_almost_no_item_xml,aferrer,2026-07-30
sk_gd_osg_inf_chest_heavy_a,item_defs_absent_from_xml_export_20260729_025002_taom_modules_ship_almost_no_item_xml,aferrer,2026-07-30
sk_gd_osg_inf_chest_heavy_b,item_defs_absent_from_xml_export_20260729_025002_taom_modules_ship_almost_no_item_xml,aferrer,2026-07-30
sk_gd_osg_inf_chest_med_a,item_defs_absent_from_xml_export_20260729_025002_taom_modules_ship_almost_no_item_xml,aferrer,2026-07-30
sk_gd_osg_inf_chest_med_b,item_defs_absent_from_xml_export_20260729_025002_taom_modules_ship_almost_no_item_xml,aferrer,2026-07-30
sk_gd_osg_noble_helmet_heavy_a,item_defs_absent_from_xml_export_20260729_025002_taom_modules_ship_almost_no_item_xml,aferrer,2026-07-30
sk_gd_osg_noble_helmet_heavy_b,item_defs_absent_from_xml_export_20260729_025002_taom_modules_ship_almost_no_item_xml,aferrer,2026-07-30
sk_gd_osg_pauld_cape_inf_elite_a,item_defs_absent_from_xml_export_20260729_025002_taom_modules_ship_almost_no_item_xml,aferrer,2026-07-30
sk_gd_osg_pauld_cape_inf_elite_b,item_defs_absent_from_xml_export_20260729_025002_taom_modules_ship_almost_no_item_xml,aferrer,2026-07-30
sk_gd_osg_ward_helmet_heavy_a,item_defs_absent_from_xml_export_20260729_025002_taom_modules_ship_almost_no_item_xml,aferrer,2026-07-30
sk_gd_osg_ward_helmet_heavy_b,item_defs_absent_from_xml_export_20260729_025002_taom_modules_ship_almost_no_item_xml,aferrer,2026-07-30
sk_gd_pin_arc_helmet_heavy_a,item_defs_absent_from_xml_export_20260729_025002_taom_modules_ship_almost_no_item_xml,aferrer,2026-07-30
sk_gd_pin_arc_helmet_heavy_b,item_defs_absent_from_xml_export_20260729_025002_taom_modules_ship_almost_no_item_xml,aferrer,2026-07-30
sk_gd_pin_chainmail_a,item_defs_absent_from_xml_export_20260729_025002_taom_modules_ship_almost_no_item_xml,aferrer,2026-07-30
sk_gd_pin_chainmail_b,item_defs_absent_from_xml_export_20260729_025002_taom_modules_ship_almost_no_item_xml,aferrer,2026-07-30
sk_gd_pin_inf_chest_heavy_a,item_defs_absent_from_xml_export_20260729_025002_taom_modules_ship_almost_no_item_xml,aferrer,2026-07-30
sk_gd_pin_inf_chest_heavy_b,item_defs_absent_from_xml_export_20260729_025002_taom_modules_ship_almost_no_item_xml,aferrer,2026-07-30
sk_gd_pin_inf_chest_med_a,item_defs_absent_from_xml_export_20260729_025002_taom_modules_ship_almost_no_item_xml,aferrer,2026-07-30
sk_gd_pin_inf_chest_med_b,item_defs_absent_from_xml_export_20260729_025002_taom_modules_ship_almost_no_item_xml,aferrer,2026-07-30
sk_gd_pin_inf_helmet_med_a,item_defs_absent_from_xml_export_20260729_025002_taom_modules_ship_almost_no_item_xml,aferrer,2026-07-30
sk_gd_pin_spear_helmet_heavy_a,item_defs_absent_from_xml_export_20260729_025002_taom_modules_ship_almost_no_item_xml,aferrer,2026-07-30
sk_gd_pin_spear_helmet_heavy_b,item_defs_absent_from_xml_export_20260729_025002_taom_modules_ship_almost_no_item_xml,aferrer,2026-07-30
sk_gd_sere_bracer_elite_a,item_defs_absent_from_xml_export_20260729_025002_taom_modules_ship_almost_no_item_xml,aferrer,2026-07-30
sk_gd_sere_bracer_heavy_a,item_defs_absent_from_xml_export_20260729_025002_taom_modules_ship_almost_no_item_xml,aferrer,2026-07-30
sk_gd_sere_bracer_med_a,item_defs_absent_from_xml_export_20260729_025002_taom_modules_ship_almost_no_item_xml,aferrer,2026-07-30
sk_gd_sere_chest_elite_a,item_defs_absent_from_xml_export_20260729_025002_taom_modules_ship_almost_no_item_xml,aferrer,2026-07-30
sk_gd_sere_chest_heavy_a,item_defs_absent_from_xml_export_20260729_025002_taom_modules_ship_almost_no_item_xml,aferrer,2026-07-30
sk_gd_sere_chest_heavy_b,item_defs_absent_from_xml_export_20260729_025002_taom_modules_ship_almost_no_item_xml,aferrer,2026-07-30
sk_gd_sere_chest_med_a,item_defs_absent_from_xml_export_20260729_025002_taom_modules_ship_almost_no_item_xml,aferrer,2026-07-30
sk_gd_sere_grvs_elite_a,item_defs_absent_from_xml_export_20260729_025002_taom_modules_ship_almost_no_item_xml,aferrer,2026-07-30
sk_gd_sere_grvs_heavy_a,item_defs_absent_from_xml_export_20260729_025002_taom_modules_ship_almost_no_item_xml,aferrer,2026-07-30
sk_gd_sere_grvs_med_a,item_defs_absent_from_xml_export_20260729_025002_taom_modules_ship_almost_no_item_xml,aferrer,2026-07-30
sk_gd_sere_helmet_elite_a,item_defs_absent_from_xml_export_20260729_025002_taom_modules_ship_almost_no_item_xml,aferrer,2026-07-30
sk_gd_sere_helmet_elite_b,item_defs_absent_from_xml_export_20260729_025002_taom_modules_ship_almost_no_item_xml,aferrer,2026-07-30
sk_gd_sere_helmet_elite_c,item_defs_absent_from_xml_export_20260729_025002_taom_modules_ship_almost_no_item_xml,aferrer,2026-07-30
sk_gd_sere_helmet_heavy_a,item_defs_absent_from_xml_export_20260729_025002_taom_modules_ship_almost_no_item_xml,aferrer,2026-07-30
sk_gd_sere_pauld_cape_elite_a,item_defs_absent_from_xml_export_20260729_025002_taom_modules_ship_almost_no_item_xml,aferrer,2026-07-30
sk_gd_sere_pauld_cape_heavy_a,item_defs_absent_from_xml_export_20260729_025002_taom_modules_ship_almost_no_item_xml,aferrer,2026-07-30
sk_gd_sere_pauld_elite_a,item_defs_absent_from_xml_export_20260729_025002_taom_modules_ship_almost_no_item_xml,aferrer,2026-07-30
sk_gd_sere_pauld_heavy_a,item_defs_absent_from_xml_export_20260729_025002_taom_modules_ship_almost_no_item_xml,aferrer,2026-07-30
sk_gd_sere_pauld_light_a,item_defs_absent_from_xml_export_20260729_025002_taom_modules_ship_almost_no_item_xml,aferrer,2026-07-30
sk_gd_sere_pauld_med_a,item_defs_absent_from_xml_export_20260729_025002_taom_modules_ship_almost_no_item_xml,aferrer,2026-07-30
sk_gn_orc_arc_helmet_med_a,item_defs_absent_from_xml_export_20260729_025002_taom_modules_ship_almost_no_item_xml,aferrer,2026-07-30
sk_gn_orc_brt_helmet_light_a,item_defs_absent_from_xml_export_20260729_025002_taom_modules_ship_almost_no_item_xml,aferrer,2026-07-30
sk_gn_orc_helmet_light_a,item_defs_absent_from_xml_export_20260729_025002_taom_modules_ship_almost_no_item_xml,aferrer,2026-07-30
sk_gn_orc_helmet_light_b,item_defs_absent_from_xml_export_20260729_025002_taom_modules_ship_almost_no_item_xml,aferrer,2026-07-30
sk_gn_orc_inf_helmet_med_a,item_defs_absent_from_xml_export_20260729_025002_taom_modules_ship_almost_no_item_xml,aferrer,2026-07-30
sk_gn_orc_mrd_helmet_light_a,item_defs_absent_from_xml_export_20260729_025002_taom_modules_ship_almost_no_item_xml,aferrer,2026-07-30
sk_gn_orc_sct_helmet_med_a,item_defs_absent_from_xml_export_20260729_025002_taom_modules_ship_almost_no_item_xml,aferrer,2026-07-30
sk_gn_orc_vgd_helmet_med_a,item_defs_absent_from_xml_export_20260729_025002_taom_modules_ship_almost_no_item_xml,aferrer,2026-07-30
sk_is_orc_brt_helmet_heavy_a,item_defs_absent_from_xml_export_20260729_025002_taom_modules_ship_almost_no_item_xml,aferrer,2026-07-30
sk_is_orc_brt_helmet_med_a,item_defs_absent_from_xml_export_20260729_025002_taom_modules_ship_almost_no_item_xml,aferrer,2026-07-30
sk_is_orc_inf_helmet_heavy_a,item_defs_absent_from_xml_export_20260729_025002_taom_modules_ship_almost_no_item_xml,aferrer,2026-07-30
sk_is_orc_inf_helmet_med_a,item_defs_absent_from_xml_export_20260729_025002_taom_modules_ship_almost_no_item_xml,aferrer,2026-07-30
sk_is_orc_mrd_helmet_med_a,item_defs_absent_from_xml_export_20260729_025002_taom_modules_ship_almost_no_item_xml,aferrer,2026-07-30
sk_is_orc_sly_helmet_heavy_a,item_defs_absent_from_xml_export_20260729_025002_taom_modules_ship_almost_no_item_xml,aferrer,2026-07-30
sk_is_orc_sly_helmet_med_a,item_defs_absent_from_xml_export_20260729_025002_taom_modules_ship_almost_no_item_xml,aferrer,2026-07-30
sk_is_orc_vgd_helmet_med_a,item_defs_absent_from_xml_export_20260729_025002_taom_modules_ship_almost_no_item_xml,aferrer,2026-07-30
sk_md_mor_arc_bracer_light_a,item_defs_absent_from_xml_export_20260729_025002_taom_modules_ship_almost_no_item_xml,aferrer,2026-07-30
sk_md_mor_arc_bracer_med_a,item_defs_absent_from_xml_export_20260729_025002_taom_modules_ship_almost_no_item_xml,aferrer,2026-07-30
sk_md_mor_arc_bracer_med_b,item_defs_absent_from_xml_export_20260729_025002_taom_modules_ship_almost_no_item_xml,aferrer,2026-07-30
sk_md_mor_arc_chest_light_a,item_defs_absent_from_xml_export_20260729_025002_taom_modules_ship_almost_no_item_xml,aferrer,2026-07-30
sk_md_mor_arc_chest_med_a,item_defs_absent_from_xml_export_20260729_025002_taom_modules_ship_almost_no_item_xml,aferrer,2026-07-30
sk_md_mor_arc_chest_med_d,item_defs_absent_from_xml_export_20260729_025002_taom_modules_ship_almost_no_item_xml,aferrer,2026-07-30
sk_md_mor_arc_helmet_light_a,item_defs_absent_from_xml_export_20260729_025002_taom_modules_ship_almost_no_item_xml,aferrer,2026-07-30
sk_md_mor_arc_helmet_med_a,item_defs_absent_from_xml_export_20260729_025002_taom_modules_ship_almost_no_item_xml,aferrer,2026-07-30
sk_md_mor_arc_helmet_med_c,item_defs_absent_from_xml_export_20260729_025002_taom_modules_ship_almost_no_item_xml,aferrer,2026-07-30
sk_md_mor_arc_pauld_light_a,item_defs_absent_from_xml_export_20260729_025002_taom_modules_ship_almost_no_item_xml,aferrer,2026-07-30
sk_md_mor_arc_pauld_med_a,item_defs_absent_from_xml_export_20260729_025002_taom_modules_ship_almost_no_item_xml,aferrer,2026-07-30
sk_md_mor_arc_pauld_med_b,item_defs_absent_from_xml_export_20260729_025002_taom_modules_ship_almost_no_item_xml,aferrer,2026-07-30
sk_md_mor_grvs_heavy_a,item_defs_absent_from_xml_export_20260729_025002_taom_modules_ship_almost_no_item_xml,aferrer,2026-07-30
sk_md_mor_grvs_heavy_b,item_defs_absent_from_xml_export_20260729_025002_taom_modules_ship_almost_no_item_xml,aferrer,2026-07-30
sk_md_mor_grvs_light_a,item_defs_absent_from_xml_export_20260729_025002_taom_modules_ship_almost_no_item_xml,aferrer,2026-07-30
sk_md_mor_grvs_light_b,item_defs_absent_from_xml_export_20260729_025002_taom_modules_ship_almost_no_item_xml,aferrer,2026-07-30
sk_md_mor_grvs_med_a,item_defs_absent_from_xml_export_20260729_025002_taom_modules_ship_almost_no_item_xml,aferrer,2026-07-30
sk_md_mor_grvs_med_b,item_defs_absent_from_xml_export_20260729_025002_taom_modules_ship_almost_no_item_xml,aferrer,2026-07-30
sk_md_mor_grvs_med_c,item_defs_absent_from_xml_export_20260729_025002_taom_modules_ship_almost_no_item_xml,aferrer,2026-07-30
sk_md_mor_inf_bracer_heavy_a,item_defs_absent_from_xml_export_20260729_025002_taom_modules_ship_almost_no_item_xml,aferrer,2026-07-30
sk_md_mor_inf_bracer_light_a,item_defs_absent_from_xml_export_20260729_025002_taom_modules_ship_almost_no_item_xml,aferrer,2026-07-30
sk_md_mor_inf_bracer_light_b,item_defs_absent_from_xml_export_20260729_025002_taom_modules_ship_almost_no_item_xml,aferrer,2026-07-30
sk_md_mor_inf_bracer_med_a,item_defs_absent_from_xml_export_20260729_025002_taom_modules_ship_almost_no_item_xml,aferrer,2026-07-30
sk_md_mor_inf_bracer_med_b,item_defs_absent_from_xml_export_20260729_025002_taom_modules_ship_almost_no_item_xml,aferrer,2026-07-30
sk_md_mor_inf_chest_heavy_a,item_defs_absent_from_xml_export_20260729_025002_taom_modules_ship_almost_no_item_xml,aferrer,2026-07-30
sk_md_mor_inf_chest_heavy_b,item_defs_absent_from_xml_export_20260729_025002_taom_modules_ship_almost_no_item_xml,aferrer,2026-07-30
sk_md_mor_inf_chest_light_a,item_defs_absent_from_xml_export_20260729_025002_taom_modules_ship_almost_no_item_xml,aferrer,2026-07-30
sk_md_mor_inf_chest_light_b,item_defs_absent_from_xml_export_20260729_025002_taom_modules_ship_almost_no_item_xml,aferrer,2026-07-30
sk_md_mor_inf_chest_med_a,item_defs_absent_from_xml_export_20260729_025002_taom_modules_ship_almost_no_item_xml,aferrer,2026-07-30
sk_md_mor_inf_chest_med_b,item_defs_absent_from_xml_export_20260729_025002_taom_modules_ship_almost_no_item_xml,aferrer,2026-07-30
sk_md_mor_inf_chest_med_c,item_defs_absent_from_xml_export_20260729_025002_taom_modules_ship_almost_no_item_xml,aferrer,2026-07-30
sk_md_mor_inf_helmet_heavy_a,item_defs_absent_from_xml_export_20260729_025002_taom_modules_ship_almost_no_item_xml,aferrer,2026-07-30
sk_md_mor_inf_helmet_light_a,item_defs_absent_from_xml_export_20260729_025002_taom_modules_ship_almost_no_item_xml,aferrer,2026-07-30
sk_md_mor_inf_helmet_light_b,item_defs_absent_from_xml_export_20260729_025002_taom_modules_ship_almost_no_item_xml,aferrer,2026-07-30
sk_md_mor_inf_helmet_med_a,item_defs_absent_from_xml_export_20260729_025002_taom_modules_ship_almost_no_item_xml,aferrer,2026-07-30
sk_md_mor_inf_helmet_med_c,item_defs_absent_from_xml_export_20260729_025002_taom_modules_ship_almost_no_item_xml,aferrer,2026-07-30
sk_md_mor_inf_pauld_heavy_a,item_defs_absent_from_xml_export_20260729_025002_taom_modules_ship_almost_no_item_xml,aferrer,2026-07-30
sk_md_mor_inf_pauld_light_a,item_defs_absent_from_xml_export_20260729_025002_taom_modules_ship_almost_no_item_xml,aferrer,2026-07-30
sk_md_mor_inf_pauld_light_b,item_defs_absent_from_xml_export_20260729_025002_taom_modules_ship_almost_no_item_xml,aferrer,2026-07-30
sk_md_mor_inf_pauld_med_a,item_defs_absent_from_xml_export_20260729_025002_taom_modules_ship_almost_no_item_xml,aferrer,2026-07-30
sk_md_mor_inf_pauld_med_b,item_defs_absent_from_xml_export_20260729_025002_taom_modules_ship_almost_no_item_xml,aferrer,2026-07-30
sk_md_mor_pik_helmet_heavy_a,item_defs_absent_from_xml_export_20260729_025002_taom_modules_ship_almost_no_item_xml,aferrer,2026-07-30
sk_md_mor_pik_helmet_med_a,item_defs_absent_from_xml_export_20260729_025002_taom_modules_ship_almost_no_item_xml,aferrer,2026-07-30
sk_md_mor_pik_pauld_heavy_a,item_defs_absent_from_xml_export_20260729_025002_taom_modules_ship_almost_no_item_xml,aferrer,2026-07-30
sk_md_mor_pik_pauld_med_a,item_defs_absent_from_xml_export_20260729_025002_taom_modules_ship_almost_no_item_xml,aferrer,2026-07-30
sk_md_orc_arc_chest_heavy_a,item_defs_absent_from_xml_export_20260729_025002_taom_modules_ship_almost_no_item_xml,aferrer,2026-07-30
sk_md_orc_arc_chest_light_a,item_defs_absent_from_xml_export_20260729_025002_taom_modules_ship_almost_no_item_xml,aferrer,2026-07-30
sk_md_orc_arc_chest_light_b,item_defs_absent_from_xml_export_20260729_025002_taom_modules_ship_almost_no_item_xml,aferrer,2026-07-30
sk_md_orc_arc_chest_light_c,item_defs_absent_from_xml_export_20260729_025002_taom_modules_ship_almost_no_item_xml,aferrer,2026-07-30
sk_md_orc_arc_chest_med_a,item_defs_absent_from_xml_export_20260729_025002_taom_modules_ship_almost_no_item_xml,aferrer,2026-07-30
sk_md_orc_arc_chest_med_c,item_defs_absent_from_xml_export_20260729_025002_taom_modules_ship_almost_no_item_xml,aferrer,2026-07-30
sk_md_orc_arc_helmet_heavy_a,item_defs_absent_from_xml_export_20260729_025002_taom_modules_ship_almost_no_item_xml,aferrer,2026-07-30
sk_md_orc_boots_a,item_defs_absent_from_xml_export_20260729_025002_taom_modules_ship_almost_no_item_xml,aferrer,2026-07-30
sk_md_orc_boots_light_a,item_defs_absent_from_xml_export_20260729_025002_taom_modules_ship_almost_no_item_xml,aferrer,2026-07-30
sk_md_orc_boots_light_b,item_defs_absent_from_xml_export_20260729_025002_taom_modules_ship_almost_no_item_xml,aferrer,2026-07-30
sk_md_orc_boots_med_a,item_defs_absent_from_xml_export_20260729_025002_taom_modules_ship_almost_no_item_xml,aferrer,2026-07-30
sk_md_orc_boots_med_b,item_defs_absent_from_xml_export_20260729_025002_taom_modules_ship_almost_no_item_xml,aferrer,2026-07-30
sk_md_orc_bracer_light_a,item_defs_absent_from_xml_export_20260729_025002_taom_modules_ship_almost_no_item_xml,aferrer,2026-07-30
sk_md_orc_bracer_light_b,item_defs_absent_from_xml_export_20260729_025002_taom_modules_ship_almost_no_item_xml,aferrer,2026-07-30
sk_md_orc_bracer_med_a,item_defs_absent_from_xml_export_20260729_025002_taom_modules_ship_almost_no_item_xml,aferrer,2026-07-30
sk_md_orc_bracer_med_b,item_defs_absent_from_xml_export_20260729_025002_taom_modules_ship_almost_no_item_xml,aferrer,2026-07-30
sk_md_orc_brt_helmet_heavy_a,item_defs_absent_from_xml_export_20260729_025002_taom_modules_ship_almost_no_item_xml,aferrer,2026-07-30
sk_md_orc_inf_chainmail_light_a,item_defs_absent_from_xml_export_20260729_025002_taom_modules_ship_almost_no_item_xml,aferrer,2026-07-30
sk_md_orc_inf_chainmail_med_a,item_defs_absent_from_xml_export_20260729_025002_taom_modules_ship_almost_no_item_xml,aferrer,2026-07-30
sk_md_orc_inf_chest_heavy_a,item_defs_absent_from_xml_export_20260729_025002_taom_modules_ship_almost_no_item_xml,aferrer,2026-07-30
sk_md_orc_inf_chest_heavy_b,item_defs_absent_from_xml_export_20260729_025002_taom_modules_ship_almost_no_item_xml,aferrer,2026-07-30
sk_md_orc_inf_chest_heavy_e,item_defs_absent_from_xml_export_20260729_025002_taom_modules_ship_almost_no_item_xml,aferrer,2026-07-30
sk_md_orc_inf_chest_med_a,item_defs_absent_from_xml_export_20260729_025002_taom_modules_ship_almost_no_item_xml,aferrer,2026-07-30
sk_md_orc_inf_chest_med_b,item_defs_absent_from_xml_export_20260729_025002_taom_modules_ship_almost_no_item_xml,aferrer,2026-07-30
sk_md_orc_inf_chest_med_c,item_defs_absent_from_xml_export_20260729_025002_taom_modules_ship_almost_no_item_xml,aferrer,2026-07-30
sk_md_orc_inf_helmet_heavy_a,item_defs_absent_from_xml_export_20260729_025002_taom_modules_ship_almost_no_item_xml,aferrer,2026-07-30
sk_md_orc_inf_helmet_med_a,item_defs_absent_from_xml_export_20260729_025002_taom_modules_ship_almost_no_item_xml,aferrer,2026-07-30
sk_md_orc_pauldron_light_a,item_defs_absent_from_xml_export_20260729_025002_taom_modules_ship_almost_no_item_xml,aferrer,2026-07-30
sk_md_orc_pauldron_light_b,item_defs_absent_from_xml_export_20260729_025002_taom_modules_ship_almost_no_item_xml,aferrer,2026-07-30
sk_md_orc_pauldron_med_a,item_defs_absent_from_xml_export_20260729_025002_taom_modules_ship_almost_no_item_xml,aferrer,2026-07-30
sk_md_orc_pauldron_med_b,item_defs_absent_from_xml_export_20260729_025002_taom_modules_ship_almost_no_item_xml,aferrer,2026-07-30
sk_md_orc_rdr_helmet_light_a,item_defs_absent_from_xml_export_20260729_025002_taom_modules_ship_almost_no_item_xml,aferrer,2026-07-30
sk_md_orc_rdr_helmet_med_a,item_defs_absent_from_xml_export_20260729_025002_taom_modules_ship_almost_no_item_xml,aferrer,2026-07-30
sk_md_orc_vgd_helmet_heavy_a,item_defs_absent_from_xml_export_20260729_025002_taom_modules_ship_almost_no_item_xml,aferrer,2026-07-30
sk_rh_drag_bracer_heavy_a,item_defs_absent_from_xml_export_20260729_025002_taom_modules_ship_almost_no_item_xml,aferrer,2026-07-30
sk_rh_drag_bracer_heavy_b,item_defs_absent_from_xml_export_20260729_025002_taom_modules_ship_almost_no_item_xml,aferrer,2026-07-30
sk_rh_drag_bracer_heavy_c,item_defs_absent_from_xml_export_20260729_025002_taom_modules_ship_almost_no_item_xml,aferrer,2026-07-30
sk_rh_drag_bracer_hplate_heavy_a,item_defs_absent_from_xml_export_20260729_025002_taom_modules_ship_almost_no_item_xml,aferrer,2026-07-30
sk_rh_drag_bracer_hplate_light_a,item_defs_absent_from_xml_export_20260729_025002_taom_modules_ship_almost_no_item_xml,aferrer,2026-07-30
sk_rh_drag_bracer_hplate_med_a,item_defs_absent_from_xml_export_20260729_025002_taom_modules_ship_almost_no_item_xml,aferrer,2026-07-30
sk_rh_drag_bracer_lam_heavy_a,item_defs_absent_from_xml_export_20260729_025002_taom_modules_ship_almost_no_item_xml,aferrer,2026-07-30
sk_rh_drag_bracer_lam_light_a,item_defs_absent_from_xml_export_20260729_025002_taom_modules_ship_almost_no_item_xml,aferrer,2026-07-30
sk_rh_drag_bracer_lam_med_a,item_defs_absent_from_xml_export_20260729_025002_taom_modules_ship_almost_no_item_xml,aferrer,2026-07-30
sk_rh_drag_bracer_light_a,item_defs_absent_from_xml_export_20260729_025002_taom_modules_ship_almost_no_item_xml,aferrer,2026-07-30
sk_rh_drag_bracer_med_a,item_defs_absent_from_xml_export_20260729_025002_taom_modules_ship_almost_no_item_xml,aferrer,2026-07-30
sk_rh_drag_bracer_plate_heavy_a,item_defs_absent_from_xml_export_20260729_025002_taom_modules_ship_almost_no_item_xml,aferrer,2026-07-30
sk_rh_drag_bracer_plate_light_a,item_defs_absent_from_xml_export_20260729_025002_taom_modules_ship_almost_no_item_xml,aferrer,2026-07-30
sk_rh_drag_bracer_scale_heavy_a,item_defs_absent_from_xml_export_20260729_025002_taom_modules_ship_almost_no_item_xml,aferrer,2026-07-30
sk_rh_drag_bracer_scale_med_a,item_defs_absent_from_xml_export_20260729_025002_taom_modules_ship_almost_no_item_xml,aferrer,2026-07-30
sk_rh_drag_cape_heavy_a,item_defs_absent_from_xml_export_20260729_025002_taom_modules_ship_almost_no_item_xml,aferrer,2026-07-30
sk_rh_drag_cape_heavy_b,item_defs_absent_from_xml_export_20260729_025002_taom_modules_ship_almost_no_item_xml,aferrer,2026-07-30
sk_rh_drag_cape_hplate_heavy_a,item_defs_absent_from_xml_export_20260729_025002_taom_modules_ship_almost_no_item_xml,aferrer,2026-07-30
sk_rh_drag_cape_plate_heavy_a,item_defs_absent_from_xml_export_20260729_025002_taom_modules_ship_almost_no_item_xml,aferrer,2026-07-30
sk_rh_drag_cape_scale_heavy_a,item_defs_absent_from_xml_export_20260729_025002_taom_modules_ship_almost_no_item_xml,aferrer,2026-07-30
sk_rh_drag_chainmail_a,item_defs_absent_from_xml_export_20260729_025002_taom_modules_ship_almost_no_item_xml,aferrer,2026-07-30
sk_rh_drag_chest_elite_a,item_defs_absent_from_xml_export_20260729_025002_taom_modules_ship_almost_no_item_xml,aferrer,2026-07-30
sk_rh_drag_chest_heavy_a,item_defs_absent_from_xml_export_20260729_025002_taom_modules_ship_almost_no_item_xml,aferrer,2026-07-30
sk_rh_drag_chest_heavy_c,item_defs_absent_from_xml_export_20260729_025002_taom_modules_ship_almost_no_item_xml,aferrer,2026-07-30
sk_rh_drag_chest_heavy_d,item_defs_absent_from_xml_export_20260729_025002_taom_modules_ship_almost_no_item_xml,aferrer,2026-07-30
sk_rh_drag_chest_light_a,item_defs_absent_from_xml_export_20260729_025002_taom_modules_ship_almost_no_item_xml,aferrer,2026-07-30
sk_rh_drag_chest_light_b,item_defs_absent_from_xml_export_20260729_025002_taom_modules_ship_almost_no_item_xml,aferrer,2026-07-30
sk_rh_drag_chest_light_c,item_defs_absent_from_xml_export_20260729_025002_taom_modules_ship_almost_no_item_xml,aferrer,2026-07-30
sk_rh_drag_chest_light_d,item_defs_absent_from_xml_export_20260729_025002_taom_modules_ship_almost_no_item_xml,aferrer,2026-07-30
sk_rh_drag_chest_med_a,item_defs_absent_from_xml_export_20260729_025002_taom_modules_ship_almost_no_item_xml,aferrer,2026-07-30
sk_rh_drag_chest_med_c,item_defs_absent_from_xml_export_20260729_025002_taom_modules_ship_almost_no_item_xml,aferrer,2026-07-30
sk_rh_drag_grvs_heavy_a,item_defs_absent_from_xml_export_20260729_025002_taom_modules_ship_almost_no_item_xml,aferrer,2026-07-30
sk_rh_drag_grvs_heavy_b,item_defs_absent_from_xml_export_20260729_025002_taom_modules_ship_almost_no_item_xml,aferrer,2026-07-30
sk_rh_drag_grvs_hplate_heavy_a,item_defs_absent_from_xml_export_20260729_025002_taom_modules_ship_almost_no_item_xml,aferrer,2026-07-30
sk_rh_drag_grvs_hplate_light_a,item_defs_absent_from_xml_export_20260729_025002_taom_modules_ship_almost_no_item_xml,aferrer,2026-07-30
sk_rh_drag_grvs_light_a,item_defs_absent_from_xml_export_20260729_025002_taom_modules_ship_almost_no_item_xml,aferrer,2026-07-30
sk_rh_drag_grvs_light_b,item_defs_absent_from_xml_export_20260729_025002_taom_modules_ship_almost_no_item_xml,aferrer,2026-07-30
sk_rh_drag_grvs_plate_elite_a,item_defs_absent_from_xml_export_20260729_025002_taom_modules_ship_almost_no_item_xml,aferrer,2026-07-30
sk_rh_drag_grvs_plate_heavy_a,item_defs_absent_from_xml_export_20260729_025002_taom_modules_ship_almost_no_item_xml,aferrer,2026-07-30
sk_rh_drag_grvs_plate_light_a,item_defs_absent_from_xml_export_20260729_025002_taom_modules_ship_almost_no_item_xml,aferrer,2026-07-30
sk_rh_drag_grvs_scale_heavy_a,item_defs_absent_from_xml_export_20260729_025002_taom_modules_ship_almost_no_item_xml,aferrer,2026-07-30
sk_rh_drag_grvs_scale_light_a,item_defs_absent_from_xml_export_20260729_025002_taom_modules_ship_almost_no_item_xml,aferrer,2026-07-30
sk_rh_drag_helmet_arch_elite_a,item_defs_absent_from_xml_export_20260729_025002_taom_modules_ship_almost_no_item_xml,aferrer,2026-07-30
sk_rh_drag_helmet_arch_elite_b,item_defs_absent_from_xml_export_20260729_025002_taom_modules_ship_almost_no_item_xml,aferrer,2026-07-30
sk_rh_drag_helmet_arch_heavy_a,item_defs_absent_from_xml_export_20260729_025002_taom_modules_ship_almost_no_item_xml,aferrer,2026-07-30
sk_rh_drag_helmet_arch_heavy_b,item_defs_absent_from_xml_export_20260729_025002_taom_modules_ship_almost_no_item_xml,aferrer,2026-07-30
sk_rh_drag_helmet_arch_light_a,item_defs_absent_from_xml_export_20260729_025002_taom_modules_ship_almost_no_item_xml,aferrer,2026-07-30
sk_rh_drag_helmet_arch_med_a,item_defs_absent_from_xml_export_20260729_025002_taom_modules_ship_almost_no_item_xml,aferrer,2026-07-30
sk_rh_drag_helmet_arch_med_b,item_defs_absent_from_xml_export_20260729_025002_taom_modules_ship_almost_no_item_xml,aferrer,2026-07-30
sk_rh_drag_helmet_cav_elite_a,item_defs_absent_from_xml_export_20260729_025002_taom_modules_ship_almost_no_item_xml,aferrer,2026-07-30
sk_rh_drag_helmet_cav_elite_b,item_defs_absent_from_xml_export_20260729_025002_taom_modules_ship_almost_no_item_xml,aferrer,2026-07-30
sk_rh_drag_helmet_cav_elite_c,item_defs_absent_from_xml_export_20260729_025002_taom_modules_ship_almost_no_item_xml,aferrer,2026-07-30
sk_rh_drag_helmet_cav_heavy_a,item_defs_absent_from_xml_export_20260729_025002_taom_modules_ship_almost_no_item_xml,aferrer,2026-07-30
sk_rh_drag_helmet_cav_heavy_b,item_defs_absent_from_xml_export_20260729_025002_taom_modules_ship_almost_no_item_xml,aferrer,2026-07-30
sk_rh_drag_helmet_cav_heavy_c,item_defs_absent_from_xml_export_20260729_025002_taom_modules_ship_almost_no_item_xml,aferrer,2026-07-30
sk_rh_drag_helmet_cav_med_b,item_defs_absent_from_xml_export_20260729_025002_taom_modules_ship_almost_no_item_xml,aferrer,2026-07-30
sk_rh_drag_helmet_cav_med_c,item_defs_absent_from_xml_export_20260729_025002_taom_modules_ship_almost_no_item_xml,aferrer,2026-07-30
sk_rh_drag_helmet_cult_elite_d,item_defs_absent_from_xml_export_20260729_025002_taom_modules_ship_almost_no_item_xml,aferrer,2026-07-30
sk_rh_drag_helmet_cult_elite_e,item_defs_absent_from_xml_export_20260729_025002_taom_modules_ship_almost_no_item_xml,aferrer,2026-07-30
sk_rh_drag_helmet_cult_elite_f,item_defs_absent_from_xml_export_20260729_025002_taom_modules_ship_almost_no_item_xml,aferrer,2026-07-30
sk_rh_drag_helmet_inf_elite_a,item_defs_absent_from_xml_export_20260729_025002_taom_modules_ship_almost_no_item_xml,aferrer,2026-07-30
sk_rh_drag_helmet_inf_elite_b,item_defs_absent_from_xml_export_20260729_025002_taom_modules_ship_almost_no_item_xml,aferrer,2026-07-30
sk_rh_drag_helmet_inf_elite_c,item_defs_absent_from_xml_export_20260729_025002_taom_modules_ship_almost_no_item_xml,aferrer,2026-07-30
sk_rh_drag_helmet_inf_heavy_a,item_defs_absent_from_xml_export_20260729_025002_taom_modules_ship_almost_no_item_xml,aferrer,2026-07-30
sk_rh_drag_helmet_inf_heavy_b,item_defs_absent_from_xml_export_20260729_025002_taom_modules_ship_almost_no_item_xml,aferrer,2026-07-30
sk_rh_drag_helmet_inf_heavy_c,item_defs_absent_from_xml_export_20260729_025002_taom_modules_ship_almost_no_item_xml,aferrer,2026-07-30
sk_rh_drag_helmet_inf_light_a,item_defs_absent_from_xml_export_20260729_025002_taom_modules_ship_almost_no_item_xml,aferrer,2026-07-30
sk_rh_drag_helmet_inf_med_a,item_defs_absent_from_xml_export_20260729_025002_taom_modules_ship_almost_no_item_xml,aferrer,2026-07-30
sk_rh_drag_helmet_inf_med_b,item_defs_absent_from_xml_export_20260729_025002_taom_modules_ship_almost_no_item_xml,aferrer,2026-07-30
sk_rh_drag_helmet_inf_med_c,item_defs_absent_from_xml_export_20260729_025002_taom_modules_ship_almost_no_item_xml,aferrer,2026-07-30
sk_rh_drag_hood_heavy_a,item_defs_absent_from_xml_export_20260729_025002_taom_modules_ship_almost_no_item_xml,aferrer,2026-07-30
sk_rh_drag_hood_heavy_b,item_defs_absent_from_xml_export_20260729_025002_taom_modules_ship_almost_no_item_xml,aferrer,2026-07-30
sk_rh_drag_hood_heavy_c,item_defs_absent_from_xml_export_20260729_025002_taom_modules_ship_almost_no_item_xml,aferrer,2026-07-30
sk_rh_drag_hood_med_a,item_defs_absent_from_xml_export_20260729_025002_taom_modules_ship_almost_no_item_xml,aferrer,2026-07-30
sk_rh_drag_hood_med_b,item_defs_absent_from_xml_export_20260729_025002_taom_modules_ship_almost_no_item_xml,aferrer,2026-07-30
sk_rh_drag_hplate_heavy_a,item_defs_absent_from_xml_export_20260729_025002_taom_modules_ship_almost_no_item_xml,aferrer,2026-07-30
sk_rh_drag_hplate_heavy_b,item_defs_absent_from_xml_export_20260729_025002_taom_modules_ship_almost_no_item_xml,aferrer,2026-07-30
sk_rh_drag_hplate_light_a,item_defs_absent_from_xml_export_20260729_025002_taom_modules_ship_almost_no_item_xml,aferrer,2026-07-30
sk_rh_drag_hplate_med_a,item_defs_absent_from_xml_export_20260729_025002_taom_modules_ship_almost_no_item_xml,aferrer,2026-07-30
sk_rh_drag_hplate_med_b,item_defs_absent_from_xml_export_20260729_025002_taom_modules_ship_almost_no_item_xml,aferrer,2026-07-30
sk_rh_drag_pauldron_heavy_a,item_defs_absent_from_xml_export_20260729_025002_taom_modules_ship_almost_no_item_xml,aferrer,2026-07-30
sk_rh_drag_pauldron_hplate_heavy_a,item_defs_absent_from_xml_export_20260729_025002_taom_modules_ship_almost_no_item_xml,aferrer,2026-07-30
sk_rh_drag_pauldron_hplate_light_a,item_defs_absent_from_xml_export_20260729_025002_taom_modules_ship_almost_no_item_xml,aferrer,2026-07-30
sk_rh_drag_pauldron_hplate_med_a,item_defs_absent_from_xml_export_20260729_025002_taom_modules_ship_almost_no_item_xml,aferrer,2026-07-30
sk_rh_drag_pauldron_lam_heavy_a,item_defs_absent_from_xml_export_20260729_025002_taom_modules_ship_almost_no_item_xml,aferrer,2026-07-30
sk_rh_drag_pauldron_lam_light_a,item_defs_absent_from_xml_export_20260729_025002_taom_modules_ship_almost_no_item_xml,aferrer,2026-07-30
sk_rh_drag_pauldron_lam_med_a,item_defs_absent_from_xml_export_20260729_025002_taom_modules_ship_almost_no_item_xml,aferrer,2026-07-30
sk_rh_drag_pauldron_light_a,item_defs_absent_from_xml_export_20260729_025002_taom_modules_ship_almost_no_item_xml,aferrer,2026-07-30
sk_rh_drag_pauldron_med_a,item_defs_absent_from_xml_export_20260729_025002_taom_modules_ship_almost_no_item_xml,aferrer,2026-07-30
sk_rh_drag_pauldron_plate_heavy_a,item_defs_absent_from_xml_export_20260729_025002_taom_modules_ship_almost_no_item_xml,aferrer,2026-07-30
sk_rh_drag_pauldron_plate_heavy_b,item_defs_absent_from_xml_export_20260729_025002_taom_modules_ship_almost_no_item_xml,aferrer,2026-07-30
sk_rh_drag_pauldron_plate_light_a,item_defs_absent_from_xml_export_20260729_025002_taom_modules_ship_almost_no_item_xml,aferrer,2026-07-30
sk_rh_drag_pauldron_plate_light_b,item_defs_absent_from_xml_export_20260729_025002_taom_modules_ship_almost_no_item_xml,aferrer,2026-07-30
sk_rh_drag_pauldron_scale_heavy_a,item_defs_absent_from_xml_export_20260729_025002_taom_modules_ship_almost_no_item_xml,aferrer,2026-07-30
sk_rh_drag_plate_heavy_a,item_defs_absent_from_xml_export_20260729_025002_taom_modules_ship_almost_no_item_xml,aferrer,2026-07-30
sk_rh_drag_plate_heavy_b,item_defs_absent_from_xml_export_20260729_025002_taom_modules_ship_almost_no_item_xml,aferrer,2026-07-30
sk_rh_drag_plate_light_a,item_defs_absent_from_xml_export_20260729_025002_taom_modules_ship_almost_no_item_xml,aferrer,2026-07-30
sk_rh_drag_scalemail_heav_a,item_defs_absent_from_xml_export_20260729_025002_taom_modules_ship_almost_no_item_xml,aferrer,2026-07-30
sk_rh_drag_scalemail_heav_b,item_defs_absent_from_xml_export_20260729_025002_taom_modules_ship_almost_no_item_xml,aferrer,2026-07-30
sk_rh_drag_scalemail_light_a,item_defs_absent_from_xml_export_20260729_025002_taom_modules_ship_almost_no_item_xml,aferrer,2026-07-30
sk_rh_drag_scalemail_light_b,item_defs_absent_from_xml_export_20260729_025002_taom_modules_ship_almost_no_item_xml,aferrer,2026-07-30
sk_rh_drag_scalemail_med_a,item_defs_absent_from_xml_export_20260729_025002_taom_modules_ship_almost_no_item_xml,aferrer,2026-07-30
sk_rh_drag_scalemail_med_b,item_defs_absent_from_xml_export_20260729_025002_taom_modules_ship_almost_no_item_xml,aferrer,2026-07-30
sk_rh_loke_boots_a,item_defs_absent_from_xml_export_20260729_025002_taom_modules_ship_almost_no_item_xml,aferrer,2026-07-30
sk_rh_loke_bracer_heavy_a,item_defs_absent_from_xml_export_20260729_025002_taom_modules_ship_almost_no_item_xml,aferrer,2026-07-30
sk_rh_loke_bracer_heavy_b,item_defs_absent_from_xml_export_20260729_025002_taom_modules_ship_almost_no_item_xml,aferrer,2026-07-30
sk_rh_loke_bracer_heavy_c,item_defs_absent_from_xml_export_20260729_025002_taom_modules_ship_almost_no_item_xml,aferrer,2026-07-30
sk_rh_loke_bracer_hplate_heavy_a,item_defs_absent_from_xml_export_20260729_025002_taom_modules_ship_almost_no_item_xml,aferrer,2026-07-30
sk_rh_loke_bracer_hplate_light_a,item_defs_absent_from_xml_export_20260729_025002_taom_modules_ship_almost_no_item_xml,aferrer,2026-07-30
sk_rh_loke_bracer_hplate_med_a,item_defs_absent_from_xml_export_20260729_025002_taom_modules_ship_almost_no_item_xml,aferrer,2026-07-30
sk_rh_loke_bracer_lam_heavy_a,item_defs_absent_from_xml_export_20260729_025002_taom_modules_ship_almost_no_item_xml,aferrer,2026-07-30
sk_rh_loke_bracer_lam_light_a,item_defs_absent_from_xml_export_20260729_025002_taom_modules_ship_almost_no_item_xml,aferrer,2026-07-30
sk_rh_loke_bracer_lam_med_a,item_defs_absent_from_xml_export_20260729_025002_taom_modules_ship_almost_no_item_xml,aferrer,2026-07-30
sk_rh_loke_bracer_light_a,item_defs_absent_from_xml_export_20260729_025002_taom_modules_ship_almost_no_item_xml,aferrer,2026-07-30
sk_rh_loke_bracer_med_a,item_defs_absent_from_xml_export_20260729_025002_taom_modules_ship_almost_no_item_xml,aferrer,2026-07-30
sk_rh_loke_bracer_med_b,item_defs_absent_from_xml_export_20260729_025002_taom_modules_ship_almost_no_item_xml,aferrer,2026-07-30
sk_rh_loke_bracer_med_c,item_defs_absent_from_xml_export_20260729_025002_taom_modules_ship_almost_no_item_xml,aferrer,2026-07-30
sk_rh_loke_bracer_plate_heavy_a,item_defs_absent_from_xml_export_20260729_025002_taom_modules_ship_almost_no_item_xml,aferrer,2026-07-30
sk_rh_loke_bracer_plate_light_a,item_defs_absent_from_xml_export_20260729_025002_taom_modules_ship_almost_no_item_xml,aferrer,2026-07-30
sk_rh_loke_bracer_scale_heavy_a,item_defs_absent_from_xml_export_20260729_025002_taom_modules_ship_almost_no_item_xml,aferrer,2026-07-30
sk_rh_loke_bracer_scale_med_a,item_defs_absent_from_xml_export_20260729_025002_taom_modules_ship_almost_no_item_xml,aferrer,2026-07-30
sk_rh_loke_cape_heavy_a,item_defs_absent_from_xml_export_20260729_025002_taom_modules_ship_almost_no_item_xml,aferrer,2026-07-30
sk_rh_loke_cape_heavy_b,item_defs_absent_from_xml_export_20260729_025002_taom_modules_ship_almost_no_item_xml,aferrer,2026-07-30
sk_rh_loke_cape_hplate_heavy_a,item_defs_absent_from_xml_export_20260729_025002_taom_modules_ship_almost_no_item_xml,aferrer,2026-07-30
sk_rh_loke_cape_plate_heavy_a,item_defs_absent_from_xml_export_20260729_025002_taom_modules_ship_almost_no_item_xml,aferrer,2026-07-30
sk_rh_loke_cape_scale_heavy_a,item_defs_absent_from_xml_export_20260729_025002_taom_modules_ship_almost_no_item_xml,aferrer,2026-07-30
sk_rh_loke_chest_elite_a,item_defs_absent_from_xml_export_20260729_025002_taom_modules_ship_almost_no_item_xml,aferrer,2026-07-30
sk_rh_loke_chest_elite_b,item_defs_absent_from_xml_export_20260729_025002_taom_modules_ship_almost_no_item_xml,aferrer,2026-07-30
sk_rh_loke_chest_heavy_a,item_defs_absent_from_xml_export_20260729_025002_taom_modules_ship_almost_no_item_xml,aferrer,2026-07-30
sk_rh_loke_chest_heavy_b,item_defs_absent_from_xml_export_20260729_025002_taom_modules_ship_almost_no_item_xml,aferrer,2026-07-30
sk_rh_loke_chest_heavy_c,item_defs_absent_from_xml_export_20260729_025002_taom_modules_ship_almost_no_item_xml,aferrer,2026-07-30
sk_rh_loke_chest_heavy_d,item_defs_absent_from_xml_export_20260729_025002_taom_modules_ship_almost_no_item_xml,aferrer,2026-07-30
sk_rh_loke_chest_light_a,item_defs_absent_from_xml_export_20260729_025002_taom_modules_ship_almost_no_item_xml,aferrer,2026-07-30
sk_rh_loke_chest_light_b,item_defs_absent_from_xml_export_20260729_025002_taom_modules_ship_almost_no_item_xml,aferrer,2026-07-30
sk_rh_loke_chest_light_c,item_defs_absent_from_xml_export_20260729_025002_taom_modules_ship_almost_no_item_xml,aferrer,2026-07-30
sk_rh_loke_chest_light_d,item_defs_absent_from_xml_export_20260729_025002_taom_modules_ship_almost_no_item_xml,aferrer,2026-07-30
sk_rh_loke_chest_med_a,item_defs_absent_from_xml_export_20260729_025002_taom_modules_ship_almost_no_item_xml,aferrer,2026-07-30
sk_rh_loke_chest_med_b,item_defs_absent_from_xml_export_20260729_025002_taom_modules_ship_almost_no_item_xml,aferrer,2026-07-30
sk_rh_loke_chest_med_c,item_defs_absent_from_xml_export_20260729_025002_taom_modules_ship_almost_no_item_xml,aferrer,2026-07-30
sk_rh_loke_chest_med_d,item_defs_absent_from_xml_export_20260729_025002_taom_modules_ship_almost_no_item_xml,aferrer,2026-07-30
sk_rh_loke_grvs_heavy_a,item_defs_absent_from_xml_export_20260729_025002_taom_modules_ship_almost_no_item_xml,aferrer,2026-07-30
sk_rh_loke_grvs_heavy_b,item_defs_absent_from_xml_export_20260729_025002_taom_modules_ship_almost_no_item_xml,aferrer,2026-07-30
sk_rh_loke_grvs_hplate_heavy_a,item_defs_absent_from_xml_export_20260729_025002_taom_modules_ship_almost_no_item_xml,aferrer,2026-07-30
sk_rh_loke_grvs_hplate_light_a,item_defs_absent_from_xml_export_20260729_025002_taom_modules_ship_almost_no_item_xml,aferrer,2026-07-30
sk_rh_loke_grvs_light_a,item_defs_absent_from_xml_export_20260729_025002_taom_modules_ship_almost_no_item_xml,aferrer,2026-07-30
sk_rh_loke_grvs_light_b,item_defs_absent_from_xml_export_20260729_025002_taom_modules_ship_almost_no_item_xml,aferrer,2026-07-30
sk_rh_loke_grvs_plate_elite_a,item_defs_absent_from_xml_export_20260729_025002_taom_modules_ship_almost_no_item_xml,aferrer,2026-07-30
sk_rh_loke_grvs_plate_heavy_a,item_defs_absent_from_xml_export_20260729_025002_taom_modules_ship_almost_no_item_xml,aferrer,2026-07-30
sk_rh_loke_grvs_plate_light_a,item_defs_absent_from_xml_export_20260729_025002_taom_modules_ship_almost_no_item_xml,aferrer,2026-07-30
sk_rh_loke_grvs_scale_heavy_a,item_defs_absent_from_xml_export_20260729_025002_taom_modules_ship_almost_no_item_xml,aferrer,2026-07-30
sk_rh_loke_grvs_scale_light_a,item_defs_absent_from_xml_export_20260729_025002_taom_modules_ship_almost_no_item_xml,aferrer,2026-07-30
sk_rh_loke_helmet_arch_elite_a,item_defs_absent_from_xml_export_20260729_025002_taom_modules_ship_almost_no_item_xml,aferrer,2026-07-30
sk_rh_loke_helmet_arch_elite_b,item_defs_absent_from_xml_export_20260729_025002_taom_modules_ship_almost_no_item_xml,aferrer,2026-07-30
sk_rh_loke_helmet_arch_heavy_a,item_defs_absent_from_xml_export_20260729_025002_taom_modules_ship_almost_no_item_xml,aferrer,2026-07-30
sk_rh_loke_helmet_arch_heavy_b,item_defs_absent_from_xml_export_20260729_025002_taom_modules_ship_almost_no_item_xml,aferrer,2026-07-30
sk_rh_loke_helmet_arch_light_a,item_defs_absent_from_xml_export_20260729_025002_taom_modules_ship_almost_no_item_xml,aferrer,2026-07-30
sk_rh_loke_helmet_arch_med_a,item_defs_absent_from_xml_export_20260729_025002_taom_modules_ship_almost_no_item_xml,aferrer,2026-07-30
sk_rh_loke_helmet_arch_med_b,item_defs_absent_from_xml_export_20260729_025002_taom_modules_ship_almost_no_item_xml,aferrer,2026-07-30
sk_rh_loke_helmet_arch_med_c,item_defs_absent_from_xml_export_20260729_025002_taom_modules_ship_almost_no_item_xml,aferrer,2026-07-30
sk_rh_loke_helmet_cav_elite_a,item_defs_absent_from_xml_export_20260729_025002_taom_modules_ship_almost_no_item_xml,aferrer,2026-07-30
sk_rh_loke_helmet_cav_elite_b,item_defs_absent_from_xml_export_20260729_025002_taom_modules_ship_almost_no_item_xml,aferrer,2026-07-30
sk_rh_loke_helmet_cav_elite_c,item_defs_absent_from_xml_export_20260729_025002_taom_modules_ship_almost_no_item_xml,aferrer,2026-07-30
sk_rh_loke_helmet_cav_heavy_a,item_defs_absent_from_xml_export_20260729_025002_taom_modules_ship_almost_no_item_xml,aferrer,2026-07-30
sk_rh_loke_helmet_cav_heavy_b,item_defs_absent_from_xml_export_20260729_025002_taom_modules_ship_almost_no_item_xml,aferrer,2026-07-30
sk_rh_loke_helmet_cav_heavy_c,item_defs_absent_from_xml_export_20260729_025002_taom_modules_ship_almost_no_item_xml,aferrer,2026-07-30
sk_rh_loke_helmet_cav_med_a,item_defs_absent_from_xml_export_20260729_025002_taom_modules_ship_almost_no_item_xml,aferrer,2026-07-30
sk_rh_loke_helmet_cav_med_b,item_defs_absent_from_xml_export_20260729_025002_taom_modules_ship_almost_no_item_xml,aferrer,2026-07-30
sk_rh_loke_helmet_cav_med_c,item_defs_absent_from_xml_export_20260729_025002_taom_modules_ship_almost_no_item_xml,aferrer,2026-07-30
sk_rh_loke_helmet_cult_elite_a,item_defs_absent_from_xml_export_20260729_025002_taom_modules_ship_almost_no_item_xml,aferrer,2026-07-30
sk_rh_loke_helmet_cult_elite_b,item_defs_absent_from_xml_export_20260729_025002_taom_modules_ship_almost_no_item_xml,aferrer,2026-07-30
sk_rh_loke_helmet_cult_elite_c,item_defs_absent_from_xml_export_20260729_025002_taom_modules_ship_almost_no_item_xml,aferrer,2026-07-30
sk_rh_loke_helmet_cult_heavy_a,item_defs_absent_from_xml_export_20260729_025002_taom_modules_ship_almost_no_item_xml,aferrer,2026-07-30
sk_rh_loke_helmet_cult_heavy_b,item_defs_absent_from_xml_export_20260729_025002_taom_modules_ship_almost_no_item_xml,aferrer,2026-07-30
sk_rh_loke_helmet_cult_heavy_c,item_defs_absent_from_xml_export_20260729_025002_taom_modules_ship_almost_no_item_xml,aferrer,2026-07-30
sk_rh_loke_helmet_cult_med_a,item_defs_absent_from_xml_export_20260729_025002_taom_modules_ship_almost_no_item_xml,aferrer,2026-07-30
sk_rh_loke_helmet_east_elite_a,item_defs_absent_from_xml_export_20260729_025002_taom_modules_ship_almost_no_item_xml,aferrer,2026-07-30
sk_rh_loke_helmet_east_heavy_a,item_defs_absent_from_xml_export_20260729_025002_taom_modules_ship_almost_no_item_xml,aferrer,2026-07-30
sk_rh_loke_helmet_east_heavy_b,item_defs_absent_from_xml_export_20260729_025002_taom_modules_ship_almost_no_item_xml,aferrer,2026-07-30
sk_rh_loke_helmet_east_heavy_c,item_defs_absent_from_xml_export_20260729_025002_taom_modules_ship_almost_no_item_xml,aferrer,2026-07-30
sk_rh_loke_helmet_east_light_a,item_defs_absent_from_xml_export_20260729_025002_taom_modules_ship_almost_no_item_xml,aferrer,2026-07-30
sk_rh_loke_helmet_east_med_a,item_defs_absent_from_xml_export_20260729_025002_taom_modules_ship_almost_no_item_xml,aferrer,2026-07-30
sk_rh_loke_helmet_east_med_b,item_defs_absent_from_xml_export_20260729_025002_taom_modules_ship_almost_no_item_xml,aferrer,2026-07-30
sk_rh_loke_helmet_east_med_c,item_defs_absent_from_xml_export_20260729_025002_taom_modules_ship_almost_no_item_xml,aferrer,2026-07-30
sk_rh_loke_helmet_inf_elite_a,item_defs_absent_from_xml_export_20260729_025002_taom_modules_ship_almost_no_item_xml,aferrer,2026-07-30
sk_rh_loke_helmet_inf_elite_b,item_defs_absent_from_xml_export_20260729_025002_taom_modules_ship_almost_no_item_xml,aferrer,2026-07-30
sk_rh_loke_helmet_inf_elite_c,item_defs_absent_from_xml_export_20260729_025002_taom_modules_ship_almost_no_item_xml,aferrer,2026-07-30
sk_rh_loke_helmet_inf_heavy_a,item_defs_absent_from_xml_export_20260729_025002_taom_modules_ship_almost_no_item_xml,aferrer,2026-07-30
sk_rh_loke_helmet_inf_heavy_b,item_defs_absent_from_xml_export_20260729_025002_taom_modules_ship_almost_no_item_xml,aferrer,2026-07-30
sk_rh_loke_helmet_inf_heavy_c,item_defs_absent_from_xml_export_20260729_025002_taom_modules_ship_almost_no_item_xml,aferrer,2026-07-30
sk_rh_loke_helmet_inf_light_a,item_defs_absent_from_xml_export_20260729_025002_taom_modules_ship_almost_no_item_xml,aferrer,2026-07-30
sk_rh_loke_helmet_inf_med_a,item_defs_absent_from_xml_export_20260729_025002_taom_modules_ship_almost_no_item_xml,aferrer,2026-07-30
sk_rh_loke_helmet_inf_med_b,item_defs_absent_from_xml_export_20260729_025002_taom_modules_ship_almost_no_item_xml,aferrer,2026-07-30
sk_rh_loke_helmet_inf_med_c,item_defs_absent_from_xml_export_20260729_025002_taom_modules_ship_almost_no_item_xml,aferrer,2026-07-30
sk_rh_loke_hood_heavy_a,item_defs_absent_from_xml_export_20260729_025002_taom_modules_ship_almost_no_item_xml,aferrer,2026-07-30
sk_rh_loke_hood_heavy_b,item_defs_absent_from_xml_export_20260729_025002_taom_modules_ship_almost_no_item_xml,aferrer,2026-07-30
sk_rh_loke_hood_heavy_c,item_defs_absent_from_xml_export_20260729_025002_taom_modules_ship_almost_no_item_xml,aferrer,2026-07-30
sk_rh_loke_hood_light_b,item_defs_absent_from_xml_export_20260729_025002_taom_modules_ship_almost_no_item_xml,aferrer,2026-07-30
sk_rh_loke_hood_light_c,item_defs_absent_from_xml_export_20260729_025002_taom_modules_ship_almost_no_item_xml,aferrer,2026-07-30
sk_rh_loke_hood_med_a,item_defs_absent_from_xml_export_20260729_025002_taom_modules_ship_almost_no_item_xml,aferrer,2026-07-30
sk_rh_loke_hood_med_b,item_defs_absent_from_xml_export_20260729_025002_taom_modules_ship_almost_no_item_xml,aferrer,2026-07-30
sk_rh_loke_hplate_heavy_a,item_defs_absent_from_xml_export_20260729_025002_taom_modules_ship_almost_no_item_xml,aferrer,2026-07-30
sk_rh_loke_hplate_heavy_b,item_defs_absent_from_xml_export_20260729_025002_taom_modules_ship_almost_no_item_xml,aferrer,2026-07-30
sk_rh_loke_hplate_light_a,item_defs_absent_from_xml_export_20260729_025002_taom_modules_ship_almost_no_item_xml,aferrer,2026-07-30
sk_rh_loke_hplate_med_a,item_defs_absent_from_xml_export_20260729_025002_taom_modules_ship_almost_no_item_xml,aferrer,2026-07-30
sk_rh_loke_hplate_med_b,item_defs_absent_from_xml_export_20260729_025002_taom_modules_ship_almost_no_item_xml,aferrer,2026-07-30
sk_rh_loke_pauldron_heavy_a,item_defs_absent_from_xml_export_20260729_025002_taom_modules_ship_almost_no_item_xml,aferrer,2026-07-30
sk_rh_loke_pauldron_heavy_b,item_defs_absent_from_xml_export_20260729_025002_taom_modules_ship_almost_no_item_xml,aferrer,2026-07-30
sk_rh_loke_pauldron_heavy_c,item_defs_absent_from_xml_export_20260729_025002_taom_modules_ship_almost_no_item_xml,aferrer,2026-07-30
sk_rh_loke_pauldron_hplate_heavy_a,item_defs_absent_from_xml_export_20260729_025002_taom_modules_ship_almost_no_item_xml,aferrer,2026-07-30
sk_rh_loke_pauldron_hplate_light_a,item_defs_absent_from_xml_export_20260729_025002_taom_modules_ship_almost_no_item_xml,aferrer,2026-07-30
sk_rh_loke_pauldron_hplate_med_a,item_defs_absent_from_xml_export_20260729_025002_taom_modules_ship_almost_no_item_xml,aferrer,2026-07-30
sk_rh_loke_pauldron_lam_heavy_a,item_defs_absent_from_xml_export_20260729_025002_taom_modules_ship_almost_no_item_xml,aferrer,2026-07-30
sk_rh_loke_pauldron_lam_light_a,item_defs_absent_from_xml_export_20260729_025002_taom_modules_ship_almost_no_item_xml,aferrer,2026-07-30
sk_rh_loke_pauldron_lam_med_a,item_defs_absent_from_xml_export_20260729_025002_taom_modules_ship_almost_no_item_xml,aferrer,2026-07-30
sk_rh_loke_pauldron_light_a,item_defs_absent_from_xml_export_20260729_025002_taom_modules_ship_almost_no_item_xml,aferrer,2026-07-30
sk_rh_loke_pauldron_light_b,item_defs_absent_from_xml_export_20260729_025002_taom_modules_ship_almost_no_item_xml,aferrer,2026-07-30
sk_rh_loke_pauldron_light_c,item_defs_absent_from_xml_export_20260729_025002_taom_modules_ship_almost_no_item_xml,aferrer,2026-07-30
sk_rh_loke_pauldron_med_a,item_defs_absent_from_xml_export_20260729_025002_taom_modules_ship_almost_no_item_xml,aferrer,2026-07-30
sk_rh_loke_pauldron_med_b,item_defs_absent_from_xml_export_20260729_025002_taom_modules_ship_almost_no_item_xml,aferrer,2026-07-30
sk_rh_loke_pauldron_med_c,item_defs_absent_from_xml_export_20260729_025002_taom_modules_ship_almost_no_item_xml,aferrer,2026-07-30
sk_rh_loke_pauldron_plate_heavy_a,item_defs_absent_from_xml_export_20260729_025002_taom_modules_ship_almost_no_item_xml,aferrer,2026-07-30
sk_rh_loke_pauldron_plate_heavy_b,item_defs_absent_from_xml_export_20260729_025002_taom_modules_ship_almost_no_item_xml,aferrer,2026-07-30
sk_rh_loke_pauldron_plate_light_a,item_defs_absent_from_xml_export_20260729_025002_taom_modules_ship_almost_no_item_xml,aferrer,2026-07-30
sk_rh_loke_pauldron_plate_light_b,item_defs_absent_from_xml_export_20260729_025002_taom_modules_ship_almost_no_item_xml,aferrer,2026-07-30
sk_rh_loke_pauldron_scale_heavy_a,item_defs_absent_from_xml_export_20260729_025002_taom_modules_ship_almost_no_item_xml,aferrer,2026-07-30
sk_rh_loke_plate_heavy_a,item_defs_absent_from_xml_export_20260729_025002_taom_modules_ship_almost_no_item_xml,aferrer,2026-07-30
sk_rh_loke_plate_heavy_b,item_defs_absent_from_xml_export_20260729_025002_taom_modules_ship_almost_no_item_xml,aferrer,2026-07-30
sk_rh_loke_plate_light_a,item_defs_absent_from_xml_export_20260729_025002_taom_modules_ship_almost_no_item_xml,aferrer,2026-07-30
sk_rh_loke_scalemail_elite_a,item_defs_absent_from_xml_export_20260729_025002_taom_modules_ship_almost_no_item_xml,aferrer,2026-07-30
sk_rh_loke_scalemail_elite_b,item_defs_absent_from_xml_export_20260729_025002_taom_modules_ship_almost_no_item_xml,aferrer,2026-07-30
sk_rh_loke_scalemail_heavy_a,item_defs_absent_from_xml_export_20260729_025002_taom_modules_ship_almost_no_item_xml,aferrer,2026-07-30
sk_rh_loke_scalemail_heavy_b,item_defs_absent_from_xml_export_20260729_025002_taom_modules_ship_almost_no_item_xml,aferrer,2026-07-30
sk_rh_loke_scalemail_light_a,item_defs_absent_from_xml_export_20260729_025002_taom_modules_ship_almost_no_item_xml,aferrer,2026-07-30
sk_rh_loke_scalemail_light_b,item_defs_absent_from_xml_export_20260729_025002_taom_modules_ship_almost_no_item_xml,aferrer,2026-07-30
sk_rh_loke_scalemail_med_a,item_defs_absent_from_xml_export_20260729_025002_taom_modules_ship_almost_no_item_xml,aferrer,2026-07-30
sk_rh_loke_scalemail_med_b,item_defs_absent_from_xml_export_20260729_025002_taom_modules_ship_almost_no_item_xml,aferrer,2026-07-30
sk_rh_loke_tunic_a,item_defs_absent_from_xml_export_20260729_025002_taom_modules_ship_almost_no_item_xml,aferrer,2026-07-30
sk_uruk_hai_bracer_elite_a1,item_defs_absent_from_xml_export_20260729_025002_taom_modules_ship_almost_no_item_xml,aferrer,2026-07-30
sk_uruk_hai_bracer_elite_a2,item_defs_absent_from_xml_export_20260729_025002_taom_modules_ship_almost_no_item_xml,aferrer,2026-07-30
sk_uruk_hai_bracer_elite_a3,item_defs_absent_from_xml_export_20260729_025002_taom_modules_ship_almost_no_item_xml,aferrer,2026-07-30
sk_uruk_hai_bracer_elite_b1,item_defs_absent_from_xml_export_20260729_025002_taom_modules_ship_almost_no_item_xml,aferrer,2026-07-30
sk_uruk_hai_bracer_elite_b2,item_defs_absent_from_xml_export_20260729_025002_taom_modules_ship_almost_no_item_xml,aferrer,2026-07-30
sk_uruk_hai_bracer_heavy_a1,item_defs_absent_from_xml_export_20260729_025002_taom_modules_ship_almost_no_item_xml,aferrer,2026-07-30
sk_uruk_hai_bracer_heavy_a2,item_defs_absent_from_xml_export_20260729_025002_taom_modules_ship_almost_no_item_xml,aferrer,2026-07-30
sk_uruk_hai_bracer_heavy_b1,item_defs_absent_from_xml_export_20260729_025002_taom_modules_ship_almost_no_item_xml,aferrer,2026-07-30
sk_uruk_hai_bracer_light_a1,item_defs_absent_from_xml_export_20260729_025002_taom_modules_ship_almost_no_item_xml,aferrer,2026-07-30
sk_uruk_hai_bracer_light_a2,item_defs_absent_from_xml_export_20260729_025002_taom_modules_ship_almost_no_item_xml,aferrer,2026-07-30
sk_uruk_hai_bracer_medium_a1,item_defs_absent_from_xml_export_20260729_025002_taom_modules_ship_almost_no_item_xml,aferrer,2026-07-30
sk_uruk_hai_bracer_medium_a2,item_defs_absent_from_xml_export_20260729_025002_taom_modules_ship_almost_no_item_xml,aferrer,2026-07-30
sk_uruk_hai_bracer_medium_a3,item_defs_absent_from_xml_export_20260729_025002_taom_modules_ship_almost_no_item_xml,aferrer,2026-07-30
sk_uruk_hai_bracer_medium_b1,item_defs_absent_from_xml_export_20260729_025002_taom_modules_ship_almost_no_item_xml,aferrer,2026-07-30
sk_uruk_hai_chainmail_a1,item_defs_absent_from_xml_export_20260729_025002_taom_modules_ship_almost_no_item_xml,aferrer,2026-07-30
sk_uruk_hai_chainmail_a2,item_defs_absent_from_xml_export_20260729_025002_taom_modules_ship_almost_no_item_xml,aferrer,2026-07-30
sk_uruk_hai_gloves_a1,item_defs_absent_from_xml_export_20260729_025002_taom_modules_ship_almost_no_item_xml,aferrer,2026-07-30
sk_uruk_hai_greaves_heavy_a1,item_defs_absent_from_xml_export_20260729_025002_taom_modules_ship_almost_no_item_xml,aferrer,2026-07-30
sk_uruk_hai_greaves_heavy_a2,item_defs_absent_from_xml_export_20260729_025002_taom_modules_ship_almost_no_item_xml,aferrer,2026-07-30
sk_uruk_hai_greaves_heavy_a3,item_defs_absent_from_xml_export_20260729_025002_taom_modules_ship_almost_no_item_xml,aferrer,2026-07-30
sk_uruk_hai_greaves_heavy_ar2,item_defs_absent_from_xml_export_20260729_025002_taom_modules_ship_almost_no_item_xml,aferrer,2026-07-30
sk_uruk_hai_greaves_heavy_ar3,item_defs_absent_from_xml_export_20260729_025002_taom_modules_ship_almost_no_item_xml,aferrer,2026-07-30
sk_uruk_hai_greaves_medium_a1,item_defs_absent_from_xml_export_20260729_025002_taom_modules_ship_almost_no_item_xml,aferrer,2026-07-30
sk_uruk_hai_greaves_medium_a2,item_defs_absent_from_xml_export_20260729_025002_taom_modules_ship_almost_no_item_xml,aferrer,2026-07-30
sk_uruk_hai_greaves_medium_a3,item_defs_absent_from_xml_export_20260729_025002_taom_modules_ship_almost_no_item_xml,aferrer,2026-07-30
sk_uruk_hai_greaves_medium_b1,item_defs_absent_from_xml_export_20260729_025002_taom_modules_ship_almost_no_item_xml,aferrer,2026-07-30
sk_uruk_hai_greaves_medium_b2,item_defs_absent_from_xml_export_20260729_025002_taom_modules_ship_almost_no_item_xml,aferrer,2026-07-30
sk_uruk_hai_helmet_bers_a2,item_defs_absent_from_xml_export_20260729_025002_taom_modules_ship_almost_no_item_xml,aferrer,2026-07-30
sk_uruk_hai_helmet_command_a1,item_defs_absent_from_xml_export_20260729_025002_taom_modules_ship_almost_no_item_xml,aferrer,2026-07-30
sk_uruk_hai_helmet_command_a3,item_defs_absent_from_xml_export_20260729_025002_taom_modules_ship_almost_no_item_xml,aferrer,2026-07-30
sk_uruk_hai_helmet_command_ar1,item_defs_absent_from_xml_export_20260729_025002_taom_modules_ship_almost_no_item_xml,aferrer,2026-07-30
sk_uruk_hai_helmet_command_b1,item_defs_absent_from_xml_export_20260729_025002_taom_modules_ship_almost_no_item_xml,aferrer,2026-07-30
sk_uruk_hai_helmet_command_b2,item_defs_absent_from_xml_export_20260729_025002_taom_modules_ship_almost_no_item_xml,aferrer,2026-07-30
sk_uruk_hai_helmet_command_b3,item_defs_absent_from_xml_export_20260729_025002_taom_modules_ship_almost_no_item_xml,aferrer,2026-07-30
sk_uruk_hai_helmet_command_br1,item_defs_absent_from_xml_export_20260729_025002_taom_modules_ship_almost_no_item_xml,aferrer,2026-07-30
sk_uruk_hai_helmet_command_br2,item_defs_absent_from_xml_export_20260729_025002_taom_modules_ship_almost_no_item_xml,aferrer,2026-07-30
sk_uruk_hai_helmet_cross_a1,item_defs_absent_from_xml_export_20260729_025002_taom_modules_ship_almost_no_item_xml,aferrer,2026-07-30
sk_uruk_hai_helmet_cross_a2,item_defs_absent_from_xml_export_20260729_025002_taom_modules_ship_almost_no_item_xml,aferrer,2026-07-30
sk_uruk_hai_helmet_cross_a3,item_defs_absent_from_xml_export_20260729_025002_taom_modules_ship_almost_no_item_xml,aferrer,2026-07-30
sk_uruk_hai_helmet_cross_a4,item_defs_absent_from_xml_export_20260729_025002_taom_modules_ship_almost_no_item_xml,aferrer,2026-07-30
sk_uruk_hai_helmet_nazg_a2,item_defs_absent_from_xml_export_20260729_025002_taom_modules_ship_almost_no_item_xml,aferrer,2026-07-30
sk_uruk_hai_helmet_officer_a1,item_defs_absent_from_xml_export_20260729_025002_taom_modules_ship_almost_no_item_xml,aferrer,2026-07-30
sk_uruk_hai_helmet_officer_a2,item_defs_absent_from_xml_export_20260729_025002_taom_modules_ship_almost_no_item_xml,aferrer,2026-07-30
sk_uruk_hai_helmet_officer_a4,item_defs_absent_from_xml_export_20260729_025002_taom_modules_ship_almost_no_item_xml,aferrer,2026-07-30
sk_uruk_hai_helmet_sapper_a1,item_defs_absent_from_xml_export_20260729_025002_taom_modules_ship_almost_no_item_xml,aferrer,2026-07-30
sk_uruk_hai_helmet_skir_a2,item_defs_absent_from_xml_export_20260729_025002_taom_modules_ship_almost_no_item_xml,aferrer,2026-07-30
sk_uruk_hai_helmet_spear_heavy_a1,item_defs_absent_from_xml_export_20260729_025002_taom_modules_ship_almost_no_item_xml,aferrer,2026-07-30
sk_uruk_hai_helmet_spear_heavy_a2,item_defs_absent_from_xml_export_20260729_025002_taom_modules_ship_almost_no_item_xml,aferrer,2026-07-30
sk_uruk_hai_helmet_spear_light_a3,item_defs_absent_from_xml_export_20260729_025002_taom_modules_ship_almost_no_item_xml,aferrer,2026-07-30
sk_uruk_hai_helmet_spear_med_a2,item_defs_absent_from_xml_export_20260729_025002_taom_modules_ship_almost_no_item_xml,aferrer,2026-07-30
sk_uruk_hai_helmet_spear_med_a3,item_defs_absent_from_xml_export_20260729_025002_taom_modules_ship_almost_no_item_xml,aferrer,2026-07-30
sk_uruk_hai_helmet_spear_med_a4,item_defs_absent_from_xml_export_20260729_025002_taom_modules_ship_almost_no_item_xml,aferrer,2026-07-30
sk_uruk_hai_helmet_sword_heavy_a2,item_defs_absent_from_xml_export_20260729_025002_taom_modules_ship_almost_no_item_xml,aferrer,2026-07-30
sk_uruk_hai_helmet_sword_light_a2,item_defs_absent_from_xml_export_20260729_025002_taom_modules_ship_almost_no_item_xml,aferrer,2026-07-30
sk_uruk_hai_helmet_sword_light_a4,item_defs_absent_from_xml_export_20260729_025002_taom_modules_ship_almost_no_item_xml,aferrer,2026-07-30
sk_uruk_hai_helmet_sword_med_a2,item_defs_absent_from_xml_export_20260729_025002_taom_modules_ship_almost_no_item_xml,aferrer,2026-07-30
sk_uruk_hai_helmet_sword_med_a4,item_defs_absent_from_xml_export_20260729_025002_taom_modules_ship_almost_no_item_xml,aferrer,2026-07-30
sk_uruk_hai_pauldron_heavy_a1,item_defs_absent_from_xml_export_20260729_025002_taom_modules_ship_almost_no_item_xml,aferrer,2026-07-30
sk_uruk_hai_pauldron_heavy_a2,item_defs_absent_from_xml_export_20260729_025002_taom_modules_ship_almost_no_item_xml,aferrer,2026-07-30
sk_uruk_hai_pauldron_heavy_a3,item_defs_absent_from_xml_export_20260729_025002_taom_modules_ship_almost_no_item_xml,aferrer,2026-07-30
sk_uruk_hai_pauldron_heavy_b1,item_defs_absent_from_xml_export_20260729_025002_taom_modules_ship_almost_no_item_xml,aferrer,2026-07-30
sk_uruk_hai_pauldron_heavy_b2,item_defs_absent_from_xml_export_20260729_025002_taom_modules_ship_almost_no_item_xml,aferrer,2026-07-30
sk_uruk_hai_pauldron_light_a2,item_defs_absent_from_xml_export_20260729_025002_taom_modules_ship_almost_no_item_xml,aferrer,2026-07-30
sk_uruk_hai_pauldron_light_a3,item_defs_absent_from_xml_export_20260729_025002_taom_modules_ship_almost_no_item_xml,aferrer,2026-07-30
sk_uruk_hai_pauldron_med_a1,item_defs_absent_from_xml_export_20260729_025002_taom_modules_ship_almost_no_item_xml,aferrer,2026-07-30
sk_uruk_hai_pauldron_med_a2,item_defs_absent_from_xml_export_20260729_025002_taom_modules_ship_almost_no_item_xml,aferrer,2026-07-30
sk_uruk_hai_pauldron_med_a3,item_defs_absent_from_xml_export_20260729_025002_taom_modules_ship_almost_no_item_xml,aferrer,2026-07-30
sk_uruk_hai_plate_elite_a1,item_defs_absent_from_xml_export_20260729_025002_taom_modules_ship_almost_no_item_xml,aferrer,2026-07-30
sk_uruk_hai_plate_elite_a2,item_defs_absent_from_xml_export_20260729_025002_taom_modules_ship_almost_no_item_xml,aferrer,2026-07-30
sk_uruk_hai_plate_elite_b1,item_defs_absent_from_xml_export_20260729_025002_taom_modules_ship_almost_no_item_xml,aferrer,2026-07-30
sk_uruk_hai_plate_elite_b2,item_defs_absent_from_xml_export_20260729_025002_taom_modules_ship_almost_no_item_xml,aferrer,2026-07-30
sk_uruk_hai_plate_heavy_a1,item_defs_absent_from_xml_export_20260729_025002_taom_modules_ship_almost_no_item_xml,aferrer,2026-07-30
sk_uruk_hai_plate_heavy_b1,item_defs_absent_from_xml_export_20260729_025002_taom_modules_ship_almost_no_item_xml,aferrer,2026-07-30
sk_uruk_hai_plate_heavy_b2,item_defs_absent_from_xml_export_20260729_025002_taom_modules_ship_almost_no_item_xml,aferrer,2026-07-30
sk_uruk_hai_plate_light_a1,item_defs_absent_from_xml_export_20260729_025002_taom_modules_ship_almost_no_item_xml,aferrer,2026-07-30
sk_uruk_hai_plate_light_a2,item_defs_absent_from_xml_export_20260729_025002_taom_modules_ship_almost_no_item_xml,aferrer,2026-07-30
sk_uruk_hai_plate_light_b1,item_defs_absent_from_xml_export_20260729_025002_taom_modules_ship_almost_no_item_xml,aferrer,2026-07-30
sk_uruk_hai_plate_light_b2,item_defs_absent_from_xml_export_20260729_025002_taom_modules_ship_almost_no_item_xml,aferrer,2026-07-30
sk_uruk_hai_plate_med_a1,item_defs_absent_from_xml_export_20260729_025002_taom_modules_ship_almost_no_item_xml,aferrer,2026-07-30
sk_uruk_hai_plate_med_b1,item_defs_absent_from_xml_export_20260729_025002_taom_modules_ship_almost_no_item_xml,aferrer,2026-07-30
sk_uruk_hai_plate_med_b2,item_defs_absent_from_xml_export_20260729_025002_taom_modules_ship_almost_no_item_xml,aferrer,2026-07-30
sk_uruk_hai_shoes_a1,item_defs_absent_from_xml_export_20260729_025002_taom_modules_ship_almost_no_item_xml,aferrer,2026-07-30
sk_uruk_hai_skirt_a1,item_defs_absent_from_xml_export_20260729_025002_taom_modules_ship_almost_no_item_xml,aferrer,2026-07-30
sk_uruk_hai_tunic_a1,item_defs_absent_from_xml_export_20260729_025002_taom_modules_ship_almost_no_item_xml,aferrer,2026-07-30
sk_uruk_mordor_boots_a,item_defs_absent_from_xml_export_20260729_025002_taom_modules_ship_almost_no_item_xml,aferrer,2026-07-30
sk_uruk_mordor_bracer_heavy_a,item_defs_absent_from_xml_export_20260729_025002_taom_modules_ship_almost_no_item_xml,aferrer,2026-07-30
sk_uruk_mordor_bracer_heavy_b,item_defs_absent_from_xml_export_20260729_025002_taom_modules_ship_almost_no_item_xml,aferrer,2026-07-30
sk_uruk_mordor_bracer_heavy_c,item_defs_absent_from_xml_export_20260729_025002_taom_modules_ship_almost_no_item_xml,aferrer,2026-07-30
sk_uruk_mordor_bracer_heavy_d,item_defs_absent_from_xml_export_20260729_025002_taom_modules_ship_almost_no_item_xml,aferrer,2026-07-30
sk_uruk_mordor_bracer_heavy_e,item_defs_absent_from_xml_export_20260729_025002_taom_modules_ship_almost_no_item_xml,aferrer,2026-07-30
sk_uruk_mordor_bracer_heavy_f,item_defs_absent_from_xml_export_20260729_025002_taom_modules_ship_almost_no_item_xml,aferrer,2026-07-30
sk_uruk_mordor_bracer_medium_a,item_defs_absent_from_xml_export_20260729_025002_taom_modules_ship_almost_no_item_xml,aferrer,2026-07-30
sk_uruk_mordor_bracer_medium_b,item_defs_absent_from_xml_export_20260729_025002_taom_modules_ship_almost_no_item_xml,aferrer,2026-07-30
sk_uruk_mordor_bracer_medium_c,item_defs_absent_from_xml_export_20260729_025002_taom_modules_ship_almost_no_item_xml,aferrer,2026-07-30
sk_uruk_mordor_bracer_medium_d,item_defs_absent_from_xml_export_20260729_025002_taom_modules_ship_almost_no_item_xml,aferrer,2026-07-30
sk_uruk_mordor_chainmail_captain_a2,item_defs_absent_from_xml_export_20260729_025002_taom_modules_ship_almost_no_item_xml,aferrer,2026-07-30
sk_uruk_mordor_chainmail_captain_b2,item_defs_absent_from_xml_export_20260729_025002_taom_modules_ship_almost_no_item_xml,aferrer,2026-07-30
sk_uruk_mordor_chainmail_captain_c2,item_defs_absent_from_xml_export_20260729_025002_taom_modules_ship_almost_no_item_xml,aferrer,2026-07-30
sk_uruk_mordor_chainmail_captain_d1,item_defs_absent_from_xml_export_20260729_025002_taom_modules_ship_almost_no_item_xml,aferrer,2026-07-30
sk_uruk_mordor_chainmail_captain_d2,item_defs_absent_from_xml_export_20260729_025002_taom_modules_ship_almost_no_item_xml,aferrer,2026-07-30
sk_uruk_mordor_chainmail_elite_a1,item_defs_absent_from_xml_export_20260729_025002_taom_modules_ship_almost_no_item_xml,aferrer,2026-07-30
sk_uruk_mordor_chainmail_elite_a2,item_defs_absent_from_xml_export_20260729_025002_taom_modules_ship_almost_no_item_xml,aferrer,2026-07-30
sk_uruk_mordor_chainmail_elite_b1,item_defs_absent_from_xml_export_20260729_025002_taom_modules_ship_almost_no_item_xml,aferrer,2026-07-30
sk_uruk_mordor_chainmail_elite_b2,item_defs_absent_from_xml_export_20260729_025002_taom_modules_ship_almost_no_item_xml,aferrer,2026-07-30
sk_uruk_mordor_chainmail_elite_c1,item_defs_absent_from_xml_export_20260729_025002_taom_modules_ship_almost_no_item_xml,aferrer,2026-07-30
sk_uruk_mordor_chainmail_elite_c2,item_defs_absent_from_xml_export_20260729_025002_taom_modules_ship_almost_no_item_xml,aferrer,2026-07-30
sk_uruk_mordor_chainmail_elite_d1,item_defs_absent_from_xml_export_20260729_025002_taom_modules_ship_almost_no_item_xml,aferrer,2026-07-30
sk_uruk_mordor_chainmail_elite_d2,item_defs_absent_from_xml_export_20260729_025002_taom_modules_ship_almost_no_item_xml,aferrer,2026-07-30
sk_uruk_mordor_chainmail_heavy_a1,item_defs_absent_from_xml_export_20260729_025002_taom_modules_ship_almost_no_item_xml,aferrer,2026-07-30
sk_uruk_mordor_chainmail_heavy_a2,item_defs_absent_from_xml_export_20260729_025002_taom_modules_ship_almost_no_item_xml,aferrer,2026-07-30
sk_uruk_mordor_chainmail_heavy_b1,item_defs_absent_from_xml_export_20260729_025002_taom_modules_ship_almost_no_item_xml,aferrer,2026-07-30
sk_uruk_mordor_chainmail_heavy_b2,item_defs_absent_from_xml_export_20260729_025002_taom_modules_ship_almost_no_item_xml,aferrer,2026-07-30
sk_uruk_mordor_chainmail_heavy_c1,item_defs_absent_from_xml_export_20260729_025002_taom_modules_ship_almost_no_item_xml,aferrer,2026-07-30
sk_uruk_mordor_chainmail_heavy_c2,item_defs_absent_from_xml_export_20260729_025002_taom_modules_ship_almost_no_item_xml,aferrer,2026-07-30
sk_uruk_mordor_chainmail_heavy_d1,item_defs_absent_from_xml_export_20260729_025002_taom_modules_ship_almost_no_item_xml,aferrer,2026-07-30
sk_uruk_mordor_chainmail_heavy_d2,item_defs_absent_from_xml_export_20260729_025002_taom_modules_ship_almost_no_item_xml,aferrer,2026-07-30
sk_uruk_mordor_chainmail_light_a,item_defs_absent_from_xml_export_20260729_025002_taom_modules_ship_almost_no_item_xml,aferrer,2026-07-30
sk_uruk_mordor_chainmail_light_b,item_defs_absent_from_xml_export_20260729_025002_taom_modules_ship_almost_no_item_xml,aferrer,2026-07-30
sk_uruk_mordor_chainmail_light_c,item_defs_absent_from_xml_export_20260729_025002_taom_modules_ship_almost_no_item_xml,aferrer,2026-07-30
sk_uruk_mordor_chainmail_medium_a1,item_defs_absent_from_xml_export_20260729_025002_taom_modules_ship_almost_no_item_xml,aferrer,2026-07-30
sk_uruk_mordor_chainmail_medium_a2,item_defs_absent_from_xml_export_20260729_025002_taom_modules_ship_almost_no_item_xml,aferrer,2026-07-30
sk_uruk_mordor_chainmail_medium_b1,item_defs_absent_from_xml_export_20260729_025002_taom_modules_ship_almost_no_item_xml,aferrer,2026-07-30
sk_uruk_mordor_chainmail_medium_b2,item_defs_absent_from_xml_export_20260729_025002_taom_modules_ship_almost_no_item_xml,aferrer,2026-07-30
sk_uruk_mordor_chainmail_medium_c1,item_defs_absent_from_xml_export_20260729_025002_taom_modules_ship_almost_no_item_xml,aferrer,2026-07-30
sk_uruk_mordor_chainmail_medium_c2,item_defs_absent_from_xml_export_20260729_025002_taom_modules_ship_almost_no_item_xml,aferrer,2026-07-30
sk_uruk_mordor_chainmail_medium_d1,item_defs_absent_from_xml_export_20260729_025002_taom_modules_ship_almost_no_item_xml,aferrer,2026-07-30
sk_uruk_mordor_chainmail_medium_d2,item_defs_absent_from_xml_export_20260729_025002_taom_modules_ship_almost_no_item_xml,aferrer,2026-07-30
sk_uruk_mordor_greaves_heavy_a,item_defs_absent_from_xml_export_20260729_025002_taom_modules_ship_almost_no_item_xml,aferrer,2026-07-30
sk_uruk_mordor_greaves_heavy_b,item_defs_absent_from_xml_export_20260729_025002_taom_modules_ship_almost_no_item_xml,aferrer,2026-07-30
sk_uruk_mordor_greaves_heavy_c,item_defs_absent_from_xml_export_20260729_025002_taom_modules_ship_almost_no_item_xml,aferrer,2026-07-30
sk_uruk_mordor_greaves_heavy_d,item_defs_absent_from_xml_export_20260729_025002_taom_modules_ship_almost_no_item_xml,aferrer,2026-07-30
sk_uruk_mordor_greaves_heavy_e,item_defs_absent_from_xml_export_20260729_025002_taom_modules_ship_almost_no_item_xml,aferrer,2026-07-30
sk_uruk_mordor_greaves_heavy_f,item_defs_absent_from_xml_export_20260729_025002_taom_modules_ship_almost_no_item_xml,aferrer,2026-07-30
sk_uruk_mordor_greaves_medium_a,item_defs_absent_from_xml_export_20260729_025002_taom_modules_ship_almost_no_item_xml,aferrer,2026-07-30
sk_uruk_mordor_greaves_medium_b,item_defs_absent_from_xml_export_20260729_025002_taom_modules_ship_almost_no_item_xml,aferrer,2026-07-30
sk_uruk_mordor_greaves_medium_c,item_defs_absent_from_xml_export_20260729_025002_taom_modules_ship_almost_no_item_xml,aferrer,2026-07-30
sk_uruk_mordor_helmet_elite_a1,item_defs_absent_from_xml_export_20260729_025002_taom_modules_ship_almost_no_item_xml,aferrer,2026-07-30
sk_uruk_mordor_helmet_elite_a2,item_defs_absent_from_xml_export_20260729_025002_taom_modules_ship_almost_no_item_xml,aferrer,2026-07-30
sk_uruk_mordor_helmet_elite_b1,item_defs_absent_from_xml_export_20260729_025002_taom_modules_ship_almost_no_item_xml,aferrer,2026-07-30
sk_uruk_mordor_helmet_elite_b2,item_defs_absent_from_xml_export_20260729_025002_taom_modules_ship_almost_no_item_xml,aferrer,2026-07-30
sk_uruk_mordor_helmet_elite_c1,item_defs_absent_from_xml_export_20260729_025002_taom_modules_ship_almost_no_item_xml,aferrer,2026-07-30
sk_uruk_mordor_helmet_elite_c2,item_defs_absent_from_xml_export_20260729_025002_taom_modules_ship_almost_no_item_xml,aferrer,2026-07-30
sk_uruk_mordor_helmet_elite_d1,item_defs_absent_from_xml_export_20260729_025002_taom_modules_ship_almost_no_item_xml,aferrer,2026-07-30
sk_uruk_mordor_helmet_heavy_a1,item_defs_absent_from_xml_export_20260729_025002_taom_modules_ship_almost_no_item_xml,aferrer,2026-07-30
sk_uruk_mordor_helmet_heavy_a2,item_defs_absent_from_xml_export_20260729_025002_taom_modules_ship_almost_no_item_xml,aferrer,2026-07-30
sk_uruk_mordor_helmet_heavy_b1,item_defs_absent_from_xml_export_20260729_025002_taom_modules_ship_almost_no_item_xml,aferrer,2026-07-30
sk_uruk_mordor_helmet_heavy_b2,item_defs_absent_from_xml_export_20260729_025002_taom_modules_ship_almost_no_item_xml,aferrer,2026-07-30
sk_uruk_mordor_helmet_heavy_c1,item_defs_absent_from_xml_export_20260729_025002_taom_modules_ship_almost_no_item_xml,aferrer,2026-07-30
sk_uruk_mordor_helmet_heavy_c2,item_defs_absent_from_xml_export_20260729_025002_taom_modules_ship_almost_no_item_xml,aferrer,2026-07-30
sk_uruk_mordor_helmet_heavy_d1,item_defs_absent_from_xml_export_20260729_025002_taom_modules_ship_almost_no_item_xml,aferrer,2026-07-30
sk_uruk_mordor_helmet_heavy_d2,item_defs_absent_from_xml_export_20260729_025002_taom_modules_ship_almost_no_item_xml,aferrer,2026-07-30
sk_uruk_mordor_helmet_medium_a1,item_defs_absent_from_xml_export_20260729_025002_taom_modules_ship_almost_no_item_xml,aferrer,2026-07-30
sk_uruk_mordor_helmet_medium_a2,item_defs_absent_from_xml_export_20260729_025002_taom_modules_ship_almost_no_item_xml,aferrer,2026-07-30
sk_uruk_mordor_helmet_medium_b1,item_defs_absent_from_xml_export_20260729_025002_taom_modules_ship_almost_no_item_xml,aferrer,2026-07-30
sk_uruk_mordor_helmet_medium_b2,item_defs_absent_from_xml_export_20260729_025002_taom_modules_ship_almost_no_item_xml,aferrer,2026-07-30
sk_uruk_mordor_helmet_medium_c1,item_defs_absent_from_xml_export_20260729_025002_taom_modules_ship_almost_no_item_xml,aferrer,2026-07-30
sk_uruk_mordor_helmet_medium_c2,item_defs_absent_from_xml_export_20260729_025002_taom_modules_ship_almost_no_item_xml,aferrer,2026-07-30
sk_uruk_mordor_helmet_medium_d1,item_defs_absent_from_xml_export_20260729_025002_taom_modules_ship_almost_no_item_xml,aferrer,2026-07-30
sk_uruk_mordor_pauldron_heavy_a,item_defs_absent_from_xml_export_20260729_025002_taom_modules_ship_almost_no_item_xml,aferrer,2026-07-30
sk_uruk_mordor_pauldron_heavy_b,item_defs_absent_from_xml_export_20260729_025002_taom_modules_ship_almost_no_item_xml,aferrer,2026-07-30
sk_uruk_mordor_pauldron_heavy_c,item_defs_absent_from_xml_export_20260729_025002_taom_modules_ship_almost_no_item_xml,aferrer,2026-07-30
sk_uruk_mordor_pauldron_heavy_d,item_defs_absent_from_xml_export_20260729_025002_taom_modules_ship_almost_no_item_xml,aferrer,2026-07-30
sk_uruk_mordor_pauldron_heavy_e,item_defs_absent_from_xml_export_20260729_025002_taom_modules_ship_almost_no_item_xml,aferrer,2026-07-30
sk_uruk_mordor_pauldron_heavy_f,item_defs_absent_from_xml_export_20260729_025002_taom_modules_ship_almost_no_item_xml,aferrer,2026-07-30
sk_uruk_mordor_pauldron_heavy_g,item_defs_absent_from_xml_export_20260729_025002_taom_modules_ship_almost_no_item_xml,aferrer,2026-07-30
sk_uruk_mordor_pauldron_heavy_h,item_defs_absent_from_xml_export_20260729_025002_taom_modules_ship_almost_no_item_xml,aferrer,2026-07-30
sk_uruk_mordor_pauldron_medium_a,item_defs_absent_from_xml_export_20260729_025002_taom_modules_ship_almost_no_item_xml,aferrer,2026-07-30
sk_uruk_mordor_pauldron_medium_b,item_defs_absent_from_xml_export_20260729_025002_taom_modules_ship_almost_no_item_xml,aferrer,2026-07-30
sk_uruk_mordor_pauldron_medium_c,item_defs_absent_from_xml_export_20260729_025002_taom_modules_ship_almost_no_item_xml,aferrer,2026-07-30
sk_uruk_mordor_pauldron_medium_d,item_defs_absent_from_xml_export_20260729_025002_taom_modules_ship_almost_no_item_xml,aferrer,2026-07-30
sm_dg_khml_1h_axe_a,item_defs_absent_from_xml_export_20260729_025002_taom_modules_ship_almost_no_item_xml,aferrer,2026-07-30
sm_dg_khml_1h_mace_a,item_defs_absent_from_xml_export_20260729_025002_taom_modules_ship_almost_no_item_xml,aferrer,2026-07-30
sm_dg_khml_1h_mace_b,item_defs_absent_from_xml_export_20260729_025002_taom_modules_ship_almost_no_item_xml,aferrer,2026-07-30
sm_dg_khml_1h_sword_a,item_defs_absent_from_xml_export_20260729_025002_taom_modules_ship_almost_no_item_xml,aferrer,2026-07-30
sm_dg_khml_1h_sword_b,item_defs_absent_from_xml_export_20260729_025002_taom_modules_ship_almost_no_item_xml,aferrer,2026-07-30
sm_dg_khml_2h_axe_a,item_defs_absent_from_xml_export_20260729_025002_taom_modules_ship_almost_no_item_xml,aferrer,2026-07-30
sm_dg_khml_2h_axe_b,item_defs_absent_from_xml_export_20260729_025002_taom_modules_ship_almost_no_item_xml,aferrer,2026-07-30
sm_dg_khml_longbow_a,item_defs_absent_from_xml_export_20260729_025002_taom_modules_ship_almost_no_item_xml,aferrer,2026-07-30
sm_dg_khml_shield_cav_heavy_a,item_defs_absent_from_xml_export_20260729_025002_taom_modules_ship_almost_no_item_xml,aferrer,2026-07-30
sm_dg_khml_shield_cav_med_a,item_defs_absent_from_xml_export_20260729_025002_taom_modules_ship_almost_no_item_xml,aferrer,2026-07-30
sm_dg_khml_shield_cav_med_b,item_defs_absent_from_xml_export_20260729_025002_taom_modules_ship_almost_no_item_xml,aferrer,2026-07-30
sm_dg_khml_shield_heavy_a,item_defs_absent_from_xml_export_20260729_025002_taom_modules_ship_almost_no_item_xml,aferrer,2026-07-30
sm_dg_khml_shield_heavy_b,item_defs_absent_from_xml_export_20260729_025002_taom_modules_ship_almost_no_item_xml,aferrer,2026-07-30
sm_dg_khml_shield_med_a,item_defs_absent_from_xml_export_20260729_025002_taom_modules_ship_almost_no_item_xml,aferrer,2026-07-30
sm_dg_khml_shield_med_b,item_defs_absent_from_xml_export_20260729_025002_taom_modules_ship_almost_no_item_xml,aferrer,2026-07-30
sm_dg_khml_shield_tower_heavy_a,item_defs_absent_from_xml_export_20260729_025002_taom_modules_ship_almost_no_item_xml,aferrer,2026-07-30
sm_dg_khml_shield_tower_med_a,item_defs_absent_from_xml_export_20260729_025002_taom_modules_ship_almost_no_item_xml,aferrer,2026-07-30
sm_dg_khml_spear_a,item_defs_absent_from_xml_export_20260729_025002_taom_modules_ship_almost_no_item_xml,aferrer,2026-07-30
sm_dwarf_erebor_1h_axe_a,item_defs_absent_from_xml_export_20260729_025002_taom_modules_ship_almost_no_item_xml,aferrer,2026-07-30
sm_dwarf_erebor_1h_axe_a2,item_defs_absent_from_xml_export_20260729_025002_taom_modules_ship_almost_no_item_xml,aferrer,2026-07-30
sm_dwarf_erebor_1h_axe_b,item_defs_absent_from_xml_export_20260729_025002_taom_modules_ship_almost_no_item_xml,aferrer,2026-07-30
sm_dwarf_erebor_1h_axe_b2,item_defs_absent_from_xml_export_20260729_025002_taom_modules_ship_almost_no_item_xml,aferrer,2026-07-30
sm_dwarf_erebor_1h_axe_c,item_defs_absent_from_xml_export_20260729_025002_taom_modules_ship_almost_no_item_xml,aferrer,2026-07-30
sm_dwarf_erebor_1h_axe_d,item_defs_absent_from_xml_export_20260729_025002_taom_modules_ship_almost_no_item_xml,aferrer,2026-07-30
sm_dwarf_erebor_1h_axe_e,item_defs_absent_from_xml_export_20260729_025002_taom_modules_ship_almost_no_item_xml,aferrer,2026-07-30
sm_dwarf_erebor_axe_2h_a,item_defs_absent_from_xml_export_20260729_025002_taom_modules_ship_almost_no_item_xml,aferrer,2026-07-30
sm_dwarf_erebor_axe_2h_a2,item_defs_absent_from_xml_export_20260729_025002_taom_modules_ship_almost_no_item_xml,aferrer,2026-07-30
sm_dwarf_erebor_axe_2h_b,item_defs_absent_from_xml_export_20260729_025002_taom_modules_ship_almost_no_item_xml,aferrer,2026-07-30
sm_dwarf_erebor_axe_2h_b2,item_defs_absent_from_xml_export_20260729_025002_taom_modules_ship_almost_no_item_xml,aferrer,2026-07-30
sm_dwarf_erebor_axe_2h_c,item_defs_absent_from_xml_export_20260729_025002_taom_modules_ship_almost_no_item_xml,aferrer,2026-07-30
sm_dwarf_erebor_axe_2h_c2,item_defs_absent_from_xml_export_20260729_025002_taom_modules_ship_almost_no_item_xml,aferrer,2026-07-30
sm_dwarf_erebor_axe_2h_d,item_defs_absent_from_xml_export_20260729_025002_taom_modules_ship_almost_no_item_xml,aferrer,2026-07-30
sm_dwarf_erebor_axe_2h_d2,item_defs_absent_from_xml_export_20260729_025002_taom_modules_ship_almost_no_item_xml,aferrer,2026-07-30
sm_dwarf_erebor_bow_a,item_defs_absent_from_xml_export_20260729_025002_taom_modules_ship_almost_no_item_xml,aferrer,2026-07-30
sm_dwarf_erebor_bow_b,item_defs_absent_from_xml_export_20260729_025002_taom_modules_ship_almost_no_item_xml,aferrer,2026-07-30
sm_dwarf_erebor_mace_a,item_defs_absent_from_xml_export_20260729_025002_taom_modules_ship_almost_no_item_xml,aferrer,2026-07-30
sm_dwarf_erebor_mace_b,item_defs_absent_from_xml_export_20260729_025002_taom_modules_ship_almost_no_item_xml,aferrer,2026-07-30
sm_dwarf_erebor_shield_leather_a,item_defs_absent_from_xml_export_20260729_025002_taom_modules_ship_almost_no_item_xml,aferrer,2026-07-30
sm_dwarf_erebor_shield_leather_b,item_defs_absent_from_xml_export_20260729_025002_taom_modules_ship_almost_no_item_xml,aferrer,2026-07-30
sm_dwarf_erebor_shield_leather_c,item_defs_absent_from_xml_export_20260729_025002_taom_modules_ship_almost_no_item_xml,aferrer,2026-07-30
sm_dwarf_erebor_shield_leather_d,item_defs_absent_from_xml_export_20260729_025002_taom_modules_ship_almost_no_item_xml,aferrer,2026-07-30
sm_dwarf_erebor_shield_metal_a,item_defs_absent_from_xml_export_20260729_025002_taom_modules_ship_almost_no_item_xml,aferrer,2026-07-30
sm_dwarf_erebor_shield_metal_b,item_defs_absent_from_xml_export_20260729_025002_taom_modules_ship_almost_no_item_xml,aferrer,2026-07-30
sm_dwarf_erebor_shield_metal_c,item_defs_absent_from_xml_export_20260729_025002_taom_modules_ship_almost_no_item_xml,aferrer,2026-07-30
sm_dwarf_erebor_shield_metal_c2,item_defs_absent_from_xml_export_20260729_025002_taom_modules_ship_almost_no_item_xml,aferrer,2026-07-30
sm_dwarf_erebor_shield_metal_d,item_defs_absent_from_xml_export_20260729_025002_taom_modules_ship_almost_no_item_xml,aferrer,2026-07-30
sm_dwarf_erebor_shield_metal_d2,item_defs_absent_from_xml_export_20260729_025002_taom_modules_ship_almost_no_item_xml,aferrer,2026-07-30
sm_dwarf_erebor_shield_tower_a,item_defs_absent_from_xml_export_20260729_025002_taom_modules_ship_almost_no_item_xml,aferrer,2026-07-30
sm_dwarf_erebor_shield_tower_b,item_defs_absent_from_xml_export_20260729_025002_taom_modules_ship_almost_no_item_xml,aferrer,2026-07-30
sm_dwarf_erebor_shield_tower_c,item_defs_absent_from_xml_export_20260729_025002_taom_modules_ship_almost_no_item_xml,aferrer,2026-07-30
sm_dwarf_erebor_shield_tower_e,item_defs_absent_from_xml_export_20260729_025002_taom_modules_ship_almost_no_item_xml,aferrer,2026-07-30
sm_dwarf_erebor_spear_a,item_defs_absent_from_xml_export_20260729_025002_taom_modules_ship_almost_no_item_xml,aferrer,2026-07-30
sm_dwarf_erebor_spear_b,item_defs_absent_from_xml_export_20260729_025002_taom_modules_ship_almost_no_item_xml,aferrer,2026-07-30
sm_dwarf_iron_axe_a,item_defs_absent_from_xml_export_20260729_025002_taom_modules_ship_almost_no_item_xml,aferrer,2026-07-30
sm_dwarf_iron_axe_b,item_defs_absent_from_xml_export_20260729_025002_taom_modules_ship_almost_no_item_xml,aferrer,2026-07-30
sm_dwarf_iron_axe_c,item_defs_absent_from_xml_export_20260729_025002_taom_modules_ship_almost_no_item_xml,aferrer,2026-07-30
sm_dwarf_iron_axe_d,item_defs_absent_from_xml_export_20260729_025002_taom_modules_ship_almost_no_item_xml,aferrer,2026-07-30
sm_dwarf_iron_bolt_a,item_defs_absent_from_xml_export_20260729_025002_taom_modules_ship_almost_no_item_xml,aferrer,2026-07-30
sm_dwarf_iron_crossbow_heavy_a,item_defs_absent_from_xml_export_20260729_025002_taom_modules_ship_almost_no_item_xml,aferrer,2026-07-30
sm_dwarf_iron_crossbow_heavy_b,item_defs_absent_from_xml_export_20260729_025002_taom_modules_ship_almost_no_item_xml,aferrer,2026-07-30
sm_dwarf_iron_hammer_a,item_defs_absent_from_xml_export_20260729_025002_taom_modules_ship_almost_no_item_xml,aferrer,2026-07-30
sm_dwarf_iron_hammer_b,item_defs_absent_from_xml_export_20260729_025002_taom_modules_ship_almost_no_item_xml,aferrer,2026-07-30
sm_dwarf_iron_hammer_c,item_defs_absent_from_xml_export_20260729_025002_taom_modules_ship_almost_no_item_xml,aferrer,2026-07-30
sm_dwarf_iron_hammer_d,item_defs_absent_from_xml_export_20260729_025002_taom_modules_ship_almost_no_item_xml,aferrer,2026-07-30
sm_dwarf_iron_mattock_a,item_defs_absent_from_xml_export_20260729_025002_taom_modules_ship_almost_no_item_xml,aferrer,2026-07-30
sm_dwarf_iron_mattock_b,item_defs_absent_from_xml_export_20260729_025002_taom_modules_ship_almost_no_item_xml,aferrer,2026-07-30
sm_dwarf_iron_mattock_c,item_defs_absent_from_xml_export_20260729_025002_taom_modules_ship_almost_no_item_xml,aferrer,2026-07-30
sm_dwarf_iron_mattock_d,item_defs_absent_from_xml_export_20260729_025002_taom_modules_ship_almost_no_item_xml,aferrer,2026-07-30
sm_dwarf_iron_sword_a,item_defs_absent_from_xml_export_20260729_025002_taom_modules_ship_almost_no_item_xml,aferrer,2026-07-30
sm_dwarf_iron_sword_b,item_defs_absent_from_xml_export_20260729_025002_taom_modules_ship_almost_no_item_xml,aferrer,2026-07-30
sm_iron_shield_a,item_defs_absent_from_xml_export_20260729_025002_taom_modules_ship_almost_no_item_xml,aferrer,2026-07-30
sm_iron_shield_b,item_defs_absent_from_xml_export_20260729_025002_taom_modules_ship_almost_no_item_xml,aferrer,2026-07-30
sm_iron_shield_tower_a,item_defs_absent_from_xml_export_20260729_025002_taom_modules_ship_almost_no_item_xml,aferrer,2026-07-30
sm_iron_shield_tower_b,item_defs_absent_from_xml_export_20260729_025002_taom_modules_ship_almost_no_item_xml,aferrer,2026-07-30
sm_iron_shield_tower_c,item_defs_absent_from_xml_export_20260729_025002_taom_modules_ship_almost_no_item_xml,aferrer,2026-07-30
sm_iron_shield_tower_c_gold,item_defs_absent_from_xml_export_20260729_025002_taom_modules_ship_almost_no_item_xml,aferrer,2026-07-30
sm_mordor_shield_mid_a,item_defs_absent_from_xml_export_20260729_025002_taom_modules_ship_almost_no_item_xml,aferrer,2026-07-30
sm_mordor_shield_small_a,item_defs_absent_from_xml_export_20260729_025002_taom_modules_ship_almost_no_item_xml,aferrer,2026-07-30
sm_mordor_shield_small_b,item_defs_absent_from_xml_export_20260729_025002_taom_modules_ship_almost_no_item_xml,aferrer,2026-07-30
sm_mordor_shield_tower_a,item_defs_absent_from_xml_export_20260729_025002_taom_modules_ship_almost_no_item_xml,aferrer,2026-07-30
sm_mordor_shield_tower_b,item_defs_absent_from_xml_export_20260729_025002_taom_modules_ship_almost_no_item_xml,aferrer,2026-07-30
sm_mordor_shield_tower_c,item_defs_absent_from_xml_export_20260729_025002_taom_modules_ship_almost_no_item_xml,aferrer,2026-07-30
sm_rh_drag_1h_axe_a,item_defs_absent_from_xml_export_20260729_025002_taom_modules_ship_almost_no_item_xml,aferrer,2026-07-30
sm_rh_drag_1h_mace_a,item_defs_absent_from_xml_export_20260729_025002_taom_modules_ship_almost_no_item_xml,aferrer,2026-07-30
sm_rh_drag_1h_mace_b,item_defs_absent_from_xml_export_20260729_025002_taom_modules_ship_almost_no_item_xml,aferrer,2026-07-30
sm_rh_drag_2h_axe_a,item_defs_absent_from_xml_export_20260729_025002_taom_modules_ship_almost_no_item_xml,aferrer,2026-07-30
sm_rh_drag_2h_mace_a,item_defs_absent_from_xml_export_20260729_025002_taom_modules_ship_almost_no_item_xml,aferrer,2026-07-30
sm_rh_drag_2h_mace_b,item_defs_absent_from_xml_export_20260729_025002_taom_modules_ship_almost_no_item_xml,aferrer,2026-07-30
sm_rh_drag_longbow_a,item_defs_absent_from_xml_export_20260729_025002_taom_modules_ship_almost_no_item_xml,aferrer,2026-07-30
sm_rh_drag_shield_cav_heavy_a,item_defs_absent_from_xml_export_20260729_025002_taom_modules_ship_almost_no_item_xml,aferrer,2026-07-30
sm_rh_drag_shield_cav_med_a,item_defs_absent_from_xml_export_20260729_025002_taom_modules_ship_almost_no_item_xml,aferrer,2026-07-30
sm_rh_drag_shield_cav_med_b,item_defs_absent_from_xml_export_20260729_025002_taom_modules_ship_almost_no_item_xml,aferrer,2026-07-30
sm_rh_drag_shield_heavy_a,item_defs_absent_from_xml_export_20260729_025002_taom_modules_ship_almost_no_item_xml,aferrer,2026-07-30
sm_rh_drag_shield_heavy_b,item_defs_absent_from_xml_export_20260729_025002_taom_modules_ship_almost_no_item_xml,aferrer,2026-07-30
sm_rh_drag_shield_med_a,item_defs_absent_from_xml_export_20260729_025002_taom_modules_ship_almost_no_item_xml,aferrer,2026-07-30
sm_rh_drag_shield_med_b,item_defs_absent_from_xml_export_20260729_025002_taom_modules_ship_almost_no_item_xml,aferrer,2026-07-30
sm_rh_drag_shield_tower_heavy_a,item_defs_absent_from_xml_export_20260729_025002_taom_modules_ship_almost_no_item_xml,aferrer,2026-07-30
sm_rh_drag_shield_tower_med_a,item_defs_absent_from_xml_export_20260729_025002_taom_modules_ship_almost_no_item_xml,aferrer,2026-07-30
sm_rh_drag_spear_a,item_defs_absent_from_xml_export_20260729_025002_taom_modules_ship_almost_no_item_xml,aferrer,2026-07-30
sm_rh_loke_1h_axe_a,item_defs_absent_from_xml_export_20260729_025002_taom_modules_ship_almost_no_item_xml,aferrer,2026-07-30
sm_rh_loke_1h_axe_b,item_defs_absent_from_xml_export_20260729_025002_taom_modules_ship_almost_no_item_xml,aferrer,2026-07-30
sm_rh_loke_1h_mace_a,item_defs_absent_from_xml_export_20260729_025002_taom_modules_ship_almost_no_item_xml,aferrer,2026-07-30
sm_rh_loke_1h_mace_b,item_defs_absent_from_xml_export_20260729_025002_taom_modules_ship_almost_no_item_xml,aferrer,2026-07-30
sm_rh_loke_1h_sword_a,item_defs_absent_from_xml_export_20260729_025002_taom_modules_ship_almost_no_item_xml,aferrer,2026-07-30
sm_rh_loke_1h_sword_b,item_defs_absent_from_xml_export_20260729_025002_taom_modules_ship_almost_no_item_xml,aferrer,2026-07-30
sm_rh_loke_2h_mace_a,item_defs_absent_from_xml_export_20260729_025002_taom_modules_ship_almost_no_item_xml,aferrer,2026-07-30
sm_rh_loke_2h_mace_b,item_defs_absent_from_xml_export_20260729_025002_taom_modules_ship_almost_no_item_xml,aferrer,2026-07-30
sm_rh_loke_longbow_a,item_defs_absent_from_xml_export_20260729_025002_taom_modules_ship_almost_no_item_xml,aferrer,2026-07-30
sm_rh_loke_shield_cav_heavy_a,item_defs_absent_from_xml_export_20260729_025002_taom_modules_ship_almost_no_item_xml,aferrer,2026-07-30
sm_rh_loke_shield_cav_med_a,item_defs_absent_from_xml_export_20260729_025002_taom_modules_ship_almost_no_item_xml,aferrer,2026-07-30
sm_rh_loke_shield_heavy_a,item_defs_absent_from_xml_export_20260729_025002_taom_modules_ship_almost_no_item_xml,aferrer,2026-07-30
sm_rh_loke_shield_heavy_b,item_defs_absent_from_xml_export_20260729_025002_taom_modules_ship_almost_no_item_xml,aferrer,2026-07-30
sm_rh_loke_shield_heavy_c,item_defs_absent_from_xml_export_20260729_025002_taom_modules_ship_almost_no_item_xml,aferrer,2026-07-30
sm_rh_loke_shield_heavy_d,item_defs_absent_from_xml_export_20260729_025002_taom_modules_ship_almost_no_item_xml,aferrer,2026-07-30
sm_rh_loke_shield_med_a,item_defs_absent_from_xml_export_20260729_025002_taom_modules_ship_almost_no_item_xml,aferrer,2026-07-30
sm_rh_loke_spear_a,item_defs_absent_from_xml_export_20260729_025002_taom_modules_ship_almost_no_item_xml,aferrer,2026-07-30
sm_uruk_bow_a,item_defs_absent_from_xml_export_20260729_025002_taom_modules_ship_almost_no_item_xml,aferrer,2026-07-30
sm_uruk_bow_starter,item_defs_absent_from_xml_export_20260729_025002_taom_modules_ship_almost_no_item_xml,aferrer,2026-07-30
sm_uruk_halberd_a,item_defs_absent_from_xml_export_20260729_025002_taom_modules_ship_almost_no_item_xml,aferrer,2026-07-30
sm_uruk_halberd_b,item_defs_absent_from_xml_export_20260729_025002_taom_modules_ship_almost_no_item_xml,aferrer,2026-07-30
sm_uruk_sword_a,item_defs_absent_from_xml_export_20260729_025002_taom_modules_ship_almost_no_item_xml,aferrer,2026-07-30
sm_uruk_sword_b,item_defs_absent_from_xml_export_20260729_025002_taom_modules_ship_almost_no_item_xml,aferrer,2026-07-30
sm_uruk_sword_c,item_defs_absent_from_xml_export_20260729_025002_taom_modules_ship_almost_no_item_xml,aferrer,2026-07-30
sm_uruk_sword_d,item_defs_absent_from_xml_export_20260729_025002_taom_modules_ship_almost_no_item_xml,aferrer,2026-07-30
sm_uruk_sword_e,item_defs_absent_from_xml_export_20260729_025002_taom_modules_ship_almost_no_item_xml,aferrer,2026-07-30
sm_uruk_sword_f,item_defs_absent_from_xml_export_20260729_025002_taom_modules_ship_almost_no_item_xml,aferrer,2026-07-30
sm_uruk_sword_g,item_defs_absent_from_xml_export_20260729_025002_taom_modules_ship_almost_no_item_xml,aferrer,2026-07-30
sm_uruk_sword_i,item_defs_absent_from_xml_export_20260729_025002_taom_modules_ship_almost_no_item_xml,aferrer,2026-07-30
spider_mount_a,item_defs_absent_from_xml_export_20260729_025002_taom_modules_ship_almost_no_item_xml,aferrer,2026-07-30
taom_chariot_a,item_defs_absent_from_xml_export_20260729_025002_taom_modules_ship_almost_no_item_xml,aferrer,2026-07-30
taom_chariot_armour_rhun,item_defs_absent_from_xml_export_20260729_025002_taom_modules_ship_almost_no_item_xml,aferrer,2026-07-30
taom_mumakil,item_defs_absent_from_xml_export_20260729_025002_taom_modules_ship_almost_no_item_xml,aferrer,2026-07-30
taom_war_elephant,item_defs_absent_from_xml_export_20260729_025002_taom_modules_ship_almost_no_item_xml,aferrer,2026-07-30
theoden_boots,item_defs_absent_from_xml_export_20260729_025002_taom_modules_ship_almost_no_item_xml,aferrer,2026-07-30
theoden_glove,item_defs_absent_from_xml_export_20260729_025002_taom_modules_ship_almost_no_item_xml,aferrer,2026-07-30
theodred_armour,item_defs_absent_from_xml_export_20260729_025002_taom_modules_ship_almost_no_item_xml,aferrer,2026-07-30
theodred_helmet,item_defs_absent_from_xml_export_20260729_025002_taom_modules_ship_almost_no_item_xml,aferrer,2026-07-30
urukscout_body,item_defs_absent_from_xml_export_20260729_025002_taom_modules_ship_almost_no_item_xml,aferrer,2026-07-30
urukscout_boots,item_defs_absent_from_xml_export_20260729_025002_taom_modules_ship_almost_no_item_xml,aferrer,2026-07-30
urukscout_gloves,item_defs_absent_from_xml_export_20260729_025002_taom_modules_ship_almost_no_item_xml,aferrer,2026-07-30
urukscout_helmet,item_defs_absent_from_xml_export_20260729_025002_taom_modules_ship_almost_no_item_xml,aferrer,2026-07-30
whiterun_helm,item_defs_absent_from_xml_export_20260729_025002_taom_modules_ship_almost_no_item_xml,aferrer,2026-07-30
wm_cave_troll_1h_mace_a,item_defs_absent_from_xml_export_20260729_025002_taom_modules_ship_almost_no_item_xml,aferrer,2026-07-30
wm_cave_troll_1h_mace_b,item_defs_absent_from_xml_export_20260729_025002_taom_modules_ship_almost_no_item_xml,aferrer,2026-07-30
wm_cave_troll_1h_mace_c,item_defs_absent_from_xml_export_20260729_025002_taom_modules_ship_almost_no_item_xml,aferrer,2026-07-30
wm_cave_troll_2h_mace_a,item_defs_absent_from_xml_export_20260729_025002_taom_modules_ship_almost_no_item_xml,aferrer,2026-07-30
wm_cave_troll_shield_a01,item_defs_absent_from_xml_export_20260729_025002_taom_modules_ship_almost_no_item_xml,aferrer,2026-07-30
wm_cave_troll_spear_a,item_defs_absent_from_xml_export_20260729_025002_taom_modules_ship_almost_no_item_xml,aferrer,2026-07-30
wm_dale_shield_a01,item_defs_absent_from_xml_export_20260729_025002_taom_modules_ship_almost_no_item_xml,aferrer,2026-07-30
wm_dale_shield_a02,item_defs_absent_from_xml_export_20260729_025002_taom_modules_ship_almost_no_item_xml,aferrer,2026-07-30
wm_dale_shield_a03,item_defs_absent_from_xml_export_20260729_025002_taom_modules_ship_almost_no_item_xml,aferrer,2026-07-30
wm_dale_shield_a04,item_defs_absent_from_xml_export_20260729_025002_taom_modules_ship_almost_no_item_xml,aferrer,2026-07-30
wm_dale_shield_a05,item_defs_absent_from_xml_export_20260729_025002_taom_modules_ship_almost_no_item_xml,aferrer,2026-07-30
wm_dale_shield_a06,item_defs_absent_from_xml_export_20260729_025002_taom_modules_ship_almost_no_item_xml,aferrer,2026-07-30
wm_dale_shield_a07,item_defs_absent_from_xml_export_20260729_025002_taom_modules_ship_almost_no_item_xml,aferrer,2026-07-30
wm_dale_shield_a08,item_defs_absent_from_xml_export_20260729_025002_taom_modules_ship_almost_no_item_xml,aferrer,2026-07-30
wm_dale_shield_a09,item_defs_absent_from_xml_export_20260729_025002_taom_modules_ship_almost_no_item_xml,aferrer,2026-07-30
wm_dale_shield_b01,item_defs_absent_from_xml_export_20260729_025002_taom_modules_ship_almost_no_item_xml,aferrer,2026-07-30
wm_dale_shield_b02,item_defs_absent_from_xml_export_20260729_025002_taom_modules_ship_almost_no_item_xml,aferrer,2026-07-30
wm_dale_shield_b03,item_defs_absent_from_xml_export_20260729_025002_taom_modules_ship_almost_no_item_xml,aferrer,2026-07-30
wm_dol_goldur_1h_mace_a01,item_defs_absent_from_xml_export_20260729_025002_taom_modules_ship_almost_no_item_xml,aferrer,2026-07-30
wm_dol_goldur_1h_mace_a02,item_defs_absent_from_xml_export_20260729_025002_taom_modules_ship_almost_no_item_xml,aferrer,2026-07-30
wm_dol_goldur_1h_mace_a03,item_defs_absent_from_xml_export_20260729_025002_taom_modules_ship_almost_no_item_xml,aferrer,2026-07-30
wm_dol_goldur_1h_sword_a01,item_defs_absent_from_xml_export_20260729_025002_taom_modules_ship_almost_no_item_xml,aferrer,2026-07-30
wm_dol_goldur_1h_sword_a02,item_defs_absent_from_xml_export_20260729_025002_taom_modules_ship_almost_no_item_xml,aferrer,2026-07-30
wm_dol_goldur_1h_sword_a03,item_defs_absent_from_xml_export_20260729_025002_taom_modules_ship_almost_no_item_xml,aferrer,2026-07-30
wm_dol_goldur_2h_mace_a01,item_defs_absent_from_xml_export_20260729_025002_taom_modules_ship_almost_no_item_xml,aferrer,2026-07-30
wm_dol_goldur_2h_mace_a02,item_defs_absent_from_xml_export_20260729_025002_taom_modules_ship_almost_no_item_xml,aferrer,2026-07-30
wm_dol_goldur_2h_mace_a03,item_defs_absent_from_xml_export_20260729_025002_taom_modules_ship_almost_no_item_xml,aferrer,2026-07-30
wm_dol_goldur_2h_mace_a04,item_defs_absent_from_xml_export_20260729_025002_taom_modules_ship_almost_no_item_xml,aferrer,2026-07-30
wm_dol_goldur_axe_a01,item_defs_absent_from_xml_export_20260729_025002_taom_modules_ship_almost_no_item_xml,aferrer,2026-07-30
wm_dol_goldur_axe_a03,item_defs_absent_from_xml_export_20260729_025002_taom_modules_ship_almost_no_item_xml,aferrer,2026-07-30
wm_dol_goldur_axe_a04,item_defs_absent_from_xml_export_20260729_025002_taom_modules_ship_almost_no_item_xml,aferrer,2026-07-30
wm_dol_goldur_halberd_a01,item_defs_absent_from_xml_export_20260729_025002_taom_modules_ship_almost_no_item_xml,aferrer,2026-07-30
wm_dol_goldur_halberd_a02,item_defs_absent_from_xml_export_20260729_025002_taom_modules_ship_almost_no_item_xml,aferrer,2026-07-30
wm_dol_goldur_halberd_a03,item_defs_absent_from_xml_export_20260729_025002_taom_modules_ship_almost_no_item_xml,aferrer,2026-07-30
wm_dol_goldur_halberd_a04,item_defs_absent_from_xml_export_20260729_025002_taom_modules_ship_almost_no_item_xml,aferrer,2026-07-30
wm_dol_goldur_halberd_a05,item_defs_absent_from_xml_export_20260729_025002_taom_modules_ship_almost_no_item_xml,aferrer,2026-07-30
wm_elven_arrow_q1v2,item_defs_absent_from_xml_export_20260729_025002_taom_modules_ship_almost_no_item_xml,aferrer,2026-07-30
wm_elven_arrow_q1v3,item_defs_absent_from_xml_export_20260729_025002_taom_modules_ship_almost_no_item_xml,aferrer,2026-07-30
wm_elven_arrow_q1v4,item_defs_absent_from_xml_export_20260729_025002_taom_modules_ship_almost_no_item_xml,aferrer,2026-07-30
wm_elven_arrow_q2v2,item_defs_absent_from_xml_export_20260729_025002_taom_modules_ship_almost_no_item_xml,aferrer,2026-07-30
wm_elven_arrow_q2v3,item_defs_absent_from_xml_export_20260729_025002_taom_modules_ship_almost_no_item_xml,aferrer,2026-07-30
wm_elven_arrow_q2v4,item_defs_absent_from_xml_export_20260729_025002_taom_modules_ship_almost_no_item_xml,aferrer,2026-07-30
wm_elven_arrow_q3v2,item_defs_absent_from_xml_export_20260729_025002_taom_modules_ship_almost_no_item_xml,aferrer,2026-07-30
wm_elven_arrow_q3v3,item_defs_absent_from_xml_export_20260729_025002_taom_modules_ship_almost_no_item_xml,aferrer,2026-07-30
wm_elven_arrow_q3v4,item_defs_absent_from_xml_export_20260729_025002_taom_modules_ship_almost_no_item_xml,aferrer,2026-07-30
wm_elven_arrow_q4v2,item_defs_absent_from_xml_export_20260729_025002_taom_modules_ship_almost_no_item_xml,aferrer,2026-07-30
wm_elven_arrow_q4v3,item_defs_absent_from_xml_export_20260729_025002_taom_modules_ship_almost_no_item_xml,aferrer,2026-07-30
wm_elven_arrow_q4v4,item_defs_absent_from_xml_export_20260729_025002_taom_modules_ship_almost_no_item_xml,aferrer,2026-07-30
wm_elven_arrow_v1_a,item_defs_absent_from_xml_export_20260729_025002_taom_modules_ship_almost_no_item_xml,aferrer,2026-07-30
wm_elven_arrow_v1_b,item_defs_absent_from_xml_export_20260729_025002_taom_modules_ship_almost_no_item_xml,aferrer,2026-07-30
wm_elven_arrow_v1_c,item_defs_absent_from_xml_export_20260729_025002_taom_modules_ship_almost_no_item_xml,aferrer,2026-07-30
wm_elven_arrow_v1_d,item_defs_absent_from_xml_export_20260729_025002_taom_modules_ship_almost_no_item_xml,aferrer,2026-07-30
wm_elven_arrow_v2_a,item_defs_absent_from_xml_export_20260729_025002_taom_modules_ship_almost_no_item_xml,aferrer,2026-07-30
wm_elven_arrow_v2_b,item_defs_absent_from_xml_export_20260729_025002_taom_modules_ship_almost_no_item_xml,aferrer,2026-07-30
wm_elven_arrow_v3_a,item_defs_absent_from_xml_export_20260729_025002_taom_modules_ship_almost_no_item_xml,aferrer,2026-07-30
wm_elven_arrow_v4_a,item_defs_absent_from_xml_export_20260729_025002_taom_modules_ship_almost_no_item_xml,aferrer,2026-07-30
wm_elven_shield_a,item_defs_absent_from_xml_export_20260729_025002_taom_modules_ship_almost_no_item_xml,aferrer,2026-07-30
wm_elven_shield_b,item_defs_absent_from_xml_export_20260729_025002_taom_modules_ship_almost_no_item_xml,aferrer,2026-07-30
wm_gf_knight_broadsword,item_defs_absent_from_xml_export_20260729_025002_taom_modules_ship_almost_no_item_xml,aferrer,2026-07-30
wm_gf_knight_longsword,item_defs_absent_from_xml_export_20260729_025002_taom_modules_ship_almost_no_item_xml,aferrer,2026-07-30
wm_gf_knight_shield,item_defs_absent_from_xml_export_20260729_025002_taom_modules_ship_almost_no_item_xml,aferrer,2026-07-30
wm_gf_knight_shield_cloth,item_defs_absent_from_xml_export_20260729_025002_taom_modules_ship_almost_no_item_xml,aferrer,2026-07-30
wm_gf_knight_spear,item_defs_absent_from_xml_export_20260729_025002_taom_modules_ship_almost_no_item_xml,aferrer,2026-07-30
wm_gondor_boromir_sword,item_defs_absent_from_xml_export_20260729_025002_taom_modules_ship_almost_no_item_xml,aferrer,2026-07-30
wm_gondor_bow,item_defs_absent_from_xml_export_20260729_025002_taom_modules_ship_almost_no_item_xml,aferrer,2026-07-30
wm_gondor_gondorknight_speara,item_defs_absent_from_xml_export_20260729_025002_taom_modules_ship_almost_no_item_xml,aferrer,2026-07-30
wm_gondor_gondorknight_spearb,item_defs_absent_from_xml_export_20260729_025002_taom_modules_ship_almost_no_item_xml,aferrer,2026-07-30
wm_gondor_lamedon_1h_sword_a,item_defs_absent_from_xml_export_20260729_025002_taom_modules_ship_almost_no_item_xml,aferrer,2026-07-30
wm_gondor_lamedon_2h_sword_a,item_defs_absent_from_xml_export_20260729_025002_taom_modules_ship_almost_no_item_xml,aferrer,2026-07-30
wm_gondor_lamedon_2h_sword_b,item_defs_absent_from_xml_export_20260729_025002_taom_modules_ship_almost_no_item_xml,aferrer,2026-07-30
wm_gondor_lamedon_2h_sword_c,item_defs_absent_from_xml_export_20260729_025002_taom_modules_ship_almost_no_item_xml,aferrer,2026-07-30
wm_gondor_lamedon_2h_sword_d,item_defs_absent_from_xml_export_20260729_025002_taom_modules_ship_almost_no_item_xml,aferrer,2026-07-30
wm_gondor_lamedon_2h_sword_e,item_defs_absent_from_xml_export_20260729_025002_taom_modules_ship_almost_no_item_xml,aferrer,2026-07-30
wm_gondor_lossarnach_1h_axe_a,item_defs_absent_from_xml_export_20260729_025002_taom_modules_ship_almost_no_item_xml,aferrer,2026-07-30
wm_gondor_lossarnach_1h_axe_b,item_defs_absent_from_xml_export_20260729_025002_taom_modules_ship_almost_no_item_xml,aferrer,2026-07-30
wm_gondor_lossarnach_1h_axe_black_ash_a,item_defs_absent_from_xml_export_20260729_025002_taom_modules_ship_almost_no_item_xml,aferrer,2026-07-30
wm_gondor_lossarnach_1h_axe_silver_a,item_defs_absent_from_xml_export_20260729_025002_taom_modules_ship_almost_no_item_xml,aferrer,2026-07-30
wm_gondor_lossarnach_1h_axe_silver_b,item_defs_absent_from_xml_export_20260729_025002_taom_modules_ship_almost_no_item_xml,aferrer,2026-07-30
wm_gondor_lossarnach_1h_axe_silver_full_a,item_defs_absent_from_xml_export_20260729_025002_taom_modules_ship_almost_no_item_xml,aferrer,2026-07-30
wm_gondor_lossarnach_2h_axe_a,item_defs_absent_from_xml_export_20260729_025002_taom_modules_ship_almost_no_item_xml,aferrer,2026-07-30
wm_gondor_lossarnach_2h_axe_b,item_defs_absent_from_xml_export_20260729_025002_taom_modules_ship_almost_no_item_xml,aferrer,2026-07-30
wm_gondor_lossarnach_2h_axe_black_ash_a,item_defs_absent_from_xml_export_20260729_025002_taom_modules_ship_almost_no_item_xml,aferrer,2026-07-30
wm_gondor_lossarnach_2h_axe_silver_a,item_defs_absent_from_xml_export_20260729_025002_taom_modules_ship_almost_no_item_xml,aferrer,2026-07-30
wm_gondor_lossarnach_2h_axe_silver_b,item_defs_absent_from_xml_export_20260729_025002_taom_modules_ship_almost_no_item_xml,aferrer,2026-07-30
wm_gondor_lossarnach_2h_axe_silver_full_a,item_defs_absent_from_xml_export_20260729_025002_taom_modules_ship_almost_no_item_xml,aferrer,2026-07-30
wm_gondor_pg_speara,item_defs_absent_from_xml_export_20260729_025002_taom_modules_ship_almost_no_item_xml,aferrer,2026-07-30
wm_gondor_pg_spearb,item_defs_absent_from_xml_export_20260729_025002_taom_modules_ship_almost_no_item_xml,aferrer,2026-07-30
wm_gondor_shield_a02,item_defs_absent_from_xml_export_20260729_025002_taom_modules_ship_almost_no_item_xml,aferrer,2026-07-30
wm_gondor_shield_a_cair_andros,item_defs_absent_from_xml_export_20260729_025002_taom_modules_ship_almost_no_item_xml,aferrer,2026-07-30
wm_gondor_shield_a_minas_ithil,item_defs_absent_from_xml_export_20260729_025002_taom_modules_ship_almost_no_item_xml,aferrer,2026-07-30
wm_gondor_shield_d_new_minas_ithil,item_defs_absent_from_xml_export_20260729_025002_taom_modules_ship_almost_no_item_xml,aferrer,2026-07-30
wm_gondor_spear,item_defs_absent_from_xml_export_20260729_025002_taom_modules_ship_almost_no_item_xml,aferrer,2026-07-30
wm_gondor_spear_a,item_defs_absent_from_xml_export_20260729_025002_taom_modules_ship_almost_no_item_xml,aferrer,2026-07-30
wm_gondor_spear_b,item_defs_absent_from_xml_export_20260729_025002_taom_modules_ship_almost_no_item_xml,aferrer,2026-07-30
wm_gondor_swanknight_speara,item_defs_absent_from_xml_export_20260729_025002_taom_modules_ship_almost_no_item_xml,aferrer,2026-07-30
wm_gondor_swanknight_spearb,item_defs_absent_from_xml_export_20260729_025002_taom_modules_ship_almost_no_item_xml,aferrer,2026-07-30
wm_gondor_sword_a01,item_defs_absent_from_xml_export_20260729_025002_taom_modules_ship_almost_no_item_xml,aferrer,2026-07-30
wm_gondor_sword_a02,item_defs_absent_from_xml_export_20260729_025002_taom_modules_ship_almost_no_item_xml,aferrer,2026-07-30
wm_gondor_sword_a03,item_defs_absent_from_xml_export_20260729_025002_taom_modules_ship_almost_no_item_xml,aferrer,2026-07-30
wm_gondor_sword_a04,item_defs_absent_from_xml_export_20260729_025002_taom_modules_ship_almost_no_item_xml,aferrer,2026-07-30
wm_gondor_sword_a05,item_defs_absent_from_xml_export_20260729_025002_taom_modules_ship_almost_no_item_xml,aferrer,2026-07-30
wm_gondor_sword_a06,item_defs_absent_from_xml_export_20260729_025002_taom_modules_ship_almost_no_item_xml,aferrer,2026-07-30
wm_gondor_sword_a07,item_defs_absent_from_xml_export_20260729_025002_taom_modules_ship_almost_no_item_xml,aferrer,2026-07-30
wm_gondor_sword_a08,item_defs_absent_from_xml_export_20260729_025002_taom_modules_ship_almost_no_item_xml,aferrer,2026-07-30
wm_gondor_sword_a09,item_defs_absent_from_xml_export_20260729_025002_taom_modules_ship_almost_no_item_xml,aferrer,2026-07-30
wm_gondor_sword_a10,item_defs_absent_from_xml_export_20260729_025002_taom_modules_ship_almost_no_item_xml,aferrer,2026-07-30
wm_gundabad_axe_a01,item_defs_absent_from_xml_export_20260729_025002_taom_modules_ship_almost_no_item_xml,aferrer,2026-07-30
wm_gundabad_axe_a02,item_defs_absent_from_xml_export_20260729_025002_taom_modules_ship_almost_no_item_xml,aferrer,2026-07-30
wm_gundabad_axe_a03,item_defs_absent_from_xml_export_20260729_025002_taom_modules_ship_almost_no_item_xml,aferrer,2026-07-30
wm_gundabad_javelin_a01,item_defs_absent_from_xml_export_20260729_025002_taom_modules_ship_almost_no_item_xml,aferrer,2026-07-30
wm_gundabad_javelin_a02,item_defs_absent_from_xml_export_20260729_025002_taom_modules_ship_almost_no_item_xml,aferrer,2026-07-30
wm_gundabad_mace_a01,item_defs_absent_from_xml_export_20260729_025002_taom_modules_ship_almost_no_item_xml,aferrer,2026-07-30
wm_gundabad_mace_a02,item_defs_absent_from_xml_export_20260729_025002_taom_modules_ship_almost_no_item_xml,aferrer,2026-07-30
wm_gundabad_mace_b01,item_defs_absent_from_xml_export_20260729_025002_taom_modules_ship_almost_no_item_xml,aferrer,2026-07-30
wm_gundabad_shield_a01,item_defs_absent_from_xml_export_20260729_025002_taom_modules_ship_almost_no_item_xml,aferrer,2026-07-30
wm_gundabad_shield_a02,item_defs_absent_from_xml_export_20260729_025002_taom_modules_ship_almost_no_item_xml,aferrer,2026-07-30
wm_gundabad_shield_a03,item_defs_absent_from_xml_export_20260729_025002_taom_modules_ship_almost_no_item_xml,aferrer,2026-07-30
wm_gundabad_spear_a01,item_defs_absent_from_xml_export_20260729_025002_taom_modules_ship_almost_no_item_xml,aferrer,2026-07-30
wm_gundabad_spear_a02,item_defs_absent_from_xml_export_20260729_025002_taom_modules_ship_almost_no_item_xml,aferrer,2026-07-30
wm_gundabad_spear_a03,item_defs_absent_from_xml_export_20260729_025002_taom_modules_ship_almost_no_item_xml,aferrer,2026-07-30
wm_gundabad_sword_a01,item_defs_absent_from_xml_export_20260729_025002_taom_modules_ship_almost_no_item_xml,aferrer,2026-07-30
wm_gundabad_sword_a02,item_defs_absent_from_xml_export_20260729_025002_taom_modules_ship_almost_no_item_xml,aferrer,2026-07-30
wm_gundabad_sword_a03,item_defs_absent_from_xml_export_20260729_025002_taom_modules_ship_almost_no_item_xml,aferrer,2026-07-30
wm_gundabad_sword_a04,item_defs_absent_from_xml_export_20260729_025002_taom_modules_ship_almost_no_item_xml,aferrer,2026-07-30
wm_harad_glaive_a01,item_defs_absent_from_xml_export_20260729_025002_taom_modules_ship_almost_no_item_xml,aferrer,2026-07-30
wm_isengard_arrow_a01,item_defs_absent_from_xml_export_20260729_025002_taom_modules_ship_almost_no_item_xml,aferrer,2026-07-30
wm_isengard_bolt_a01,item_defs_absent_from_xml_export_20260729_025002_taom_modules_ship_almost_no_item_xml,aferrer,2026-07-30
wm_isengard_bow_a01,item_defs_absent_from_xml_export_20260729_025002_taom_modules_ship_almost_no_item_xml,aferrer,2026-07-30
wm_isengard_bow_a02,item_defs_absent_from_xml_export_20260729_025002_taom_modules_ship_almost_no_item_xml,aferrer,2026-07-30
wm_isengard_crossbow_a01,item_defs_absent_from_xml_export_20260729_025002_taom_modules_ship_almost_no_item_xml,aferrer,2026-07-30
wm_isengard_shield_a01,item_defs_absent_from_xml_export_20260729_025002_taom_modules_ship_almost_no_item_xml,aferrer,2026-07-30
wm_isengard_shield_a02,item_defs_absent_from_xml_export_20260729_025002_taom_modules_ship_almost_no_item_xml,aferrer,2026-07-30
wm_isengard_shield_a03,item_defs_absent_from_xml_export_20260729_025002_taom_modules_ship_almost_no_item_xml,aferrer,2026-07-30
wm_isengard_shield_a04,item_defs_absent_from_xml_export_20260729_025002_taom_modules_ship_almost_no_item_xml,aferrer,2026-07-30
wm_isengard_shield_c01,item_defs_absent_from_xml_export_20260729_025002_taom_modules_ship_almost_no_item_xml,aferrer,2026-07-30
wm_isengard_shield_c02,item_defs_absent_from_xml_export_20260729_025002_taom_modules_ship_almost_no_item_xml,aferrer,2026-07-30
wm_ithilien_bow,item_defs_absent_from_xml_export_20260729_025002_taom_modules_ship_almost_no_item_xml,aferrer,2026-07-30
wm_ithilien_bow_b,item_defs_absent_from_xml_export_20260729_025002_taom_modules_ship_almost_no_item_xml,aferrer,2026-07-30
wm_ithilien_bow_c,item_defs_absent_from_xml_export_20260729_025002_taom_modules_ship_almost_no_item_xml,aferrer,2026-07-30
wm_mirkwood_arrow_a01,item_defs_absent_from_xml_export_20260729_025002_taom_modules_ship_almost_no_item_xml,aferrer,2026-07-30
wm_mirkwood_arrow_a02,item_defs_absent_from_xml_export_20260729_025002_taom_modules_ship_almost_no_item_xml,aferrer,2026-07-30
wm_mirkwood_arrow_a03,item_defs_absent_from_xml_export_20260729_025002_taom_modules_ship_almost_no_item_xml,aferrer,2026-07-30
wm_mirkwood_bow_a01,item_defs_absent_from_xml_export_20260729_025002_taom_modules_ship_almost_no_item_xml,aferrer,2026-07-30
wm_mirkwood_bow_a02,item_defs_absent_from_xml_export_20260729_025002_taom_modules_ship_almost_no_item_xml,aferrer,2026-07-30
wm_mirkwood_bow_a03,item_defs_absent_from_xml_export_20260729_025002_taom_modules_ship_almost_no_item_xml,aferrer,2026-07-30
wm_mirkwood_shield_a01,item_defs_absent_from_xml_export_20260729_025002_taom_modules_ship_almost_no_item_xml,aferrer,2026-07-30
wm_mirkwood_shield_a02,item_defs_absent_from_xml_export_20260729_025002_taom_modules_ship_almost_no_item_xml,aferrer,2026-07-30
wm_mirkwood_shield_a03,item_defs_absent_from_xml_export_20260729_025002_taom_modules_ship_almost_no_item_xml,aferrer,2026-07-30
wm_mordor_set1_axe_a01,item_defs_absent_from_xml_export_20260729_025002_taom_modules_ship_almost_no_item_xml,aferrer,2026-07-30
wm_mordor_set1_axe_a02,item_defs_absent_from_xml_export_20260729_025002_taom_modules_ship_almost_no_item_xml,aferrer,2026-07-30
wm_mordor_set1_mace_a01,item_defs_absent_from_xml_export_20260729_025002_taom_modules_ship_almost_no_item_xml,aferrer,2026-07-30
wm_mordor_set1_polearm_a01,item_defs_absent_from_xml_export_20260729_025002_taom_modules_ship_almost_no_item_xml,aferrer,2026-07-30
wm_mordor_set1_polearm_a02,item_defs_absent_from_xml_export_20260729_025002_taom_modules_ship_almost_no_item_xml,aferrer,2026-07-30
wm_mordor_set1_polearm_a03,item_defs_absent_from_xml_export_20260729_025002_taom_modules_ship_almost_no_item_xml,aferrer,2026-07-30
wm_mordor_set1_polearm_a04,item_defs_absent_from_xml_export_20260729_025002_taom_modules_ship_almost_no_item_xml,aferrer,2026-07-30
wm_mordor_set1_sword_a01,item_defs_absent_from_xml_export_20260729_025002_taom_modules_ship_almost_no_item_xml,aferrer,2026-07-30
wm_mordor_set1_sword_a02,item_defs_absent_from_xml_export_20260729_025002_taom_modules_ship_almost_no_item_xml,aferrer,2026-07-30
wm_pelargir_sword_a01,item_defs_absent_from_xml_export_20260729_025002_taom_modules_ship_almost_no_item_xml,aferrer,2026-07-30
wm_pelargir_sword_a02,item_defs_absent_from_xml_export_20260729_025002_taom_modules_ship_almost_no_item_xml,aferrer,2026-07-30
wm_rivendell_shield_a02,item_defs_absent_from_xml_export_20260729_025002_taom_modules_ship_almost_no_item_xml,aferrer,2026-07-30
wm_rivendell_shield_a02_silver,item_defs_absent_from_xml_export_20260729_025002_taom_modules_ship_almost_no_item_xml,aferrer,2026-07-30
wm_rivendell_spear_a01,item_defs_absent_from_xml_export_20260729_025002_taom_modules_ship_almost_no_item_xml,aferrer,2026-07-30
wm_rivendell_spear_a01_silver,item_defs_absent_from_xml_export_20260729_025002_taom_modules_ship_almost_no_item_xml,aferrer,2026-07-30
wm_rivendell_sword_a01,item_defs_absent_from_xml_export_20260729_025002_taom_modules_ship_almost_no_item_xml,aferrer,2026-07-30
wm_rivendell_sword_a01_black,item_defs_absent_from_xml_export_20260729_025002_taom_modules_ship_almost_no_item_xml,aferrer,2026-07-30
wm_rivendell_sword_a01_silver,item_defs_absent_from_xml_export_20260729_025002_taom_modules_ship_almost_no_item_xml,aferrer,2026-07-30
wm_rivendell_sword_a02,item_defs_absent_from_xml_export_20260729_025002_taom_modules_ship_almost_no_item_xml,aferrer,2026-07-30
wm_rivendell_sword_a02_black,item_defs_absent_from_xml_export_20260729_025002_taom_modules_ship_almost_no_item_xml,aferrer,2026-07-30
wm_rivendell_sword_a02_silver,item_defs_absent_from_xml_export_20260729_025002_taom_modules_ship_almost_no_item_xml,aferrer,2026-07-30
wm_rohan_shield_a01_gbg,item_defs_absent_from_xml_export_20260729_025002_taom_modules_ship_almost_no_item_xml,aferrer,2026-07-30
wm_rohan_shield_a01_gbw,item_defs_absent_from_xml_export_20260729_025002_taom_modules_ship_almost_no_item_xml,aferrer,2026-07-30
wm_rohan_shield_a01_ggg,item_defs_absent_from_xml_export_20260729_025002_taom_modules_ship_almost_no_item_xml,aferrer,2026-07-30
wm_rohan_shield_a01_ggw,item_defs_absent_from_xml_export_20260729_025002_taom_modules_ship_almost_no_item_xml,aferrer,2026-07-30
wm_rohan_shield_a01_gsg,item_defs_absent_from_xml_export_20260729_025002_taom_modules_ship_almost_no_item_xml,aferrer,2026-07-30
wm_rohan_shield_a01_gsw,item_defs_absent_from_xml_export_20260729_025002_taom_modules_ship_almost_no_item_xml,aferrer,2026-07-30
wm_rohan_shield_a01_rbg,item_defs_absent_from_xml_export_20260729_025002_taom_modules_ship_almost_no_item_xml,aferrer,2026-07-30
wm_rohan_shield_a01_rbw,item_defs_absent_from_xml_export_20260729_025002_taom_modules_ship_almost_no_item_xml,aferrer,2026-07-30
wm_rohan_shield_a01_rgw,item_defs_absent_from_xml_export_20260729_025002_taom_modules_ship_almost_no_item_xml,aferrer,2026-07-30
wm_rohan_shield_a01_rsg,item_defs_absent_from_xml_export_20260729_025002_taom_modules_ship_almost_no_item_xml,aferrer,2026-07-30
wm_rohan_shield_a01_rsw,item_defs_absent_from_xml_export_20260729_025002_taom_modules_ship_almost_no_item_xml,aferrer,2026-07-30
wm_rohan_shield_a01_ybw,item_defs_absent_from_xml_export_20260729_025002_taom_modules_ship_almost_no_item_xml,aferrer,2026-07-30
wm_rohan_shield_a01_ysw,item_defs_absent_from_xml_export_20260729_025002_taom_modules_ship_almost_no_item_xml,aferrer,2026-07-30
wm_rohan_shield_a02_gbg,item_defs_absent_from_xml_export_20260729_025002_taom_modules_ship_almost_no_item_xml,aferrer,2026-07-30
wm_rohan_shield_a02_gbw,item_defs_absent_from_xml_export_20260729_025002_taom_modules_ship_almost_no_item_xml,aferrer,2026-07-30
wm_rohan_shield_a02_ggw,item_defs_absent_from_xml_export_20260729_025002_taom_modules_ship_almost_no_item_xml,aferrer,2026-07-30
wm_rohan_shield_a02_gsg,item_defs_absent_from_xml_export_20260729_025002_taom_modules_ship_almost_no_item_xml,aferrer,2026-07-30
wm_rohan_shield_a02_gsw,item_defs_absent_from_xml_export_20260729_025002_taom_modules_ship_almost_no_item_xml,aferrer,2026-07-30
wm_rohan_shield_a02_rbg,item_defs_absent_from_xml_export_20260729_025002_taom_modules_ship_almost_no_item_xml,aferrer,2026-07-30
wm_rohan_shield_a02_rbw,item_defs_absent_from_xml_export_20260729_025002_taom_modules_ship_almost_no_item_xml,aferrer,2026-07-30
wm_rohan_shield_a02_rgw,item_defs_absent_from_xml_export_20260729_025002_taom_modules_ship_almost_no_item_xml,aferrer,2026-07-30
wm_rohan_shield_a02_rsg,item_defs_absent_from_xml_export_20260729_025002_taom_modules_ship_almost_no_item_xml,aferrer,2026-07-30
wm_rohan_shield_a02_rsw,item_defs_absent_from_xml_export_20260729_025002_taom_modules_ship_almost_no_item_xml,aferrer,2026-07-30
wm_rohan_shield_a02_ybw,item_defs_absent_from_xml_export_20260729_025002_taom_modules_ship_almost_no_item_xml,aferrer,2026-07-30
wm_rohan_shield_a03_gbg,item_defs_absent_from_xml_export_20260729_025002_taom_modules_ship_almost_no_item_xml,aferrer,2026-07-30
wm_rohan_shield_a03_gbw,item_defs_absent_from_xml_export_20260729_025002_taom_modules_ship_almost_no_item_xml,aferrer,2026-07-30
wm_rohan_shield_a03_ggw,item_defs_absent_from_xml_export_20260729_025002_taom_modules_ship_almost_no_item_xml,aferrer,2026-07-30
wm_rohan_shield_a03_gsg,item_defs_absent_from_xml_export_20260729_025002_taom_modules_ship_almost_no_item_xml,aferrer,2026-07-30
wm_rohan_shield_a03_gsw,item_defs_absent_from_xml_export_20260729_025002_taom_modules_ship_almost_no_item_xml,aferrer,2026-07-30
wm_rohan_shield_a03_rgg,item_defs_absent_from_xml_export_20260729_025002_taom_modules_ship_almost_no_item_xml,aferrer,2026-07-30
wm_rohan_shield_a03_rgw,item_defs_absent_from_xml_export_20260729_025002_taom_modules_ship_almost_no_item_xml,aferrer,2026-07-30
wm_rohan_shield_a03_ybw,item_defs_absent_from_xml_export_20260729_025002_taom_modules_ship_almost_no_item_xml,aferrer,2026-07-30
wm_rohan_shield_a03_ysw,item_defs_absent_from_xml_export_20260729_025002_taom_modules_ship_almost_no_item_xml,aferrer,2026-07-30
wm_rohan_shield_b01_gbw,item_defs_absent_from_xml_export_20260729_025002_taom_modules_ship_almost_no_item_xml,aferrer,2026-07-30
wm_rohan_spear_a,item_defs_absent_from_xml_export_20260729_025002_taom_modules_ship_almost_no_item_xml,aferrer,2026-07-30
wm_rohan_spear_b,item_defs_absent_from_xml_export_20260729_025002_taom_modules_ship_almost_no_item_xml,aferrer,2026-07-30
wm_rohan_spear_c,item_defs_absent_from_xml_export_20260729_025002_taom_modules_ship_almost_no_item_xml,aferrer,2026-07-30
wm_rohan_spear_d,item_defs_absent_from_xml_export_20260729_025002_taom_modules_ship_almost_no_item_xml,aferrer,2026-07-30
wm_rohan_spear_f,item_defs_absent_from_xml_export_20260729_025002_taom_modules_ship_almost_no_item_xml,aferrer,2026-07-30
wm_rohan_ws_axe_1h_a01,item_defs_absent_from_xml_export_20260729_025002_taom_modules_ship_almost_no_item_xml,aferrer,2026-07-30
wm_rohan_ws_spear_a01,item_defs_absent_from_xml_export_20260729_025002_taom_modules_ship_almost_no_item_xml,aferrer,2026-07-30
wm_rohan_ws_spear_a02,item_defs_absent_from_xml_export_20260729_025002_taom_modules_ship_almost_no_item_xml,aferrer,2026-07-30
wm_rohan_ws_spear_a03,item_defs_absent_from_xml_export_20260729_025002_taom_modules_ship_almost_no_item_xml,aferrer,2026-07-30
wm_rohan_ws_sword_a01,item_defs_absent_from_xml_export_20260729_025002_taom_modules_ship_almost_no_item_xml,aferrer,2026-07-30
wm_rohan_ws_sword_a02,item_defs_absent_from_xml_export_20260729_025002_taom_modules_ship_almost_no_item_xml,aferrer,2026-07-30
wm_rohan_ws_sword_a03,item_defs_absent_from_xml_export_20260729_025002_taom_modules_ship_almost_no_item_xml,aferrer,2026-07-30
wm_swan_knight_lance_b,item_defs_absent_from_xml_export_20260729_025002_taom_modules_ship_almost_no_item_xml,aferrer,2026-07-30
wm_swan_knight_sworda,item_defs_absent_from_xml_export_20260729_025002_taom_modules_ship_almost_no_item_xml,aferrer,2026-07-30
wm_swan_knight_swordb,item_defs_absent_from_xml_export_20260729_025002_taom_modules_ship_almost_no_item_xml,aferrer,2026-07-30
