troop_id,name_raw,name,level,occupation,culture,default_group,is_basic_troop,is_hero,is_template,OneHanded,TwoHanded,Polearm,Bow,Crossbow,Throwing,Riding,Athletics,upgrade_targets,has_upgrade_targets,is_soldier
mp_character,{=eFWJjaBC}Multiplayer Character,Multiplayer Character,36.0,,,,,,,5.0,5.0,5.0,100.0,100.0,100.0,200.0,,,False,False
dummy_no_armor,{=!}Min Armor (0),Min Armor (0),,,khuzait,Infantry,,false,,,,,,,,,,,False,False
dummy_light_armor,{=!}Lower Average Armor (12),Lower Average Armor (12),,,khuzait,Infantry,,false,,,,,,,,,,,False,False
dummy_medium_armor,{=!}Higher Average Armor (37),Higher Average Armor (37),,,khuzait,Infantry,,false,,,,,,,,,,,False,False
dummy_heavy_armor,{=!}Max Armor (55),Max Armor (55),,,khuzait,Infantry,,false,,,,,,,,,,,False,False
mp_light_infantry_vlandia_hero,{=gLlheMwd}Peasant Levy,Peasant Levy,5.0,Soldier,vlandia,Infantry,,,,50.0,50.0,50.0,20.0,20.0,100.0,40.0,,,False,True
mp_shock_infantry_vlandia_hero,{=My0a4Miq}Voulgier,Voulgier,25.0,Soldier,vlandia,Infantry,,,,50.0,50.0,50.0,20.0,20.0,100.0,40.0,,,False,True
mp_heavy_infantry_vlandia_hero,{=g9VIbA9s}Sergeant,Sergeant,25.0,Soldier,vlandia,Infantry,,,,50.0,50.0,50.0,20.0,20.0,100.0,50.0,,,False,True
mp_light_ranged_vlandia_hero,{=Dq1sCO1y}Arbelist,Arbelist,5.0,Soldier,vlandia,Ranged,,,,50.0,50.0,50.0,100.0,100.0,100.0,40.0,,,False,True
mp_heavy_ranged_vlandia_hero,{=eM1qFKNs}Sharpshooter,Sharpshooter,20.0,Soldier,vlandia,Ranged,,,,50.0,50.0,50.0,100.0,100.0,100.0,50.0,,,False,True
mp_light_cavalry_vlandia_hero,{=Cp7dI87a}Vanguard,Vanguard,15.0,Soldier,vlandia,Cavalry,,,,50.0,50.0,150.0,20.0,20.0,100.0,150.0,,,False,True
mp_heavy_cavalry_vlandia_hero,{=WtEoXblx}Knight,Knight,30.0,Soldier,vlandia,Cavalry,,,,50.0,50.0,150.0,20.0,20.0,100.0,150.0,,,False,True
mp_skirmisher_empire_hero,{=recruitTroopType}Recruit,Recruit,10.0,Soldier,empire,Infantry,,,,50.0,50.0,50.0,20.0,20.0,100.0,40.0,,,False,True
mp_shock_infantry_empire_hero,{=XeXJAB6a}Menavlion Infantry,Menavlion Infantry,25.0,Soldier,empire,Infantry,,,,50.0,50.0,50.0,20.0,20.0,100.0,40.0,,,False,True
mp_heavy_infantry_empire_hero,{=CAYZDsAj}Legionary,Legionary,25.0,Soldier,empire,Infantry,,,,50.0,50.0,50.0,20.0,20.0,100.0,50.0,,,False,True
mp_light_ranged_empire_hero,{=TNQaD5p2}Archer Militia,Archer Militia,5.0,Soldier,empire,Ranged,,,,50.0,50.0,50.0,100.0,100.0,100.0,40.0,,,False,True
mp_heavy_ranged_empire_hero,{=NJRUb0C1}Palatine Guard,Palatine Guard,20.0,Soldier,empire,Ranged,,,,50.0,50.0,150.0,100.0,100.0,100.0,50.0,,,False,True
mp_light_cavalry_empire_hero,{=coursercavalryman}Courser,Courser,15.0,Soldier,empire,Cavalry,,,,50.0,50.0,150.0,20.0,20.0,100.0,150.0,,,False,True
mp_heavy_cavalry_empire_hero,{=ft6QaIms}Cataphract,Cataphract,30.0,Soldier,empire,Cavalry,,,,50.0,50.0,150.0,20.0,20.0,100.0,150.0,,,False,True
mp_light_infantry_khuzait_hero,{=naBbiK9v}Rabble,Rabble,5.0,Soldier,khuzait,Infantry,,,,50.0,50.0,50.0,20.0,20.0,100.0,65.0,,,False,True
mp_heavy_infantry_khuzait_hero,{=eIk6jaOG}Spear Infantry,Spear Infantry,25.0,Soldier,khuzait,Infantry,,,,50.0,50.0,50.0,20.0,20.0,100.0,75.0,,,False,True
mp_light_ranged_khuzait_hero,{=steppebowtroop}Steppe Bow,Steppe Bow,5.0,Soldier,khuzait,Ranged,,,,50.0,50.0,50.0,100.0,100.0,100.0,65.0,,,False,True
mp_heavy_ranged_khuzait_hero,{=lar4lfKR}Khan's Guard,Khan's Guard,20.0,Soldier,khuzait,Ranged,,,,50.0,50.0,50.0,100.0,100.0,100.0,75.0,,,False,True
mp_light_cavalry_khuzait_hero,{=afhXdjBU}Nomad,Nomad,15.0,Soldier,khuzait,Cavalry,,,,50.0,50.0,150.0,50.0,50.0,100.0,150.0,,,False,True
mp_heavy_cavalry_khuzait_hero,{=hchDYAKL}Lancer,Lancer,30.0,Soldier,khuzait,Cavalry,,,,50.0,50.0,150.0,50.0,50.0,100.0,150.0,,,False,True
mp_horse_archer_khuzait_hero,{=eU0uANvZ}Mounted Archer,Mounted Archer,15.0,Soldier,khuzait,HorseArcher,,,,50.0,50.0,150.0,75.0,75.0,100.0,150.0,,,False,True
mp_light_infantry_aserai_hero,{=8qg72H8Z}Tribal Warrior,Tribal Warrior,15.0,Soldier,aserai,Infantry,,,,50.0,50.0,50.0,20.0,20.0,100.0,40.0,,,False,True
mp_shock_infantry_aserai_hero,{=guardnoun}Guard,Guard,25.0,Soldier,aserai,Infantry,,,,50.0,50.0,50.0,20.0,20.0,100.0,40.0,,,False,True
mp_skirmisher_aserai_hero,{=s9oED1IR}Skirmisher,Skirmisher,10.0,Soldier,aserai,Infantry,,,,50.0,50.0,50.0,20.0,20.0,100.0,40.0,,,False,True
mp_light_ranged_aserai_hero,{=ieiqOaZp}Archer,Archer,5.0,Soldier,aserai,Ranged,,,,50.0,50.0,50.0,100.0,100.0,100.0,40.0,,,False,True
mp_heavy_ranged_aserai_hero,{=veterantroop}Veteran,Veteran,20.0,Soldier,aserai,Ranged,,,,50.0,50.0,50.0,100.0,100.0,100.0,50.0,,,False,True
mp_light_cavalry_aserai_hero,{=8ba4tpRU}Jawwal,Jawwal,15.0,Soldier,aserai,Cavalry,,,,50.0,50.0,150.0,50.0,50.0,100.0,150.0,,,False,True
mp_heavy_cavalry_aserai_hero,{=gytrdYMU}Mamluke,Mamluke,30.0,Soldier,aserai,Cavalry,,,,50.0,50.0,150.0,50.0,50.0,100.0,150.0,,,False,True
mp_light_infantry_sturgia_hero,{=bHx8jaeI}Warrior,Warrior,10.0,Soldier,sturgia,Infantry,,,,50.0,50.0,150.0,20.0,20.0,100.0,40.0,,,False,True
mp_heavy_infantry_sturgia_hero,{=4C4WiTb2}Varyag,Varyag,36.0,Soldier,sturgia,Infantry,,,,50.0,50.0,50.0,20.0,20.0,100.0,50.0,,,False,True
mp_shock_infantry_sturgia_hero,{=RssJTUpL}Berserker,Berserker,25.0,Soldier,sturgia,Infantry,,,,50.0,50.0,50.0,20.0,20.0,100.0,40.0,,,False,True
mp_skirmisher_sturgia_hero,{=brigandmptroop}Brigand,Brigand,10.0,Soldier,sturgia,Infantry,,,,50.0,50.0,50.0,20.0,20.0,100.0,40.0,,,False,True
mp_light_ranged_sturgia_hero,{=huntertroop}Hunter,Hunter,5.0,Soldier,sturgia,Ranged,,,,50.0,50.0,50.0,100.0,100.0,100.0,40.0,,,False,True
mp_light_cavalry_sturgia_hero,{=cbnvgVhH}Raider,Raider,15.0,Soldier,sturgia,Cavalry,,,,50.0,50.0,150.0,50.0,50.0,100.0,150.0,,,False,True
mp_heavy_cavalry_sturgia_hero,{=k1Xr4rKn}Druzhinnik,Druzhinnik,30.0,Soldier,sturgia,Cavalry,,,,50.0,50.0,150.0,50.0,50.0,100.0,150.0,,,False,True
mp_light_infantry_battania_hero,{=HCzbW0hE}Clan Warrior,Clan Warrior,10.0,Soldier,battania,Infantry,,,,50.0,50.0,50.0,20.0,20.0,100.0,40.0,,,False,True
mp_heavy_infantry_battania_hero,{=fS5BIf3J}Oathsworn,Oathsworn,25.0,Soldier,battania,Infantry,,,,50.0,50.0,50.0,20.0,20.0,100.0,50.0,,,False,True
mp_shock_infantry_battania_hero,{=yDiWi6SO}Savage,Savage,25.0,Soldier,battania,Infantry,,,,50.0,50.0,50.0,20.0,20.0,100.0,40.0,,,False,True
mp_skirmisher_battania_hero,{=LLKreyq7}Wildling,Wildling,10.0,Soldier,battania,Infantry,,,,50.0,50.0,50.0,20.0,20.0,100.0,40.0,,,False,True
mp_light_ranged_battania_hero,{=09gOOa0h}Ranger,Ranger,5.0,Soldier,battania,Ranged,,,,50.0,50.0,50.0,100.0,100.0,100.0,40.0,,,False,True
mp_heavy_ranged_battania_hero,{=j5I7tYSd}Fiann,Fiann,20.0,Soldier,battania,Ranged,,,,50.0,50.0,50.0,100.0,100.0,100.0,50.0,,,False,True
mp_light_cavalry_battania_hero,{=ixqTFMVA}Mounted Warrior,Mounted Warrior,20.0,Soldier,battania,Cavalry,,,,50.0,50.0,150.0,50.0,50.0,100.0,150.0,,,False,True
mp_light_infantry_vlandia_troop,{=gLlheMwd}Peasant Levy,Peasant Levy,5.0,Soldier,vlandia,Infantry,,,,50.0,50.0,50.0,20.0,20.0,100.0,25.0,,,False,True
mp_shock_infantry_vlandia_troop,{=My0a4Miq}Voulgier,Voulgier,25.0,Soldier,vlandia,Infantry,,,,200.0,250.0,250.0,20.0,20.0,100.0,40.0,,,False,True
mp_heavy_infantry_vlandia_troop,{=g9VIbA9s}Sergeant,Sergeant,25.0,Soldier,vlandia,Infantry,,,,200.0,150.0,200.0,20.0,20.0,100.0,60.0,,,False,True
mp_light_ranged_vlandia_troop,{=Dq1sCO1y}Arbelist,Arbelist,5.0,Soldier,vlandia,Ranged,,,,50.0,50.0,50.0,100.0,250.0,100.0,50.0,,,False,True
mp_heavy_ranged_vlandia_troop,{=eM1qFKNs}Sharpshooter,Sharpshooter,20.0,Soldier,vlandia,Ranged,,,,100.0,100.0,50.0,100.0,250.0,100.0,75.0,,,False,True
mp_light_cavalry_vlandia_troop,{=Cp7dI87a}Vanguard,Vanguard,15.0,Soldier,vlandia,Cavalry,,,,150.0,100.0,200.0,50.0,50.0,100.0,200.0,,,False,True
mp_heavy_cavalry_vlandia_troop,{=WtEoXblx}Knight,Knight,30.0,Soldier,vlandia,Cavalry,,,,150.0,100.0,250.0,50.0,50.0,100.0,250.0,,,False,True
mp_heavy_infantry_empire_troop,{=CAYZDsAj}Legionary,Legionary,25.0,Soldier,empire,Infantry,,,,200.0,150.0,200.0,20.0,20.0,100.0,60.0,,,False,True
mp_shock_infantry_empire_troop,{=XeXJAB6a}Menavlion Infantry,Menavlion Infantry,25.0,Soldier,empire,Infantry,,,,200.0,250.0,200.0,20.0,20.0,100.0,40.0,,,False,True
mp_skirmisher_empire_troop,{=recruitTroopType}Recruit,Recruit,10.0,Soldier,empire,Infantry,,,,50.0,50.0,50.0,20.0,20.0,250.0,40.0,,,False,True
mp_light_ranged_empire_troop,{=TNQaD5p2}Archer Militia,Archer Militia,5.0,Soldier,empire,Ranged,,,,50.0,50.0,50.0,250.0,100.0,100.0,50.0,,,False,True
mp_heavy_ranged_empire_troop,{=NJRUb0C1}Palatine Guard,Palatine Guard,20.0,Soldier,empire,Ranged,,,,100.0,100.0,100.0,250.0,100.0,100.0,75.0,,,False,True
mp_light_cavalry_empire_troop,{=coursercavalryman}Courser,Courser,15.0,Soldier,empire,Cavalry,,,,150.0,100.0,200.0,50.0,50.0,100.0,200.0,,,False,True
mp_heavy_cavalry_empire_troop,{=ft6QaIms}Cataphract,Cataphract,30.0,Soldier,empire,Cavalry,,,,150.0,100.0,250.0,50.0,50.0,100.0,250.0,,,False,True
mp_light_infantry_khuzait_troop,{=naBbiK9v}Rabble,Rabble,5.0,Soldier,khuzait,Infantry,,,,50.0,50.0,50.0,20.0,20.0,100.0,50.0,,,False,True
mp_heavy_infantry_khuzait_troop,{=eIk6jaOG}Spear Infantry,Spear Infantry,25.0,Soldier,khuzait,Infantry,,,,200.0,150.0,200.0,20.0,20.0,100.0,85.0,,,False,True
mp_light_ranged_khuzait_troop,{=steppebowtroop}Steppe Bow,Steppe Bow,5.0,Soldier,khuzait,Ranged,,,,50.0,50.0,50.0,250.0,100.0,100.0,75.0,,,False,True
mp_heavy_ranged_khuzait_troop,{=lar4lfKR}Khan's Guard,Khan's Guard,20.0,Soldier,khuzait,Ranged,,,,100.0,100.0,100.0,250.0,100.0,100.0,100.0,,,False,True
mp_light_cavalry_khuzait_troop,{=afhXdjBU}Nomad,Nomad,15.0,Soldier,khuzait,Cavalry,,,,150.0,100.0,200.0,150.0,50.0,100.0,200.0,,,False,True
mp_heavy_cavalry_khuzait_troop,{=hchDYAKL}Lancer,Lancer,30.0,Soldier,khuzait,Cavalry,,,,150.0,100.0,250.0,200.0,50.0,100.0,250.0,,,False,True
mp_horse_archer_khuzait_troop,{=eU0uANvZ}Mounted Archer,Mounted Archer,15.0,Soldier,khuzait,HorseArcher,,,,150.0,100.0,100.0,250.0,100.0,100.0,250.0,,,False,True
mp_light_infantry_aserai_troop,{=8qg72H8Z}Tribal Warrior,Tribal Warrior,15.0,Soldier,aserai,Infantry,,,,50.0,50.0,50.0,20.0,20.0,100.0,25.0,,,False,True
mp_shock_infantry_aserai_troop,{=guardnoun}Guard,Guard,25.0,Soldier,aserai,Infantry,,,,200.0,250.0,200.0,20.0,20.0,100.0,40.0,,,False,True
mp_skirmisher_aserai_troop,{=s9oED1IR}Skirmisher,Skirmisher,10.0,Soldier,aserai,Infantry,,,,50.0,50.0,50.0,20.0,20.0,250.0,50.0,,,False,True
mp_light_ranged_aserai_troop,{=ieiqOaZp}Archer,Archer,5.0,Soldier,aserai,Ranged,,,,50.0,50.0,50.0,250.0,100.0,100.0,50.0,,,False,True
mp_heavy_ranged_aserai_troop,{=veterantroop}Veteran,Veteran,20.0,Soldier,aserai,Ranged,,,,100.0,100.0,50.0,250.0,100.0,100.0,75.0,,,False,True
mp_light_cavalry_aserai_troop,{=8ba4tpRU}Jawwal,Jawwal,15.0,Soldier,aserai,Cavalry,,,,150.0,100.0,200.0,50.0,50.0,100.0,200.0,,,False,True
mp_heavy_cavalry_aserai_troop,{=gytrdYMU}Mamluke,Mamluke,30.0,Soldier,aserai,Cavalry,,,,150.0,100.0,250.0,150.0,50.0,100.0,250.0,,,False,True
mp_light_infantry_sturgia_troop,{=bHx8jaeI}Warrior,Warrior,10.0,Soldier,sturgia,Infantry,,,,50.0,50.0,50.0,20.0,20.0,100.0,25.0,,,False,True
mp_heavy_infantry_sturgia_troop,{=4C4WiTb2}Varyag,Varyag,25.0,Soldier,sturgia,Infantry,,,,200.0,150.0,200.0,20.0,20.0,100.0,60.0,,,False,True
mp_shock_infantry_sturgia_troop,{=RssJTUpL}Berserker,Berserker,25.0,Soldier,sturgia,Infantry,,,,200.0,250.0,200.0,20.0,20.0,100.0,40.0,,,False,True
mp_skirmisher_sturgia_troop,{=brigandmptroop}Brigand,Brigand,10.0,Soldier,sturgia,Infantry,,,,50.0,50.0,50.0,20.0,20.0,250.0,50.0,,,False,True
mp_light_ranged_sturgia_troop,{=huntertroop}Hunter,Hunter,5.0,Soldier,sturgia,Ranged,,,,50.0,50.0,50.0,250.0,100.0,100.0,50.0,,,False,True
mp_light_cavalry_sturgia_troop,{=cbnvgVhH}Raider,Raider,15.0,Soldier,sturgia,Cavalry,,,,150.0,100.0,200.0,50.0,50.0,100.0,200.0,,,False,True
mp_heavy_cavalry_sturgia_troop,{=k1Xr4rKn}Druzhinnik,Druzhinnik,30.0,Soldier,sturgia,Cavalry,,,,150.0,100.0,250.0,50.0,50.0,100.0,250.0,,,False,True
mp_light_infantry_battania_troop,{=HCzbW0hE}Clan Warrior,Clan Warrior,10.0,Soldier,battania,Infantry,,,,50.0,50.0,50.0,20.0,20.0,100.0,25.0,,,False,True
mp_heavy_infantry_battania_troop,{=fS5BIf3J}Oathsworn,Oathsworn,25.0,Soldier,battania,Infantry,,,,200.0,150.0,200.0,20.0,20.0,100.0,60.0,,,False,True
mp_shock_infantry_battania_troop,{=yDiWi6SO}Savage,Savage,25.0,Soldier,battania,Infantry,,,,200.0,250.0,200.0,20.0,20.0,100.0,40.0,,,False,True
mp_skirmisher_battania_troop,{=LLKreyq7}Wildling,Wildling,10.0,Soldier,battania,Infantry,,,,50.0,50.0,50.0,20.0,20.0,250.0,50.0,,,False,True
mp_light_ranged_battania_troop,{=09gOOa0h}Ranger,Ranger,5.0,Soldier,battania,Ranged,,,,50.0,50.0,50.0,250.0,100.0,100.0,50.0,,,False,True
mp_heavy_ranged_battania_troop,{=j5I7tYSd}Fiann,Fiann,20.0,Soldier,battania,Ranged,,,,100.0,100.0,50.0,250.0,100.0,100.0,75.0,,,False,True
mp_light_cavalry_battania_troop,{=ixqTFMVA}Mounted Warrior,Mounted Warrior,20.0,Soldier,battania,Cavalry,,,,150.0,100.0,200.0,50.0,50.0,100.0,200.0,,,False,True
looter,{=urUwa4bf}Looter,Looter,6.0,Bandit,looters,Infantry,,,,40.0,20.0,30.0,20.0,,40.0,0.0,30.0,imperial_infantryman,True,False
deserter,{=C8DE6L73}Deserter,Deserter,11.0,Bandit,looters,Infantry,,,,40.0,10.0,20.0,15.0,,30.0,30.0,40.0,imperial_trained_infantryman,True,False
sea_raiders_bandit,,,,,sea_raiders,,,,,,,,,,,,,nord_axe_warrior,True,False
sea_raiders_raider,,,,,sea_raiders,,,,,,,,,,,,,nord_boandi,True,False
sea_raiders_chief,,,,,sea_raiders,,,,,,,,,,,,,nord_berserkr,True,False
mountain_bandits_bandit,{=9laVlEH9}Hillman,Hillman,11.0,Bandit,mountain_bandits,Infantry,,,,40.0,20.0,40.0,20.0,,30.0,15.0,40.0,mountain_bandits_raider|vlandian_infantry,True,False
mountain_bandits_raider,{=ZKdiaaFo}Brigand,Brigand,16.0,Bandit,mountain_bandits,Infantry,,,,40.0,60.0,70.0,40.0,,70.0,20.0,60.0,vlandian_billman|mountain_bandits_chief,True,False
mountain_bandits_chief,{=P6Md9DpR}Highwayman,Highwayman,21.0,Bandit,mountain_bandits,Cavalry,,,,100.0,100.0,110.0,80.0,,120.0,120.0,100.0,vlandian_champion,True,False
forest_bandits_bandit,{=HadsURl8}Bushwacker,Bushwacker,11.0,Bandit,forest_bandits,Ranged,,,,20.0,15.0,20.0,40.0,,20.0,30.0,40.0,forest_bandits_raider|battanian_raider,True,False
forest_bandits_raider,{=freebootertroop}Freebooter,Freebooter,16.0,Bandit,forest_bandits,Ranged,,,,70.0,70.0,30.0,70.0,,40.0,0.0,50.0,forest_bandits_chief|battanian_falxman,True,False
forest_bandits_chief,{=sFgODQ1q}Forest Bandit,Forest Bandit,21.0,Bandit,forest_bandits,Ranged,,,,120.0,80.0,80.0,150.0,,80.0,0.0,110.0,battanian_fian,True,False
desert_bandits_bandit,{=uOAnHN47}Bedouin Rover,Bedouin Rover,11.0,Bandit,desert_bandits,Infantry,,,,30.0,10.0,40.0,20.0,,40.0,20.0,20.0,desert_bandits_raider|aserai_skirmisher,True,False
desert_bandits_raider,{=0qDNS83n}Nomad Bandit,Nomad Bandit,16.0,Bandit,desert_bandits,Cavalry,,,,60.0,40.0,80.0,80.0,,0.0,40.0,60.0,desert_bandits_chief|aserai_mameluke_cavalry,True,False
desert_bandits_chief,{=cdbSCr6G}Harami,Harami,21.0,Bandit,desert_bandits,Cavalry,,,,100.0,80.0,120.0,40.0,,100.0,80.0,100.0,aserai_veteran_faris,True,False
steppe_bandits_bandit,{=ZA4bgJ5V}Steppe Bandit,Steppe Bandit,11.0,Bandit,steppe_bandits,Cavalry,,,,30.0,30.0,40.0,0.0,,20.0,40.0,20.0,steppe_bandits_raider|khuzait_raider,True,False
steppe_bandits_raider,{=Awc23bFS}Marauder,Marauder,16.0,Bandit,steppe_bandits,HorseArcher,,,,70.0,40.0,80.0,80.0,,40.0,100.0,40.0,steppe_bandits_chief|khuzait_lancer,True,False
steppe_bandits_chief,{=cbnvgVhH}Raider,Raider,21.0,Bandit,steppe_bandits,HorseArcher,,,,110.0,50.0,100.0,100.0,,60.0,100.0,60.0,khuzait_kheshig,True,False
sea_raiders_boss,,,,,sea_raiders,,,,,,,,,,,,,,False,False
mountain_bandits_boss,{=ziOBJSzR}Mountain Bandit Boss,Mountain Bandit Boss,26.0,Bandit,mountain_bandits,Infantry,,,,120.0,50.0,50.0,60.0,20.0,150.0,80.0,150.0,,False,False
forest_bandits_boss,{=dc2qxanZ}Forest Bandit Boss,Forest Bandit Boss,26.0,Bandit,forest_bandits,Ranged,,,,140.0,50.0,50.0,150.0,20.0,60.0,80.0,130.0,,False,False
desert_bandits_boss,{=Q2V4uQrr}Desert Bandit Boss,Desert Bandit Boss,26.0,Bandit,desert_bandits,Cavalry,,,,160.0,50.0,130.0,50.0,20.0,60.0,80.0,130.0,,False,False
steppe_bandits_boss,{=Bg63YFnh}Steppe Bandit Boss,Steppe Bandit Boss,26.0,Bandit,steppe_bandits,HorseArcher,,,,80.0,40.0,140.0,160.0,20.0,60.0,100.0,80.0,,False,False
mounted_pillager,{=C8hwcOdF}Mounted Pillager,Mounted Pillager,11.0,Bandit,looters,HorseArcher,true,,,20.0,15.0,10.0,30.0,5.0,15.0,40.0,40.0,,False,False
mounted_ransacker,{=J6Yksji5}Mounted Ransacker,Mounted Ransacker,16.0,Bandit,looters,Cavalry,,,,40.0,30.0,70.0,30.0,10.0,70.0,70.0,40.0,,False,False
caravan_leader_player_faction,{=7bjyJDaK}Player Faction Mercenaries Leader,Player Faction Mercenaries Leader,,Merchant,aserai,Infantry,,false,,,,,,,,,,,False,False
caravan_leader_empire,{=jHVTqyI4}Empire Mercenaries Leader,Empire Mercenaries Leader,,Merchant,empire,Infantry,,false,,,,,,,,,,,False,False
caravan_leader_sturgia,{=EsJ3Drv7}Sturgia Mercenaries Leader,Sturgia Mercenaries Leader,,Merchant,sturgia,Infantry,,false,,,,,,,,,,,False,False
caravan_leader_aserai,{=GIRpmax8}Aserai Mercenaries Leader,Aserai Mercenaries Leader,,Merchant,aserai,Infantry,,false,,,,,,,,,,,False,False
caravan_leader_vlandia,{=XhbgteUK}Vlandia Mercenaries Leader,Vlandia Mercenaries Leader,,Merchant,vlandia,Infantry,,false,,,,,,,,,,,False,False
caravan_leader_battania,{=y6E1CTsv}Battania Mercenaries Leader,Battania Mercenaries Leader,,Merchant,battania,Infantry,,false,,,,,,,,,,,False,False
caravan_leader_khuzait,{=VPis3atP}Khuzait Mercenaries Leader,Khuzait Mercenaries Leader,,Merchant,khuzait,Infantry,,false,,,,,,,,,,,False,False
caravan_leader_world,{=ugbfHGZ3}World Mercenaries Leader,World Mercenaries Leader,,Merchant,empire,Infantry,,false,,,,,,,,,,,False,False
child_education_templates_stage_2_page_0_branch_0_aserai,{=!}stage_2_page_0_branch_0_aserai,stage_2_page_0_branch_0_aserai,,Lord,aserai,Infantry,,false,true,,,,,,,,,,False,False
child_education_templates_stage_2_page_0_branch_0_battania,{=!}stage_2_page_0_branch_0_battania,stage_2_page_0_branch_0_battania,,Lord,battania,Infantry,,false,true,,,,,,,,,,False,False
child_education_templates_stage_2_page_0_branch_0_empire,{=!}stage_2_page_0_branch_0_empire,stage_2_page_0_branch_0_empire,,Lord,empire,Infantry,,false,true,,,,,,,,,,False,False
child_education_templates_stage_2_page_0_branch_0_khuzait,{=!}stage_2_page_0_branch_0_khuzait,stage_2_page_0_branch_0_khuzait,,Lord,khuzait,Infantry,,false,true,,,,,,,,,,False,False
child_education_templates_stage_2_page_0_branch_0_sturgia,{=!}stage_2_page_0_branch_0_sturgia,stage_2_page_0_branch_0_sturgia,,Lord,sturgia,Infantry,,false,true,,,,,,,,,,False,False
child_education_templates_stage_2_page_0_branch_0_vlandia,{=!}stage_2_page_0_branch_0_vlandia,stage_2_page_0_branch_0_vlandia,,Lord,vlandia,Infantry,,false,true,,,,,,,,,,False,False
child_education_templates_stage_2_page_0_branch_1_aserai,{=!}stage_2_page_0_branch_1_aserai,stage_2_page_0_branch_1_aserai,,Lord,aserai,Infantry,,false,true,,,,,,,,,,False,False
child_education_templates_stage_2_page_0_branch_1_battania,{=!}stage_2_page_0_branch_1_battania,stage_2_page_0_branch_1_battania,,Lord,battania,Infantry,,false,true,,,,,,,,,,False,False
child_education_templates_stage_2_page_0_branch_1_empire,{=!}stage_2_page_0_branch_1_empire,stage_2_page_0_branch_1_empire,,Lord,empire,Infantry,,false,true,,,,,,,,,,False,False
child_education_templates_stage_2_page_0_branch_1_khuzait,{=!}stage_2_page_0_branch_1_khuzait,stage_2_page_0_branch_1_khuzait,,Lord,khuzait,Infantry,,false,true,,,,,,,,,,False,False
child_education_templates_stage_2_page_0_branch_1_sturgia,{=!}stage_2_page_0_branch_1_sturgia,stage_2_page_0_branch_1_sturgia,,Lord,sturgia,Infantry,,false,true,,,,,,,,,,False,False
child_education_templates_stage_2_page_0_branch_1_vlandia,{=!}stage_2_page_0_branch_1_vlandia,stage_2_page_0_branch_1_vlandia,,Lord,vlandia,Infantry,,false,true,,,,,,,,,,False,False
child_education_templates_stage_2_page_0_branch_2_aserai,{=!}stage_2_page_0_branch_2_aserai,stage_2_page_0_branch_2_aserai,,Lord,aserai,Infantry,,false,true,,,,,,,,,,False,False
child_education_templates_stage_2_page_0_branch_2_battania,{=!}stage_2_page_0_branch_2_battania,stage_2_page_0_branch_2_battania,,Lord,battania,Infantry,,false,true,,,,,,,,,,False,False
child_education_templates_stage_2_page_0_branch_2_empire,{=!}stage_2_page_0_branch_2_empire,stage_2_page_0_branch_2_empire,,Lord,empire,Infantry,,false,true,,,,,,,,,,False,False
child_education_templates_stage_2_page_0_branch_2_khuzait,{=!}stage_2_page_0_branch_2_khuzait,stage_2_page_0_branch_2_khuzait,,Lord,khuzait,Infantry,,false,true,,,,,,,,,,False,False
child_education_templates_stage_2_page_0_branch_2_sturgia,{=!}stage_2_page_0_branch_2_sturgia,stage_2_page_0_branch_2_sturgia,,Lord,sturgia,Infantry,,false,true,,,,,,,,,,False,False
child_education_templates_stage_2_page_0_branch_2_vlandia,{=!}stage_2_page_0_branch_2_vlandia,stage_2_page_0_branch_2_vlandia,,Lord,vlandia,Infantry,,false,true,,,,,,,,,,False,False
child_education_templates_stage_2_page_0_branch_3_khuzait,{=!}stage_2_page_0_branch_3_khuzait,stage_2_page_0_branch_3_khuzait,,Lord,khuzait,Infantry,,false,true,,,,,,,,,,False,False
child_education_templates_stage_2_page_0_branch_3_battania,{=!}stage_2_page_0_branch_3_battania,stage_2_page_0_branch_3_battania,,Lord,battania,Infantry,,false,true,,,,,,,,,,False,False
child_education_templates_stage_2_page_0_branch_3_aserai,{=!}stage_2_page_0_branch_3_aserai,stage_2_page_0_branch_3_aserai,,Lord,aserai,Infantry,,false,true,,,,,,,,,,False,False
child_education_templates_stage_2_page_0_branch_3_empire,{=!}stage_2_page_0_branch_3_empire,stage_2_page_0_branch_3_empire,,Lord,empire,Infantry,,false,true,,,,,,,,,,False,False
child_education_templates_stage_2_page_0_branch_3_sturgia,{=!}stage_2_page_0_branch_3_sturgia,stage_2_page_0_branch_3_sturgia,,Lord,sturgia,Infantry,,false,true,,,,,,,,,,False,False
child_education_templates_stage_2_page_0_branch_3_vlandia,{=!}stage_2_page_0_branch_3_vlandia,stage_2_page_0_branch_3_vlandia,,Lord,vlandia,Infantry,,false,true,,,,,,,,,,False,False
child_education_templates_stage_2_page_0_branch_4_aserai,{=!}stage_2_page_0_branch_4_aserai,stage_2_page_0_branch_4_aserai,,Lord,aserai,Infantry,,false,true,,,,,,,,,,False,False
child_education_templates_stage_2_page_0_branch_4_battania,{=!}stage_2_page_0_branch_4_battania,stage_2_page_0_branch_4_battania,,Lord,battania,Infantry,,false,true,,,,,,,,,,False,False
child_education_templates_stage_2_page_0_branch_4_empire,{=!}stage_2_page_0_branch_4_empire,stage_2_page_0_branch_4_empire,,Lord,empire,Infantry,,false,true,,,,,,,,,,False,False
child_education_templates_stage_2_page_0_branch_4_khuzait,{=!}stage_2_page_0_branch_4_khuzait,stage_2_page_0_branch_4_khuzait,,Lord,khuzait,Infantry,,false,true,,,,,,,,,,False,False
child_education_templates_stage_2_page_0_branch_4_sturgia,{=!}stage_2_page_0_branch_4_sturgia,stage_2_page_0_branch_4_sturgia,,Lord,sturgia,Infantry,,false,true,,,,,,,,,,False,False
child_education_templates_stage_2_page_0_branch_4_vlandia,{=!}stage_2_page_0_branch_4_vlandia,stage_2_page_0_branch_4_vlandia,,Lord,vlandia,Infantry,,false,true,,,,,,,,,,False,False
child_education_templates_stage_2_page_0_branch_5_aserai,{=!}stage_2_page_0_branch_5_aserai,stage_2_page_0_branch_5_aserai,,Lord,aserai,Infantry,,false,true,,,,,,,,,,False,False
child_education_templates_stage_2_page_0_branch_5_battania,{=!}stage_2_page_0_branch_5_battania,stage_2_page_0_branch_5_battania,,Lord,battania,Infantry,,false,true,,,,,,,,,,False,False
child_education_templates_stage_2_page_0_branch_5_empire,{=!}stage_2_page_0_branch_5_empire,stage_2_page_0_branch_5_empire,,Lord,empire,Infantry,,false,true,,,,,,,,,,False,False
child_education_templates_stage_2_page_0_branch_5_khuzait,{=!}stage_2_page_0_branch_5_khuzait,stage_2_page_0_branch_5_khuzait,,Lord,khuzait,Infantry,,false,true,,,,,,,,,,False,False
child_education_templates_stage_2_page_0_branch_5_sturgia,{=!}stage_2_page_0_branch_5_sturgia,stage_2_page_0_branch_5_sturgia,,Lord,sturgia,Infantry,,false,true,,,,,,,,,,False,False
child_education_templates_stage_2_page_0_branch_5_vlandia,{=!}stage_2_page_0_branch_5_vlandia,stage_2_page_0_branch_5_vlandia,,Lord,vlandia,Infantry,,false,true,,,,,,,,,,False,False
main_hero,{=ekcBrNN1}Eren,Eren,,Lord,battania,Cavalry,,true,,0.0,0.0,0.0,0.0,0.0,0.0,0.0,0.0,,False,False
dead_lord_2_1,{=pkJy3oQL}Olek the Old,Olek the Old,,Lord,sturgia,Infantry,,true,,,,,,,,,,,False,False
dead_lord_2_2,{=jIOMwnka}Varra,Varra,,Lord,sturgia,Infantry,,true,,,,,,,,,,,False,False
dead_lord_3_1,{=x9LbvJYp}Nimr,Nimr,,Lord,aserai,Infantry,,true,,,,,,,,,,,False,False
dead_lord_6_1,{=vl2tgsKa}Urkhun,Urkhun,,Lord,khuzait,Infantry,,true,,,,,,,,,,,False,False
dead_lord_6_2,{=3AMc9o0o}Solun,Solun,,Lord,khuzait,Infantry,,true,,,,,,,,,,,False,False
dead_lord_6_3,{=GRjLT63Z}Kuyug,Kuyug,,Lord,khuzait,Infantry,,true,,,,,,,,,,,False,False
dead_lord_6_4,{=k3cm9EgA}Undul,Undul,,Lord,khuzait,Infantry,,true,,,,,,,,,,,False,False
lord_1_1,{=CLqPbdiZ}Lucon,Lucon,,Lord,empire,Cavalry,,true,,,,,,,,,,,False,False
lord_1_2,{=wbLqHvjE}Zerosica,Zerosica,,Lord,empire,Cavalry,,true,,,,,,,,,,,False,False
lord_1_1_1,{=aom_lord_1_1_1_name}Eldith Grey-Claw,Eldith Grey-Claw,,Lord,empire,Infantry,,true,,245.0,215.0,215.0,170.0,80.0,170.0,180.0,255.0,,False,False
lord_1_1_2,{=aom_lord_1_1_2_name}Sigga Wyrmbane,Sigga Wyrmbane,,Lord,empire,Infantry,,true,,40.0,20.0,30.0,70.0,40.0,40.0,120.0,100.0,,False,False
lord_1_1_3,{=aom_lord_1_1_3_name}Sigrun Boarfang,Sigrun Boarfang,,Lord,empire,Infantry,,true,,40.0,20.0,30.0,70.0,40.0,40.0,120.0,100.0,,False,False
lord_1_1_4,{=aom_lord_1_1_4_name}Thyra Bloodtusk,Thyra Bloodtusk,,Lord,empire,Infantry,,true,,40.0,20.0,30.0,70.0,40.0,40.0,120.0,100.0,,False,False
lord_1_1_5,{=aom_lord_1_1_5_name}Hilda Bonecrusher,Hilda Bonecrusher,,Lord,empire,Infantry,,true,,40.0,20.0,30.0,70.0,40.0,40.0,120.0,100.0,,False,False
lord_1_1_6,"{=aom_lord_1_1_6_name}Yrsa, the Winter Boar","Yrsa, the Winter Boar",,Lord,empire,Infantry,,true,,235.0,200.0,210.0,200.0,80.0,190.0,200.0,265.0,,False,False
lord_1_1_7,{=aom_lord_1_1_7_name}Freydis Oxmane,Freydis Oxmane,,Lord,empire,Cavalry,,true,,245.0,215.0,215.0,170.0,80.0,170.0,180.0,255.0,,False,False
lord_1_1_8,{=aom_lord_1_1_8_name}Eira Shadowclaw,Eira Shadowclaw,,Lord,empire,Cavalry,,true,,235.0,200.0,210.0,200.0,80.0,190.0,200.0,265.0,,False,False
lord_1_1_9,{=aom_lord_1_1_9_name}Sifra Bonewalker,Sifra Bonewalker,,Lord,empire,Cavalry,,true,,60.0,30.0,50.0,70.0,50.0,50.0,140.0,110.0,,False,False
lord_1_1_10,{=aom_lord_1_1_10_name}Haldis Redmist,Haldis Redmist,,Lord,empire,Cavalry,,true,,40.0,20.0,30.0,70.0,40.0,40.0,120.0,100.0,,False,False
lord_1_1_11,{=aom_lord_1_1_11_name}Yrla Ghostpelt,Yrla Ghostpelt,,Lord,empire,Cavalry,,true,,40.0,20.0,30.0,70.0,40.0,40.0,120.0,100.0,,False,False
lord_1_1_15,{=aom_lord_1_1_15_name}Aelwyn Hawkeye,Aelwyn Hawkeye,,Lord,empire,HorseArcher,,true,,235.0,200.0,210.0,200.0,80.0,190.0,200.0,265.0,,False,False
lord_1_1_16,{=aom_lord_1_1_16_name}Brianna Wingdart,Brianna Wingdart,,Lord,empire,HorseArcher,,true,,235.0,200.0,210.0,200.0,80.0,190.0,200.0,265.0,,False,False
lord_1_3,{=6GC0PsSh}Manteos,Manteos,,Lord,empire,Cavalry,,true,,,,,,,,,,,False,False
lord_1_4,{=WrAMfIG1}Phenoria,Phenoria,,Lord,empire,Cavalry,,true,,,,,,,,,,,False,False
lord_1_5,{=1cKxsHSh}Penton,Penton,,Lord,empire,Cavalry,,true,,,,,,,,,,,False,False
lord_1_6,{=q186AQHt}Phadon,Phadon,,Lord,empire,Cavalry,,true,,,,,,,,,,,False,False
lord_1_7,{=I72U5ttG}Garios,Garios,,Lord,empire,Cavalry,,true,,,,,,,,,,,False,False
lord_1_8,{=VzhbUL60}Vendelia,Vendelia,,Lord,empire,Cavalry,,true,,,,,,,,,,,False,False
lord_1_9,{=QjJAbaoT}Apys,Apys,,Lord,empire,Cavalry,,true,,,,,,,,,,,False,False
lord_1_10,{=WnhPFlON}Melkea,Melkea,,Lord,empire,Cavalry,,true,,,,,,,,,,,False,False
lord_1_25,{=DH7SnD7L}Eronyx,Eronyx,,Lord,empire,Cavalry,,true,,,,,,,,,,,False,False
lord_1_35,{=kwNl4bsS}Amenon,Amenon,,Lord,empire,Cavalry,,true,,,,,,,,,,,False,False
lord_1_11,{=acp2IcMs}Crotor,Crotor,,Lord,empire,Cavalry,,true,,,,,,,,,,,False,False
lord_1_111,{=auMsvXpb}Casinon,Casinon,,Lord,empire,HorseArcher,,true,,,,,,,,,,,False,False
lord_1_12,{=dwFZFQ6V}Lysica,Lysica,,Lord,empire,Cavalry,,true,,,,,,,,,,,False,False
lord_1_14,{=kadJAjaA}Rhagaea,Rhagaea,,Lord,empire,Cavalry,,true,,,,,,,,,,,False,False
lord_1_15,{=48bvCvb2}Pharon,Pharon,,Lord,empire,Cavalry,,true,,,,,,,,,,,False,False
lord_1_155,{=UTFGUeVQ}Zeno,Zeno,,Lord,empire,Cavalry,,true,,,,,,,,,,,False,False
lord_1_16,{=2fYYfHUI}Martira,Martira,,Lord,empire,Cavalry,,true,,,,,,,,,,,False,False
lord_1_17,{=JFVseSa3}Oros,Oros,,Lord,empire,Cavalry,,true,,,,,,,,,,,False,False
lord_1_177,{=I2gnhOc2}Honoratus,Honoratus,,Lord,empire,Cavalry,,true,,,,,,,,,,,False,False
lord_1_18,{=OMkSgsV2}Jathea,Jathea,,Lord,empire,Cavalry,,true,,,,,,,,,,,False,False
lord_1_21,{=rGuYLmez}Ascyron,Ascyron,,Lord,empire,Cavalry,,true,,,,,,,,,,,False,False
lord_1_22,{=uTFjknE2}Andros,Andros,,Lord,empire,Cavalry,,true,,,,,,,,,,,False,False
lord_1_23,{=XkNnlSwA}Jastion,Jastion,,Lord,empire,Cavalry,,true,,,,,,,,,,,False,False
lord_1_24,{=PjSQYAaR}Tadeos,Tadeos,,Lord,empire,Cavalry,,true,,,,,,,,,,,False,False
lord_1_75,{=LiAefNmE}Thephilos,Thephilos,,Lord,empire,Cavalry,,true,,,,,,,,,,,False,False
lord_1_26,{=tTuaiLS6}Meritor,Meritor,,Lord,empire,Cavalry,,true,,,,,,,,,,,False,False
lord_1_27,{=waQPRCaT}Patyr,Patyr,,Lord,empire,Cavalry,,true,,,,,,,,,,,False,False
lord_1_27_1,{=aom_lord_1_27_1_name}Verina,Verina,,Lord,mordor,Infantry,,true,,140.0,100.0,130.0,180.0,140.0,140.0,180.0,200.0,,False,False
lord_1_27_2,{=aom_lord_1_27_2_name}Throznak,Throznak,,Lord,mordor,Infantry,,true,,235.0,220.0,215.0,140.0,90.0,160.0,150.0,240.0,,False,False
lord_1_27_3,{=aom_lord_1_27_3_name}Vasilia,Vasilia,,Lord,mordor,Cavalry,,true,,275.0,265.0,240.0,170.0,110.0,190.0,190.0,265.0,,False,False
lord_1_28,{=HGBWqbhQ}Temion,Temion,,Lord,empire,Cavalry,,true,,,,,,,,,,,False,False
lord_1_29,{=5eTb2xr7}Sanion,Sanion,,Lord,empire,Cavalry,,true,,,,,,,,,,,False,False
lord_1_31,{=AccBcEIt}Zoana,Zoana,,Lord,empire,Cavalry,,true,,,,,,,,,,,False,False
lord_1_32,{=V1QLbhRl}Sora,Sora,,Lord,empire,Cavalry,,true,,,,,,,,,,,False,False
lord_1_33,{=AdK4Ilzw}Chalia,Chalia,,Lord,empire,Cavalry,,true,,,,,,,,,,,False,False
lord_1_422,{=LQYkBOsU}Maurentios,Maurentios,,Lord,empire,HorseArcher,,true,,,,,,,,,,,False,False
lord_1_34,{=uLjRHv9p}Nadea,Nadea,,Lord,empire,Cavalry,,true,,180.0,170.0,170.0,180.0,110.0,110.0,180.0,110.0,,False,False
lord_1_36,{=FUT6eXfw}Phaea,Phaea,,Lord,empire,Cavalry,,true,,,,,,,,,,,False,False
lord_1_37,{=HSlPLC4m}Ira,Ira,,Lord,empire,Cavalry,,true,,,,,,,,,,,False,False
lord_1_38,{=6YiMWxVM}Helea,Helea,,Lord,empire,Cavalry,,true,,,,,,,,,,,False,False
lord_1_39,{=YBGCXSEx}Debana,Debana,,Lord,empire,Cavalry,,true,,,,,,,,,,,False,False
lord_1_41,{=O75XlydW}Arcor,Arcor,,Lord,empire,Cavalry,,true,,,,,,,,,,,False,False
lord_1_411,{=W1uwgvAQ}Arion,Arion,,Lord,empire,Cavalry,,true,,,,,,,,,,,False,False
lord_1_42,{=10urvYUQ}Belithor,Belithor,,Lord,empire,HorseArcher,,true,,,,,,,,,,,False,False
lord_1_43,{=Dsclf61p}Chason,Chason,,Lord,empire,Cavalry,,true,,,,,,,,,,,False,False
lord_1_44,{=u1lTJoPO}Nemos,Nemos,,Lord,empire,Cavalry,,true,,,,,,,,,,,False,False
lord_1_47,{=xViSxONn}Ulbos,Ulbos,,Lord,empire,Cavalry,,true,,,,,,,,,,,False,False
lord_1_47_1,{=aom_lord_1_47_1_name}Mina,Mina,,Lord,mordor,Cavalry,,true,,170.0,160.0,160.0,160.0,110.0,140.0,110.0,200.0,,False,False
lord_1_47_2,{=aom_lord_1_47_2_name}Casyrea,Casyrea,,Lord,mordor,Cavalry,,true,,235.0,220.0,215.0,140.0,90.0,160.0,150.0,240.0,,False,False
lord_1_47_3,{=aom_lord_1_47_3_name}Colambea,Colambea,,Lord,mordor,Cavalry,,true,,235.0,220.0,215.0,140.0,90.0,160.0,150.0,240.0,,False,False
lord_1_49,{=QGIAbglw}Obron,Obron,,Lord,empire,Cavalry,,true,,,,,,,,,,,False,False
lord_1_49_1,{=aom_lord_1_49_1_name}Tristania,Tristania,,Lord,mordor,Cavalry,,true,,170.0,160.0,160.0,160.0,110.0,140.0,110.0,200.0,,False,False
lord_1_49_2,{=aom_lord_1_49_2_name}Gordiana,Gordiana,,Lord,mordor,Cavalry,,true,,235.0,220.0,215.0,140.0,90.0,160.0,150.0,240.0,,False,False
lord_1_20,{=rUvnbDi2}Encurion,Encurion,,Lord,empire,HorseArcher,,true,,,,,,,,,,,False,False
lord_1_1_12,{=aom_lord_1_1_12_name}Freya Clawrend,Freya Clawrend,,Lord,empire,Infantry,,true,,245.0,215.0,215.0,170.0,80.0,170.0,180.0,255.0,,False,False
lord_1_64,{=6ZTCwKfD}Miron,Miron,,Lord,empire,Cavalry,,true,,,,,,,,,,,False,False
lord_1_1_13,{=aom_lord_1_1_13_name}Gundrun Ironpaw,Gundrun Ironpaw,,Lord,empire,Infantry,,true,,245.0,215.0,215.0,170.0,80.0,170.0,180.0,255.0,,False,False
lord_1_50,{=jQjouVRk}Gyphor,Gyphor,,Lord,empire,Cavalry,,true,,,,,,,,,,,False,False
lord_1_66,{=YWJUZlzt}Lantanor,Lantanor,,Lord,empire,Cavalry,,true,,,,,,,,,,,False,False
lord_1_1_14,{=aom_lord_1_1_14_name}Morgith,Morgith,,Lord,empire,Ranged,,true,,40.0,20.0,30.0,70.0,40.0,40.0,120.0,100.0,,False,False
lord_1_1_17,{=aom_lord_1_1_17_name}Branoc Feathershaft,Branoc Feathershaft,,Lord,empire,Ranged,,true,,230.0,180.0,220.0,100.0,70.0,120.0,250.0,240.0,,False,False
lord_1_51,{=3qr3bhL6}Nicasor,Nicasor,,Lord,empire,Cavalry,,true,,,,,,,,,,,False,False
lord_1_58,{=MaeS2r7p}Tasynor,Tasynor,,Lord,empire,Cavalry,,true,,,,,,,,,,,False,False
lord_1_70,{=cjuYkvlX}Panalea,Panalea,,Lord,empire,Cavalry,,true,,,,,,,,,,,False,False
lord_NE7_u,{=aom_lord_NE7_u_name}Haldric the Black Fang,Haldric the Black Fang,,Lord,empire,HorseArcher,,true,,245.0,215.0,215.0,170.0,80.0,170.0,180.0,255.0,,False,False
lord_1_67,{=eTS0B8NB}Olypos,Olypos,,Lord,empire,Cavalry,,true,,,,,,,,,,,False,False
lord_1_40,{=kfNW01y5}Tynops,Tynops,,Lord,empire,Cavalry,,true,,,,,,,,,,,False,False
lord_1_40_1,{=aom_lord_1_40_1_name}Lindariel,Lindariel,,Lord,gondor,Cavalry,,true,,60.0,30.0,50.0,80.0,60.0,50.0,160.0,120.0,,False,False
lord_1_46,{=qqW5n5Ox}Milos,Milos,,Lord,empire,Cavalry,,true,,,,,,,,,,,False,False
lord_1_46_1,{=aom_lord_1_46_1_name}Thorwen,Thorwen,,Lord,gondor,Cavalry,,true,,60.0,30.0,50.0,80.0,60.0,50.0,140.0,110.0,,False,False
lord_1_45,{=7nVZgjmn}Desporion,Desporion,,Lord,empire,Cavalry,,true,,,,,,,,,,,False,False
lord_1_45_1,{=aom_lord_1_45_1_name}Berethiel,Berethiel,,Lord,gondor,Cavalry,,true,,60.0,30.0,50.0,80.0,60.0,50.0,160.0,120.0,,False,False
lord_1_45_2,{=aom_lord_1_45_2_name}Brandir,Brandir,,Lord,gondor,Cavalry,,true,,180.0,150.0,170.0,110.0,80.0,110.0,200.0,200.0,,False,False
lord_1_45_3,{=aom_lord_1_45_3_name}Borlong,Borlong,,Lord,gondor,Cavalry,,true,,200.0,150.0,190.0,90.0,70.0,90.0,180.0,160.0,,False,False
lord_1_57,{=EJFY3KdF}Altenos,Altenos,,Lord,empire,Cavalry,,true,,,,,,,,,,,False,False
lord_1_57_1,{=aom_lord_1_57_1_name}Sophalia,Sophalia,,Lord,gondor,Cavalry,,true,,40.0,20.0,30.0,70.0,40.0,40.0,120.0,100.0,,False,False
lord_1_57_2,{=aom_lord_1_57_2_name}Jephalia,Jephalia,,Lord,gondor,Cavalry,,true,,10.0,10.0,5.0,5.0,5.0,15.0,5.0,15.0,,False,False
lord_1_52,{=6TphQddp}Saratis,Saratis,,Lord,empire,Cavalry,,true,,,,,,,,,,,False,False
lord_1_52_1,{=aom_lord_1_52_1_name}Arador,Arador,,Lord,gondor,Infantry,,true,,140.0,80.0,120.0,170.0,110.0,110.0,180.0,190.0,,False,False
lord_1_52_2,{=aom_lord_1_52_2_name}Arvedui,Arvedui,,Lord,gondor,Infantry,,true,,180.0,140.0,180.0,200.0,110.0,140.0,200.0,210.0,,False,False
lord_1_53,{=3C8F07SL}Achios,Achios,,Lord,empire,Cavalry,,true,,,,,,,,,,,False,False
lord_1_71,{=qJJ8nXFN}Vipon,Vipon,,Lord,empire,Cavalry,,true,,,,,,,,,,,False,False
lord_WE8_c,{=aom_lord_WE8_c_name}Icratia,Icratia,,Lord,gondor,HorseArcher,,true,,180.0,140.0,170.0,200.0,110.0,140.0,190.0,215.0,,False,False
lord_WE8_u,{=aom_lord_WE8_u_name}Varmyros,Varmyros,,Lord,gondor,HorseArcher,,true,,215.0,165.0,205.0,215.0,135.0,160.0,180.0,235.0,,False,False
lord_1_73,{=HQaqg40g}Ovagos,Ovagos,,Lord,empire,Cavalry,,true,,,,,,,,,,,False,False
lord_1_73_1,{=aom_lord_1_73_1_name}Popilia,Popilia,,Lord,gondor,Cavalry,,true,,60.0,30.0,50.0,70.0,50.0,50.0,140.0,110.0,,False,False
lord_1_62,{=fb0F6jKI}Sejaron,Sejaron,,Lord,empire,Cavalry,,true,,,,,,,,,,,False,False
lord_1_62_1,{=aom_lord_1_62_1_name}Arytha,Arytha,,Lord,gondor,Cavalry,,true,,60.0,30.0,50.0,70.0,50.0,50.0,140.0,110.0,,False,False
lord_1_30,{=P7iNhhPl}Turiados,Turiados,,Lord,empire,Cavalry,,true,,,,,,,,,,,False,False
lord_1_30_1,{=aom_lord_1_30_1_name}Svala Redfang,Svala Redfang,,Lord,mordor,Cavalry,,true,,255.0,245.0,225.0,160.0,100.0,170.0,180.0,250.0,,False,False
lord_1_30_2,{=aom_lord_1_30_2_name}Mogra,Mogra,,Lord,mordor,Cavalry,,true,,13.0,11.0,5.0,5.0,5.0,16.0,5.0,18.0,,False,False
lord_1_30_3,{=aom_lord_1_30_3_name}Snaga,Snaga,,Lord,mordor,Cavalry,,true,,11.0,11.0,5.0,5.0,5.0,15.0,5.0,16.0,,False,False
lord_1_48,{=katzUyMI}Joron,Joron,,Lord,empire,Cavalry,,true,,,,,,,,,,,False,False
lord_1_48_1,"{=aom_lord_1_48_1_name}Nazgûl, the Tainted","Nazgûl, the Tainted",,Lord,mordor,Infantry,,true,,290.0,270.0,290.0,210.0,180.0,210.0,290.0,285.0,,False,False
lord_1_48_2,"{=aom_lord_1_48_2_name}Nazgûl, the Shadow of Northmen","Nazgûl, the Shadow of Northmen",,Lord,mordor,Infantry,,true,,290.0,270.0,290.0,210.0,180.0,210.0,290.0,285.0,,False,False
lord_1_48_3,"{=aom_lord_1_48_3_name}Nazgûl, the Shadow of Umbar","Nazgûl, the Shadow of Umbar",,Lord,mordor,Infantry,,true,,290.0,270.0,290.0,210.0,180.0,210.0,290.0,285.0,,False,False
lord_1_54,{=sZebVgCp}Sichanis,Sichanis,,Lord,empire,Cavalry,,true,,,,,,,,,,,False,False
lord_1_54_1,{=aom_lord_1_54_1_name}Constalia,Constalia,,Lord,mordor,Cavalry,,true,,170.0,160.0,160.0,160.0,110.0,140.0,110.0,200.0,,False,False
lord_1_55,{=OymqpgTX}Serandon,Serandon,,Lord,empire,Cavalry,,true,,,,,,,,,,,False,False
lord_1_55_1,{=aom_lord_1_55_1_name}Megethia,Megethia,,Lord,mordor,Cavalry,,true,,170.0,160.0,160.0,160.0,110.0,140.0,110.0,200.0,,False,False
lord_1_63,{=AWDNxFbh}Baranor,Baranor,,Lord,empire,Cavalry,,true,,,,,,,,,,,False,False
lord_1_63_1,{=aom_lord_1_63_1_name}Valaria,Valaria,,Lord,mordor,Cavalry,,true,,170.0,160.0,160.0,160.0,110.0,140.0,110.0,200.0,,False,False
lord_1_63_2,{=aom_lord_1_63_2_name}Comatasa,Comatasa,,Lord,mordor,Cavalry,,true,,36.0,23.0,18.0,8.0,13.0,25.0,21.0,44.0,,False,False
lord_1_63_3,{=aom_lord_1_63_3_name}Elidilea,Elidilea,,Lord,mordor,Cavalry,,true,,28.0,19.0,13.0,5.0,9.0,22.0,12.0,35.0,,False,False
lord_1_56,{=MADTaSFV}Seranor,Seranor,,Lord,empire,Cavalry,,true,,,,,,,,,,,False,False
lord_1_56_1,{=aom_lord_1_56_1_name}Gwenna,Gwenna,,Lord,empire,Cavalry,,true,,245.0,215.0,215.0,170.0,80.0,170.0,180.0,255.0,,False,False
lord_1_56_2,{=aom_lord_1_56_2_name}Rustica,Rustica,,Lord,empire,Cavalry,,true,,245.0,215.0,215.0,170.0,80.0,170.0,180.0,255.0,,False,False
lord_1_68,{=9xyXdX4I}Tharos,Tharos,,Lord,empire,Cavalry,,true,,,,,,,,,,,False,False
lord_1_68_1,{=aom_lord_1_68_1_name}Silvina,Silvina,,Lord,mordor,Cavalry,,true,,235.0,220.0,215.0,140.0,90.0,160.0,150.0,240.0,,False,False
lord_1_69,{=4YOoGhpK}Niphon,Niphon,,Lord,empire,Cavalry,,true,,,,,,,,,,,False,False
lord_1_69_1,{=aom_lord_1_69_1_name}Areliana,Areliana,,Lord,mordor,Infantry,,true,,170.0,160.0,160.0,160.0,110.0,140.0,110.0,200.0,,False,False
lord_1_69_2,{=aom_lord_1_69_2_name}Dorathila,Dorathila,,Lord,mordor,Infantry,,true,,23.0,16.0,9.0,5.0,6.0,20.0,6.0,29.0,,False,False
lord_1_72,{=RYksq67N}Abalytos,Abalytos,,Lord,empire,Cavalry,,true,,,,,,,,,,,False,False
lord_1_72_1,{=aom_lord_1_72_1_name}Viviana,Viviana,,Lord,mordor,Cavalry,,true,,170.0,160.0,160.0,160.0,110.0,140.0,110.0,200.0,,False,False
lord_SE8_c,{=aom_lord_SE8_c_name}Itaria,Itaria,,Lord,mordor,Infantry,,true,,170.0,160.0,160.0,160.0,110.0,140.0,110.0,200.0,,False,False
lord_1_74,{=26W8jFm9}Zachanis,Zachanis,,Lord,empire,Cavalry,,true,,,,,,,,,,,False,False
lord_1_74_1,{=aom_lord_1_74_1_name}Zena,Zena,,Lord,mordor,Cavalry,,true,,170.0,160.0,160.0,160.0,110.0,140.0,110.0,200.0,,False,False
lord_NE8_l,"{=aom_lord_NE8_l_name}Eadric, The Swift","Eadric, The Swift",,Lord,empire,Cavalry,,true,,160.0,120.0,140.0,90.0,70.0,100.0,190.0,180.0,,False,False
lord_NE8_s,{=aom_lord_NE8_s_name}Aeloria,Aeloria,,Lord,empire,HorseArcher,,true,,40.0,20.0,30.0,70.0,40.0,40.0,120.0,100.0,,False,False
lord_NE8_c1,"{=aom_lord_NE8_c1_name}Cerdic, the Anvil","Cerdic, the Anvil",,Lord,empire,Cavalry,,true,,160.0,120.0,140.0,90.0,70.0,100.0,190.0,180.0,,False,False
lord_NE8_c2,{=aom_lord_NE8_c2_name}Morwen,Morwen,,Lord,empire,Cavalry,,true,,40.0,20.0,30.0,70.0,40.0,40.0,120.0,100.0,,False,False
lord_NE9_l,{=aom_lord_NE9_l_name}Valthor Scalecleaver,Valthor Scalecleaver,,Lord,empire,Cavalry,,true,,160.0,120.0,140.0,90.0,70.0,100.0,190.0,180.0,,False,False
lord_NE9_s,{=aom_lord_NE9_s_name}Rurik Fanghew,Rurik Fanghew,,Lord,empire,Cavalry,,true,,160.0,120.0,140.0,90.0,70.0,100.0,190.0,180.0,,False,False
lord_NE9_d,{=aom_lord_NE9_d_name}Sylva Serpent-Strike,Sylva Serpent-Strike,,Lord,empire,Cavalry,,true,,40.0,20.0,30.0,70.0,40.0,40.0,120.0,100.0,,False,False
lord_WE9_l,"{=aom_lord_WE9_l_name}Duinhir, Lord of Morthond","Duinhir, Lord of Morthond",,Lord,gondor,Infantry,,true,,205.0,172.0,177.0,290.0,177.0,177.0,177.0,177.0,,False,False
lord_WE9_u,{=aom_lord_WE9_u_name}Euresa,Euresa,,Lord,gondor,Cavalry,,true,,200.0,150.0,190.0,275.0,130.0,160.0,170.0,255.0,,False,False
lord_WE9_u2,{=aom_lord_WE9_u2_name}Torvasis,Torvasis,,Lord,gondor,Cavalry,,true,,60.0,30.0,50.0,70.0,50.0,50.0,140.0,110.0,,False,False
lord_SE9_l,"{=aom_lord_SE9_l_name}Grishnákh, Uruk Captain","Grishnákh, Uruk Captain",,Lord,mordor,Infantry,,true,,265.0,255.0,235.0,170.0,110.0,190.0,180.0,255.0,,False,False
lord_SE9_s,{=aom_lord_SE9_s_name}Jonna,Jonna,,Lord,mordor,Cavalry,,true,,140.0,100.0,130.0,180.0,140.0,140.0,180.0,200.0,,False,False
lord_SE9_c1,{=aom_lord_SE9_c1_name}Pagarios,Pagarios,,Lord,mordor,Cavalry,,true,,255.0,210.0,240.0,210.0,170.0,180.0,240.0,255.0,,False,False
lord_SE9_c2,{=aom_lord_SE9_c2_name}Diasca,Diasca,,Lord,mordor,Infantry,,true,,140.0,100.0,130.0,180.0,140.0,140.0,180.0,200.0,,False,False
lord_2_1,{=rNrq6QdU}Raganvad,Raganvad,,Lord,sturgia,Infantry,,true,,,,,,,,,,,False,False
lord_2_2,{=XqcD0WEu}Asta,Asta,,Lord,sturgia,Cavalry,,true,,,,,,,,,,,False,False
lord_2_3,{=xtEfnInH}Olek,Olek,,Lord,sturgia,Infantry,,true,,,,,,,,,,,False,False
lord_2_4,{=2Bh8DS8S}Siga,Siga,,Lord,sturgia,Cavalry,,true,,,,,,,,,,,False,False
lord_2_4_1,{=aom_lord_2_4_1_name}Apolanea,Apolanea,,Lord,sturgia,Cavalry,,true,,215.0,155.0,205.0,260.0,120.0,170.0,215.0,240.0,,False,False
lord_2_5,{=f6urGGlU}Godun,Godun,,Lord,sturgia,Cavalry,,true,,,,,,,,,,,False,False
lord_2_6,{=yNSLGTYc}Erta,Erta,,Lord,sturgia,Cavalry,,true,,,,,,,,,,,False,False
lord_2_7,{=XDAQgjpH}Simir,Simir,,Lord,sturgia,HorseArcher,,true,,,,,,,,,,,False,False
lord_2_7_1,{=aom_lord_2_7_1_name}Mimir,Mimir,,Lord,sturgia,Infantry,,true,,160.0,120.0,140.0,90.0,70.0,100.0,190.0,180.0,,False,False
lord_2_8,{=uDlnsFIF}Urik,Urik,,Lord,sturgia,Cavalry,,true,,,,,,,,,,,False,False
lord_2_9,{=KBq7aQRa}Lek,Lek,,Lord,sturgia,Cavalry,,true,,,,,,,,,,,False,False
lord_2_10,{=CuH8aalQ}Valla,Valla,,Lord,sturgia,Cavalry,,true,,,,,,,,,,,False,False
lord_2_11,{=GFmOwx4L}Idrun,Idrun,,Lord,sturgia,Cavalry,,true,,,,,,,,,,,False,False
lord_2_111,{=wGAJSplG}Rozhivol,Rozhivol,,Lord,sturgia,Cavalry,,true,,,,,,,,,,,False,False
lord_2_12,{=b2d9BYxT}Svana,Svana,,Lord,sturgia,Cavalry,,true,,,,,,,,,,,False,False
lord_2_121,{=IwAcNgLc}Osven,Osven,,Lord,sturgia,Cavalry,,true,,,,,,,,,,,False,False
lord_2_13,{=hy7mIh48}Vidar,Vidar,,Lord,sturgia,Cavalry,,true,,,,,,,,,,,False,False
lord_2_13_1,{=aom_lord_2_13_1_name}Lilizha,Lilizha,,Lord,sturgia,Cavalry,,true,,40.0,20.0,30.0,70.0,40.0,40.0,120.0,100.0,,False,False
lord_2_13_2,{=aom_lord_2_13_2_name}Andruta,Andruta,,Lord,sturgia,Cavalry,,true,,40.0,20.0,30.0,70.0,40.0,40.0,120.0,100.0,,False,False
lord_2_13_3,{=aom_lord_2_13_3_name}Luda,Luda,,Lord,sturgia,Cavalry,,true,,40.0,20.0,30.0,70.0,40.0,40.0,120.0,100.0,,False,False
lord_2_13_4,{=aom_lord_2_13_4_name}Teta,Teta,,Lord,sturgia,Cavalry,,true,,40.0,20.0,30.0,70.0,40.0,40.0,120.0,100.0,,False,False
lord_2_14,{=ZkaaXxeB}Isvan,Isvan,,Lord,sturgia,Cavalry,,true,,,,,,,,,,,False,False
lord_2_14_1,{=aom_lord_2_14_1_name}Valkava,Valkava,,Lord,sturgia,Cavalry,,true,,215.0,155.0,205.0,260.0,120.0,170.0,215.0,240.0,,False,False
lord_2_14_2,{=aom_lord_2_14_2_name}Zaverena,Zaverena,,Lord,sturgia,Cavalry,,true,,160.0,120.0,140.0,90.0,70.0,100.0,190.0,180.0,,False,False
lord_2_14_3,{=aom_lord_2_14_3_name}Vizhduna,Vizhduna,,Lord,sturgia,Cavalry,,true,,160.0,120.0,140.0,90.0,70.0,100.0,190.0,180.0,,False,False
lord_2_15,{=iOYRpw24}Ratagost,Ratagost,,Lord,sturgia,Cavalry,,true,,,,,,,,,,,False,False
lord_2_15_1,{=aom_lord_2_15_1_name}Yachana,Yachana,,Lord,sturgia,Cavalry,,true,,40.0,20.0,30.0,70.0,40.0,40.0,120.0,100.0,,False,False
lord_2_15_2,{=aom_lord_2_15_2_name}Milanka,Milanka,,Lord,sturgia,Cavalry,,true,,40.0,20.0,30.0,70.0,40.0,40.0,120.0,100.0,,False,False
lord_2_15_3,{=aom_lord_2_15_3_name}Velina,Velina,,Lord,sturgia,Cavalry,,true,,40.0,20.0,30.0,70.0,40.0,40.0,120.0,100.0,,False,False
lord_2_15_4,{=aom_lord_2_15_4_name}Bovan,Bovan,,Lord,sturgia,Cavalry,,true,,160.0,120.0,140.0,90.0,70.0,100.0,190.0,180.0,,False,False
lord_2_16,{=agn93v7y}Yorig,Yorig,,Lord,sturgia,Cavalry,,true,,,,,,,,,,,False,False
lord_2_16_1,{=aom_lord_2_16_1_name}Tyaska,Tyaska,,Lord,sturgia,Cavalry,,true,,40.0,20.0,30.0,70.0,40.0,40.0,120.0,100.0,,False,False
lord_2_17,{=pMbA799s}Vyldur,Vyldur,,Lord,sturgia,Cavalry,,true,,,,,,,,,,,False,False
lord_2_17_1,{=aom_lord_2_17_1_name}Dracha,Dracha,,Lord,sturgia,Cavalry,,true,,60.0,30.0,50.0,70.0,50.0,50.0,140.0,110.0,,False,False
lord_2_18,{=N7qb7ae6}Fafen,Fafen,,Lord,sturgia,Cavalry,,true,,,,,,,,,,,False,False
lord_2_18_1,{=aom_lord_2_18_1_name}Zorika,Zorika,,Lord,sturgia,Cavalry,,true,,40.0,20.0,30.0,70.0,40.0,40.0,120.0,100.0,,False,False
lord_2_19,{=mbRvqDhY}Vashorki,Vashorki,,Lord,sturgia,Cavalry,,true,,,,,,,,,,,False,False
lord_2_19_1,{=aom_lord_2_19_1_name}Vitomira,Vitomira,,Lord,sturgia,Cavalry,,true,,40.0,20.0,30.0,70.0,40.0,40.0,120.0,100.0,,False,False
lord_2_20,{=qKrOVIAq}Tovir,Tovir,,Lord,sturgia,Cavalry,,true,,,,,,,,,,,False,False
lord_2_20_1,{=aom_lord_2_20_1_name}Kisha,Kisha,,Lord,sturgia,Cavalry,,true,,40.0,20.0,30.0,70.0,40.0,40.0,120.0,100.0,,False,False
lord_S8_u,{=aom_lord_S8_u_name}Galyk,Galyk,,Lord,sturgia,Cavalry,,true,,215.0,155.0,205.0,260.0,120.0,170.0,215.0,240.0,,False,False
lord_2_21,{=ja22un5W}Svedorn,Svedorn,,Lord,sturgia,Cavalry,,true,,,,,,,,,,,False,False
lord_2_21_1,{=aom_lord_2_21_1_name}Izdenka,Izdenka,,Lord,sturgia,Cavalry,,true,,60.0,30.0,50.0,70.0,50.0,50.0,140.0,110.0,,False,False
lord_2_22,{=quVUTYOB}Lashonek,Lashonek,,Lord,sturgia,Cavalry,,true,,,,,,,,,,,False,False
lord_2_22_1,{=aom_lord_2_22_1_name}Zheneva,Zheneva,,Lord,sturgia,Cavalry,,true,,40.0,20.0,30.0,70.0,40.0,40.0,120.0,100.0,,False,False
lord_2_23,{=HIi53JMZ}Galden,Galden,,Lord,sturgia,Cavalry,,true,,,,,,,,,,,False,False
lord_2_23_1,{=aom_lord_2_23_1_name}Zlatka,Zlatka,,Lord,sturgia,Cavalry,,true,,40.0,20.0,30.0,70.0,40.0,40.0,120.0,100.0,,False,False
lord_2_24,{=PBCwzvbf}Alvar,Alvar,,Lord,sturgia,Cavalry,,true,,,,,,,,,,,False,False
lord_2_24_1,{=aom_lord_2_24_1_name}Zorina,Zorina,,Lord,sturgia,HorseArcher,,true,,215.0,155.0,205.0,260.0,120.0,170.0,215.0,240.0,,False,False
lord_S9_l,{=aom_lord_S9_l_name}Bombur,Bombur,,Lord,sturgia,Infantry,,true,,215.0,155.0,205.0,260.0,120.0,170.0,215.0,240.0,,False,False
lord_S9_m,{=aom_lord_S9_m_name}Dakhila,Dakhila,,Lord,sturgia,Cavalry,,true,,50.0,25.0,40.0,60.0,40.0,40.0,130.0,90.0,,False,False
lord_S9_c,{=aom_lord_S9_c_name}Forim,Forim,,Lord,sturgia,Cavalry,,true,,160.0,120.0,140.0,90.0,70.0,100.0,190.0,180.0,,False,False
lord_S9_u,{=aom_lord_S9_u_name}Chastimir,Chastimir,,Lord,sturgia,Cavalry,,true,,215.0,155.0,205.0,260.0,120.0,170.0,215.0,240.0,,False,False
lord_3_1,{=r3oIoCr8}Unqid,Unqid,,Lord,aserai,Cavalry,,true,,,,,,,,,,,False,False
lord_3_2,{=JhLPgr5x}Jinda,Jinda,,Lord,aserai,Cavalry,,true,,,,,,,,,,,False,False
lord_3_3,{=n2FdWOtE}Adram,Adram,,Lord,aserai,Cavalry,,true,,,,,,,,,,,False,False
lord_3_3_1,{=aom_lord_3_3_1_name}Tariq,Tariq,,Lord,aserai,Cavalry,,true,,160.0,120.0,140.0,90.0,70.0,100.0,190.0,180.0,,False,False
lord_3_4,{=6WWJpv88}Maraa,Maraa,,Lord,aserai,Cavalry,,true,,,,,,,,,,,False,False
lord_3_5,{=iOZtAOgk}Tais,Tais,,Lord,aserai,HorseArcher,,true,,180.0,180.0,180.0,150.0,120.0,120.0,140.0,120.0,,False,False
lord_3_51,{=891zDKIl}Haqan,Haqan,,Lord,aserai,Cavalry,,true,,,,,,,,,,,False,False
lord_3_6,{=nBDKxiyC}Ruma,Ruma,,Lord,aserai,Infantry,,true,,,,,,,,,,,False,False
lord_3_7,{=xC3kCGte}Dhiyul,Dhiyul,,Lord,aserai,Cavalry,,true,,,,,,,,,,,False,False
lord_3_8,{=saaeExBg}Addas,Addas,,Lord,aserai,Infantry,,true,,,,,,,,,,,False,False
lord_3_9,{=LJ6Intaq}Usair,Usair,,Lord,aserai,HorseArcher,,true,,180.0,160.0,190.0,130.0,80.0,150.0,190.0,110.0,,False,False
lord_3_10,{=TfNSLFNF}Anidha,Anidha,,Lord,aserai,Infantry,,true,,,,,,,,,,,False,False
lord_3_11,{=vAKB54zO}Arwa,Arwa,,Lord,aserai,Cavalry,,true,,170.0,220.0,220.0,160.0,100.0,170.0,210.0,130.0,,False,False
lord_3_12,{=MlmPJ502}Manan,Manan,,Lord,aserai,Cavalry,,true,,,,,,,,,,,False,False
lord_3_13,{=WTCIOhvV}Nuqar,Nuqar,,Lord,aserai,Cavalry,,true,,240.0,220.0,250.0,180.0,120.0,190.0,230.0,150.0,,False,False
lord_3_13_1,{=aom_lord_3_13_1_name}Sira,Sira,,Lord,aserai,Cavalry,,true,,60.0,30.0,50.0,70.0,50.0,50.0,140.0,110.0,,False,False
lord_3_13_2,{=aom_lord_3_13_2_name}Razana,Razana,,Lord,aserai,Cavalry,,true,,235.0,170.0,215.0,210.0,110.0,180.0,260.0,235.0,,False,False
lord_3_14,{=HSlqsoPK}Thamza,Thamza,,Lord,aserai,Cavalry,,true,,,,,,,,,,,False,False
lord_3_14_1,{=aom_lord_3_14_1_name}Sasaitha,Sasaitha,,Lord,aserai,HorseArcher,,true,,235.0,170.0,215.0,210.0,110.0,180.0,260.0,235.0,,False,False
lord_3_15,{=NOchnEwX}Ghuzid,Ghuzid,,Lord,aserai,Cavalry,,true,,270.0,270.0,270.0,220.0,180.0,175.0,200.0,180.0,,False,False
lord_3_15_1,{=aom_lord_3_15_1_name}Shimra,Shimra,,Lord,aserai,Cavalry,,true,,210.0,200.0,255.0,240.0,110.0,200.0,255.0,240.0,,False,False
lord_3_15_2,{=aom_lord_3_15_2_name}Bushila,Bushila,,Lord,aserai,Cavalry,,true,,18.0,5.0,5.0,19.0,5.0,5.0,20.0,9.0,,False,False
lord_3_16,{=Er3eFLdH}Suruq,Suruq,,Lord,aserai,Cavalry,,true,,150.0,150.0,150.0,120.0,100.0,100.0,120.0,100.0,,False,False
lord_3_16_1,{=aom_lord_3_16_1_name}Farina,Farina,,Lord,aserai,Cavalry,,true,,235.0,170.0,215.0,210.0,110.0,180.0,260.0,235.0,,False,False
lord_3_17,{=kvxnbHjF}Iyalas,Iyalas,,Lord,aserai,Cavalry,,true,,210.0,210.0,210.0,170.0,144.0,145.0,160.0,147.0,,False,False
lord_3_17_1,{=aom_lord_3_17_1_name}Shaima,Shaima,,Lord,aserai,Cavalry,,true,,60.0,30.0,50.0,70.0,50.0,50.0,140.0,110.0,,False,False
lord_3_17_2,{=aom_lord_3_17_2_name}Sanit,Sanit,,Lord,aserai,Cavalry,,true,,21.0,5.0,5.0,20.0,5.0,5.0,23.0,12.0,,False,False
lord_3_18,{=VAAIYJqI}Talas,Talas,,Lord,aserai,Cavalry,,true,,,,,,,,,,,False,False
lord_3_18_1,{=aom_lord_3_18_1_name}Farzana,Farzana,,Lord,aserai,Cavalry,,true,,235.0,170.0,215.0,210.0,110.0,180.0,260.0,235.0,,False,False
lord_3_18_2,{=aom_lord_3_18_2_name}Hafisa,Hafisa,,Lord,aserai,Cavalry,,true,,235.0,170.0,215.0,210.0,110.0,180.0,260.0,235.0,,False,False
lord_3_18_3,{=aom_lord_3_18_3_name}Zuad,Zuad,,Lord,aserai,Cavalry,,true,,160.0,120.0,140.0,90.0,70.0,100.0,190.0,180.0,,False,False
lord_3_18_4,{=aom_lord_3_18_4_name}Jalfar,Jalfar,,Lord,aserai,Cavalry,,true,,37.0,11.0,23.0,21.0,5.0,10.0,44.0,21.0,,False,False
lord_3_19,{=sABDrRyF}Awdhan,Awdhan,,Lord,aserai,Cavalry,,true,,,,,,,,,,,False,False
lord_3_19_1,{=aom_lord_3_19_1_name}Salma,Salma,,Lord,aserai,Cavalry,,true,,230.0,160.0,240.0,210.0,100.0,180.0,280.0,235.0,,False,False
lord_3_19_2,{=aom_lord_3_19_2_name}Zulaika,Zulaika,,Lord,aserai,Cavalry,,true,,230.0,160.0,240.0,210.0,100.0,180.0,280.0,235.0,,False,False
lord_3_19_3,{=aom_lord_3_19_3_name}Sulhana,Sulhana,,Lord,aserai,Cavalry,,true,,230.0,160.0,240.0,210.0,100.0,180.0,280.0,235.0,,False,False
lord_3_20,{=IgSZcCW0}Karith,Karith,,Lord,aserai,Cavalry,,true,,,,,,,,,,,False,False
lord_3_20_1,{=aom_lord_3_20_1_name}Judira,Judira,,Lord,aserai,Cavalry,,true,,60.0,30.0,50.0,70.0,50.0,50.0,140.0,110.0,,False,False
lord_3_20_2,{=aom_lord_3_20_2_name}Azina,Azina,,Lord,aserai,Cavalry,,true,,60.0,30.0,50.0,110.0,70.0,70.0,180.0,130.0,,False,False
lord_3_21,{=gQ1JZ8ow}Ukhai,Ukhai,,Lord,aserai,Cavalry,,true,,,,,,,,,,,False,False
lord_3_21_1,{=aom_lord_3_21_1_name}Ashisa,Ashisa,,Lord,aserai,Cavalry,,true,,40.0,20.0,30.0,70.0,40.0,40.0,120.0,100.0,,False,False
lord_3_22,{=Xs2Ffm4I}Hashan,Hashan,,Lord,aserai,Cavalry,,true,,,,,,,,,,,False,False
lord_3_22_1,{=aom_lord_3_22_1_name}Yamina,Yamina,,Lord,aserai,Cavalry,,true,,60.0,30.0,50.0,70.0,50.0,50.0,140.0,110.0,,False,False
lord_3_22_2,{=aom_lord_3_22_2_name}Suna,Suna,,Lord,aserai,Cavalry,,true,,160.0,120.0,140.0,90.0,70.0,100.0,190.0,180.0,,False,False
lord_3_22_3,{=aom_lord_3_22_3_name}Zanuwa,Zanuwa,,Lord,aserai,Cavalry,,true,,40.0,20.0,30.0,70.0,40.0,40.0,120.0,100.0,,False,False
lord_3_22_4,{=aom_lord_3_22_4_name}Hajara,Hajara,,Lord,aserai,Cavalry,,true,,39.0,5.0,15.0,29.0,14.0,11.0,44.0,32.0,,False,False
lord_3_23,{=yWPpaXij}Qahin,Qahin,,Lord,aserai,Cavalry,,true,,,,,,,,,,,False,False
lord_3_23_1,{=aom_lord_3_23_1_name}Sukayna,Sukayna,,Lord,aserai,Cavalry,,true,,40.0,20.0,30.0,70.0,40.0,40.0,120.0,100.0,,False,False
lord_A9_l,{=aom_lord_A9_l_name}Caradan,Caradan,,Lord,aserai,Infantry,,true,,235.0,170.0,215.0,210.0,110.0,180.0,260.0,235.0,,False,False
lord_A9_s,{=aom_lord_A9_s_name}Thiqa,Thiqa,,Lord,aserai,Cavalry,,true,,235.0,170.0,215.0,210.0,110.0,180.0,260.0,235.0,,False,False
lord_A9_c,{=aom_lord_A9_c_name}Dhila,Dhila,,Lord,aserai,Cavalry,,true,,235.0,170.0,215.0,210.0,110.0,180.0,260.0,235.0,,False,False
lord_A9_u,{=aom_lord_A9_u_name}Qaban,Qaban,,Lord,aserai,Cavalry,,true,,230.0,160.0,240.0,210.0,100.0,180.0,280.0,235.0,,False,False
lord_4_1,{=jEIsVazl}Derthert,Derthert,,Lord,vlandia,Cavalry,,true,,,,,,,,,,,False,False
lord_4_2,{=5N6i1jQP}Philenora,Philenora,,Lord,vlandia,Cavalry,,true,,,,,,,,,,,False,False
lord_4_3,{=vEsKYrFR}Aldric,Aldric,,Lord,vlandia,Cavalry,,true,,,,,,,,,,,False,False
lord_4_3_1,{=aom_lord_4_3_1_name}Éomer Eoforing,Éomer Eoforing,,Lord,vlandia,Cavalry,,true,,285.0,235.0,285.0,160.0,50.0,160.0,295.0,275.0,,False,False
lord_4_4,{=Pya9aCTd}Elthild,Elthild,,Lord,vlandia,Infantry,,true,,,,,,,,,,,False,False
lord_4_5,{=voimockT}Unthery,Unthery,,Lord,vlandia,Cavalry,,true,,,,,,,,,,,False,False
lord_4_6,{=KsBoNHW5}Calatild,Calatild,,Lord,vlandia,Cavalry,,true,,,,,,,,,,,False,False
lord_4_6_1,{=aom_lord_4_6_1_name}Déorwyn Grimingas,Déorwyn Grimingas,,Lord,vlandia,Cavalry,,true,,210.0,170.0,225.0,140.0,40.0,130.0,240.0,220.0,,False,False
lord_4_7,{=bHTdXTwC}Alary,Alary,,Lord,vlandia,HorseArcher,,true,,210.0,210.0,210.0,170.0,144.0,145.0,160.0,147.0,,False,False
lord_4_8,{=GK1k9K4j}Furnhard,Furnhard,,Lord,vlandia,Cavalry,,true,,,,,,,,,,,False,False
lord_4_9,{=qtwYBHIn}Thomund,Thomund,,Lord,vlandia,Cavalry,,true,,280.0,270.0,290.0,190.0,150.0,150.0,255.0,200.0,,False,False
lord_4_10,{=FR2wUMdb}Elys,Elys,,Lord,vlandia,Cavalry,,true,,,,,,,,,,,False,False
lord_4_11,{=zUJKwx5J}Liena,Liena,,Lord,vlandia,Cavalry,,true,,,,,,,,,,,False,False
lord_4_12,{=sikx0BFu}Silvind,Silvind,,Lord,vlandia,Cavalry,,true,,,,,,,,,,,False,False
lord_4_121,{=YaHhZccz}Lasand,Lasand,,Lord,vlandia,Cavalry,,true,,,,,,,,,,,False,False
lord_4_13,{=abCBBVaU}Romund,Romund,,Lord,vlandia,Cavalry,,true,,,,,,,,,,,False,False
lord_4_14,{=EHalkcEU}Morcon,Morcon,,Lord,vlandia,Cavalry,,true,,,,,,,,,,,False,False
lord_4_141,{=enuXNYIl}Amorcon,Amorcon,,Lord,vlandia,Cavalry,,true,,,,,,,,,,,False,False
lord_4_15,{=PuRfbiW3}Erdurand,Erdurand,,Lord,vlandia,Cavalry,,true,,,,,,,,,,,False,False
lord_4_16,{=iaUQ9lt9}Ingalther,Ingalther,,Lord,vlandia,Cavalry,,true,,,,,,,,,,,False,False
lord_4_16_1,{=aom_lord_4_16_1_name}Mérthú Felánding,Mérthú Felánding,,Lord,vlandia,Cavalry,,true,,60.0,30.0,50.0,70.0,50.0,50.0,140.0,110.0,,False,False
lord_4_17,{=bpl9EXWY}Elbet,Elbet,,Lord,vlandia,Cavalry,,true,,,,,,,,,,,False,False
lord_4_18,{=D6sMSANW}Amalgun,Amalgun,,Lord,vlandia,Cavalry,,true,,,,,,,,,,,False,False
lord_4_181,{=FBa3bDcl}Arthamund,Arthamund,,Lord,vlandia,Cavalry,,true,,,,,,,,,,,False,False
lord_4_19,{=dkEJCrzi}Asela,Asela,,Lord,vlandia,Cavalry,,true,,,,,,,,,,,False,False
lord_4_20,{=vDTGRgtu}Varmund,Varmund,,Lord,vlandia,Cavalry,,true,,,,,,,,,,,False,False
lord_4_20_1,{=aom_lord_4_20_1_name}Ingeltrud,Ingeltrud,,Lord,vlandia,Cavalry,,true,,60.0,30.0,50.0,70.0,50.0,50.0,140.0,110.0,,False,False
lord_4_21,{=LwbqCwne}Ospir,Ospir,,Lord,vlandia,Cavalry,,true,,220.0,210.0,230.0,140.0,110.0,115.0,210.0,150.0,,False,False
lord_4_22,{=a4E2pVDA}Servic,Servic,,Lord,vlandia,Cavalry,,true,,,,,,,,,,,False,False
lord_4_22_1,{=aom_lord_4_22_1_name}Sunnifa Celmunding,Sunnifa Celmunding,,Lord,vlandia,Cavalry,,true,,60.0,30.0,50.0,70.0,50.0,50.0,140.0,110.0,,False,False
lord_4_23,{=T2JS44bJ}Belgir,Belgir,,Lord,vlandia,Cavalry,,true,,,,,,,,,,,False,False
lord_4_23_1,{=aom_lord_4_23_1_name}Wulfwynn Marhad,Wulfwynn Marhad,,Lord,vlandia,Cavalry,,true,,60.0,30.0,50.0,70.0,50.0,50.0,140.0,110.0,,False,False
lord_4_23_2,{=aom_lord_4_23_2_name}Eleduran Marhad,Eleduran Marhad,,Lord,vlandia,Cavalry,,true,,180.0,130.0,190.0,140.0,40.0,120.0,290.0,215.0,,False,False
lord_4_23_3,{=aom_lord_4_23_3_name}Eleduran,Eleduran,,Lord,vlandia,Cavalry,,true,,170.0,120.0,180.0,130.0,40.0,110.0,275.0,200.0,,False,False
lord_4_24,{=6ZQ8nUwj}Hecard,Hecard,,Lord,vlandia,Cavalry,,true,,,,,,,,,,,False,False
lord_4_24_1,{=XSfDaaFp}Adaltrud,Adaltrud,,Lord,vlandia,Cavalry,,true,,,,,,,,,,,False,False
lord_4_24_2,{=UQg7UijR}Gudonhelda,Gudonhelda,,Lord,vlandia,Cavalry,,true,,,,,,,,,,,False,False
lord_4_24_3,{=it6GDDPw}Ingunde,Ingunde,,Lord,vlandia,Cavalry,,true,,,,,,,,,,,False,False
lord_4_24_4,{=k7vF5gWy}Irmgard,Irmgard,,Lord,vlandia,Cavalry,,true,,,,,,,,,,,False,False
lord_4_25,{=l1Ac8s1T}Lucand,Lucand,,Lord,vlandia,Cavalry,,true,,,,,,,,,,,False,False
lord_4_25_1,{=aom_lord_4_25_1_name}Bertliana,Bertliana,,Lord,vlandia,Cavalry,,true,,40.0,20.0,30.0,70.0,40.0,40.0,120.0,100.0,,False,False
lord_4_26,{=aJhRX6Lz}Peric,Peric,,Lord,vlandia,Cavalry,,true,,,,,,,,,,,False,False
lord_4_27,{=8LuUksQg}Vartin,Vartin,,Lord,vlandia,Cavalry,,true,,,,,,,,,,,False,False
lord_4_27_1,{=aom_lord_4_27_1_name}Wærburg Æthellafing,Wærburg Æthellafing,,Lord,vlandia,Cavalry,,true,,60.0,30.0,50.0,70.0,50.0,50.0,140.0,110.0,,False,False
lord_V9_u,{=eghwtdDx}Urundulf,Urundulf,,Lord,vlandia,Cavalry,,true,,,,,,,,,,,False,False
lord_4_28,{=BVNCWAai}Ecarand,Ecarand,,Lord,vlandia,Cavalry,,true,,,,,,,,,,,False,False
lord_4_28_1,{=aom_lord_4_28_1_name}Morcar,Morcar,,Lord,vlandia,Cavalry,,true,,37.0,30.0,54.0,5.0,5.0,15.0,71.0,25.0,,False,False
lord_4_28_2,{=aom_lord_4_28_2_name}Hereswith,Hereswith,,Lord,vlandia,Cavalry,,true,,40.0,20.0,30.0,70.0,40.0,40.0,120.0,100.0,,False,False
lord_V11_l,{=aom_lord_V11_l_name}Léomund Deáfringas,Léomund Deáfringas,,Lord,vlandia,Cavalry,,true,,240.0,180.0,255.0,140.0,40.0,130.0,270.0,240.0,,False,False
lord_V11_u,{=heDA2r49}Voleric,Voleric,,Lord,vlandia,Cavalry,,true,,,,,,,,,,,False,False
lord_V11_c1,{=ujbkd52l}Elendara,Elendara,,Lord,vlandia,Cavalry,,true,,,,,,,,,,,False,False
lord_V11_c2,{=TbluOCYP}Dagunic,Dagunic,,Lord,vlandia,Cavalry,,true,,,,,,,,,,,False,False
lord_5_1,{=w51wGx4b}Caladog,Caladog,,Lord,battania,Cavalry,,true,,,,,,,,,,,False,False
lord_5_7,{=SFybYZNK}Mengus,Mengus,,Lord,battania,Ranged,,true,,,,,,,,,,,False,False
lord_5_1_1,{=aom_lord_5_1_1_name}RandomDude,RandomDude,,Lord,battania,Cavalry,,true,,46.0,13.0,18.0,48.0,13.0,10.0,21.0,54.0,,False,False
lord_5_3,{=cL1lO5iP}Ergeon,Ergeon,,Lord,battania,Ranged,,true,,150.0,170.0,160.0,250.0,144.0,145.0,160.0,147.0,,False,False
lord_5_4,{=8auuZ79h}Nywin,Nywin,,Lord,battania,Infantry,,true,,,,,,,,,,,False,False
lord_5_3_1,{=aom_lord_5_3_1_name}Ranaon,Ranaon,,Lord,battania,Cavalry,,true,,160.0,120.0,140.0,90.0,70.0,100.0,190.0,180.0,,False,False
lord_5_3_2,{=aom_lord_5_3_2_name}Ladogual,Ladogual,,Lord,battania,Cavalry,,true,,240.0,200.0,245.0,240.0,80.0,190.0,275.0,240.0,,False,False
lord_5_5,{=d8D98oFG}Melidir,Melidir,,Lord,battania,Ranged,,true,,,,,,,,,,,False,False
lord_5_5_1,{=aom_lord_5_5_1_name}Eilidh,Eilidh,,Lord,battania,Cavalry,,true,,40.0,20.0,30.0,70.0,40.0,40.0,120.0,100.0,,False,False
lord_5_6,{=7ayj6WAw}Alcaea,Alcaea,,Lord,empire,Ranged,,true,,,,,,,,,,,False,False
lord_5_8,{=Xnngcfg9}Sein,Sein,,Lord,battania,Ranged,,true,,,,,,,,,,,False,False
lord_5_9,{=0CQgia2a}Culharn,Culharn,,Lord,battania,Ranged,,true,,,,,,,,,,,False,False
lord_5_91,{=KNppNkHr}Tegan,Tegan,,Lord,battania,Ranged,,true,,,,,,,,,,,False,False
lord_5_10,{=ebQiU2wT}Corein,Corein,,Lord,battania,Ranged,,true,,210.0,210.0,210.0,180.0,144.0,145.0,160.0,140.0,,False,False
lord_5_11,{=ALYCFEZR}Alynneth,Alynneth,,Lord,battania,Ranged,,true,,,,,,,,,,,False,False
lord_5_12,{=gnGxp46c}Wythuin,Wythuin,,Lord,battania,Ranged,,true,,,,,,,,,,,False,False
lord_5_13,{=tCTzsaIu}Muinser,Muinser,,Lord,battania,Ranged,,true,,240.0,240.0,240.0,200.0,160.0,160.0,180.0,160.0,,False,False
lord_5_131,{=D2aRzMRF}Rath,Rath,,Lord,battania,Ranged,,true,,180.0,180.0,180.0,150.0,120.0,120.0,140.0,120.0,,False,False
lord_5_13_1,{=aom_lord_5_13_1_name}Beasag,Beasag,,Lord,battania,Cavalry,,true,,40.0,20.0,30.0,70.0,40.0,40.0,120.0,100.0,,False,False
lord_5_15,{=tHtt3HCn}Pryndor,Pryndor,,Lord,battania,Ranged,,true,,,,,,,,,,,False,False
lord_5_15_1,{=aom_lord_5_15_1_name}Floraidh,Floraidh,,Lord,battania,Cavalry,,true,,240.0,200.0,245.0,240.0,80.0,190.0,275.0,240.0,,False,False
lord_5_15_2,{=aom_lord_5_15_2_name}Beitrin,Beitrin,,Lord,battania,Cavalry,,true,,240.0,200.0,245.0,240.0,80.0,190.0,275.0,240.0,,False,False
lord_5_15_3,{=aom_lord_5_15_3_name}Diarbhain,Diarbhain,,Lord,battania,Cavalry,,true,,240.0,200.0,245.0,240.0,80.0,190.0,275.0,240.0,,False,False
lord_5_14,{=bDMmX9YI}Luichan,Luichan,,Lord,battania,Ranged,,true,,240.0,240.0,240.0,200.0,160.0,165.0,180.0,160.0,,False,False
lord_5_14_1,{=aom_lord_5_14_1_name}Eabyr,Eabyr,,Lord,battania,Ranged,,true,,40.0,20.0,30.0,70.0,40.0,40.0,120.0,100.0,,False,False
lord_5_16,{=Al1FEd8h}Aeron,Aeron,,Lord,battania,Ranged,,true,,,,,,,,,,,False,False
lord_5_16_1,{=aom_lord_5_16_1_name}Liasin,Liasin,,Lord,battania,Cavalry,,true,,60.0,30.0,50.0,70.0,50.0,50.0,140.0,110.0,,False,False
lord_5_16_2,{=aom_lord_5_16_2_name}Gawen,Gawen,,Lord,battania,Cavalry,,true,,160.0,120.0,140.0,90.0,70.0,100.0,190.0,180.0,,False,False
lord_5_17,{=kuOs90Uh}Aradwyr,Aradwyr,,Lord,battania,Ranged,,true,,,,,,,,,,,False,False
lord_5_17_1,{=aom_lord_5_17_1_name}Brighan,Brighan,,Lord,battania,Ranged,,true,,40.0,20.0,30.0,70.0,40.0,40.0,120.0,100.0,,False,False
lord_5_18,{=Hf70w27i}Branoc,Branoc,,Lord,battania,Ranged,,true,,,,,,,,,,,False,False
lord_5_18_1,{=aom_lord_5_18_1_name}Seonag,Seonag,,Lord,battania,Ranged,,true,,40.0,20.0,30.0,70.0,40.0,40.0,120.0,100.0,,False,False
lord_5_19,{=gyqSk2Mp}Fenagan,Fenagan,,Lord,battania,Ranged,,true,,,,,,,,,,,False,False
lord_5_20,{=cdViCKs7}Siaramus,Siaramus,,Lord,battania,Ranged,,true,,,,,,,,,,,False,False
lord_5_21,{=4MwHbMFs}Carfyd,Carfyd,,Lord,battania,Ranged,,true,,180.0,180.0,180.0,220.0,120.0,120.0,140.0,200.0,,False,False
lord_5_21_1,{=aom_lord_5_21_1_name}Beathag,Beathag,,Lord,battania,Cavalry,,true,,60.0,30.0,50.0,70.0,50.0,50.0,140.0,110.0,,False,False
lord_5_21_2,{=aom_lord_5_21_2_name}Taorse,Taorse,,Lord,battania,Cavalry,,true,,235.0,200.0,210.0,200.0,80.0,190.0,200.0,265.0,,False,False
lord_5_22,{=TbQ9w13e}Fiarad,Fiarad,,Lord,battania,Ranged,,true,,,,,,,,,,,False,False
lord_B8_l,{=aom_lord_B8_l_name}Maireas,Maireas,,Lord,battania,Cavalry,,true,,240.0,200.0,245.0,240.0,80.0,190.0,275.0,240.0,,False,False
lord_B8_s,{=aom_lord_B8_s_name}Rodarac,Rodarac,,Lord,battania,Cavalry,,true,,240.0,200.0,245.0,240.0,80.0,190.0,275.0,240.0,,False,False
lord_B8_c,{=aom_lord_B8_c_name}Guaran,Guaran,,Lord,battania,Cavalry,,true,,240.0,200.0,245.0,240.0,80.0,190.0,275.0,240.0,,False,False
lord_6_1,{=Toj0vayQ}Monchug,Monchug,,Lord,khuzait,Cavalry,,true,,,,,,,,,,,False,False
lord_6_2,{=FLrdHzSf}Anat,Anat,,Lord,khuzait,Cavalry,,true,,,,,,,,,,,False,False
lord_6_3,{=pKf56MdS}Bagai,Bagai,,Lord,khuzait,Cavalry,,true,,210.0,210.0,210.0,170.0,140.0,140.0,160.0,140.0,,False,False
lord_6_4,{=QJq4VAU7}Mesui,Mesui,,Lord,khuzait,HorseArcher,,true,,210.0,210.0,210.0,170.0,144.0,145.0,160.0,140.0,,False,False
lord_6_5,{=XjMsnpgS}Tulag,Tulag,,Lord,khuzait,HorseArcher,,true,,180.0,180.0,180.0,150.0,120.0,120.0,140.0,120.0,,False,False
lord_6_51,{=9lFmNG5c}Khada,Khada,,Lord,khuzait,HorseArcher,,true,,,,,,,,,,,False,False
lord_6_6,{=EPVOYcgH}Suran,Suran,,Lord,khuzait,HorseArcher,,true,,,,,,,,,,,False,False
lord_6_7,{=uducgNbf}Chaghan,Chaghan,,Lord,khuzait,HorseArcher,,true,,,,,,,,,,,False,False
lord_6_8,{=mSV1FBu1}Esur,Esur,,Lord,khuzait,HorseArcher,,true,,210.0,210.0,210.0,180.0,140.0,140.0,160.0,140.0,,False,False
lord_6_81,{=EptYW9tj}Nayantai,Nayantai,,Lord,khuzait,HorseArcher,,true,,,,,,,,,,,False,False
lord_6_9,{=aSNUtnbH}Temun,Temun,,Lord,khuzait,HorseArcher,,true,,210.0,210.0,210.0,170.0,144.0,145.0,160.0,147.0,,False,False
lord_6_10,{=2RGc09o0}Alijin,Alijin,,Lord,khuzait,Cavalry,,true,,,,,,,,,,,False,False
lord_6_101,{=MbnZZE0G}Bolat,Bolat,,Lord,khuzait,Cavalry,,true,,,,,,,,,,,False,False
lord_6_11,{=YUoydtNS}Yana,Yana,,Lord,khuzait,HorseArcher,,true,,,,,,,,,,,False,False
lord_6_12,{=m9ZgghCo}Abagai,Abagai,,Lord,khuzait,Cavalry,,true,,,,,,,,,,,False,False
lord_6_13,{=AAqB4QxB}Bortu,Bortu,,Lord,khuzait,Cavalry,,true,,150.0,150.0,150.0,130.0,100.0,100.0,120.0,100.0,,False,False
lord_6_15,{=2OqAomZy}Oragur,Oragur,,Lord,khuzait,Cavalry,,true,,,,,,,,,,,False,False
lord_6_15_1,{=aom_lord_6_15_1_name}Khorijin,Khorijin,,Lord,khuzait,Cavalry,,true,,60.0,30.0,50.0,70.0,50.0,50.0,140.0,110.0,,False,False
lord_6_15_2,{=aom_lord_6_15_2_name}Sechen,Sechen,,Lord,khuzait,Cavalry,,true,,160.0,120.0,140.0,90.0,70.0,100.0,190.0,180.0,,False,False
lord_6_16,{=cdmrCQfC}Hurunag,Hurunag,,Lord,khuzait,Cavalry,,true,,,,,,,,,,,False,False
lord_6_16_1,{=aom_lord_6_16_1_name}Chambui,Chambui,,Lord,khuzait,Cavalry,,true,,60.0,30.0,50.0,70.0,50.0,50.0,140.0,110.0,,False,False
lord_6_16_2,{=aom_lord_6_16_2_name}Unagen,Unagen,,Lord,khuzait,Cavalry,,true,,160.0,120.0,140.0,90.0,70.0,100.0,190.0,180.0,,False,False
lord_6_17,{=DVtqrS0T}Akrum,Akrum,,Lord,khuzait,Cavalry,,true,,,,,,,,,,,False,False
lord_6_17_1,{=aom_lord_6_17_1_name}Ergene,Ergene,,Lord,khuzait,Cavalry,,true,,60.0,30.0,50.0,70.0,50.0,50.0,140.0,110.0,,False,False
lord_6_17_2,{=aom_lord_6_17_2_name}Yesum,Yesum,,Lord,khuzait,Cavalry,,true,,160.0,120.0,140.0,90.0,70.0,100.0,190.0,180.0,,False,False
lord_6_18,{=JjGuU6Tt}Ilatar,Ilatar,,Lord,khuzait,Cavalry,,true,,,,,,,,,,,False,False
lord_6_18_1,{=aom_lord_6_18_1_name}Tilun,Tilun,,Lord,khuzait,Cavalry,,true,,60.0,30.0,50.0,70.0,50.0,50.0,140.0,110.0,,False,False
lord_6_18_2,{=aom_lord_6_18_2_name}Chagun,Chagun,,Lord,khuzait,Cavalry,,true,,160.0,120.0,140.0,90.0,70.0,100.0,190.0,180.0,,False,False
lord_6_19,{=TAGefbaW}Kanujan,Kanujan,,Lord,khuzait,Cavalry,,true,,,,,,,,,,,False,False
lord_6_19_1,{=aom_lord_6_19_1_name}Sokhatai,Sokhatai,,Lord,khuzait,Cavalry,,true,,60.0,30.0,50.0,70.0,50.0,50.0,140.0,110.0,,False,False
lord_6_19_2,{=aom_lord_6_19_2_name}Korte,Korte,,Lord,khuzait,Cavalry,,true,,210.0,140.0,210.0,275.0,130.0,190.0,265.0,245.0,,False,False
lord_6_20,{=haAlaU7N}Taslur,Taslur,,Lord,khuzait,Cavalry,,true,,,,,,,,,,,False,False
lord_6_20_1,{=aom_lord_6_20_1_name}Jigur,Jigur,,Lord,khuzait,Cavalry,,true,,60.0,30.0,50.0,70.0,50.0,50.0,140.0,110.0,,False,False
lord_K8_u,{=aom_lord_K8_u_name}Boronchar,Boronchar,,Lord,khuzait,Cavalry,,true,,230.0,170.0,235.0,260.0,110.0,180.0,275.0,235.0,,False,False
lord_6_21,{=0YZQ8vr8}Ulman,Ulman,,Lord,khuzait,Cavalry,,true,,,,,,,,,,,False,False
lord_6_21_1,{=aom_lord_6_21_1_name}Esachei,Esachei,,Lord,khuzait,Cavalry,,true,,40.0,20.0,30.0,70.0,40.0,40.0,120.0,100.0,,False,False
lord_6_22,{=p7kYHNDJ}Achaku,Achaku,,Lord,khuzait,Cavalry,,true,,,,,,,,,,,False,False
lord_6_22_1,{=aom_lord_6_22_1_name}Eselen,Eselen,,Lord,khuzait,Cavalry,,true,,40.0,20.0,30.0,70.0,40.0,40.0,120.0,100.0,,False,False
lord_6_23,{=aom_lord_6_23_name}Borlad Hûz,Borlad Hûz,,Lord,khuzait,Cavalry,,true,,230.0,170.0,235.0,260.0,110.0,180.0,275.0,235.0,,False,False
lord_6_24,{=aom_lord_6_24_name}Brodda Adekig,Brodda Adekig,,Lord,khuzait,Cavalry,,true,,230.0,170.0,235.0,260.0,110.0,180.0,275.0,235.0,,False,False
lord_K9_l,{=aom_lord_K9_l_name}Valathmir Mashakian,Valathmir Mashakian,,Lord,khuzait,Cavalry,,true,,230.0,170.0,235.0,260.0,110.0,180.0,275.0,235.0,,False,False
lord_K9_s,{=aom_lord_K9_s_name}Sevin,Sevin,,Lord,khuzait,HorseArcher,,true,,230.0,170.0,235.0,260.0,110.0,180.0,275.0,235.0,,False,False
lord_K9_c1,{=aom_lord_K9_c1_name}Altu,Altu,,Lord,khuzait,HorseArcher,,true,,160.0,120.0,140.0,90.0,70.0,100.0,190.0,180.0,,False,False
lord_K9_c2,{=aom_lord_K9_c2_name}Mela,Mela,,Lord,khuzait,HorseArcher,,true,,230.0,170.0,235.0,260.0,110.0,180.0,275.0,235.0,,False,False
lord_4_26_1,{=aom_lord_4_26_1_name}Reingarda,Reingarda,,Lord,vlandia,Cavalry,,true,,240.0,200.0,225.0,150.0,60.0,140.0,255.0,240.0,,False,False
neutral_lord_1,{=3PzgpFGq}Neutral,Neutral,,Lord,khuzait,Cavalry,,true,true,,,,,,,,,,False,False
lord_looters_1,{=3Y4jnu5i}Looter Hero,Looter Hero,,Bandit,looters,Ranged,,true,,,,,,,,,,,False,False
lord_sea_raiders_1,{=2V8NE0Vn}Sea Raiders Hero,Sea Raiders Hero,,Bandit,sea_raiders,Ranged,,true,,,,,,,,,,,False,False
lord_mountain_bandits_1,{=aRCzXkiD}Mountain Bandits Hero,Mountain Bandits Hero,,Bandit,mountain_bandits,Ranged,,true,,,,,,,,,,,False,False
lord_forest_bandits_1,{=EHHVVfgW}Forest Bandits Hero,Forest Bandits Hero,,Bandit,forest_bandits,Ranged,,true,,,,,,,,,,,False,False
lord_desert_bandits_1,{=kgbt5pim}Desert Bandits Hero,Desert Bandits Hero,,Bandit,desert_bandits,Ranged,,true,,,,,,,,,,,False,False
lord_steppe_bandits_1,{=kNThwuOH}Steppe Bandits Hero,Steppe Bandits Hero,,Bandit,steppe_bandits,Ranged,,true,,,,,,,,,,,False,False
guard_empire,{=guardnoun}Guard,Guard,21.0,Soldier,empire,Infantry,,,,50.0,50.0,50.0,50.0,50.0,50.0,,,,False,True
guard_aserai,{=guardnoun}Guard,Guard,21.0,Soldier,aserai,Infantry,,,,50.0,50.0,50.0,50.0,50.0,50.0,,,,False,True
guard_sturgia,{=guardnoun}Guard,Guard,4.0,Soldier,sturgia,Infantry,,,,50.0,50.0,50.0,50.0,50.0,50.0,,,,False,True
guard_vlandia,{=guardnoun}Guard,Guard,4.0,Soldier,vlandia,Infantry,,,,50.0,50.0,50.0,50.0,50.0,50.0,,,,False,True
guard_battania,{=guardnoun}Guard,Guard,4.0,Soldier,battania,Infantry,,,,50.0,50.0,50.0,50.0,50.0,50.0,,,,False,True
guard_khuzait,{=guardnoun}Guard,Guard,4.0,Soldier,khuzait,Infantry,,,,50.0,50.0,50.0,50.0,50.0,50.0,,,,False,True
spc_wanderer_empire_0,{=bvjFhiDr}{FIRSTNAME} the Scholar,{FIRSTNAME} the Scholar,,Wanderer,empire,Infantry,,false,true,,,,,,,,,,False,False
spc_wanderer_empire_1,{=xTQPfmS9}{FIRSTNAME} the Bull,{FIRSTNAME} the Bull,,Wanderer,empire,Infantry,,false,true,,,,,,,,,,False,False
spc_wanderer_empire_2,{=Ivx4uJVp}{FIRSTNAME} the Silent,{FIRSTNAME} the Silent,,Wanderer,empire,Infantry,,false,true,,,,,,,,,,False,False
spc_wanderer_empire_3,{=1OZBZZCi}{FIRSTNAME} the Boar,{FIRSTNAME} the Boar,,Wanderer,empire,Infantry,,false,true,,,,,,,,,,False,False
spc_wanderer_empire_4,{=t9e34kgH}{FIRSTNAME} the Robber,{FIRSTNAME} the Robber,,Wanderer,empire,Infantry,,false,true,,,,,,,,,,False,False
spc_wanderer_empire_5,{=pZSAdyC0}{FIRSTNAME} the Butcher,{FIRSTNAME} the Butcher,,Wanderer,empire,Infantry,,false,true,,,,,,,,,,False,False
spc_wanderer_empire_6,{=OArAImbM}{FIRSTNAME} of the Hills,{FIRSTNAME} of the Hills,,Wanderer,empire,Infantry,,false,true,,,,,,,,,,False,False
spc_wanderer_empire_7,{=28tWEFNi}{FIRSTNAME} the Wanderer,{FIRSTNAME} the Wanderer,,Wanderer,empire,Infantry,,false,true,,,,,,,,,,False,False
spc_wanderer_empire_8,{=PQkMcfAW}{FIRSTNAME} the Exile,{FIRSTNAME} the Exile,,Wanderer,empire,Infantry,,false,true,,,,,,,,,,False,False
spc_wanderer_empire_9,{=7apnGFz7}{FIRSTNAME} the Black,{FIRSTNAME} the Black,,Wanderer,empire,Infantry,,false,true,,,,,,,,,,False,False
spc_wanderer_empire_10,{=cud22JY1}{FIRSTNAME} the Surgeon,{FIRSTNAME} the Surgeon,,Wanderer,empire,Infantry,,false,true,,,,,,,,,,False,False
spc_wanderer_empire_11,{=e84pvBYI}{FIRSTNAME} the Dispossessed,{FIRSTNAME} the Dispossessed,,Wanderer,empire,Infantry,,false,true,,,,,,,,,,False,False
spc_wanderer_sturgia_0,{=yr5pa0hs}{FIRSTNAME} Willowbark,{FIRSTNAME} Willowbark,,Wanderer,sturgia,Infantry,,false,true,,,,,,,,,,False,False
spc_wanderer_sturgia_1,{=W7aa22Yl}{FIRSTNAME} Breakskull,{FIRSTNAME} Breakskull,,Wanderer,sturgia,Infantry,,false,true,,,,,,,,,,False,False
spc_wanderer_sturgia_2,{=aE8abvsQ}{FIRSTNAME} the Lucky,{FIRSTNAME} the Lucky,,Wanderer,sturgia,Infantry,,false,true,,,,,,,,,,False,False
spc_wanderer_sturgia_3,{=LmlL8fVu}{FIRSTNAME} Bloodaxe,{FIRSTNAME} Bloodaxe,,Wanderer,sturgia,Infantry,,false,true,,,,,,,,,,False,False
spc_wanderer_sturgia_4,{=WU5GnkvR}{FIRSTNAME} the Fish,{FIRSTNAME} the Fish,,Wanderer,sturgia,Infantry,,false,true,,,,,,,,,,False,False
spc_wanderer_sturgia_5,{=NSaetzNJ}{FIRSTNAME} Coalbiter,{FIRSTNAME} Coalbiter,,Wanderer,sturgia,Infantry,,false,true,,,,,,,,,,False,False
spc_wanderer_sturgia_6,{=zXjdb1zT}{FIRSTNAME} Frostbeard,{FIRSTNAME} Frostbeard,,Wanderer,sturgia,Infantry,,false,true,,,,,,,,,,False,False
spc_wanderer_sturgia_7,{=QyQPJJ9B}{FIRSTNAME} the Accursed,{FIRSTNAME} the Accursed,,Wanderer,sturgia,Infantry,,false,true,,,,,,,,,,False,False
spc_wanderer_sturgia_8,{=rtsnnL2J}{FIRSTNAME} the Shieldmaiden,{FIRSTNAME} the Shieldmaiden,,Wanderer,sturgia,Infantry,,false,true,,,,,,,,,,False,False
spc_wanderer_sturgia_9,{=akALDUs0}{FIRSTNAME} Longknife,{FIRSTNAME} Longknife,,Wanderer,sturgia,Infantry,,false,true,,,,,,,,,,False,False
spc_wanderer_battania_0,{=G8mawcBV}{FIRSTNAME} the Healer,{FIRSTNAME} the Healer,,Wanderer,battania,Infantry,,false,true,,,,,,,,,,False,False
spc_wanderer_battania_1,{=qslA0bVb}{FIRSTNAME} the Red,{FIRSTNAME} the Red,,Wanderer,battania,Infantry,,false,true,,,,,,,,,,False,False
spc_wanderer_battania_2,{=2U2Hy2Su}{FIRSTNAME} Fairhair,{FIRSTNAME} Fairhair,,Wanderer,battania,Infantry,,false,true,,,,,,,,,,False,False
spc_wanderer_battania_3,{=pTuZB1Hj}{FIRSTNAME} Ironbelly,{FIRSTNAME} Ironbelly,,Wanderer,battania,Infantry,,false,true,,,,,,,,,,False,False
spc_wanderer_battania_4,{=fJmGKlaO}{FIRSTNAME} Horsethief,{FIRSTNAME} Horsethief,,Wanderer,battania,Infantry,,false,true,,,,,,,,,,False,False
spc_wanderer_battania_5,{=CQOlMayc}{FIRSTNAME} the Ragged,{FIRSTNAME} the Ragged,,Wanderer,battania,Infantry,,false,true,,,,,,,,,,False,False
spc_wanderer_battania_6,{=nqE62lQW}{FIRSTNAME} Blacktooth,{FIRSTNAME} Blacktooth,,Wanderer,battania,Infantry,,false,true,,,,,,,,,,False,False
spc_wanderer_battania_7,{=28tWEFNi}{FIRSTNAME} the Wanderer,{FIRSTNAME} the Wanderer,,Wanderer,battania,Infantry,,false,true,,,,,,,,,,False,False
spc_wanderer_battania_8,{=w9u2RUgm}{FIRSTNAME} the Ill-Starred,{FIRSTNAME} the Ill-Starred,,Wanderer,battania,Infantry,,false,true,,,,,,,,,,False,False
spc_wanderer_battania_9,{=KnTl4ESh}{FIRSTNAME} Cowthief,{FIRSTNAME} Cowthief,,Wanderer,battania,Infantry,,false,true,,,,,,,,,,False,False
spc_wanderer_vlandia_0,{=XuxARPTM}{FIRSTNAME} Bitterdraught,{FIRSTNAME} Bitterdraught,,Wanderer,vlandia,Infantry,,false,true,,,,,,,,,,False,False
spc_wanderer_vlandia_1,{=ntkipfCV}{FIRSTNAME} the Loud,{FIRSTNAME} the Loud,,Wanderer,vlandia,Infantry,,false,true,,,,,,,,,,False,False
spc_wanderer_vlandia_2,{=7lg12a57}{FIRSTNAME} the Brave,{FIRSTNAME} the Brave,,Wanderer,vlandia,Infantry,,false,true,,,,,,,,,,False,False
spc_wanderer_vlandia_3,{=ZCc3VFat}{FIRSTNAME} the Grizzled,{FIRSTNAME} the Grizzled,,Wanderer,vlandia,Infantry,,false,true,,,,,,,,,,False,False
spc_wanderer_vlandia_4,{=8o5SDCCJ}{FIRSTNAME} the Shark,{FIRSTNAME} the Shark,,Wanderer,vlandia,Infantry,,false,true,,,,,,,,,,False,False
spc_wanderer_vlandia_5,{=WvwWX4me}{FIRSTNAME} Barrelchest,{FIRSTNAME} Barrelchest,,Wanderer,vlandia,Infantry,,false,true,,,,,,,,,,False,False
spc_wanderer_vlandia_6,{=OArAImbM}{FIRSTNAME} of the Hills,{FIRSTNAME} of the Hills,,Wanderer,vlandia,Infantry,,false,true,,,,,,,,,,False,False
spc_wanderer_vlandia_7,{=zoaTZMm7}{FIRSTNAME} the Huntress,{FIRSTNAME} the Huntress,,Wanderer,vlandia,Infantry,,false,true,,,,,,,,,,False,False
spc_wanderer_vlandia_8,{=hrMatilh}{FIRSTNAME} the Smith,{FIRSTNAME} the Smith,,Wanderer,vlandia,Infantry,,false,true,,,,,,,,,,False,False
spc_wanderer_vlandia_9,{=7apnGFz7}{FIRSTNAME} the Black,{FIRSTNAME} the Black,,Wanderer,vlandia,Infantry,,false,true,,,,,,,,,,False,False
spc_wanderer_vlandia_10,{=6CAbkgS4}{FIRSTNAME} the Wainwright,{FIRSTNAME} the Wainwright,,Wanderer,vlandia,Infantry,,false,true,,,,,,,,,,False,False
spc_wanderer_vlandia_11,{=nDtjEazo}{FIRSTNAME} Bellowsbreath,{FIRSTNAME} Bellowsbreath,,Wanderer,vlandia,Infantry,,false,true,,,,,,,,,,False,False
spc_wanderer_vlandia_12,{=N4taBJyx}{FIRSTNAME} the Tracker,{FIRSTNAME} the Tracker,,Wanderer,vlandia,Infantry,,false,true,,,,,,,,,,False,False
spc_wanderer_aserai_0,{=bvjFhiDr}{FIRSTNAME} the Scholar,{FIRSTNAME} the Scholar,,Wanderer,aserai,Infantry,,false,true,,,,,,,,,,False,False
spc_wanderer_aserai_1,{=vtXRptVa}{FIRSTNAME} the Golden,{FIRSTNAME} the Golden,,Wanderer,aserai,Infantry,,false,true,,,,,,,,,,False,False
spc_wanderer_aserai_2,{=TyxXbqVw}{FIRSTNAME} the Falcon,{FIRSTNAME} the Falcon,,Wanderer,aserai,Infantry,,false,true,,,,,,,,,,False,False
spc_wanderer_aserai_3,{=4GIoPUen}{FIRSTNAME} the Swordsman,{FIRSTNAME} the Swordsman,,Wanderer,aserai,Infantry,,false,true,,,,,,,,,,False,False
spc_wanderer_aserai_4,{=rgdi5Sxa}{FIRSTNAME} the Prince,{FIRSTNAME} the Prince,,Wanderer,aserai,Infantry,,false,true,,,,,,,,,,False,False
spc_wanderer_aserai_5,{=OFWvD0xe}{FIRSTNAME} the Hyena,{FIRSTNAME} the Hyena,,Wanderer,aserai,Infantry,,false,true,,,,,,,,,,False,False
spc_wanderer_aserai_6,{=muC2SGlM}{FIRSTNAME} of the Wastes,{FIRSTNAME} of the Wastes,,Wanderer,aserai,Infantry,,false,true,,,,,,,,,,False,False
spc_wanderer_aserai_7,{=28tWEFNi}{FIRSTNAME} the Wanderer,{FIRSTNAME} the Wanderer,,Wanderer,aserai,Infantry,,false,true,,,,,,,,,,False,False
spc_wanderer_aserai_8,{=XBJtv4mD}{FIRSTNAME} the Spicevendor,{FIRSTNAME} the Spicevendor,,Wanderer,aserai,Infantry,,false,true,,,,,,,,,,False,False
spc_wanderer_aserai_9,{=NWuGUi4p}{FIRSTNAME} the Leopardess,{FIRSTNAME} the Leopardess,,Wanderer,aserai,Infantry,,false,true,,,,,,,,,,False,False
spc_wanderer_aserai_10,{=ACqta1a5}{FIRSTNAME} the Engineer,{FIRSTNAME} the Engineer,,Wanderer,aserai,Infantry,,false,true,,,,,,,,,,False,False
spc_wanderer_khuzait_0,{=sdzaip5J}{FIRSTNAME} the Knowing,{FIRSTNAME} the Knowing,,Wanderer,khuzait,Infantry,,false,true,,,,,,,,,,False,False
spc_wanderer_khuzait_1,{=j2nVPqIX}{FIRSTNAME} the Hawk,{FIRSTNAME} the Hawk,,Wanderer,khuzait,Infantry,,false,true,,,,,,,,,,False,False
spc_wanderer_khuzait_2,{=agS5lIg7}{FIRSTNAME} the Fatherless,{FIRSTNAME} the Fatherless,,Wanderer,khuzait,Infantry,,false,true,,,,,,,,,,False,False
spc_wanderer_khuzait_3,{=QWbgE4bw}{FIRSTNAME} Ironeye,{FIRSTNAME} Ironeye,,Wanderer,khuzait,Infantry,,false,true,,,,,,,,,,False,False
spc_wanderer_khuzait_4,{=ykTARD4b}{FIRSTNAME} the Outcast,{FIRSTNAME} the Outcast,,Wanderer,khuzait,Infantry,,false,true,,,,,,,,,,False,False
spc_wanderer_khuzait_5,{=q5QjQyde}{FIRSTNAME} the Mad,{FIRSTNAME} the Mad,,Wanderer,khuzait,Infantry,,false,true,,,,,,,,,,False,False
spc_wanderer_khuzait_6,{=seS9ZZUW}{FIRSTNAME} the Grey Falcon,{FIRSTNAME} the Grey Falcon,,Wanderer,khuzait,Infantry,,false,true,,,,,,,,,,False,False
spc_wanderer_khuzait_7,{=3wzexaA7}{FIRSTNAME} the She-Wolf,{FIRSTNAME} the She-Wolf,,Wanderer,khuzait,Infantry,,false,true,,,,,,,,,,False,False
spc_wanderer_khuzait_8,{=OIXub6bS}{FIRSTNAME} the Alone,{FIRSTNAME} the Alone,,Wanderer,khuzait,Infantry,,false,true,,,,,,,,,,False,False
spc_wanderer_khuzait_9,{=KY2zbWkj}{FIRSTNAME} the Swift,{FIRSTNAME} the Swift,,Wanderer,khuzait,Infantry,,false,true,,,,,,,,,,False,False
spc_wanderer_khuzait_10,{=CQOlMayc}{FIRSTNAME} the Ragged,{FIRSTNAME} the Ragged,,Wanderer,khuzait,Infantry,,false,true,,,,,,,,,,False,False
spc_notable_empire_0,{=!}Cautious imperial merchant,Cautious imperial merchant,,Merchant,empire,Infantry,,false,true,,,,,,,,,,False,False
spc_notable_empire_0b,{=!}{FIRSTNAME} the Vintner,{FIRSTNAME} the Vintner,,Merchant,empire,Infantry,,false,true,,,,,,,,,,False,False
spc_notable_empire_1,"{=!}Empire merchant 3, ruthless","Empire merchant 3, ruthless",,Merchant,empire,Infantry,,false,true,,,,,,,,,,False,False
spc_notable_empire_1b,{=!}Cold imperial merchant,Cold imperial merchant,,Merchant,empire,Infantry,,false,true,,,,,,,,,,False,False
spc_notable_empire_2,{=!}{FIRSTNAME} the Saltpanner,{FIRSTNAME} the Saltpanner,,Merchant,empire,Infantry,,false,true,,,,,,,,,,False,False
spc_notable_empire_2b,"{=!}Empire merchant 6, cautious","Empire merchant 6, cautious",,Merchant,empire,Infantry,,false,true,,,,,,,,,,False,False
spc_notable_empire_3,"{=!}Empire merchant 7, selfmade","Empire merchant 7, selfmade",,Merchant,empire,Infantry,,false,true,,,,,,,,,,False,False
spc_notable_empire_3b,"{=!}Empire merchant 8, jocular","Empire merchant 8, jocular",,Merchant,empire,Infantry,,false,true,,,,,,,,,,False,False
spc_notable_empire_4,"{=!}Empire merchant 9, heiress","Empire merchant 9, heiress",,Merchant,empire,Infantry,,false,true,,,,,,,,,,False,False
spc_notable_empire_4b,"{=!}Empire merchant 10, devious","Empire merchant 10, devious",,Merchant,empire,Infantry,,false,true,,,,,,,,,,False,False
spc_notable_empire_5,{=!}Messianic imperial preacher,Messianic imperial preacher,,Preacher,empire,Infantry,,false,true,,,,,,,,,,False,False
spc_notable_empire_6,{=!}Puritan imperial preacher,Puritan imperial preacher,,Preacher,empire,Infantry,,false,true,,,,,,,,,,False,False
spc_notable_empire_7,{=!}Female imperial mystic,Female imperial mystic,,Preacher,empire,Infantry,,,true,,,,,,,,,,False,False
spc_notable_empire_8,{=!}Imperial gruff labor leader,Imperial gruff labor leader,,Artisan,empire,Infantry,,,true,,,,,,,,,,False,False
spc_notable_empire_9,{=!}Imperial outgoing labor leader,Imperial outgoing labor leader,,Artisan,empire,Infantry,,,true,,,,,,,,,,False,False
spc_notable_empire_gl1,{=!}Protective imperial male gang leader,Protective imperial male gang leader,,GangLeader,empire,Infantry,,false,true,,,,,,,,,,False,False
spc_notable_empire_10,{=!}Ironic imperial gang leader,Ironic imperial gang leader,,GangLeader,empire,Infantry,,false,true,,,,,,,,,,False,False
spc_notable_empire_11,{=!}Intimidating male imperial gang leader,Intimidating male imperial gang leader,,GangLeader,empire,Infantry,,false,true,,,,,,,,,,False,False
spc_notable_empire_gl4,{=!}Bestial male imperial gang leader,Bestial male imperial gang leader,,GangLeader,empire,Infantry,,false,true,,,,,,,,,,False,False
spc_notable_empire_12,{=!}Female imperial gang leader,Female imperial gang leader,,GangLeader,empire,Infantry,,,true,,,,,,,,,,False,False
spc_notable_empire_13,{=!}Menacing female imperial gang leader,Menacing female imperial gang leader,,GangLeader,empire,Infantry,,,true,,,,,,,,,,False,False
spc_notable_empire_21,{=!}Empire gruff rural notable,Empire gruff rural notable,,RuralNotable,empire,Infantry,,,true,,,,,,,,,,False,False
spc_notable_empire_22,{=!}Empire rural notable agreeable,Empire rural notable agreeable,,RuralNotable,empire,Infantry,,,true,,,,,,,,,,False,False
spc_empire_headman_1,{=!}empire rebellious headman,empire rebellious headman,,Headman,empire,Infantry,,false,true,,,,,,,,,,False,False
spc_empire_headman_2,{=!}empire conservative headman,empire conservative headman,,Headman,empire,Infantry,,false,true,,,,,,,,,,False,False
spc_empire_headman_3,{=!}empire devious headman,empire devious headman,,Headman,empire,Infantry,,false,true,,,,,,,,,,False,False
spc_notable_aserai_0,{=!}{FIRSTNAME} the Dateseller,{FIRSTNAME} the Dateseller,,Merchant,aserai,Infantry,,false,true,,,,,,,,,,False,False
spc_notable_aserai_0b,{=!}{FIRSTNAME} the Minter,{FIRSTNAME} the Minter,,Merchant,aserai,Infantry,,false,true,,,,,,,,,,False,False
spc_notable_aserai_1,{=!}{FIRSTNAME} the Coppermonger,{FIRSTNAME} the Coppermonger,,Merchant,aserai,Infantry,,false,true,,,,,,,,,,False,False
spc_notable_aserai_1b,{=!}{FIRSTNAME} the Incensemonger,{FIRSTNAME} the Incensemonger,,Merchant,aserai,Infantry,,false,true,,,,,,,,,,False,False
spc_notable_aserai_2,{=!}{FIRSTNAME} the Woolseller,{FIRSTNAME} the Woolseller,,Merchant,aserai,Infantry,,false,true,,,,,,,,,,False,False
spc_notable_aserai_2b,{=!}{FIRSTNAME} the Appraiser,{FIRSTNAME} the Appraiser,,Merchant,aserai,Infantry,,false,true,,,,,,,,,,False,False
spc_notable_aserai_3,{=!}{FIRSTNAME} the Caravanser,{FIRSTNAME} the Caravanser,,Merchant,aserai,Infantry,,false,true,,,,,,,,,,False,False
spc_notable_aserai_3b,{=!}{FIRSTNAME} the Benefactor,{FIRSTNAME} the Benefactor,,Merchant,aserai,Infantry,,false,true,,,,,,,,,,False,False
spc_notable_aserai_4,{=!}Aserai rebellious preacher,Aserai rebellious preacher,,Preacher,aserai,Infantry,,false,true,,,,,,,,,,False,False
spc_notable_aserai_5,{=!}Aserai fire-and-brimstone preacher,Aserai fire-and-brimstone preacher,,Preacher,aserai,Infantry,,false,true,,,,,,,,,,False,False
spc_notable_aserai_6,{=!}Aserai female preacher,Aserai female preacher,,Preacher,aserai,Infantry,,,true,,,,,,,,,,False,False
spc_notable_aserai_7,{=!}Aserai fitiwi,Aserai fitiwi,,GangLeader,aserai,Infantry,,false,true,,,,,,,,,,False,False
spc_notable_aserai_8,{=!}Aserai fitiwi,Aserai fitiwi,,GangLeader,aserai,Infantry,,false,true,,,,,,,,,,False,False
spc_notable_aserai_9,{=!}Fearsome female Aserai gang leader,Fearsome female Aserai gang leader,,GangLeader,aserai,Infantry,,,true,,,,,,,,,,False,False
spc_notable_aserai_10,{=!}Aserai artisan leader,Aserai artisan leader,,Artisan,aserai,Infantry,,false,true,,,,,,,,,,False,False
spc_notable_aserai_11,{=!}Aserai earnest umda rural notable,Aserai earnest umda rural notable,,RuralNotable,aserai,Infantry,,,true,,,,,,,,,,False,False
spc_notable_aserai_12,{=!}Aserai quiet umda rural notable,Aserai quiet umda rural notable,,RuralNotable,aserai,Infantry,,,true,,,,,,,,,,False,False
spc_aserai_headman_1,{=!}Aserai rebellious headman,Aserai rebellious headman,,Headman,aserai,Infantry,,false,true,,,,,,,,,,False,False
spc_aserai_headman_2,{=!}Aserai conservative headman,Aserai conservative headman,,Headman,aserai,Infantry,,false,true,,,,,,,,,,False,False
spc_aserai_headman_3,{=!}Aserai devious headman,Aserai devious headman,,Headman,aserai,Infantry,,false,true,,,,,,,,,,False,False
spc_notable_sturgia_0,{=!}Cautious Sturgian merchant,Cautious Sturgian merchant,,Merchant,sturgia,Infantry,,false,true,,,,,,,,,,False,False
spc_notable_sturgia_0b,{=!}Caustic sturgian merchant,Caustic sturgian merchant,,Merchant,sturgia,Infantry,,false,true,,,,,,,,,,False,False
spc_notable_sturgia_1,{=!}curt sturgian merchant,curt sturgian merchant,,Merchant,sturgia,Infantry,,false,true,,,,,,,,,,False,False
spc_notable_sturgia_2,{=!}Adventurous sturgian merchant,Adventurous sturgian merchant,,Merchant,sturgia,Infantry,,false,true,,,,,,,,,,False,False
spc_notable_sturgia_2b,{=!}Honest Sturgian merchant,Honest Sturgian merchant,,Merchant,sturgia,Infantry,,false,true,,,,,,,,,,False,False
spc_notable_sturgia_3b,{=!}Affable sturgian merchant,Affable sturgian merchant,,Merchant,sturgia,Infantry,,false,true,,,,,,,,,,False,False
spc_notable_sturgia_3,{=!}Honorable female sturgian merchant,Honorable female sturgian merchant,,Merchant,sturgia,Infantry,,false,true,,,,,,,,,,False,False
spc_notable_sturgia_3c,{=!}Devious female sturgian merchant,Devious female sturgian merchant,,Merchant,sturgia,Infantry,,false,true,,,,,,,,,,False,False
spc_notable_sturgia_4,{=!}Sturgian seer,Sturgian seer,,Preacher,sturgia,Infantry,,false,true,,,,,,,,,,False,False
spc_notable_sturgia_5,{=!}Sturgian female mystic,Sturgian female mystic,,Preacher,sturgia,Infantry,,,true,,,,,,,,,,False,False
spc_notable_sturgia_6,{=!}Sturgian gang leader,Sturgian gang leader,,GangLeader,sturgia,Infantry,,false,true,,,,,,,,,,False,False
spc_notable_sturgia_7,{=!}Sturgian female gang leader,Sturgian female gang leader,,GangLeader,sturgia,Infantry,,,true,,,,,,,,,,False,False
spc_notable_sturgia_8,{=!}Sturgian artisan,Sturgian artisan,,Artisan,sturgia,Infantry,,,true,,,,,,,,,,False,False
spc_notable_sturgia_9,{=!}Sturgian land captain gruff notable,Sturgian land captain gruff notable,,RuralNotable,sturgia,Infantry,,,true,,,,,,,,,,False,False
spc_notable_sturgia_10,{=!}Sturgian land captain helpful notable,Sturgian land captain helpful notable,,RuralNotable,sturgia,Infantry,,,true,,,,,,,,,,False,False
spc_sturgia_headman_1,{=!}sturgia rebellious headman,sturgia rebellious headman,,Headman,sturgia,Infantry,,false,true,,,,,,,,,,False,False
spc_sturgia_headman_2,{=!}sturgia conservative headman,sturgia conservative headman,,Headman,sturgia,Infantry,,false,true,,,,,,,,,,False,False
spc_sturgia_headman_3,{=!}sturgia devious headman,sturgia devious headman,,Headman,sturgia,Infantry,,false,true,,,,,,,,,,False,False
spc_notable_vlandia_merch1,{=!}Ironic vlandia merchant,Ironic vlandia merchant,,Merchant,vlandia,Infantry,,false,true,,,,,,,,,,False,False
spc_notable_vlandia_merch2,{=!}curt Vlandia merchant,curt Vlandia merchant,,Merchant,vlandia,Infantry,,false,true,,,,,,,,,,False,False
spc_notable_vlandia_merch3,{=!}Daring Vlandia merchant,Daring Vlandia merchant,,Merchant,vlandia,Infantry,,false,true,,,,,,,,,,False,False
spc_notable_vlandia_merch4,{=!}Softspoken vlandia merchant,Softspoken vlandia merchant,,Merchant,vlandia,Infantry,,false,true,,,,,,,,,,False,False
spc_notable_vlandia_merch5,{=!}{FIRSTNAME} the Manciple,{FIRSTNAME} the Manciple,,Merchant,vlandia,Infantry,,false,true,,,,,,,,,,False,False
spc_notable_vlandia_1,{=!}{FIRSTNAME} the Warehouser,{FIRSTNAME} the Warehouser,,Merchant,vlandia,Infantry,,false,true,,,,,,,,,,False,False
spc_notable_vlandia_1b,{=!}{FIRSTNAME} the Heiress,{FIRSTNAME} the Heiress,,Merchant,vlandia,Infantry,,false,true,,,,,,,,,,False,False
spc_notable_vlandia_2,{=!}Puritan male preacher,Puritan male preacher,,Preacher,vlandia,Infantry,,false,true,,,,,,,,,,False,False
spc_notable_vlandia_3,{=!}Rebellious female preacher,Rebellious female preacher,,Preacher,vlandia,Infantry,,,true,,,,,,,,,,False,False
spc_vlandia_gangleader_1,{=!}Standard male gang leader,Standard male gang leader,,GangLeader,vlandia,Infantry,,false,true,,,,,,,,,,False,False
spc_vlandia_gangleader_2,{=!}Female gang leader,Female gang leader,,GangLeader,vlandia,Infantry,,,true,,,,,,,,,,False,False
spc_vlandia_gangleader_3,{=!}Male gang leader,Male gang leader,,GangLeader,vlandia,Infantry,,,true,,,,,,,,,,False,False
spc_notable_vlandia_artisan_1,{=!}Vlandian artisan 1,Vlandian artisan 1,,Artisan,vlandia,Infantry,,,true,,,,,,,,,,False,False
spc_notable_vlandia_artisan_2,{=!}Vlandian artisan 2,Vlandian artisan 2,,Artisan,vlandia,Infantry,,,true,,,,,,,,,,False,False
spc_notable_vlandia_rural_1,{=!}Vlandian yeoman,Vlandian yeoman,,RuralNotable,vlandia,Infantry,,,true,,,,,,,,,,False,False
spc_notable_vlandia_rural_2,{=!}Vlandian yeoman,Vlandian yeoman,,RuralNotable,vlandia,Infantry,,,true,,,,,,,,,,False,False
spc_vlandia_headman_1,{=!}vlandia rebellious headman,vlandia rebellious headman,,Headman,vlandia,Infantry,,false,true,,,,,,,,,,False,False
spc_vlandia_headman_2,{=!}vlandia conservative headman,vlandia conservative headman,,Headman,vlandia,Infantry,,false,true,,,,,,,,,,False,False
spc_vlandia_headman_3,{=!}vlandia devious headman,vlandia devious headman,,Headman,vlandia,Infantry,,false,true,,,,,,,,,,False,False
spc_notable_battania_merchant_1,{=!}Cautious Batannia merchant,Cautious Batannia merchant,,Merchant,battania,Infantry,,false,true,,,,,,,,,,False,False
spc_notable_battania_0b,{=!}{FIRSTNAME} the Measurer,{FIRSTNAME} the Measurer,,Merchant,battania,Infantry,,false,true,,,,,,,,,,False,False
spc_notable_battania_0c,{=!}{FIRSTNAME} the Swiftspeaker,{FIRSTNAME} the Swiftspeaker,,Merchant,battania,Infantry,,false,true,,,,,,,,,,False,False
spc_notable_battania_0d,{=!}{FIRSTNAME} the Woolseller,{FIRSTNAME} the Woolseller,,Merchant,battania,Infantry,,false,true,,,,,,,,,,False,False
spc_notable_battania_0e,{=!}{FIRSTNAME} the Appraiser,{FIRSTNAME} the Appraiser,,Merchant,battania,Infantry,,false,true,,,,,,,,,,False,False
spc_notable_battania_1,{=!}{FIRSTNAME} the Orphan,{FIRSTNAME} the Orphan,,Merchant,battania,Infantry,,false,true,,,,,,,,,,False,False
spc_notable_battania_1b,{=!}{FIRSTNAME} the Freedwoman,{FIRSTNAME} the Freedwoman,,Merchant,battania,Infantry,,false,true,,,,,,,,,,False,False
spc_notable_battania_2,{=!}Battanian mystic,Battanian mystic,,Preacher,battania,Infantry,,false,true,,,,,,,,,,False,False
spc_notable_battania_3,{=!}Female preacher,Female preacher,,Preacher,battania,Infantry,,,true,,,,,,,,,,False,False
spc_notable_battania_4,{=!}Standard male gang leader,Standard male gang leader,,GangLeader,battania,Infantry,,false,true,,,,,,,,,,False,False
spc_notable_battania_5,{=!}Female gang leader,Female gang leader,,GangLeader,battania,Infantry,,,true,,,,,,,,,,False,False
spc_notable_rural_notable_1,{=!}Battania rural notable Fergus,Battania rural notable Fergus,,RuralNotable,battania,Infantry,,false,true,,,,,,,,,,False,False
spc_battania_rural_notable_2,{=!}Battania proud rural notable,Battania proud rural notable,,RuralNotable,battania,Infantry,,false,true,,,,,,,,,,False,False
spc_battania_artisan_1,{=!}battania rebellious artisan,battania rebellious artisan,,Artisan,battania,Infantry,,false,true,,,,,,,,,,False,False
spc_battania_artisan_2,{=!}battania conservative artisan,battania conservative artisan,,Artisan,battania,Infantry,,false,true,,,,,,,,,,False,False
spc_battania_artisan_3,{=!}battania devious artisan,battania devious artisan,,Artisan,battania,Infantry,,false,true,,,,,,,,,,False,False
spc_battania_headman_1,{=!}battania rebellious headman,battania rebellious headman,,Headman,battania,Infantry,,false,true,,,,,,,,,,False,False
spc_battania_headman_2,{=!}battania conservative headman,battania conservative headman,,Headman,battania,Infantry,,false,true,,,,,,,,,,False,False
spc_battania_headman_3,{=!}battania devious headman,battania devious headman,,Headman,battania,Infantry,,false,true,,,,,,,,,,False,False
spc_notable_khuzait_merchant_1,{=!}Cautious Khuzait merchant,Cautious Khuzait merchant,,Merchant,khuzait,Infantry,,false,true,,,,,,,,,,False,False
spc_notable_khuzait_0b,{=!}{FIRSTNAME} the Broker,{FIRSTNAME} the Broker,,Merchant,khuzait,Infantry,,false,true,,,,,,,,,,False,False
spc_notable_khuzait_1,{=!}{FIRSTNAME} the Dyer,{FIRSTNAME} the Dyer,,Merchant,khuzait,Infantry,,false,true,,,,,,,,,,False,False
spc_notable_khuzait_1b,{=!}{FIRSTNAME} the Horsetrader,{FIRSTNAME} the Horsetrader,,Merchant,khuzait,Infantry,,false,true,,,,,,,,,,False,False
spc_notable_khuzait_1c,{=!}{FIRSTNAME} the Wineseller,{FIRSTNAME} the Wineseller,,Merchant,khuzait,Infantry,,false,true,,,,,,,,,,False,False
spc_notable_khuzait_2,{=!}{FIRSTNAME} the Freedwoman,{FIRSTNAME} the Freedwoman,,Merchant,khuzait,Infantry,,false,true,,,,,,,,,,False,False
spc_notable_khuzait_2b,{=!}{FIRSTNAME} the Silkseller,{FIRSTNAME} the Silkseller,,Merchant,khuzait,Infantry,,false,true,,,,,,,,,,False,False
spc_notable_khuzait_3,{=!}Khuzait shaman,Khuzait shaman,,Preacher,khuzait,Infantry,,false,true,,,,,,,,,,False,False
spc_notable_khuzait_4,{=!}Female preacher,Female preacher,,Preacher,khuzait,Infantry,,,true,,,,,,,,,,False,False
spc_khuzait_gangleader_1,{=!}Female gang leader,Female gang leader,,GangLeader,khuzait,Infantry,,,true,,,,,,,,,,False,False
spc_khuzait_gangleader_2,{=!}Standard male gang leader,Standard male gang leader,,GangLeader,khuzait,Infantry,,false,true,,,,,,,,,,False,False
spc_khuzait_gangleader_3,{=!}Standard male gang leader,Standard male gang leader,,GangLeader,khuzait,Infantry,,false,true,,,,,,,,,,False,False
spc_khuzait_rural_notable_1,{=!}Khuzait craft rural notable,Khuzait craft rural notable,,RuralNotable,khuzait,Infantry,,false,true,,,,,,,,,,False,False
spc_khuzait_rural_notable_2,{=!}Khuzait proud rural notable,Khuzait proud rural notable,,RuralNotable,khuzait,Infantry,,false,true,,,,,,,,,,False,False
spc_khuzait_artisan_1,{=!}khuzait rebellious artisan,khuzait rebellious artisan,,Artisan,khuzait,Infantry,,false,true,,,,,,,,,,False,False
spc_khuzait_artisan_2,{=!}khuzait conservative artisan,khuzait conservative artisan,,Artisan,khuzait,Infantry,,false,true,,,,,,,,,,False,False
spc_khuzait_artisan_3,{=!}khuzait devious artisan,khuzait devious artisan,,Artisan,khuzait,Infantry,,false,true,,,,,,,,,,False,False
spc_khuzait_headman_1,{=!}khuzait rebellious headman,khuzait rebellious headman,,Headman,khuzait,Infantry,,false,true,,,,,,,,,,False,False
spc_khuzait_headman_2,{=!}khuzait conservative headman,khuzait conservative headman,,Headman,khuzait,Infantry,,false,true,,,,,,,,,,False,False
spc_khuzait_headman_3,{=!}khuzait devious headman,khuzait devious headman,,Headman,khuzait,Infantry,,false,true,,,,,,,,,,False,False
spc_skolderbrotva_leader_0,,,,,nord,,,,,,,,,,,,,,False,False
spc_skolderbrotva_leader_1,,,,,nord,,,,,,,,,,,,,,False,False
spc_skolderbrotva_leader_2,,,,,nord,,,,,,,,,,,,,,False,False
spc_skolderbrotva_leader_3,,,,,nord,,,,,,,,,,,,,,False,False
spc_ghilman_leader_0,{=IgOTjF4i}of the Ghilman,of the Ghilman,,Lord,aserai,Infantry,,false,true,,,,,,,,,,False,False
spc_ghilman_leader_1,{=IgOTjF4i}of the Ghilman,of the Ghilman,,Lord,aserai,Infantry,,false,true,,,,,,,,,,False,False
spc_ghilman_leader_2,{=IgOTjF4i}of the Ghilman,of the Ghilman,,Lord,aserai,Infantry,,false,true,,,,,,,,,,False,False
spc_ghilman_leader_3,{=IgOTjF4i}of the Ghilman,of the Ghilman,,Lord,aserai,Infantry,,false,true,,,,,,,,,,False,False
spc_legion_of_the_betrayed_leader_0,{=7hrmlfxh}of the Legion,of the Legion,,Lord,empire,Infantry,,false,true,,,,,,,,,,False,False
spc_legion_of_the_betrayed_leader_1,{=7hrmlfxh}of the Legion,of the Legion,,Lord,empire,Infantry,,false,true,,,,,,,,,,False,False
spc_legion_of_the_betrayed_leader_2,{=7hrmlfxh}of the Legion,of the Legion,,Lord,empire,Infantry,,false,true,,,,,,,,,,False,False
spc_legion_of_the_betrayed_leader_3,{=7hrmlfxh}of the Legion,of the Legion,,Lord,empire,Infantry,,false,true,,,,,,,,,,False,False
spc_company_of_the_boar_leader_0,{=eobXmmLg}of the Company,of the Company,,Lord,vlandia,Infantry,,false,true,,,,,,,,,,False,False
spc_company_of_the_boar_leader_1,{=eobXmmLg}of the Company,of the Company,,Lord,vlandia,Infantry,,false,true,,,,,,,,,,False,False
spc_company_of_the_boar_leader_2,{=eobXmmLg}of the Company,of the Company,,Lord,vlandia,Infantry,,false,true,,,,,,,,,,False,False
spc_company_of_the_boar_leader_3,{=eobXmmLg}of the Company,of the Company,,Lord,vlandia,Infantry,,false,true,,,,,,,,,,False,False
spc_wolfskins_leader_0,{=KkStFl12}of the Wolfskins,of the Wolfskins,,Lord,battania,Infantry,,false,true,,,,,,,,,,False,False
spc_wolfskins_leader_1,{=KkStFl12}of the Wolfskins,of the Wolfskins,,Lord,battania,Infantry,,false,true,,,,,,,,,,False,False
spc_wolfskins_leader_2,{=KkStFl12}of the Wolfskins,of the Wolfskins,,Lord,battania,Infantry,,false,true,,,,,,,,,,False,False
spc_wolfskins_leader_3,{=KkStFl12}of the Wolfskins,of the Wolfskins,,Lord,battania,Infantry,,false,true,,,,,,,,,,False,False
spc_beni_zilal_leader_0,{=JL8RBEu3}of the Beni Zilal,of the Beni Zilal,,Lord,aserai,Infantry,,false,true,,,,,,,,,,False,False
spc_beni_zilal_leader_1,{=JL8RBEu3}of the Beni Zilal,of the Beni Zilal,,Lord,aserai,Infantry,,false,true,,,,,,,,,,False,False
spc_beni_zilal_leader_2,{=JL8RBEu3}of the Beni Zilal,of the Beni Zilal,,Lord,aserai,Infantry,,false,true,,,,,,,,,,False,False
spc_beni_zilal_leader_3,{=JL8RBEu3}of the Beni Zilal,of the Beni Zilal,,Lord,aserai,Infantry,,false,true,,,,,,,,,,False,False
spc_brotherhood_of_woods_leader_0,{=QGcgQDqK}of the Brotherhood,of the Brotherhood,,Lord,vlandia,Infantry,,false,true,,,,,,,,,,False,False
spc_brotherhood_of_woods_leader_1,{=QGcgQDqK}of the Brotherhood,of the Brotherhood,,Lord,vlandia,Infantry,,false,true,,,,,,,,,,False,False
spc_brotherhood_of_woods_leader_2,{=QGcgQDqK}of the Brotherhood,of the Brotherhood,,Lord,vlandia,Infantry,,false,true,,,,,,,,,,False,False
spc_brotherhood_of_woods_leader_3,{=QGcgQDqK}of the Brotherhood,of the Brotherhood,,Lord,vlandia,Infantry,,false,true,,,,,,,,,,False,False
spc_chosen_of_the_sky_leader_0,{=jG3duO7A}of the Chosen,of the Chosen,,Lord,khuzait,Infantry,,false,true,,,,,,,,,,False,False
spc_chosen_of_the_sky_leader_1,{=jG3duO7A}of the Chosen,of the Chosen,,Lord,khuzait,Infantry,,false,true,,,,,,,,,,False,False
spc_chosen_of_the_sky_leader_2,{=jG3duO7A}of the Chosen,of the Chosen,,Lord,khuzait,Infantry,,false,true,,,,,,,,,,False,False
spc_chosen_of_the_sky_leader_3,{=jG3duO7A}of the Chosen,of the Chosen,,Lord,khuzait,Infantry,,false,true,,,,,,,,,,False,False
spc_lakepike_leader_0,{=FceN76tW}of the Lake Rats,of the Lake Rats,,Lord,sturgia,Infantry,,false,true,,,,,,,,,,False,False
spc_lakepike_leader_1,{=FceN76tW}of the Lake Rats,of the Lake Rats,,Lord,sturgia,Infantry,,false,true,,,,,,,,,,False,False
spc_lakepike_leader_2,{=FceN76tW}of the Lake Rats,of the Lake Rats,,Lord,sturgia,Infantry,,false,true,,,,,,,,,,False,False
spc_lakepike_leader_3,{=FceN76tW}of the Lake Rats,of the Lake Rats,,Lord,sturgia,Infantry,,false,true,,,,,,,,,,False,False
spc_hidden_hand_leader_0,{=azCSz9QH}of the Hand,of the Hand,,Lord,empire,Infantry,,false,true,,,,,,,,,,False,False
spc_hidden_hand_leader_1,{=azCSz9QH}of the Hand,of the Hand,,Lord,empire,Infantry,,false,true,,,,,,,,,,False,False
spc_hidden_hand_leader_2,{=azCSz9QH}of the Hand,of the Hand,,Lord,empire,Infantry,,false,true,,,,,,,,,,False,False
spc_hidden_hand_leader_3,{=azCSz9QH}of the Hand,of the Hand,,Lord,empire,Infantry,,false,true,,,,,,,,,,False,False
spc_embers_of_flame_leader_0,{=mcbREzPt}of the Keepers,of the Keepers,,Lord,empire,Infantry,,false,true,,,,,,,,,,False,False
spc_embers_of_flame_leader_1,{=mcbREzPt}of the Keepers,of the Keepers,,Lord,empire,Infantry,,false,true,,,,,,,,,,False,False
spc_embers_of_flame_leader_2,{=mcbREzPt}of the Keepers,of the Keepers,,Lord,empire,Infantry,,false,true,,,,,,,,,,False,False
spc_embers_of_flame_leader_3,{=mcbREzPt}of the Keepers,of the Keepers,,Lord,empire,Infantry,,false,true,,,,,,,,,,False,False
spc_jawwal_leader_0,{=cP1o8eUs}of the Jawwal,of the Jawwal,,Lord,aserai,Infantry,,false,true,,,,,,,,,,False,False
spc_jawwal_leader_1,{=cP1o8eUs}of the Jawwal,of the Jawwal,,Lord,aserai,Infantry,,false,true,,,,,,,,,,False,False
spc_jawwal_leader_2,{=cP1o8eUs}of the Jawwal,of the Jawwal,,Lord,aserai,Infantry,,false,true,,,,,,,,,,False,False
spc_jawwal_leader_3,{=cP1o8eUs}of the Jawwal,of the Jawwal,,Lord,aserai,Infantry,,false,true,,,,,,,,,,False,False
spc_karakhuzaits_leader_0,{=bpw8fOs5}of the Karakhuzaits,of the Karakhuzaits,,Lord,khuzait,Infantry,,false,true,,,,,,,,,,False,False
spc_karakhuzaits_leader_1,{=bpw8fOs5}of the Karakhuzaits,of the Karakhuzaits,,Lord,khuzait,Infantry,,false,true,,,,,,,,,,False,False
spc_karakhuzaits_leader_2,{=bpw8fOs5}of the Karakhuzaits,of the Karakhuzaits,,Lord,khuzait,Infantry,,false,true,,,,,,,,,,False,False
spc_karakhuzaits_leader_3,{=bpw8fOs5}of the Karakhuzaits,of the Karakhuzaits,,Lord,khuzait,Infantry,,false,true,,,,,,,,,,False,False
spc_forest_people_leader_0,{=jKAhAoVb}of the Forest People,of the Forest People,,Lord,sturgia,Infantry,,false,true,,,,,,,,,,False,False
spc_forest_people_leader_1,{=jKAhAoVb}of the Forest People,of the Forest People,,Lord,sturgia,Infantry,,false,true,,,,,,,,,,False,False
spc_forest_people_leader_2,{=jKAhAoVb}of the Forest People,of the Forest People,,Lord,sturgia,Infantry,,false,true,,,,,,,,,,False,False
spc_forest_people_leader_3,{=jKAhAoVb}of the Forest People,of the Forest People,,Lord,sturgia,Infantry,,false,true,,,,,,,,,,False,False
spc_eleftheroi_leader_0,{=IVnvHF8S}of the Eleftheroi,of the Eleftheroi,,Lord,empire,Infantry,,false,true,,,,,,,,,,False,False
spc_eleftheroi_leader_1,{=IVnvHF8S}of the Eleftheroi,of the Eleftheroi,,Lord,empire,Infantry,,false,true,,,,,,,,,,False,False
spc_eleftheroi_leader_2,{=IVnvHF8S}of the Eleftheroi,of the Eleftheroi,,Lord,empire,Infantry,,false,true,,,,,,,,,,False,False
spc_eleftheroi_leader_3,{=IVnvHF8S}of the Eleftheroi,of the Eleftheroi,,Lord,empire,Infantry,,false,true,,,,,,,,,,False,False
spc_e3_character_1,{=vmwCdada}Jihan,Jihan,,Artisan,aserai,Infantry,,false,,230.0,45.0,45.0,30.0,30.0,30.0,60.0,,,False,False
spc_e3_character_2,{=R0NM6lfm}Raekel,Raekel,,Artisan,battania,Infantry,,false,,150.0,45.0,240.0,30.0,30.0,30.0,60.0,,,False,False
spc_e3_character_3,{=Qm5cstq3}Ulyk,Ulyk,,Artisan,khuzait,Infantry,,false,,210.0,45.0,45.0,30.0,30.0,30.0,60.0,,,False,False
spc_e3_character_4,{=gED0ZMhi}Ilay,Ilay,,Artisan,khuzait,Infantry,,false,,205.0,45.0,45.0,30.0,30.0,30.0,60.0,,,False,False
spc_e3_character_5,{=X2TtXlAq}Pericleia,Pericleia,,Artisan,empire,Infantry,,false,,235.0,45.0,45.0,30.0,30.0,30.0,60.0,,,False,False
spc_e3_character_6,{=oJJPZOKf}Vikrum,Vikrum,,Artisan,battania,Infantry,,false,,215.0,45.0,45.0,30.0,30.0,30.0,60.0,,,False,False
npc_wanderer_equipment_empire,{=!}wanderer_equipment,wanderer_equipment,16.0,NotAssigned,empire,Infantry,,false,true,,,,,,,,,,False,False
npc_wanderer_equipment_vlandia,{=!}wanderer_equipment,wanderer_equipment,16.0,NotAssigned,vlandia,Infantry,,false,true,,,,,,,,,,False,False
npc_wanderer_equipment_battania,{=!}wanderer_equipment,wanderer_equipment,16.0,NotAssigned,battania,Infantry,,false,true,,,,,,,,,,False,False
npc_wanderer_equipment_sturgia,{=!}wanderer_equipment,wanderer_equipment,16.0,NotAssigned,sturgia,Infantry,,false,true,,,,,,,,,,False,False
npc_wanderer_equipment_aserai,{=!}wanderer_equipment,wanderer_equipment,16.0,NotAssigned,aserai,Infantry,,false,true,,,,,,,,,,False,False
npc_poor_wanderer_khuzait,{=!}wanderer_equipment,wanderer_equipment,16.0,NotAssigned,khuzait,Infantry,,false,true,,,,,,,,,,False,False
npc_artisan_equipment_empire,{=!}artisan_equipment,artisan_equipment,16.0,NotAssigned,empire,Infantry,,false,true,,,,,,,,,,False,False
npc_artisan_equipment_aserai,{=!}artisan_equipment,artisan_equipment,16.0,NotAssigned,aserai,Infantry,,false,true,,,,,,,,,,False,False
npc_artisan_equipment_khuzait,{=!}artisan_equipment,artisan_equipment,16.0,NotAssigned,khuzait,Infantry,,false,true,,,,,,,,,,False,False
npc_artisan_equipment_battania,{=!}artisan_equipment,artisan_equipment,16.0,NotAssigned,battania,Infantry,,false,true,,,,,,,,,,False,False
npc_artisan_equipment_sturgia,{=!}artisan_equipment,artisan_equipment,16.0,NotAssigned,sturgia,Infantry,,false,true,,,,,,,,,,False,False
npc_artisan_equipment_vlandia,{=!}artisan_equipment,artisan_equipment,16.0,NotAssigned,vlandia,Infantry,,false,true,,,,,,,,,,False,False
npc_gang_leader_equipment_empire,{=!}gang_leader_equipment,gang_leader_equipment,16.0,NotAssigned,empire,Infantry,,false,true,,,,,,,,,,False,False
npc_gang_leader_equipment_aserai,{=!}gang_leader_equipment,gang_leader_equipment,16.0,NotAssigned,aserai,Infantry,,false,true,,,,,,,,,,False,False
npc_gang_leader_equipment_khuzait,{=!}gang_leader_equipment,gang_leader_equipment,16.0,NotAssigned,khuzait,Infantry,,false,true,,,,,,,,,,False,False
npc_gang_leader_equipment_battania,{=!}gang_leader_equipment,gang_leader_equipment,16.0,NotAssigned,battania,Infantry,,false,true,,,,,,,,,,False,False
npc_gang_leader_equipment_sturgia,{=!}gang_leader_equipment,gang_leader_equipment,16.0,NotAssigned,sturgia,Infantry,,false,true,,,,,,,,,,False,False
npc_gang_leader_equipment_vlandia,{=!}gang_leader_equipment,gang_leader_equipment,16.0,NotAssigned,vlandia,Infantry,,false,true,,,,,,,,,,False,False
npc_preacher_equipment_empire,{=!}preacher_equipment,preacher_equipment,16.0,NotAssigned,empire,Infantry,,false,true,,,,,,,,,,False,False
npc_preacher_equipment_aserai,{=!}preacher_equipment,preacher_equipment,16.0,NotAssigned,aserai,Infantry,,false,true,,,,,,,,,,False,False
npc_preacher_equipment_khuzait,{=!}preacher_equipment,preacher_equipment,16.0,NotAssigned,khuzait,Infantry,,false,true,,,,,,,,,,False,False
npc_preacher_equipment_battania,{=!}preacher_equipment,preacher_equipment,16.0,NotAssigned,battania,Infantry,,false,true,,,,,,,,,,False,False
npc_preacher_equipment_sturgia,{=!}preacher_equipment,preacher_equipment,16.0,NotAssigned,sturgia,Infantry,,false,true,,,,,,,,,,False,False
npc_preacher_equipment_vlandia,{=!}preacher_equipment,preacher_equipment,16.0,NotAssigned,vlandia,Infantry,,false,true,,,,,,,,,,False,False
npc_merchant_equipment_empire,{=!}merchant_equipment,merchant_equipment,16.0,NotAssigned,empire,Infantry,,false,true,,,,,,,,,,False,False
npc_merchant_equipment_aserai,{=!}merchant_equipment,merchant_equipment,16.0,NotAssigned,aserai,Infantry,,false,true,,,,,,,,,,False,False
npc_merchant_equipment_khuzait,{=!}merchant_equipment,merchant_equipment,16.0,NotAssigned,khuzait,Infantry,,false,true,,,,,,,,,,False,False
npc_merchant_equipment_battania,{=!}merchant_equipment,merchant_equipment,16.0,NotAssigned,battania,Infantry,,false,true,,,,,,,,,,False,False
npc_merchant_equipment_sturgia,{=!}merchant_equipment,merchant_equipment,16.0,NotAssigned,sturgia,Infantry,,false,true,,,,,,,,,,False,False
npc_merchant_equipment_vlandia,{=!}merchant_equipment,merchant_equipment,16.0,NotAssigned,vlandia,Infantry,,false,true,,,,,,,,,,False,False
npc_gentry_equipment_empire,{=!}gentry_equipment,gentry_equipment,16.0,NotAssigned,empire,Infantry,,false,true,,,,,,,,,,False,False
npc_gentry_equipment_vlandia,{=!}gentry_equipment,gentry_equipment,16.0,NotAssigned,vlandia,Infantry,,false,true,,,,,,,,,,False,False
poacher,{=CePmep0z}Poacher,Poacher,11.0,Bandit,vlandia,Ranged,,,,,,,,,,,,,False,False
company_of_trouble_character,{=zCQaPTOK}Mercenary,Mercenary,16.0,Mercenary,neutral_culture,Infantry,,false,,100.0,100.0,100.0,0.0,,50.0,50.0,75.0,,False,False
hardy_contender_easy,{=mtBA7sfk}Hardy Contender,Hardy Contender,16.0,Soldier,empire,Infantry,,false,,,,,,,,,,,False,True
hardy_contender_normal,{=mtBA7sfk}Hardy Contender,Hardy Contender,16.0,Soldier,empire,Infantry,,false,,,,,,,,,,,False,True
hardy_contender_hard,{=mtBA7sfk}Hardy Contender,Hardy Contender,16.0,Soldier,empire,Infantry,,false,,,,,,,,,,,False,True
hardy_contender_very_hard,{=mtBA7sfk}Hardy Contender,Hardy Contender,16.0,Soldier,empire,Infantry,,false,,,,,,,,,,,False,True
dignified_contender_easy,{=sk64gxdw}Dignified Contender,Dignified Contender,16.0,Soldier,vlandia,Infantry,,false,,,,,,,,,,,False,True
dignified_contender_normal,{=sk64gxdw}Dignified Contender,Dignified Contender,16.0,Soldier,vlandia,Infantry,,false,,,,,,,,,,,False,True
dignified_contender_hard,{=sk64gxdw}Dignified Contender,Dignified Contender,16.0,Soldier,vlandia,Infantry,,false,,,,,,,,,,,False,True
dignified_contender_very_hard,{=sk64gxdw}Dignified Contender,Dignified Contender,16.0,Soldier,vlandia,Infantry,,false,,,,,,,,,,,False,True
confident_contender_easy,{=jepZ0btT}Confident Contender,Confident Contender,16.0,Soldier,aserai,Infantry,,false,,,,,,,,,,,False,True
confident_contender_normal,{=jepZ0btT}Confident Contender,Confident Contender,16.0,Soldier,aserai,Infantry,,false,,,,,,,,,,,False,True
confident_contender_hard,{=jepZ0btT}Confident Contender,Confident Contender,16.0,Soldier,aserai,Infantry,,false,,,,,,,,,,,False,True
confident_contender_very_hard,{=jepZ0btT}Confident Contender,Confident Contender,16.0,Soldier,aserai,Infantry,,false,,,,,,,,,,,False,True
bold_contender_easy,{=KphYbafC}Bold Contender,Bold Contender,16.0,Soldier,sturgia,Infantry,,false,,,,,,,,,,,False,True
bold_contender_normal,{=KphYbafC}Bold Contender,Bold Contender,16.0,Soldier,sturgia,Infantry,,false,,90.0,90.0,90.0,90.0,,90.0,90.0,90.0,,False,True
bold_contender_hard,{=KphYbafC}Bold Contender,Bold Contender,16.0,Soldier,sturgia,Infantry,,false,,90.0,90.0,90.0,90.0,,90.0,90.0,90.0,,False,True
bold_contender_very_hard,{=KphYbafC}Bold Contender,Bold Contender,16.0,Soldier,sturgia,Infantry,,false,,90.0,90.0,90.0,90.0,,90.0,90.0,90.0,,False,True
hardy_contender,{=mtBA7sfk}Hardy Contender,Hardy Contender,16.0,Soldier,empire,Infantry,,false,,90.0,90.0,90.0,90.0,,90.0,90.0,90.0,,False,True
dignified_contender,{=sk64gxdw}Dignified Contender,Dignified Contender,16.0,Soldier,vlandia,Infantry,,false,,90.0,90.0,90.0,90.0,,90.0,90.0,90.0,,False,True
confident_contender,{=jepZ0btT}Confident Contender,Confident Contender,16.0,Soldier,aserai,Infantry,,false,,90.0,90.0,90.0,90.0,,90.0,90.0,90.0,,False,True
bold_contender,{=KphYbafC}Bold Contender,Bold Contender,16.0,Soldier,sturgia,Infantry,,false,,90.0,90.0,90.0,90.0,,90.0,90.0,90.0,,False,True
betting_fraud_thug_male,{=malethug}Thug,Thug,16.0,Gangster,empire,Infantry,,false,,90.0,90.0,90.0,90.0,,90.0,90.0,90.0,,False,False
betting_fraud_thug_female,{=femalethug}Thug,Thug,16.0,Gangster,empire,Infantry,,false,,90.0,90.0,90.0,90.0,,90.0,90.0,90.0,,False,False
borrowed_troop,{=H7eELtL6}Borrowed Troop,Borrowed Troop,6.0,Soldier,empire,Infantry,,,,30.0,30.0,30.0,,,30.0,,,veteran_borrowed_troop,True,True
veteran_borrowed_troop,{=S9z09NaN}Veteran Borrowed Troop,Veteran Borrowed Troop,11.0,Soldier,empire,Infantry,,,,50.0,50.0,50.0,,,50.0,,,,False,True
cutscene_midwife,{=!}Midwife,Midwife,1.0,Townsfolk,vlandia,Infantry,,,,,,,,,,,,,False,False
cutscene_monk,{=!}Wedding Monk,Wedding Monk,1.0,Townsfolk,vlandia,Infantry,,,,,,,,,,,,,False,False
sp_hermit,{=bPHbb7pc}Hermit,Hermit,1.0,Special,vlandia,Infantry,,,,,,,,,,,,,False,False
nervous_caravanmaster_1,{=S9skielR}Nervous Caravanmaster,Nervous Caravanmaster,26.0,GoodsTrader,aserai,Infantry,true,,,70.0,30.0,30.0,70.0,10.0,40.0,30.0,80.0,,False,False
nervous_caravanmaster_2,{=S9skielR}Nervous Caravanmaster,Nervous Caravanmaster,26.0,GoodsTrader,aserai,Infantry,true,,,70.0,30.0,30.0,70.0,10.0,40.0,30.0,80.0,,False,False
nervous_caravanmaster_3,{=S9skielR}Nervous Caravanmaster,Nervous Caravanmaster,26.0,GoodsTrader,aserai,Infantry,true,,,70.0,30.0,30.0,70.0,10.0,40.0,30.0,80.0,,False,False
stealth_character,{=!}DONOTSHOWStealthPrisonerCharacter,DONOTSHOWStealthPrisonerCharacter,16.0,Gangster,neutral_culture,Infantry,,false,,,,,,,,,,,False,False
disguise_default_character,{=1sJcKkVP}Guard,Guard,6.0,Gangster,neutral_culture,Infantry,true,false,,,,,,,,,,,False,False
disguise_contractor_character,{=PSwlXa0z}Contact,Contact,6.0,Townsfolk,neutral_culture,Infantry,true,false,,,,,,,,,,,False,False
disguise_officer_character,{=!}TEMPDisguiseOfficerCharacter,TEMPDisguiseOfficerCharacter,11.0,Gangster,neutral_culture,Infantry,,false,,,,,,,,,,,False,False
disguise_shadow_target,{=!}TEMPDisguiseShadowingTarget,TEMPDisguiseShadowingTarget,16.0,Gangster,neutral_culture,Infantry,,false,,,,,,,,,,,False,False
tournament_template_aserai_one_participant_set_v1,{=!}tournament_template_aserai_one_participant_set_v1,tournament_template_aserai_one_participant_set_v1,6.0,,aserai,Infantry,,,,,,,,,,,,,False,False
tournament_template_aserai_two_participant_set_v1,{=!}tournament_template_aserai_two_participant_set_v1,tournament_template_aserai_two_participant_set_v1,6.0,,aserai,Infantry,,,,,,,,,,,,,False,False
tournament_template_aserai_two_participant_set_v2,{=!}tournament_template_aserai_two_participant_set_v2,tournament_template_aserai_two_participant_set_v2,6.0,,aserai,Infantry,,,,,,,,,,,,,False,False
tournament_template_aserai_two_participant_set_v3,{=!}tournament_template_aserai_two_participant_set_v3,tournament_template_aserai_two_participant_set_v3,6.0,,aserai,Infantry,,,,,,,,,,,,,False,False
tournament_template_aserai_four_participant_set_v1,{=!}tournament_template_aserai_four_participant_set_v1,tournament_template_aserai_four_participant_set_v1,6.0,,aserai,Infantry,,,,,,,,,,,,,False,False
tournament_template_aserai_four_participant_set_v2,{=!}tournament_template_aserai_four_participant_set_v2,tournament_template_aserai_four_participant_set_v2,6.0,,aserai,Infantry,,,,,,,,,,,,,False,False
tournament_template_aserai_four_participant_set_v3,{=!}tournament_template_aserai_four_participant_set_v3,tournament_template_aserai_four_participant_set_v3,6.0,,aserai,Infantry,,,,,,,,,,,,,False,False
tournament_template_aserai_four_participant_set_v4,{=!}tournament_template_aserai_four_participant_set_v4,tournament_template_aserai_four_participant_set_v4,6.0,,aserai,Infantry,,,,,,,,,,,,,False,False
tournament_template_battania_one_participant_set_v1,{=!}tournament_template_battania_one_participant_set_v1,tournament_template_battania_one_participant_set_v1,6.0,,battania,Infantry,,,,,,,,,,,,,False,False
tournament_template_battania_one_participant_set_v2,{=!}tournament_template_battania_one_participant_set_v2,tournament_template_battania_one_participant_set_v2,6.0,,battania,Infantry,,,,,,,,,,,,,False,False
tournament_template_battania_two_participant_set_v1,{=!}tournament_template_battania_two_participant_set_v1,tournament_template_battania_two_participant_set_v1,6.0,,battania,Infantry,,,,,,,,,,,,,False,False
tournament_template_battania_two_participant_set_v2,{=!}tournament_template_battania_two_participant_set_v2,tournament_template_battania_two_participant_set_v2,6.0,,battania,Infantry,,,,,,,,,,,,,False,False
tournament_template_battania_two_participant_set_v3,{=!}tournament_template_battania_two_participant_set_v3,tournament_template_battania_two_participant_set_v3,6.0,,battania,Infantry,,,,,,,,,,,,,False,False
tournament_template_battania_two_participant_set_v4,{=!}tournament_template_battania_two_participant_set_v4,tournament_template_battania_two_participant_set_v4,6.0,,battania,Infantry,,,,,,,,,,,,,False,False
tournament_template_battania_two_participant_set_v5,{=!}tournament_template_battania_two_participant_set_v5,tournament_template_battania_two_participant_set_v5,6.0,,battania,Infantry,,,,,,,,,,,,,False,False
tournament_template_battania_four_participant_set_v1,{=!}tournament_template_battania_four_participant_set_v1,tournament_template_battania_four_participant_set_v1,6.0,,battania,Infantry,,,,,,,,,,,,,False,False
tournament_template_battania_four_participant_set_v2,{=!}tournament_template_battania_four_participant_set_v2,tournament_template_battania_four_participant_set_v2,6.0,,battania,Infantry,,,,,,,,,,,,,False,False
tournament_template_battania_four_participant_set_v3,{=!}tournament_template_battania_four_participant_set_v3,tournament_template_battania_four_participant_set_v3,6.0,,battania,Infantry,,,,,,,,,,,,,False,False
tournament_template_empire_one_participant_set_v1,{=!}tournament_template_empire_one_participant_set_v1,tournament_template_empire_one_participant_set_v1,6.0,,empire,Infantry,,,,,,,,,,,,,False,False
tournament_template_empire_two_participant_set_v1,{=!}tournament_template_empire_two_participant_set_v1,tournament_template_empire_two_participant_set_v1,6.0,,empire,Infantry,,,,,,,,,,,,,False,False
tournament_template_empire_two_participant_set_v2,{=!}tournament_template_empire_two_participant_set_v2,tournament_template_empire_two_participant_set_v2,6.0,,empire,Infantry,,,,,,,,,,,,,False,False
tournament_template_empire_two_participant_set_v3,{=!}tournament_template_empire_two_participant_set_v3,tournament_template_empire_two_participant_set_v3,6.0,,empire,Infantry,,,,,,,,,,,,,False,False
tournament_template_empire_four_participant_set_v1,{=!}tournament_template_empire_four_participant_set_v1,tournament_template_empire_four_participant_set_v1,6.0,,empire,Infantry,,,,,,,,,,,,,False,False
tournament_template_empire_four_participant_set_v2,{=!}tournament_template_empire_four_participant_set_v2,tournament_template_empire_four_participant_set_v2,6.0,,empire,Infantry,,,,,,,,,,,,,False,False
tournament_template_empire_four_participant_set_v3,{=!}tournament_template_empire_four_participant_set_v3,tournament_template_empire_four_participant_set_v3,6.0,,empire,Infantry,,,,,,,,,,,,,False,False
tournament_template_khuzait_one_participant_set_v1,{=!}tournament_template_khuzait_one_participant_set_v1,tournament_template_khuzait_one_participant_set_v1,6.0,,khuzait,Infantry,,,,,,,,,,,,,False,False
tournament_template_khuzait_one_participant_set_v2,{=!}tournament_template_khuzait_one_participant_set_v2,tournament_template_khuzait_one_participant_set_v2,6.0,,khuzait,Infantry,,,,,,,,,,,,,False,False
tournament_template_khuzait_one_participant_set_v3,{=!}tournament_template_khuzait_one_participant_set_v3,tournament_template_khuzait_one_participant_set_v3,6.0,,khuzait,Infantry,,,,,,,,,,,,,False,False
tournament_template_khuzait_two_participant_set_v1,{=!}tournament_template_khuzait_two_participant_set_v1,tournament_template_khuzait_two_participant_set_v1,6.0,,khuzait,Infantry,,,,,,,,,,,,,False,False
tournament_template_khuzait_two_participant_set_v2,{=!}tournament_template_khuzait_two_participant_set_v2,tournament_template_khuzait_two_participant_set_v2,6.0,,khuzait,Infantry,,,,,,,,,,,,,False,False
tournament_template_khuzait_two_participant_set_v3,{=!}tournament_template_khuzait_two_participant_set_v3,tournament_template_khuzait_two_participant_set_v3,6.0,,khuzait,Infantry,,,,,,,,,,,,,False,False
tournament_template_khuzait_four_participant_set_v1,{=!}tournament_template_khuzait_four_participant_set_v1,tournament_template_khuzait_four_participant_set_v1,6.0,,khuzait,Infantry,,,,,,,,,,,,,False,False
tournament_template_khuzait_four_participant_set_v2,{=!}tournament_template_khuzait_four_participant_set_v2,tournament_template_khuzait_four_participant_set_v2,6.0,,khuzait,Infantry,,,,,,,,,,,,,False,False
tournament_template_khuzait_four_participant_set_v3,{=!}tournament_template_khuzait_four_participant_set_v3,tournament_template_khuzait_four_participant_set_v3,6.0,,khuzait,Infantry,,,,,,,,,,,,,False,False
tournament_template_vlandia_one_participant_set_v1,{=!}tournament_template_vlandia_one_participant_set_v1,tournament_template_vlandia_one_participant_set_v1,6.0,,vlandia,Infantry,,,,,,,,,,,,,False,False
tournament_template_vlandia_one_participant_set_v2,{=!}tournament_template_vlandia_one_participant_set_v2,tournament_template_vlandia_one_participant_set_v2,6.0,,vlandia,Infantry,,,,,,,,,,,,,False,False
tournament_template_vlandia_one_participant_set_v3,{=!}tournament_template_vlandia_one_participant_set_v3,tournament_template_vlandia_one_participant_set_v3,6.0,,vlandia,Infantry,,,,,,,,,,,,,False,False
tournament_template_vlandia_two_participant_set_v1,{=!}tournament_template_vlandia_two_participant_set_v1,tournament_template_vlandia_two_participant_set_v1,6.0,,vlandia,Infantry,,,,,,,,,,,,,False,False
tournament_template_vlandia_two_participant_set_v2,{=!}tournament_template_vlandia_two_participant_set_v2,tournament_template_vlandia_two_participant_set_v2,6.0,,vlandia,Infantry,,,,,,,,,,,,,False,False
tournament_template_vlandia_two_participant_set_v3,{=!}tournament_template_vlandia_two_participant_set_v3,tournament_template_vlandia_two_participant_set_v3,6.0,,vlandia,Infantry,,,,,,,,,,,,,False,False
tournament_template_vlandia_two_participant_set_v4,{=!}tournament_template_vlandia_two_participant_set_v4,tournament_template_vlandia_two_participant_set_v4,6.0,,vlandia,Infantry,,,,,,,,,,,,,False,False
tournament_template_vlandia_four_participant_set_v1,{=!}tournament_template_vlandia_four_participant_set_v1,tournament_template_vlandia_four_participant_set_v1,6.0,,vlandia,Infantry,,,,,,,,,,,,,False,False
tournament_template_vlandia_four_participant_set_v2,{=!}tournament_template_vlandia_four_participant_set_v2,tournament_template_vlandia_four_participant_set_v2,6.0,,vlandia,Infantry,,,,,,,,,,,,,False,False
tournament_template_vlandia_four_participant_set_v3,{=!}tournament_template_vlandia_four_participant_set_v3,tournament_template_vlandia_four_participant_set_v3,6.0,,vlandia,Infantry,,,,,,,,,,,,,False,False
tournament_template_vlandia_four_participant_set_v4,{=!}tournament_template_vlandia_four_participant_set_v4,tournament_template_vlandia_four_participant_set_v4,6.0,,vlandia,Infantry,,,,,,,,,,,,,False,False
tournament_template_sturgia_one_participant_set_v1,{=!}tournament_template_sturgia_one_participant_set_v1,tournament_template_sturgia_one_participant_set_v1,6.0,,sturgia,Infantry,,,,,,,,,,,,,False,False
tournament_template_sturgia_one_participant_set_v2,{=!}tournament_template_sturgia_one_participant_set_v2,tournament_template_sturgia_one_participant_set_v2,6.0,,sturgia,Infantry,,,,,,,,,,,,,False,False
tournament_template_sturgia_two_participant_set_v1,{=!}tournament_template_sturgia_two_participant_set_v1,tournament_template_sturgia_two_participant_set_v1,6.0,,sturgia,Infantry,,,,,,,,,,,,,False,False
tournament_template_sturgia_two_participant_set_v2,{=!}tournament_template_sturgia_two_participant_set_v2,tournament_template_sturgia_two_participant_set_v2,6.0,,sturgia,Infantry,,,,,,,,,,,,,False,False
tournament_template_sturgia_two_participant_set_v3,{=!}tournament_template_sturgia_two_participant_set_v3,tournament_template_sturgia_two_participant_set_v3,6.0,,sturgia,Infantry,,,,,,,,,,,,,False,False
tournament_template_sturgia_four_participant_set_v1,{=!}tournament_template_sturgia_four_participant_set_v1,tournament_template_sturgia_four_participant_set_v1,6.0,,sturgia,Infantry,,,,,,,,,,,,,False,False
tournament_template_sturgia_four_participant_set_v2,{=!}tournament_template_sturgia_four_participant_set_v2,tournament_template_sturgia_four_participant_set_v2,6.0,,sturgia,Infantry,,,,,,,,,,,,,False,False
tournament_template_sturgia_four_participant_set_v3,{=!}tournament_template_sturgia_four_participant_set_v3,tournament_template_sturgia_four_participant_set_v3,6.0,,sturgia,Infantry,,,,,,,,,,,,,False,False
aserai_recruit,{=H5HJUejD}Aserai Recruit,Aserai Recruit,6.0,Soldier,aserai,Infantry,true,,,20.0,10.0,20.0,10.0,0.0,5.0,5.0,20.0,aserai_tribesman|aserai_mameluke_soldier,True,True
aserai_tribesman,{=arb5nRri}Aserai Tribesman,Aserai Tribesman,11.0,Soldier,aserai,Infantry,false,,,40.0,15.0,40.0,20.0,5.0,20.0,15.0,40.0,aserai_skirmisher|aserai_footman,True,True
aserai_footman,{=wtmCSMrC}Aserai Footman,Aserai Footman,16.0,Soldier,aserai,Infantry,,,,70.0,20.0,70.0,40.0,10.0,40.0,30.0,70.0,aserai_infantry,True,True
aserai_skirmisher,,,,,aserai,,,,,,,,,,,,,aserai_marine_t4,True,False
aserai_archer,,,,,aserai,,,,,,,,,,,,,aserai_marine_t5,True,False
aserai_master_archer,{=B4ls6R2b}Aserai Master Archer,Aserai Master Archer,26.0,Soldier,aserai,Ranged,,,,130.0,50.0,80.0,160.0,20.0,80.0,60.0,130.0,,False,True
aserai_infantry,{=tke6VCV6}Aserai Infantry,Aserai Infantry,21.0,Soldier,aserai,Infantry,,,,100.0,60.0,100.0,45.0,15.0,60.0,45.0,100.0,aserai_veteran_infantry,True,True
aserai_veteran_infantry,{=g1zvdEE3}Aserai Veteran Infantry,Aserai Veteran Infantry,26.0,Soldier,aserai,Infantry,,,,160.0,80.0,130.0,60.0,20.0,80.0,50.0,130.0,,False,True
aserai_mameluke_soldier,{=sNXtQchk}Aserai Mamluke Soldier,Aserai Mamluke Soldier,11.0,Soldier,aserai,Infantry,true,,,40.0,15.0,50.0,10.0,5.0,40.0,15.0,40.0,aserai_mameluke_regular|aserai_mameluke_axeman,True,True
aserai_mameluke_regular,{=LsHFY6p5}Aserai Mamluke Regular,Aserai Mamluke Regular,16.0,Soldier,aserai,Cavalry,,,,70.0,30.0,70.0,30.0,10.0,50.0,70.0,40.0,aserai_mameluke_cavalry,True,True
aserai_mameluke_cavalry,{=TCuNAyPG}Aserai Mamluke Cavalry,Aserai Mamluke Cavalry,21.0,Soldier,aserai,HorseArcher,,,,100.0,45.0,75.0,100.0,15.0,70.0,110.0,40.0,aserai_mameluke_heavy_cavalry,True,True
aserai_mameluke_heavy_cavalry,{=P4lcbA0b}Aserai Mamluke Heavy Cavalry,Aserai Mamluke Heavy Cavalry,26.0,Soldier,aserai,HorseArcher,,,,130.0,60.0,80.0,130.0,20.0,80.0,130.0,80.0,,False,True
aserai_mameluke_axeman,{=bKBvFcVf}Aserai Mamluke Axeman,Aserai Mamluke Axeman,16.0,Soldier,aserai,Infantry,,,,70.0,80.0,60.0,30.0,10.0,50.0,40.0,80.0,aserai_mameluke_guard,True,True
aserai_mameluke_guard,{=tIDOJvId}Aserai Mamluke Guard,Aserai Mamluke Guard,21.0,Soldier,aserai,Infantry,,,,80.0,110.0,60.0,45.0,15.0,100.0,45.0,110.0,mamluke_palace_guard,True,True
mamluke_palace_guard,{=wrYJBc4g}Aserai Mamluke Palace Guard,Aserai Mamluke Palace Guard,26.0,Soldier,aserai,Infantry,,,,80.0,140.0,80.0,60.0,20.0,130.0,60.0,140.0,,False,True
aserai_youth,{=Gvy2b4fa}Aserai Youth,Aserai Youth,11.0,Soldier,aserai,Cavalry,true,,,20.0,5.0,60.0,20.0,5.0,40.0,30.0,15.0,aserai_tribal_horseman,True,True
aserai_tribal_horseman,{=dfv7E49q}Aserai Tribal Horseman,Aserai Tribal Horseman,16.0,Soldier,aserai,Cavalry,,,,30.0,10.0,70.0,30.0,10.0,70.0,80.0,30.0,aserai_faris,True,True
aserai_faris,{=jaK1A7CI}Aserai Faris,Aserai Faris,21.0,Soldier,aserai,Cavalry,,,,70.0,15.0,110.0,25.0,10.0,100.0,100.0,65.0,aserai_veteran_faris,True,True
aserai_veteran_faris,{=6oc7CXbI}Aserai Veteran Faris,Aserai Veteran Faris,26.0,Soldier,aserai,Cavalry,,,,130.0,60.0,130.0,50.0,20.0,80.0,160.0,80.0,aserai_vanguard_faris,True,True
aserai_vanguard_faris,{=AoFZUbun}Aserai Vanguard Faris,Aserai Vanguard Faris,31.0,Soldier,aserai,Cavalry,,,,170.0,60.0,200.0,65.0,20.0,140.0,170.0,90.0,,False,True
battanian_volunteer,{=GUQ3zfg2}Battanian Volunteer,Battanian Volunteer,6.0,Soldier,battania,Infantry,true,,,20.0,10.0,20.0,5.0,0.0,10.0,5.0,20.0,battanian_clanwarrior|battanian_woodrunner,True,True
battanian_clanwarrior,{=VtlvxEs7}Battanian Clan Warrior,Battanian Clan Warrior,11.0,Soldier,battania,Infantry,,,,40.0,15.0,40.0,15.0,5.0,20.0,20.0,40.0,battanian_trained_warrior,True,True
battanian_trained_warrior,{=HMHzTNqJ}Battanian Trained Warrior,Battanian Trained Warrior,16.0,Soldier,battania,Infantry,,,,70.0,40.0,70.0,30.0,10.0,30.0,40.0,70.0,battanian_picked_warrior|battanian_scout,True,True
battanian_picked_warrior,{=tSc0mHy7}Battanian Picked Warrior,Battanian Picked Warrior,21.0,Soldier,battania,Infantry,,,,110.0,60.0,110.0,45.0,15.0,55.0,30.0,100.0,battanian_oathsworn,True,True
battanian_oathsworn,{=bNZXcw3q}Battanian Oathsworn,Battanian Oathsworn,26.0,Soldier,battania,Infantry,,,,130.0,80.0,130.0,60.0,20.0,60.0,80.0,130.0,,False,True
battanian_scout,{=6C3OMP1X}Battanian Scout,Battanian Scout,21.0,Soldier,battania,Cavalry,,,,100.0,45.0,100.0,60.0,15.0,30.0,100.0,45.0,battanian_horseman,True,True
battanian_mounted_skirmisher,{=abFIj4ZW}Battanian Mounted Skirmisher,Battanian Mounted Skirmisher,26.0,Soldier,battania,Cavalry,,,,130.0,60.0,80.0,15.0,15.0,150.0,130.0,80.0,,False,True
battanian_horseman,{=2gUjKT5H}Battanian Horseman,Battanian Horseman,26.0,Soldier,battania,Cavalry,,,,130.0,80.0,130.0,60.0,20.0,60.0,130.0,80.0,,False,True
battanian_woodrunner,{=DNsbKR7B}Battanian Wood Runner,Battanian Wood Runner,11.0,Soldier,battania,Infantry,,,,40.0,15.0,20.0,20.0,5.0,40.0,15.0,40.0,battanian_raider|battanian_skirmisher,True,True
battanian_raider,{=IKvwsCaJ}Battanian Raider,Battanian Raider,16.0,Soldier,battania,Infantry,,,,70.0,40.0,30.0,40.0,10.0,70.0,30.0,70.0,battanian_falxman,True,True
battanian_skirmisher,,,,,battania,,,,,,,,,,,,,battanian_marine_t4,True,False
battanian_wildling,{=gyvXsXs8}Battanian Wildling,Battanian Wildling,26.0,Soldier,battania,Infantry,,,,120.0,80.0,80.0,60.0,20.0,130.0,60.0,140.0,,False,True
battanian_falxman,{=X4GvzDdW}Battanian Falxman,Battanian Falxman,21.0,Soldier,battania,Infantry,,,,60.0,100.0,45.0,60.0,15.0,100.0,45.0,100.0,battanian_veteran_falxman,True,True
battanian_veteran_skirmisher,,,,,battania,,,,,,,,,,,,,battanian_marine_t5,True,False
battanian_veteran_falxman,{=yMqWnBfT}Battanian Veteran Falxman,Battanian Veteran Falxman,26.0,Soldier,battania,Infantry,,,,70.0,130.0,70.0,60.0,20.0,130.0,60.0,130.0,,False,True
battanian_highborn_youth,{=cZms8Ivb}Battanian Highborn Youth,Battanian Highborn Youth,11.0,Soldier,battania,Ranged,true,,,20.0,40.0,20.0,60.0,5.0,5.0,5.0,40.0,battanian_highborn_warrior,True,True
battanian_highborn_warrior,{=IHczn7ti}Battanian Highborn Warrior,Battanian Highborn Warrior,16.0,Soldier,battania,Ranged,,,,30.0,90.0,30.0,100.0,10.0,10.0,10.0,80.0,battanian_hero,True,True
battanian_hero,{=ac8MZYne}Battanian Hero,Battanian Hero,21.0,Soldier,battania,Ranged,,,,60.0,110.0,40.0,130.0,15.0,15.0,25.0,100.0,battanian_fian,True,True
battanian_fian,{=Btb7p3mD}Battanian Fian,Battanian Fian,26.0,Soldier,battania,Ranged,,,,80.0,130.0,60.0,160.0,20.0,50.0,80.0,130.0,battanian_fian_champion,True,True
battanian_fian_champion,{=1zObCG2o}Battanian Fian Champion,Battanian Fian Champion,31.0,Soldier,battania,Ranged,,,,90.0,220.0,50.0,220.0,25.0,40.0,60.0,170.0,,False,True
imperial_recruit,{=s3IJIFUw}Imperial Recruit,Imperial Recruit,6.0,Soldier,empire,Infantry,true,,,20.0,10.0,20.0,5.0,5.0,10.0,0.0,20.0,imperial_infantryman|imperial_archer,True,True
imperial_infantryman,,,,,empire,,,,,,,,,,,,,empire_marine_t3,True,False
imperial_vigla_recruit,{=n41jlEa3}Imperial Vigla Recruit,Imperial Vigla Recruit,11.0,Soldier,empire,Infantry,true,,,60.0,5.0,40.0,20.0,5.0,5.0,40.0,20.0,imperial_equite,True,True
imperial_equite,{=1PsLlMaQ}Imperial Equite,Imperial Equite,16.0,Soldier,empire,Cavalry,,,,70.0,10.0,100.0,30.0,10.0,10.0,70.0,60.0,imperial_heavy_horseman,True,True
imperial_heavy_horseman,{=eYIMQafj}Imperial Heavy Horseman,Imperial Heavy Horseman,21.0,Soldier,empire,Cavalry,,,,110.0,15.0,150.0,40.0,15.0,15.0,110.0,40.0,imperial_cataphract,True,True
imperial_cataphract,{=u0UNwnw2}Imperial Cataphract,Imperial Cataphract,26.0,Soldier,empire,Cavalry,,,,130.0,50.0,160.0,60.0,20.0,60.0,130.0,80.0,imperial_elite_cataphract,True,True
imperial_elite_cataphract,{=MYwUFMsz}Imperial Elite Cataphract,Imperial Elite Cataphract,31.0,Soldier,empire,Cavalry,,,,200.0,60.0,260.0,60.0,25.0,45.0,200.0,60.0,,False,True
imperial_trained_infantryman,,,,,empire,,,,,,,,,,,,,empire_marine_t4,True,False
imperial_veteran_infantryman,,,,,empire,,,,,,,,,,,,,empire_marine_t5,True,False
imperial_legionary,{=JGsUtBT3}Imperial Legionary,Imperial Legionary,26.0,Soldier,empire,Infantry,,,,130.0,80.0,130.0,60.0,60.0,80.0,20.0,130.0,,False,True
imperial_archer,{=LbjxH9yp}Imperial Archer,Imperial Archer,11.0,Soldier,empire,Ranged,,,,40.0,15.0,20.0,40.0,20.0,15.0,5.0,40.0,imperial_trained_archer,True,True
bucellarii,{=pRbbJHkU}Imperial Bucellarii,Imperial Bucellarii,26.0,Soldier,empire,HorseArcher,,,,130.0,40.0,60.0,140.0,60.0,40.0,120.0,100.0,,False,True
imperial_trained_archer,{=fHQ8ifKM}Imperial Trained Archer,Imperial Trained Archer,16.0,Soldier,empire,Ranged,,,,70.0,40.0,30.0,70.0,30.0,40.0,10.0,70.0,imperial_veteran_archer|imperial_crossbowman,True,True
imperial_veteran_archer,{=8bA4PvdG}Imperial Veteran Archer,Imperial Veteran Archer,21.0,Soldier,empire,Ranged,,,,100.0,60.0,60.0,100.0,45.0,45.0,15.0,100.0,imperial_palatine_guard|bucellarii,True,True
imperial_palatine_guard,{=CDUvlu4d}Imperial Palatine Guard,Imperial Palatine Guard,26.0,Soldier,empire,Ranged,,,,130.0,30.0,80.0,140.0,80.0,60.0,40.0,130.0,,False,True
imperial_menavliaton,{=e8qbF7Ey}Imperial Menavliaton,Imperial Menavliaton,21.0,Soldier,empire,Infantry,,,,100.0,60.0,100.0,45.0,45.0,60.0,15.0,100.0,imperial_elite_menavliaton,True,True
imperial_elite_menavliaton,{=qAsnj7vU}Imperial Elite Menavliaton,Imperial Elite Menavliaton,26.0,Soldier,empire,Infantry,,,,130.0,80.0,130.0,60.0,40.0,80.0,20.0,130.0,,False,True
imperial_crossbowman,{=UdTc1PGo}Imperial Crossbowman,Imperial Crossbowman,21.0,Soldier,empire,Ranged,,,,100.0,45.0,60.0,60.0,100.0,45.0,15.0,100.0,imperial_sergeant_crossbowman,True,True
imperial_sergeant_crossbowman,{=THyv3q9f}Imperial Sergeant Crossbowman,Imperial Sergeant Crossbowman,26.0,Soldier,empire,Ranged,,,,130.0,60.0,80.0,80.0,130.0,60.0,20.0,130.0,,False,True
khuzait_nomad,{=rIqwYlSK}Khuzait Nomad,Khuzait Nomad,6.0,Soldier,khuzait,Infantry,true,,,20.0,5.0,20.0,5.0,5.0,5.0,10.0,20.0,khuzait_tribal_warrior|khuzait_footman,True,True
khuzait_footman,{=uzwfybTH}Khuzait Footman,Khuzait Footman,11.0,Soldier,khuzait,Infantry,,,,40.0,5.0,40.0,25.0,5.0,20.0,20.0,40.0,khuzait_hunter|khuzait_spearman,True,True
khuzait_tribal_warrior,{=kppseK3N}Khuzait Tribal Warrior,Khuzait Tribal Warrior,11.0,Soldier,khuzait,HorseArcher,,,,40.0,15.0,20.0,40.0,5.0,15.0,40.0,20.0,khuzait_raider|khuzait_horseman,True,True
khuzait_noble_son,{=ZKuabzhK}Khuzait Noble's Son,Khuzait Noble's Son,11.0,Soldier,khuzait,HorseArcher,true,,,20.0,10.0,55.0,40.0,5.0,5.0,40.0,20.0,khuzait_qanqli,True,True
khuzait_hunter,{=Loc1XOIk}Khuzait Hunter,Khuzait Hunter,16.0,Soldier,khuzait,Ranged,,,,70.0,30.0,40.0,70.0,10.0,30.0,40.0,70.0,khuzait_archer,True,True
khuzait_spearman,{=w6YwFaG7}Khuzait Spearman,Khuzait Spearman,16.0,Soldier,khuzait,Infantry,,,,70.0,30.0,70.0,40.0,10.0,30.0,40.0,70.0,khuzait_spear_infantry,True,True
khuzait_raider,{=o1jvmi9P}Khuzait Raider,Khuzait Raider,16.0,Soldier,khuzait,HorseArcher,,,,70.0,30.0,40.0,70.0,10.0,30.0,70.0,40.0,khuzait_horse_archer,True,True
khuzait_horseman,{=iXjMfCyp}Khuzait Horseman,Khuzait Horseman,16.0,Soldier,khuzait,Cavalry,,,,70.0,40.0,70.0,30.0,10.0,40.0,70.0,30.0,khuzait_lancer,True,True
khuzait_qanqli,{=UYPaQP2j}Khuzait Qanqli,Khuzait Qanqli,16.0,Soldier,khuzait,HorseArcher,,,,45.0,30.0,70.0,70.0,10.0,25.0,70.0,40.0,khuzait_torguud,True,True
khuzait_archer,{=lkrV8jZa}Khuzait Archer,Khuzait Archer,21.0,Soldier,khuzait,Ranged,,,,90.0,45.0,45.0,110.0,15.0,15.0,100.0,60.0,khuzait_marksman,True,True
khuzait_spear_infantry,{=6UFEfIJV}Khuzait Spear Infantry,Khuzait Spear Infantry,21.0,Soldier,khuzait,Infantry,,,,100.0,45.0,100.0,45.0,15.0,60.0,60.0,100.0,khuzait_darkhan,True,True
khuzait_horse_archer,{=eHVgfyPH}Khuzait Horse Archer,Khuzait Horse Archer,21.0,Soldier,khuzait,HorseArcher,,,,100.0,45.0,45.0,100.0,15.0,60.0,100.0,60.0,khuzait_heavy_horse_archer,True,True
khuzait_lancer,{=lumFaIud}Khuzait Lancer,Khuzait Lancer,21.0,Soldier,khuzait,Cavalry,,,,100.0,60.0,100.0,45.0,15.0,60.0,100.0,45.0,khuzait_heavy_lancer,True,True
khuzait_torguud,{=QhNpvW0Y}Khuzait Torguud,Khuzait Torguud,21.0,Soldier,khuzait,HorseArcher,,,,55.0,45.0,100.0,100.0,15.0,25.0,100.0,45.0,khuzait_kheshig,True,True
khuzait_marksman,{=DlIU2vJB}Khuzait Marksman,Khuzait Marksman,26.0,Soldier,khuzait,Ranged,,,,130.0,60.0,80.0,130.0,20.0,60.0,80.0,130.0,,False,True
khuzait_darkhan,{=ZSU7sMYX}Khuzait Darkhan,Khuzait Darkhan,26.0,Soldier,khuzait,Infantry,,,,130.0,60.0,130.0,60.0,20.0,80.0,80.0,130.0,,False,True
khuzait_heavy_horse_archer,{=KAJKOooN}Khuzait Heavy Horse Archer,Khuzait Heavy Horse Archer,26.0,Soldier,khuzait,HorseArcher,,,,130.0,60.0,80.0,130.0,20.0,60.0,130.0,80.0,,False,True
khuzait_heavy_lancer,{=cP1bu5GK}Khuzait Heavy Lancer,Khuzait Heavy Lancer,26.0,Soldier,khuzait,Cavalry,,,,130.0,60.0,130.0,20.0,20.0,60.0,150.0,60.0,,False,True
khuzait_kheshig,{=VqrQ096u}Khuzait Kheshig,Khuzait Kheshig,26.0,Soldier,khuzait,HorseArcher,,,,50.0,50.0,130.0,160.0,20.0,60.0,130.0,80.0,khuzait_khans_guard,True,True
khuzait_khans_guard,{=B7oI7AZG}Khuzait Khan's Guard,Khuzait Khan's Guard,31.0,Soldier,khuzait,HorseArcher,,,,60.0,60.0,200.0,200.0,25.0,30.0,200.0,60.0,,False,True
sturgian_recruit,{=BBJKgKj2}Sturgian Recruit,Sturgian Recruit,6.0,Soldier,sturgia,Infantry,true,,,20.0,10.0,20.0,5.0,0.0,10.0,5.0,20.0,sturgian_warrior|sturgian_woodsman,True,True
sturgian_warrior,,,,,sturgia,,,,,,,,,,,,,sturgia_marine_t3,True,False
sturgian_soldier,,,,,sturgia,,,,,,,,,,,,,sturgia_marine_t4,True,False
sturgian_shock_troop,{=byPNCb5e}Sturgian Heavy Spearman,Sturgian Heavy Spearman,26.0,Soldier,sturgia,Infantry,,,,140.0,60.0,140.0,75.0,15.0,30.0,45.0,125.0,,False,True
sturgian_veteran_warrior,{=Gwba5yPA}Sturgian Heavy Axeman,Sturgian Heavy Axeman,26.0,Soldier,sturgia,Infantry,,,,130.0,80.0,80.0,60.0,20.0,130.0,60.0,130.0,,False,True
sturgian_warrior_son,{=HYx5NZSk}Sturgian Otrok,Sturgian Otrok,11.0,Soldier,sturgia,Infantry,true,,,60.0,20.0,20.0,25.0,5.0,5.0,20.0,40.0,varyag,True,True
varyag,{=4C4WiTb2}Varyag,Varyag,16.0,Soldier,sturgia,Infantry,,,,100.0,30.0,30.0,10.0,10.0,70.0,40.0,70.0,varyag_veteran,True,True
varyag_veteran,{=QGPAEtj7}Varyag Veteran,Varyag Veteran,21.0,Soldier,sturgia,Cavalry,,,,110.0,35.0,70.0,35.0,15.0,80.0,80.0,100.0,druzhinnik,True,True
druzhinnik,{=CRzrHomf}Sturgian Druzhinnik,Sturgian Druzhinnik,26.0,Soldier,sturgia,Cavalry,,,,130.0,60.0,140.0,60.0,20.0,60.0,120.0,100.0,druzhinnik_champion,True,True
druzhinnik_champion,{=FrTTT0G1}Sturgian Druzhinnik Champion,Sturgian Druzhinnik Champion,31.0,Soldier,sturgia,Cavalry,,,,200.0,60.0,170.0,65.0,20.0,90.0,170.0,140.0,,False,True
sturgian_woodsman,{=fdaZ3tri}Sturgian Woodsman,Sturgian Woodsman,11.0,Soldier,sturgia,Infantry,,,,40.0,15.0,20.0,20.0,5.0,40.0,15.0,40.0,sturgian_brigand|sturgian_hunter,True,True
sturgian_hunter,{=sturgianhuntertroop}Sturgian Hunter,Sturgian Hunter,16.0,Soldier,sturgia,Ranged,,,,60.0,30.0,40.0,80.0,10.0,30.0,40.0,70.0,sturgian_archer,True,True
sturgian_archer,{=1WfDVpya}Sturgian Archer,Sturgian Archer,21.0,Soldier,sturgia,Ranged,,,,100.0,60.0,45.0,100.0,25.0,45.0,50.0,100.0,sturgian_veteran_bowman,True,True
sturgian_veteran_bowman,{=7WWUxI6y}Sturgian Veteran Bowman,Sturgian Veteran Bowman,26.0,Soldier,sturgia,Ranged,,,,120.0,60.0,60.0,140.0,40.0,80.0,60.0,130.0,,False,True
sturgian_brigand,{=RJNNsaSP}Sturgian Brigand,Sturgian Brigand,16.0,Soldier,sturgia,Infantry,,,,80.0,40.0,30.0,40.0,10.0,70.0,30.0,80.0,sturgian_hardened_brigand,True,True
sturgian_hardened_brigand,{=VbWtdAWn}Sturgian Hardened Brigand,Sturgian Hardened Brigand,21.0,Soldier,sturgia,Cavalry,,,,100.0,60.0,45.0,45.0,15.0,100.0,100.0,60.0,sturgian_horse_raider,True,True
sturgian_horse_raider,{=xnzpQbwQ}Sturgian Horse Raider,Sturgian Horse Raider,26.0,Soldier,sturgia,Cavalry,,,,130.0,60.0,80.0,60.0,20.0,130.0,130.0,80.0,,False,True
sturgian_berzerker,{=Sc1d2lsH}Sturgian Line Breaker,Sturgian Line Breaker,21.0,Soldier,sturgia,Infantry,,,,100.0,110.0,40.0,45.0,15.0,50.0,45.0,130.0,sturgian_ulfhednar,True,True
sturgian_spearman,,,,,sturgia,,,,,,,,,,,,,sturgia_marine_t5,True,False
sturgian_ulfhednar,{=CJxF6fky}Sturgian Heroic Line Breaker,Sturgian Heroic Line Breaker,26.0,Soldier,sturgia,Infantry,,,,80.0,150.0,80.0,60.0,20.0,130.0,40.0,150.0,,False,True
vlandian_recruit,{=GEnwDYp1}Vlandian Recruit,Vlandian Recruit,6.0,Soldier,vlandia,Infantry,true,,,20.0,10.0,20.0,5.0,5.0,5.0,5.0,20.0,vlandian_levy_crossbowman|vlandian_footman,True,True
vlandian_footman,{=yPF32fbh}Vlandian Footman,Vlandian Footman,11.0,Soldier,vlandia,Infantry,,,,40.0,20.0,40.0,5.0,20.0,15.0,15.0,40.0,vlandian_spearman|vlandian_light_cavalry,True,True
vlandian_spearman,{=Gd0y7SxJ}Vlandian Spearman,Vlandian Spearman,16.0,Soldier,vlandia,Infantry,,,,70.0,40.0,70.0,10.0,30.0,30.0,40.0,70.0,vlandian_billman|vlandian_swordsman,True,True
vlandian_billman,{=5b6KjY5b}Vlandian Billman,Vlandian Billman,21.0,Soldier,vlandia,Infantry,,,,90.0,100.0,80.0,15.0,35.0,35.0,60.0,110.0,vlandian_voulgier|vlandian_pikeman,True,True
vlandian_voulgier,{=UrSjhs4x}Vlandian Voulgier,Vlandian Voulgier,26.0,Soldier,vlandia,Infantry,,,,80.0,130.0,130.0,20.0,60.0,80.0,60.0,130.0,,False,True
vlandian_pikeman,{=Si5ZCb1O}Vlandian Pikeman,Vlandian Pikeman,26.0,Soldier,vlandia,Infantry,,,,80.0,130.0,130.0,20.0,60.0,80.0,60.0,130.0,,False,True
vlandian_infantry,{=SAILNYbu}Vlandian Infantry,Vlandian Infantry,16.0,Soldier,vlandia,Infantry,,,,70.0,40.0,70.0,10.0,30.0,30.0,40.0,70.0,vlandian_swordsman,True,True
vlandian_swordsman,{=pooybAKI}Vlandian Swordsman,Vlandian Swordsman,21.0,Soldier,vlandia,Infantry,,,,100.0,60.0,100.0,15.0,45.0,60.0,45.0,100.0,vlandian_sergeant,True,True
vlandian_sergeant,{=nPyqHxmf}Vlandian Sergeant,Vlandian Sergeant,26.0,Soldier,vlandia,Infantry,,,,130.0,60.0,130.0,20.0,60.0,80.0,80.0,130.0,,False,True
vlandian_light_cavalry,{=AloMryIU}Vlandian Light Cavalry,Vlandian Light Cavalry,16.0,Soldier,vlandia,Cavalry,,,,70.0,40.0,80.0,30.0,35.0,25.0,60.0,30.0,vlandian_cavalry,True,True
vlandian_cavalry,{=QgQfYcSw}Vlandian Cavalry,Vlandian Cavalry,21.0,Soldier,vlandia,Cavalry,,,,80.0,45.0,110.0,40.0,40.0,30.0,120.0,60.0,vlandian_vanguard,True,True
vlandian_vanguard,{=8PLgCsiR}Vlandian Vanguard,Vlandian Vanguard,26.0,Soldier,vlandia,Cavalry,,,,130.0,80.0,130.0,20.0,60.0,80.0,130.0,60.0,,False,True
vlandian_levy_crossbowman,{=SvAADOwm}Vlandian Levy Crossbowman,Vlandian Levy Crossbowman,11.0,Soldier,vlandia,Ranged,,,,40.0,15.0,20.0,5.0,40.0,15.0,20.0,40.0,vlandian_crossbowman,True,True
vlandian_crossbowman,,,,,vlandia,,,,,,,,,,,,,vlandian_marine_t4,True,False
vlandian_hardened_crossbowman,,,,,vlandia,,,,,,,,,,,,,vlandian_marine_t5,True,False
vlandian_sharpshooter,{=X6CQ9CMZ}Vlandian Sharpshooter,Vlandian Sharpshooter,26.0,Soldier,vlandia,Ranged,,,,130.0,60.0,80.0,20.0,130.0,60.0,80.0,130.0,,False,True
vlandian_squire,{=XzDObEiH}Vlandian Squire,Vlandian Squire,11.0,Soldier,vlandia,Cavalry,true,,,45.0,10.0,40.0,10.0,10.0,10.0,40.0,30.0,vlandian_gallant,True,True
vlandian_gallant,{=OQPDvtpk}Vlandian Gallant,Vlandian Gallant,16.0,Soldier,vlandia,Cavalry,,,,100.0,30.0,100.0,10.0,10.0,10.0,70.0,30.0,vlandian_knight,True,True
vlandian_knight,{=oseSwa56}Vlandian Knight,Vlandian Knight,21.0,Soldier,vlandia,Cavalry,,,,100.0,60.0,110.0,45.0,45.0,15.0,100.0,90.0,vlandian_champion,True,True
vlandian_champion,{=3VosbFR0}Vlandian Champion,Vlandian Champion,26.0,Soldier,vlandia,Cavalry,,,,130.0,60.0,160.0,20.0,50.0,80.0,130.0,80.0,vlandian_banner_knight,True,True
vlandian_banner_knight,{=bTApMxWr}Vlandian Banner Knight,Vlandian Banner Knight,31.0,Soldier,vlandia,Cavalry,,,,220.0,60.0,260.0,25.0,60.0,30.0,200.0,60.0,,False,True
ghilman_tier_1,{=KnhpjA7Y}Koleman,Koleman,11.0,Soldier,darshi,Cavalry,true,,,40.0,20.0,40.0,5.0,,5.0,40.0,20.0,ghilman_tier_2,True,True
ghilman_tier_2,{=ghilmanUnit}Ghilman,Ghilman,16.0,Soldier,darshi,Cavalry,,,,60.0,40.0,80.0,10.0,10.0,30.0,60.0,70.0,ghilman_tier_3,True,True
ghilman_tier_3,{=7EUhAv8b}Ghulam,Ghulam,21.0,Soldier,darshi,Cavalry,,,,90.0,50.0,110.0,15.0,35.0,45.0,100.0,80.0,,False,True
legion_of_the_betrayed_tier_1,{=G9ByT85b}Hastati,Hastati,11.0,Soldier,empire,Infantry,true,,,40.0,20.0,20.0,15.0,15.0,40.0,5.0,40.0,legion_of_the_betrayed_tier_2,True,True
legion_of_the_betrayed_tier_2,{=qMYpZKWo}Principes,Principes,16.0,Soldier,empire,Infantry,,,,70.0,40.0,30.0,30.0,30.0,60.0,20.0,80.0,legion_of_the_betrayed_tier_3,True,True
legion_of_the_betrayed_tier_3,{=cOt1onbR}Triarii,Triarii,21.0,Soldier,empire,Infantry,,,,100.0,50.0,100.0,45.0,15.0,80.0,45.0,90.0,,False,True
skolderbrotva_tier_1,{=uViDMxLC}Skolder Recruit,Skolder Recruit,11.0,Soldier,nord,Infantry,true,,,60.0,20.0,60.0,15.0,5.0,60.0,15.0,45.0,skolderbrotva_tier_2,True,True
skolderbrotva_tier_2,{=LXybWXde}Skolder Warrior Broda,Skolder Warrior Broda,16.0,Soldier,nord,Infantry,,,,80.0,80.0,40.0,30.0,10.0,80.0,30.0,60.0,skolderbrotva_tier_3,True,True
skolderbrotva_tier_3,{=YGexslSX}Skolder Veteran Broda,Skolder Veteran Broda,21.0,Soldier,nord,Infantry,,,,100.0,100.0,50.0,50.0,15.0,100.0,30.0,75.0,,False,True
company_of_the_boar_tier_1,{=9Bw85Elg}Boar Novice,Boar Novice,11.0,Soldier,vlandia,Ranged,true,,,40.0,5.0,15.0,20.0,40.0,5.0,20.0,40.0,company_of_the_boar_tier_2,True,True
company_of_the_boar_tier_2,{=9Ylw5Spz}Boar Veteran,Boar Veteran,16.0,Soldier,vlandia,Ranged,,,,70.0,30.0,40.0,10.0,70.0,30.0,40.0,70.0,company_of_the_boar_tier_3,True,True
company_of_the_boar_tier_3,{=cSdSSXsO}Boar Champion,Boar Champion,21.0,Soldier,vlandia,Ranged,,,,100.0,60.0,45.0,45.0,100.0,100.0,15.0,60.0,,False,True
beni_zilal_tier_1,{=uca778lM}Beni Zilal Recruit,Beni Zilal Recruit,11.0,Soldier,aserai,Cavalry,true,,,30.0,5.0,40.0,10.0,5.0,50.0,40.0,10.0,beni_zilal_tier_2,True,True
beni_zilal_tier_2,{=9zXXes9i}Beni Zilal Soldier,Beni Zilal Soldier,16.0,Soldier,aserai,Cavalry,,,,30.0,10.0,60.0,30.0,10.0,80.0,90.0,20.0,beni_zilal_tier_3,True,True
beni_zilal_tier_3,{=8Gh8q1PX}Beni Zilal Royal Guard,Beni Zilal Royal Guard,21.0,Soldier,aserai,Cavalry,,,,60.0,15.0,110.0,25.0,15.0,95.0,110.0,65.0,,False,True
wolfskins_tier_1,{=mrBbsiPN}Young Wolf,Young Wolf,11.0,Soldier,battania,Ranged,true,,,40.0,15.0,15.0,40.0,5.0,20.0,10.0,50.0,wolfskins_tier_2,True,True
wolfskins_tier_2,{=q7b4pQc9}Seasoned Wolf,Seasoned Wolf,16.0,Soldier,battania,Ranged,,,,80.0,40.0,30.0,80.0,10.0,10.0,10.0,100.0,wolfskins_tier_3,True,True
wolfskins_tier_3,{=QvSmhaAV}Chosen Wolf,Chosen Wolf,21.0,Soldier,battania,Ranged,,,,110.0,50.0,30.0,130.0,15.0,15.0,25.0,120.0,,False,True
hidden_hand_tier_1,{=ehACDRBk}Hidden Pawn,Hidden Pawn,11.0,Soldier,empire,Infantry,true,,,40.0,15.0,20.0,20.0,5.0,55.0,15.0,40.0,hidden_hand_tier_2,True,True
hidden_hand_tier_2,{=BblMuWZx}Hidden Soldati,Hidden Soldati,16.0,Soldier,empire,Infantry,,,,70.0,40.0,30.0,30.0,10.0,70.0,40.0,70.0,hidden_hand_tier_3,True,True
hidden_hand_tier_3,{=PU2zIMu0}Puppeteer,Puppeteer,21.0,Soldier,empire,Infantry,,,,100.0,65.0,40.0,45.0,25.0,100.0,50.0,100.0,,False,True
lakepike_tier_1,{=6j9iJMRr}Lake Rat Recruit,Lake Rat Recruit,11.0,Soldier,sturgia,Infantry,true,,,60.0,60.0,60.0,5.0,30.0,30.0,15.0,45.0,lakepike_tier_2,True,True
lakepike_tier_2,{=1gAasy1t}Lake Rat Veteran,Lake Rat Veteran,16.0,Soldier,sturgia,Infantry,,,,40.0,80.0,80.0,40.0,10.0,80.0,40.0,60.0,lakepike_tier_3,True,True
lakepike_tier_3,{=BC5YGna3}Lake Rat Wrecker ,Lake Rat Wrecker ,21.0,Soldier,sturgia,Infantry,,,,120.0,60.0,120.0,60.0,20.0,120.0,60.0,105.0,,False,True
brotherhood_of_woods_tier_1,{=DIt9SuMb}Sprout,Sprout,11.0,Soldier,vlandia,Ranged,true,,,40.0,15.0,15.0,40.0,20.0,5.0,20.0,40.0,brotherhood_of_woods_tier_2,True,True
brotherhood_of_woods_tier_2,{=riT39wKu}Sapling,Sapling,16.0,Soldier,vlandia,Ranged,,,,110.0,45.0,45.0,90.0,15.0,60.0,60.0,100.0,brotherhood_of_woods_tier_3,True,True
brotherhood_of_woods_tier_3,{=u3K1SozQ}Arboreal,Arboreal,21.0,Soldier,vlandia,Ranged,,,,90.0,45.0,45.0,100.0,15.0,60.0,60.0,110.0,,False,True
embers_of_flame_tier_1,{=xJ4koSsx}Spark,Spark,11.0,Soldier,empire,Infantry,true,,,40.0,15.0,15.0,30.0,20.0,5.0,20.0,50.0,embers_of_flame_tier_2,True,True
embers_of_flame_tier_2,{=BlZK3wDN}Flame,Flame,16.0,Soldier,empire,Infantry,,,,110.0,45.0,65.0,90.0,15.0,50.0,50.0,100.0,embers_of_flame_tier_3,True,True
embers_of_flame_tier_3,{=UsvCnAS7}Blaze,Blaze,21.0,Soldier,empire,Infantry,,,,130.0,45.0,45.0,70.0,15.0,60.0,60.0,100.0,,False,True
jawwal_tier_1,{=vxlAJIiU}Jawwal Recruit,Jawwal Recruit,11.0,Soldier,aserai,Infantry,true,,,40.0,15.0,20.0,20.0,5.0,40.0,15.0,180.0,jawwal_tier_2,True,True
jawwal_tier_2,{=Mcbjdntz}Jawwal Camel Rider,Jawwal Camel Rider,16.0,Soldier,aserai,Cavalry,,,,40.0,60.0,110.0,40.0,15.0,110.0,40.0,110.0,jawwal_tier_3,True,True
jawwal_tier_3,{=qAvxmnav}Jawwal Bedouin,Jawwal Bedouin,21.0,Soldier,aserai,Cavalry,,,,80.0,60.0,130.0,40.0,20.0,140.0,80.0,130.0,,False,True
karakhuzaits_tier_1,{=cDgsaaRB}Karakhergit Nomad,Karakhergit Nomad,11.0,Soldier,khuzait,HorseArcher,true,,,20.0,15.0,10.0,30.0,5.0,15.0,40.0,40.0,karakhuzaits_tier_2,True,True
karakhuzaits_tier_2,{=UvK3XaZ6}Karakhergit Rider,Karakhergit Rider,16.0,Soldier,khuzait,HorseArcher,,,,70.0,30.0,40.0,80.0,10.0,30.0,60.0,40.0,karakhuzaits_tier_3,True,True
karakhuzaits_tier_3,{=KbyRj9b3}Karakhergit Elder,Karakhergit Elder,21.0,Soldier,khuzait,HorseArcher,,,,100.0,45.0,45.0,110.0,15.0,60.0,100.0,60.0,,False,True
forest_people_tier_1,{=h7nGFImt}Recruit Forester,Recruit Forester,11.0,Soldier,vakken,Ranged,true,,,40.0,15.0,20.0,40.0,5.0,15.0,20.0,40.0,forest_people_tier_2,True,True
forest_people_tier_2,{=2HDPaohZ}Expert Forester,Expert Forester,16.0,Soldier,vakken,Ranged,,,,0.0,30.0,30.0,90.0,10.0,20.0,20.0,80.0,forest_people_tier_3,True,True
forest_people_tier_3,{=ueasbGtd}Veteran Forester,Veteran Forester,21.0,Soldier,vakken,Ranged,,,,90.0,45.0,45.0,100.0,15.0,60.0,60.0,110.0,,False,True
eleftheroi_tier_1,{=S6BosJUq}Recruit Eleftheroi,Recruit Eleftheroi,11.0,Soldier,empire,Cavalry,true,,,20.0,15.0,40.0,40.0,5.0,15.0,40.0,20.0,eleftheroi_tier_2,True,True
eleftheroi_tier_2,{=qBVNIhme}Expert Eleftheroi,Expert Eleftheroi,16.0,Soldier,empire,Cavalry,,,,70.0,40.0,70.0,30.0,10.0,40.0,70.0,30.0,eleftheroi_tier_3,True,True
eleftheroi_tier_3,{=cEKbOxRA}Veteran Eleftheroi,Veteran Eleftheroi,21.0,Soldier,empire,Cavalry,,,,100.0,60.0,100.0,45.0,15.0,60.0,100.0,45.0,,False,True
sword_sisters_sister_t3,{=r8npO8hG}Sisterhood Follower,Sisterhood Follower,16.0,Mercenary,neutral_culture,Ranged,true,false,,65.0,30.0,40.0,10.0,60.0,30.0,20.0,70.0,sword_sisters_sister_t4,True,False
sword_sisters_sister_t4,{=ZK0GXYCx}Sword Sister,Sword Sister,21.0,Mercenary,neutral_culture,Ranged,,false,,110.0,45.0,45.0,15.0,90.0,20.0,60.0,110.0,sword_sisters_sister_t5|sword_sisters_sister_infantry_t5,True,False
sword_sisters_sister_t5,{=ifL3F7E2}Gallant Sword Sister,Gallant Sword Sister,26.0,Mercenary,neutral_culture,HorseArcher,,false,,120.0,45.0,45.0,15.0,150.0,20.0,130.0,70.0,,False,False
sword_sisters_sister_infantry_t5,{=0gi5Fp8c}Veteran Sword Sister,Veteran Sword Sister,26.0,Mercenary,neutral_culture,Ranged,,false,,130.0,45.0,45.0,15.0,150.0,20.0,50.0,130.0,,False,False
eastern_mercenary,{=NRvuCvMN}Sellsword,Sellsword,16.0,Mercenary,neutral_culture,Infantry,true,false,,70.0,30.0,30.0,40.0,10.0,70.0,40.0,70.0,eastern_mounted_mercenary_t4|eastern_mercenary_t4,True,False
eastern_mercenary_t4,{=UBHngTIf}Mercenary Maceman,Mercenary Maceman,21.0,Mercenary,neutral_culture,Infantry,,,,100.0,80.0,30.0,45.0,15.0,100.0,45.0,100.0,eastern_mercenary_t5,True,False
eastern_mercenary_t5,{=uPypJHlm}Elite Mercenary Maceman,Elite Mercenary Maceman,26.0,Mercenary,neutral_culture,Infantry,,,,140.0,110.0,30.0,40.0,10.0,30.0,40.0,130.0,,False,False
eastern_mounted_mercenary_t4,{=xl6QstMW}Outrider,Outrider,21.0,Mercenary,neutral_culture,HorseArcher,,false,,100.0,30.0,100.0,100.0,15.0,20.0,100.0,60.0,eastern_mounted_mercenary_t5,True,False
eastern_mounted_mercenary_t5,{=kyt087eN}Veteran Outrider,Veteran Outrider,26.0,Mercenary,neutral_culture,HorseArcher,,false,,150.0,60.0,80.0,130.0,20.0,30.0,130.0,60.0,,False,False
western_mercenary,{=J4k9mg65}Hired Spear,Hired Spear,16.0,Mercenary,neutral_culture,Infantry,true,false,,70.0,30.0,70.0,40.0,10.0,30.0,40.0,70.0,western_mercenary_t4|western_crossbow_t4,True,False
western_mercenary_t4,{=n89z19Dv}Hired Pike,Hired Pike,21.0,Mercenary,neutral_culture,Infantry,,,,90.0,60.0,100.0,15.0,45.0,45.0,60.0,110.0,western_mercenary_t5,True,False
western_mercenary_t5,{=7WV17e5Q}Hired Elite Pike,Hired Elite Pike,26.0,Mercenary,neutral_culture,Infantry,,,,100.0,130.0,130.0,20.0,60.0,80.0,60.0,130.0,,False,False
western_crossbow_t4,{=QfVe3IVw}Hired Crossbow,Hired Crossbow,21.0,Mercenary,neutral_culture,Ranged,,false,,90.0,45.0,45.0,15.0,110.0,60.0,60.0,100.0,western_crossbow_t5,True,False
western_crossbow_t5,{=DxtSIxyZ}Elite Hired Crossbow,Elite Hired Crossbow,26.0,Mercenary,neutral_culture,Ranged,,false,,140.0,70.0,60.0,80.0,140.0,50.0,30.0,120.0,,False,False
gangster_1,{=malethug}Thug,Thug,6.0,Gangster,neutral_culture,Infantry,true,false,,,,,,,,,,gangster_2,True,False
gangster_2,{=7aRhhGAs}Expert Thug,Expert Thug,11.0,Gangster,neutral_culture,Infantry,,false,,,,,,,,,,gangster_3,True,False
gangster_3,{=V1hoeBch}Master Thug,Master Thug,16.0,Gangster,neutral_culture,Infantry,,false,,,,,,,,,,,False,False
prison_guard_empire,{=XgjXfmM1}Prison Guard,Prison Guard,21.0,PrisonGuard,empire,Infantry,,,,50.0,50.0,50.0,50.0,50.0,50.0,,,,False,False
prison_guard_aserai,{=XgjXfmM1}Prison Guard,Prison Guard,21.0,PrisonGuard,aserai,Infantry,,,,50.0,50.0,50.0,50.0,50.0,50.0,,,,False,False
prison_guard_sturgia,{=XgjXfmM1}Prison Guard,Prison Guard,4.0,PrisonGuard,sturgia,Infantry,,,,50.0,50.0,50.0,50.0,50.0,50.0,,,,False,False
prison_guard_vlandia,{=XgjXfmM1}Prison Guard,Prison Guard,4.0,PrisonGuard,vlandia,Infantry,,,,50.0,50.0,50.0,50.0,50.0,50.0,,,,False,False
prison_guard_battania,{=XgjXfmM1}Prison Guard,Prison Guard,4.0,PrisonGuard,battania,Infantry,,,,50.0,50.0,50.0,50.0,50.0,50.0,,,,False,False
prison_guard_khuzait,{=XgjXfmM1}Prison Guard,Prison Guard,4.0,PrisonGuard,khuzait,Infantry,,,,50.0,50.0,50.0,50.0,50.0,50.0,,,,False,False
blacksmith_empire,{=bNnQt4jN}Blacksmith,Blacksmith,,Blacksmith,empire,Infantry,,false,,,,,,,,,,,False,False
blacksmith_aserai,{=bNnQt4jN}Blacksmith,Blacksmith,,Blacksmith,aserai,Infantry,,false,,,,,,,,,,,False,False
blacksmith_sturgia,{=bNnQt4jN}Blacksmith,Blacksmith,,Blacksmith,sturgia,Infantry,,false,,,,,,,,,,,False,False
blacksmith_vlandia,{=bNnQt4jN}Blacksmith,Blacksmith,,Blacksmith,vlandia,Infantry,,false,,,,,,,,,,,False,False
blacksmith_battania,{=bNnQt4jN}Blacksmith,Blacksmith,,Blacksmith,battania,Infantry,,false,,,,,,,,,,,False,False
blacksmith_khuzait,{=bNnQt4jN}Blacksmith,Blacksmith,,Blacksmith,khuzait,Infantry,,false,,,,,,,,,,,False,False
weaponsmith_empire,{=UaN2lfwi}Weaponsmith,Weaponsmith,,Weaponsmith,empire,Infantry,,false,,,,,,,,,,,False,False
weaponsmith_aserai,{=UaN2lfwi}Weaponsmith,Weaponsmith,,Weaponsmith,aserai,Infantry,,false,,,,,,,,,,,False,False
weaponsmith_sturgia,{=UaN2lfwi}Weaponsmith,Weaponsmith,,Weaponsmith,sturgia,Infantry,,false,,,,,,,,,,,False,False
weaponsmith_vlandia,{=UaN2lfwi}Weaponsmith,Weaponsmith,,Weaponsmith,vlandia,Infantry,,false,,,,,,,,,,,False,False
weaponsmith_battania,{=UaN2lfwi}Weaponsmith,Weaponsmith,,Weaponsmith,battania,Infantry,,false,,,,,,,,,,,False,False
weaponsmith_khuzait,{=UaN2lfwi}Weaponsmith,Weaponsmith,,Weaponsmith,khuzait,Infantry,,false,,,,,,,,,,,False,False
barber_empire,{=WH7EGGIg}Barber,Barber,,Townsfolk,empire,Infantry,,false,,,,,,,,,,,False,False
barber_aserai,{=WH7EGGIg}Barber,Barber,,Townsfolk,aserai,Infantry,,false,,,,,,,,,,,False,False
barber_sturgia,{=WH7EGGIg}Barber,Barber,,Townsfolk,sturgia,Infantry,,false,,,,,,,,,,,False,False
barber_vlandia,{=WH7EGGIg}Barber,Barber,,Townsfolk,vlandia,Infantry,,false,,,,,,,,,,,False,False
barber_battania,{=WH7EGGIg}Barber,Barber,,Townsfolk,battania,Infantry,,false,,,,,,,,,,,False,False
barber_khuzait,{=WH7EGGIg}Barber,Barber,,Townsfolk,khuzait,Infantry,,false,,,,,,,,,,,False,False
crazy_man,{=SDRIahK8}Crazy Man,Crazy Man,40.0,Townsfolk,empire,Infantry,,false,,,,,,,,,,,False,False
unarmed_ai,{=strAI}AI,AI,40.0,NotAssigned,empire,Infantry,,,,50.0,50.0,50.0,50.0,50.0,50.0,60.0,,,False,False
unarmed_ai_2,{=strAI}AI,AI,40.0,NotAssigned,empire,Infantry,,,,50.0,50.0,50.0,50.0,50.0,50.0,60.0,,,False,False
crazy_man_test0,{=!}Crazy Man T6,Crazy Man T6,40.0,Townsfolk,empire,Infantry,,false,,,,,,,,,,,False,False
crazy_man_test1,{=!}Crazy Man T4,Crazy Man T4,40.0,Townsfolk,empire,Infantry,,false,,,,,,,,,,,False,False
crazy_man_test2,{=!}Crazy Man T5,Crazy Man T5,40.0,Townsfolk,empire,Infantry,,false,,,,,,,,,,,False,False
crazy_man_test3,{=!}Crazy Man T6,Crazy Man T6,40.0,Townsfolk,empire,Ranged,,false,,,,,,,,,,,False,False
crazy_man_test4,{=!}Crazy Man T7,Crazy Man T7,40.0,Townsfolk,empire,Infantry,,false,,,,,,,,,,,False,False
crazy_man_test5,{=!}Crazy Man T7,Crazy Man T7,40.0,Townsfolk,empire,Infantry,,false,,,,,,,,,,,False,False
crazy_man_test6,{=!}Crazy Man T7,Crazy Man T7,40.0,Townsfolk,empire,Infantry,,false,,,,,,,,,,,False,False
crazy_man_test7,{=!}Crazy Man T7,Crazy Man T7,40.0,Townsfolk,empire,Infantry,,false,,,,,,,,,,,False,False
crazy_man_test8,{=!}Crazy Man T7,Crazy Man T7,40.0,Townsfolk,empire,Infantry,,false,,,,,,,300.0,,,,False,False
crazy_man_test9,{=!}Crazy Man T4,Crazy Man T4,25.0,Townsfolk,empire,Infantry,,false,,,,,,,,,,,False,False
crazy_man_test10,{=!}Crazy Man T5,Crazy Man T5,40.0,Townsfolk,empire,Infantry,,false,,,,,,,,,,,False,False
crazy_man_test11,{=!}Crazy Man T7,Crazy Man T7,35.0,Townsfolk,empire,Infantry,,false,,,,,,,,,,,False,False
crazy_man_test12,{=!}Crazy Man T6,Crazy Man T6,40.0,Townsfolk,empire,Infantry,,false,,,,,,,,,,,False,False
crazy_man_test13,{=!}Crazy Man T3,Crazy Man T3,40.0,Townsfolk,empire,Infantry,,false,,,,,,,,,,,False,False
crazy_man_test14,{=!}Crazy Man T4,Crazy Man T4,35.0,Townsfolk,empire,Infantry,,false,,,,,,,,,,,False,False
crazy_man_test15,{=!}Crazy Man T5,Crazy Man T5,40.0,Townsfolk,empire,Infantry,,false,,,,,,,,,,,False,False
crazy_man_test_without_weapons,{=!}Crazy Man Without Weapon,Crazy Man Without Weapon,40.0,Townsfolk,empire,Infantry,,false,,,,,,,,,200.0,,False,False
crazy_man_test_naked,{=!}Crazy Man Without Weapon,Crazy Man Without Weapon,26.0,Townsfolk,empire,Infantry,,false,,,,,,,,,,,False,False
townswoman_infant_empire,{=femaleinfant}Infant,Infant,,Townsfolk,empire,Infantry,,false,,,,,,,,,,,False,False
townswoman_child_empire,{=femalechild}Child,Child,,Townsfolk,empire,Infantry,,false,,,,,,,,,,,False,False
townswoman_teenager_empire,{=femaleteenager}Teenager,Teenager,,Townsfolk,empire,Infantry,,false,,,,,,,,,,,False,False
townswoman_infant_aserai,{=femaleinfant}Infant,Infant,,Townsfolk,aserai,Infantry,,false,,,,,,,,,,,False,False
townswoman_child_aserai,{=femalechild}Child,Child,,Townsfolk,aserai,Infantry,,false,,,,,,,,,,,False,False
townswoman_teenager_aserai,{=femaleteenager}Teenager,Teenager,,Townsfolk,aserai,Infantry,,false,,,,,,,,,,,False,False
townswoman_infant_sturgia,{=femaleinfant}Infant,Infant,,Townsfolk,sturgia,Infantry,,false,,,,,,,,,,,False,False
townswoman_child_sturgia,{=femalechild}Child,Child,,Townsfolk,sturgia,Infantry,,false,,,,,,,,,,,False,False
townswoman_teenager_sturgia,{=femaleteenager}Teenager,Teenager,,Townsfolk,sturgia,Infantry,,false,,,,,,,,,,,False,False
townswoman_infant_vlandia,{=femaleinfant}Infant,Infant,,Townsfolk,vlandia,Infantry,,false,,,,,,,,,,,False,False
townswoman_child_vlandia,{=femalechild}Child,Child,,Townsfolk,vlandia,Infantry,,false,,,,,,,,,,,False,False
townswoman_teenager_vlandia,{=femaleteenager}Teenager,Teenager,,Townsfolk,vlandia,Infantry,,false,,,,,,,,,,,False,False
townswoman_infant_battania,{=femaleinfant}Infant,Infant,,Townsfolk,battania,Infantry,,false,,,,,,,,,,,False,False
townswoman_child_battania,{=femalechild}Child,Child,,Townsfolk,battania,Infantry,,false,,,,,,,,,,,False,False
townswoman_teenager_battania,{=femaleteenager}Teenager,Teenager,,Townsfolk,battania,Infantry,,false,,,,,,,,,,,False,False
townswoman_infant_khuzait,{=femaleinfant}Infant,Infant,,Townsfolk,khuzait,Infantry,,false,,,,,,,,,,,False,False
townswoman_child_khuzait,{=femalechild}Child,Child,,Townsfolk,khuzait,Infantry,,false,,,,,,,,,,,False,False
townswoman_teenager_khuzait,{=femaleteenager}Teenager,Teenager,,Townsfolk,khuzait,Infantry,,false,,,,,,,,,,,False,False
ransom_broker_empire,{=W2WXkiAh}Ransom Broker,Ransom Broker,,RansomBroker,empire,Infantry,,false,,,,,,,,,,,False,False
ransom_broker_aserai,{=W2WXkiAh}Ransom Broker,Ransom Broker,,RansomBroker,aserai,Infantry,,false,,,,,,,,,,,False,False
ransom_broker_sturgia,{=W2WXkiAh}Ransom Broker,Ransom Broker,,RansomBroker,sturgia,Infantry,,false,,,,,,,,,,,False,False
ransom_broker_vlandia,{=W2WXkiAh}Ransom Broker,Ransom Broker,,RansomBroker,vlandia,Infantry,,false,,,,,,,,,,,False,False
ransom_broker_battania,{=W2WXkiAh}Ransom Broker,Ransom Broker,,RansomBroker,battania,Infantry,,false,,,,,,,,,,,False,False
ransom_broker_khuzait,{=W2WXkiAh}Ransom Broker,Ransom Broker,,RansomBroker,khuzait,Infantry,,false,,,,,,,,,,,False,False
gangleader_bodyguard_empire,{=LNNXiPyV}Gang Leader Bodyguard,Gang Leader Bodyguard,16.0,Townsfolk,empire,Infantry,,,,,,,,,,,,,False,False
gangleader_bodyguard_aserai,{=LNNXiPyV}Gang Leader Bodyguard,Gang Leader Bodyguard,16.0,Townsfolk,aserai,Infantry,,,,,,,,,,,,,False,False
gangleader_bodyguard_sturgia,{=LNNXiPyV}Gang Leader Bodyguard,Gang Leader Bodyguard,16.0,Townsfolk,sturgia,Infantry,,,,,,,,,,,,,False,False
gangleader_bodyguard_vlandia,{=LNNXiPyV}Gang Leader Bodyguard,Gang Leader Bodyguard,16.0,Townsfolk,vlandia,Infantry,,,,,,,,,,,,,False,False
gangleader_bodyguard_battania,{=LNNXiPyV}Gang Leader Bodyguard,Gang Leader Bodyguard,16.0,Townsfolk,battania,Infantry,,,,,,,,,,,,,False,False
gangleader_bodyguard_khuzait,{=LNNXiPyV}Gang Leader Bodyguard,Gang Leader Bodyguard,16.0,Townsfolk,khuzait,Infantry,,,,,,,,,,,,,False,False
merchant_notary_empire,{=reoVAtrE}Merchant Notary,Merchant Notary,,Townsfolk,empire,Infantry,,,,,,,,,,,,,False,False
merchant_notary_aserai,{=reoVAtrE}Merchant Notary,Merchant Notary,,Townsfolk,aserai,Infantry,,,,,,,,,,,,,False,False
merchant_notary_sturgia,{=reoVAtrE}Merchant Notary,Merchant Notary,,Townsfolk,sturgia,Infantry,,,,,,,,,,,,,False,False
merchant_notary_vlandia,{=reoVAtrE}Merchant Notary,Merchant Notary,,Townsfolk,vlandia,Infantry,,,,,,,,,,,,,False,False
merchant_notary_battania,{=reoVAtrE}Merchant Notary,Merchant Notary,,Townsfolk,battania,Infantry,,,,,,,,,,,,,False,False
merchant_notary_khuzait,{=reoVAtrE}Merchant Notary,Merchant Notary,,Townsfolk,khuzait,Infantry,,,,,,,,,,,,,False,False
artisan_notary_empire,{=ECxiXTbF}Artisan Notary,Artisan Notary,,Townsfolk,empire,Infantry,,,,,,,,,,,,,False,False
artisan_notary_aserai,{=ECxiXTbF}Artisan Notary,Artisan Notary,,Townsfolk,aserai,Infantry,,,,,,,,,,,,,False,False
artisan_notary_sturgia,{=ECxiXTbF}Artisan Notary,Artisan Notary,,Townsfolk,sturgia,Infantry,,,,,,,,,,,,,False,False
artisan_notary_vlandia,{=ECxiXTbF}Artisan Notary,Artisan Notary,,Townsfolk,vlandia,Infantry,,,,,,,,,,,,,False,False
artisan_notary_battania,{=ECxiXTbF}Artisan Notary,Artisan Notary,,Townsfolk,battania,Infantry,,,,,,,,,,,,,False,False
artisan_notary_khuzait,{=ECxiXTbF}Artisan Notary,Artisan Notary,,Townsfolk,khuzait,Infantry,,,,,,,,,,,,,False,False
preacher_notary_empire,{=bLMGbLF8}Preacher Notary,Preacher Notary,,Townsfolk,empire,Infantry,,,,,,,,,,,,,False,False
preacher_notary_aserai,{=bLMGbLF8}Preacher Notary,Preacher Notary,,Townsfolk,aserai,Infantry,,,,,,,,,,,,,False,False
preacher_notary_sturgia,{=bLMGbLF8}Preacher Notary,Preacher Notary,,Townsfolk,sturgia,Infantry,,,,,,,,,,,,,False,False
preacher_notary_vlandia,{=bLMGbLF8}Preacher Notary,Preacher Notary,,Townsfolk,vlandia,Infantry,,,,,,,,,,,,,False,False
preacher_notary_battania,{=bLMGbLF8}Preacher Notary,Preacher Notary,,Townsfolk,battania,Infantry,,,,,,,,,,,,,False,False
preacher_notary_khuzait,{=bLMGbLF8}Preacher Notary,Preacher Notary,,Townsfolk,khuzait,Infantry,,,,,,,,,,,,,False,False
rural_notable_notary_empire,{=AlmaRAib}Rural Notable Notary,Rural Notable Notary,,Townsfolk,empire,Infantry,,,,,,,,,,,,,False,False
rural_notable_notary_aserai,{=AlmaRAib}Rural Notable Notary,Rural Notable Notary,,Townsfolk,aserai,Infantry,,,,,,,,,,,,,False,False
rural_notable_notary_sturgia,{=AlmaRAib}Rural Notable Notary,Rural Notable Notary,,Townsfolk,sturgia,Infantry,,,,,,,,,,,,,False,False
rural_notable_notary_vlandia,{=AlmaRAib}Rural Notable Notary,Rural Notable Notary,,Townsfolk,vlandia,Infantry,,,,,,,,,,,,,False,False
rural_notable_notary_battania,{=AlmaRAib}Rural Notable Notary,Rural Notable Notary,,Townsfolk,battania,Infantry,,,,,,,,,,,,,False,False
rural_notable_notary_khuzait,{=AlmaRAib}Rural Notable Notary,Rural Notable Notary,,Townsfolk,khuzait,Infantry,,,,,,,,,,,,,False,False
townsman_infant_empire,{=maleinfant}Infant,Infant,,Townsfolk,empire,Infantry,,false,,,,,,,,,,,False,False
townsman_child_empire,{=malechild}Child,Child,,Townsfolk,empire,Infantry,,false,,,,,,,,,,,False,False
townsman_teenager_empire,{=maleteenager}Teenager,Teenager,,Townsfolk,empire,Infantry,,false,,,,,,,,,,,False,False
townsman_empire,{=muu5cofb}Townsman,Townsman,,Townsfolk,empire,Infantry,,,,,,,,,,,,,False,False
townsman_infant_aserai,{=maleinfant}Infant,Infant,,Townsfolk,aserai,Infantry,,false,,,,,,,,,,,False,False
townsman_child_aserai,{=malechild}Child,Child,,Townsfolk,aserai,Infantry,,false,,,,,,,,,,,False,False
townsman_teenager_aserai,{=maleteenager}Teenager,Teenager,,Townsfolk,aserai,Infantry,,false,,,,,,,,,,,False,False
townsman_aserai,{=muu5cofb}Townsman,Townsman,,Townsfolk,aserai,Infantry,,,,,,,,,,,,,False,False
townsman_infant_sturgia,{=maleinfant}Infant,Infant,,Townsfolk,sturgia,Infantry,,false,,,,,,,,,,,False,False
townsman_child_sturgia,{=malechild}Child,Child,,Townsfolk,sturgia,Infantry,,false,,,,,,,,,,,False,False
townsman_teenager_sturgia,{=maleteenager}Teenager,Teenager,,Townsfolk,sturgia,Infantry,,false,,,,,,,,,,,False,False
townsman_sturgia,{=muu5cofb}Townsman,Townsman,,Townsfolk,sturgia,Infantry,,,,,,,,,,,,,False,False
townsman_infant_vlandia,{=maleinfant}Infant,Infant,,Townsfolk,vlandia,Infantry,,false,,,,,,,,,,,False,False
townsman_child_vlandia,{=malechild}Child,Child,,Townsfolk,vlandia,Infantry,,false,,,,,,,,,,,False,False
townsman_teenager_vlandia,{=maleteenager}Teenager,Teenager,,Townsfolk,vlandia,Infantry,,false,,,,,,,,,,,False,False
townsman_vlandia,{=muu5cofb}Townsman,Townsman,,Townsfolk,vlandia,Infantry,,,,,,,,,,,,,False,False
townsman_infant_battania,{=maleinfant}Infant,Infant,,Townsfolk,battania,Infantry,,false,,,,,,,,,,,False,False
townsman_child_battania,{=malechild}Child,Child,,Townsfolk,battania,Infantry,,false,,,,,,,,,,,False,False
townsman_teenager_battania,{=maleteenager}Teenager,Teenager,,Townsfolk,battania,Infantry,,false,,,,,,,,,,,False,False
townsman_battania,{=muu5cofb}Townsman,Townsman,,Townsfolk,battania,Infantry,,,,,,,,,,,,,False,False
townsman_infant_khuzait,{=maleinfant}Infant,Infant,,Townsfolk,khuzait,Infantry,,false,,,,,,,,,,,False,False
townsman_child_khuzait,{=malechild}Child,Child,,Townsfolk,khuzait,Infantry,,false,,,,,,,,,,,False,False
townsman_teenager_khuzait,{=maleteenager}Teenager,Teenager,,Townsfolk,khuzait,Infantry,,false,,,,,,,,,,,False,False
townsman_khuzait,{=muu5cofb}Townsman,Townsman,,Townsfolk,khuzait,Infantry,,,,,,,,,,,,,False,False
shop_keeper,{=PJNW1UWK}Shop Keeper,Shop Keeper,,ShopWorker,empire,Infantry,,false,,,,,,,,,,,False,False
shop_worker_empire,{=275LD0Gh}Shop Worker,Shop Worker,,ShopWorker,empire,Infantry,,,,,,,,,,,,,False,False
shop_worker_aserai,{=275LD0Gh}Shop Worker,Shop Worker,,ShopWorker,aserai,Infantry,,,,,,,,,,,,,False,False
shop_worker_sturgia,{=275LD0Gh}Shop Worker,Shop Worker,,ShopWorker,sturgia,Infantry,,,,,,,,,,,,,False,False
shop_worker_vlandia,{=275LD0Gh}Shop Worker,Shop Worker,,ShopWorker,vlandia,Infantry,,,,,,,,,,,,,False,False
shop_worker_battania,{=275LD0Gh}Shop Worker,Shop Worker,,ShopWorker,battania,Infantry,,,,,,,,,,,,,False,False
shop_worker_khuzait,{=275LD0Gh}Shop Worker,Shop Worker,,ShopWorker,khuzait,Infantry,,,,,,,,,,,,,False,False
tavernkeeper_empire,{=CsjtWt1g}Tavern Keeper,Tavern Keeper,,Tavernkeeper,empire,Infantry,,false,,,,,,,,,,,False,False
tavernkeeper_aserai,{=CsjtWt1g}Tavern Keeper,Tavern Keeper,,Tavernkeeper,aserai,Infantry,,false,,,,,,,,,,,False,False
tavernkeeper_sturgia,{=CsjtWt1g}Tavern Keeper,Tavern Keeper,,Tavernkeeper,sturgia,Infantry,,false,,,,,,,,,,,False,False
tavernkeeper_vlandia,{=CsjtWt1g}Tavern Keeper,Tavern Keeper,,Tavernkeeper,vlandia,Infantry,,false,,,,,,,,,,,False,False
tavernkeeper_battania,{=CsjtWt1g}Tavern Keeper,Tavern Keeper,,Tavernkeeper,battania,Infantry,,false,,,,,,,,,,,False,False
tavernkeeper_khuzait,{=CsjtWt1g}Tavern Keeper,Tavern Keeper,,Tavernkeeper,khuzait,Infantry,,false,,,,,,,,,,,False,False
taverngamehost_empire,{=twCIejxn}Game Host,Game Host,,TavernGameHost,empire,Infantry,,false,,,,,,,,,,,False,False
taverngamehost_khuzait,{=twCIejxn}Game Host,Game Host,,TavernGameHost,khuzait,Infantry,,false,,,,,,,,,,,False,False
taverngamehost_aserai,{=twCIejxn}Game Host,Game Host,,TavernGameHost,aserai,Infantry,,false,,,,,,,,,,,False,False
taverngamehost_sturgia,{=twCIejxn}Game Host,Game Host,,TavernGameHost,sturgia,Infantry,,false,,,,,,,,,,,False,False
taverngamehost_vlandia,{=twCIejxn}Game Host,Game Host,,TavernGameHost,vlandia,Infantry,,false,,,,,,,,,,,False,False
taverngamehost_battania,{=twCIejxn}Game Host,Game Host,,TavernGameHost,battania,Infantry,,false,,,,,,,,,,,False,False
musician_empire,{=zfCoeglY}Musician,Musician,,Musician,empire,Infantry,,false,,,,,,,,,,,False,False
musician_khuzait,{=zfCoeglY}Musician,Musician,,Musician,khuzait,Infantry,,false,,,,,,,,,,,False,False
musician_aserai,{=zfCoeglY}Musician,Musician,,Musician,aserai,Infantry,,false,,,,,,,,,,,False,False
musician_sturgia,{=zfCoeglY}Musician,Musician,,Musician,sturgia,Infantry,,false,,,,,,,,,,,False,False
musician_vlandia,{=zfCoeglY}Musician,Musician,,Musician,vlandia,Infantry,,false,,,,,,,,,,,False,False
musician_battania,{=zfCoeglY}Musician,Musician,,Musician,battania,Infantry,,false,,,,,,,,,,,False,False
tavern_wench_empire,{=z6RMWTaA}Tavern Maid,Tavern Maid,,TavernWench,empire,Infantry,,false,,,,,,,,,,,False,False
tavern_wench_aserai,{=z6RMWTaA}Tavern Maid,Tavern Maid,,TavernWench,aserai,Infantry,,false,,,,,,,,,,,False,False
tavern_wench_sturgia,{=z6RMWTaA}Tavern Maid,Tavern Maid,,TavernWench,sturgia,Infantry,,false,,,,,,,,,,,False,False
tavern_wench_vlandia,{=z6RMWTaA}Tavern Maid,Tavern Maid,,TavernWench,vlandia,Infantry,,false,,,,,,,,,,,False,False
tavern_wench_battania,{=z6RMWTaA}Tavern Maid,Tavern Maid,,TavernWench,battania,Infantry,,false,,,,,,,,,,,False,False
tavern_wench_khuzait,{=z6RMWTaA}Tavern Maid,Tavern Maid,,TavernWench,khuzait,Infantry,,false,,,,,,,,,,,False,False
armorer_empire,{=jx8ohENz}Armorer,Armorer,,Armorer,empire,Infantry,,false,,,,,,,,,,,False,False
armorer_aserai,{=jx8ohENz}Armorer,Armorer,,Armorer,aserai,Infantry,,false,,,,,,,,,,,False,False
armorer_sturgia,{=jx8ohENz}Armorer,Armorer,,Armorer,sturgia,Infantry,,false,,,,,,,,,,,False,False
armorer_vlandia,{=jx8ohENz}Armorer,Armorer,,Armorer,vlandia,Infantry,,false,,,,,,,,,,,False,False
armorer_battania,{=jx8ohENz}Armorer,Armorer,,Armorer,battania,Infantry,,false,,,,,,,,,,,False,False
armorer_khuzait,{=jx8ohENz}Armorer,Armorer,,Armorer,khuzait,Infantry,,false,,,,,,,,,,,False,False
horseMerchant_empire,{=79ElOr2x}Horse Trader,Horse Trader,,HorseTrader,empire,Infantry,,false,,,,,,,,,,,False,False
horseMerchant_aserai,{=79ElOr2x}Horse Trader,Horse Trader,,HorseTrader,aserai,Infantry,,false,,,,,,,,,,,False,False
horseMerchant_sturgia,{=79ElOr2x}Horse Trader,Horse Trader,,HorseTrader,sturgia,Infantry,,false,,,,,,,,,,,False,False
horseMerchant_vlandia,{=79ElOr2x}Horse Trader,Horse Trader,,HorseTrader,vlandia,Infantry,,false,,,,,,,,,,,False,False
horseMerchant_battania,{=79ElOr2x}Horse Trader,Horse Trader,,HorseTrader,battania,Infantry,,false,,,,,,,,,,,False,False
horseMerchant_khuzait,{=79ElOr2x}Horse Trader,Horse Trader,,HorseTrader,khuzait,Infantry,,false,,,,,,,,,,,False,False
merchant_empire,{=thbcgVVO}Trader,Trader,,GoodsTrader,empire,Infantry,,true,,,,,,,,,,,False,False
merchant_aserai,{=thbcgVVO}Trader,Trader,,GoodsTrader,aserai,Infantry,,false,,,,,,,,,,,False,False
merchant_sturgia,{=thbcgVVO}Trader,Trader,,GoodsTrader,sturgia,Infantry,,false,,,,,,,,,,,False,False
merchant_vlandia,{=thbcgVVO}Trader,Trader,,GoodsTrader,vlandia,Infantry,,false,,,,,,,,,,,False,False
merchant_battania,{=thbcgVVO}Trader,Trader,,GoodsTrader,battania,Infantry,,false,,,,,,,,,,,False,False
merchant_khuzait,{=kPCcelVX}Trader ,Trader ,,GoodsTrader,khuzait,Infantry,,false,,,,,,,,,,,False,False
beggar_empire,{=malebeggar}Beggar,Beggar,,Townsfolk,empire,Infantry,,,,,,,,,,,,,False,False
beggar_aserai,{=malebeggar}Beggar,Beggar,,Townsfolk,aserai,Infantry,,,,,,,,,,,,,False,False
beggar_sturgia,{=malebeggar}Beggar,Beggar,,Townsfolk,sturgia,Infantry,,,,,,,,,,,,,False,False
beggar_vlandia,{=malebeggar}Beggar,Beggar,,Townsfolk,vlandia,Infantry,,,,,,,,,,,,,False,False
beggar_battania,{=malebeggar}Beggar,Beggar,,Townsfolk,battania,Infantry,,,,,,,,,,,,,False,False
beggar_khuzait,{=malebeggar}Beggar,Beggar,,Townsfolk,khuzait,Infantry,,,,,,,,,,,,,False,False
female_beggar_empire,{=femalebeggar}Beggar,Beggar,1.0,Townsfolk,empire,Infantry,,,,,,,,,,,,,False,False
female_beggar_aserai,{=femalebeggar}Beggar,Beggar,1.0,Townsfolk,aserai,Infantry,,,,,,,,,,,,,False,False
female_beggar_sturgia,{=femalebeggar}Beggar,Beggar,1.0,Townsfolk,sturgia,Infantry,,,,,,,,,,,,,False,False
female_beggar_vlandia,{=femalebeggar}Beggar,Beggar,1.0,Townsfolk,vlandia,Infantry,,,,,,,,,,,,,False,False
female_beggar_battania,{=femalebeggar}Beggar,Beggar,1.0,Townsfolk,battania,Infantry,,,,,,,,,,,,,False,False
female_beggar_khuzait,{=femalebeggar}Beggar,Beggar,1.0,Townsfolk,khuzait,Infantry,,,,,,,,,,,,,False,False
female_dancer_empire,{=X3KYysuv}Dancer,Dancer,,Townsfolk,empire,Infantry,,false,,,,,,,,,,,False,False
female_dancer_aserai,{=X3KYysuv}Dancer,Dancer,,Townsfolk,aserai,Infantry,,false,,,,,,,,,,,False,False
female_dancer_sturgia,{=X3KYysuv}Dancer,Dancer,,Townsfolk,sturgia,Infantry,,false,,,,,,,,,,,False,False
female_dancer_vlandia,{=X3KYysuv}Dancer,Dancer,,Townsfolk,vlandia,Infantry,,false,,,,,,,,,,,False,False
female_dancer_battania,{=X3KYysuv}Dancer,Dancer,,Townsfolk,battania,Infantry,,false,,,,,,,,,,,False,False
female_dancer_khuzait,{=X3KYysuv}Dancer,Dancer,,Townsfolk,khuzait,Infantry,,false,,,,,,,,,,,False,False
tournament_master_empire,{=IHKXNP9H}Tournament Master,Tournament Master,,ArenaMaster,empire,Infantry,,false,,,,,,,,,,,False,False
tournament_master_aserai,{=IHKXNP9H}Tournament Master,Tournament Master,,ArenaMaster,aserai,Infantry,,false,,,,,,,,,,,False,False
tournament_master_sturgia,{=IHKXNP9H}Tournament Master,Tournament Master,,ArenaMaster,sturgia,Infantry,,false,,,,,,,,,,,False,False
tournament_master_vlandia,{=IHKXNP9H}Tournament Master,Tournament Master,,ArenaMaster,vlandia,Infantry,,false,,,,,,,,,,,False,False
tournament_master_battania,{=IHKXNP9H}Tournament Master,Tournament Master,,ArenaMaster,battania,Infantry,,false,,,,,,,,,,,False,False
tournament_master_khuzait,{=IHKXNP9H}Tournament Master,Tournament Master,,ArenaMaster,khuzait,Infantry,,false,,,,,,,,,,,False,False
villager_infant_empire,{=maleinfant}Infant,Infant,,Villager,empire,Infantry,,false,,,,,,,,,,,False,False
villager_child_empire,{=malechild}Child,Child,,Villager,empire,Infantry,,false,,,,,,,,,,,False,False
villager_teenager_empire,{=maleteenager}Teenager,Teenager,,Villager,empire,Infantry,,false,,,,,,,,,,,False,False
villager_infant_aserai,{=maleinfant}Infant,Infant,,Villager,aserai,Infantry,,false,,,,,,,,,,,False,False
villager_child_aserai,{=malechild}Child,Child,,Villager,aserai,Infantry,,false,,,,,,,,,,,False,False
villager_teenager_aserai,{=maleteenager}Teenager,Teenager,,Villager,aserai,Infantry,,false,,,,,,,,,,,False,False
villager_infant_sturgia,{=maleinfant}Infant,Infant,,Villager,sturgia,Infantry,,false,,,,,,,,,,,False,False
villager_child_sturgia,{=malechild}Child,Child,,Villager,sturgia,Infantry,,false,,,,,,,,,,,False,False
villager_teenager_sturgia,{=maleteenager}Teenager,Teenager,,Villager,sturgia,Infantry,,false,,,,,,,,,,,False,False
villager_infant_vlandia,{=maleinfant}Infant,Infant,,Villager,vlandia,Infantry,,false,,,,,,,,,,,False,False
villager_child_vlandia,{=malechild}Child,Child,,Villager,vlandia,Infantry,,false,,,,,,,,,,,False,False
villager_teenager_vlandia,{=maleteenager}Teenager,Teenager,,Villager,vlandia,Infantry,,false,,,,,,,,,,,False,False
villager_infant_battania,{=maleinfant}Infant,Infant,,Villager,battania,Infantry,,false,,,,,,,,,,,False,False
villager_child_battania,{=malechild}Child,Child,,Villager,battania,Infantry,,false,,,,,,,,,,,False,False
villager_teenager_battania,{=maleteenager}Teenager,Teenager,,Villager,battania,Infantry,,false,,,,,,,,,,,False,False
villager_infant_khuzait,{=maleinfant}Infant,Infant,,Villager,khuzait,Infantry,,false,,,,,,,,,,,False,False
villager_child_khuzait,{=malechild}Child,Child,,Villager,khuzait,Infantry,,false,,,,,,,,,,,False,False
villager_teenager_khuzait,{=maleteenager}Teenager,Teenager,,Villager,khuzait,Infantry,,false,,,,,,,,,,,False,False
village_woman_infant_empire,{=femaleinfant}Infant,Infant,,Villager,empire,Infantry,,false,,,,,,,,,,,False,False
village_woman_child_empire,{=femalechild}Child,Child,,Villager,empire,Infantry,,false,,,,,,,,,,,False,False
village_woman_teenager_empire,{=femaleteenager}Teenager,Teenager,,Villager,empire,Infantry,,false,,,,,,,,,,,False,False
village_woman_empire,{=empirepeasantwoman}Empire Peasant,Empire Peasant,1.0,Villager,empire,Infantry,,,,,,,,,,,,,False,False
village_woman_infant_aserai,{=femaleinfant}Infant,Infant,,Villager,aserai,Infantry,,false,,,,,,,,,,,False,False
village_woman_child_aserai,{=femalechild}Child,Child,,Villager,aserai,Infantry,,false,,,,,,,,,,,False,False
village_woman_teenager_aserai,{=femaleteenager}Teenager,Teenager,,Villager,aserai,Infantry,,false,,,,,,,,,,,False,False
village_woman_aserai,{=aseraipeasantwoman}Aserai Peasant,Aserai Peasant,1.0,Villager,aserai,Infantry,,,,,,,,,,,,,False,False
village_woman_infant_sturgia,{=femaleinfant}Infant,Infant,,Villager,sturgia,Infantry,,false,,,,,,,,,,,False,False
village_woman_child_sturgia,{=femalechild}Child,Child,,Villager,sturgia,Infantry,,false,,,,,,,,,,,False,False
village_woman_teenager_sturgia,{=femaleteenager}Teenager,Teenager,,Villager,sturgia,Infantry,,false,,,,,,,,,,,False,False
village_woman_sturgia,{=sturgiapeasantwoman}Sturgia Peasant,Sturgia Peasant,1.0,Villager,sturgia,Infantry,,,,,,,,,,,,,False,False
village_woman_infant_vlandia,{=femaleinfant}Infant,Infant,,Villager,vlandia,Infantry,,false,,,,,,,,,,,False,False
village_woman_child_vlandia,{=femalechild}Child,Child,,Villager,vlandia,Infantry,,false,,,,,,,,,,,False,False
village_woman_teenager_vlandia,{=femaleteenager}Teenager,Teenager,,Villager,vlandia,Infantry,,false,,,,,,,,,,,False,False
village_woman_vlandia,{=vlandiapeasantwoman}Vlandia Peasant,Vlandia Peasant,1.0,Villager,vlandia,Infantry,,,,,,,,,,,,,False,False
village_woman_infant_battania,{=femaleinfant}Infant,Infant,,Villager,battania,Infantry,,false,,,,,,,,,,,False,False
village_woman_child_battania,{=femalechild}Child,Child,,Villager,battania,Infantry,,false,,,,,,,,,,,False,False
village_woman_teenager_battania,{=femaleteenager}Teenager,Teenager,,Villager,battania,Infantry,,false,,,,,,,,,,,False,False
village_woman_battania,{=battaniapeasantwoman}Battania Peasant,Battania Peasant,1.0,Villager,battania,Infantry,,,,,,,,,,,,,False,False
village_woman_infant_khuzait,{=femaleinfant}Infant,Infant,,Villager,khuzait,Infantry,,false,,,,,,,,,,,False,False
village_woman_child_khuzait,{=femalechild}Child,Child,,Villager,khuzait,Infantry,,false,,,,,,,,,,,False,False
village_woman_teenager_khuzait,{=femaleteenager}Teenager,Teenager,,Villager,khuzait,Infantry,,false,,,,,,,,,,,False,False
village_woman_khuzait,{=khuzaitpeasantwoman}Khuzait Peasant,Khuzait Peasant,1.0,Villager,khuzait,Infantry,,,,,,,,,,,,,False,False
caravan_master_aserai,{=nDoENDqD}Aserai Caravan Master,Aserai Caravan Master,26.0,CaravanGuard,aserai,Infantry,,,,160.0,80.0,60.0,80.0,20.0,50.0,130.0,130.0,,False,False
caravan_master_battania,{=LKb8DXby}Battanian Caravan Master,Battanian Caravan Master,26.0,CaravanGuard,battania,Infantry,,,,160.0,80.0,60.0,80.0,20.0,50.0,130.0,130.0,,False,False
caravan_master_empire,{=TpECDErA}Imperial Caravan Master,Imperial Caravan Master,26.0,CaravanGuard,empire,Infantry,,,,160.0,80.0,60.0,80.0,20.0,50.0,130.0,130.0,,False,False
caravan_master_khuzait,{=WEHDGbEE}Khuzait Caravan Master,Khuzait Caravan Master,26.0,CaravanGuard,khuzait,Infantry,,,,160.0,80.0,60.0,80.0,20.0,50.0,130.0,130.0,,False,False
caravan_master_sturgia,{=uDseaKcb}Sturgian Caravan Master,Sturgian Caravan Master,26.0,CaravanGuard,sturgia,Infantry,,,,160.0,80.0,60.0,80.0,20.0,50.0,130.0,130.0,,False,False
caravan_master_vlandia,{=QbSjMefR}Vlandian Caravan Master,Vlandian Caravan Master,26.0,CaravanGuard,vlandia,Infantry,,,,160.0,80.0,60.0,80.0,20.0,50.0,130.0,130.0,,False,False
armed_trader_aserai,{=8TdbKFa9}Aserai Armed Trader,Aserai Armed Trader,16.0,CaravanGuard,aserai,Ranged,true,,,70.0,40.0,40.0,70.0,30.0,30.0,10.0,70.0,,False,False
armed_trader_battania,{=v8hRrmY2}Battanian Armed Trader,Battanian Armed Trader,16.0,CaravanGuard,battania,Ranged,true,,,70.0,40.0,40.0,70.0,30.0,30.0,10.0,70.0,,False,False
armed_trader_empire,{=LEJukldW}Imperial Armed Trader,Imperial Armed Trader,16.0,CaravanGuard,empire,Ranged,true,,,70.0,40.0,40.0,70.0,30.0,30.0,10.0,70.0,,False,False
armed_trader_khuzait,{=l6NFOl8c}Khuzait Armed Trader,Khuzait Armed Trader,16.0,CaravanGuard,khuzait,Ranged,true,,,160.0,80.0,60.0,80.0,20.0,50.0,130.0,130.0,,False,False
armed_trader_sturgia,{=cPQx1RXt}Sturgian Armed Trader,Sturgian Armed Trader,16.0,CaravanGuard,sturgia,Ranged,true,,,70.0,40.0,40.0,70.0,30.0,30.0,10.0,70.0,,False,False
armed_trader_vlandia,{=X12lazIs}Vlandian Armed Trader,Vlandian Armed Trader,16.0,CaravanGuard,vlandia,Ranged,true,,,60.0,40.0,40.0,30.0,70.0,30.0,10.0,80.0,,False,False
caravan_guard_aserai,{=yG42k5GC}Aserai Caravan Guard,Aserai Caravan Guard,21.0,CaravanGuard,aserai,Cavalry,,,,110.0,150.0,15.0,40.0,15.0,15.0,110.0,40.0,,False,False
caravan_guard_battania,{=qfaTMEBw}Battanian Caravan Guard,Battanian Caravan Guard,21.0,CaravanGuard,battania,Cavalry,,,,110.0,15.0,150.0,40.0,15.0,40.0,110.0,40.0,,False,False
caravan_guard_empire,{=TbBnWiao}Imperial Caravan Guard,Imperial Caravan Guard,21.0,CaravanGuard,empire,HorseArcher,,,,100.0,15.0,100.0,40.0,110.0,15.0,90.0,40.0,,False,False
caravan_guard_khuzait,{=THOfB9DZ}Khuzait Caravan Guard,Khuzait Caravan Guard,21.0,CaravanGuard,khuzait,Cavalry,,,,90.0,150.0,150.0,40.0,15.0,15.0,130.0,40.0,,False,False
caravan_guard_sturgia,{=pzmgMODE}Sturgian Caravan Guard,Sturgian Caravan Guard,21.0,CaravanGuard,sturgia,Cavalry,,,,110.0,15.0,150.0,40.0,15.0,15.0,110.0,40.0,,False,False
caravan_guard_vlandia,{=rQ0t0Wws}Vlandian Caravan Guard,Vlandian Caravan Guard,21.0,CaravanGuard,vlandia,Cavalry,,,,110.0,15.0,160.0,40.0,60.0,15.0,100.0,40.0,,False,False
veteran_caravan_guard_aserai,{=QlVeZvbv}Aserai Veteran Caravan Guard,Aserai Veteran Caravan Guard,26.0,CaravanGuard,aserai,HorseArcher,,,,130.0,60.0,80.0,130.0,20.0,60.0,130.0,80.0,,False,False
veteran_caravan_guard_battania,{=juBPAThy}Battanian Veteran Caravan Guard,Battanian Veteran Caravan Guard,26.0,CaravanGuard,battania,Cavalry,,,,130.0,80.0,130.0,60.0,20.0,60.0,130.0,80.0,,False,False
veteran_caravan_guard_empire,{=bLq2HXMo}Imperial Veteran Caravan Guard,Imperial Veteran Caravan Guard,26.0,CaravanGuard,empire,Cavalry,,,,130.0,60.0,130.0,80.0,20.0,60.0,130.0,80.0,,False,False
veteran_caravan_guard_khuzait,{=6hhspFvz}Khuzait Veteran Caravan Guard,Khuzait Veteran Caravan Guard,26.0,CaravanGuard,khuzait,HorseArcher,,,,120.0,70.0,80.0,130.0,20.0,60.0,140.0,70.0,,False,False
veteran_caravan_guard_sturgia,{=0GkJB08d}Sturgian Veteran Caravan Guard,Sturgian Veteran Caravan Guard,26.0,CaravanGuard,sturgia,Cavalry,,,,120.0,70.0,130.0,70.0,20.0,130.0,70.0,70.0,,False,False
veteran_caravan_guard_vlandia,{=YE4RGuzU}Vlandian Veteran Caravan Guard,Vlandian Veteran Caravan Guard,26.0,CaravanGuard,vlandia,Cavalry,,,,130.0,80.0,160.0,50.0,60.0,20.0,130.0,80.0,,False,False
aserai_militia_archer,{=CPcJ2gRF}Aserai Militia Archer,Aserai Militia Archer,11.0,Soldier,aserai,Ranged,,,,,,,,,,,,,False,True
aserai_militia_veteran_archer,{=tL6aGah4}Aserai Militia Veteran Archer,Aserai Militia Veteran Archer,16.0,Soldier,aserai,Ranged,,,,,,,,,,,,,False,True
aserai_militia_spearman,{=ULaNn3pp}Aserai Militia Spearman,Aserai Militia Spearman,11.0,Soldier,aserai,Infantry,,,,,,,,,,,,,False,True
aserai_militia_veteran_spearman,{=Pd9qAiOu}Aserai Militia Veteran Spearman,Aserai Militia Veteran Spearman,16.0,Soldier,aserai,Infantry,,,,,,,,,,,,,False,True
vlandian_militia_archer,{=Ah4XG5Fp}Vlandian Militia Crossbowman,Vlandian Militia Crossbowman,11.0,Soldier,vlandia,Ranged,,,,,,,,,,,,,False,True
vlandian_militia_veteran_archer,{=zqaGJBYZ}Vlandian Militia Veteran Crossbowman,Vlandian Militia Veteran Crossbowman,16.0,Soldier,vlandia,Ranged,,,,,,,,,,,,,False,True
vlandian_militia_spearman,{=aUHtqC9o}Vlandian Militia Spearman,Vlandian Militia Spearman,11.0,Soldier,vlandia,Infantry,,,,,,,,,,,,,False,True
vlandian_militia_veteran_spearman,{=vGFdbjFC}Vlandian Militia Veteran Spearman,Vlandian Militia Veteran Spearman,16.0,Soldier,vlandia,Infantry,,,,,,,,,,,,,False,True
battanian_militia_archer,{=b4QPaEnA}Battanian Militia Archer,Battanian Militia Archer,11.0,Soldier,battania,Ranged,,,,,,,,,,,,,False,True
battanian_militia_veteran_archer,{=i5DfUz6D}Battanian Militia Veteran Archer,Battanian Militia Veteran Archer,16.0,Soldier,battania,Ranged,,,,,,,,,,,,,False,True
battanian_militia_spearman,{=L0cGAnWw}Battanian Militia Spearman,Battanian Militia Spearman,11.0,Soldier,battania,Infantry,,,,,,,,,,,,,False,True
battanian_militia_veteran_spearman,{=IxcCmtxz}Battanian Militia Veteran Spearman,Battanian Militia Veteran Spearman,16.0,Soldier,battania,Infantry,,,,,,,,,,,,,False,True
imperial_militia_archer,{=P8EATvn8}Imperial Militia Archer,Imperial Militia Archer,11.0,Soldier,empire,Ranged,,,,,,,,,,,,,False,True
imperial_militia_veteran_archer,{=HsboF2mR}Imperial Militia Veteran Archer,Imperial Militia Veteran Archer,16.0,Soldier,empire,Ranged,,,,,,,,,,,,,False,True
imperial_militia_spearman,{=ZhKoCVby}Imperial Militia Spearman,Imperial Militia Spearman,11.0,Soldier,empire,Infantry,,,,,,,,,,,,,False,True
imperial_militia_veteran_spearman,{=c5rVdg75}Imperial Militia Veteran Spearman,Imperial Militia Veteran Spearman,16.0,Soldier,empire,Infantry,,,,,,,,,,,,,False,True
sturgian_militia_archer,{=jRFfRZv2}Sturgian Militia Archer,Sturgian Militia Archer,11.0,Soldier,sturgia,Ranged,,,,,,,,,,,,,False,True
sturgian_militia_veteran_archer,{=gZ4JeEw4}Sturgian Militia Veteran Archer,Sturgian Militia Veteran Archer,16.0,Soldier,sturgia,Ranged,,,,,,,,,,,,,False,True
sturgian_militia_spearman,{=Zmajp2o1}Sturgian Militia Spearman,Sturgian Militia Spearman,11.0,Soldier,sturgia,Infantry,,,,,,,,,,,,,False,True
sturgian_militia_veteran_spearman,{=LVEU4se3}Sturgian Militia Veteran Spearman,Sturgian Militia Veteran Spearman,16.0,Soldier,sturgia,Infantry,,,,,,,,,,,,,False,True
khuzait_militia_archer,{=CKoq1wQa}Khuzait Militia Archer,Khuzait Militia Archer,11.0,Soldier,khuzait,Ranged,,,,,,,,,,,,,False,True
khuzait_militia_veteran_archer,{=5JFkQn5U}Khuzait Militia Veteran Archer,Khuzait Militia Veteran Archer,16.0,Soldier,khuzait,Ranged,,,,,,,,,,,,,False,True
khuzait_militia_spearman,{=MDIuyBHP}Khuzait Militia Spearman,Khuzait Militia Spearman,11.0,Soldier,khuzait,Infantry,,,,,,,,,,,,,False,True
khuzait_militia_veteran_spearman,{=f2a1fPca}Khuzait Militia Veteran Spearman,Khuzait Militia Veteran Spearman,16.0,Soldier,khuzait,Infantry,,,,,,,,,,,,,False,True
gear_practice_dummy_empire,{=!}Empire Gear Dummy,Empire Gear Dummy,,Special,empire,Infantry,,false,,,,,,,,,,,False,False
weapon_practice_stage_1_empire,{=!}Empire Weapon Dummy,Empire Weapon Dummy,,Special,empire,Infantry,,false,,,,,,,,,,,False,False
weapon_practice_stage_2_empire,{=!}Empire Weapon Dummy,Empire Weapon Dummy,,Special,empire,Infantry,,false,,,,,,,,,,,False,False
weapon_practice_stage_3_empire,{=!}Empire Weapon Dummy,Empire Weapon Dummy,,Special,empire,Infantry,,false,,,,,,,,,,,False,False
gear_practice_dummy_vlandia,{=!}Vlandia Gear Dummy,Vlandia Gear Dummy,,Special,vlandia,Infantry,,false,,,,,,,,,,,False,False
weapon_practice_stage_1_vlandia,{=!}Vlandia Weapon Dummy,Vlandia Weapon Dummy,,Special,vlandia,Infantry,,false,,,,,,,,,,,False,False
weapon_practice_stage_2_vlandia,{=!}Vlandia Weapon Dummy,Vlandia Weapon Dummy,,Special,vlandia,Infantry,,false,,,,,,,,,,,False,False
weapon_practice_stage_3_vlandia,{=!}Vlandia Weapon Dummy,Vlandia Weapon Dummy,,Special,vlandia,Infantry,,false,,,,,,,,,,,False,False
gear_practice_dummy_aserai,{=!}Aserai Gear Dummy,Aserai Gear Dummy,,Special,aserai,Infantry,,false,,,,,,,,,,,False,False
weapon_practice_stage_1_aserai,{=!}Aserai Weapon Dummy,Aserai Weapon Dummy,,Special,aserai,Infantry,,false,,,,,,,,,,,False,False
weapon_practice_stage_2_aserai,{=!}Aserai Weapon Dummy,Aserai Weapon Dummy,,Special,aserai,Infantry,,false,,,,,,,,,,,False,False
weapon_practice_stage_3_aserai,{=!}Aserai Weapon Dummy,Aserai Weapon Dummy,,Special,aserai,Infantry,,false,,,,,,,,,,,False,False
gear_practice_dummy_sturgia,{=!}Sturgia Gear Dummy,Sturgia Gear Dummy,,Special,sturgia,Infantry,,false,,,,,,,,,,,False,False
weapon_practice_stage_1_sturgia,{=!}Sturgia Weapon Dummy,Sturgia Weapon Dummy,,Special,sturgia,Infantry,,false,,,,,,,,,,,False,False
weapon_practice_stage_2_sturgia,{=!}Sturgia Weapon Dummy,Sturgia Weapon Dummy,,Special,sturgia,Infantry,,false,,,,,,,,,,,False,False
weapon_practice_stage_3_sturgia,{=!}Sturgia Weapon Dummy,Sturgia Weapon Dummy,,Special,sturgia,Infantry,,false,,,,,,,,,,,False,False
gear_practice_dummy_battania,{=!}Battania Gear Dummy,Battania Gear Dummy,,Special,battania,Infantry,,false,,,,,,,,,,,False,False
weapon_practice_stage_1_battania,{=!}Battania Weapon Dummy,Battania Weapon Dummy,,Special,battania,Infantry,,false,,,,,,,,,,,False,False
weapon_practice_stage_2_battania,{=!}Battania Weapon Dummy,Battania Weapon Dummy,,Special,battania,Infantry,,false,,,,,,,,,,,False,False
weapon_practice_stage_3_battania,{=!}Battania Weapon Dummy,Battania Weapon Dummy,,Special,battania,Infantry,,false,,,,,,,,,,,False,False
gear_practice_dummy_khuzait,{=!}Khuzait Gear Dummy,Khuzait Gear Dummy,,Special,khuzait,Infantry,,false,,,,,,,,,,,False,False
weapon_practice_stage_1_khuzait,{=!}Khuzait Gear Dummy,Khuzait Gear Dummy,,Special,khuzait,Infantry,,false,,,,,,,,,,,False,False
weapon_practice_stage_2_khuzait,{=!}Khuzait Weapon Dummy,Khuzait Weapon Dummy,,Special,khuzait,Infantry,,false,,,,,,,,,,,False,False
weapon_practice_stage_3_khuzait,{=!}Khuzait Weapon Dummy,Khuzait Weapon Dummy,,Special,khuzait,Infantry,,false,,,,,,,,,,,False,False
player_char_creation_empire,{=!}with two-handed swords,with two-handed swords,,Villager,empire,Infantry,,false,,10.0,5.0,20.0,20.0,0.0,20.0,5.0,10.0,,False,False
player_char_creation_aserai,{=!}with two-handed swords,with two-handed swords,,Special,empire,Infantry,,false,,20.0,5.0,10.0,15.0,0.0,10.0,10.0,20.0,,False,False
player_char_creation_vlandia,{=!}with two-handed swords,with two-handed swords,,Special,empire,Infantry,,false,,10.0,20.0,20.0,0.0,10.0,5.0,15.0,10.0,,False,False
player_char_creation_sturgia,{=!}with two-handed swords,with two-handed swords,,Special,empire,Infantry,,false,,20.0,5.0,20.0,10.0,0.0,20.0,0.0,15.0,,False,False
player_char_creation_battania,{=!}with two-handed swords,with two-handed swords,,Special,empire,Infantry,,false,,5.0,20.0,10.0,25.0,0.0,10.0,0.0,20.0,,False,False
player_char_creation_khuzait,{=!}with two-handed swords,with two-handed swords,,Special,empire,Infantry,,false,,10.0,5.0,15.0,15.0,0.0,10.0,25.0,10.0,,False,False
huskarl_swordsman,{=jFQPRvLg}Huscarl Swordsman,Huscarl Swordsman,26.0,Soldier,sturgia,Infantry,,,,,,,,,,,,,False,True
xerina,{=DNTUqbGo}Xerina,Xerina,,Townsfolk,empire,Infantry,,false,,,,,,,,40.0,,,False,False
kradus,{=9GIK6fnm}Kradus,Kradus,26.0,Townsfolk,empire,Infantry,,false,,,,,,,,40.0,,,False,False
dranton,{=BbTpfJ7G}Dranton,Dranton,26.0,Townsfolk,empire,Infantry,,false,,,,,,,,40.0,,,False,False
regular_fighter,{=!}Regular Fighter,Regular Fighter,11.0,Soldier,empire,Infantry,,false,,,,,300.0,,,,,,False,True
veteran_fighter,{=Za4B0blc}Veteran Fighter,Veteran Fighter,16.0,Soldier,empire,Infantry,,false,,,,,300.0,,,,,,False,True
champion_fighter,{=z4Ke6pJl}Champion Fighter,Champion Fighter,21.0,Soldier,empire,Infantry,,false,,,,,300.0,,,,,,False,True
sword_sister,{=ZK0GXYCx}Sword Sister,Sword Sister,21.0,Soldier,empire,Infantry,,false,,,,,300.0,,,,,,False,True
weapon_dummy_one_handed,{=!}Empire Weapon Dummy,Empire Weapon Dummy,,Special,khuzait,Infantry,,false,,,,,,,,,,,False,False
weapon_dummy_two_handed,{=!}Empire Weapon Dummy,Empire Weapon Dummy,,Special,khuzait,Infantry,,false,,,,,,,,,,,False,False
weapon_dummy_archer,{=!}Empire Weapon Dummy,Empire Weapon Dummy,,Special,khuzait,Infantry,,false,,,,,,,,,,,False,False
weapon_dummy_crossbowman,{=!}Empire Weapon Dummy,Empire Weapon Dummy,,Special,khuzait,Infantry,,false,,,,,,,,,,,False,False
weapon_dummy_horseman,{=!}Empire Weapon Dummy,Empire Weapon Dummy,,Special,khuzait,Infantry,,false,,,,,,,,,,,False,False
weapon_dummy_lancer,{=!}Empire Weapon Dummy,Empire Weapon Dummy,,Special,khuzait,Infantry,,false,,,,,,,,,,,False,False
weapon_dummy_horse_archer,{=!}Empire Weapon Dummy,Empire Weapon Dummy,,Special,khuzait,Infantry,,false,,,,,,,,,,,False,False
gear_dummy_empire,{=!}Empire Gear Dummy,Empire Gear Dummy,,Special,khuzait,Infantry,,false,,,,,,,,,,,False,False
gear_dummy_vlandia,{=!}Vlandia Gear Dummy,Vlandia Gear Dummy,,Special,khuzait,Infantry,,false,,,,,,,,,,,False,False
gear_dummy_aserai,{=!}Aserai Gear Dummy,Aserai Gear Dummy,,Special,khuzait,Infantry,,false,,,,,,,,,,,False,False
gear_dummy_sturgia,{=!}Sturgia Gear Dummy,Sturgia Gear Dummy,,Special,khuzait,Infantry,,false,,,,,,,,,,,False,False
gear_dummy_battania,{=!}Battania Gear Dummy,Battania Gear Dummy,,Special,khuzait,Infantry,,false,,,,,,,,,,,False,False
gear_dummy_khuzait,{=!}Khuzait Gear Dummy,Khuzait Gear Dummy,,Special,khuzait,Infantry,,false,,,,,,,,,,,False,False
duel_style_empire,{=V7iJlSuT}sword to sword,sword to sword,,Special,empire,Infantry,,false,,,,,,,,,,,False,False
duel_style_sturgian_0,{=KPrRxeC3}each with axe and shield,each with axe and shield,,Special,empire,Infantry,,false,,,,,,,,,,,False,False
duel_style_sturgian_1,{=KqpiU4tH}with two-handed swords,with two-handed swords,,Special,empire,Infantry,,false,,,,,,,,,,,False,False
guardians_tier_1,{=rtOJNB6u}Guardian Recruit,Guardian Recruit,11.0,Soldier,empire,Ranged,true,,,50.0,15.0,15.0,40.0,10.0,5.0,20.0,40.0,guardians_tier_2,True,True
guardians_tier_2,{=cMcGn6n3}Expert Guardian,Expert Guardian,16.0,Soldier,empire,Ranged,,,,110.0,45.0,65.0,90.0,15.0,50.0,60.0,90.0,guardians_tier_3,True,True
guardians_tier_3,{=WNU7kE5N}Veteran Guardian,Veteran Guardian,21.0,Soldier,empire,Ranged,,,,100.0,45.0,45.0,100.0,15.0,60.0,60.0,100.0,,False,True
galloglass_tier_1,{=Qo2cc7bF}Skene,Skene,11.0,Soldier,battania,Infantry,true,,,40.0,20.0,20.0,10.0,10.0,40.0,30.0,20.0,galloglass_tier_2,True,True
galloglass_tier_2,{=Rj0bNOOh}Kern,Kern,16.0,Soldier,battania,Infantry,,,,70.0,40.0,30.0,40.0,20.0,70.0,40.0,50.0,galloglass_tier_3,True,True
galloglass_tier_3,{=ta34CxLs}Redshank,Redshank,21.0,Soldier,battania,Infantry,,,,100.0,60.0,45.0,60.0,15.0,120.0,45.0,80.0,,False,True
mercenary_1,{=RYP9hzIy}Watchman,Watchman,11.0,Mercenary,neutral_culture,Infantry,true,false,,40.0,20.0,40.0,5.0,20.0,15.0,15.0,40.0,mercenary_2|mercenary_3,True,False
mercenary_2,{=0GKH29JG}Mercenary Guard,Mercenary Guard,16.0,Mercenary,neutral_culture,Infantry,,false,,70.0,40.0,40.0,30.0,30.0,70.0,20.0,60.0,mercenary_4|mercenary_5,True,False
mercenary_3,{=xaYwo9tM}Mercenary Scout,Mercenary Scout,16.0,Mercenary,neutral_culture,Cavalry,,false,,70.0,10.0,60.0,30.0,30.0,30.0,70.0,60.0,mercenary_6,True,False
mercenary_4,{=Mgr6qv1j}Mercenary Swordsman,Mercenary Swordsman,21.0,Mercenary,neutral_culture,Infantry,,false,,100.0,70.0,90.0,45.0,25.0,60.0,35.0,100.0,mercenary_7,True,False
mercenary_5,{=PgOknaEN}Mercenary Crossbowman,Mercenary Crossbowman,21.0,Mercenary,neutral_culture,Ranged,,false,,90.0,45.0,45.0,15.0,110.0,60.0,60.0,100.0,mercenary_8,True,False
mercenary_6,{=AssCCFew}Mercenary Horseman,Mercenary Horseman,21.0,Mercenary,neutral_culture,Cavalry,,false,,90.0,45.0,100.0,60.0,15.0,30.0,110.0,45.0,mercenary_9,True,False
mercenary_7,{=R74i2pQz}Hired Blade,Hired Blade,26.0,Mercenary,neutral_culture,Infantry,,false,,130.0,80.0,100.0,60.0,40.0,20.0,130.0,130.0,,False,False
mercenary_8,{=QfVe3IVw}Hired Crossbow,Hired Crossbow,26.0,Mercenary,neutral_culture,Ranged,,false,,140.0,70.0,60.0,80.0,140.0,50.0,30.0,120.0,,False,False
mercenary_9,{=SaqVvzyV}Mercenary Cavalry,Mercenary Cavalry,26.0,Mercenary,neutral_culture,Cavalry,,false,,130.0,80.0,130.0,60.0,20.0,60.0,130.0,80.0,,False,False
facgen_template_test_char_0,{=!}Serdar,Serdar,11.0,Townsfolk,empire,Infantry,,,true,,,,,,,,,,False,False
facgen_template_test_char_1,{=!}Serdar,Serdar,11.0,Townsfolk,empire,Infantry,,,true,,,,,,,,,,False,False
facgen_template_test_char_2,{=!}Serdar,Serdar,11.0,Townsfolk,empire,Infantry,,,true,,,,,,,,,,False,False
facgen_template_test_char_3,{=!}Serdar,Serdar,11.0,Townsfolk,empire,Infantry,,,true,,,,,,,,,,False,False
facgen_template_test_char_4,{=!}Serdar,Serdar,11.0,Townsfolk,empire,Infantry,,,true,,,,,,,,,,False,False
facgen_template_test_char_5,{=!}Serdar,Serdar,11.0,Townsfolk,empire,Infantry,,,true,,,,,,,,,,False,False
facgen_template_test_char_6,{=!}Serdar,Serdar,11.0,Townsfolk,empire,Infantry,,,true,,,,,,,,,,False,False
facgen_template_test_char_7,{=!}Serdar,Serdar,11.0,Townsfolk,empire,Infantry,,,true,,,,,,,,,,False,False
facgen_template_test_char_8,{=!}Serdar,Serdar,11.0,Townsfolk,empire,Infantry,,,true,,,,,,,,,,False,False
facgen_template_test_char_9,{=!}Serdar,Serdar,11.0,Townsfolk,empire,Infantry,,,true,,,,,,,,,,False,False
npc_wanderer_equipment_template_battania,{=!}wanderer_equipment,wanderer_equipment,16.0,,battania,Infantry,,false,true,,,,,,,,,,False,False
npc_armed_wanderer_equipment_template_battania,{=!}wanderer_equipment,wanderer_equipment,16.0,,battania,Infantry,,false,true,,,,,,,,,,False,False
npc_wanderer_equipment_template_empire,{=!}wanderer_equipment,wanderer_equipment,16.0,,empire,Infantry,,false,true,,,,,,,,,,False,False
npc_armed_wanderer_equipment_template_empire,{=!}wanderer_equipment,wanderer_equipment,16.0,,empire,Infantry,,false,true,,,,,,,,,,False,False
npc_wanderer_equipment_template_aserai,{=!}wanderer_equipment,wanderer_equipment,16.0,,aserai,Infantry,,false,true,,,,,,,,,,False,False
npc_armed_wanderer_equipment_template_aserai,{=!}wanderer_equipment,wanderer_equipment,16.0,,aserai,Infantry,,false,true,,,,,,,,,,False,False
npc_armed_wanderer_equipment_template_khuzait,{=!}wanderer_equipment,wanderer_equipment,16.0,,khuzait,Infantry,,false,true,,,,,,,,,,False,False
npc_companion_equipment_template_khuzait,{=!}wanderer_equipment,wanderer_equipment,16.0,,khuzait,Infantry,,false,true,,,,,,,,,,False,False
npc_wanderer_equipment_template_vlandia,{=!}wanderer_equipment,wanderer_equipment,16.0,,vlandia,Infantry,,false,true,,,,,,,,,,False,False
npc_armed_wanderer_equipment_template_vlandia,{=!}wanderer_equipment,wanderer_equipment,16.0,,vlandia,Infantry,,false,true,,,,,,,,,,False,False
npc_companion_equipment_template_vlandia,{=!}wanderer_equipment,wanderer_equipment,16.0,,vlandia,Infantry,,false,true,,,,,,,,,,False,False
npc_companion_equipment_template_battania,{=!}wanderer_equipment,wanderer_equipment,16.0,,battania,Infantry,,false,true,,,,,,,,,,False,False
npc_wanderer_equipment_template_sturgia,{=!}wanderer_equipment,wanderer_equipment,16.0,,sturgia,Infantry,,false,true,,,,,,,,,,False,False
npc_armed_wanderer_equipment_template_sturgia,{=!}wanderer_equipment,wanderer_equipment,16.0,,sturgia,Infantry,,false,true,,,,,,,,,,False,False
npc_wanderer_equipment_template_khuzait,{=!}wanderer_equipment,wanderer_equipment,16.0,,khuzait,Infantry,,false,true,,,,,,,,,,False,False
guard,{=guardnoun}Guard,Guard,11.0,Townsfolk,empire,Infantry,,,,50.0,50.0,50.0,50.0,50.0,50.0,,,,False,False
villager_khuzait,{=khuzaitpeasantman}Khuzait Peasant,Khuzait Peasant,1.0,Villager,khuzait,Infantry,,,,,,,,,,,,khuzait_nomad,True,False
villager_empire,{=empirepeasantman}Empire Peasant,Empire Peasant,1.0,Villager,empire,Infantry,,,,,,,,,,,,imperial_recruit,True,False
villager_aserai,{=aseraipeasantman}Aserai Peasant,Aserai Peasant,1.0,Villager,aserai,Infantry,,,,,,,,,,,,aserai_recruit,True,False
villager_sturgia,{=sturgiapeasantman}Sturgia Peasant,Sturgia Peasant,1.0,Villager,sturgia,Infantry,,,,,,,,,,,,sturgian_recruit,True,False
villager_vlandia,{=vlandiapeasantman}Vlandia Peasant,Vlandia Peasant,1.0,Villager,vlandia,Infantry,,,,,,,,,,,,vlandian_recruit,True,False
villager_battania,{=battaniapeasantman}Battania Peasant,Battania Peasant,1.0,Villager,battania,Infantry,,,,,,,,,,,,battanian_volunteer,True,False
townswoman_empire,{=hxMpRxSX}Townswoman,Townswoman,1.0,Townsfolk,empire,Infantry,,,,,,,,,,,,,False,False
townswoman_aserai,{=hxMpRxSX}Townswoman,Townswoman,1.0,Townsfolk,aserai,Infantry,,,,,,,,,,,,,False,False
townswoman_sturgia,{=hxMpRxSX}Townswoman,Townswoman,1.0,Townsfolk,sturgia,Infantry,,,,,,,,,,,,,False,False
townswoman_vlandia,{=hxMpRxSX}Townswoman,Townswoman,1.0,Townsfolk,vlandia,Infantry,,,,,,,,,,,,,False,False
townswoman_battania,{=hxMpRxSX}Townswoman,Townswoman,1.0,Townsfolk,battania,Infantry,,,,,,,,,,,,,False,False
townswoman_khuzait,{=hxMpRxSX}Townswoman,Townswoman,1.0,Townsfolk,khuzait,Infantry,,,,,,,,,,,,,False,False
fighter_khuzait,{=!}Khuzait Fighter,Khuzait Fighter,1.0,Villager,khuzait,Infantry,,,true,,,,,,,,,,False,False
fighter_empire,{=!}Empire Fighter,Empire Fighter,1.0,Villager,empire,Infantry,,,true,,,,,,,,,,False,False
fighter_aserai,{=!}Aserai Fighter,Aserai Fighter,1.0,Villager,aserai,Infantry,,,true,,,,,,,,,,False,False
fighter_sturgia,{=!}Sturgia Fighter,Sturgia Fighter,1.0,Villager,sturgia,Infantry,,,true,,,,,,,,,,False,False
fighter_vlandia,{=!}Vlandian Fighter,Vlandian Fighter,1.0,Villager,vlandia,Infantry,,,true,,,,,,,,,,False,False
fighter_battania,{=!}Battanian Fighter,Battanian Fighter,1.0,Villager,battania,Infantry,,,,,,,,,,,,,False,False
npc_companion_equipment_template_sturgia,{=!}wanderer_equipment,wanderer_equipment,16.0,,sturgia,Infantry,,false,true,,,,,,,,,,False,False
npc_companion_equipment_template_aserai,{=!}wanderer_equipment,wanderer_equipment,16.0,,aserai,Infantry,,false,true,,,,,,,,,,False,False
civillian_template_gangster_tier1_empire,{=!}civillian_template_gangster_tier1_empire,civillian_template_gangster_tier1_empire,,,empire,infantry,,false,true,,,,,,,,,,False,False
civillian_template_gangster_tier2_empire,{=!}civillian_template_gangster_tier2_empire,civillian_template_gangster_tier2_empire,,,empire,infantry,,false,true,,,,,,,,,,False,False
civillian_template_gangster_tier3_empire,{=!}civillian_template_gangster_tier3_empire,civillian_template_gangster_tier3_empire,,,empire,infantry,,false,true,,,,,,,,,,False,False
aserai_troop_civilian_template_t1,{=!}aserai_troop_civilian_template_t1,aserai_troop_civilian_template_t1,,,aserai,infantry,,false,true,,,,,,,,,,False,False
aserai_troop_civilian_template_t2,{=!}aserai_troop_civilian_template_t2,aserai_troop_civilian_template_t2,,,aserai,infantry,,false,true,,,,,,,,,,False,False
aserai_troop_civilian_template_t3,{=!}aserai_troop_civilian_template_t3,aserai_troop_civilian_template_t3,,,aserai,infantry,,false,true,,,,,,,,,,False,False
battania_troop_civilian_template_t1,{=!}battania_troop_civilian_template_t1,battania_troop_civilian_template_t1,,,battania,infantry,,false,true,,,,,,,,,,False,False
battania_troop_civilian_template_t2,{=!}battania_troop_civilian_template_t2,battania_troop_civilian_template_t2,,,battania,infantry,,false,true,,,,,,,,,,False,False
battania_troop_civilian_template_t3,{=!}battania_troop_civilian_template_t3,battania_troop_civilian_template_t3,,,battania,infantry,,false,true,,,,,,,,,,False,False
empire_troop_civilian_template_t1,{=!}empire_troop_civilian_template_t1,empire_troop_civilian_template_t1,,,empire,infantry,,false,true,,,,,,,,,,False,False
empire_troop_civilian_template_t2,{=!}empire_troop_civilian_template_t2,empire_troop_civilian_template_t2,,,empire,infantry,,false,true,,,,,,,,,,False,False
empire_troop_civilian_template_t3,{=!}empire_troop_civilian_template_t3,empire_troop_civilian_template_t3,,,empire,infantry,,false,true,,,,,,,,,,False,False
khuzait_troop_civilian_template_t1,{=!}khuzait_troop_civilian_template_t1,khuzait_troop_civilian_template_t1,,,khuzait,infantry,,false,true,,,,,,,,,,False,False
khuzait_troop_civilian_template_t2,{=!}khuzait_troop_civilian_template_t2,khuzait_troop_civilian_template_t2,,,khuzait,infantry,,false,true,,,,,,,,,,False,False
khuzait_troop_civilian_template_t3,{=!}khuzait_troop_civilian_template_t3,khuzait_troop_civilian_template_t3,,,khuzait,infantry,,false,true,,,,,,,,,,False,False
sturgia_troop_civilian_template_t1,{=!}sturgia_troop_civilian_template_t1,sturgia_troop_civilian_template_t1,,,sturgia,infantry,,false,true,,,,,,,,,,False,False
sturgia_troop_civilian_template_t2,{=!}sturgia_troop_civilian_template_t2,sturgia_troop_civilian_template_t2,,,sturgia,infantry,,false,true,,,,,,,,,,False,False
sturgia_troop_civilian_template_t3,{=!}sturgia_troop_civilian_template_t3,sturgia_troop_civilian_template_t3,,,sturgia,infantry,,false,true,,,,,,,,,,False,False
vlandia_troop_civilian_template_t1,{=!}vlandia_troop_civilian_template_t1,vlandia_troop_civilian_template_t1,,,vlandia,infantry,,false,true,,,,,,,,,,False,False
vlandia_troop_civilian_template_t2,{=!}vlandia_troop_civilian_template_t2,vlandia_troop_civilian_template_t2,,,vlandia,infantry,,false,true,,,,,,,,,,False,False
vlandia_troop_civilian_template_t3,{=!}vlandia_troop_civilian_template_t3,vlandia_troop_civilian_template_t3,,,vlandia,infantry,,false,true,,,,,,,,,,False,False
npc_companion_equipment_template_empire,{=!}wanderer_equipment,wanderer_equipment,16.0,,empire,Infantry,,false,true,,,,,,,,,,False,False
emp_bat_template_medium,{=!}empire_battle_equipment_normal,empire_battle_equipment_normal,16.0,,empire,Infantry,,false,true,,,,,,,,,,False,False
emp_bat_template_heavy,{=!}emp_bat_template_heavy,emp_bat_template_heavy,16.0,,empire,Infantry,,false,true,,,,,,,,,,False,False
emp_bat_template_flamboyant,{=!}empire_battle_equipment_flamboyant,empire_battle_equipment_flamboyant,16.0,,empire,Infantry,,false,true,,,,,,,,,,False,False
emp_bat_template_stoic,{=!}empire_battle_equipment_stoic,empire_battle_equipment_stoic,16.0,,empire,Infantry,,false,true,,,,,,,,,,False,False
emp_bat_template_southfrontier,{=!}empire_battle_equipment_southern,empire_battle_equipment_southern,16.0,,empire,Infantry,,false,true,,,,,,,,,,False,False
emp_bat_template_northfrontier,{=!}empire_battle_equipment_northern,empire_battle_equipment_northern,16.0,,empire,Infantry,,false,true,,,,,,,,,,False,False
emp_bat_template_lady,{=!}empire_noncombatant_lady_battle_template,empire_noncombatant_lady_battle_template,16.0,,empire,Infantry,,false,true,,,,,,,,,,False,False
emp_civ_template_default,{=!}empire_unarmored_noble_equipment,empire_unarmored_noble_equipment,16.0,,empire,Infantry,,false,true,,,,,,,,,,False,False
emp_civ_template_stoic,{=!}empire civilian template stoic,empire civilian template stoic,16.0,,empire,Infantry,,false,true,,,,,,,,,,False,False
emp_civ_template_flamboyant,{=!}empire civilian template flamboyant,empire civilian template flamboyant,16.0,,empire,Infantry,,false,true,,,,,,,,,,False,False
emp_civ_template_heavy,{=!}empire civilian template heavy,empire civilian template heavy,16.0,,empire,Infantry,,false,true,,,,,,,,,,False,False
emp_civ_template_southfrontier,{=!}empire civilian template south frontier,empire civilian template south frontier,16.0,,empire,Infantry,,false,true,,,,,,,,,,False,False
emp_civ_template_northfrontier,{=!}empire_unarmored_noble_equipment_northern,empire_unarmored_noble_equipment_northern,16.0,,empire,Infantry,,false,true,,,,,,,,,,False,False
emp_noncom_template_default,{=!}empire_unarmored_lady_equipment_default,empire_unarmored_lady_equipment_default,16.0,,empire,Infantry,,false,true,,,,,,,,,,False,False
emp_noncom_template_flamboyant,{=!}empire_unarmed_lady_eqipment_flamboyant_lady,empire_unarmed_lady_eqipment_flamboyant_lady,16.0,,empire,Infantry,,false,true,,,,,,,,,,False,False
emp_noncom_template_stoic,{=!}empire_unarmored_lady_equipment_stoic,empire_unarmored_lady_equipment_stoic,16.0,,empire,Infantry,,false,true,,,,,,,,,,False,False
emp_noncom_template_southfrontier,{=!}empire_unarmored_lady_equipment_southern_frontier,empire_unarmored_lady_equipment_southern_frontier,16.0,,empire,Infantry,,false,true,,,,,,,,,,False,False
emp_noncom_template_northfrontier,{=!}empire_unarmored_noble_equipment_northern_lady,empire_unarmored_noble_equipment_northern_lady,16.0,,empire,Infantry,,false,true,,,,,,,,,,False,False
stu_bat_template_medium,{=!}sturgia_noble_battle_equipment,sturgia_noble_battle_equipment,16.0,,sturgia,Infantry,,false,true,,,,,,,,,,False,False
stu_bat_template_lady,{=!}sturgia_battle_equipment_for_noncom_lady,sturgia_battle_equipment_for_noncom_lady,16.0,,sturgia,Infantry,,false,true,,,,,,,,,,False,False
stu_bat_template_heavy,{=!}stu_bat_template_heavy,stu_bat_template_heavy,16.0,,sturgia,Infantry,,false,true,,,,,,,,,,False,False
stu_bat_template_flamboyant,{=!}stu_bat_template_flamboyant,stu_bat_template_flamboyant,16.0,,sturgia,Infantry,,false,true,,,,,,,,,,False,False
stu_bat_template_woodsman,{=!}stu_bat_template_woodsman,stu_bat_template_woodsman,16.0,,sturgia,Infantry,,false,true,,,,,,,,,,False,False
stu_civ_template_default,{=!}stu_civ_template_default,stu_civ_template_default,16.0,,sturgia,Infantry,,false,true,,,,,,,,,,False,False
stu_civ_template_heavy,{=!}sturgia_unarmored_noble_equipment_heavy,sturgia_unarmored_noble_equipment_heavy,16.0,,sturgia,Infantry,,false,true,,,,,,,,,,False,False
stu_civ_template_flamboyant,{=!}sturgia_civilian_noble_equipment_flamboyant,sturgia_civilian_noble_equipment_flamboyant,16.0,,sturgia,Infantry,,false,true,,,,,,,,,,False,False
stu_civ_template_woodsman,{=!}sturgia_civilian_noble_equipment_woodsman,sturgia_civilian_noble_equipment_woodsman,16.0,,sturgia,Infantry,,false,true,,,,,,,,,,False,False
stu_noncom_template_default,{=!}sturgia_unarmored_noble_equipment_normal_lady,sturgia_unarmored_noble_equipment_normal_lady,16.0,,sturgia,Infantry,,false,true,,,,,,,,,,False,False
stu_noncom_template_flamboyant,{=!}sturgia_unarmored_noble_equipment_flamboyant_lady,sturgia_unarmored_noble_equipment_flamboyant_lady,16.0,,sturgia,Infantry,,false,true,,,,,,,,,,False,False
stu_noncom_template_woods,"{=!}Sturgia civilian sets for noncombatant ladies, woods","Sturgia civilian sets for noncombatant ladies, woods",16.0,,sturgia,Infantry,,false,true,,,,,,,,,,False,False
ase_bat_template_medium,{=!}Aserai medium battle set,Aserai medium battle set,16.0,,aserai,Infantry,,false,true,,,,,,,,,,False,False
ase_bat_template_flamboyant,{=!}aserai_lord_lady_equipment_flamboyant,aserai_lord_lady_equipment_flamboyant,16.0,,aserai,Infantry,,false,true,,,,,,,,,,False,False
ase_bat_template_heavy,{=!}Aserai heavy battle sets,Aserai heavy battle sets,16.0,,aserai,Infantry,,false,true,,,,,,,,,,False,False
ase_bat_template_bedouin,{=!}Aserai bedouin battle sets,Aserai bedouin battle sets,16.0,,aserai,Infantry,,false,true,,,,,,,,,,False,False
ase_bat_template_lady,{=!}Aserai noncom lady battle sets,Aserai noncom lady battle sets,16.0,,aserai,Infantry,,false,true,,,,,,,,,,False,False
ase_civ_template_flamboyant,{=!}aserai_unarmored_noble_equipment_flamboyant,aserai_unarmored_noble_equipment_flamboyant,16.0,,aserai,Infantry,,false,true,,,,,,,,,,False,False
ase_civ_template_default,{=!}aserai_unarmored_noble_equipment_normal,aserai_unarmored_noble_equipment_normal,16.0,,aserai,Infantry,,false,true,,,,,,,,,,False,False
ase_noncom_template_flamboyant,{=!}aserai_unarmored_noble_equipment_flamboyant_lady,aserai_unarmored_noble_equipment_flamboyant_lady,16.0,,aserai,Infantry,,false,true,,,,,,,,,,False,False
ase_noncom_template_default,{=!}aserai_unarmored_noble_equipment_normal_lady,aserai_unarmored_noble_equipment_normal_lady,16.0,,aserai,Infantry,,false,true,,,,,,,,,,False,False
ase_noncom_template_bedouin,{=!}aserai_unarmored_noble_equipment_bedouin_lady,aserai_unarmored_noble_equipment_bedouin_lady,16.0,,aserai,Infantry,,false,true,,,,,,,,,,False,False
vla_bat_template_medium,{=!}Vlandia medium battle sets,Vlandia medium battle sets,16.0,,vlandia,Infantry,,false,true,,,,,,,,,,False,False
vla_bat_template_heavy,{=!}vlandia_lord_lady_equipment,vlandia_lord_lady_equipment,16.0,,vlandia,Infantry,,false,true,,,,,,,,,,False,False
vla_bat_template_flamboyant,{=!}vlandia_lord_lady_equipment_flamboyant,vlandia_lord_lady_equipment_flamboyant,16.0,,vlandia,Infantry,,false,true,,,,,,,,,,False,False
vla_bat_template_lady,{=!}Vlandia battle set for noncombatant lady,Vlandia battle set for noncombatant lady,16.0,,vlandia,Infantry,,false,true,,,,,,,,,,False,False
vla_civ_template_default,{=!}vlandia_unarmored_noble_equipment_normal,vlandia_unarmored_noble_equipment_normal,16.0,,vlandia,Infantry,,false,true,,,,,,,,,,False,False
vla_civ_template_flamboyant,{=!}vlandia_unarmored_noble_equipment_flamboyant,vlandia_unarmored_noble_equipment_flamboyant,16.0,,vlandia,Infantry,,false,true,,,,,,,,,,False,False
vla_civ_template_heavy,{=!}vlandia_unarmored_noble_equipment_heavy,vlandia_unarmored_noble_equipment_heavy,16.0,,vlandia,Infantry,,false,true,,,,,,,,,,False,False
vla_noncom_template_default,{=!}vlandia_noncom_template_lady,vlandia_noncom_template_lady,16.0,,vlandia,Infantry,,false,true,,,,,,,,,,False,False
vla_noncom_template_flamboyant,{=!}vlandia_unarmored_noble_flamboyant_lady,vlandia_unarmored_noble_flamboyant_lady,16.0,,vlandia,Infantry,,false,true,,,,,,,,,,False,False
bat_bat_template_medium,{=!}battania_lord_lady_equipment_normal,battania_lord_lady_equipment_normal,16.0,,battania,Infantry,,false,true,,,,,,,,,,False,False
bat_bat_template_heavy,{=!}battania_lord_lady_equipment_heavy,battania_lord_lady_equipment_heavy,16.0,,battania,Infantry,,false,true,,,,,,,,,,False,False
bat_bat_template_flamboyant,{=!}battania_lord_lady_equipment_flamboyant,battania_lord_lady_equipment_flamboyant,16.0,,battania,Infantry,,false,true,,,,,,,,,,False,False
bat_bat_template_wild,{=!}battania_lord_lady_equipment_wild,battania_lord_lady_equipment_wild,16.0,,battania,Infantry,,false,true,,,,,,,,,,False,False
bat_bat_template_lady,{=!}battania_lord_lady_equipment_noncom,battania_lord_lady_equipment_noncom,16.0,,battania,Infantry,,false,true,,,,,,,,,,False,False
bat_civ_template_default,{=!}battania_unarmored_noble_equipment_normal,battania_unarmored_noble_equipment_normal,16.0,,battania,Infantry,,false,true,,,,,,,,,,False,False
bat_civ_template_flamboyant,{=!}battania_unarmored_noble_equipment_flamboyant,battania_unarmored_noble_equipment_flamboyant,16.0,,battania,Infantry,,false,true,,,,,,,,,,False,False
bat_civ_template_heavy,{=!}battania_unarmored_noble_equipment_heavy,battania_unarmored_noble_equipment_heavy,16.0,,battania,Infantry,,false,true,,,,,,,,,,False,False
bat_civ_template_wild,{=!}battania_unarmored_noble_equipment_wild,battania_unarmored_noble_equipment_wild,16.0,,battania,Infantry,,false,true,,,,,,,,,,False,False
bat_noncom_template_default,{=!}battania_unarmored_noble_equipment_normal_lady,battania_unarmored_noble_equipment_normal_lady,16.0,,battania,Infantry,,false,true,,,,,,,,,,False,False
bat_noncom_template_wild,{=!}battania_unarmored_noble_equipment_wild_lady,battania_unarmored_noble_equipment_wild_lady,16.0,,battania,Infantry,,false,true,,,,,,,,,,False,False
bat_noncom_template_flamboyant,{=!}battania_unarmored_noble_equipment_flamboyant_lady,battania_unarmored_noble_equipment_flamboyant_lady,16.0,,battania,Infantry,,false,true,,,,,,,,,,False,False
khu_bat_template_medium,{=!}khuzait_lord_lady_medium,khuzait_lord_lady_medium,16.0,,khuzait,Infantry,,false,true,,,,,,,,,,False,False
khu_bat_template_flamboyant,{=!}khuzait_lord_lady_flamboyant,khuzait_lord_lady_flamboyant,16.0,,khuzait,Infantry,,false,true,,,,,,,,,,False,False
khu_bat_template_heavy,{=!}khuzait_lord_lady_equipment,khuzait_lord_lady_equipment,16.0,,khuzait,Infantry,,false,true,,,,,,,,,,False,False
khu_bat_template_nomad,{=!}khuzait_lord_lady_nomad,khuzait_lord_lady_nomad,16.0,,khuzait,Infantry,,false,true,,,,,,,,,,False,False
khu_bat_template_lady,{=!}khuzait_lord_lady_noncom,khuzait_lord_lady_noncom,16.0,,khuzait,Infantry,,false,true,,,,,,,,,,False,False
khu_civ_template_default,{=!}khuzait_unarmored_noble_equipment_normal,khuzait_unarmored_noble_equipment_normal,16.0,,khuzait,Infantry,,false,true,,,,,,,,,,False,False
khu_civ_template_flamboyant,{=!}khuzait_unarmored_noble_equipment_flamboyant,khuzait_unarmored_noble_equipment_flamboyant,16.0,,khuzait,Infantry,,false,true,,,,,,,,,,False,False
khu_civ_template_heavy,{=!}khuzait_unarmored_noble_equipment_heavy,khuzait_unarmored_noble_equipment_heavy,16.0,,khuzait,Infantry,,false,true,,,,,,,,,,False,False
khu_civ_template_nomad,{=!}khuzait_unarmored_noble_equipment_nomad,khuzait_unarmored_noble_equipment_nomad,16.0,,khuzait,Infantry,,false,true,,,,,,,,,,False,False
khu_noncom_template_default,{=!}khuzait_unarmored_noble_equipment_normal,khuzait_unarmored_noble_equipment_normal,16.0,,khuzait,Infantry,,false,true,,,,,,,,,,False,False
khu_noncom_template_flamboyant,{=!}khuzait_unarmored_noble_equipment_flamboyant,khuzait_unarmored_noble_equipment_flamboyant,16.0,,khuzait,Infantry,,false,true,,,,,,,,,,False,False
tutorial_npc_brother,{=!}(Brother name set by culture),(Brother name set by culture),,Lord,battania,Infantry,,true,,,,,,,,,,,False,False
storymode_little_brother,{=!}(Little brother name set by culture),(Little brother name set by culture),,Lord,battania,Infantry,,true,,,,,,,,,,,False,False
storymode_little_sister,{=!}(Little sister name set by culture),(Little sister name set by culture),,Lord,battania,Infantry,,true,,,,,,,,,,,False,False
tutorial_npc_tacitus,{=O8QblvbQ}Tacteos,Tacteos,,Special,empire,Infantry,,true,,,,,,,,,,,False,False
tutorial_npc_radagos,{=No2HgX5E}Radagos,Radagos,12.0,Special,empire,Infantry,,true,,,,,,,,,,,False,False
storymode_quest_raider,{=IMwAoSax}Radagos' Raider,Radagos' Raider,6.0,Bandit,looters,Infantry,,,,40.0,20.0,30.0,20.0,,40.0,0.0,30.0,,False,False
storymode_quest_refugee_male,{=MrpOJn2h}Refugee,Refugee,,Villager,empire,Infantry,,false,,,,,,,,,,,False,False
storymode_quest_refugee_female,{=MrpOJn2h}Refugee,Refugee,,Villager,empire,Infantry,,false,,,,,,,,,,,False,False
tutorial_placeholder_volunteer,{=kfhY01a7}Headman's Troop,Headman's Troop,21.0,Soldier,empire,Cavalry,,,,140.0,40.0,170.0,100.0,15.0,60.0,140.0,100.0,,False,True
storymode_imperial_mentor_istiana,{=uCmEaWOI}Istiana,Istiana,,Special,empire,Infantry,,true,,,,,,,,,,,False,False
storymode_imperial_mentor_arzagos,{=daOtjNZp}Arzagos,Arzagos,,Special,empire,Infantry,,true,,,,,,,,,,,False,False
tutorial_npc_ranged,{=8AHT9pt5}Training Master,Training Master,10.0,Lord,battania,Infantry,,false,,,,,,,,,,,False,False
tutorial_npc_basic_melee,{=8AHT9pt5}Training Master,Training Master,10.0,Soldier,battania,Infantry,,true,,,,,,,,,,,False,True
tutorial_npc_advanced_melee_normal,{=8AHT9pt5}Training Master,Training Master,4.0,Soldier,battania,Infantry,,true,,,,,,,,,,,False,True
tutorial_npc_advanced_melee_easy,{=8AHT9pt5}Training Master,Training Master,15.0,Soldier,battania,Infantry,,true,,,,,,,,,,,False,True
radagos_henchman,{=SLxnu4XO}Galter,Galter,,Special,empire,Infantry,,true,,40.0,30.0,30.0,20.0,,40.0,0.0,70.0,,False,False
tutorial_npc_mounted_ai,{=8AHT9pt5}Training Master,Training Master,4.0,Soldier,battania,Infantry,,true,,,,,,,,100.0,,,False,True
conspiracy_caravan_master_antiempire,{=JbDdyuJ1}Conspiracy Caravan Master,Conspiracy Caravan Master,,Special,aserai,Infantry,,true,,220.0,60.0,260.0,25.0,60.0,30.0,200.0,60.0,,False,False
conspiracy_caravan_master_empire,{=JbDdyuJ1}Conspiracy Caravan Master,Conspiracy Caravan Master,,Special,empire,Infantry,,true,,220.0,60.0,260.0,25.0,60.0,30.0,200.0,60.0,,False,False
conspiracy_commander_empire,{=CPONpX33}Conspiracy Commander,Conspiracy Commander,,Special,empire,Infantry,,true,,220.0,60.0,260.0,25.0,60.0,30.0,200.0,60.0,,False,False
conspiracy_commander_antiempire,{=CPONpX33}Conspiracy Commander,Conspiracy Commander,,Special,sturgia,Infantry,,true,,220.0,60.0,260.0,25.0,60.0,30.0,200.0,60.0,,False,False
conspiracy_wilder,{=agvI8ymJ}Conspiracy Wilder,Conspiracy Wilder,16.0,Soldier,sturgia,infantry,,,,80.0,30.0,40.0,30.0,10.0,70.0,40.0,60.0,,False,True
conspiracy_warmonger,{=6c5L2D91}Conspiracy Warmonger,Conspiracy Warmonger,26.0,Soldier,battania,Infantry,,,,150.0,80.0,90.0,60.0,60.0,110.0,40.0,90.0,,False,True
conspiracy_berserker,{=ZzIjKqFG}Conspiracy Berserker,Conspiracy Berserker,16.0,Soldier,sturgia,Infantry,,,,40.0,90.0,40.0,30.0,10.0,60.0,20.0,70.0,,False,True
conspiracy_hellion,{=dXfXpOX8}Conspiracy Hellion,Conspiracy Hellion,26.0,Soldier,sturgia,Infantry,,,,130.0,150.0,80.0,60.0,40.0,80.0,30.0,110.0,,False,True
conspiracy_guardsman,{=VmFyP2Lp}Conspiracy Guardsman,Conspiracy Guardsman,16.0,Soldier,aserai,Infantry,,,,70.0,40.0,80.0,10.0,30.0,30.0,40.0,60.0,,False,True
conspiracy_guardian,{=USA8hlVX}Conspiracy Guardian,Conspiracy Guardian,26.0,Soldier,aserai,Infantry,,,,70.0,60.0,150.0,50.0,60.0,80.0,50.0,100.0,,False,True
conspiracy_raider,{=GfHGXdpx}Conspiracy Raider,Conspiracy Raider,16.0,Soldier,battania,Cavalry,,,,70.0,40.0,70.0,30.0,10.0,40.0,70.0,30.0,,False,True
conspiracy_battlerider,{=mBa3kDNF}Conspiracy Battle Rider,Conspiracy Battle Rider,26.0,Soldier,sturgia,Cavalry,,,,120.0,40.0,160.0,60.0,30.0,80.0,120.0,70.0,,False,True
conspiracy_trained_bowman,{=Xp88aUTU}Conspiracy Trained Bowman,Conspiracy Trained Bowman,16.0,Soldier,aserai,Ranged,,,,40.0,40.0,40.0,80.0,20.0,30.0,60.0,50.0,,False,True
conspiracy_longbowman,{=4bIP3dka}Conspiracy Longbowman,Conspiracy Longbowman,26.0,Soldier,battania,Ranged,,,,100.0,60.0,100.0,150.0,30.0,70.0,100.0,80.0,,False,True
conspiracy_kern,{=ixCSdUlD}Conspiracy Kern,Conspiracy Kern,16.0,Soldier,battania,Infantry,,,,60.0,40.0,40.0,30.0,20.0,80.0,40.0,50.0,,False,True
conspiracy_horse_archer,{=Zdqhbpzx}Conspiracy Horse Archer,Conspiracy Horse Archer,16.0,Soldier,khuzait,HorseArcher,,,,70.0,30.0,40.0,60.0,10.0,30.0,80.0,40.0,,False,True
conspiracy_mounted_master_archer,{=C658axDH}Conspiracy Mounted Master Archer,Conspiracy Mounted Master Archer,26.0,Soldier,khuzait,HorseArcher,,,,140.0,40.0,80.0,120.0,20.0,80.0,130.0,80.0,,False,True
conspiracy_trained_spearman,{=XbsySjkl}Conspiracy Trained Spearman,Conspiracy Trained Spearman,16.0,Soldier,vlandia,Infantry,,,,70.0,40.0,80.0,10.0,30.0,30.0,40.0,60.0,,False,True
conspiracy_spearmaster,{=CsHLuOEl}Conspiracy Spear Master,Conspiracy Spear Master,26.0,Soldier,vlandia,Infantry,,,,90.0,80.0,150.0,60.0,60.0,80.0,50.0,110.0,,False,True
conspiracy_knight_trainee,{=NdfXwR79}Conspiracy Knight Trainee,Conspiracy Knight Trainee,16.0,Soldier,vlandia,Infantry,,,,70.0,80.0,40.0,30.0,10.0,30.0,40.0,60.0,,False,True
conspiracy_knight,{=XmUZ2QU2}Conspiracy Knight,Conspiracy Knight,26.0,Soldier,vlandia,Infantry,,,,120.0,140.0,90.0,60.0,60.0,80.0,40.0,90.0,,False,True
conspiracy_fighter,{=BAgYPdXW}Conspiracy Fighter,Conspiracy Fighter,16.0,Soldier,empire,Infantry,,,,90.0,30.0,40.0,30.0,10.0,60.0,20.0,80.0,,False,True
conspiracy_veteran_fighter,{=i8GS9pn9}Conspiracy Veteran Fighter,Conspiracy Veteran Fighter,26.0,Soldier,empire,Infantry,,,,130.0,80.0,130.0,60.0,60.0,80.0,30.0,110.0,,False,True
conspiracy_noble_horseman,{=adR3pIDp}Conspiracy Noble Horseman,Conspiracy Noble Horseman,16.0,Soldier,empire,Cavalry,,,,70.0,40.0,80.0,10.0,30.0,30.0,50.0,50.0,,False,True
conspiracy_mounted_fighter,{=6IetyqbY}Conspiracy Mounted Fighter,Conspiracy Mounted Fighter,26.0,Soldier,empire,Cavalry,,,,100.0,80.0,160.0,60.0,30.0,60.0,120.0,70.0,,False,True
conspiracy_trained_crossbowman,{=j5Me8RDp}Conspiracy Trained Crossbowman,Conspiracy Trained Crossbowman,16.0,Soldier,vlandia,Ranged,,,,40.0,40.0,40.0,20.0,80.0,30.0,60.0,50.0,,False,True
conspiracy_warworn_crossbowman,{=LKPF1mjo}Conspiracy Warworn Crossbowman,Conspiracy Warworn Crossbowman,26.0,Soldier,vlandia,Ranged,,,,100.0,70.0,100.0,20.0,150.0,70.0,100.0,80.0,,False,True
conspiracy_trained_huntsman,{=loRgnHVa}Conspiracy Trained Huntsman,Conspiracy Trained Huntsman,16.0,Soldier,empire,Ranged,,,,100.0,30.0,70.0,110.0,15.0,40.0,40.0,120.0,,False,True
conspiracy_hunt_leader,{=mau9JLzO}Conspiracy Hunt Leader,Conspiracy Hunt Leader,26.0,Soldier,empire,Ranged,,,,120.0,50.0,60.0,160.0,50.0,50.0,80.0,140.0,,False,True
conspiracy_mounted_huntsman,{=osbMBjVt}Conspiracy Mounted Hunstman,Conspiracy Mounted Hunstman,16.0,Soldier,empire,HorseArcher,,,,70.0,30.0,40.0,60.0,10.0,30.0,80.0,40.0,,False,True
conspiracy_packmaster,{=JchFJ884}Conspiracy Packmaster,Conspiracy Packmaster,16.0,Soldier,empire,HorseArcher,,,,140.0,60.0,80.0,120.0,20.0,60.0,130.0,80.0,,False,True
anti_imperial_conspiracy_boss,{=CPONpX33}Conspiracy Commander,Conspiracy Commander,31.0,Soldier,sturgia,Infantry,,,,240.0,60.0,240.0,30.0,25.0,60.0,100.0,160.0,,False,True
imperial_conspiracy_boss,{=CPONpX33}Conspiracy Commander,Conspiracy Commander,31.0,Soldier,vlandia,Infantry,,,,240.0,60.0,240.0,30.0,25.0,60.0,100.0,160.0,,False,True
main_hero_father,{=a2rhPaGB}Baldron,Baldron,,Lord,battania,Cavalry,,true,,,,,,,,,,,False,False
main_hero_mother,{=V44d9fIP}Terra,Terra,,Lord,battania,Cavalry,,,,,,,,,,,,,False,False
tutorial_npc_captive_headman,{=08aYzc2F}Headman,Headman,12.0,Special,empire,Infantry,,true,,,,,,,,,,,False,False
tutorial_npc_questgiver_villager,{=KtqB640w}Empire Peasant,Empire Peasant,12.0,Special,empire,Infantry,,true,,,,,,,,,,,False,False
fighter_nord,{=ovmbmg29}Nord Villager,Nord Villager,1.0,Villager,nord,Infantry,,,true,,,,,,,,,,False,False
nord_youngling,{=BylR8JFS}Nord Youngling,Nord Youngling,6.0,Soldier,nord,Infantry,true,,,20.0,10.0,20.0,5.0,0.0,10.0,5.0,20.0,nord_drengr|nord_huntsman,True,True
nord_drengr,{=sXNNaJ7Q}Nord Warrior,Nord Warrior,11.0,Soldier,nord,Infantry,,,,40.0,20.0,40.0,15.0,5.0,20.0,10.0,40.0,nord_axe_warrior|nord_spear_warrior,True,True
nord_axe_warrior,{=NuEuEucc}Nord Axe Warrior,Nord Axe Warrior,16.0,Soldier,nord,Infantry,,,,80.0,30.0,50.0,30.0,10.0,70.0,30.0,80.0,nord_boandi|nord_hew-bearer,True,True
nord_spear_warrior,{=GriAus4K}Nord Spear Warrior,Nord Spear Warrior,16.0,Soldier,nord,Infantry,,,,50.0,30.0,70.0,30.0,10.0,40.0,30.0,80.0,nord_vargr,True,True
nord_boandi,{=QaAsyLju}Nord Shield Biters,Nord Shield Biters,21.0,Soldier,nord,Infantry,,,,110.0,50.0,75.0,35.0,15.0,110.0,40.0,100.0,nord_berserkr,True,True
nord_berserkr,{=d7XgM4EZ}Nord Berserkir,Nord Berserkir,26.0,Soldier,nord,Infantry,,,,140.0,140.0,40.0,45.0,20.0,140.0,70.0,140.0,,False,True
nord_ungmann,{=5PIe3Zia}Nord Scion,Nord Scion,11.0,Soldier,nord,Infantry,true,,,40.0,20.0,35.0,10.0,5.0,30.0,10.0,40.0,nord_thegn,True,True
nord_thegn,{=aztogWWW}Nord War-Proven,Nord War-Proven,16.0,Soldier,nord,Infantry,,,,60.0,30.0,60.0,30.0,10.0,60.0,30.0,70.0,nord_jarlsmann,True,True
nord_jarlsmann,{=iOaO8NGB}Nord Hearthguard,Nord Hearthguard,21.0,Soldier,nord,Infantry,,,,110.0,35.0,110.0,35.0,15.0,110.0,40.0,100.0,nord_hirdmann,True,True
nord_hirdmann,{=RRbpc6fr}Nord Shield-Companion,Nord Shield-Companion,26.0,Soldier,nord,Infantry,,,,140.0,70.0,140.0,45.0,20.0,140.0,70.0,140.0,nord_huscarl,True,True
nord_huscarl,{=JnwNuZb7}Nord Huscarl,Nord Huscarl,31.0,Soldier,nord,Infantry,,,,200.0,90.0,200.0,60.0,25.0,190.0,90.0,160.0,,False,True
nord_huntsman,{=vWSJeIco}Nord Huntsman,Nord Huntsman,11.0,Soldier,nord,Ranged,,,,40.0,20.0,20.0,40.0,5.0,10.0,10.0,40.0,nord_freeman_archer,True,True
nord_freeman_archer,{=riJbUCl9}Nord Freeman Archer,Nord Freeman Archer,16.0,Soldier,nord,Ranged,,,,60.0,30.0,50.0,60.0,10.0,30.0,30.0,80.0,nord_marksman,True,True
nord_marksman,{=5LvI1bsQ}Nord Marksman,Nord Marksman,21.0,Soldier,nord,Ranged,,,,110.0,40.0,60.0,100.0,35.0,45.0,40.0,100.0,nord_skathi,True,True
nord_skathi,{=mI7igoBF}Nord Sky-Gods Chosen,Nord Sky-Gods Chosen,26.0,Soldier,nord,Ranged,,,,140.0,70.0,80.0,140.0,50.0,80.0,70.0,150.0,,False,True
nord_hew-bearer,{=lLPgEh9p}Nord Marauder,Nord Marauder,21.0,Soldier,nord,Infantry,,,,70.0,110.0,70.0,35.0,15.0,110.0,50.0,110.0,nord_skjaldbrestir,True,True
nord_vargr,{=VpTQ5SyS}Nord Warfang,Nord Warfang,21.0,Soldier,nord,Infantry,,,,110.0,70.0,110.0,35.0,15.0,80.0,50.0,110.0,nord_ulfhednar,True,True
nord_skjaldbrestir,{=2RnBNzlX}Nord Skjaldbrestir,Nord Skjaldbrestir,26.0,Soldier,nord,Infantry,,,,100.0,140.0,90.0,60.0,20.0,140.0,60.0,150.0,,False,True
nord_ulfhednar,{=7T3mspgx}Nord Ulfhedinn,Nord Ulfhedinn,26.0,Soldier,nord,Infantry,,,,140.0,90.0,140.0,60.0,20.0,90.0,60.0,150.0,,False,True
nord_militia_archer,{=otySLQx8}Nord Militia Archer,Nord Militia Archer,11.0,Soldier,nord,Ranged,,,,,,,,,,,,,False,True
nord_militia_veteran_archer,{=838d1Yy8}Nord Militia Veteran Archer,Nord Militia Veteran Archer,16.0,Soldier,nord,Ranged,,,,,,,,,,,,,False,True
nord_militia_spearman,{=zdzs2ulH}Nord Militia Spearman,Nord Militia Spearman,11.0,Soldier,nord,Infantry,,,,,,,,,,,,,False,True
nord_militia_veteran_spearman,{=hTvbIUt4}Nord Militia Veteran Spearman,Nord Militia Veteran Spearman,16.0,Soldier,nord,Infantry,,,,,,,,,,,,,False,True
tournament_master_nord,{=IHKXNP9H}Tournament Master,Tournament Master,,ArenaMaster,nord,Infantry,,false,,,,,,,,,,,False,False
caravan_master_nord,{=ID0mBGaU}Nord Caravan Master,Nord Caravan Master,26.0,CaravanGuard,nord,Infantry,,,,160.0,80.0,60.0,80.0,20.0,50.0,130.0,130.0,,False,False
caravan_guard_nord,{=iln3nSsq}Nord Caravan Guard,Nord Caravan Guard,21.0,CaravanGuard,nord,Infantry,,,,110.0,40.0,150.0,40.0,15.0,15.0,110.0,50.0,,False,False
veteran_caravan_guard_nord,{=bqy8Pvbx}Nord Veteran Caravan Guard,Nord Veteran Caravan Guard,26.0,CaravanGuard,nord,Cavalry,,,,120.0,70.0,130.0,70.0,20.0,130.0,130.0,80.0,,False,False
armed_trader_nord,{=7v15a6aH}Nord Armed Trader,Nord Armed Trader,16.0,CaravanGuard,nord,Ranged,true,,,70.0,40.0,40.0,70.0,30.0,30.0,10.0,70.0,,False,False
prison_guard_nord,{=XgjXfmM1}Prison Guard,Prison Guard,4.0,PrisonGuard,nord,Infantry,,,,50.0,50.0,50.0,50.0,50.0,50.0,,,,False,False
blacksmith_nord,{=bNnQt4jN}Blacksmith,Blacksmith,,Blacksmith,nord,Infantry,,false,,,,,,,,,,,False,False
weaponsmith_nord,{=UaN2lfwi}Weaponsmith,Weaponsmith,,Weaponsmith,nord,Infantry,,false,,,,,,,,,,,False,False
townswoman_infant_nord,{=femaleinfant}Infant,Infant,,Townsfolk,nord,Infantry,,false,,,,,,,,,,,False,False
townswoman_child_nord,{=femalechild}Child,Child,,Townsfolk,nord,Infantry,,false,,,,,,,,,,,False,False
townswoman_teenager_nord,{=femaleteenager}Teenager,Teenager,,Townsfolk,nord,Infantry,,false,,,,,,,,,,,False,False
townsman_nord,{=muu5cofb}Townsman,Townsman,,Townsfolk,nord,Infantry,,,,,,,,,,,,,False,False
townsman_infant_nord,{=maleinfant}Infant,Infant,,Townsfolk,nord,Infantry,,false,,,,,,,,,,,False,False
townsman_child_nord,{=malechild}Child,Child,,Townsfolk,nord,Infantry,,false,,,,,,,,,,,False,False
townsman_teenager_nord,{=maleteenager}Teenager,Teenager,,Townsfolk,nord,Infantry,,false,,,,,,,,,,,False,False
village_woman_nord,{=RYNeA8Wb}Nord Peasant,Nord Peasant,1.0,Villager,nord,Infantry,,,,,,,,,,,,,False,False
villager_child_nord,{=malechild}Child,Child,,Villager,nord,Infantry,,false,,,,,,,,,,,False,False
villager_teenager_nord,{=maleteenager}Teenager,Teenager,,Villager,nord,Infantry,,false,,,,,,,,,,,False,False
village_woman_child_nord,{=femalechild}Child,Child,,Villager,nord,Infantry,,false,,,,,,,,,,,False,False
village_woman_teenager_nord,{=femaleteenager}Teenager,Teenager,,Villager,nord,Infantry,,false,,,,,,,,,,,False,False
ransom_broker_nord,{=W2WXkiAh}Ransom Broker,Ransom Broker,,RansomBroker,nord,Infantry,,false,,,,,,,,,,,False,False
gangleader_bodyguard_nord,{=LNNXiPyV}Gang Leader Bodyguard,Gang Leader Bodyguard,16.0,Townsfolk,nord,Infantry,,,,,,,,,,,,,False,False
merchant_notary_nord,{=reoVAtrE}Merchant Notary,Merchant Notary,,Townsfolk,nord,Infantry,,,,,,,,,,,,,False,False
artisan_notary_nord,{=ECxiXTbF}Artisan Notary,Artisan Notary,,Townsfolk,nord,Infantry,,,,,,,,,,,,,False,False
preacher_notary_nord,{=xKyiJbiN}Preacher Notary,Preacher Notary,,Townsfolk,nord,Infantry,,,,,,,,,,,,,False,False
rural_notable_notary_nord,{=TwPt4boh}Rural Notable Notary,Rural Notable Notary,,Townsfolk,nord,Infantry,,,,,,,,,,,,,False,False
shop_worker_nord,{=275LD0Gh}Shop Worker,Shop Worker,,ShopWorker,nord,Infantry,,,,,,,,,,,,,False,False
tavernkeeper_nord,{=CsjtWt1g}Tavern Keeper,Tavern Keeper,,Tavernkeeper,nord,Infantry,,false,,,,,,,,,,,False,False
taverngamehost_nord,{=twCIejxn}Game Host,Game Host,,TavernGameHost,nord,Infantry,,false,,,,,,,,,,,False,False
musician_nord,{=zfCoeglY}Musician,Musician,,Musician,nord,Infantry,,false,,,,,,,,,,,False,False
tavern_wench_nord,{=z6RMWTaA}Tavern Maid,Tavern Maid,,TavernWench,nord,Infantry,,false,,,,,,,,,,,False,False
armorer_nord,{=jx8ohENz}Armorer,Armorer,,Armorer,nord,Infantry,,false,,,,,,,,,,,False,False
horseMerchant_nord,{=79ElOr2x}Horse Trader,Horse Trader,,HorseTrader,nord,Infantry,,false,,,,,,,,,,,False,False
barber_nord,{=WH7EGGIg}Barber,Barber,,Townsfolk,nord,Infantry,,false,,,,,,,,,,,False,False
merchant_nord,{=thbcgVVO}Trader,Trader,,GoodsTrader,nord,Infantry,,false,,,,,,,,,,,False,False
beggar_nord,{=malebeggar}Beggar,Beggar,,Townsfolk,nord,Infantry,,,,,,,,,,,,,False,False
female_beggar_nord,{=femalebeggar}Beggar,Beggar,1.0,Townsfolk,nord,Infantry,,,,,,,,,,,,,False,False
female_dancer_nord,{=X3KYysuv}Dancer,Dancer,,Townsfolk,nord,Infantry,,false,,,,,,,,,,,False,False
guard_nord,{=guardnoun}Guard,Guard,4.0,Soldier,nord,Infantry,,,,50.0,50.0,50.0,50.0,50.0,50.0,,,,False,True
townswoman_nord,{=hxMpRxSX}Townswoman,Townswoman,1.0,Townsfolk,nord,Infantry,,,,,,,,,,,,,False,False
naval_caravan_master_nord,{=1UX4qqzu}Nord Convoy Master,Nord Convoy Master,26.0,CaravanGuard,nord,Infantry,,,,160.0,80.0,60.0,80.0,20.0,120.0,30.0,150.0,,False,False
naval_caravan_master_aserai,{=YnupavdJ}Aserai Convoy Master,Aserai Convoy Master,26.0,CaravanGuard,aserai,Ranged,,,,160.0,80.0,60.0,120.0,20.0,80.0,30.0,150.0,,False,False
naval_caravan_master_battania,{=XmYv2A6W}Battanian Convoy Master,Battanian Convoy Master,26.0,CaravanGuard,battania,Infantry,,,,160.0,80.0,60.0,80.0,20.0,130.0,30.0,150.0,,False,False
naval_caravan_master_empire,{=k02auqV3}Imperial Convoy Master,Imperial Convoy Master,26.0,CaravanGuard,empire,Ranged,,,,160.0,80.0,60.0,80.0,130.0,50.0,20.0,150.0,,False,False
naval_caravan_master_khuzait,{=R9V2D2M9}Khuzait Convoy Master,Khuzait Convoy Master,26.0,CaravanGuard,khuzait,Ranged,,,,160.0,80.0,60.0,130.0,20.0,50.0,30.0,150.0,,False,False
naval_caravan_master_sturgia,{=ElJ7WhOY}Sturgian Convoy Master,Sturgian Convoy Master,26.0,CaravanGuard,sturgia,Infantry,,,,160.0,80.0,60.0,80.0,20.0,130.0,30.0,150.0,,False,False
naval_caravan_master_vlandia,{=iSuRFg6w}Vlandian Convoy Master,Vlandian Convoy Master,26.0,CaravanGuard,vlandia,Ranged,,,,160.0,80.0,60.0,80.0,130.0,50.0,20.0,130.0,,False,False
naval_armed_trader_nord,{=njJIKDuP}Nord Armed Convoy Trader,Nord Armed Convoy Trader,16.0,CaravanGuard,nord,Ranged,true,,,70.0,40.0,40.0,70.0,30.0,30.0,10.0,70.0,,False,False
naval_armed_trader_aserai,{=PNGnocuL}Aserai Armed Convoy Trader,Aserai Armed Convoy Trader,16.0,CaravanGuard,aserai,Ranged,true,,,70.0,40.0,40.0,70.0,30.0,30.0,10.0,70.0,,False,False
naval_armed_trader_battania,{=gDePG2fa}Battanian Armed Convoy Trader,Battanian Armed Convoy Trader,16.0,CaravanGuard,battania,Ranged,true,,,70.0,40.0,40.0,70.0,30.0,30.0,10.0,70.0,,False,False
naval_armed_trader_empire,{=NbCTQX3H}Imperial Armed Convoy Trader,Imperial Armed Convoy Trader,16.0,CaravanGuard,empire,Ranged,true,,,70.0,40.0,40.0,70.0,30.0,30.0,10.0,70.0,,False,False
naval_armed_trader_khuzait,{=6UW6cpk4}Khuzait Armed Convoy Trader,Khuzait Armed Convoy Trader,16.0,CaravanGuard,khuzait,Ranged,true,,,70.0,40.0,40.0,70.0,30.0,30.0,10.0,70.0,,False,False
naval_armed_trader_sturgia,{=xBgAZXVY}Sturgian Armed Convoy Trader,Sturgian Armed Convoy Trader,16.0,CaravanGuard,sturgia,Ranged,true,,,70.0,40.0,40.0,70.0,30.0,30.0,10.0,70.0,,False,False
naval_armed_trader_vlandia,{=BPTb1L6Z}Vlandian Armed Convoy Trader,Vlandian Armed Convoy Trader,16.0,CaravanGuard,vlandia,Ranged,true,,,60.0,40.0,40.0,30.0,70.0,30.0,10.0,80.0,,False,False
naval_caravan_guard_nord,{=bJTGiuDm}Nord Convoy Guard,Nord Convoy Guard,21.0,CaravanGuard,nord,Infantry,,,,110.0,40.0,150.0,40.0,15.0,15.0,10.0,120.0,,False,False
naval_caravan_guard_aserai,{=H7LC8HdR}Aserai Convoy Guard,Aserai Convoy Guard,21.0,CaravanGuard,aserai,Infantry,,,,110.0,150.0,15.0,40.0,15.0,15.0,10.0,120.0,,False,False
naval_caravan_guard_battania,{=P0vCR0Yz}Battanian Convoy Guard,Battanian Convoy Guard,21.0,CaravanGuard,battania,Infantry,,,,110.0,15.0,150.0,40.0,15.0,100.0,10.0,120.0,,False,False
naval_caravan_guard_empire,{=UyZmcSR6}Imperial Convoy Guard,Imperial Convoy Guard,21.0,CaravanGuard,empire,Ranged,,,,100.0,15.0,100.0,40.0,110.0,15.0,10.0,120.0,,False,False
naval_caravan_guard_khuzait,{=KQ99Kfbz}Khuzait Convoy Guard,Khuzait Convoy Guard,21.0,CaravanGuard,khuzait,Infantry,,,,90.0,150.0,150.0,40.0,15.0,15.0,10.0,120.0,,False,False
naval_caravan_guard_sturgia,{=piiipqcU}Sturgian Convoy Guard,Sturgian Convoy Guard,21.0,CaravanGuard,sturgia,Infantry,,,,110.0,15.0,150.0,40.0,15.0,15.0,10.0,120.0,,False,False
naval_caravan_guard_vlandia,{=a2uZixDC}Vlandian Convoy Guard,Vlandian Convoy Guard,21.0,CaravanGuard,vlandia,Infantry,,,,140.0,15.0,140.0,40.0,60.0,15.0,10.0,120.0,,False,False
naval_veteran_caravan_guard_nord,{=P5TNVLqn}Nord Veteran Convoy Guard,Nord Veteran Convoy Guard,26.0,CaravanGuard,nord,Infantry,,,,120.0,70.0,130.0,70.0,20.0,130.0,30.0,150.0,,False,False
naval_veteran_caravan_guard_aserai,{=Wk1GiqG2}Aserai Veteran Convoy Guard,Aserai Veteran Convoy Guard,26.0,CaravanGuard,aserai,Ranged,,,,140.0,40.0,80.0,140.0,20.0,60.0,30.0,150.0,,False,False
naval_veteran_caravan_guard_battania,{=qRBIm5RZ}Battanian Veteran Convoy Guard,Battanian Veteran Convoy Guard,26.0,CaravanGuard,battania,Infantry,,,,140.0,50.0,140.0,60.0,20.0,110.0,30.0,150.0,,False,False
naval_veteran_caravan_guard_empire,{=aPnDzZNR}Imperial Veteran Convoy Guard,Imperial Veteran Convoy Guard,26.0,CaravanGuard,empire,Infantry,,,,140.0,60.0,140.0,80.0,50.0,60.0,30.0,150.0,,False,False
naval_veteran_caravan_guard_khuzait,{=MjcLowad}Khuzait Veteran Convoy Guard,Khuzait Veteran Convoy Guard,26.0,CaravanGuard,khuzait,Ranged,,,,140.0,70.0,80.0,150.0,20.0,60.0,30.0,150.0,,False,False
naval_veteran_caravan_guard_sturgia,{=Dl0BM7l2}Sturgian Veteran Convoy Guard,Sturgian Veteran Convoy Guard,26.0,CaravanGuard,sturgia,Infantry,,,,120.0,70.0,130.0,70.0,20.0,130.0,30.0,150.0,,False,False
naval_veteran_caravan_guard_vlandia,{=33X9M3dY}Vlandian Veteran Convoy Guard,Vlandian Veteran Convoy Guard,26.0,CaravanGuard,vlandia,Infantry,,,,150.0,80.0,160.0,50.0,40.0,40.0,30.0,150.0,,False,False
spc_wanderer_nord_0n,{=egl6AesM}{FIRSTNAME} Wave-Breaker,{FIRSTNAME} Wave-Breaker,,Wanderer,nord,Infantry,,false,true,,,,,,,,,,False,False
spc_wanderer_nord_1n,{=Y9NpqqQu}{FIRSTNAME} Trolldaughter,{FIRSTNAME} Trolldaughter,,Wanderer,nord,Infantry,,false,true,,,,,,,,,,False,False
spc_wanderer_nord_2n,{=MfnZpdYk}{FIRSTNAME} of the River,{FIRSTNAME} of the River,,Wanderer,nord,Infantry,,false,true,,,,,,,,,,False,False
spc_wanderer_nord_3n,{=2F7ogNWD}{FIRSTNAME} Empty-Pockets,{FIRSTNAME} Empty-Pockets,,Wanderer,nord,Infantry,,false,true,,,,,,,,,,False,False
spc_wanderer_nord_4n,{=xEkSwZML}{FIRSTNAME} the Restless,{FIRSTNAME} the Restless,,Wanderer,nord,Infantry,,false,true,,,,,,,,,,False,False
spc_wanderer_nord_5n,{=R7X6b1X9}{FIRSTNAME} the Easterling,{FIRSTNAME} the Easterling,,Wanderer,nord,Infantry,,false,true,,,,,,,,,,False,False
spc_wanderer_nord_6n,{=uZAOKLKI}{FIRSTNAME} the Boatswain,{FIRSTNAME} the Boatswain,,Wanderer,nord,Infantry,,false,true,,,,,,,,,,False,False
spc_wanderer_nord_7n,{=uMAsIxKK}{FIRSTNAME} the Sea-Raider,{FIRSTNAME} the Sea-Raider,,Wanderer,nord,Infantry,,false,true,,,,,,,,,,False,False
spc_wanderer_empire_0n,{=YDaO8MAc}{FIRSTNAME} the Shipwright,{FIRSTNAME} the Shipwright,,Wanderer,empire,Infantry,,false,true,,,,,,,,,,False,False
spc_wanderer_aserai_0n,{=sOYrkdtV}{FIRSTNAME} the Navigator,{FIRSTNAME} the Navigator,,Wanderer,aserai,Infantry,,false,true,,,,,,,,,,False,False
spc_wanderer_vlandia_0n,{=5pg6xOMt}{FIRSTNAME} the Fisherman,{FIRSTNAME} the Fisherman,,Wanderer,vlandia,Infantry,,false,true,,,,,,,,,,False,False
spc_notable_nord_0,{=!}Cautious Nord Merchant,Cautious Nord Merchant,,Merchant,nord,Infantry,,false,true,,,,,,,,,,False,False
spc_notable_nord_0b,{=!}Caustic Nord Merchant,Caustic Nord Merchant,,Merchant,nord,Infantry,,false,true,,,,,,,,,,False,False
spc_notable_nord_1,{=!}Curt Nord Merchant,Curt Nord Merchant,,Merchant,nord,Infantry,,false,true,,,,,,,,,,False,False
spc_notable_nord_2,{=!}Adventurous Nord Merchant,Adventurous Nord Merchant,,Merchant,nord,Infantry,,false,true,,,,,,,,,,False,False
spc_notable_nord_2b,{=!}Honest Nord Merchant,Honest Nord Merchant,,Merchant,nord,Infantry,,false,true,,,,,,,,,,False,False
spc_notable_nord_3b,{=!}Affable Nord Merchant,Affable Nord Merchant,,Merchant,nord,Infantry,,false,true,,,,,,,,,,False,False
spc_notable_nord_3,{=!}Honorable Female Nord Merchant,Honorable Female Nord Merchant,,Merchant,nord,Infantry,,false,true,,,,,,,,,,False,False
spc_notable_nord_3c,{=!}Devious Female Nord Merchant,Devious Female Nord Merchant,,Merchant,nord,Infantry,,false,true,,,,,,,,,,False,False
spc_notable_nord_4,{=!}Nord Seer,Nord Seer,,Preacher,nord,Infantry,,false,true,,,,,,,,,,False,False
spc_notable_nord_5,{=!}Nord Female Mystic,Nord Female Mystic,,Preacher,nord,Infantry,,,true,,,,,,,,,,False,False
spc_notable_nord_6,{=!}Nord Gang Leader,Nord Gang Leader,,GangLeader,nord,Infantry,,false,true,,,,,,,,,,False,False
spc_notable_nord_7,{=!}Nord Female Gang Leader,Nord Female Gang Leader,,GangLeader,nord,Infantry,,,true,,,,,,,,,,False,False
spc_notable_nord_8,{=!}Nord Artisan,Nord Artisan,,Artisan,nord,Infantry,,,true,,,,,,,,,,False,False
spc_notable_nord_9,{=!}Nord Land Captain Gruff Notable,Nord Land Captain Gruff Notable,,RuralNotable,nord,Infantry,,,true,,,,,,,,,,False,False
spc_notable_nord_10,{=!}Nord Land Captain Helpful Notable,Nord Land Captain Helpful Notable,,RuralNotable,nord,Infantry,,,true,,,,,,,,,,False,False
spc_nord_headman_1,{=!}Nord Rebellious Headman,Nord Rebellious Headman,,Headman,nord,Infantry,,false,true,,,,,,,,,,False,False
spc_nord_headman_2,{=!}Nord Conservative Headman,Nord Conservative Headman,,Headman,nord,Infantry,,false,true,,,,,,,,,,False,False
spc_nord_headman_3,{=!}Nord Devious Headman,Nord Devious Headman,,Headman,nord,Infantry,,false,true,,,,,,,,,,False,False
tournament_template_nord_one_participant_set_v1,{=!}tournament_template_nord_one_participant_set_v1,tournament_template_nord_one_participant_set_v1,6.0,,nord,Infantry,,,,,,,,,,,,,False,False
tournament_template_nord_one_participant_set_v2,{=!}tournament_template_nord_one_participant_set_v2,tournament_template_nord_one_participant_set_v2,6.0,,nord,Infantry,,,,,,,,,,,,,False,False
tournament_template_nord_one_participant_set_v3,{=!}tournament_template_nord_one_participant_set_v3,tournament_template_nord_one_participant_set_v3,6.0,,nord,Infantry,,,,,,,,,,,,,False,False
tournament_template_nord_two_participant_set_v1,{=!}tournament_template_nord_two_participant_set_v1,tournament_template_nord_two_participant_set_v1,6.0,,nord,Infantry,,,,,,,,,,,,,False,False
tournament_template_nord_two_participant_set_v2,{=!}tournament_template_nord_two_participant_set_v2,tournament_template_nord_two_participant_set_v2,6.0,,nord,Infantry,,,,,,,,,,,,,False,False
tournament_template_nord_two_participant_set_v3,{=!}tournament_template_nord_two_participant_set_v3,tournament_template_nord_two_participant_set_v3,6.0,,nord,Infantry,,,,,,,,,,,,,False,False
tournament_template_nord_four_participant_set_v1,{=!}tournament_template_nord_four_participant_set_v1,tournament_template_nord_four_participant_set_v1,6.0,,nord,Infantry,,,,,,,,,,,,,False,False
tournament_template_nord_four_participant_set_v2,{=!}tournament_template_nord_four_participant_set_v2,tournament_template_nord_four_participant_set_v2,6.0,,nord,Infantry,,,,,,,,,,,,,False,False
tournament_template_nord_four_participant_set_v3,{=!}tournament_template_nord_four_participant_set_v3,tournament_template_nord_four_participant_set_v3,6.0,,nord,Infantry,,,,,,,,,,,,,False,False
tournament_template_nord_four_participant_set_v4,{=!}tournament_template_nord_four_participant_set_v4,tournament_template_nord_four_participant_set_v4,6.0,,nord,Infantry,,,,,,,,,,,,,False,False
villager_nord,{=RYNeA8Wb}Nord Peasant,Nord Peasant,1.0,Villager,nord,Infantry,,,,,,,,,,,,nord_youngling,True,False
npc_wanderer_equipment_template_nord,{=!}wanderer_equipment,wanderer_equipment,16.0,,nord,Infantry,,false,true,,,,,,,,,,False,False
npc_armed_wanderer_equipment_template_nord,{=!}wanderer_equipment,wanderer_equipment,16.0,,nord,Infantry,,false,true,,,,,,,,,,False,False
npc_companion_equipment_template_nord,{=!}wanderer_equipment,wanderer_equipment,16.0,,nord,Infantry,,false,true,,,,,,,,,,False,False
nord_troop_civilian_template_t1,{=!}nord_troop_civilian_template_t1,nord_troop_civilian_template_t1,,,nord,infantry,,false,true,,,,,,,,,,False,False
nord_troop_civilian_template_t2,{=!}nord_troop_civilian_template_t2,nord_troop_civilian_template_t2,,,nord,infantry,,false,true,,,,,,,,,,False,False
nord_troop_civilian_template_t3,{=!}nord_troop_civilian_template_t3,nord_troop_civilian_template_t3,,,nord,infantry,,false,true,,,,,,,,,,False,False
nord_bat_template_medium,{=!}nord_noble_battle_equipment,nord_noble_battle_equipment,16.0,,nord,Infantry,,false,true,,,,,,,,,,False,False
nord_bat_template_lady,{=!}nord_battle_equipment_for_noncom_lady,nord_battle_equipment_for_noncom_lady,16.0,,nord,Infantry,,false,true,,,,,,,,,,False,False
nord_bat_template_heavy,{=!}nord_bat_template_heavy,nord_bat_template_heavy,16.0,,nord,Infantry,,false,true,,,,,,,,,,False,False
nord_bat_template_flamboyant,{=!}nord_bat_template_flamboyant,nord_bat_template_flamboyant,16.0,,nord,Infantry,,false,true,,,,,,,,,,False,False
nord_bat_template_woodsman,{=!}nord_bat_template_woodsman,nord_bat_template_woodsman,16.0,,nord,Infantry,,false,true,,,,,,,,,,False,False
nord_civ_template_default,{=!}nord_civ_template_default,nord_civ_template_default,16.0,,nord,Infantry,,false,true,,,,,,,,,,False,False
nord_civ_template_heavy,{=!}nord_unarmored_noble_equipment_heavy,nord_unarmored_noble_equipment_heavy,16.0,,nord,Infantry,,false,true,,,,,,,,,,False,False
nord_civ_template_flamboyant,{=!}nord_civilian_noble_equipment_flamboyant,nord_civilian_noble_equipment_flamboyant,16.0,,nord,Infantry,,false,true,,,,,,,,,,False,False
nord_civ_template_woodsman,{=!}nord_civilian_noble_equipment_woodsman,nord_civilian_noble_equipment_woodsman,16.0,,nord,Infantry,,false,true,,,,,,,,,,False,False
nord_noncom_template_default,{=!}nord_unarmored_noble_equipment_normal_lady,nord_unarmored_noble_equipment_normal_lady,16.0,,nord,Infantry,,false,true,,,,,,,,,,False,False
nord_noncom_template_flamboyant,{=!}nord_unarmored_noble_equipment_flamboyant_lady,nord_unarmored_noble_equipment_flamboyant_lady,16.0,,nord,Infantry,,false,true,,,,,,,,,,False,False
nord_noncom_template_woods,"{=!}Nord civilian sets for noncombatant ladies, woods","Nord civilian sets for noncombatant ladies, woods",16.0,,nord,Infantry,,false,true,,,,,,,,,,False,False
player_char_creation_nord,{=!}with two-handed swords,with two-handed swords,,Special,empire,Infantry,,false,,20.0,5.0,20.0,10.0,0.0,20.0,0.0,15.0,,False,False
weapon_practice_stage_1_nord,{=!}Nord Weapon Dummy,Nord Weapon Dummy,,Special,nord,Infantry,,false,,,,,,,,,,,False,False
weapon_practice_stage_2_nord,{=!}Nord Weapon Dummy,Nord Weapon Dummy,,Special,nord,Infantry,,false,,,,,,,,,,,False,False
weapon_practice_stage_3_nord,{=!}Nord Weapon Dummy,Nord Weapon Dummy,,Special,nord,Infantry,,false,,,,,,,,,,,False,False
gear_practice_dummy_nord,{=!}Nord Gear Dummy,Nord Gear Dummy,,Special,nord,Infantry,,false,,,,,,,,,,,False,False
southern_pirates_bandit,{=oobPBaES}Corsair,Corsair,11.0,Bandit,southern_pirates,Infantry,,,,40.0,10.0,20.0,20.0,,40.0,10.0,20.0,southern_pirates_raider,True,False
southern_pirates_raider,{=G0WiDbiD}Corsair Warrior,Corsair Warrior,16.0,Bandit,southern_pirates,Infantry,,,,80.0,20.0,40.0,40.0,,80.0,20.0,60.0,southern_pirates_chief|aserai_marine_t4,True,False
southern_pirates_chief,{=QyUn1TZi}Corsair Chief,Corsair Chief,21.0,Bandit,southern_pirates,Infantry,,,,120.0,40.0,60.0,60.0,,120.0,40.0,100.0,aserai_marine_t5,True,False
shipwright_aserai,{=tbiyNgAh}Shipwright,Shipwright,,ShipWright,aserai,Infantry,,false,,,,,,,,,,,False,False
shipwright_battania,{=tbiyNgAh}Shipwright,Shipwright,,ShipWright,battania,Infantry,,false,,,,,,,,,,,False,False
shipwright_empire,{=tbiyNgAh}Shipwright,Shipwright,,ShipWright,empire,Infantry,,false,,,,,,,,,,,False,False
shipwright_khuzait,{=tbiyNgAh}Shipwright,Shipwright,,ShipWright,khuzait,Infantry,,false,,,,,,,,,,,False,False
shipwright_sturgia,{=tbiyNgAh}Shipwright,Shipwright,,ShipWright,sturgia,Infantry,,false,,,,,,,,,,,False,False
shipwright_vlandia,{=tbiyNgAh}Shipwright,Shipwright,,ShipWright,vlandia,Infantry,,false,,,,,,,,,,,False,False
shipwright_nord,{=tbiyNgAh}Shipwright,Shipwright,,ShipWright,nord,Infantry,,false,,,,,,,,,,,False,False
shipyard_worker_aserai,{=qjaolhmS}Shipyard Worker,Shipyard Worker,,ShipWright,aserai,Infantry,,false,,,,,,,,,,,False,False
shipyard_worker_battania,{=qjaolhmS}Shipyard Worker,Shipyard Worker,,ShipWright,battania,Infantry,,false,,,,,,,,,,,False,False
shipyard_worker_empire,{=qjaolhmS}Shipyard Worker,Shipyard Worker,,ShipWright,empire,Infantry,,false,,,,,,,,,,,False,False
shipyard_worker_khuzait,{=qjaolhmS}Shipyard Worker,Shipyard Worker,,ShipWright,khuzait,Infantry,,false,,,,,,,,,,,False,False
shipyard_worker_sturgia,{=qjaolhmS}Shipyard Worker,Shipyard Worker,,ShipWright,sturgia,Infantry,,false,,,,,,,,,,,False,False
shipyard_worker_vlandia,{=qjaolhmS}Shipyard Worker,Shipyard Worker,,ShipWright,vlandia,Infantry,,false,,,,,,,,,,,False,False
shipyard_worker_nord,{=qjaolhmS}Shipyard Worker,Shipyard Worker,,ShipWright,nord,Infantry,,false,,,,,,,,,,,False,False
vlandian_fortune_seekers,{=aP3GSsUn}Vlandian Merchant,Vlandian Merchant,11.0,Bandit,vlandia,Infantry,,,,160.0,40.0,60.0,90.0,,180.0,40.0,100.0,,False,False
sea_hounds_pups,{=0l0Uz1X7}Sea Nippers,Sea Nippers,11.0,Bandit,sea_raiders,Infantry,,,,40.0,20.0,20.0,20.0,,20.0,0.0,60.0,,False,False
naval_storyline_alley_fight_enemy,{=fszcRbiL}Sea Hound Recruit,Sea Hound Recruit,11.0,Bandit,sea_raiders,Infantry,,,,40.0,40.0,40.0,40.0,,80.0,0.0,80.0,,False,False
sea_hounds,{=tBsXD1DV}Sea Hound Ruffian,Sea Hound Ruffian,11.0,Bandit,sea_raiders,Infantry,,,,60.0,40.0,40.0,40.0,,40.0,0.0,80.0,,False,False
sea_hounds_marksman,{=HfjfbkIE}Sea Hound Marksman,Sea Hound Marksman,16.0,Bandit,sea_raiders,Ranged,,,,60.0,30.0,50.0,60.0,10.0,30.0,30.0,80.0,,False,False
gangradirs_kin_melee,{=aG90vdQd}Beinlandsk Fyrdman,Beinlandsk Fyrdman,16.0,Bandit,nord,Infantry,,,,180.0,40.0,80.0,40.0,,40.0,0.0,80.0,,False,False
gangradirs_kin_ranged,{=yzeYF7CB}Beinlandsk Archer,Beinlandsk Archer,16.0,Bandit,nord,Ranged,,,,160.0,40.0,40.0,160.0,,40.0,0.0,80.0,,False,False
vlandian_marine_t4,{=TDjXoPkn}Vlandian Seasoned Seafarer,Vlandian Seasoned Seafarer,21.0,Soldier,vlandia,Ranged,,,,100.0,45.0,45.0,15.0,100.0,60.0,60.0,100.0,vlandian_marine_t5,True,True
vlandian_marine_t5,{=bjUztSDg}Vlandian Nauta,Vlandian Nauta,26.0,Soldier,vlandia,Ranged,,,,130.0,60.0,80.0,20.0,130.0,60.0,80.0,130.0,,False,True
aserai_marine_t4,{=eba8yK7l}Aserai Veteran Sailor,Aserai Veteran Sailor,21.0,Soldier,aserai,Ranged,,,,100.0,40.0,70.0,100.0,15.0,60.0,40.0,100.0,aserai_marine_t5,True,True
aserai_marine_t5,{=ZkBvgzhD}Aserai Bahriyyah,Aserai Bahriyyah,26.0,Soldier,aserai,Ranged,,,,130.0,50.0,80.0,140.0,20.0,80.0,60.0,130.0,,False,True
battanian_marine_t4,{=6eRjuDu6}Battanian River Raider,Battanian River Raider,21.0,Soldier,battania,Infantry,,,,100.0,60.0,25.0,40.0,40.0,100.0,25.0,100.0,battanian_marine_t5,True,True
battanian_marine_t5,{=wZePzBYm}Battanian Skipari,Battanian Skipari,26.0,Soldier,battania,Infantry,,,,130.0,80.0,60.0,50.0,20.0,140.0,80.0,130.0,,False,True
empire_marine_t3,{=PvUgOdjT}Imperial Shipmate,Imperial Shipmate,16.0,Soldier,empire,Infantry,,,,70.0,40.0,30.0,30.0,40.0,70.0,10.0,70.0,empire_marine_t4,True,True
empire_marine_t4,{=TwjhbnlW}Imperial Coast Guard,Imperial Coast Guard,21.0,Soldier,empire,Infantry,,,,100.0,60.0,60.0,45.0,45.0,100.0,15.0,100.0,empire_marine_t5,True,True
empire_marine_t5,{=4o1howUZ}Imperial Naute,Imperial Naute,26.0,Soldier,empire,Infantry,,,,130.0,60.0,80.0,80.0,60.0,130.0,20.0,130.0,,False,True
sturgia_marine_t3,{=fKl3b9hT}Sturgian Crewman,Sturgian Crewman,16.0,Soldier,sturgia,Infantry,,,,30.0,70.0,40.0,30.0,10.0,70.0,40.0,70.0,sturgia_marine_t4,True,True
sturgia_marine_t4,{=Ow9dH1pP}Sturgian Veteran Shipman,Sturgian Veteran Shipman,21.0,Soldier,sturgia,Infantry,,,,60.0,100.0,45.0,45.0,25.0,100.0,50.0,100.0,sturgia_marine_t5,True,True
sturgia_marine_t5,{=WzQVBWxL}Sturgian Reaver,Sturgian Reaver,26.0,Soldier,sturgia,Infantry,,,,60.0,120.0,60.0,40.0,40.0,130.0,60.0,130.0,,False,True
naval_storyline_gangradir,{=5MH4xtlD}Gunnar,Gunnar,,Special,nord,Infantry,,true,,,,,,,,,,,False,False
naval_storyline_northerner,{=fTZFE1Pv}Purig,Purig,,Special,nord,Infantry,,true,,,,,,,,,,,False,False
naval_storyline_crusas,{=Oq4geynb}Salautas Crusas,Salautas Crusas,,Special,empire,Infantry,,true,,,,,,,,,,,False,False
naval_storyline_lahar,{=njhWpcwv}Lahar,Lahar,,Wanderer,aserai,Infantry,,true,,,,,,,,,,,False,False
naval_storyline_emira_al_fahda,{=f47a3p7B}Emira al Fahda,Emira al Fahda,,Wanderer,aserai,Infantry,,true,,,,,,,,,,,False,False
naval_storyline_bjolgur,{=ipjY3wg5}Bjolgur,Bjolgur,,Wanderer,nord,Infantry,,true,,,,,,,,,,,False,False
naval_storyline_prusas,{=Oq4geynb}Salautas Crusas,Salautas Crusas,,Special,empire,Infantry,,true,,,,,,,,,,,False,False
naval_storyline_sister,{=!}(Little sister name set by culture),(Little sister name set by culture),,Lord,battania,Infantry,,true,,,,,,,,,,,False,False
Vlandian_sea_captain,{=paBUvYQt}Vlandian Sea Captain,Vlandian Sea Captain,,Wanderer,nord,Infantry,,true,,,,,,,,,,,False,False
vlandian_sea_trader,{=HwqImUEH}Vlandian Sea-Trader,Vlandian Sea-Trader,16.0,CaravanGuard,vlandia,Ranged,true,,,60.0,40.0,40.0,30.0,70.0,30.0,10.0,80.0,,False,False
sea_hound_captivity,{=ycN83dG1}Sea Hound Thug,Sea Hound Thug,11.0,Bandit,sea_raiders,Infantry,,,,40.0,20.0,40.0,15.0,5.0,20.0,10.0,10.0,,False,False
captivity_troops,{=jwMs5e0O}Rescued Crewman,Rescued Crewman,6.0,Gangster,neutral_culture,Infantry,true,false,,,,,,,,,,,False,False
child_education_templates_stage_2_page_0_branch_0_nord,{=!}stage_2_page_0_branch_0_nord,stage_2_page_0_branch_0_nord,,Lord,nord,Infantry,,false,true,,,,,,,,,,False,False
child_education_templates_stage_2_page_0_branch_1_nord,{=!}stage_2_page_0_branch_1_nord,stage_2_page_0_branch_1_nord,,Lord,nord,Infantry,,false,true,,,,,,,,,,False,False
child_education_templates_stage_2_page_0_branch_2_nord,{=!}stage_2_page_0_branch_2_nord,stage_2_page_0_branch_2_nord,,Lord,nord,Infantry,,false,true,,,,,,,,,,False,False
child_education_templates_stage_2_page_0_branch_3_nord,{=!}stage_2_page_0_branch_3_nord,stage_2_page_0_branch_3_nord,,Lord,nord,Infantry,,false,true,,,,,,,,,,False,False
child_education_templates_stage_2_page_0_branch_4_nord,{=!}stage_2_page_0_branch_4_nord,stage_2_page_0_branch_4_nord,,Lord,nord,Infantry,,false,true,,,,,,,,,,False,False
child_education_templates_stage_2_page_0_branch_5_nord,{=!}stage_2_page_0_branch_5_nord,stage_2_page_0_branch_5_nord,,Lord,nord,Infantry,,false,true,,,,,,,,,,False,False
dead_lord_7_1,{=BA605r19}Volbjorn the Hungry,Volbjorn the Hungry,,Lord,nord,Infantry,,true,,,,,,,,,,,False,False
dead_lord_7_2,{=GLDbrLoH}Ilrika,Ilrika,,Lord,nord,Infantry,,true,,,,,,,,,,,False,False
lord_7_1,{=mXtXNspg}Halthdar,Halthdar,,Lord,nord,Infantry,,true,,,,,,,,,,,False,False
lord_7_2,{=sfrs2VST}Jarminja,Jarminja,,Lord,nord,Infantry,,true,,,,,,,,,,,False,False
lord_7_1_1,{=b9pW9P9W}Mjalrik,Mjalrik,,Lord,nord,Infantry,,true,,,,,,,,,,,False,False
lord_7_1_2,{=soGMWeHU}Sidunric,Sidunric,,Lord,nord,Infantry,,true,,,,,,,,,,,False,False
lord_7_1_3,{=vNbhkiTB}Thyrsif,Thyrsif,,Lord,nord,Infantry,,true,,,,,,,,,,,False,False
lord_7_13,{=2yt38osY}Orvi,Orvi,,Lord,nord,Infantry,,true,,,,,,,,,,,False,False
lord_7_13_1,{=abfuHxOs}Gunjadrid,Gunjadrid,,Lord,nord,Infantry,,true,,,,,,,,,,,False,False
lord_7_13_2,{=jrf0UWHv}Yfinja,Yfinja,,Lord,nord,Infantry,,true,,,,,,,,,,,False,False
lord_7_13_3,{=tKIM6Ad1}Morgunja,Morgunja,,Lord,nord,Infantry,,true,,,,,,,,,,,False,False
lord_7_13_4,{=mwFbN6H6}Valmua,Valmua,,Lord,nord,Infantry,,true,,,,,,,,,,,False,False
lord_7_3,{=5JO7SHD5}Grykka,Grykka,,Lord,nord,Infantry,,true,,,,,,,,,,,False,False
lord_7_3_1,{=z0YNlEJl}Gautgar,Gautgar,,Lord,nord,Infantry,,true,,,,,,,,,,,False,False
lord_7_3_2,{=w7GJ8i1D}Iridrun,Iridrun,,Lord,nord,Infantry,,true,,,,,,,,,,,False,False
lord_7_3_3,{=Klyk4sd5}Heimkir,Heimkir,,Lord,nord,Infantry,,true,,,,,,,,,,,False,False
lord_7_4,{=h8IIiZMW}Agrynja,Agrynja,,Lord,nord,Infantry,,true,,,,,,,,,,,False,False
lord_7_4_1,{=0hHaefoK}Dyfa,Dyfa,,Lord,nord,Infantry,,true,,,,,,,,,,,False,False
lord_7_5,{=RDDq3etN}Asgotha,Asgotha,,Lord,nord,Infantry,,true,,,,,,,,,,,False,False
lord_7_6,{=lvqxpSFS}Vulthir,Vulthir,,Lord,nord,Infantry,,true,,,,,,,,,,,False,False
lord_7_5_1,{=IvNVLWem}Kjarvon,Kjarvon,,Lord,nord,Infantry,,true,,,,,,,,,,,False,False
lord_7_5_2,{=XNNngM7Z}Aelfeyja,Aelfeyja,,Lord,nord,Infantry,,true,,,,,,,,,,,False,False
lord_7_5_3,{=8vMGPtuR}Njasnir,Njasnir,,Lord,nord,Infantry,,true,,,,,,,,,,,False,False
lord_7_14,{=J5KgNrto}Gornlautir,Gornlautir,,Lord,nord,Infantry,,true,,,,,,,,,,,False,False
lord_7_14_1,{=sday8nvl}Gulsyf,Gulsyf,,Lord,nord,Infantry,,true,,,,,,,,,,,False,False
lord_7_14_2,{=vNDpJ2kw}Alrika,Alrika,,Lord,nord,Infantry,,true,,,,,,,,,,,False,False
lord_7_14_3,{=Cz1gS50V}Stohrith,Stohrith,,Lord,nord,Infantry,,true,,,,,,,,,,,False,False
lord_7_16,{=1Alpz1mR}Kautas,Kautas,,Lord,nord,Infantry,,true,,,,,,,,,,,False,False
lord_7_16_1,{=eyqaT2Sn}Alsa,Alsa,,Lord,nord,Infantry,,true,,,,,,,,,,,False,False
lord_7_21,{=6Kc65gnH}Svorni,Svorni,,Lord,nord,Infantry,,true,,,,,,,,,,,False,False
lord_7_21_1,{=ua3O1sqi}Bjolablum,Bjolablum,,Lord,nord,Infantry,,true,,,,,,,,,,,False,False
lord_7_17,{=j5MT4gUM}Horgar,Horgar,,Lord,nord,Infantry,,true,,,,,,,,,,,False,False
lord_7_17_1,{=oAh569DX}Skathja,Skathja,,Lord,nord,Infantry,,true,,,,,,,,,,,False,False
lord_7_22,{=mFuRer2G}Bjorgir,Bjorgir,,Lord,nord,Infantry,,true,,,,,,,,,,,False,False
lord_7_22_1,{=bCgNK0RF}Hralsa,Hralsa,,Lord,nord,Infantry,,true,,,,,,,,,,,False,False
lord_7_24,{=SyAcaoYh}Yngvar,Yngvar,,Lord,nord,Infantry,,true,,,,,,,,,,,False,False
lord_7_24_1,{=2mlYNDoT}Vystrun,Vystrun,,Lord,nord,Infantry,,true,,,,,,,,,,,False,False
lord_7_18,{=0Adm7TeO}Gafnir,Gafnir,,Lord,nord,Infantry,,true,,,,,,,,,,,False,False
lord_7_18_1,{=bcbvVlaM}Vitharsura,Vitharsura,,Lord,nord,Infantry,,true,,,,,,,,,,,False,False
lord_7_23,{=wvcuOHCa}Karlek,Karlek,,Lord,nord,Infantry,,true,,,,,,,,,,,False,False
lord_7_23_1,{=IwDY5a1I}Ulvirinja,Ulvirinja,,Lord,nord,Infantry,,true,,,,,,,,,,,False,False
lord_7_23_2,{=KQ3Jl82E}Olvira,Olvira,,Lord,nord,Infantry,,true,,,,,,,,,,,False,False
lord_7_15,{=iSkRKcJl}Unjort,Unjort,,Lord,nord,Infantry,,true,,,,,,,,,,,False,False
lord_7_15_1,{=c1iJYS9E}Tovsja,Tovsja,,Lord,nord,Infantry,,true,,,,,,,,,,,False,False
lord_7_15_2,{=33bHPbav}Gudrinja,Gudrinja,,Lord,nord,Infantry,,true,,,,,,,,,,,False,False
lord_7_15_3,{=JSCaSzyL}Svalsa,Svalsa,,Lord,nord,Infantry,,true,,,,,,,,,,,False,False
lord_7_15_4,{=7bGRPCZi}Orthogar,Orthogar,,Lord,nord,Infantry,,true,,,,,,,,,,,False,False
lord_7_15_5,{=kojLBSum}Liljan,Liljan,,Lord,nord,Infantry,,true,,,,,,,,,,,False,False
lord_7_19,{=boFlTtyJ}Murin,Murin,,Lord,nord,Infantry,,true,,,,,,,,,,,False,False
lord_7_20,{=bu3FcTZv}Toverik,Toverik,,Lord,nord,Infantry,,true,,,,,,,,,,,False,False
lord_7_20_1,{=3XCiPBLk}Hvana,Hvana,,Lord,nord,Infantry,,true,,,,,,,,,,,False,False
lord_7_25,{=Pkm5gsX0}Dagvi,Dagvi,,Lord,nord,Infantry,,true,,,,,,,,,,,False,False
lord_7_25_1,{=kiFHfVpB}Drivana,Drivana,,Lord,nord,Infantry,,true,,,,,,,,,,,False,False
lord_7_26,{=h7O4j2gF}Otfar,Otfar,,Lord,nord,Infantry,,true,,,,,,,,,,,False,False
lord_7_27,{=ndmUHHxN}Anle,Anle,,Lord,nord,Infantry,,true,,,,,,,,,,,False,False
lord_7_28,{=K6slCnTc}Triven,Triven,,Lord,nord,Infantry,,true,,,,,,,,,,,False,False
lord_D1_2,{=aom_lord_D1_2_name}Thrangul,Thrangul,,Lord,dolguldur,Infantry,,true,,275.0,265.0,240.0,170.0,110.0,190.0,190.0,265.0,,False,False
lord_D1_3,{=aom_lord_D1_3_name}Morgulash,Morgulash,,Lord,dolguldur,Ranged,,true,,235.0,220.0,215.0,140.0,90.0,160.0,150.0,240.0,,False,False
lord_D1_4,{=aom_lord_D1_4_name}Drazgor,Drazgor,,Lord,dolguldur,Cavalry,,true,,235.0,220.0,215.0,140.0,90.0,160.0,150.0,240.0,,False,False
lord_D1_5,{=aom_lord_D1_5_name}Zarkash,Zarkash,,Lord,dolguldur,Infantry,,true,,235.0,220.0,215.0,140.0,90.0,160.0,150.0,240.0,,False,False
lord_D1_6,{=aom_lord_D1_6_name}Gorzag,Gorzag,,Lord,dolguldur,Ranged,,true,,235.0,220.0,215.0,140.0,90.0,160.0,150.0,240.0,,False,False
lord_D1_7,{=aom_lord_D1_7_name}Ulthrak,Ulthrak,,Lord,dolguldur,Cavalry,,true,,235.0,220.0,215.0,140.0,90.0,160.0,150.0,240.0,,False,False
lord_D1_8,{=aom_lord_D1_8_name}Vorthak,Vorthak,,Lord,dolguldur,Infantry,,true,,235.0,220.0,215.0,140.0,90.0,160.0,150.0,240.0,,False,False
lord_D1_9,{=aom_lord_D1_9_name}Thrulza,Thrulza,,Lord,dolguldur,Ranged,,true,,170.0,160.0,160.0,160.0,110.0,140.0,110.0,200.0,,False,False
lord_D1_10,{=aom_lord_D1_10_name}Narsha,Narsha,,Lord,dolguldur,Ranged,,true,,170.0,160.0,160.0,160.0,110.0,140.0,110.0,200.0,,False,False
lord_D2_1,{=aom_lord_D2_1_name}Narzugh,Narzugh,,Lord,dolguldur,Infantry,,true,,275.0,265.0,240.0,170.0,110.0,190.0,190.0,265.0,,False,False
lord_D2_2,{=aom_lord_D2_2_name}Durkar,Durkar,,Lord,dolguldur,Ranged,,true,,235.0,220.0,215.0,140.0,90.0,160.0,150.0,240.0,,False,False
lord_D2_3,{=aom_lord_D2_3_name}Thrargol,Thrargol,,Lord,dolguldur,Cavalry,,true,,235.0,220.0,215.0,140.0,90.0,160.0,150.0,240.0,,False,False
lord_D2_4,{=aom_lord_D2_4_name}Kazrag,Kazrag,,Lord,dolguldur,Infantry,,true,,235.0,220.0,215.0,140.0,90.0,160.0,150.0,240.0,,False,False
lord_D2_5,{=aom_lord_D2_5_name}Zorgrul,Zorgrul,,Lord,dolguldur,Ranged,,true,,235.0,220.0,215.0,140.0,90.0,160.0,150.0,240.0,,False,False
lord_D2_6,{=aom_lord_D2_6_name}Morzag,Morzag,,Lord,dolguldur,Cavalry,,true,,235.0,220.0,215.0,140.0,90.0,160.0,150.0,240.0,,False,False
lord_D2_7,{=aom_lord_D2_7_name}Druzhak,Druzhak,,Lord,dolguldur,Infantry,,true,,235.0,220.0,215.0,140.0,90.0,160.0,150.0,240.0,,False,False
lord_D2_8,{=aom_lord_D2_8_name}Thalruk,Thalruk,,Lord,dolguldur,Ranged,,true,,235.0,220.0,215.0,140.0,90.0,160.0,150.0,240.0,,False,False
lord_D2_9,{=aom_lord_D2_9_name}Grasha,Grasha,,Lord,dolguldur,Ranged,,true,,170.0,160.0,160.0,160.0,110.0,140.0,110.0,200.0,,False,False
lord_D2_10,{=aom_lord_D2_10_name}Durzha,Durzha,,Lord,dolguldur,Ranged,,true,,170.0,160.0,160.0,160.0,110.0,140.0,110.0,200.0,,False,False
lord_D3_1,{=aom_lord_D3_1_name}Lorgath,Lorgath,,Lord,dolguldur,Infantry,,true,,275.0,265.0,240.0,170.0,110.0,190.0,190.0,265.0,,False,False
lord_D3_2,{=aom_lord_D3_2_name}Nargrash,Nargrash,,Lord,dolguldur,Ranged,,true,,235.0,220.0,215.0,140.0,90.0,160.0,150.0,240.0,,False,False
lord_D3_3,{=aom_lord_D3_3_name}Urzok,Urzok,,Lord,dolguldur,Cavalry,,true,,235.0,220.0,215.0,140.0,90.0,160.0,150.0,240.0,,False,False
lord_D3_4,{=aom_lord_D3_4_name}Vorzul,Vorzul,,Lord,dolguldur,Infantry,,true,,235.0,220.0,215.0,140.0,90.0,160.0,150.0,240.0,,False,False
lord_D3_5,{=aom_lord_D3_5_name}Gralzuk,Gralzuk,,Lord,dolguldur,Ranged,,true,,235.0,220.0,215.0,140.0,90.0,160.0,150.0,240.0,,False,False
lord_D3_6,{=aom_lord_D3_6_name}Durmorg,Durmorg,,Lord,dolguldur,Cavalry,,true,,235.0,220.0,215.0,140.0,90.0,160.0,150.0,240.0,,False,False
lord_D3_7,{=aom_lord_D3_7_name}Thorzag,Thorzag,,Lord,dolguldur,Infantry,,true,,235.0,220.0,215.0,140.0,90.0,160.0,150.0,240.0,,False,False
lord_D3_8,{=aom_lord_D3_8_name}Krozar,Krozar,,Lord,dolguldur,Ranged,,true,,235.0,220.0,215.0,140.0,90.0,160.0,150.0,240.0,,False,False
lord_D3_9,{=aom_lord_D3_9_name}Zargra,Zargra,,Lord,dolguldur,Ranged,,true,,170.0,160.0,160.0,160.0,110.0,140.0,110.0,200.0,,False,False
lord_D3_10,{=aom_lord_D3_10_name}Thalka,Thalka,,Lord,dolguldur,Ranged,,true,,170.0,160.0,160.0,160.0,110.0,140.0,110.0,200.0,,False,False
lord_D4_1,{=aom_lord_D4_1_name}Urzara,Urzara,,Lord,dolguldur,Infantry,,true,,275.0,265.0,240.0,170.0,110.0,190.0,190.0,265.0,,False,False
lord_D4_2,{=aom_lord_D4_2_name}Druznia,Druznia,,Lord,dolguldur,Ranged,,true,,170.0,160.0,160.0,160.0,110.0,140.0,110.0,200.0,,False,False
lord_D4_3,{=aom_lord_D4_3_name}Vorgria,Vorgria,,Lord,dolguldur,Cavalry,,true,,235.0,220.0,215.0,140.0,90.0,160.0,150.0,240.0,,False,False
lord_D4_4,{=aom_lord_D4_4_name}Thrulzia,Thrulzia,,Lord,dolguldur,Ranged,,true,,170.0,160.0,160.0,160.0,110.0,140.0,110.0,200.0,,False,False
lord_D4_5,{=aom_lord_D4_5_name}Zulgora,Zulgora,,Lord,dolguldur,Ranged,,true,,170.0,160.0,160.0,160.0,110.0,140.0,110.0,200.0,,False,False
lord_D4_6,{=aom_lord_D4_6_name}Narzia,Narzia,,Lord,dolguldur,Ranged,,true,,170.0,160.0,160.0,160.0,110.0,140.0,110.0,200.0,,False,False
lord_D4_7,{=aom_lord_D4_7_name}Kazria,Kazria,,Lord,dolguldur,Ranged,,true,,170.0,160.0,160.0,160.0,110.0,140.0,110.0,200.0,,False,False
lord_D4_8,{=aom_lord_D4_8_name}Gralzia,Gralzia,,Lord,dolguldur,Ranged,,true,,170.0,160.0,160.0,160.0,110.0,140.0,110.0,200.0,,False,False
lord_D4_9,{=aom_lord_D4_9_name}Urzok,Urzok,,Lord,dolguldur,Infantry,,true,,235.0,220.0,215.0,140.0,90.0,160.0,150.0,240.0,,False,False
lord_D4_10,{=aom_lord_D4_10_name}Vorzul,Vorzul,,Lord,dolguldur,Cavalry,,true,,235.0,220.0,215.0,140.0,90.0,160.0,150.0,240.0,,False,False
lord_D5_1,{=aom_lord_D5_1_name}Throrgash,Throrgash,,Lord,dolguldur,Infantry,,true,,275.0,265.0,240.0,170.0,110.0,190.0,190.0,265.0,,False,False
lord_D5_2,{=aom_lord_D5_2_name}Gorvash,Gorvash,,Lord,dolguldur,Ranged,,true,,235.0,220.0,215.0,140.0,90.0,160.0,150.0,240.0,,False,False
lord_D5_3,{=aom_lord_D5_3_name}Narduk,Narduk,,Lord,dolguldur,Cavalry,,true,,235.0,220.0,215.0,140.0,90.0,160.0,150.0,240.0,,False,False
lord_D5_4,{=aom_lord_D5_4_name}Zulgor,Zulgor,,Lord,dolguldur,Infantry,,true,,235.0,220.0,215.0,140.0,90.0,160.0,150.0,240.0,,False,False
lord_D5_5,{=aom_lord_D5_5_name}Dulruk,Dulruk,,Lord,dolguldur,Ranged,,true,,235.0,220.0,215.0,140.0,90.0,160.0,150.0,240.0,,False,False
lord_D5_6,{=aom_lord_D5_6_name}Thrugash,Thrugash,,Lord,dolguldur,Cavalry,,true,,235.0,220.0,215.0,140.0,90.0,160.0,150.0,240.0,,False,False
lord_D5_7,{=aom_lord_D5_7_name}Kargul,Kargul,,Lord,dolguldur,Infantry,,true,,235.0,220.0,215.0,140.0,90.0,160.0,150.0,240.0,,False,False
lord_D5_8,{=aom_lord_D5_8_name}Ulzar,Ulzar,,Lord,dolguldur,Ranged,,true,,235.0,220.0,215.0,140.0,90.0,160.0,150.0,240.0,,False,False
lord_D5_9,{=aom_lord_D5_9_name}Morgra,Morgra,,Lord,dolguldur,Ranged,,true,,170.0,160.0,160.0,160.0,110.0,140.0,110.0,200.0,,False,False
lord_D5_10,{=aom_lord_D5_10_name}Ulzra,Ulzra,,Lord,dolguldur,Ranged,,true,,170.0,160.0,160.0,160.0,110.0,140.0,110.0,200.0,,False,False
lord_D6_1,{=aom_lord_D6_1_name}Thrurg,Thrurg,,Lord,dolguldur,Infantry,,true,,275.0,265.0,240.0,170.0,110.0,190.0,190.0,265.0,,False,False
lord_D6_2,{=aom_lord_D6_2_name}Zarlug,Zarlug,,Lord,dolguldur,Ranged,,true,,235.0,220.0,215.0,140.0,90.0,160.0,150.0,240.0,,False,False
lord_D6_3,{=aom_lord_D6_3_name}Muzrak,Muzrak,,Lord,dolguldur,Cavalry,,true,,235.0,220.0,215.0,140.0,90.0,160.0,150.0,240.0,,False,False
lord_D6_4,{=aom_lord_D6_4_name}Kaznia,Kaznia,,Lord,dolguldur,Ranged,,true,,170.0,160.0,160.0,160.0,110.0,140.0,110.0,200.0,,False,False
lord_D6_5,{=aom_lord_D6_5_name}Lurzia,Lurzia,,Lord,dolguldur,Ranged,,true,,170.0,160.0,160.0,160.0,110.0,140.0,110.0,200.0,,False,False
lord_D6_6,{=aom_lord_D6_6_name}Durla,Durla,,Lord,dolguldur,Ranged,,true,,170.0,160.0,160.0,160.0,110.0,140.0,110.0,200.0,,False,False
lord_D6_7,{=aom_lord_D6_7_name}Gralnia,Gralnia,,Lord,dolguldur,Ranged,,true,,170.0,160.0,160.0,160.0,110.0,140.0,110.0,200.0,,False,False
lord_D6_8,{=aom_lord_D6_8_name}Thalka,Thalka,,Lord,dolguldur,Ranged,,true,,170.0,160.0,160.0,160.0,110.0,140.0,110.0,200.0,,False,False
lord_D6_9,{=aom_lord_D6_9_name}Vorla,Vorla,,Lord,dolguldur,Ranged,,true,,170.0,160.0,160.0,160.0,110.0,140.0,110.0,200.0,,False,False
lord_D6_10,{=aom_lord_D6_10_name}Kazla,Kazla,,Lord,dolguldur,Ranged,,true,,170.0,160.0,160.0,160.0,110.0,140.0,110.0,200.0,,False,False
lord_D7_1,{=aom_lord_D7_1_name}Lugmor,Lugmor,,Lord,dolguldur,Infantry,,true,,275.0,265.0,240.0,170.0,110.0,190.0,190.0,265.0,,False,False
lord_D7_2,{=aom_lord_D7_2_name}Vrûkash,Vrûkash,,Lord,dolguldur,Infantry,,true,,235.0,220.0,215.0,140.0,90.0,160.0,150.0,240.0,,False,False
lord_D7_3,{=aom_lord_D7_3_name}Druzgûl,Druzgûl,,Lord,dolguldur,Infantry,,true,,235.0,220.0,215.0,140.0,90.0,160.0,150.0,240.0,,False,False
lord_D7_4,{=aom_lord_D7_4_name}Throgma,Throgma,,Lord,dolguldur,Infantry,,true,,235.0,220.0,215.0,140.0,90.0,160.0,150.0,240.0,,False,False
lord_D7_5,{=aom_lord_D7_5_name}Bûrzghash,Bûrzghash,,Lord,dolguldur,Infantry,,true,,235.0,220.0,215.0,140.0,90.0,160.0,150.0,240.0,,False,False
lord_D7_6,{=aom_lord_D7_6_name}Ghâshnak,Ghâshnak,,Lord,dolguldur,Infantry,,true,,235.0,220.0,215.0,140.0,90.0,160.0,150.0,240.0,,False,False
lord_D7_7,{=aom_lord_D7_7_name}Mwhazga,Mwhazga,,Lord,dolguldur,Ranged,,true,,170.0,160.0,160.0,160.0,110.0,140.0,110.0,200.0,,False,False
lord_D7_8,{=aom_lord_D7_8_name}Skûrla,Skûrla,,Lord,dolguldur,Ranged,,true,,170.0,160.0,160.0,160.0,110.0,140.0,110.0,200.0,,False,False
lord_D7_9,{=aom_lord_D7_9_name}Ghûrnia,Ghûrnia,,Lord,dolguldur,Ranged,,true,,170.0,160.0,160.0,160.0,110.0,140.0,110.0,200.0,,False,False
lord_D7_10,{=aom_lord_D7_10_name}Vrûzga,Vrûzga,,Lord,dolguldur,Ranged,,true,,170.0,160.0,160.0,160.0,110.0,140.0,110.0,200.0,,False,False
lord_D8_1,{=aom_lord_D8_1_name}Skûlgar,Skûlgar,,Lord,dolguldur,Infantry,,true,,275.0,265.0,240.0,170.0,110.0,190.0,190.0,265.0,,False,False
lord_D8_2,{=aom_lord_D8_2_name}Morbhûl,Morbhûl,,Lord,dolguldur,Infantry,,true,,235.0,220.0,215.0,140.0,90.0,160.0,150.0,240.0,,False,False
lord_D8_3,{=aom_lord_D8_3_name}Rhâzgar,Rhâzgar,,Lord,dolguldur,Infantry,,true,,235.0,220.0,215.0,140.0,90.0,160.0,150.0,240.0,,False,False
lord_D8_4,{=aom_lord_D8_4_name}Uzgûth,Uzgûth,,Lord,dolguldur,Infantry,,true,,235.0,220.0,215.0,140.0,90.0,160.0,150.0,240.0,,False,False
lord_D8_5,{=aom_lord_D8_5_name}Mauthak,Mauthak,,Lord,dolguldur,Infantry,,true,,235.0,220.0,215.0,140.0,90.0,160.0,150.0,240.0,,False,False
lord_D8_6,{=aom_lord_D8_6_name}Naghza,Naghza,,Lord,dolguldur,Ranged,,true,,170.0,160.0,160.0,160.0,110.0,140.0,110.0,200.0,,False,False
lord_D8_7,{=aom_lord_D8_7_name}Dûrnia,Dûrnia,,Lord,dolguldur,Ranged,,true,,170.0,160.0,160.0,160.0,110.0,140.0,110.0,200.0,,False,False
lord_D8_8,{=aom_lord_D8_8_name}Lûrgha,Lûrgha,,Lord,dolguldur,Ranged,,true,,170.0,160.0,160.0,160.0,110.0,140.0,110.0,200.0,,False,False
lord_D8_9,{=aom_lord_D8_9_name}Thûzga,Thûzga,,Lord,dolguldur,Ranged,,true,,170.0,160.0,160.0,160.0,110.0,140.0,110.0,200.0,,False,False
lord_D9_1,{=aom_lord_D9_1_name}Naltûr,Naltûr,,Lord,dolguldur,Infantry,,true,,275.0,265.0,240.0,170.0,110.0,190.0,190.0,265.0,,False,False
lord_D9_2,{=aom_lord_D9_2_name}Grishûl,Grishûl,,Lord,dolguldur,Infantry,,true,,235.0,220.0,215.0,140.0,90.0,160.0,150.0,240.0,,False,False
lord_D9_3,{=aom_lord_D9_3_name}Hlakûm,Hlakûm,,Lord,dolguldur,Infantry,,true,,235.0,220.0,215.0,140.0,90.0,160.0,150.0,240.0,,False,False
lord_D9_4,{=aom_lord_D9_4_name}Zûrghan,Zûrghan,,Lord,dolguldur,Infantry,,true,,235.0,220.0,215.0,140.0,90.0,160.0,150.0,240.0,,False,False
lord_D9_5,{=aom_lord_D9_5_name}Dûlmash,Dûlmash,,Lord,dolguldur,Infantry,,true,,235.0,220.0,215.0,140.0,90.0,160.0,150.0,240.0,,False,False
lord_D9_6,{=aom_lord_D9_6_name}Morgza,Morgza,,Lord,dolguldur,Ranged,,true,,170.0,160.0,160.0,160.0,110.0,140.0,110.0,200.0,,False,False
lord_D9_7,{=aom_lord_D9_7_name}Skâlna,Skâlna,,Lord,dolguldur,Ranged,,true,,170.0,160.0,160.0,160.0,110.0,140.0,110.0,200.0,,False,False
lord_D9_8,{=aom_lord_D9_8_name}Brûzha,Brûzha,,Lord,dolguldur,Ranged,,true,,170.0,160.0,160.0,160.0,110.0,140.0,110.0,200.0,,False,False
lord_D10_1,{=aom_lord_D10_1_name}Vrâkmug,Vrâkmug,,Lord,dolguldur,Infantry,,true,,275.0,265.0,240.0,170.0,110.0,190.0,190.0,265.0,,False,False
lord_D10_2,{=aom_lord_D10_2_name}Shâgthul,Shâgthul,,Lord,dolguldur,Infantry,,true,,235.0,220.0,215.0,140.0,90.0,160.0,150.0,240.0,,False,False
lord_D10_3,{=aom_lord_D10_3_name}Gûrnak,Gûrnak,,Lord,dolguldur,Infantry,,true,,235.0,220.0,215.0,140.0,90.0,160.0,150.0,240.0,,False,False
lord_D10_4,{=aom_lord_D10_4_name}Brôzag,Brôzag,,Lord,dolguldur,Infantry,,true,,235.0,220.0,215.0,140.0,90.0,160.0,150.0,240.0,,False,False
lord_D10_5,{=aom_lord_D10_5_name}Ghâzla,Ghâzla,,Lord,dolguldur,Ranged,,true,,170.0,160.0,160.0,160.0,110.0,140.0,110.0,200.0,,False,False
lord_D10_6,{=aom_lord_D10_6_name}Uzrina,Uzrina,,Lord,dolguldur,Ranged,,true,,170.0,160.0,160.0,160.0,110.0,140.0,110.0,200.0,,False,False
lord_D10_7,{=aom_lord_D10_7_name}Hlûrza,Hlûrza,,Lord,dolguldur,Ranged,,true,,170.0,160.0,160.0,160.0,110.0,140.0,110.0,200.0,,False,False
lord_D11_1,{=aom_lord_D11_1_name}Thûrzog,Thûrzog,,Lord,dolguldur,Infantry,,true,,275.0,265.0,240.0,170.0,110.0,190.0,190.0,265.0,,False,False
lord_D11_2,{=aom_lord_D11_2_name}Mokrash,Mokrash,,Lord,dolguldur,Infantry,,true,,235.0,220.0,215.0,140.0,90.0,160.0,150.0,240.0,,False,False
lord_D11_3,{=aom_lord_D11_3_name}Azgûrth,Azgûrth,,Lord,dolguldur,Infantry,,true,,235.0,220.0,215.0,140.0,90.0,160.0,150.0,240.0,,False,False
lord_D11_4,{=aom_lord_D11_4_name}Hûzmog,Hûzmog,,Lord,dolguldur,Infantry,,true,,235.0,220.0,215.0,140.0,90.0,160.0,150.0,240.0,,False,False
lord_D11_5,{=aom_lord_D11_5_name}Vûlna,Vûlna,,Lord,dolguldur,Ranged,,true,,170.0,160.0,160.0,160.0,110.0,140.0,110.0,200.0,,False,False
lord_D11_6,{=aom_lord_D11_6_name}Drâzga,Drâzga,,Lord,dolguldur,Ranged,,true,,170.0,160.0,160.0,160.0,110.0,140.0,110.0,200.0,,False,False
lord_D12_1,{=aom_lord_D12_1_name}Skarvûk,Skarvûk,,Lord,dolguldur,Infantry,,true,,275.0,265.0,240.0,170.0,110.0,190.0,190.0,265.0,,False,False
lord_D12_2,{=aom_lord_D12_2_name}Lûghnar,Lûghnar,,Lord,dolguldur,Infantry,,true,,235.0,220.0,215.0,140.0,90.0,160.0,150.0,240.0,,False,False
lord_D12_3,{=aom_lord_D12_3_name}Vorgûl,Vorgûl,,Lord,dolguldur,Infantry,,true,,235.0,220.0,215.0,140.0,90.0,160.0,150.0,240.0,,False,False
lord_D12_4,{=aom_lord_D12_4_name}Nûrgha,Nûrgha,,Lord,dolguldur,Ranged,,true,,170.0,160.0,160.0,160.0,110.0,140.0,110.0,200.0,,False,False
lord_D12_5,{=aom_lord_D12_5_name}Skûzla,Skûzla,,Lord,dolguldur,Ranged,,true,,170.0,160.0,160.0,160.0,110.0,140.0,110.0,200.0,,False,False
lord_D13_1,{=aom_lord_D13_1_name}Dramthak,Dramthak,,Lord,dolguldur,Infantry,,true,,275.0,265.0,240.0,170.0,110.0,190.0,190.0,265.0,,False,False
lord_D13_2,{=aom_lord_D13_2_name}Ghûlbag,Ghûlbag,,Lord,dolguldur,Infantry,,true,,235.0,220.0,215.0,140.0,90.0,160.0,150.0,240.0,,False,False
lord_D13_3,{=aom_lord_D13_3_name}Rûkmash,Rûkmash,,Lord,dolguldur,Infantry,,true,,235.0,220.0,215.0,140.0,90.0,160.0,150.0,240.0,,False,False
lord_D13_4,{=aom_lord_D13_4_name}Throzgûr,Throzgûr,,Lord,dolguldur,Infantry,,true,,235.0,220.0,215.0,140.0,90.0,160.0,150.0,240.0,,False,False
lord_D13_5,{=aom_lord_D13_5_name}Bûlzag,Bûlzag,,Lord,dolguldur,Infantry,,true,,235.0,220.0,215.0,140.0,90.0,160.0,150.0,240.0,,False,False
lord_D13_6,{=aom_lord_D13_6_name}Mhargza,Mhargza,,Lord,dolguldur,Ranged,,true,,170.0,160.0,160.0,160.0,110.0,140.0,110.0,200.0,,False,False
lord_D13_7,{=aom_lord_D13_7_name}Ghûlna,Ghûlna,,Lord,dolguldur,Ranged,,true,,170.0,160.0,160.0,160.0,110.0,140.0,110.0,200.0,,False,False
lord_D13_8,{=aom_lord_D13_8_name}Râzgha,Râzgha,,Lord,dolguldur,Ranged,,true,,170.0,160.0,160.0,160.0,110.0,140.0,110.0,200.0,,False,False
lord_D13_9,{=aom_lord_D13_9_name}Bûlzna,Bûlzna,,Lord,dolguldur,Ranged,,true,,170.0,160.0,160.0,160.0,110.0,140.0,110.0,200.0,,False,False
lord_D14_1,{=aom_lord_D14_1_name}Nûrghak,Nûrghak,,Lord,dolguldur,Infantry,,true,,275.0,265.0,240.0,170.0,110.0,190.0,190.0,265.0,,False,False
lord_D14_2,{=aom_lord_D14_2_name}Slagthûm,Slagthûm,,Lord,dolguldur,Infantry,,true,,235.0,220.0,215.0,140.0,90.0,160.0,150.0,240.0,,False,False
lord_D14_3,{=aom_lord_D14_3_name}Hrûkdan,Hrûkdan,,Lord,dolguldur,Infantry,,true,,235.0,220.0,215.0,140.0,90.0,160.0,150.0,240.0,,False,False
lord_D14_4,{=aom_lord_D14_4_name}Mazgûth,Mazgûth,,Lord,dolguldur,Infantry,,true,,235.0,220.0,215.0,140.0,90.0,160.0,150.0,240.0,,False,False
lord_D14_5,{=aom_lord_D14_5_name}Throzga,Throzga,,Lord,dolguldur,Ranged,,true,,170.0,160.0,160.0,160.0,110.0,140.0,110.0,200.0,,False,False
lord_D14_6,{=aom_lord_D14_6_name}Uzghla,Uzghla,,Lord,dolguldur,Ranged,,true,,170.0,160.0,160.0,160.0,110.0,140.0,110.0,200.0,,False,False
lord_D14_7,{=aom_lord_D14_7_name}Lûkzha,Lûkzha,,Lord,dolguldur,Ranged,,true,,170.0,160.0,160.0,160.0,110.0,140.0,110.0,200.0,,False,False
lord_D15_1,{=aom_lord_D15_1_name}Olghûr,Olghûr,,Lord,dolguldur,Infantry,,true,,275.0,265.0,240.0,170.0,110.0,190.0,190.0,265.0,,False,False
lord_D15_2,{=aom_lord_D15_2_name}Gûthrak,Gûthrak,,Lord,dolguldur,Infantry,,true,,235.0,220.0,215.0,140.0,90.0,160.0,150.0,240.0,,False,False
lord_D15_3,{=aom_lord_D15_3_name}Zhâgmor,Zhâgmor,,Lord,dolguldur,Infantry,,true,,235.0,220.0,215.0,140.0,90.0,160.0,150.0,240.0,,False,False
lord_D15_4,{=aom_lord_D15_4_name}Drûbnash,Drûbnash,,Lord,dolguldur,Infantry,,true,,235.0,220.0,215.0,140.0,90.0,160.0,150.0,240.0,,False,False
lord_D15_5,{=aom_lord_D15_5_name}Vrâgna,Vrâgna,,Lord,dolguldur,Ranged,,true,,170.0,160.0,160.0,160.0,110.0,140.0,110.0,200.0,,False,False
lord_D15_6,{=aom_lord_D15_6_name}Dhûrza,Dhûrza,,Lord,dolguldur,Ranged,,true,,170.0,160.0,160.0,160.0,110.0,140.0,110.0,200.0,,False,False
lord_WE9_l_1,{=aom_lord_WE9_l_1_name}Duilin,Duilin,,Lord,gondor,Infantry,,true,,230.0,180.0,220.0,100.0,70.0,120.0,250.0,240.0,,False,False
lord_E1_1,{=aom_lord_E1_1_name}Dáin II Ironfoot,Dáin II Ironfoot,,Lord,erebor,Infantry,,true,,275.0,280.0,240.0,130.0,180.0,140.0,150.0,250.0,,False,False
lord_E1_2,{=aom_lord_E1_2_name}Thorin Stonehelm,Thorin Stonehelm,,Lord,erebor,Infantry,,true,,250.0,265.0,225.0,120.0,170.0,140.0,130.0,240.0,,False,False
lord_E1_3,{=aom_lord_E1_3_name}Dísa,Dísa,,Lord,erebor,Infantry,,true,,140.0,130.0,110.0,80.0,110.0,90.0,100.0,170.0,,False,False
lord_E1_4,{=aom_lord_E1_4_name}Náin,Náin,,Lord,erebor,Infantry,,true,,240.0,255.0,215.0,110.0,160.0,130.0,130.0,225.0,,False,False
lord_E1_5,{=aom_lord_E1_5_name}Durin,Durin,,Lord,erebor,Infantry,,true,,240.0,255.0,215.0,110.0,160.0,130.0,130.0,225.0,,False,False
lord_E1_6,{=aom_lord_E1_6_name}Fin,Fin,,Lord,erebor,Infantry,,true,,140.0,130.0,110.0,80.0,110.0,90.0,100.0,170.0,,False,False
lord_E1_11,{=aom_lord_E1_11_name}Thris,Thris,,Lord,erebor,Infantry,,true,,26.0,23.0,11.0,5.0,8.0,16.0,5.0,27.0,,False,False
lord_E2_1,{=aom_lord_E2_1_name}Náth,Náth,,Lord,erebor,Infantry,,true,,170.0,190.0,150.0,80.0,130.0,100.0,110.0,200.0,,False,False
lord_E2_2,{=aom_lord_E2_2_name}Iridi,Iridi,,Lord,erebor,Infantry,,true,,140.0,130.0,110.0,80.0,110.0,90.0,100.0,170.0,,False,False
lord_E2_3,{=aom_lord_E2_3_name}Rúni,Rúni,,Lord,erebor,Infantry,,true,,170.0,190.0,150.0,80.0,130.0,100.0,110.0,200.0,,False,False
lord_E2_4,{=aom_lord_E2_4_name}Lómi,Lómi,,Lord,erebor,Infantry,,true,,235.0,265.0,200.0,100.0,140.0,130.0,120.0,240.0,,False,False
lord_E2_11,{=aom_lord_E2_11_name}Dworin,Dworin,,Lord,erebor,Infantry,,true,,55.0,65.0,40.0,5.0,7.0,48.0,5.0,65.0,,False,False
lord_E3_1,{=aom_lord_E3_1_name}Gárjan,Gárjan,,Lord,erebor,Infantry,,true,,170.0,190.0,150.0,80.0,130.0,100.0,110.0,200.0,,False,False
lord_E3_2,{=aom_lord_E3_2_name}Thálfi,Thálfi,,Lord,erebor,Infantry,,true,,140.0,130.0,110.0,80.0,110.0,90.0,100.0,170.0,,False,False
lord_E3_3,{=aom_lord_E3_3_name}Imák,Imák,,Lord,erebor,Infantry,,true,,170.0,190.0,150.0,80.0,130.0,100.0,110.0,200.0,,False,False
lord_E3_4,{=aom_lord_E3_4_name}Níli,Níli,,Lord,erebor,Infantry,,true,,140.0,130.0,110.0,80.0,110.0,90.0,100.0,170.0,,False,False
lord_E3_5,{=aom_lord_E3_5_name}Mary,Mary,,Lord,erebor,Infantry,,true,,140.0,130.0,110.0,80.0,110.0,90.0,100.0,170.0,,False,False
lord_E3_11,{=aom_lord_E3_11_name}Druin,Druin,,Lord,erebor,Infantry,,true,,35.0,43.0,23.0,5.0,5.0,31.0,5.0,41.0,,False,False
lord_E4_1,{=aom_lord_E4_1_name}Nár,Nár,,Lord,erebor,Infantry,,true,,170.0,190.0,150.0,80.0,130.0,100.0,110.0,200.0,,False,False
lord_E4_2,{=aom_lord_E4_2_name}Tíli,Tíli,,Lord,erebor,Infantry,,true,,140.0,130.0,110.0,80.0,110.0,90.0,100.0,170.0,,False,False
lord_E4_3,{=aom_lord_E4_3_name}Nali,Nali,,Lord,erebor,Infantry,,true,,235.0,265.0,200.0,100.0,140.0,130.0,120.0,240.0,,False,False
lord_E4_4,{=aom_lord_E4_4_name}Táli,Táli,,Lord,erebor,Infantry,,true,,140.0,130.0,110.0,80.0,110.0,90.0,100.0,170.0,,False,False
lord_E4_11,{=aom_lord_E4_11_name}Ôrn,Ôrn,,Lord,erebor,Infantry,,true,,6.0,11.0,5.0,5.0,5.0,7.0,5.0,5.0,,False,False
lord_E5_1,{=aom_lord_E5_1_name}Górli,Górli,,Lord,erebor,Infantry,,true,,235.0,265.0,200.0,100.0,140.0,130.0,120.0,240.0,,False,False
lord_E5_2,{=aom_lord_E5_2_name}Girda,Girda,,Lord,erebor,Infantry,,true,,140.0,130.0,110.0,80.0,110.0,90.0,100.0,170.0,,False,False
lord_E5_3,{=aom_lord_E5_3_name}Gaín,Gaín,,Lord,erebor,Infantry,,true,,170.0,190.0,150.0,80.0,130.0,100.0,110.0,200.0,,False,False
lord_E5_4,{=aom_lord_E5_4_name}Frar,Frar,,Lord,erebor,Infantry,,true,,170.0,190.0,150.0,80.0,130.0,100.0,110.0,200.0,,False,False
lord_E5_5,{=aom_lord_E5_5_name}Frerin,Frerin,,Lord,erebor,Infantry,,true,,170.0,190.0,150.0,80.0,130.0,100.0,110.0,200.0,,False,False
lord_E5_11,{=aom_lord_E5_11_name}Thélor,Thélor,,Lord,erebor,Infantry,,true,,65.0,76.0,49.0,7.0,8.0,56.0,9.0,76.0,,False,False
lord_E6_1,{=aom_lord_E6_1_name}Flói,Flói,,Lord,erebor,Infantry,,true,,170.0,190.0,150.0,80.0,130.0,100.0,110.0,200.0,,False,False
lord_E6_2,{=aom_lord_E6_2_name}Dráli,Dráli,,Lord,erebor,Infantry,,true,,140.0,130.0,110.0,80.0,110.0,90.0,100.0,170.0,,False,False
lord_E6_3,{=aom_lord_E6_3_name}Flási,Flási,,Lord,erebor,Infantry,,true,,140.0,130.0,110.0,80.0,110.0,90.0,100.0,170.0,,False,False
lord_E6_4,{=aom_lord_E6_4_name}Idrún,Idrún,,Lord,erebor,Infantry,,true,,235.0,265.0,200.0,100.0,140.0,130.0,120.0,240.0,,False,False
lord_E6_11,{=aom_lord_E6_11_name}Thrân,Thrân,,Lord,erebor,Infantry,,true,,21.0,27.0,9.0,5.0,5.0,19.0,5.0,23.0,,False,False
lord_E7_1,{=aom_lord_E7_1_name}Náran,Náran,,Lord,erebor,Infantry,,true,,170.0,190.0,150.0,80.0,130.0,100.0,110.0,200.0,,False,False
lord_E7_11,{=aom_lord_E7_11_name}Thália,Thália,,Lord,erebor,Infantry,,true,,140.0,130.0,110.0,80.0,110.0,90.0,100.0,170.0,,False,False
lord_1_9_1,{=aom_lord_1_9_1_name}Elphir,Elphir,,Lord,gondor,Cavalry,,true,,68.0,56.0,61.0,9.0,7.0,38.0,62.0,61.0,,False,False
lord_1_9_2,{=aom_lord_1_9_2_name}Erchirion,Erchirion,,Lord,gondor,Cavalry,,true,,52.0,44.0,44.0,5.0,5.0,32.0,43.0,49.0,,False,False
lord_1_9_3,{=aom_lord_1_9_3_name}Amrothos,Amrothos,,Lord,gondor,Cavalry,,true,,32.0,27.0,23.0,5.0,5.0,23.0,17.0,32.0,,False,False
lord_1_9_4,{=aom_lord_1_9_4_name}Lothiriel,Lothiriel,,Lord,gondor,Cavalry,,true,,8.0,9.0,5.0,5.0,5.0,14.0,5.0,12.0,,False,False
lord_1_9_5,{=aom_lord_1_9_5_name}Lothwen,Lothwen,,Lord,gondor,Cavalry,,true,,60.0,30.0,50.0,70.0,50.0,50.0,160.0,110.0,,False,False
lord_1_11_1,{=aom_lord_1_11_1_name}Calion,Calion,,Lord,gondor,Infantry,,true,,230.0,180.0,220.0,100.0,70.0,120.0,250.0,240.0,,False,False
lord_1_11_2,{=aom_lord_1_11_2_name}Silwen,Silwen,,Lord,gondor,Infantry,,true,,60.0,30.0,50.0,70.0,50.0,50.0,140.0,110.0,,False,False
lord_1_11_3,{=aom_lord_1_11_3_name}Ainarauta,Ainarauta,,Lord,gondor,Cavalry,,true,,40.0,20.0,30.0,70.0,40.0,40.0,120.0,100.0,,False,False
lord_1_11_4,{=aom_lord_1_11_4_name}Ivriniel,Ivriniel,,Lord,gondor,Cavalry,,true,,40.0,20.0,30.0,70.0,40.0,40.0,120.0,100.0,,False,False
lord_1_11_5,{=aom_lord_1_11_5_name}Narniel,Narniel,,Lord,gondor,Cavalry,,true,,40.0,20.0,30.0,70.0,40.0,40.0,120.0,100.0,,False,False
lord_1_45_4,{=aom_lord_1_45_4_name}Loreth,Loreth,,Lord,gondor,Cavalry,,true,,40.0,20.0,30.0,70.0,40.0,40.0,120.0,100.0,,False,False
lord_1_45_5,{=aom_lord_1_45_5_name}Belwen,Belwen,,Lord,gondor,Cavalry,,true,,40.0,20.0,30.0,70.0,40.0,40.0,120.0,100.0,,False,False
lord_1_45_6,{=aom_lord_1_45_6_name}Brithwen,Brithwen,,Lord,gondor,Cavalry,,true,,40.0,20.0,30.0,70.0,40.0,40.0,120.0,100.0,,False,False
lord_1_52_3,{=aom_lord_1_52_3_name}Ivriniel,Ivriniel,,Lord,gondor,Cavalry,,true,,40.0,20.0,30.0,70.0,40.0,40.0,120.0,100.0,,False,False
lord_1_52_4,{=aom_lord_1_52_4_name}Nauriel,Nauriel,,Lord,gondor,Cavalry,,true,,50.0,25.0,40.0,60.0,40.0,40.0,130.0,90.0,,False,False
lord_1_53_1,{=aom_lord_1_53_1_name}Calaniel,Calaniel,,Lord,gondor,Infantry,,true,,60.0,30.0,50.0,70.0,50.0,50.0,140.0,110.0,,False,False
lord_1_53_2,{=aom_lord_1_53_2_name}Ciriondir,Ciriondir,,Lord,gondor,Infantry,,true,,160.0,120.0,140.0,90.0,70.0,100.0,190.0,180.0,,False,False
lord_1_53_3,{=aom_lord_1_53_3_name}Ancalimú,Ancalimú,,Lord,gondor,Cavalry,,true,,21.0,15.0,7.0,5.0,5.0,19.0,5.0,27.0,,False,False
lord_1_71_1,{=aom_lord_1_71_1_name}Laswen,Laswen,,Lord,gondor,Cavalry,,true,,65.0,35.0,55.0,90.0,70.0,55.0,160.0,130.0,,False,False
lord_1_59_1,{=aom_lord_1_59_1_name}Rondiel,Rondiel,,Lord,gondor,Infantry,,true,,60.0,30.0,50.0,70.0,50.0,50.0,140.0,110.0,,False,False
lord_1_59_2,{=aom_lord_1_59_2_name}Silmador,Silmador,,Lord,gondor,Infantry,,true,,230.0,180.0,220.0,100.0,70.0,120.0,250.0,240.0,,False,False
lord_1_59_3,{=aom_lord_1_59_3_name}Galinwen,Galinwen,,Lord,gondor,Infantry,,true,,60.0,30.0,50.0,70.0,50.0,50.0,140.0,110.0,,False,False
lord_1_60_1,{=aom_lord_1_60_1_name}Nimriel,Nimriel,,Lord,gondor,Infantry,,true,,60.0,30.0,50.0,70.0,50.0,50.0,140.0,110.0,,False,False
lord_1_60_2,{=aom_lord_1_60_2_name}Orlathiel,Orlathiel,,Lord,gondor,Infantry,,true,,40.0,20.0,30.0,70.0,40.0,40.0,120.0,100.0,,False,False
lord_EW_1,{=aom_lord_EW_1_name}Amandir,Amandir,,Lord,gondor,Infantry,,true,,200.0,150.0,190.0,90.0,70.0,90.0,180.0,160.0,,False,False
lord_EW_2,{=aom_lord_EW_2_name}Virinar,Virinar,,Lord,gondor,Infantry,,true,,230.0,180.0,220.0,100.0,70.0,120.0,250.0,240.0,,False,False
lord_EW_3,{=aom_lord_EW_3_name}Virinehtar,Virinehtar,,Lord,gondor,Infantry,,true,,230.0,180.0,220.0,100.0,70.0,120.0,250.0,240.0,,False,False
lord_EW_4,{=aom_lord_EW_4_name}Valandur,Valandur,,Lord,gondor,Infantry,,true,,230.0,180.0,220.0,100.0,70.0,120.0,250.0,240.0,,False,False
lord_EW_5,{=aom_lord_EW_5_name}Valaryna,Valaryna,,Lord,gondor,Infantry,,true,,60.0,30.0,50.0,70.0,50.0,50.0,140.0,110.0,,False,False
lord_EW_6,{=aom_lord_EW_6_name}Orondir,Orondir,,Lord,gondor,Infantry,,true,,160.0,120.0,140.0,90.0,70.0,100.0,190.0,180.0,,False,False
lord_EW_7,{=aom_lord_EW_7_name}Dorien,Dorien,,Lord,gondor,Infantry,,true,,60.0,30.0,50.0,70.0,50.0,50.0,140.0,110.0,,False,False
lord_EW_8,{=aom_lord_EW_8_name}Beregar,Beregar,,Lord,gondor,Infantry,,true,,160.0,120.0,140.0,90.0,70.0,100.0,190.0,180.0,,False,False
lord_EW_9,{=aom_lord_EW_9_name}Thingol,Thingol,,Lord,gondor,Infantry,,true,,230.0,180.0,220.0,100.0,70.0,120.0,250.0,240.0,,False,False
lord_EW_10,{=aom_lord_EW_10_name}Uinilme,Uinilme,,Lord,gondor,Infantry,,true,,50.0,25.0,40.0,60.0,40.0,40.0,130.0,90.0,,False,False
lord_EW_11,{=aom_lord_EW_11_name}Eldacar,Eldacar,,Lord,gondor,Infantry,,true,,230.0,180.0,220.0,100.0,70.0,120.0,250.0,240.0,,False,False
lord_EW_12,{=aom_lord_EW_12_name}Melyanna,Melyanna,,Lord,gondor,Infantry,,true,,60.0,30.0,50.0,70.0,50.0,50.0,140.0,110.0,,False,False
lord_EW_13,{=aom_lord_EW_13_name}Istion,Istion,,Lord,gondor,Infantry,,true,,230.0,180.0,220.0,100.0,70.0,120.0,250.0,240.0,,False,False
lord_EW_14,{=aom_lord_EW_14_name}Vorondir,Vorondir,,Lord,gondor,Infantry,,true,,230.0,180.0,220.0,100.0,70.0,120.0,250.0,240.0,,False,False
lord_EW_14_1,{=aom_lord_EW_14_1_name}Silmariel,Silmariel,,Lord,gondor,Infantry,,true,,60.0,30.0,50.0,70.0,50.0,50.0,140.0,110.0,,False,False
lord_EW_14_2,{=aom_lord_EW_14_2_name}Nimethil,Nimethil,,Lord,gondor,Infantry,,true,,40.0,20.0,30.0,70.0,40.0,40.0,120.0,100.0,,False,False
lord_EW_14_3,{=aom_lord_EW_14_3_name}Rúmen,Rúmen,,Lord,gondor,Infantry,,true,,160.0,120.0,140.0,90.0,70.0,100.0,190.0,180.0,,False,False
lord_EW_1_1,{=aom_lord_EW_1_1_name}Ciriel,Ciriel,,Lord,gondor,Infantry,,true,,50.0,25.0,40.0,60.0,40.0,40.0,130.0,90.0,,False,False
lord_EW_1_2,{=aom_lord_EW_1_2_name}Pelamir,Pelamir,,Lord,gondor,Infantry,,true,,230.0,180.0,220.0,100.0,70.0,120.0,250.0,240.0,,False,False
lord_EW_1_3,{=aom_lord_EW_1_3_name}Dorwen,Dorwen,,Lord,gondor,Infantry,,true,,60.0,30.0,50.0,70.0,50.0,50.0,140.0,110.0,,False,False
lord_EW_1_4,{=aom_lord_EW_1_4_name}Sarnion,Sarnion,,Lord,gondor,Infantry,,true,,160.0,120.0,140.0,90.0,70.0,100.0,190.0,180.0,,False,False
lord_EW_6_1,{=aom_lord_EW_6_1_name}Falathwen,Falathwen,,Lord,gondor,Infantry,,true,,40.0,20.0,30.0,70.0,40.0,40.0,120.0,100.0,,False,False
lord_EW_6_2,{=aom_lord_EW_6_2_name}Orweniel,Orweniel,,Lord,gondor,Infantry,,true,,40.0,20.0,30.0,70.0,40.0,40.0,120.0,100.0,,False,False
lord_EW_6_3,{=aom_lord_EW_6_3_name}Talendir,Talendir,,Lord,gondor,Infantry,,true,,160.0,120.0,140.0,90.0,70.0,100.0,190.0,180.0,,False,False
lord_EW_15,{=aom_lord_EW_15_name}Morwen,Morwen,,Lord,gondor,Infantry,,true,,50.0,25.0,40.0,60.0,40.0,40.0,130.0,90.0,,False,False
lord_EW_16,{=aom_lord_EW_16_name}Saenes,Saenes,,Lord,gondor,Infantry,,true,,60.0,30.0,50.0,70.0,50.0,50.0,140.0,110.0,,False,False
lord_EW_17,{=aom_lord_EW_17_name}Estelien,Estelien,,Lord,gondor,Infantry,,true,,60.0,30.0,50.0,70.0,50.0,50.0,140.0,110.0,,False,False
lord_EW_18,{=aom_lord_EW_18_name}Filigod,Filigod,,Lord,gondor,Infantry,,true,,160.0,120.0,140.0,90.0,70.0,100.0,190.0,180.0,,False,False
lord_EW_19,{=aom_lord_EW_19_name}Falandur,Falandur,,Lord,gondor,Infantry,,true,,160.0,120.0,140.0,90.0,70.0,100.0,190.0,180.0,,False,False
lord_EW_20,{=aom_lord_EW_20_name}Balatar,Balatar,,Lord,gondor,Infantry,,true,,200.0,150.0,190.0,90.0,70.0,90.0,180.0,160.0,,False,False
lord_EW_21,{=aom_lord_EW_21_name}Belegorn,Belegorn,,Lord,gondor,Infantry,,true,,200.0,150.0,190.0,90.0,70.0,90.0,180.0,160.0,,False,False
lord_EW_22,{=aom_lord_EW_22_name}Nessanie,Nessanie,,Lord,gondor,Infantry,,true,,60.0,30.0,50.0,70.0,50.0,50.0,140.0,110.0,,False,False
lord_EW_23,{=aom_lord_EW_23_name}Anaratan,Anaratan,,Lord,gondor,Infantry,,true,,200.0,150.0,190.0,90.0,70.0,90.0,180.0,160.0,,False,False
lord_EW_24,{=aom_lord_EW_24_name}Belwen,Belwen,,Lord,gondor,Infantry,,true,,50.0,25.0,40.0,60.0,40.0,40.0,130.0,90.0,,False,False
lord_EW_25,{=aom_lord_EW_25_name}Argeleb,Argeleb,,Lord,gondor,Infantry,,true,,230.0,180.0,220.0,100.0,70.0,120.0,250.0,240.0,,False,False
lord_EW_26,{=aom_lord_EW_26_name}Berenor,Berenor,,Lord,gondor,Infantry,,true,,230.0,180.0,220.0,100.0,70.0,120.0,250.0,240.0,,False,False
lord_EW_27,{=aom_lord_EW_27_name}Arniel,Arniel,,Lord,gondor,Infantry,,true,,60.0,30.0,50.0,70.0,50.0,50.0,140.0,110.0,,False,False
lord_EW_28,{=aom_lord_EW_28_name}Emeldir,Emeldir,,Lord,gondor,Infantry,,true,,60.0,30.0,50.0,70.0,50.0,50.0,140.0,110.0,,False,False
lord_G1_1,{=aom_lord_G1_1_name}Azgar,Azgar,,Lord,gundabad,Infantry,,true,,275.0,265.0,240.0,170.0,110.0,190.0,190.0,265.0,,False,False
lord_G1_2,{=aom_lord_G1_2_name}Drozmak,Drozmak,,Lord,gundabad,Infantry,,true,,235.0,220.0,215.0,140.0,90.0,160.0,150.0,240.0,,False,False
lord_G1_3,{=aom_lord_G1_3_name}Kargoth,Kargoth,,Lord,gundabad,Infantry,,true,,235.0,220.0,215.0,140.0,90.0,160.0,150.0,240.0,,False,False
lord_G1_4,{=aom_lord_G1_4_name}Thrazak,Thrazak,,Lord,gundabad,Infantry,,true,,235.0,220.0,215.0,140.0,90.0,160.0,150.0,240.0,,False,False
lord_G1_5,{=aom_lord_G1_5_name}Ulgrim,Ulgrim,,Lord,gundabad,Infantry,,true,,235.0,220.0,215.0,140.0,90.0,160.0,150.0,240.0,,False,False
lord_G1_6,{=aom_lord_G1_6_name}Zorgath,Zorgath,,Lord,gundabad,Infantry,,true,,235.0,220.0,215.0,140.0,90.0,160.0,150.0,240.0,,False,False
lord_G1_7,{=aom_lord_G1_7_name}Gragor,Gragor,,Lord,gundabad,Infantry,,true,,235.0,220.0,215.0,140.0,90.0,160.0,150.0,240.0,,False,False
lord_G1_8,{=aom_lord_G1_8_name}Durmash,Durmash,,Lord,gundabad,Infantry,,true,,235.0,220.0,215.0,140.0,90.0,160.0,150.0,240.0,,False,False
lord_G1_9,{=aom_lord_G1_9_name}Gralza,Gralza,,Lord,gundabad,Infantry,,true,,170.0,160.0,160.0,160.0,110.0,140.0,110.0,200.0,,False,False
lord_G1_10,{=aom_lord_G1_10_name}Thurka,Thurka,,Lord,gundabad,Infantry,,true,,170.0,160.0,160.0,160.0,110.0,140.0,110.0,200.0,,False,False
lord_G2_1,{=aom_lord_G2_1_name}Vorgoth,Vorgoth,,Lord,gundabad,Infantry,,true,,275.0,265.0,240.0,170.0,110.0,190.0,190.0,265.0,,False,False
lord_G2_2,{=aom_lord_G2_2_name}Mugzun,Mugzun,,Lord,gundabad,Infantry,,true,,235.0,220.0,215.0,140.0,90.0,160.0,150.0,240.0,,False,False
lord_G2_3,{=aom_lord_G2_3_name}Lurzok,Lurzok,,Lord,gundabad,Infantry,,true,,235.0,220.0,215.0,140.0,90.0,160.0,150.0,240.0,,False,False
lord_G2_4,{=aom_lord_G2_4_name}Zorgha,Zorgha,,Lord,gundabad,Infantry,,true,,235.0,220.0,215.0,140.0,90.0,160.0,150.0,240.0,,False,False
lord_G2_5,{=aom_lord_G2_5_name}Thrumak,Thrumak,,Lord,gundabad,Infantry,,true,,235.0,220.0,215.0,140.0,90.0,160.0,150.0,240.0,,False,False
lord_G2_6,{=aom_lord_G2_6_name}Nargoth,Nargoth,,Lord,gundabad,Infantry,,true,,235.0,220.0,215.0,140.0,90.0,160.0,150.0,240.0,,False,False
lord_G2_7,{=aom_lord_G2_7_name}Borzak,Borzak,,Lord,gundabad,Infantry,,true,,235.0,220.0,215.0,140.0,90.0,160.0,150.0,240.0,,False,False
lord_G2_8,{=aom_lord_G2_8_name}Druznar,Druznar,,Lord,gundabad,Infantry,,true,,235.0,220.0,215.0,140.0,90.0,160.0,150.0,240.0,,False,False
lord_G2_9,{=aom_lord_G2_9_name}Zulgara,Zulgara,,Lord,gundabad,Infantry,,true,,170.0,160.0,160.0,160.0,110.0,140.0,110.0,200.0,,False,False
lord_G2_10,{=aom_lord_G2_10_name}Vorzha,Vorzha,,Lord,gundabad,Infantry,,true,,170.0,160.0,160.0,160.0,110.0,140.0,110.0,200.0,,False,False
lord_G3_1,{=aom_lord_G3_1_name}Kragloth,Kragloth,,Lord,gundabad,Infantry,,true,,275.0,265.0,240.0,170.0,110.0,190.0,190.0,265.0,,False,False
lord_G3_2,{=aom_lord_G3_2_name}Vurzag,Vurzag,,Lord,gundabad,Infantry,,true,,235.0,220.0,215.0,140.0,90.0,160.0,150.0,240.0,,False,False
lord_G3_3,{=aom_lord_G3_3_name}Narlog,Narlog,,Lord,gundabad,Infantry,,true,,235.0,220.0,215.0,140.0,90.0,160.0,150.0,240.0,,False,False
lord_G3_4,{=aom_lord_G3_4_name}Thalrug,Thalrug,,Lord,gundabad,Infantry,,true,,235.0,220.0,215.0,140.0,90.0,160.0,150.0,240.0,,False,False
lord_G3_5,{=aom_lord_G3_5_name}Urzul,Urzul,,Lord,gundabad,Infantry,,true,,235.0,220.0,215.0,140.0,90.0,160.0,150.0,240.0,,False,False
lord_G3_6,{=aom_lord_G3_6_name}Gralthak,Gralthak,,Lord,gundabad,Infantry,,true,,235.0,220.0,215.0,140.0,90.0,160.0,150.0,240.0,,False,False
lord_G3_7,{=aom_lord_G3_7_name}Vorgrim,Vorgrim,,Lord,gundabad,Infantry,,true,,235.0,220.0,215.0,140.0,90.0,160.0,150.0,240.0,,False,False
lord_G3_8,{=aom_lord_G3_8_name}Mazkor,Mazkor,,Lord,gundabad,Infantry,,true,,235.0,220.0,215.0,140.0,90.0,160.0,150.0,240.0,,False,False
lord_G3_9,{=aom_lord_G3_9_name}Durga,Durga,,Lord,gundabad,Infantry,,true,,170.0,160.0,160.0,160.0,110.0,140.0,110.0,200.0,,False,False
lord_G3_10,{=aom_lord_G3_10_name}Nargra,Nargra,,Lord,gundabad,Infantry,,true,,170.0,160.0,160.0,160.0,110.0,140.0,110.0,200.0,,False,False
lord_G4_1,{=aom_lord_G4_1_name}Bolgath,Bolgath,,Lord,gundabad,Infantry,,true,,285.0,275.0,250.0,180.0,120.0,200.0,200.0,275.0,,False,False
lord_G4_2,{=aom_lord_G4_2_name}Lurthak,Lurthak,,Lord,gundabad,Infantry,,true,,235.0,220.0,215.0,140.0,90.0,160.0,150.0,240.0,,False,False
lord_G4_3,{=aom_lord_G4_3_name}Thrugol,Thrugol,,Lord,gundabad,Infantry,,true,,235.0,220.0,215.0,140.0,90.0,160.0,150.0,240.0,,False,False
lord_G4_4,{=aom_lord_G4_4_name}Narzuk,Narzuk,,Lord,gundabad,Infantry,,true,,235.0,220.0,215.0,140.0,90.0,160.0,150.0,240.0,,False,False
lord_G4_5,{=aom_lord_G4_5_name}Kruznor,Kruznor,,Lord,gundabad,Infantry,,true,,235.0,220.0,215.0,140.0,90.0,160.0,150.0,240.0,,False,False
lord_G4_6,{=aom_lord_G4_6_name}Thrazgul,Thrazgul,,Lord,gundabad,Infantry,,true,,235.0,220.0,215.0,140.0,90.0,160.0,150.0,240.0,,False,False
lord_G4_7,{=aom_lord_G4_7_name}Durzak,Durzak,,Lord,gundabad,Infantry,,true,,235.0,220.0,215.0,140.0,90.0,160.0,150.0,240.0,,False,False
lord_G4_8,{=aom_lord_G4_8_name}Zulgoth,Zulgoth,,Lord,gundabad,Infantry,,true,,235.0,220.0,215.0,140.0,90.0,160.0,150.0,240.0,,False,False
lord_G4_9,{=aom_lord_G4_9_name}Thrulza,Thrulza,,Lord,gundabad,Infantry,,true,,170.0,160.0,160.0,160.0,110.0,140.0,110.0,200.0,,False,False
lord_G4_10,{=aom_lord_G4_10_name}Muzra,Muzra,,Lord,gundabad,Infantry,,true,,170.0,160.0,160.0,160.0,110.0,140.0,110.0,200.0,,False,False
lord_G5_1,{=aom_lord_G5_1_name}Vorzak,Vorzak,,Lord,gundabad,Infantry,,true,,275.0,265.0,240.0,170.0,110.0,190.0,190.0,265.0,,False,False
lord_G5_2,{=aom_lord_G5_2_name}Krogar,Krogar,,Lord,gundabad,Infantry,,true,,235.0,220.0,215.0,140.0,90.0,160.0,150.0,240.0,,False,False
lord_G5_3,{=aom_lord_G5_3_name}Thrunak,Thrunak,,Lord,gundabad,Infantry,,true,,235.0,220.0,215.0,140.0,90.0,160.0,150.0,240.0,,False,False
lord_G5_4,{=aom_lord_G5_4_name}Grazar,Grazar,,Lord,gundabad,Infantry,,true,,235.0,220.0,215.0,140.0,90.0,160.0,150.0,240.0,,False,False
lord_G5_5,{=aom_lord_G5_5_name}Narzog,Narzog,,Lord,gundabad,Infantry,,true,,235.0,220.0,215.0,140.0,90.0,160.0,150.0,240.0,,False,False
lord_G5_6,{=aom_lord_G5_6_name}Ulgrim,Ulgrim,,Lord,gundabad,Infantry,,true,,235.0,220.0,215.0,140.0,90.0,160.0,150.0,240.0,,False,False
lord_G5_7,{=aom_lord_G5_7_name}Vurlak,Vurlak,,Lord,gundabad,Infantry,,true,,235.0,220.0,215.0,140.0,90.0,160.0,150.0,240.0,,False,False
lord_G5_8,{=aom_lord_G5_8_name}Borzak,Borzak,,Lord,gundabad,Infantry,,true,,235.0,220.0,215.0,140.0,90.0,160.0,150.0,240.0,,False,False
lord_G5_9,{=aom_lord_G5_9_name}Kralza,Kralza,,Lord,gundabad,Infantry,,true,,170.0,160.0,160.0,160.0,110.0,140.0,110.0,200.0,,False,False
lord_G5_10,{=aom_lord_G5_10_name}Ulzara,Ulzara,,Lord,gundabad,Infantry,,true,,170.0,160.0,160.0,160.0,110.0,140.0,110.0,200.0,,False,False
lord_G6_1,{=aom_lord_G6_1_name}Grok,Grok,,Lord,gundabad,Infantry,,true,,275.0,265.0,240.0,170.0,110.0,190.0,190.0,265.0,,False,False
lord_G6_2,{=aom_lord_G6_2_name}Muzgash,Muzgash,,Lord,gundabad,Infantry,,true,,235.0,220.0,215.0,140.0,90.0,160.0,150.0,240.0,,False,False
lord_G6_3,{=aom_lord_G6_3_name}Gorbag,Gorbag,,Lord,gundabad,Infantry,,true,,235.0,220.0,215.0,140.0,90.0,160.0,150.0,240.0,,False,False
lord_G6_4,{=aom_lord_G6_4_name}Shagrat,Shagrat,,Lord,gundabad,Infantry,,true,,235.0,220.0,215.0,140.0,90.0,160.0,150.0,240.0,,False,False
lord_G6_5,{=aom_lord_G6_5_name}Ufthak,Ufthak,,Lord,gundabad,Infantry,,true,,235.0,220.0,215.0,140.0,90.0,160.0,150.0,240.0,,False,False
lord_G6_6,{=aom_lord_G6_6_name}Radbug,Radbug,,Lord,gundabad,Infantry,,true,,235.0,220.0,215.0,140.0,90.0,160.0,150.0,240.0,,False,False
lord_G6_7,{=aom_lord_G6_7_name}Gorza,Gorza,,Lord,gundabad,Infantry,,true,,170.0,160.0,160.0,160.0,110.0,140.0,110.0,200.0,,False,False
lord_G6_8,{=aom_lord_G6_8_name}Murza,Murza,,Lord,gundabad,Infantry,,true,,170.0,160.0,160.0,160.0,110.0,140.0,110.0,200.0,,False,False
lord_G6_9,{=aom_lord_G6_9_name}Shelka,Shelka,,Lord,gundabad,Infantry,,true,,170.0,160.0,160.0,160.0,110.0,140.0,110.0,200.0,,False,False
lord_G6_10,{=aom_lord_G6_10_name}Ghaaz,Ghaaz,,Lord,gundabad,Infantry,,true,,170.0,160.0,160.0,160.0,110.0,140.0,110.0,200.0,,False,False
lord_G7_1,{=aom_lord_G7_1_name}Mauhur,Mauhur,,Lord,gundabad,Infantry,,true,,275.0,265.0,240.0,170.0,110.0,190.0,190.0,265.0,,False,False
lord_G7_2,{=aom_lord_G7_2_name}Uglûk,Uglûk,,Lord,gundabad,Infantry,,true,,235.0,220.0,215.0,140.0,90.0,160.0,150.0,240.0,,False,False
lord_G7_3,{=aom_lord_G7_3_name}Yazneg,Yazneg,,Lord,gundabad,Infantry,,true,,235.0,220.0,215.0,140.0,90.0,160.0,150.0,240.0,,False,False
lord_G7_4,{=aom_lord_G7_4_name}Brogg,Brogg,,Lord,gundabad,Infantry,,true,,235.0,220.0,215.0,140.0,90.0,160.0,150.0,240.0,,False,False
lord_G7_5,{=aom_lord_G7_5_name}Durbuz,Durbuz,,Lord,gundabad,Infantry,,true,,235.0,220.0,215.0,140.0,90.0,160.0,150.0,240.0,,False,False
lord_G7_6,{=aom_lord_G7_6_name}Hrog,Hrog,,Lord,gundabad,Infantry,,true,,235.0,220.0,215.0,140.0,90.0,160.0,150.0,240.0,,False,False
lord_G7_7,{=aom_lord_G7_7_name}Brakka,Brakka,,Lord,gundabad,Infantry,,true,,170.0,160.0,160.0,160.0,110.0,140.0,110.0,200.0,,False,False
lord_G7_8,{=aom_lord_G7_8_name}Uzdra,Uzdra,,Lord,gundabad,Infantry,,true,,170.0,160.0,160.0,160.0,110.0,140.0,110.0,200.0,,False,False
lord_G7_9,{=aom_lord_G7_9_name}Lurgza,Lurgza,,Lord,gundabad,Infantry,,true,,170.0,160.0,160.0,160.0,110.0,140.0,110.0,200.0,,False,False
lord_G7_10,{=aom_lord_G7_10_name}Skarla,Skarla,,Lord,gundabad,Infantry,,true,,170.0,160.0,160.0,160.0,110.0,140.0,110.0,200.0,,False,False
lord_G8_1,{=aom_lord_G8_1_name}Mogdar,Mogdar,,Lord,gundabad,Infantry,,true,,275.0,265.0,240.0,170.0,110.0,190.0,190.0,265.0,,False,False
lord_G8_2,{=aom_lord_G8_2_name}Skraat,Skraat,,Lord,gundabad,Infantry,,true,,235.0,220.0,215.0,140.0,90.0,160.0,150.0,240.0,,False,False
lord_G8_3,{=aom_lord_G8_3_name}Vrasku,Vrasku,,Lord,gundabad,Infantry,,true,,235.0,220.0,215.0,140.0,90.0,160.0,150.0,240.0,,False,False
lord_G8_4,{=aom_lord_G8_4_name}Lagduf,Lagduf,,Lord,gundabad,Infantry,,true,,235.0,220.0,215.0,140.0,90.0,160.0,150.0,240.0,,False,False
lord_G8_5,{=aom_lord_G8_5_name}Muzgur,Muzgur,,Lord,gundabad,Infantry,,true,,235.0,220.0,215.0,140.0,90.0,160.0,150.0,240.0,,False,False
lord_G8_6,{=aom_lord_G8_6_name}Orbug,Orbug,,Lord,gundabad,Infantry,,true,,235.0,220.0,215.0,140.0,90.0,160.0,150.0,240.0,,False,False
lord_G8_7,{=aom_lord_G8_7_name}Vroka,Vroka,,Lord,gundabad,Infantry,,true,,170.0,160.0,160.0,160.0,110.0,140.0,110.0,200.0,,False,False
lord_G8_8,{=aom_lord_G8_8_name}Murga,Murga,,Lord,gundabad,Infantry,,true,,170.0,160.0,160.0,160.0,110.0,140.0,110.0,200.0,,False,False
lord_G8_9,{=aom_lord_G8_9_name}Throga,Throga,,Lord,gundabad,Infantry,,true,,170.0,160.0,160.0,160.0,110.0,140.0,110.0,200.0,,False,False
lord_G8_10,{=aom_lord_G8_10_name}Druzga,Druzga,,Lord,gundabad,Infantry,,true,,170.0,160.0,160.0,160.0,110.0,140.0,110.0,200.0,,False,False
lord_G9_1,{=aom_lord_G9_1_name}Zogdush,Zogdush,,Lord,gundabad,Infantry,,true,,275.0,265.0,240.0,170.0,110.0,190.0,190.0,265.0,,False,False
lord_G9_2,{=aom_lord_G9_2_name}Karash,Karash,,Lord,gundabad,Infantry,,true,,235.0,220.0,215.0,140.0,90.0,160.0,150.0,240.0,,False,False
lord_G9_3,{=aom_lord_G9_3_name}Dushgar,Dushgar,,Lord,gundabad,Infantry,,true,,235.0,220.0,215.0,140.0,90.0,160.0,150.0,240.0,,False,False
lord_G9_4,{=aom_lord_G9_4_name}Gribnak,Gribnak,,Lord,gundabad,Infantry,,true,,235.0,220.0,215.0,140.0,90.0,160.0,150.0,240.0,,False,False
lord_G9_5,{=aom_lord_G9_5_name}Rukhash,Rukhash,,Lord,gundabad,Infantry,,true,,235.0,220.0,215.0,140.0,90.0,160.0,150.0,240.0,,False,False
lord_G9_6,{=aom_lord_G9_6_name}Targ,Targ,,Lord,gundabad,Infantry,,true,,235.0,220.0,215.0,140.0,90.0,160.0,150.0,240.0,,False,False
lord_G9_7,{=aom_lord_G9_7_name}Nazga,Nazga,,Lord,gundabad,Infantry,,true,,170.0,160.0,160.0,160.0,110.0,140.0,110.0,200.0,,False,False
lord_G9_8,{=aom_lord_G9_8_name}Bolga,Bolga,,Lord,gundabad,Infantry,,true,,170.0,160.0,160.0,160.0,110.0,140.0,110.0,200.0,,False,False
lord_G9_9,{=aom_lord_G9_9_name}Grisha,Grisha,,Lord,gundabad,Infantry,,true,,170.0,160.0,160.0,160.0,110.0,140.0,110.0,200.0,,False,False
lord_G9_10,{=aom_lord_G9_10_name}Ushka,Ushka,,Lord,gundabad,Infantry,,true,,170.0,160.0,160.0,160.0,110.0,140.0,110.0,200.0,,False,False
lord_G10_1,{=aom_lord_G10_1_name}Buzgra,Buzgra,,Lord,gundabad,Infantry,,true,,275.0,265.0,240.0,170.0,110.0,190.0,190.0,265.0,,False,False
lord_G10_2,{=aom_lord_G10_2_name}Hrakgar,Hrakgar,,Lord,gundabad,Infantry,,true,,235.0,220.0,215.0,140.0,90.0,160.0,150.0,240.0,,False,False
lord_G10_3,{=aom_lord_G10_3_name}Molghor,Molghor,,Lord,gundabad,Infantry,,true,,235.0,220.0,215.0,140.0,90.0,160.0,150.0,240.0,,False,False
lord_G10_4,{=aom_lord_G10_4_name}Snagduf,Snagduf,,Lord,gundabad,Infantry,,true,,235.0,220.0,215.0,140.0,90.0,160.0,150.0,240.0,,False,False
lord_G10_5,{=aom_lord_G10_5_name}Wruk,Wruk,,Lord,gundabad,Infantry,,true,,235.0,220.0,215.0,140.0,90.0,160.0,150.0,240.0,,False,False
lord_G10_6,{=aom_lord_G10_6_name}Drubog,Drubog,,Lord,gundabad,Infantry,,true,,235.0,220.0,215.0,140.0,90.0,160.0,150.0,240.0,,False,False
lord_G10_7,{=aom_lord_G10_7_name}Zogra,Zogra,,Lord,gundabad,Infantry,,true,,170.0,160.0,160.0,160.0,110.0,140.0,110.0,200.0,,False,False
lord_G10_8,{=aom_lord_G10_8_name}Lakhza,Lakhza,,Lord,gundabad,Infantry,,true,,170.0,160.0,160.0,160.0,110.0,140.0,110.0,200.0,,False,False
lord_G10_9,{=aom_lord_G10_9_name}Urzga,Urzga,,Lord,gundabad,Infantry,,true,,170.0,160.0,160.0,160.0,110.0,140.0,110.0,200.0,,False,False
lord_G10_10,{=aom_lord_G10_10_name}Maghra,Maghra,,Lord,gundabad,Infantry,,true,,170.0,160.0,160.0,160.0,110.0,140.0,110.0,200.0,,False,False
lord_I1_1,"{=aom_lord_I1_1_name}Uglúk, Chieftain of Isengard","Uglúk, Chieftain of Isengard",,Lord,isengard,Infantry,,true,,275.0,265.0,240.0,170.0,110.0,200.0,180.0,275.0,,False,False
lord_I1_11,{=aom_lord_I1_11_name}Uglúk Child,Uglúk Child,,Lord,isengard,Infantry,,true,,40.0,59.0,46.0,5.0,16.0,34.0,6.0,64.0,,False,False
lord_I2_1,"{=aom_lord_I2_1_name}Mauhúr, Uruk-Hai Warlord","Mauhúr, Uruk-Hai Warlord",,Lord,isengard,Infantry,,true,,265.0,255.0,235.0,170.0,110.0,190.0,170.0,270.0,,False,False
lord_I2_11,{=aom_lord_I2_11_name}Mauhúr Child,Mauhúr Child,,Lord,isengard,Infantry,,true,,40.0,59.0,46.0,5.0,16.0,34.0,6.0,64.0,,False,False
lord_I3_1,{=aom_lord_I3_1_name}Lugdush,Lugdush,,Lord,isengard,Infantry,,true,,245.0,240.0,225.0,160.0,110.0,180.0,160.0,255.0,,False,False
lord_I3_11,{=aom_lord_I3_11_name}Lugdush Child,Lugdush Child,,Lord,isengard,Infantry,,true,,40.0,59.0,46.0,5.0,16.0,34.0,6.0,64.0,,False,False
lord_I4_1,"{=aom_lord_I4_1_name}Lurtz, Uruk-hai Commander","Lurtz, Uruk-hai Commander",,Lord,isengard,Infantry,,true,,270.0,265.0,240.0,180.0,110.0,200.0,170.0,280.0,,False,False
lord_I4_11,{=aom_lord_I4_11_name}Lurtz Child,Lurtz Child,,Lord,isengard,Infantry,,true,,40.0,59.0,46.0,5.0,16.0,34.0,6.0,64.0,,False,False
lord_I1_2,{=aom_lord_I1_2_name}Zorlag,Zorlag,,Lord,isengard,Infantry,,true,,235.0,220.0,215.0,140.0,90.0,160.0,150.0,240.0,,False,False
lord_I1_3,"{=aom_lord_I1_3_name}Gurzod, Uruk-hai Armorer","Gurzod, Uruk-hai Armorer",,Lord,isengard,Infantry,,true,,235.0,220.0,215.0,140.0,90.0,160.0,150.0,240.0,,False,False
lord_I1_31,{=aom_lord_I1_31_name}Vrothgar,Vrothgar,,Lord,isengard,Infantry,,true,,40.0,59.0,46.0,5.0,16.0,34.0,6.0,64.0,,False,False
lord_I2_2,"{=aom_lord_I2_2_name}Lugburz, Uruk-hai Scoutmaster","Lugburz, Uruk-hai Scoutmaster",,Lord,isengard,Infantry,,true,,235.0,220.0,215.0,140.0,90.0,160.0,150.0,240.0,,False,False
lord_I2_3,"{=aom_lord_I2_3_name}Sharku, Warg-Rider Commander","Sharku, Warg-Rider Commander",,Lord,isengard,Infantry,,true,,245.0,210.0,240.0,190.0,110.0,190.0,295.0,250.0,,False,False
lord_I2_31,{=aom_lord_I2_31_name}Gurzod,Gurzod,,Lord,isengard,Infantry,,true,,20.0,38.0,28.0,5.0,13.0,17.0,5.0,40.0,,False,False
lord_I3_2,"{=aom_lord_I3_2_name}Korgul, Uruk-hai Lieutenant","Korgul, Uruk-hai Lieutenant",,Lord,isengard,Infantry,,true,,235.0,220.0,215.0,140.0,90.0,160.0,150.0,240.0,,False,False
lord_I3_21,{=aom_lord_I3_21_name}Rukthar,Rukthar,,Lord,isengard,Infantry,,true,,25.0,43.0,33.0,5.0,14.0,21.0,5.0,46.0,,False,False
lord_I3_3,"{=aom_lord_I3_3_name}Tharzog, Uruk-hai Battlemaster","Tharzog, Uruk-hai Battlemaster",,Lord,isengard,Infantry,,true,,235.0,220.0,215.0,140.0,90.0,160.0,150.0,240.0,,False,False
lord_I3_31,{=aom_lord_I3_31_name}Bruzgash,Bruzgash,,Lord,isengard,Infantry,,true,,35.0,54.0,41.0,5.0,15.0,30.0,5.0,58.0,,False,False
lord_I4_2,"{=aom_lord_I4_2_name}Zargoth, Uruk-hai Siege-master","Zargoth, Uruk-hai Siege-master",,Lord,isengard,Infantry,,true,,235.0,220.0,215.0,140.0,90.0,160.0,150.0,240.0,,False,False
lord_I4_21,{=aom_lord_I4_21_name}Zorzod,Zorzod,,Lord,isengard,Infantry,,true,,20.0,38.0,28.0,5.0,13.0,17.0,5.0,40.0,,False,False
lord_I4_3,"{=aom_lord_I4_3_name}Thrakgul, Uruk-hai Overseer","Thrakgul, Uruk-hai Overseer",,Lord,isengard,Infantry,,true,,235.0,220.0,215.0,140.0,90.0,160.0,150.0,240.0,,False,False
lord_I4_31,{=aom_lord_I4_31_name}Drûgash,Drûgash,,Lord,isengard,Infantry,,true,,16.0,32.0,24.0,5.0,12.0,13.0,5.0,34.0,,False,False
lord_I4_4,"{=aom_lord_I4_4_name}Gorlag, Uruk-hai Forgemaster","Gorlag, Uruk-hai Forgemaster",,Lord,isengard,Infantry,,true,,235.0,220.0,215.0,140.0,90.0,160.0,150.0,240.0,,False,False
lord_I4_41,{=aom_lord_I4_41_name}Durghash,Durghash,,Lord,isengard,Infantry,,true,,11.0,27.0,19.0,5.0,11.0,9.0,5.0,28.0,,False,False
lord_I1_4,"{=aom_lord_I1_4_name}Grisnak, Uruk-hai Raider","Grisnak, Uruk-hai Raider",,Lord,isengard,Infantry,,true,,235.0,220.0,215.0,140.0,90.0,160.0,150.0,240.0,,False,False
lord_I1_5,"{=aom_lord_I1_5_name}Muzgash, Uruk-hai Berserker Captain","Muzgash, Uruk-hai Berserker Captain",,Lord,isengard,Infantry,,true,,235.0,220.0,215.0,140.0,90.0,160.0,150.0,240.0,,False,False
lord_I1_6,"{=aom_lord_I1_6_name}Morgash, Uruk-hai Scout Commander","Morgash, Uruk-hai Scout Commander",,Lord,isengard,Infantry,,true,,235.0,220.0,215.0,140.0,90.0,160.0,150.0,240.0,,False,False
lord_I1_7,"{=aom_lord_I1_7_name}Krûklash, Uruk-hai Enforcer","Krûklash, Uruk-hai Enforcer",,Lord,isengard,Infantry,,true,,235.0,220.0,215.0,140.0,90.0,160.0,150.0,240.0,,False,False
lord_I1_8,"{=aom_lord_I1_8_name}Dûshrat, Uruk-hai Champion","Dûshrat, Uruk-hai Champion",,Lord,isengard,Infantry,,true,,235.0,220.0,215.0,140.0,90.0,160.0,150.0,240.0,,False,False
lord_I2_4,"{=aom_lord_I2_4_name}Shank, Uruk-hai Tracker","Shank, Uruk-hai Tracker",,Lord,isengard,Infantry,,true,,235.0,220.0,215.0,140.0,90.0,160.0,150.0,240.0,,False,False
lord_I2_5,"{=aom_lord_I2_5_name}Urbash, Uruk-hai Slayer","Urbash, Uruk-hai Slayer",,Lord,isengard,Infantry,,true,,235.0,220.0,215.0,140.0,90.0,160.0,150.0,240.0,,False,False
lord_I2_6,"{=aom_lord_I2_6_name}Ufthak, Uruk-hai Marauder","Ufthak, Uruk-hai Marauder",,Lord,isengard,Infantry,,true,,235.0,220.0,215.0,140.0,90.0,160.0,150.0,240.0,,False,False
lord_I2_7,"{=aom_lord_I2_7_name}Gragnor, Uruk-hai Hunter","Gragnor, Uruk-hai Hunter",,Lord,isengard,Infantry,,true,,235.0,220.0,215.0,140.0,90.0,160.0,150.0,240.0,,False,False
lord_I2_8,"{=aom_lord_I2_8_name}Narzug, Uruk-hai Pack Leader","Narzug, Uruk-hai Pack Leader",,Lord,isengard,Infantry,,true,,235.0,220.0,215.0,140.0,90.0,160.0,150.0,240.0,,False,False
lord_I1_9,{=aom_lord_I1_9_name}Gashnak,Gashnak,,Lord,isengard,Infantry,,true,,170.0,160.0,160.0,160.0,110.0,140.0,110.0,200.0,,False,False
lord_I2_9,{=aom_lord_I2_9_name}Muzgura,Muzgura,,Lord,isengard,Infantry,,true,,170.0,160.0,160.0,160.0,110.0,140.0,110.0,200.0,,False,False
lord_I3_4,{=aom_lord_I3_4_name}Sharlug,Sharlug,,Lord,isengard,Infantry,,true,,170.0,160.0,160.0,160.0,110.0,140.0,110.0,200.0,,False,False
lord_I4_5,{=aom_lord_I4_5_name}Thraka,Thraka,,Lord,isengard,Infantry,,true,,170.0,160.0,160.0,160.0,110.0,140.0,110.0,200.0,,False,False
lord_I1_10,{=aom_lord_I1_10_name}Krazdra,Krazdra,,Lord,isengard,Infantry,,true,,170.0,160.0,160.0,160.0,110.0,140.0,110.0,200.0,,False,False
lord_I1_13,{=aom_lord_I1_13_name}Ughasha,Ughasha,,Lord,isengard,Infantry,,true,,170.0,160.0,160.0,160.0,110.0,140.0,110.0,200.0,,False,False
lord_I2_10,{=aom_lord_I2_10_name}Radzga,Radzga,,Lord,isengard,Infantry,,true,,170.0,160.0,160.0,160.0,110.0,140.0,110.0,200.0,,False,False
lord_I1_14,{=aom_lord_I1_14_name}Bolga,Bolga,,Lord,isengard,Infantry,,true,,170.0,160.0,160.0,160.0,110.0,140.0,110.0,200.0,,False,False
lord_I2_12,{=aom_lord_I2_12_name}Lugara,Lugara,,Lord,isengard,Infantry,,true,,170.0,160.0,160.0,160.0,110.0,140.0,110.0,200.0,,False,False
lord_I1_15,{=aom_lord_I1_15_name}Snarla,Snarla,,Lord,isengard,Infantry,,true,,170.0,160.0,160.0,160.0,110.0,140.0,110.0,200.0,,False,False
lord_I3_5,{=aom_lord_I3_5_name}Grisha,Grisha,,Lord,isengard,Infantry,,true,,170.0,160.0,160.0,160.0,110.0,140.0,110.0,200.0,,False,False
lord_L1_1,"{=aom_lord_L1_1_name}Galadriel, Lady of Lothlórien","Galadriel, Lady of Lothlórien",,Lord,lothlorien,Infantry,,true,,285.0,260.0,260.0,260.0,260.0,260.0,260.0,290.0,,False,False
lord_L1_2,"{=aom_lord_L1_2_name}Celeborn, Lord of Lothlórien","Celeborn, Lord of Lothlórien",,Lord,lothlorien,Infantry,,true,,320.0,300.0,310.0,245.0,250.0,250.0,250.0,315.0,,False,False
lord_L1_3,{=aom_lord_L1_3_name}Child Placeholder,Child Placeholder,,Lord,lothlorien,Infantry,,true,,55.0,44.0,36.0,42.0,5.0,34.0,16.0,69.0,,False,False
lord_L2_1,{=aom_lord_L2_1_name}Caurmínas,Caurmínas,,Lord,lothlorien,Infantry,,true,,275.0,240.0,275.0,265.0,170.0,190.0,240.0,285.0,,False,False
lord_L2_2,{=aom_lord_L2_2_name}Thandirion,Thandirion,,Lord,lothlorien,Infantry,,true,,270.0,230.0,265.0,275.0,180.0,190.0,255.0,280.0,,False,False
lord_L2_3,{=aom_lord_L2_3_name}Baranthir,Baranthir,,Lord,lothlorien,Infantry,,true,,275.0,240.0,275.0,265.0,170.0,190.0,240.0,285.0,,False,False
lord_L2_4,{=aom_lord_L2_4_name}Aeglossen,Aeglossen,,Lord,lothlorien,Ranged,,true,,235.0,180.0,240.0,295.0,190.0,210.0,220.0,290.0,,False,False
lord_L2_5,{=aom_lord_L2_5_name}Nimlothiel,Nimlothiel,,Lord,lothlorien,Infantry,,true,,180.0,130.0,170.0,220.0,150.0,150.0,210.0,230.0,,False,False
lord_L3_1,{=aom_lord_L3_1_name}Malthorn,Malthorn,,Lord,lothlorien,Infantry,,true,,270.0,230.0,265.0,275.0,180.0,190.0,255.0,280.0,,False,False
lord_L3_2,{=aom_lord_L3_2_name}Galuvir,Galuvir,,Lord,lothlorien,Infantry,,true,,275.0,240.0,275.0,265.0,170.0,190.0,240.0,285.0,,False,False
lord_L3_3,{=aom_lord_L3_3_name}Silivren,Silivren,,Lord,lothlorien,Infantry,,true,,180.0,130.0,170.0,220.0,150.0,150.0,210.0,230.0,,False,False
lord_M1_1,{=aom_lord_M1_1_name}Thranduil,Thranduil,,Lord,mirkwood,Cavalry,,true,,300.0,255.0,300.0,300.0,260.0,260.0,285.0,300.0,,False,False
lord_M1_2,{=aom_lord_M1_2_name}Lothuial,Lothuial,,Lord,mirkwood,Ranged,,true,,240.0,200.0,240.0,270.0,190.0,200.0,260.0,270.0,,False,False
lord_M1_3,{=aom_lord_M1_3_name}Feren,Feren,,Lord,mirkwood,Infantry,,true,,275.0,240.0,275.0,265.0,170.0,190.0,240.0,285.0,,False,False
lord_M1_4,{=aom_lord_M1_4_name}Galion,Galion,,Lord,mirkwood,Cavalry,,true,,270.0,230.0,265.0,275.0,180.0,190.0,255.0,280.0,,False,False
lord_M1_5,{=aom_lord_M1_5_name}Nimrodel,Nimrodel,,Lord,mirkwood,Ranged,,true,,180.0,130.0,170.0,220.0,150.0,150.0,210.0,230.0,,False,False
lord_M1_11,{=aom_lord_M1_11_name}Legolas,Legolas,,Lord,mirkwood,Ranged,,true,,285.0,242.0,238.0,330.0,238.0,260.0,265.0,305.0,,False,False
lord_M1_12,{=aom_lord_M1_12_name}PlaceHolder Child To Not Break Game,PlaceHolder Child To Not Break Game,,Lord,mirkwood,Ranged,,true,,16.0,13.0,11.0,27.0,11.0,16.0,13.0,22.0,,False,False
lord_M2_1,{=aom_lord_M2_1_name}Oropherion,Oropherion,,Lord,mirkwood,Cavalry,,true,,275.0,240.0,275.0,265.0,170.0,190.0,240.0,285.0,,False,False
lord_M2_2,{=aom_lord_M2_2_name}Ailinel,Ailinel,,Lord,mirkwood,Ranged,,true,,180.0,130.0,170.0,220.0,150.0,150.0,210.0,230.0,,False,False
lord_M2_3,{=aom_lord_M2_3_name}Beleg,Beleg,,Lord,mirkwood,Infantry,,true,,275.0,240.0,275.0,265.0,170.0,190.0,240.0,285.0,,False,False
lord_M2_4,{=aom_lord_M2_4_name}Anairë,Anairë,,Lord,mirkwood,Ranged,,true,,180.0,130.0,170.0,220.0,150.0,150.0,210.0,230.0,,False,False
lord_M2_5,{=aom_lord_M2_5_name}Daeron,Daeron,,Lord,mirkwood,Cavalry,,true,,275.0,240.0,275.0,265.0,170.0,190.0,240.0,285.0,,False,False
lord_M3_1,{=aom_lord_M3_1_name}Taurion,Taurion,,Lord,mirkwood,Infantry,,true,,275.0,240.0,275.0,265.0,170.0,190.0,240.0,285.0,,False,False
lord_M3_2,{=aom_lord_M3_2_name}Finduilas,Finduilas,,Lord,mirkwood,Ranged,,true,,180.0,130.0,170.0,220.0,150.0,150.0,210.0,230.0,,False,False
lord_M3_3,{=aom_lord_M3_3_name}Haldir,Haldir,,Lord,mirkwood,Infantry,,true,,275.0,240.0,275.0,265.0,170.0,190.0,240.0,285.0,,False,False
lord_M3_4,{=aom_lord_M3_4_name}Aredhel,Aredhel,,Lord,mirkwood,Ranged,,true,,180.0,130.0,170.0,220.0,150.0,150.0,210.0,230.0,,False,False
lord_M4_1,{=aom_lord_M4_1_name}Galenor,Galenor,,Lord,mirkwood,Cavalry,,true,,275.0,240.0,275.0,265.0,170.0,190.0,240.0,285.0,,False,False
lord_M4_2,{=aom_lord_M4_2_name}Amarië,Amarië,,Lord,mirkwood,Ranged,,true,,180.0,130.0,170.0,220.0,150.0,150.0,210.0,230.0,,False,False
lord_M4_3,{=aom_lord_M4_3_name}Rumil,Rumil,,Lord,mirkwood,Infantry,,true,,275.0,240.0,275.0,265.0,170.0,190.0,240.0,285.0,,False,False
lord_M4_4,{=aom_lord_M4_4_name}Nellas,Nellas,,Lord,mirkwood,Ranged,,true,,180.0,130.0,170.0,220.0,150.0,150.0,210.0,230.0,,False,False
lord_M4_5,{=aom_lord_M4_5_name}Orophin,Orophin,,Lord,mirkwood,Cavalry,,true,,275.0,240.0,275.0,265.0,170.0,190.0,240.0,285.0,,False,False
lord_M5_1,{=aom_lord_M5_1_name}Alenon,Alenon,,Lord,mirkwood,Infantry,,true,,275.0,240.0,275.0,265.0,170.0,190.0,240.0,285.0,,False,False
lord_M5_2,{=aom_lord_M5_2_name}Calathiel,Calathiel,,Lord,mirkwood,Ranged,,true,,180.0,130.0,170.0,220.0,150.0,150.0,210.0,230.0,,False,False
lord_M5_3,{=aom_lord_M5_3_name}Thalion,Thalion,,Lord,mirkwood,Infantry,,true,,275.0,240.0,275.0,265.0,170.0,190.0,240.0,285.0,,False,False
lord_M5_4,{=aom_lord_M5_4_name}Arien,Arien,,Lord,mirkwood,Ranged,,true,,180.0,130.0,170.0,220.0,150.0,150.0,210.0,230.0,,False,False
lord_M6_1,{=aom_lord_M6_1_name}Iminyar,Iminyar,,Lord,mirkwood,Cavalry,,true,,275.0,240.0,275.0,265.0,170.0,190.0,240.0,285.0,,False,False
lord_M6_2,{=aom_lord_M6_2_name}Elbereth,Elbereth,,Lord,mirkwood,Ranged,,true,,180.0,130.0,170.0,220.0,150.0,150.0,210.0,230.0,,False,False
lord_M6_3,{=aom_lord_M6_3_name}Dagnir,Dagnir,,Lord,mirkwood,Infantry,,true,,275.0,240.0,275.0,265.0,170.0,190.0,240.0,285.0,,False,False
lord_M6_4,{=aom_lord_M6_4_name}Arindor,Arindor,,Lord,mirkwood,Cavalry,,true,,275.0,240.0,275.0,265.0,170.0,190.0,240.0,285.0,,False,False
lord_M6_5,{=aom_lord_M6_5_name}Nimrien,Nimrien,,Lord,mirkwood,Ranged,,true,,180.0,130.0,170.0,220.0,150.0,150.0,210.0,230.0,,False,False
lord_M10_1,{=aom_lord_M10_1_name}Mauhoshat,Mauhoshat,,Lord,mordor,Infantry,,true,,235.0,220.0,215.0,140.0,90.0,160.0,150.0,240.0,,False,False
lord_M10_11,{=aom_lord_M10_11_name}Gulzag,Gulzag,,Lord,mordor,Infantry,,true,,50.0,54.0,36.0,7.0,6.0,49.0,11.0,64.0,,False,False
lord_M11_1,{=aom_lord_M11_1_name}Maugrukh,Maugrukh,,Lord,mordor,Infantry,,true,,235.0,220.0,215.0,140.0,90.0,160.0,150.0,240.0,,False,False
lord_M11_11,{=aom_lord_M11_11_name}Krogash,Krogash,,Lord,mordor,Infantry,,true,,50.0,54.0,36.0,7.0,6.0,49.0,11.0,64.0,,False,False
lord_M12_1,{=aom_lord_M12_1_name}Rûklash,Rûklash,,Lord,mordor,Infantry,,true,,235.0,220.0,215.0,140.0,90.0,160.0,150.0,240.0,,False,False
lord_M12_11,{=aom_lord_M12_11_name}Uzbag,Uzbag,,Lord,mordor,Infantry,,true,,50.0,54.0,36.0,7.0,6.0,49.0,11.0,64.0,,False,False
lord_M13_1,{=aom_lord_M13_1_name}Thûrak,Thûrak,,Lord,mordor,Infantry,,true,,235.0,220.0,215.0,140.0,90.0,160.0,150.0,240.0,,False,False
lord_M13_11,{=aom_lord_M13_11_name}Gûdrak,Gûdrak,,Lord,mordor,Infantry,,true,,50.0,54.0,36.0,7.0,6.0,49.0,11.0,64.0,,False,False
lord_M13_2,{=aom_lord_M13_2_name}Grublat,Grublat,,Lord,mordor,Infantry,,true,,235.0,220.0,215.0,140.0,90.0,160.0,150.0,240.0,,False,False
lord_M13_3,{=aom_lord_M13_3_name}Mazgûr,Mazgûr,,Lord,mordor,Ranged,,true,,235.0,220.0,215.0,140.0,90.0,160.0,150.0,240.0,,False,False
lord_M13_4,{=aom_lord_M13_4_name}Ufthak,Ufthak,,Lord,mordor,Infantry,,true,,235.0,220.0,215.0,140.0,90.0,160.0,150.0,240.0,,False,False
lord_M13_5,{=aom_lord_M13_5_name}Lugrod,Lugrod,,Lord,mordor,Infantry,,true,,235.0,220.0,215.0,140.0,90.0,160.0,150.0,240.0,,False,False
lord_M13_12,{=aom_lord_M13_12_name}Shelgra,Shelgra,,Lord,mordor,Cavalry,,true,,170.0,160.0,160.0,160.0,110.0,140.0,110.0,200.0,,False,False
lord_M13_13,{=aom_lord_M13_13_name}Brûga,Brûga,,Lord,mordor,Infantry,,true,,170.0,160.0,160.0,160.0,110.0,140.0,110.0,200.0,,False,False
lord_M13_14,{=aom_lord_M13_14_name}Nazgra,Nazgra,,Lord,mordor,Ranged,,true,,170.0,160.0,160.0,160.0,110.0,140.0,110.0,200.0,,False,False
lord_M13_15,{=aom_lord_M13_15_name}Ushka,Ushka,,Lord,mordor,Cavalry,,true,,170.0,160.0,160.0,160.0,110.0,140.0,110.0,200.0,,False,False
lord_M14_1,{=aom_lord_M14_1_name}Uznash,Uznash,,Lord,mordor,Infantry,,true,,235.0,220.0,215.0,140.0,90.0,160.0,150.0,240.0,,False,False
lord_M14_11,{=aom_lord_M14_11_name}Mâgzûk,Mâgzûk,,Lord,mordor,Infantry,,true,,50.0,54.0,36.0,7.0,6.0,49.0,11.0,64.0,,False,False
lord_M14_2,{=aom_lord_M14_2_name}Durbgûl,Durbgûl,,Lord,mordor,Infantry,,true,,235.0,220.0,215.0,140.0,90.0,160.0,150.0,240.0,,False,False
lord_M14_3,{=aom_lord_M14_3_name}Snagrat,Snagrat,,Lord,mordor,Cavalry,,true,,235.0,220.0,215.0,140.0,90.0,160.0,150.0,240.0,,False,False
lord_M14_4,{=aom_lord_M14_4_name}Hrakmaw,Hrakmaw,,Lord,mordor,Infantry,,true,,235.0,220.0,215.0,140.0,90.0,160.0,150.0,240.0,,False,False
lord_M14_5,{=aom_lord_M14_5_name}Gorbûz,Gorbûz,,Lord,mordor,Infantry,,true,,235.0,220.0,215.0,140.0,90.0,160.0,150.0,240.0,,False,False
lord_M14_12,{=aom_lord_M14_12_name}Vûshka,Vûshka,,Lord,mordor,Cavalry,,true,,170.0,160.0,160.0,160.0,110.0,140.0,110.0,200.0,,False,False
lord_M14_13,{=aom_lord_M14_13_name}Krimpa,Krimpa,,Lord,mordor,Infantry,,true,,170.0,160.0,160.0,160.0,110.0,140.0,110.0,200.0,,False,False
lord_M14_14,{=aom_lord_M14_14_name}Lhakra,Lhakra,,Lord,mordor,Ranged,,true,,170.0,160.0,160.0,160.0,110.0,140.0,110.0,200.0,,False,False
lord_M14_15,{=aom_lord_M14_15_name}Grisha,Grisha,,Lord,mordor,Cavalry,,true,,170.0,160.0,160.0,160.0,110.0,140.0,110.0,200.0,,False,False
lord_M15_1,{=aom_lord_M15_1_name}Dûrzan,Dûrzan,,Lord,mordor,Infantry,,true,,235.0,220.0,215.0,140.0,90.0,160.0,150.0,240.0,,False,False
lord_M15_11,{=aom_lord_M15_11_name}Rûzkhan,Rûzkhan,,Lord,mordor,Infantry,,true,,50.0,54.0,36.0,7.0,6.0,49.0,11.0,64.0,,False,False
lord_M15_2,{=aom_lord_M15_2_name}Razhûk,Razhûk,,Lord,mordor,Infantry,,true,,235.0,220.0,215.0,140.0,90.0,160.0,150.0,240.0,,False,False
lord_M15_3,{=aom_lord_M15_3_name}Mûzgash,Mûzgash,,Lord,mordor,Ranged,,true,,235.0,220.0,215.0,140.0,90.0,160.0,150.0,240.0,,False,False
lord_M15_4,{=aom_lord_M15_4_name}Bolgrat,Bolgrat,,Lord,mordor,Infantry,,true,,235.0,220.0,215.0,140.0,90.0,160.0,150.0,240.0,,False,False
lord_M15_5,{=aom_lord_M15_5_name}Throkka,Throkka,,Lord,mordor,Infantry,,true,,235.0,220.0,215.0,140.0,90.0,160.0,150.0,240.0,,False,False
lord_M15_12,{=aom_lord_M15_12_name}Yagûl,Yagûl,,Lord,mordor,Cavalry,,true,,170.0,160.0,160.0,160.0,110.0,140.0,110.0,200.0,,False,False
lord_M15_13,{=aom_lord_M15_13_name}Skraa,Skraa,,Lord,mordor,Infantry,,true,,170.0,160.0,160.0,160.0,110.0,140.0,110.0,200.0,,False,False
lord_M15_14,{=aom_lord_M15_14_name}Murgha,Murgha,,Lord,mordor,Ranged,,true,,170.0,160.0,160.0,160.0,110.0,140.0,110.0,200.0,,False,False
lord_M15_15,{=aom_lord_M15_15_name}Lozka,Lozka,,Lord,mordor,Cavalry,,true,,170.0,160.0,160.0,160.0,110.0,140.0,110.0,200.0,,False,False
lord_M16_1,{=aom_lord_M16_1_name}Gûlnak,Gûlnak,,Lord,mordor,Infantry,,true,,235.0,220.0,215.0,140.0,90.0,160.0,150.0,240.0,,False,False
lord_M16_11,{=aom_lord_M16_11_name}Uznash,Uznash,,Lord,mordor,Infantry,,true,,50.0,54.0,36.0,7.0,6.0,49.0,11.0,64.0,,False,False
lord_M17_1,{=aom_lord_M17_1_name}Thûlnar,Thûlnar,,Lord,mordor,Infantry,,true,,235.0,220.0,215.0,140.0,90.0,160.0,150.0,240.0,,False,False
lord_M17_11,{=aom_lord_M17_11_name}Gûltor,Gûltor,,Lord,mordor,Infantry,,true,,50.0,54.0,36.0,7.0,6.0,49.0,11.0,64.0,,False,False
lord_M18_1,{=aom_lord_M18_1_name}Kûragh,Kûragh,,Lord,mordor,Infantry,,true,,235.0,220.0,215.0,140.0,90.0,160.0,150.0,240.0,,False,False
lord_M18_11,{=aom_lord_M18_11_name}Lûrtag,Lûrtag,,Lord,mordor,Infantry,,true,,50.0,54.0,36.0,7.0,6.0,49.0,11.0,64.0,,False,False
lord_R1_1,{=aom_lord_R1_1_name}Elrond,Elrond,,Lord,rivendell,Infantry,,true,,290.0,260.0,260.0,260.0,260.0,260.0,260.0,290.0,,False,False
lord_R1_2,{=aom_lord_R1_2_name}Celebrían,Celebrían,,Lord,rivendell,Infantry,,true,,240.0,200.0,240.0,270.0,190.0,200.0,260.0,270.0,,False,False
lord_R1_3,{=aom_lord_R1_3_name}Elladan,Elladan,,Lord,rivendell,Infantry,,true,,280.0,240.0,275.0,275.0,180.0,200.0,275.0,290.0,,False,False
lord_R1_4,{=aom_lord_R1_4_name}Elrohir,Elrohir,,Lord,rivendell,Infantry,,true,,280.0,240.0,275.0,275.0,180.0,200.0,275.0,290.0,,False,False
lord_R1_5,{=aom_lord_R1_5_name}Arwen,Arwen,,Lord,rivendell,Ranged,,true,,180.0,130.0,170.0,230.0,160.0,160.0,245.0,240.0,,False,False
lord_R1_11,{=aom_lord_R1_11_name}Argon,Argon,,Lord,rivendell,Infantry,,true,,65.0,50.0,40.0,34.0,5.0,38.0,18.0,70.0,,False,False
lord_R2_1,{=aom_lord_R2_1_name}Glorfindel,Glorfindel,,Lord,rivendell,Infantry,,true,,315.0,295.0,300.0,241.0,242.0,242.0,285.0,310.0,,False,False
lord_R2_11,{=aom_lord_R2_11_name}Istilmo,Istilmo,,Lord,rivendell,Infantry,,true,,70.0,55.0,45.0,35.0,5.0,42.0,21.0,75.0,,False,False
lord_R2_2,{=aom_lord_R2_2_name}Gildor,Gildor,,Lord,rivendell,Infantry,,true,,275.0,240.0,275.0,265.0,170.0,190.0,240.0,285.0,,False,False
lord_R2_3,{=aom_lord_R2_3_name}Erestor,Erestor,,Lord,rivendell,Infantry,,true,,270.0,230.0,265.0,275.0,180.0,190.0,255.0,280.0,,False,False
lord_R2_4,{=aom_lord_R2_4_name}Lindir,Lindir,,Lord,rivendell,Infantry,,true,,275.0,240.0,275.0,265.0,170.0,190.0,240.0,285.0,,False,False
lord_R3_1,{=aom_lord_R3_1_name}Chägermeister,Chägermeister,,Lord,rivendell,Cavalry,,true,,270.0,230.0,265.0,275.0,180.0,190.0,255.0,280.0,,False,False
lord_U1_1,{=aom_lord_U1_1_name}Ar-Gimilkhâd,Ar-Gimilkhâd,,Lord,umbar,Infantry,,true,,260.0,215.0,245.0,200.0,170.0,200.0,200.0,265.0,,False,False
lord_U1_11,{=aom_lord_U1_11_name}Lord Gimilzôr,Lord Gimilzôr,,Lord,umbar,Infantry,,true,,160.0,120.0,140.0,90.0,70.0,100.0,190.0,180.0,,False,False
lord_U1_12,{=aom_lord_U1_12_name}Gimilthôn,Gimilthôn,,Lord,umbar,Infantry,,true,,160.0,120.0,140.0,90.0,70.0,100.0,190.0,180.0,,False,False
lord_U1_13,{=aom_lord_U1_13_name}Pharazôn,Pharazôn,,Lord,umbar,Infantry,,true,,160.0,120.0,140.0,90.0,70.0,100.0,190.0,180.0,,False,False
lord_U1_2,{=aom_lord_U1_2_name}Zimraphel,Zimraphel,,Lord,umbar,Infantry,,true,,60.0,30.0,50.0,70.0,50.0,50.0,140.0,110.0,,False,False
lord_4_3_2,{=aom_lord_4_3_2_name}Éowyn Eoforing,Éowyn Eoforing,,Lord,vlandia,Cavalry,,true,,40.0,20.0,30.0,70.0,40.0,40.0,120.0,100.0,,False,False
lord_4_3_3,{=aom_lord_4_3_3_name}Théodwyn Eoforing,Théodwyn Eoforing,,Lord,vlandia,Cavalry,,true,,60.0,30.0,50.0,70.0,50.0,50.0,140.0,110.0,,False,False
lord_4_6_2,{=aom_lord_4_6_2_name}Elfgrim Grimingas,Elfgrim Grimingas,,Lord,vlandia,Cavalry,,true,,5.0,5.0,11.0,5.0,5.0,5.0,20.0,5.0,,False,False
lord_4_16_2,{=aom_lord_4_16_2_name}Herubrand Felánding,Herubrand Felánding,,Lord,vlandia,Cavalry,,true,,160.0,120.0,140.0,90.0,70.0,100.0,190.0,180.0,,False,False
lord_4_21_1,{=aom_lord_4_21_1_name}Siegeberht Ordlacing,Siegeberht Ordlacing,,Lord,vlandia,Cavalry,,true,,230.0,180.0,220.0,100.0,70.0,120.0,250.0,240.0,,False,False
lord_4_21_2,{=aom_lord_4_21_2_name}Elfhild Ordlacing,Elfhild Ordlacing,,Lord,vlandia,Cavalry,,true,,40.0,20.0,30.0,70.0,40.0,40.0,120.0,100.0,,False,False
lord_4_21_3,{=aom_lord_4_21_3_name}Ulfeytel Ordlacing,Ulfeytel Ordlacing,,Lord,vlandia,Cavalry,,true,,160.0,120.0,140.0,90.0,70.0,100.0,190.0,180.0,,False,False
lord_4_21_4,{=aom_lord_4_21_4_name}Eadgifu Ordlacing,Eadgifu Ordlacing,,Lord,vlandia,Cavalry,,true,,60.0,30.0,50.0,70.0,50.0,50.0,140.0,110.0,,False,False
lord_4_27_2,{=aom_lord_4_27_2_name}Ælfstan Æthellafing,Ælfstan Æthellafing,,Lord,vlandia,Cavalry,,true,,230.0,180.0,220.0,100.0,70.0,120.0,250.0,240.0,,False,False
lord_4_27_3,{=aom_lord_4_27_3_name}Ælfwynn Æthellafing,Ælfwynn Æthellafing,,Lord,vlandia,Cavalry,,true,,40.0,20.0,30.0,70.0,40.0,40.0,120.0,100.0,,False,False
lord_4_27_4,{=aom_lord_4_27_4_name}Sæweald Æthellafing,Sæweald Æthellafing,,Lord,vlandia,Cavalry,,true,,160.0,120.0,140.0,90.0,70.0,100.0,190.0,180.0,,False,False
lord_4_28_3,{=aom_lord_4_28_3_name}Rynelda,Rynelda,,Lord,vlandia,Cavalry,,true,,5.0,5.0,17.0,5.0,5.0,5.0,28.0,5.0,,False,False
lord_4_29_1,{=aom_lord_4_29_1_name}Octreda Ælfwiging,Octreda Ælfwiging,,Lord,vlandia,Cavalry,,true,,60.0,30.0,50.0,70.0,50.0,50.0,140.0,110.0,,False,False
lord_4_29_2,{=aom_lord_4_29_2_name}Eadweald Ælfwiging,Eadweald Ælfwiging,,Lord,vlandia,Cavalry,,true,,6.0,5.0,21.0,5.0,5.0,5.0,33.0,5.0,,False,False
lord_V11_l_1,{=aom_lord_V11_l_1_name}Wynnðryð Deáfringas,Wynnðryð Deáfringas,,Lord,vlandia,Cavalry,,true,,60.0,30.0,50.0,70.0,50.0,50.0,140.0,110.0,,False,False
lord_V11_l_2,{=aom_lord_V11_l_2_name}Léothen Deáfringas,Léothen Deáfringas,,Lord,vlandia,Cavalry,,true,,160.0,120.0,140.0,90.0,70.0,100.0,190.0,180.0,,False,False
lord_V11_l_3,{=aom_lord_V11_l_3_name}Léobrand Deáfringas,Léobrand Deáfringas,,Lord,vlandia,Cavalry,,true,,160.0,120.0,140.0,90.0,70.0,100.0,190.0,180.0,,False,False
lord_V11_l_4,{=aom_lord_V11_l_4_name}Léowynn Deáfringas,Léowynn Deáfringas,,Lord,vlandia,Cavalry,,true,,29.0,14.0,35.0,5.0,14.0,11.0,59.0,27.0,,False,False
lord_rohan_2_1,{=aom_lord_rohan_2_1_name}Isenmund Cerdicing,Isenmund Cerdicing,,Lord,vlandia,Cavalry,,true,,230.0,180.0,220.0,100.0,70.0,120.0,250.0,240.0,,False,False
lord_rohan_5_1,{=aom_lord_rohan_5_1_name}Eadwig Oscyteling,Eadwig Oscyteling,,Lord,vlandia,Cavalry,,true,,230.0,180.0,220.0,100.0,70.0,120.0,250.0,240.0,,False,False
lord_rohan_9_1,{=aom_lord_rohan_9_1_name}Dúnhere Dúning,Dúnhere Dúning,,Lord,vlandia,Cavalry,,true,,230.0,180.0,220.0,100.0,70.0,120.0,250.0,240.0,,False,False
lord_rohan_10_1,{=aom_lord_rohan_10_1_name}Eomund Eoforing,Eomund Eoforing,,Lord,vlandia,Cavalry,,true,,230.0,180.0,220.0,100.0,70.0,120.0,250.0,240.0,,False,False
lord_rohan_11_1,{=aom_lord_rohan_11_1_name}Cadda Tordaging,Cadda Tordaging,,Lord,vlandia,Cavalry,,true,,230.0,180.0,220.0,100.0,70.0,120.0,250.0,240.0,,False,False
lord_rohan_13_1,{=aom_lord_rohan_13_1_name}Wulf Celmunding,Wulf Celmunding,,Lord,vlandia,Cavalry,,true,,230.0,180.0,220.0,100.0,70.0,120.0,250.0,240.0,,False,False
lord_rohan_14_1,{=aom_lord_rohan_14_1_name}Widmund Widmunding,Widmund Widmunding,,Lord,vlandia,Cavalry,,true,,230.0,180.0,220.0,100.0,70.0,120.0,250.0,240.0,,False,False
lord_rohan_15_1,{=aom_lord_rohan_15_1_name}Fróda Ordgaring,Fróda Ordgaring,,Lord,vlandia,Cavalry,,true,,60.0,30.0,50.0,70.0,50.0,50.0,140.0,110.0,,False,False
lord_rohan_16_1,{=aom_lord_rohan_16_1_name}Eofolda Hunthelming,Eofolda Hunthelming,,Lord,vlandia,Cavalry,,true,,60.0,30.0,50.0,70.0,50.0,50.0,140.0,110.0,,False,False
lord_rohan_17_1,{=aom_lord_rohan_17_1_name}Waldæg Bregdaning,Waldæg Bregdaning,,Lord,vlandia,Cavalry,,true,,230.0,180.0,220.0,100.0,70.0,120.0,250.0,240.0,,False,False
lord_rohan_21_1,{=aom_lord_rohan_21_1_name}Haleth Halethring,Haleth Halethring,,Lord,vlandia,Cavalry,,true,,230.0,180.0,220.0,100.0,70.0,120.0,250.0,240.0,,False,False
lord_rohan_22_1,{=aom_lord_rohan_22_1_name}Béowyrt Rungaring,Béowyrt Rungaring,,Lord,vlandia,Cavalry,,true,,230.0,180.0,220.0,100.0,70.0,120.0,250.0,240.0,,False,False
lord_1_59,{=aom_lord_1_59_name}Rondamir,Rondamir,,Lord,gondor,Infantry,,true,,230.0,180.0,220.0,100.0,70.0,120.0,250.0,240.0,,False,False
lord_1_60,{=aom_lord_1_60_name}Eldorion,Eldorion,,Lord,gondor,Infantry,,true,,230.0,180.0,220.0,100.0,70.0,120.0,250.0,240.0,,False,False
lord_1_59_4,{=aom_lord_1_59_4_name}Galdirion,Galdirion,,Lord,gondor,Infantry,,true,,160.0,120.0,140.0,90.0,70.0,100.0,190.0,180.0,,False,False
lord_1_60_3,{=aom_lord_1_60_3_name}Orlendir,Orlendir,,Lord,gondor,Infantry,,true,,160.0,120.0,140.0,90.0,70.0,100.0,190.0,180.0,,False,False
lord_1_9_6,{=aom_lord_1_9_6_name}Lothíriel,Lothíriel,,Lord,gondor,Infantry,,true,,60.0,30.0,50.0,70.0,50.0,50.0,140.0,110.0,,False,False
lord_1_40_2,{=aom_lord_1_40_2_name}Eleniel,Eleniel,,Lord,gondor,Infantry,,true,,40.0,20.0,30.0,70.0,40.0,40.0,120.0,100.0,,False,False
lord_WE8_1,{=aom_lord_WE8_1_name}Dorwen,Dorwen,,Lord,gondor,Infantry,,true,,60.0,30.0,50.0,70.0,50.0,50.0,140.0,110.0,,False,False
lord_WE8_2,{=aom_lord_WE8_2_name}Eleneth,Eleneth,,Lord,gondor,Infantry,,true,,60.0,30.0,50.0,70.0,50.0,50.0,140.0,110.0,,False,False
lord_WE8_3,{=aom_lord_WE8_3_name}Hirilwen,Hirilwen,,Lord,gondor,Infantry,,true,,60.0,30.0,50.0,70.0,50.0,50.0,140.0,110.0,,False,False
lord_WE8_4,{=aom_lord_WE8_4_name}Talborin,Talborin,,Lord,gondor,Infantry,,true,,230.0,180.0,220.0,100.0,70.0,120.0,250.0,240.0,,False,False
lord_WE9_3,{=aom_lord_WE9_3_name}Derufin,Derufin,,Lord,gondor,Infantry,,true,,230.0,180.0,220.0,100.0,70.0,120.0,250.0,240.0,,False,False
lord_4_29,{=aom_lord_4_29_name}Eadfrith Ælfwiging,Eadfrith Ælfwiging,,Lord,vlandia,Cavalry,,true,,230.0,180.0,220.0,100.0,70.0,120.0,250.0,240.0,,False,False
lord_6_25,{=aom_lord_6_25_name}Ethacali Cilzeron,Ethacali Cilzeron,,Lord,khuzait,Cavalry,,true,,230.0,180.0,220.0,100.0,70.0,120.0,250.0,240.0,,False,False
lord_6_26,{=aom_lord_6_26_name}Leôrdinoth Kalkian,Leôrdinoth Kalkian,,Lord,khuzait,Cavalry,,true,,230.0,180.0,220.0,100.0,70.0,120.0,250.0,240.0,,False,False
lord_6_27,{=aom_lord_6_27_name}Neida Zorian,Neida Zorian,,Lord,khuzait,Cavalry,,true,,230.0,180.0,220.0,100.0,70.0,120.0,250.0,240.0,,False,False
lord_6_28,{=aom_lord_6_28_name}Tulrok Mithruntai,Tulrok Mithruntai,,Lord,khuzait,Cavalry,,true,,230.0,180.0,220.0,100.0,70.0,120.0,250.0,240.0,,False,False
lord_6_29,{=aom_lord_6_29_name}Yurzal Vazevian,Yurzal Vazevian,,Lord,khuzait,Cavalry,,true,,230.0,180.0,220.0,100.0,70.0,120.0,250.0,240.0,,False,False
lord_6_30,{=aom_lord_6_30_name}Rurazaur Bozorganith,Rurazaur Bozorganith,,Lord,khuzait,Cavalry,,true,,230.0,180.0,220.0,100.0,70.0,120.0,250.0,240.0,,False,False
lord_6_23_1,{=aom_lord_6_23_1_name}Borlach Hûz,Borlach Hûz,,Lord,khuzait,Cavalry,,true,,230.0,170.0,235.0,260.0,110.0,180.0,275.0,235.0,,False,False
lord_6_23_2,{=aom_lord_6_23_2_name}Armaga Hûz,Armaga Hûz,,Lord,khuzait,Cavalry,,true,,80.0,50.0,70.0,170.0,80.0,80.0,215.0,160.0,,False,False
lord_6_23_3,{=aom_lord_6_23_3_name}Borthand Hûz,Borthand Hûz,,Lord,khuzait,Cavalry,,true,,230.0,170.0,235.0,260.0,110.0,180.0,275.0,235.0,,False,False
lord_6_23_4,{=aom_lord_6_23_4_name}Cotota Hûz,Cotota Hûz,,Lord,khuzait,Cavalry,,true,,80.0,50.0,70.0,170.0,80.0,80.0,215.0,160.0,,False,False
lord_6_23_5,{=aom_lord_6_23_5_name}Ulfast Hûz,Ulfast Hûz,,Lord,khuzait,HorseArcher,,true,,210.0,140.0,210.0,275.0,130.0,190.0,265.0,245.0,,False,False
lord_6_23_6,{=aom_lord_6_23_6_name}Ulwarth Hûz,Ulwarth Hûz,,Lord,khuzait,Cavalry,,true,,230.0,170.0,235.0,260.0,110.0,180.0,275.0,235.0,,False,False
lord_6_23_7,{=aom_lord_6_23_7_name}Uldor Hûz,Uldor Hûz,,Lord,khuzait,Cavalry,,true,,230.0,170.0,235.0,260.0,110.0,180.0,275.0,235.0,,False,False
lord_6_23_8,{=aom_lord_6_23_8_name}Chinua Hûz,Chinua Hûz,,Lord,khuzait,Cavalry,,true,,80.0,50.0,70.0,170.0,80.0,80.0,215.0,160.0,,False,False
lord_6_23_9,{=aom_lord_6_23_9_name}Gerel Hûz,Gerel Hûz,,Lord,khuzait,Cavalry,,true,,80.0,50.0,70.0,170.0,80.0,80.0,215.0,160.0,,False,False
lord_6_24_1,{=aom_lord_6_24_1_name}Lorgan Adekig,Lorgan Adekig,,Lord,khuzait,Cavalry,,true,,230.0,170.0,235.0,260.0,110.0,180.0,275.0,235.0,,False,False
lord_6_24_2,{=aom_lord_6_24_2_name}Goksun Adekig,Goksun Adekig,,Lord,khuzait,Cavalry,,true,,80.0,50.0,70.0,170.0,80.0,80.0,215.0,160.0,,False,False
lord_6_24_3,{=aom_lord_6_24_3_name}Böri Adekig,Böri Adekig,,Lord,khuzait,Cavalry,,true,,230.0,170.0,235.0,260.0,110.0,180.0,275.0,235.0,,False,False
lord_6_24_4,{=aom_lord_6_24_4_name}Khulan Adekig,Khulan Adekig,,Lord,khuzait,Cavalry,,true,,80.0,50.0,70.0,170.0,80.0,80.0,215.0,160.0,,False,False
lord_6_24_5,{=aom_lord_6_24_5_name}Kustîg Adekig,Kustîg Adekig,,Lord,khuzait,HorseArcher,,true,,210.0,140.0,210.0,275.0,130.0,190.0,265.0,245.0,,False,False
lord_6_24_6,{=aom_lord_6_24_6_name}Yumruk Adekig,Yumruk Adekig,,Lord,khuzait,Cavalry,,true,,230.0,170.0,235.0,260.0,110.0,180.0,275.0,235.0,,False,False
lord_6_24_7,{=aom_lord_6_24_7_name}Adarkidai Adekig,Adarkidai Adekig,,Lord,khuzait,Cavalry,,true,,230.0,170.0,235.0,260.0,110.0,180.0,275.0,235.0,,False,False
lord_6_24_8,{=aom_lord_6_24_8_name}Konsha Adekig,Konsha Adekig,,Lord,khuzait,Cavalry,,true,,80.0,50.0,70.0,170.0,80.0,80.0,215.0,160.0,,False,False
lord_6_24_9,{=aom_lord_6_24_9_name}Samga Adekig,Samga Adekig,,Lord,khuzait,Cavalry,,true,,80.0,50.0,70.0,170.0,80.0,80.0,215.0,160.0,,False,False
lord_6_25_1,{=aom_lord_6_25_1_name}Ganbaatar Cilzeron,Ganbaatar Cilzeron,,Lord,khuzait,Cavalry,,true,,230.0,170.0,235.0,260.0,110.0,180.0,275.0,235.0,,False,False
lord_6_25_2,{=aom_lord_6_25_2_name}Sarnai Cilzeron,Sarnai Cilzeron,,Lord,khuzait,Cavalry,,true,,80.0,50.0,70.0,170.0,80.0,80.0,215.0,160.0,,False,False
lord_6_25_3,{=aom_lord_6_25_3_name}Gantulga Cilzeron,Gantulga Cilzeron,,Lord,khuzait,Cavalry,,true,,230.0,170.0,235.0,260.0,110.0,180.0,275.0,235.0,,False,False
lord_6_25_4,{=aom_lord_6_25_4_name}Sertac Cilzeron,Sertac Cilzeron,,Lord,khuzait,Cavalry,,true,,80.0,50.0,70.0,170.0,80.0,80.0,215.0,160.0,,False,False
lord_6_25_5,{=aom_lord_6_25_5_name}Khenbish Cilzeron,Khenbish Cilzeron,,Lord,khuzait,HorseArcher,,true,,210.0,140.0,210.0,275.0,130.0,190.0,265.0,245.0,,False,False
lord_6_25_6,{=aom_lord_6_25_6_name}Muunokhoi Cilzeron,Muunokhoi Cilzeron,,Lord,khuzait,Cavalry,,true,,230.0,170.0,235.0,260.0,110.0,180.0,275.0,235.0,,False,False
lord_6_25_7,{=aom_lord_6_25_7_name}Subetai Cilzeron,Subetai Cilzeron,,Lord,khuzait,Cavalry,,true,,230.0,170.0,235.0,260.0,110.0,180.0,275.0,235.0,,False,False
lord_6_25_8,{=aom_lord_6_25_8_name}Suna Cilzeron,Suna Cilzeron,,Lord,khuzait,Cavalry,,true,,80.0,50.0,70.0,170.0,80.0,80.0,215.0,160.0,,False,False
lord_6_25_9,{=aom_lord_6_25_9_name}Tsetseg Cilzeron,Tsetseg Cilzeron,,Lord,khuzait,Cavalry,,true,,80.0,50.0,70.0,170.0,80.0,80.0,215.0,160.0,,False,False
lord_6_26_1,{=aom_lord_6_26_1_name}Jelme Kalkian,Jelme Kalkian,,Lord,khuzait,Cavalry,,true,,230.0,170.0,235.0,260.0,110.0,180.0,275.0,235.0,,False,False
lord_6_26_2,{=aom_lord_6_26_2_name}Tuya Kalkian,Tuya Kalkian,,Lord,khuzait,Cavalry,,true,,80.0,50.0,70.0,170.0,80.0,80.0,215.0,160.0,,False,False
lord_6_26_3,{=aom_lord_6_26_3_name}Boroghul Kalkian,Boroghul Kalkian,,Lord,khuzait,Cavalry,,true,,230.0,170.0,235.0,260.0,110.0,180.0,275.0,235.0,,False,False
lord_6_26_4,{=aom_lord_6_26_4_name}Yesugen Kalkian,Yesugen Kalkian,,Lord,khuzait,Cavalry,,true,,80.0,50.0,70.0,170.0,80.0,80.0,215.0,160.0,,False,False
lord_6_26_5,{=aom_lord_6_26_5_name}Mukhali Kalkian,Mukhali Kalkian,,Lord,khuzait,HorseArcher,,true,,210.0,140.0,210.0,275.0,130.0,190.0,265.0,245.0,,False,False
lord_6_26_6,{=aom_lord_6_26_6_name}Chilaun Kalkian,Chilaun Kalkian,,Lord,khuzait,Cavalry,,true,,230.0,170.0,235.0,260.0,110.0,180.0,275.0,235.0,,False,False
lord_6_26_7,{=aom_lord_6_26_7_name}Berke Kalkian,Berke Kalkian,,Lord,khuzait,Cavalry,,true,,230.0,170.0,235.0,260.0,110.0,180.0,275.0,235.0,,False,False
lord_6_26_8,{=aom_lord_6_26_8_name}Yosma Kalkian,Yosma Kalkian,,Lord,khuzait,Cavalry,,true,,80.0,50.0,70.0,170.0,80.0,80.0,215.0,160.0,,False,False
lord_6_26_9,{=aom_lord_6_26_9_name}Aigiarn Kalkian,Aigiarn Kalkian,,Lord,khuzait,Cavalry,,true,,80.0,50.0,70.0,170.0,80.0,80.0,215.0,160.0,,False,False
lord_6_27_1,{=aom_lord_6_27_1_name}Toqto Zorian,Toqto Zorian,,Lord,khuzait,Cavalry,,true,,230.0,170.0,235.0,260.0,110.0,180.0,275.0,235.0,,False,False
lord_6_27_2,{=aom_lord_6_27_2_name}Alagh Zorian,Alagh Zorian,,Lord,khuzait,Cavalry,,true,,80.0,50.0,70.0,170.0,80.0,80.0,215.0,160.0,,False,False
lord_6_27_3,{=aom_lord_6_27_3_name}Arghun Zorian,Arghun Zorian,,Lord,khuzait,Cavalry,,true,,230.0,170.0,235.0,260.0,110.0,180.0,275.0,235.0,,False,False
lord_6_27_4,{=aom_lord_6_27_4_name}Alaqai Zorian,Alaqai Zorian,,Lord,khuzait,Cavalry,,true,,80.0,50.0,70.0,170.0,80.0,80.0,215.0,160.0,,False,False
lord_6_27_5,{=aom_lord_6_27_5_name}Baidar Zorian,Baidar Zorian,,Lord,khuzait,HorseArcher,,true,,210.0,140.0,210.0,275.0,130.0,190.0,265.0,245.0,,False,False
lord_6_27_6,{=aom_lord_6_27_6_name}Kadan Zorian,Kadan Zorian,,Lord,khuzait,Cavalry,,true,,230.0,170.0,235.0,260.0,110.0,180.0,275.0,235.0,,False,False
lord_6_27_7,{=aom_lord_6_27_7_name}Orda Zorian,Orda Zorian,,Lord,khuzait,Cavalry,,true,,230.0,170.0,235.0,260.0,110.0,180.0,275.0,235.0,,False,False
lord_6_27_8,{=aom_lord_6_27_8_name}Altani Zorian,Altani Zorian,,Lord,khuzait,Cavalry,,true,,80.0,50.0,70.0,170.0,80.0,80.0,215.0,160.0,,False,False
lord_6_27_9,{=aom_lord_6_27_9_name}Bayalun Zorian,Bayalun Zorian,,Lord,khuzait,Cavalry,,true,,80.0,50.0,70.0,170.0,80.0,80.0,215.0,160.0,,False,False
lord_6_28_1,{=aom_lord_6_28_1_name}Sartaq Mithruntai,Sartaq Mithruntai,,Lord,khuzait,Cavalry,,true,,230.0,170.0,235.0,260.0,110.0,180.0,275.0,235.0,,False,False
lord_6_28_2,{=aom_lord_6_28_2_name}Börte Mithruntai,Börte Mithruntai,,Lord,khuzait,Cavalry,,true,,80.0,50.0,70.0,170.0,80.0,80.0,215.0,160.0,,False,False
lord_6_28_3,{=aom_lord_6_28_3_name}Nogai Mithruntai,Nogai Mithruntai,,Lord,khuzait,Cavalry,,true,,230.0,170.0,235.0,260.0,110.0,180.0,275.0,235.0,,False,False
lord_6_28_4,{=aom_lord_6_28_4_name}Bulgan Mithruntai,Bulgan Mithruntai,,Lord,khuzait,Cavalry,,true,,80.0,50.0,70.0,170.0,80.0,80.0,215.0,160.0,,False,False
lord_6_28_5,{=aom_lord_6_28_5_name}Tamir Mithruntai,Tamir Mithruntai,,Lord,khuzait,HorseArcher,,true,,210.0,140.0,210.0,275.0,130.0,190.0,265.0,245.0,,False,False
lord_6_28_6,{=aom_lord_6_28_6_name}Otgon Mithruntai,Otgon Mithruntai,,Lord,khuzait,Cavalry,,true,,230.0,170.0,235.0,260.0,110.0,180.0,275.0,235.0,,False,False
lord_6_28_7,{=aom_lord_6_28_7_name}Temur Mithruntai,Temur Mithruntai,,Lord,khuzait,Cavalry,,true,,230.0,170.0,235.0,260.0,110.0,180.0,275.0,235.0,,False,False
lord_6_28_8,{=aom_lord_6_28_8_name}Chimeg Mithruntai,Chimeg Mithruntai,,Lord,khuzait,Cavalry,,true,,80.0,50.0,70.0,170.0,80.0,80.0,215.0,160.0,,False,False
lord_6_28_9,{=aom_lord_6_28_9_name}Doquz Mithruntai,Doquz Mithruntai,,Lord,khuzait,Cavalry,,true,,80.0,50.0,70.0,170.0,80.0,80.0,215.0,160.0,,False,False
lord_6_29_1,{=aom_lord_6_29_1_name}Achiq Vazevian,Achiq Vazevian,,Lord,khuzait,Cavalry,,true,,230.0,170.0,235.0,260.0,110.0,180.0,275.0,235.0,,False,False
lord_6_29_2,{=aom_lord_6_29_2_name}Enkhtuya Vazevian,Enkhtuya Vazevian,,Lord,khuzait,Cavalry,,true,,80.0,50.0,70.0,170.0,80.0,80.0,215.0,160.0,,False,False
lord_6_29_3,{=aom_lord_6_29_3_name}Qutlugh Vazevian,Qutlugh Vazevian,,Lord,khuzait,Cavalry,,true,,230.0,170.0,235.0,260.0,110.0,180.0,275.0,235.0,,False,False
lord_6_29_4,{=aom_lord_6_29_4_name}Oyuun Vazevian,Oyuun Vazevian,,Lord,khuzait,Cavalry,,true,,80.0,50.0,70.0,170.0,80.0,80.0,215.0,160.0,,False,False
lord_6_29_5,{=aom_lord_6_29_5_name}Vethkar Vazevian,Vethkar Vazevian,,Lord,khuzait,HorseArcher,,true,,210.0,140.0,210.0,275.0,130.0,190.0,265.0,245.0,,False,False
lord_6_29_6,{=aom_lord_6_29_6_name}Aurzan Vazevian,Aurzan Vazevian,,Lord,khuzait,Cavalry,,true,,230.0,170.0,235.0,260.0,110.0,180.0,275.0,235.0,,False,False
lord_6_29_7,{=aom_lord_6_29_7_name}Khorlug Vazevian,Khorlug Vazevian,,Lord,khuzait,Cavalry,,true,,230.0,170.0,235.0,260.0,110.0,180.0,275.0,235.0,,False,False
lord_6_29_8,{=aom_lord_6_29_8_name}Sarangerel Vazevian,Sarangerel Vazevian,,Lord,khuzait,Cavalry,,true,,80.0,50.0,70.0,170.0,80.0,80.0,215.0,160.0,,False,False
lord_6_29_9,{=aom_lord_6_29_9_name}Tselmeg Vazevian,Tselmeg Vazevian,,Lord,khuzait,Cavalry,,true,,80.0,50.0,70.0,170.0,80.0,80.0,215.0,160.0,,False,False
lord_6_30_1,{=aom_lord_6_30_1_name}Saghost Bozorganith,Saghost Bozorganith,,Lord,khuzait,Cavalry,,true,,230.0,170.0,235.0,260.0,110.0,180.0,275.0,235.0,,False,False
lord_6_30_2,{=aom_lord_6_30_2_name}Udval Bozorganith,Udval Bozorganith,,Lord,khuzait,Cavalry,,true,,80.0,50.0,70.0,170.0,80.0,80.0,215.0,160.0,,False,False
lord_6_30_3,{=aom_lord_6_30_3_name}Dûrkan Bozorganith,Dûrkan Bozorganith,,Lord,khuzait,Cavalry,,true,,230.0,170.0,235.0,260.0,110.0,180.0,275.0,235.0,,False,False
lord_6_30_4,{=aom_lord_6_30_4_name}Zaya Bozorganith,Zaya Bozorganith,,Lord,khuzait,Cavalry,,true,,80.0,50.0,70.0,170.0,80.0,80.0,215.0,160.0,,False,False
lord_6_30_5,{=aom_lord_6_30_5_name}Mazdûr Bozorganith,Mazdûr Bozorganith,,Lord,khuzait,HorseArcher,,true,,210.0,140.0,210.0,275.0,130.0,190.0,265.0,245.0,,False,False
lord_6_30_6,{=aom_lord_6_30_6_name}Hethûl Bozorganith,Hethûl Bozorganith,,Lord,khuzait,Cavalry,,true,,230.0,170.0,235.0,260.0,110.0,180.0,275.0,235.0,,False,False
lord_6_30_7,{=aom_lord_6_30_7_name}Taurkan Bozorganith,Taurkan Bozorganith,,Lord,khuzait,Cavalry,,true,,230.0,170.0,235.0,260.0,110.0,180.0,275.0,235.0,,False,False
lord_6_30_8,{=aom_lord_6_30_8_name}Nergui Bozorganith,Nergui Bozorganith,,Lord,khuzait,Cavalry,,true,,80.0,50.0,70.0,170.0,80.0,80.0,215.0,160.0,,False,False
lord_6_30_9,{=aom_lord_6_30_9_name}Narangerel Bozorganith,Narangerel Bozorganith,,Lord,khuzait,Cavalry,,true,,80.0,50.0,70.0,170.0,80.0,80.0,215.0,160.0,,False,False
lord_U2_1,{=aom_lord_U2_1_name}Azraphel,Azraphel,,Lord,umbar,Infantry,,true,,260.0,215.0,245.0,200.0,170.0,200.0,200.0,265.0,,False,False
lord_U3_1,{=aom_lord_U3_1_name}Belkazar,Belkazar,,Lord,umbar,Infantry,,true,,240.0,200.0,225.0,190.0,160.0,190.0,170.0,255.0,,False,False
lord_U4_1,{=aom_lord_U4_1_name}Pharakhôn,Pharakhôn,,Lord,umbar,Infantry,,true,,260.0,215.0,245.0,200.0,170.0,200.0,200.0,265.0,,False,False
lord_U5_1,{=aom_lord_U5_1_name}Inkaldôr,Inkaldôr,,Lord,umbar,Infantry,,true,,240.0,200.0,225.0,190.0,160.0,190.0,170.0,255.0,,False,False
lord_U6_1,{=aom_lord_U6_1_name}Zimrathôr,Zimrathôr,,Lord,umbar,Infantry,,true,,260.0,215.0,245.0,200.0,170.0,200.0,200.0,265.0,,False,False
lord_SH1_1,{=aom_lord_SH1_1_name}Zarkan,Zarkan,,Lord,shaghana,Cavalry,,true,,230.0,180.0,220.0,100.0,70.0,120.0,250.0,240.0,,False,False
lord_SH1_2,{=aom_lord_SH1_2_name}Suladân,Suladân,,Lord,shaghana,Cavalry,,true,,230.0,180.0,220.0,100.0,70.0,120.0,250.0,240.0,,False,False
lord_SH1_3,{=aom_lord_SH1_3_name}Farzûk,Farzûk,,Lord,shaghana,Cavalry,,true,,230.0,180.0,220.0,100.0,70.0,120.0,250.0,240.0,,False,False
lord_SH1_4,{=aom_lord_SH1_4_name}Azimûr,Azimûr,,Lord,shaghana,Cavalry,,true,,230.0,180.0,220.0,100.0,70.0,120.0,250.0,240.0,,False,False
lord_SH1_5,{=aom_lord_SH1_5_name}Bahram,Bahram,,Lord,shaghana,Cavalry,,true,,230.0,180.0,220.0,100.0,70.0,120.0,250.0,240.0,,False,False
lord_SH1_6,{=aom_lord_SH1_6_name}Khorzan,Khorzan,,Lord,shaghana,Cavalry,,true,,230.0,180.0,220.0,100.0,70.0,120.0,250.0,240.0,,False,False
lord_SH1_7,{=aom_lord_SH1_7_name}Banûshad,Banûshad,,Lord,shaghana,Cavalry,,true,,60.0,30.0,50.0,70.0,50.0,50.0,140.0,110.0,,False,False
lord_SH1_8,{=aom_lord_SH1_8_name}Roshanak,Roshanak,,Lord,shaghana,Cavalry,,true,,60.0,30.0,50.0,70.0,50.0,50.0,140.0,110.0,,False,False
lord_SH1_9,{=aom_lord_SH1_9_name}Gordâfar,Gordâfar,,Lord,shaghana,Cavalry,,true,,60.0,30.0,50.0,70.0,50.0,50.0,140.0,110.0,,False,False
lord_SH1_10,{=aom_lord_SH1_10_name}Manîzheh,Manîzheh,,Lord,shaghana,Cavalry,,true,,60.0,30.0,50.0,70.0,50.0,50.0,140.0,110.0,,False,False
lord_SH2_1,{=aom_lord_SH2_1_name}Rakhim,Rakhim,,Lord,shaghana,Cavalry,,true,,230.0,180.0,220.0,100.0,70.0,120.0,250.0,240.0,,False,False
lord_SH2_2,{=aom_lord_SH2_2_name}Rastûm,Rastûm,,Lord,shaghana,Cavalry,,true,,230.0,180.0,220.0,100.0,70.0,120.0,250.0,240.0,,False,False
lord_SH2_3,{=aom_lord_SH2_3_name}Sohrak,Sohrak,,Lord,shaghana,Cavalry,,true,,230.0,180.0,220.0,100.0,70.0,120.0,250.0,240.0,,False,False
lord_SH2_4,{=aom_lord_SH2_4_name}Kavûs,Kavûs,,Lord,shaghana,Cavalry,,true,,230.0,180.0,220.0,100.0,70.0,120.0,250.0,240.0,,False,False
lord_SH2_5,{=aom_lord_SH2_5_name}Tahmûr,Tahmûr,,Lord,shaghana,Cavalry,,true,,230.0,180.0,220.0,100.0,70.0,120.0,250.0,240.0,,False,False
lord_SH2_6,{=aom_lord_SH2_6_name}Faramûz,Faramûz,,Lord,shaghana,Cavalry,,true,,230.0,180.0,220.0,100.0,70.0,120.0,250.0,240.0,,False,False
lord_SH2_7,{=aom_lord_SH2_7_name}Farangîs,Farangîs,,Lord,shaghana,Cavalry,,true,,60.0,30.0,50.0,70.0,50.0,50.0,140.0,110.0,,False,False
lord_SH2_8,{=aom_lord_SH2_8_name}Katayûn,Katayûn,,Lord,shaghana,Cavalry,,true,,60.0,30.0,50.0,70.0,50.0,50.0,140.0,110.0,,False,False
lord_SH2_9,{=aom_lord_SH2_9_name}Rûdabeh,Rûdabeh,,Lord,shaghana,Cavalry,,true,,60.0,30.0,50.0,70.0,50.0,50.0,140.0,110.0,,False,False
lord_SH2_10,{=aom_lord_SH2_10_name}Sûdabeh,Sûdabeh,,Lord,shaghana,Cavalry,,true,,60.0,30.0,50.0,70.0,50.0,50.0,140.0,110.0,,False,False
lord_SH3_1,{=aom_lord_SH3_1_name}Tadeen,Tadeen,,Lord,shaghana,Cavalry,,true,,230.0,180.0,220.0,100.0,70.0,120.0,250.0,240.0,,False,False
lord_SH3_2,{=aom_lord_SH3_2_name}Goshtân,Goshtân,,Lord,shaghana,Cavalry,,true,,230.0,180.0,220.0,100.0,70.0,120.0,250.0,240.0,,False,False
lord_SH3_3,{=aom_lord_SH3_3_name}Zahhûk,Zahhûk,,Lord,shaghana,Cavalry,,true,,230.0,180.0,220.0,100.0,70.0,120.0,250.0,240.0,,False,False
lord_SH3_4,{=aom_lord_SH3_4_name}Mardûk,Mardûk,,Lord,shaghana,Cavalry,,true,,230.0,180.0,220.0,100.0,70.0,120.0,250.0,240.0,,False,False
lord_SH3_5,{=aom_lord_SH3_5_name}Sargûn,Sargûn,,Lord,shaghana,Cavalry,,true,,230.0,180.0,220.0,100.0,70.0,120.0,250.0,240.0,,False,False
lord_SH3_6,{=aom_lord_SH3_6_name}Ashûr,Ashûr,,Lord,shaghana,Cavalry,,true,,230.0,180.0,220.0,100.0,70.0,120.0,250.0,240.0,,False,False
lord_SH3_7,{=aom_lord_SH3_7_name}Tahmîneh,Tahmîneh,,Lord,shaghana,Cavalry,,true,,60.0,30.0,50.0,70.0,50.0,50.0,140.0,110.0,,False,False
lord_SH3_8,{=aom_lord_SH3_8_name}Sindûkht,Sindûkht,,Lord,shaghana,Cavalry,,true,,60.0,30.0,50.0,70.0,50.0,50.0,140.0,110.0,,False,False
lord_SH3_9,{=aom_lord_SH3_9_name}Shîrîn,Shîrîn,,Lord,shaghana,Cavalry,,true,,60.0,30.0,50.0,70.0,50.0,50.0,140.0,110.0,,False,False
lord_SH3_10,{=aom_lord_SH3_10_name}Azadeh,Azadeh,,Lord,shaghana,Cavalry,,true,,60.0,30.0,50.0,70.0,50.0,50.0,140.0,110.0,,False,False
lord_SH4_1,{=aom_lord_SH4_1_name}Nakhel,Nakhel,,Lord,shaghana,Cavalry,,true,,230.0,180.0,220.0,100.0,70.0,120.0,250.0,240.0,,False,False
lord_SH4_2,{=aom_lord_SH4_2_name}Nabûz,Nabûz,,Lord,shaghana,Cavalry,,true,,230.0,180.0,220.0,100.0,70.0,120.0,250.0,240.0,,False,False
lord_SH4_3,{=aom_lord_SH4_3_name}Sennûr,Sennûr,,Lord,shaghana,Cavalry,,true,,230.0,180.0,220.0,100.0,70.0,120.0,250.0,240.0,,False,False
lord_SH4_4,{=aom_lord_SH4_4_name}Tigharos,Tigharos,,Lord,shaghana,Cavalry,,true,,230.0,180.0,220.0,100.0,70.0,120.0,250.0,240.0,,False,False
lord_SH4_5,{=aom_lord_SH4_5_name}Hammûr,Hammûr,,Lord,shaghana,Cavalry,,true,,230.0,180.0,220.0,100.0,70.0,120.0,250.0,240.0,,False,False
lord_SH4_6,{=aom_lord_SH4_6_name}Kambûz,Kambûz,,Lord,shaghana,Cavalry,,true,,230.0,180.0,220.0,100.0,70.0,120.0,250.0,240.0,,False,False
lord_SH4_7,{=aom_lord_SH4_7_name}Gûlnar,Gûlnar,,Lord,shaghana,Cavalry,,true,,60.0,30.0,50.0,70.0,50.0,50.0,140.0,110.0,,False,False
lord_SH4_8,{=aom_lord_SH4_8_name}Pûrandar,Pûrandar,,Lord,shaghana,Cavalry,,true,,60.0,30.0,50.0,70.0,50.0,50.0,140.0,110.0,,False,False
lord_SH4_9,{=aom_lord_SH4_9_name}Âzarmî,Âzarmî,,Lord,shaghana,Cavalry,,true,,60.0,30.0,50.0,70.0,50.0,50.0,140.0,110.0,,False,False
lord_SH4_10,{=aom_lord_SH4_10_name}Banûra,Banûra,,Lord,shaghana,Cavalry,,true,,60.0,30.0,50.0,70.0,50.0,50.0,140.0,110.0,,False,False
lord_SH5_1,{=aom_lord_SH5_1_name}Yazur,Yazur,,Lord,shaghana,Cavalry,,true,,230.0,180.0,220.0,100.0,70.0,120.0,250.0,240.0,,False,False
lord_SH5_2,{=aom_lord_SH5_2_name}Cyrûn,Cyrûn,,Lord,shaghana,Cavalry,,true,,230.0,180.0,220.0,100.0,70.0,120.0,250.0,240.0,,False,False
lord_SH5_3,{=aom_lord_SH5_3_name}Xerûk,Xerûk,,Lord,shaghana,Cavalry,,true,,230.0,180.0,220.0,100.0,70.0,120.0,250.0,240.0,,False,False
lord_SH5_4,{=aom_lord_SH5_4_name}Dariûsh,Dariûsh,,Lord,shaghana,Cavalry,,true,,230.0,180.0,220.0,100.0,70.0,120.0,250.0,240.0,,False,False
lord_SH5_5,{=aom_lord_SH5_5_name}Behnûm,Behnûm,,Lord,shaghana,Cavalry,,true,,230.0,180.0,220.0,100.0,70.0,120.0,250.0,240.0,,False,False
lord_SH5_6,{=aom_lord_SH5_6_name}Farzâd,Farzâd,,Lord,shaghana,Cavalry,,true,,230.0,180.0,220.0,100.0,70.0,120.0,250.0,240.0,,False,False
lord_SH5_7,{=aom_lord_SH5_7_name}Delâram,Delâram,,Lord,shaghana,Cavalry,,true,,60.0,30.0,50.0,70.0,50.0,50.0,140.0,110.0,,False,False
lord_SH5_8,{=aom_lord_SH5_8_name}Estharâ,Estharâ,,Lord,shaghana,Cavalry,,true,,60.0,30.0,50.0,70.0,50.0,50.0,140.0,110.0,,False,False
lord_SH5_9,{=aom_lord_SH5_9_name}Faranak,Faranak,,Lord,shaghana,Cavalry,,true,,60.0,30.0,50.0,70.0,50.0,50.0,140.0,110.0,,False,False
lord_SH5_10,{=aom_lord_SH5_10_name}Gûlrukh,Gûlrukh,,Lord,shaghana,Cavalry,,true,,60.0,30.0,50.0,70.0,50.0,50.0,140.0,110.0,,False,False
lord_SH6_1,{=aom_lord_SH6_1_name}Kazan,Kazan,,Lord,shaghana,Cavalry,,true,,230.0,180.0,220.0,100.0,70.0,120.0,250.0,240.0,,False,False
lord_SH6_2,{=aom_lord_SH6_2_name}Hormûz,Hormûz,,Lord,shaghana,Cavalry,,true,,230.0,180.0,220.0,100.0,70.0,120.0,250.0,240.0,,False,False
lord_SH6_3,{=aom_lord_SH6_3_name}Jahûn,Jahûn,,Lord,shaghana,Cavalry,,true,,230.0,180.0,220.0,100.0,70.0,120.0,250.0,240.0,,False,False
lord_SH6_4,{=aom_lord_SH6_4_name}Kasrûn,Kasrûn,,Lord,shaghana,Cavalry,,true,,230.0,180.0,220.0,100.0,70.0,120.0,250.0,240.0,,False,False
lord_SH6_5,{=aom_lord_SH6_5_name}Manûchar,Manûchar,,Lord,shaghana,Cavalry,,true,,230.0,180.0,220.0,100.0,70.0,120.0,250.0,240.0,,False,False
lord_SH6_6,{=aom_lord_SH6_6_name}Narîman,Narîman,,Lord,shaghana,Cavalry,,true,,230.0,180.0,220.0,100.0,70.0,120.0,250.0,240.0,,False,False
lord_SH6_7,{=aom_lord_SH6_7_name}Homâra,Homâra,,Lord,shaghana,Cavalry,,true,,60.0,30.0,50.0,70.0,50.0,50.0,140.0,110.0,,False,False
lord_SH6_8,{=aom_lord_SH6_8_name}Jârya,Jârya,,Lord,shaghana,Cavalry,,true,,60.0,30.0,50.0,70.0,50.0,50.0,140.0,110.0,,False,False
lord_SH6_9,{=aom_lord_SH6_9_name}Kûshyâra,Kûshyâra,,Lord,shaghana,Cavalry,,true,,60.0,30.0,50.0,70.0,50.0,50.0,140.0,110.0,,False,False
lord_SH6_10,{=aom_lord_SH6_10_name}Lâleh,Lâleh,,Lord,shaghana,Cavalry,,true,,60.0,30.0,50.0,70.0,50.0,50.0,140.0,110.0,,False,False
lord_SH7_1,{=aom_lord_SH7_1_name}Haluz,Haluz,,Lord,shaghana,Cavalry,,true,,230.0,180.0,220.0,100.0,70.0,120.0,250.0,240.0,,False,False
lord_SH7_2,{=aom_lord_SH7_2_name}Parvîz,Parvîz,,Lord,shaghana,Cavalry,,true,,230.0,180.0,220.0,100.0,70.0,120.0,250.0,240.0,,False,False
lord_SH7_3,{=aom_lord_SH7_3_name}Qobâd,Qobâd,,Lord,shaghana,Cavalry,,true,,230.0,180.0,220.0,100.0,70.0,120.0,250.0,240.0,,False,False
lord_SH7_4,{=aom_lord_SH7_4_name}Sâsan,Sâsan,,Lord,shaghana,Cavalry,,true,,230.0,180.0,220.0,100.0,70.0,120.0,250.0,240.0,,False,False
lord_SH7_5,{=aom_lord_SH7_5_name}Shapûr,Shapûr,,Lord,shaghana,Cavalry,,true,,230.0,180.0,220.0,100.0,70.0,120.0,250.0,240.0,,False,False
lord_SH7_6,{=aom_lord_SH7_6_name}Tûranos,Tûranos,,Lord,shaghana,Cavalry,,true,,230.0,180.0,220.0,100.0,70.0,120.0,250.0,240.0,,False,False
lord_SH7_7,{=aom_lord_SH7_7_name}Mahsâ,Mahsâ,,Lord,shaghana,Cavalry,,true,,60.0,30.0,50.0,70.0,50.0,50.0,140.0,110.0,,False,False
lord_SH7_8,{=aom_lord_SH7_8_name}Nâhid,Nâhid,,Lord,shaghana,Cavalry,,true,,60.0,30.0,50.0,70.0,50.0,50.0,140.0,110.0,,False,False
lord_SH7_9,{=aom_lord_SH7_9_name}Parisâ,Parisâ,,Lord,shaghana,Cavalry,,true,,60.0,30.0,50.0,70.0,50.0,50.0,140.0,110.0,,False,False
lord_SH7_10,{=aom_lord_SH7_10_name}Rûzâ,Rûzâ,,Lord,shaghana,Cavalry,,true,,60.0,30.0,50.0,70.0,50.0,50.0,140.0,110.0,,False,False
lord_SH8_1,{=aom_lord_SH8_1_name}Farun,Farun,,Lord,shaghana,Cavalry,,true,,230.0,180.0,220.0,100.0,70.0,120.0,250.0,240.0,,False,False
lord_SH8_2,{=aom_lord_SH8_2_name}Varûz,Varûz,,Lord,shaghana,Cavalry,,true,,230.0,180.0,220.0,100.0,70.0,120.0,250.0,240.0,,False,False
lord_SH8_3,{=aom_lord_SH8_3_name}Yazdâr,Yazdâr,,Lord,shaghana,Cavalry,,true,,230.0,180.0,220.0,100.0,70.0,120.0,250.0,240.0,,False,False
lord_SH8_4,{=aom_lord_SH8_4_name}Zalûk,Zalûk,,Lord,shaghana,Cavalry,,true,,230.0,180.0,220.0,100.0,70.0,120.0,250.0,240.0,,False,False
lord_SH8_5,{=aom_lord_SH8_5_name}Anûsh,Anûsh,,Lord,shaghana,Cavalry,,true,,230.0,180.0,220.0,100.0,70.0,120.0,250.0,240.0,,False,False
lord_SH8_6,{=aom_lord_SH8_6_name}Bîjan,Bîjan,,Lord,shaghana,Cavalry,,true,,230.0,180.0,220.0,100.0,70.0,120.0,250.0,240.0,,False,False
lord_SH8_7,{=aom_lord_SH8_7_name}Shahrnâz,Shahrnâz,,Lord,shaghana,Cavalry,,true,,60.0,30.0,50.0,70.0,50.0,50.0,140.0,110.0,,False,False
lord_SH8_8,{=aom_lord_SH8_8_name}Tûraja,Tûraja,,Lord,shaghana,Cavalry,,true,,60.0,30.0,50.0,70.0,50.0,50.0,140.0,110.0,,False,False
lord_SH8_9,{=aom_lord_SH8_9_name}Vâshti,Vâshti,,Lord,shaghana,Cavalry,,true,,60.0,30.0,50.0,70.0,50.0,50.0,140.0,110.0,,False,False
lord_SH8_10,{=aom_lord_SH8_10_name}Yâsmin,Yâsmin,,Lord,shaghana,Cavalry,,true,,60.0,30.0,50.0,70.0,50.0,50.0,140.0,110.0,,False,False
lord_SH9_1,{=aom_lord_SH9_1_name}Saluz,Saluz,,Lord,shaghana,Cavalry,,true,,230.0,180.0,220.0,100.0,70.0,120.0,250.0,240.0,,False,False
lord_SH9_2,{=aom_lord_SH9_2_name}Esfanos,Esfanos,,Lord,shaghana,Cavalry,,true,,230.0,180.0,220.0,100.0,70.0,120.0,250.0,240.0,,False,False
lord_SH9_3,{=aom_lord_SH9_3_name}Gîvar,Gîvar,,Lord,shaghana,Cavalry,,true,,230.0,180.0,220.0,100.0,70.0,120.0,250.0,240.0,,False,False
lord_SH9_4,{=aom_lord_SH9_4_name}Hûshang,Hûshang,,Lord,shaghana,Cavalry,,true,,230.0,180.0,220.0,100.0,70.0,120.0,250.0,240.0,,False,False
lord_SH9_5,{=aom_lord_SH9_5_name}Irâj,Irâj,,Lord,shaghana,Cavalry,,true,,230.0,180.0,220.0,100.0,70.0,120.0,250.0,240.0,,False,False
lord_SH9_6,{=aom_lord_SH9_6_name}Jamshûd,Jamshûd,,Lord,shaghana,Cavalry,,true,,230.0,180.0,220.0,100.0,70.0,120.0,250.0,240.0,,False,False
lord_SH9_7,{=aom_lord_SH9_7_name}Zarrîn,Zarrîn,,Lord,shaghana,Cavalry,,true,,60.0,30.0,50.0,70.0,50.0,50.0,140.0,110.0,,False,False
lord_SH9_8,{=aom_lord_SH9_8_name}Anâhita,Anâhita,,Lord,shaghana,Cavalry,,true,,60.0,30.0,50.0,70.0,50.0,50.0,140.0,110.0,,False,False
lord_SH9_9,{=aom_lord_SH9_9_name}Bahâra,Bahâra,,Lord,shaghana,Cavalry,,true,,60.0,30.0,50.0,70.0,50.0,50.0,140.0,110.0,,False,False
lord_SH9_10,{=aom_lord_SH9_10_name}Cyrâ,Cyrâ,,Lord,shaghana,Cavalry,,true,,60.0,30.0,50.0,70.0,50.0,50.0,140.0,110.0,,False,False
lord_AB1_1,{=aom_lord_AB1_1_name}Phaxar,Phaxar,,Lord,abanissa,Infantry,,true,,230.0,180.0,220.0,100.0,70.0,120.0,250.0,240.0,,False,False
lord_AB1_2,{=aom_lord_AB1_2_name}Karûn,Karûn,,Lord,abanissa,Infantry,,true,,230.0,180.0,220.0,100.0,70.0,120.0,250.0,240.0,,False,False
lord_AB1_3,{=aom_lord_AB1_3_name}Lohrâs,Lohrâs,,Lord,abanissa,Infantry,,true,,230.0,180.0,220.0,100.0,70.0,120.0,250.0,240.0,,False,False
lord_AB1_4,{=aom_lord_AB1_4_name}Mihrak,Mihrak,,Lord,abanissa,Infantry,,true,,230.0,180.0,220.0,100.0,70.0,120.0,250.0,240.0,,False,False
lord_AB1_5,{=aom_lord_AB1_5_name}Nûzar,Nûzar,,Lord,abanissa,Infantry,,true,,230.0,180.0,220.0,100.0,70.0,120.0,250.0,240.0,,False,False
lord_AB1_6,{=aom_lord_AB1_6_name}Ohrmûz,Ohrmûz,,Lord,abanissa,Infantry,,true,,230.0,180.0,220.0,100.0,70.0,120.0,250.0,240.0,,False,False
lord_AB1_7,{=aom_lord_AB1_7_name}Dûria,Dûria,,Lord,abanissa,Infantry,,true,,60.0,30.0,50.0,70.0,50.0,50.0,140.0,110.0,,False,False
lord_AB1_8,{=aom_lord_AB1_8_name}Farâh,Farâh,,Lord,abanissa,Infantry,,true,,60.0,30.0,50.0,70.0,50.0,50.0,140.0,110.0,,False,False
lord_AB1_9,{=aom_lord_AB1_9_name}Gûlbahar,Gûlbahar,,Lord,abanissa,Infantry,,true,,60.0,30.0,50.0,70.0,50.0,50.0,140.0,110.0,,False,False
lord_AB1_10,{=aom_lord_AB1_10_name}Hûria,Hûria,,Lord,abanissa,Infantry,,true,,60.0,30.0,50.0,70.0,50.0,50.0,140.0,110.0,,False,False
lord_AB2_1,{=aom_lord_AB2_1_name}Hoshed,Hoshed,,Lord,abanissa,Infantry,,true,,230.0,180.0,220.0,100.0,70.0,120.0,250.0,240.0,,False,False
lord_AB2_2,{=aom_lord_AB2_2_name}Pirûn,Pirûn,,Lord,abanissa,Infantry,,true,,230.0,180.0,220.0,100.0,70.0,120.0,250.0,240.0,,False,False
lord_AB2_3,{=aom_lord_AB2_3_name}Rûzbeh,Rûzbeh,,Lord,abanissa,Infantry,,true,,230.0,180.0,220.0,100.0,70.0,120.0,250.0,240.0,,False,False
lord_AB2_4,{=aom_lord_AB2_4_name}Siyâk,Siyâk,,Lord,abanissa,Infantry,,true,,230.0,180.0,220.0,100.0,70.0,120.0,250.0,240.0,,False,False
lord_AB2_5,{=aom_lord_AB2_5_name}Tûsar,Tûsar,,Lord,abanissa,Infantry,,true,,230.0,180.0,220.0,100.0,70.0,120.0,250.0,240.0,,False,False
lord_AB2_6,{=aom_lord_AB2_6_name}Ardûsh,Ardûsh,,Lord,abanissa,Infantry,,true,,230.0,180.0,220.0,100.0,70.0,120.0,250.0,240.0,,False,False
lord_AB2_7,{=aom_lord_AB2_7_name}Jahâna,Jahâna,,Lord,abanissa,Infantry,,true,,60.0,30.0,50.0,70.0,50.0,50.0,140.0,110.0,,False,False
lord_AB2_8,{=aom_lord_AB2_8_name}Kûrina,Kûrina,,Lord,abanissa,Infantry,,true,,60.0,30.0,50.0,70.0,50.0,50.0,140.0,110.0,,False,False
lord_AB2_9,{=aom_lord_AB2_9_name}Mihrî,Mihrî,,Lord,abanissa,Infantry,,true,,60.0,30.0,50.0,70.0,50.0,50.0,140.0,110.0,,False,False
lord_AB2_10,{=aom_lord_AB2_10_name}Narghîs,Narghîs,,Lord,abanissa,Infantry,,true,,60.0,30.0,50.0,70.0,50.0,50.0,140.0,110.0,,False,False
lord_AB3_1,{=aom_lord_AB3_1_name}Vasnar,Vasnar,,Lord,abanissa,Infantry,,true,,230.0,180.0,220.0,100.0,70.0,120.0,250.0,240.0,,False,False
lord_AB3_2,{=aom_lord_AB3_2_name}Bahmûr,Bahmûr,,Lord,abanissa,Infantry,,true,,230.0,180.0,220.0,100.0,70.0,120.0,250.0,240.0,,False,False
lord_AB3_3,{=aom_lord_AB3_3_name}Farrûk,Farrûk,,Lord,abanissa,Infantry,,true,,230.0,180.0,220.0,100.0,70.0,120.0,250.0,240.0,,False,False
lord_AB3_4,{=aom_lord_AB3_4_name}Garshûp,Garshûp,,Lord,abanissa,Infantry,,true,,230.0,180.0,220.0,100.0,70.0,120.0,250.0,240.0,,False,False
lord_AB3_5,{=aom_lord_AB3_5_name}Hûman,Hûman,,Lord,abanissa,Infantry,,true,,230.0,180.0,220.0,100.0,70.0,120.0,250.0,240.0,,False,False
lord_AB3_6,{=aom_lord_AB3_6_name}Isfanar,Isfanar,,Lord,abanissa,Infantry,,true,,230.0,180.0,220.0,100.0,70.0,120.0,250.0,240.0,,False,False
lord_AB3_7,{=aom_lord_AB3_7_name}Parvâneh,Parvâneh,,Lord,abanissa,Infantry,,true,,60.0,30.0,50.0,70.0,50.0,50.0,140.0,110.0,,False,False
lord_AB3_8,{=aom_lord_AB3_8_name}Rûshanâ,Rûshanâ,,Lord,abanissa,Infantry,,true,,60.0,30.0,50.0,70.0,50.0,50.0,140.0,110.0,,False,False
lord_AB3_9,{=aom_lord_AB3_9_name}Sûsan,Sûsan,,Lord,abanissa,Infantry,,true,,60.0,30.0,50.0,70.0,50.0,50.0,140.0,110.0,,False,False
lord_AB3_10,{=aom_lord_AB3_10_name}Tûrana,Tûrana,,Lord,abanissa,Infantry,,true,,60.0,30.0,50.0,70.0,50.0,50.0,140.0,110.0,,False,False
lord_AB4_1,{=aom_lord_AB4_1_name}Goraze,Goraze,,Lord,abanissa,Infantry,,true,,230.0,180.0,220.0,100.0,70.0,120.0,250.0,240.0,,False,False
lord_AB4_2,{=aom_lord_AB4_2_name}Kûrash,Kûrash,,Lord,abanissa,Infantry,,true,,230.0,180.0,220.0,100.0,70.0,120.0,250.0,240.0,,False,False
lord_AB4_3,{=aom_lord_AB4_3_name}Mazdûk,Mazdûk,,Lord,abanissa,Infantry,,true,,230.0,180.0,220.0,100.0,70.0,120.0,250.0,240.0,,False,False
lord_AB4_4,{=aom_lord_AB4_4_name}Narseh,Narseh,,Lord,abanissa,Infantry,,true,,230.0,180.0,220.0,100.0,70.0,120.0,250.0,240.0,,False,False
lord_AB4_5,{=aom_lord_AB4_5_name}Orodûn,Orodûn,,Lord,abanissa,Infantry,,true,,230.0,180.0,220.0,100.0,70.0,120.0,250.0,240.0,,False,False
lord_AB4_6,{=aom_lord_AB4_6_name}Pakûr,Pakûr,,Lord,abanissa,Infantry,,true,,230.0,180.0,220.0,100.0,70.0,120.0,250.0,240.0,,False,False
lord_AB4_7,{=aom_lord_AB4_7_name}Vîda,Vîda,,Lord,abanissa,Infantry,,true,,60.0,30.0,50.0,70.0,50.0,50.0,140.0,110.0,,False,False
lord_AB4_8,{=aom_lord_AB4_8_name}Yaldâ,Yaldâ,,Lord,abanissa,Infantry,,true,,60.0,30.0,50.0,70.0,50.0,50.0,140.0,110.0,,False,False
lord_AB4_9,{=aom_lord_AB4_9_name}Zûleikha,Zûleikha,,Lord,abanissa,Infantry,,true,,60.0,30.0,50.0,70.0,50.0,50.0,140.0,110.0,,False,False
lord_AB4_10,{=aom_lord_AB4_10_name}Âbâna,Âbâna,,Lord,abanissa,Infantry,,true,,60.0,30.0,50.0,70.0,50.0,50.0,140.0,110.0,,False,False
lord_AB5_1,{=aom_lord_AB5_1_name}Azadan,Azadan,,Lord,abanissa,Infantry,,true,,230.0,180.0,220.0,100.0,70.0,120.0,250.0,240.0,,False,False
lord_AB5_2,{=aom_lord_AB5_2_name}Rashnûr,Rashnûr,,Lord,abanissa,Infantry,,true,,230.0,180.0,220.0,100.0,70.0,120.0,250.0,240.0,,False,False
lord_AB5_3,{=aom_lord_AB5_3_name}Shahrûm,Shahrûm,,Lord,abanissa,Infantry,,true,,230.0,180.0,220.0,100.0,70.0,120.0,250.0,240.0,,False,False
lord_AB5_4,{=aom_lord_AB5_4_name}Tirdûn,Tirdûn,,Lord,abanissa,Infantry,,true,,230.0,180.0,220.0,100.0,70.0,120.0,250.0,240.0,,False,False
lord_AB5_5,{=aom_lord_AB5_5_name}Vologar,Vologar,,Lord,abanissa,Infantry,,true,,230.0,180.0,220.0,100.0,70.0,120.0,250.0,240.0,,False,False
lord_AB5_6,{=aom_lord_AB5_6_name}Zamûsp,Zamûsp,,Lord,abanissa,Infantry,,true,,230.0,180.0,220.0,100.0,70.0,120.0,250.0,240.0,,False,False
lord_AB5_7,{=aom_lord_AB5_7_name}Banîn,Banîn,,Lord,abanissa,Infantry,,true,,60.0,30.0,50.0,70.0,50.0,50.0,140.0,110.0,,False,False
lord_AB5_8,{=aom_lord_AB5_8_name}Châhra,Châhra,,Lord,abanissa,Infantry,,true,,60.0,30.0,50.0,70.0,50.0,50.0,140.0,110.0,,False,False
lord_AB5_9,{=aom_lord_AB5_9_name}Delkash,Delkash,,Lord,abanissa,Infantry,,true,,60.0,30.0,50.0,70.0,50.0,50.0,140.0,110.0,,False,False
lord_AB5_10,{=aom_lord_AB5_10_name}Farzâneh,Farzâneh,,Lord,abanissa,Infantry,,true,,60.0,30.0,50.0,70.0,50.0,50.0,140.0,110.0,,False,False
lord_AB6_1,{=aom_lord_AB6_1_name}Artash,Artash,,Lord,abanissa,Infantry,,true,,230.0,180.0,220.0,100.0,70.0,120.0,250.0,240.0,,False,False
lord_AB6_2,{=aom_lord_AB6_2_name}Azarûn,Azarûn,,Lord,abanissa,Infantry,,true,,230.0,180.0,220.0,100.0,70.0,120.0,250.0,240.0,,False,False
lord_AB6_3,{=aom_lord_AB6_3_name}Borzûy,Borzûy,,Lord,abanissa,Infantry,,true,,230.0,180.0,220.0,100.0,70.0,120.0,250.0,240.0,,False,False
lord_AB6_4,{=aom_lord_AB6_4_name}Dânûsh,Dânûsh,,Lord,abanissa,Infantry,,true,,230.0,180.0,220.0,100.0,70.0,120.0,250.0,240.0,,False,False
lord_AB6_5,{=aom_lord_AB6_5_name}Farûhar,Farûhar,,Lord,abanissa,Infantry,,true,,230.0,180.0,220.0,100.0,70.0,120.0,250.0,240.0,,False,False
lord_AB6_6,{=aom_lord_AB6_6_name}Gûdarz,Gûdarz,,Lord,abanissa,Infantry,,true,,230.0,180.0,220.0,100.0,70.0,120.0,250.0,240.0,,False,False
lord_AB6_7,{=aom_lord_AB6_7_name}Gûhara,Gûhara,,Lord,abanissa,Infantry,,true,,60.0,30.0,50.0,70.0,50.0,50.0,140.0,110.0,,False,False
lord_AB6_8,{=aom_lord_AB6_8_name}Hûma,Hûma,,Lord,abanissa,Infantry,,true,,60.0,30.0,50.0,70.0,50.0,50.0,140.0,110.0,,False,False
lord_AB6_9,{=aom_lord_AB6_9_name}Jasmûna,Jasmûna,,Lord,abanissa,Infantry,,true,,60.0,30.0,50.0,70.0,50.0,50.0,140.0,110.0,,False,False
lord_AB6_10,{=aom_lord_AB6_10_name}Kûlsûm,Kûlsûm,,Lord,abanissa,Infantry,,true,,60.0,30.0,50.0,70.0,50.0,50.0,140.0,110.0,,False,False
lord_AB7_1,{=aom_lord_AB7_1_name}Ardach,Ardach,,Lord,abanissa,Infantry,,true,,230.0,180.0,220.0,100.0,70.0,120.0,250.0,240.0,,False,False
lord_AB7_2,{=aom_lord_AB7_2_name}Hûtan,Hûtan,,Lord,abanissa,Infantry,,true,,230.0,180.0,220.0,100.0,70.0,120.0,250.0,240.0,,False,False
lord_AB7_3,{=aom_lord_AB7_3_name}Kûhram,Kûhram,,Lord,abanissa,Infantry,,true,,230.0,180.0,220.0,100.0,70.0,120.0,250.0,240.0,,False,False
lord_AB7_4,{=aom_lord_AB7_4_name}Mahûz,Mahûz,,Lord,abanissa,Infantry,,true,,230.0,180.0,220.0,100.0,70.0,120.0,250.0,240.0,,False,False
lord_AB7_5,{=aom_lord_AB7_5_name}Nastûr,Nastûr,,Lord,abanissa,Infantry,,true,,230.0,180.0,220.0,100.0,70.0,120.0,250.0,240.0,,False,False
lord_AB7_6,{=aom_lord_AB7_6_name}Pûlvand,Pûlvand,,Lord,abanissa,Infantry,,true,,230.0,180.0,220.0,100.0,70.0,120.0,250.0,240.0,,False,False
lord_AB7_7,{=aom_lord_AB7_7_name}Mehrî,Mehrî,,Lord,abanissa,Infantry,,true,,60.0,30.0,50.0,70.0,50.0,50.0,140.0,110.0,,False,False
lord_AB7_8,{=aom_lord_AB7_8_name}Nasrîn,Nasrîn,,Lord,abanissa,Infantry,,true,,60.0,30.0,50.0,70.0,50.0,50.0,140.0,110.0,,False,False
lord_AB7_9,{=aom_lord_AB7_9_name}Pârmida,Pârmida,,Lord,abanissa,Infantry,,true,,60.0,30.0,50.0,70.0,50.0,50.0,140.0,110.0,,False,False
lord_AB7_10,{=aom_lord_AB7_10_name}Rûshan,Rûshan,,Lord,abanissa,Infantry,,true,,60.0,30.0,50.0,70.0,50.0,50.0,140.0,110.0,,False,False
lord_AB8_1,{=aom_lord_AB8_1_name}Tirdah,Tirdah,,Lord,abanissa,Infantry,,true,,230.0,180.0,220.0,100.0,70.0,120.0,250.0,240.0,,False,False
lord_AB8_2,{=aom_lord_AB8_2_name}Sâveh,Sâveh,,Lord,abanissa,Infantry,,true,,230.0,180.0,220.0,100.0,70.0,120.0,250.0,240.0,,False,False
lord_AB8_3,{=aom_lord_AB8_3_name}Tûmar,Tûmar,,Lord,abanissa,Infantry,,true,,230.0,180.0,220.0,100.0,70.0,120.0,250.0,240.0,,False,False
lord_AB8_4,{=aom_lord_AB8_4_name}Vârazûn,Vârazûn,,Lord,abanissa,Infantry,,true,,230.0,180.0,220.0,100.0,70.0,120.0,250.0,240.0,,False,False
lord_AB8_5,{=aom_lord_AB8_5_name}Zangûr,Zangûr,,Lord,abanissa,Infantry,,true,,230.0,180.0,220.0,100.0,70.0,120.0,250.0,240.0,,False,False
lord_AB8_6,{=aom_lord_AB8_6_name}Aspûr,Aspûr,,Lord,abanissa,Infantry,,true,,230.0,180.0,220.0,100.0,70.0,120.0,250.0,240.0,,False,False
lord_AB8_7,{=aom_lord_AB8_7_name}Saharâ,Saharâ,,Lord,abanissa,Infantry,,true,,60.0,30.0,50.0,70.0,50.0,50.0,140.0,110.0,,False,False
lord_AB8_8,{=aom_lord_AB8_8_name}Tûba,Tûba,,Lord,abanissa,Infantry,,true,,60.0,30.0,50.0,70.0,50.0,50.0,140.0,110.0,,False,False
lord_AB8_9,{=aom_lord_AB8_9_name}Zhâleh,Zhâleh,,Lord,abanissa,Infantry,,true,,60.0,30.0,50.0,70.0,50.0,50.0,140.0,110.0,,False,False
lord_AB8_10,{=aom_lord_AB8_10_name}Yâra,Yâra,,Lord,abanissa,Infantry,,true,,60.0,30.0,50.0,70.0,50.0,50.0,140.0,110.0,,False,False
lord_GB1_1,{=aom_lord_GB1_1_name}Muzgash,Muzgash,,Lord,goblin,Infantry,,true,,275.0,265.0,240.0,170.0,110.0,190.0,190.0,265.0,,False,False
lord_GB1_2,{=aom_lord_GB1_2_name}Lugdush,Lugdush,,Lord,goblin,Infantry,,true,,235.0,220.0,215.0,140.0,90.0,160.0,150.0,240.0,,False,False
lord_GB1_3,{=aom_lord_GB1_3_name}Radbug,Radbug,,Lord,goblin,Infantry,,true,,235.0,220.0,215.0,140.0,90.0,160.0,150.0,240.0,,False,False
lord_GB1_4,{=aom_lord_GB1_4_name}Gorbag,Gorbag,,Lord,goblin,Infantry,,true,,235.0,220.0,215.0,140.0,90.0,160.0,150.0,240.0,,False,False
lord_GB1_5,{=aom_lord_GB1_5_name}Shagrat,Shagrat,,Lord,goblin,Infantry,,true,,235.0,220.0,215.0,140.0,90.0,160.0,150.0,240.0,,False,False
lord_GB1_6,{=aom_lord_GB1_6_name}Ufthak,Ufthak,,Lord,goblin,Infantry,,true,,235.0,220.0,215.0,140.0,90.0,160.0,150.0,240.0,,False,False
lord_GB1_7,{=aom_lord_GB1_7_name}Hagza,Hagza,,Lord,goblin,Infantry,,true,,170.0,160.0,160.0,160.0,110.0,140.0,110.0,200.0,,False,False
lord_GB1_8,{=aom_lord_GB1_8_name}Mogra,Mogra,,Lord,goblin,Infantry,,true,,170.0,160.0,160.0,160.0,110.0,140.0,110.0,200.0,,False,False
lord_GB2_1,{=aom_lord_GB2_1_name}Ufthak,Ufthak,,Lord,goblin,Infantry,,true,,235.0,220.0,215.0,140.0,90.0,160.0,150.0,240.0,,False,False
lord_GB2_2,{=aom_lord_GB2_2_name}Lagduf,Lagduf,,Lord,goblin,Infantry,,true,,235.0,220.0,215.0,140.0,90.0,160.0,150.0,240.0,,False,False
lord_GB2_3,{=aom_lord_GB2_3_name}Orcobal,Orcobal,,Lord,goblin,Infantry,,true,,235.0,220.0,215.0,140.0,90.0,160.0,150.0,240.0,,False,False
lord_GB2_4,{=aom_lord_GB2_4_name}Yazneg,Yazneg,,Lord,goblin,Infantry,,true,,235.0,220.0,215.0,140.0,90.0,160.0,150.0,240.0,,False,False
lord_GB2_5,{=aom_lord_GB2_5_name}Narzug,Narzug,,Lord,goblin,Infantry,,true,,235.0,220.0,215.0,140.0,90.0,160.0,150.0,240.0,,False,False
lord_GB2_6,{=aom_lord_GB2_6_name}Grukhash,Grukhash,,Lord,goblin,Infantry,,true,,235.0,220.0,215.0,140.0,90.0,160.0,150.0,240.0,,False,False
lord_GB2_7,{=aom_lord_GB2_7_name}Gralza,Gralza,,Lord,goblin,Infantry,,true,,170.0,160.0,160.0,160.0,110.0,140.0,110.0,200.0,,False,False
lord_GB2_8,{=aom_lord_GB2_8_name}Shelza,Shelza,,Lord,goblin,Infantry,,true,,170.0,160.0,160.0,160.0,110.0,140.0,110.0,200.0,,False,False
lord_GB3_1,{=aom_lord_GB3_1_name}Grukhash,Grukhash,,Lord,goblin,Infantry,,true,,235.0,220.0,215.0,140.0,90.0,160.0,150.0,240.0,,False,False
lord_GB3_2,{=aom_lord_GB3_2_name}Mauhur,Mauhur,,Lord,goblin,Infantry,,true,,235.0,220.0,215.0,140.0,90.0,160.0,150.0,240.0,,False,False
lord_GB3_3,{=aom_lord_GB3_3_name}Uglûk,Uglûk,,Lord,goblin,Infantry,,true,,235.0,220.0,215.0,140.0,90.0,160.0,150.0,240.0,,False,False
lord_GB3_4,{=aom_lord_GB3_4_name}Bûrzum,Bûrzum,,Lord,goblin,Infantry,,true,,235.0,220.0,215.0,140.0,90.0,160.0,150.0,240.0,,False,False
lord_GB3_5,{=aom_lord_GB3_5_name}Throkmaw,Throkmaw,,Lord,goblin,Infantry,,true,,235.0,220.0,215.0,140.0,90.0,160.0,150.0,240.0,,False,False
lord_GB3_6,{=aom_lord_GB3_6_name}Skarsnik,Skarsnik,,Lord,goblin,Infantry,,true,,235.0,220.0,215.0,140.0,90.0,160.0,150.0,240.0,,False,False
lord_GB3_7,{=aom_lord_GB3_7_name}Vugza,Vugza,,Lord,goblin,Infantry,,true,,170.0,160.0,160.0,160.0,110.0,140.0,110.0,200.0,,False,False
lord_GB3_8,{=aom_lord_GB3_8_name}Skralga,Skralga,,Lord,goblin,Infantry,,true,,170.0,160.0,160.0,160.0,110.0,140.0,110.0,200.0,,False,False
lord_GB4_1,{=aom_lord_GB4_1_name}Skarsnik,Skarsnik,,Lord,goblin,Infantry,,true,,235.0,220.0,215.0,140.0,90.0,160.0,150.0,240.0,,False,False
lord_GB4_2,{=aom_lord_GB4_2_name}Gnashrak,Gnashrak,,Lord,goblin,Infantry,,true,,235.0,220.0,215.0,140.0,90.0,160.0,150.0,240.0,,False,False
lord_GB4_3,{=aom_lord_GB4_3_name}Vrakthar,Vrakthar,,Lord,goblin,Infantry,,true,,235.0,220.0,215.0,140.0,90.0,160.0,150.0,240.0,,False,False
lord_GB4_4,{=aom_lord_GB4_4_name}Dushgar,Dushgar,,Lord,goblin,Infantry,,true,,235.0,220.0,215.0,140.0,90.0,160.0,150.0,240.0,,False,False
lord_GB4_5,{=aom_lord_GB4_5_name}Krimpük,Krimpük,,Lord,goblin,Infantry,,true,,235.0,220.0,215.0,140.0,90.0,160.0,150.0,240.0,,False,False
lord_GB4_6,{=aom_lord_GB4_6_name}Gashnar,Gashnar,,Lord,goblin,Infantry,,true,,235.0,220.0,215.0,140.0,90.0,160.0,150.0,240.0,,False,False
lord_GB4_7,{=aom_lord_GB4_7_name}Lazgha,Lazgha,,Lord,goblin,Infantry,,true,,170.0,160.0,160.0,160.0,110.0,140.0,110.0,200.0,,False,False
lord_GB4_8,{=aom_lord_GB4_8_name}Burza,Burza,,Lord,goblin,Infantry,,true,,170.0,160.0,160.0,160.0,110.0,140.0,110.0,200.0,,False,False
lord_GB5_1,{=aom_lord_GB5_1_name}Gashnar,Gashnar,,Lord,goblin,Infantry,,true,,235.0,220.0,215.0,140.0,90.0,160.0,150.0,240.0,,False,False
lord_GB5_2,{=aom_lord_GB5_2_name}Morgrub,Morgrub,,Lord,goblin,Infantry,,true,,235.0,220.0,215.0,140.0,90.0,160.0,150.0,240.0,,False,False
lord_GB5_3,{=aom_lord_GB5_3_name}Snagbut,Snagbut,,Lord,goblin,Infantry,,true,,235.0,220.0,215.0,140.0,90.0,160.0,150.0,240.0,,False,False
lord_GB5_4,{=aom_lord_GB5_4_name}Hrakdush,Hrakdush,,Lord,goblin,Infantry,,true,,235.0,220.0,215.0,140.0,90.0,160.0,150.0,240.0,,False,False
lord_GB5_5,{=aom_lord_GB5_5_name}Boldog,Boldog,,Lord,goblin,Infantry,,true,,235.0,220.0,215.0,140.0,90.0,160.0,150.0,240.0,,False,False
lord_GB5_6,{=aom_lord_GB5_6_name}Lugbol,Lugbol,,Lord,goblin,Infantry,,true,,235.0,220.0,215.0,140.0,90.0,160.0,150.0,240.0,,False,False
lord_GB5_7,{=aom_lord_GB5_7_name}Brakza,Brakza,,Lord,goblin,Infantry,,true,,170.0,160.0,160.0,160.0,110.0,140.0,110.0,200.0,,False,False
lord_GB5_8,{=aom_lord_GB5_8_name}Gnarla,Gnarla,,Lord,goblin,Infantry,,true,,170.0,160.0,160.0,160.0,110.0,140.0,110.0,200.0,,False,False
lord_MM1_1,{=aom_lord_MM1_1_name}Bûrzum,Bûrzum,,Lord,mistymountainorcs,Infantry,,true,,275.0,265.0,240.0,170.0,110.0,190.0,190.0,265.0,,False,False
lord_MM1_2,{=aom_lord_MM1_2_name}Throkmaw,Throkmaw,,Lord,mistymountainorcs,Infantry,,true,,235.0,220.0,215.0,140.0,90.0,160.0,150.0,240.0,,False,False
lord_MM1_3,{=aom_lord_MM1_3_name}Skarsnik,Skarsnik,,Lord,mistymountainorcs,Infantry,,true,,235.0,220.0,215.0,140.0,90.0,160.0,150.0,240.0,,False,False
lord_MM1_4,{=aom_lord_MM1_4_name}Gnashrak,Gnashrak,,Lord,mistymountainorcs,Infantry,,true,,235.0,220.0,215.0,140.0,90.0,160.0,150.0,240.0,,False,False
lord_MM1_5,{=aom_lord_MM1_5_name}Vrakthar,Vrakthar,,Lord,mistymountainorcs,Infantry,,true,,235.0,220.0,215.0,140.0,90.0,160.0,150.0,240.0,,False,False
lord_MM1_6,{=aom_lord_MM1_6_name}Dushgar,Dushgar,,Lord,mistymountainorcs,Infantry,,true,,235.0,220.0,215.0,140.0,90.0,160.0,150.0,240.0,,False,False
lord_MM1_7,{=aom_lord_MM1_7_name}Mogra,Mogra,,Lord,mistymountainorcs,Infantry,,true,,170.0,160.0,160.0,160.0,110.0,140.0,110.0,200.0,,False,False
lord_MM1_8,{=aom_lord_MM1_8_name}Urshza,Urshza,,Lord,mistymountainorcs,Infantry,,true,,170.0,160.0,160.0,160.0,110.0,140.0,110.0,200.0,,False,False
lord_MM2_1,{=aom_lord_MM2_1_name}Dushgar,Dushgar,,Lord,mistymountainorcs,Infantry,,true,,235.0,220.0,215.0,140.0,90.0,160.0,150.0,240.0,,False,False
lord_MM2_2,{=aom_lord_MM2_2_name}Krimpük,Krimpük,,Lord,mistymountainorcs,Infantry,,true,,235.0,220.0,215.0,140.0,90.0,160.0,150.0,240.0,,False,False
lord_MM2_3,{=aom_lord_MM2_3_name}Gashnar,Gashnar,,Lord,mistymountainorcs,Infantry,,true,,235.0,220.0,215.0,140.0,90.0,160.0,150.0,240.0,,False,False
lord_MM2_4,{=aom_lord_MM2_4_name}Morgrub,Morgrub,,Lord,mistymountainorcs,Infantry,,true,,235.0,220.0,215.0,140.0,90.0,160.0,150.0,240.0,,False,False
lord_MM2_5,{=aom_lord_MM2_5_name}Snagbut,Snagbut,,Lord,mistymountainorcs,Infantry,,true,,235.0,220.0,215.0,140.0,90.0,160.0,150.0,240.0,,False,False
lord_MM2_6,{=aom_lord_MM2_6_name}Hrakdush,Hrakdush,,Lord,mistymountainorcs,Infantry,,true,,235.0,220.0,215.0,140.0,90.0,160.0,150.0,240.0,,False,False
lord_MM2_7,{=aom_lord_MM2_7_name}Shelza,Shelza,,Lord,mistymountainorcs,Infantry,,true,,170.0,160.0,160.0,160.0,110.0,140.0,110.0,200.0,,False,False
lord_MM2_8,{=aom_lord_MM2_8_name}Ulga,Ulga,,Lord,mistymountainorcs,Infantry,,true,,170.0,160.0,160.0,160.0,110.0,140.0,110.0,200.0,,False,False
lord_MM3_1,{=aom_lord_MM3_1_name}Hrakdush,Hrakdush,,Lord,mistymountainorcs,Infantry,,true,,235.0,220.0,215.0,140.0,90.0,160.0,150.0,240.0,,False,False
lord_MM3_2,{=aom_lord_MM3_2_name}Boldog,Boldog,,Lord,mistymountainorcs,Infantry,,true,,235.0,220.0,215.0,140.0,90.0,160.0,150.0,240.0,,False,False
lord_MM3_3,{=aom_lord_MM3_3_name}Lugbol,Lugbol,,Lord,mistymountainorcs,Infantry,,true,,235.0,220.0,215.0,140.0,90.0,160.0,150.0,240.0,,False,False
lord_MM3_4,{=aom_lord_MM3_4_name}Grizznak,Grizznak,,Lord,mistymountainorcs,Infantry,,true,,235.0,220.0,215.0,140.0,90.0,160.0,150.0,240.0,,False,False
lord_MM3_5,{=aom_lord_MM3_5_name}Frakû,Frakû,,Lord,mistymountainorcs,Infantry,,true,,235.0,220.0,215.0,140.0,90.0,160.0,150.0,240.0,,False,False
lord_MM3_6,{=aom_lord_MM3_6_name}Mughash,Mughash,,Lord,mistymountainorcs,Infantry,,true,,235.0,220.0,215.0,140.0,90.0,160.0,150.0,240.0,,False,False
lord_MM3_7,{=aom_lord_MM3_7_name}Skralga,Skralga,,Lord,mistymountainorcs,Infantry,,true,,170.0,160.0,160.0,160.0,110.0,140.0,110.0,200.0,,False,False
lord_MM3_8,{=aom_lord_MM3_8_name}Hagza,Hagza,,Lord,mistymountainorcs,Infantry,,true,,170.0,160.0,160.0,160.0,110.0,140.0,110.0,200.0,,False,False
lord_MM4_1,{=aom_lord_MM4_1_name}Mughash,Mughash,,Lord,mistymountainorcs,Infantry,,true,,235.0,220.0,215.0,140.0,90.0,160.0,150.0,240.0,,False,False
lord_MM4_2,{=aom_lord_MM4_2_name}Grishnák,Grishnák,,Lord,mistymountainorcs,Infantry,,true,,235.0,220.0,215.0,140.0,90.0,160.0,150.0,240.0,,False,False
lord_MM4_3,{=aom_lord_MM4_3_name}Muzgash,Muzgash,,Lord,mistymountainorcs,Infantry,,true,,235.0,220.0,215.0,140.0,90.0,160.0,150.0,240.0,,False,False
lord_MM4_4,{=aom_lord_MM4_4_name}Lugdush,Lugdush,,Lord,mistymountainorcs,Infantry,,true,,235.0,220.0,215.0,140.0,90.0,160.0,150.0,240.0,,False,False
lord_MM4_5,{=aom_lord_MM4_5_name}Radbug,Radbug,,Lord,mistymountainorcs,Infantry,,true,,235.0,220.0,215.0,140.0,90.0,160.0,150.0,240.0,,False,False
lord_MM4_6,{=aom_lord_MM4_6_name}Gorbag,Gorbag,,Lord,mistymountainorcs,Infantry,,true,,235.0,220.0,215.0,140.0,90.0,160.0,150.0,240.0,,False,False
lord_MM4_7,{=aom_lord_MM4_7_name}Burza,Burza,,Lord,mistymountainorcs,Infantry,,true,,170.0,160.0,160.0,160.0,110.0,140.0,110.0,200.0,,False,False
lord_MM4_8,{=aom_lord_MM4_8_name}Gralza,Gralza,,Lord,mistymountainorcs,Infantry,,true,,170.0,160.0,160.0,160.0,110.0,140.0,110.0,200.0,,False,False
lord_MM5_1,{=aom_lord_MM5_1_name}Gorbag,Gorbag,,Lord,mistymountainorcs,Infantry,,true,,235.0,220.0,215.0,140.0,90.0,160.0,150.0,240.0,,False,False
lord_MM5_2,{=aom_lord_MM5_2_name}Shagrat,Shagrat,,Lord,mistymountainorcs,Infantry,,true,,235.0,220.0,215.0,140.0,90.0,160.0,150.0,240.0,,False,False
lord_MM5_3,{=aom_lord_MM5_3_name}Ufthak,Ufthak,,Lord,mistymountainorcs,Infantry,,true,,235.0,220.0,215.0,140.0,90.0,160.0,150.0,240.0,,False,False
lord_MM5_4,{=aom_lord_MM5_4_name}Lagduf,Lagduf,,Lord,mistymountainorcs,Infantry,,true,,235.0,220.0,215.0,140.0,90.0,160.0,150.0,240.0,,False,False
lord_MM5_5,{=aom_lord_MM5_5_name}Orcobal,Orcobal,,Lord,mistymountainorcs,Infantry,,true,,235.0,220.0,215.0,140.0,90.0,160.0,150.0,240.0,,False,False
lord_MM5_6,{=aom_lord_MM5_6_name}Yazneg,Yazneg,,Lord,mistymountainorcs,Infantry,,true,,235.0,220.0,215.0,140.0,90.0,160.0,150.0,240.0,,False,False
lord_MM5_7,{=aom_lord_MM5_7_name}Gnarla,Gnarla,,Lord,mistymountainorcs,Infantry,,true,,170.0,160.0,160.0,160.0,110.0,140.0,110.0,200.0,,False,False
lord_MM5_8,{=aom_lord_MM5_8_name}Vugza,Vugza,,Lord,mistymountainorcs,Infantry,,true,,170.0,160.0,160.0,160.0,110.0,140.0,110.0,200.0,,False,False
lord_MM6_1,{=aom_lord_MM6_1_name}Grishnak,Grishnak,,Lord,mistymountainorcs,Infantry,,true,,275.0,265.0,240.0,170.0,110.0,190.0,190.0,265.0,,False,False
lord_MM6_2,{=aom_lord_MM6_2_name}Ugluk,Ugluk,,Lord,mistymountainorcs,Infantry,,true,,235.0,220.0,215.0,140.0,90.0,160.0,150.0,240.0,,False,False
lord_MM6_3,{=aom_lord_MM6_3_name}Mauhur,Mauhur,,Lord,mistymountainorcs,Infantry,,true,,235.0,220.0,215.0,140.0,90.0,160.0,150.0,240.0,,False,False
lord_MM6_4,{=aom_lord_MM6_4_name}Grukhash,Grukhash,,Lord,mistymountainorcs,Infantry,,true,,235.0,220.0,215.0,140.0,90.0,160.0,150.0,240.0,,False,False
lord_MM6_5,{=aom_lord_MM6_5_name}Bolg,Bolg,,Lord,mistymountainorcs,Infantry,,true,,235.0,220.0,215.0,140.0,90.0,160.0,150.0,240.0,,False,False
lord_MM6_6,{=aom_lord_MM6_6_name}Othrod,Othrod,,Lord,mistymountainorcs,Infantry,,true,,235.0,220.0,215.0,140.0,90.0,160.0,150.0,240.0,,False,False
lord_MM6_7,{=aom_lord_MM6_7_name}Mogza,Mogza,,Lord,mistymountainorcs,Infantry,,true,,170.0,160.0,160.0,160.0,110.0,140.0,110.0,200.0,,False,False
lord_MM6_8,{=aom_lord_MM6_8_name}Urgha,Urgha,,Lord,mistymountainorcs,Infantry,,true,,170.0,160.0,160.0,160.0,110.0,140.0,110.0,200.0,,False,False
lord_MM6_9,{=aom_lord_MM6_9_name}Shazga,Shazga,,Lord,mistymountainorcs,Infantry,,true,,170.0,160.0,160.0,160.0,110.0,140.0,110.0,200.0,,False,False
lord_MM6_10,{=aom_lord_MM6_10_name}Ulzga,Ulzga,,Lord,mistymountainorcs,Infantry,,true,,170.0,160.0,160.0,160.0,110.0,140.0,110.0,200.0,,False,False
lord_MM7_1,{=aom_lord_MM7_1_name}Golfimbul,Golfimbul,,Lord,mistymountainorcs,Infantry,,true,,275.0,265.0,240.0,170.0,110.0,190.0,190.0,265.0,,False,False
lord_MM7_2,{=aom_lord_MM7_2_name}Grakmaw,Grakmaw,,Lord,mistymountainorcs,Infantry,,true,,235.0,220.0,215.0,140.0,90.0,160.0,150.0,240.0,,False,False
lord_MM7_3,{=aom_lord_MM7_3_name}Skardush,Skardush,,Lord,mistymountainorcs,Infantry,,true,,235.0,220.0,215.0,140.0,90.0,160.0,150.0,240.0,,False,False
lord_MM7_4,{=aom_lord_MM7_4_name}Throgar,Throgar,,Lord,mistymountainorcs,Infantry,,true,,235.0,220.0,215.0,140.0,90.0,160.0,150.0,240.0,,False,False
lord_MM7_5,{=aom_lord_MM7_5_name}Burzlug,Burzlug,,Lord,mistymountainorcs,Infantry,,true,,235.0,220.0,215.0,140.0,90.0,160.0,150.0,240.0,,False,False
lord_MM7_6,{=aom_lord_MM7_6_name}Mokrash,Mokrash,,Lord,mistymountainorcs,Infantry,,true,,235.0,220.0,215.0,140.0,90.0,160.0,150.0,240.0,,False,False
lord_MM7_7,{=aom_lord_MM7_7_name}Skrelga,Skrelga,,Lord,mistymountainorcs,Infantry,,true,,170.0,160.0,160.0,160.0,110.0,140.0,110.0,200.0,,False,False
lord_MM7_8,{=aom_lord_MM7_8_name}Hagra,Hagra,,Lord,mistymountainorcs,Infantry,,true,,170.0,160.0,160.0,160.0,110.0,140.0,110.0,200.0,,False,False
lord_MM7_9,{=aom_lord_MM7_9_name}Burzga,Burzga,,Lord,mistymountainorcs,Infantry,,true,,170.0,160.0,160.0,160.0,110.0,140.0,110.0,200.0,,False,False
lord_MM7_10,{=aom_lord_MM7_10_name}Gralka,Gralka,,Lord,mistymountainorcs,Infantry,,true,,170.0,160.0,160.0,160.0,110.0,140.0,110.0,200.0,,False,False
lord_MM8_1,{=aom_lord_MM8_1_name}Naglur,Naglur,,Lord,mistymountainorcs,Infantry,,true,,275.0,265.0,240.0,170.0,110.0,190.0,190.0,265.0,,False,False
lord_MM8_2,{=aom_lord_MM8_2_name}Vrakdush,Vrakdush,,Lord,mistymountainorcs,Infantry,,true,,235.0,220.0,215.0,140.0,90.0,160.0,150.0,240.0,,False,False
lord_MM8_3,{=aom_lord_MM8_3_name}Hrumgash,Hrumgash,,Lord,mistymountainorcs,Infantry,,true,,235.0,220.0,215.0,140.0,90.0,160.0,150.0,240.0,,False,False
lord_MM8_4,{=aom_lord_MM8_4_name}Uzdur,Uzdur,,Lord,mistymountainorcs,Infantry,,true,,235.0,220.0,215.0,140.0,90.0,160.0,150.0,240.0,,False,False
lord_MM8_5,{=aom_lord_MM8_5_name}Gorlak,Gorlak,,Lord,mistymountainorcs,Infantry,,true,,235.0,220.0,215.0,140.0,90.0,160.0,150.0,240.0,,False,False
lord_MM8_6,{=aom_lord_MM8_6_name}Snagrat,Snagrat,,Lord,mistymountainorcs,Infantry,,true,,235.0,220.0,215.0,140.0,90.0,160.0,150.0,240.0,,False,False
lord_MM8_7,{=aom_lord_MM8_7_name}Gnasha,Gnasha,,Lord,mistymountainorcs,Infantry,,true,,170.0,160.0,160.0,160.0,110.0,140.0,110.0,200.0,,False,False
lord_MM8_8,{=aom_lord_MM8_8_name}Vugra,Vugra,,Lord,mistymountainorcs,Infantry,,true,,170.0,160.0,160.0,160.0,110.0,140.0,110.0,200.0,,False,False
lord_MM8_9,{=aom_lord_MM8_9_name}Mauza,Mauza,,Lord,mistymountainorcs,Infantry,,true,,170.0,160.0,160.0,160.0,110.0,140.0,110.0,200.0,,False,False
lord_MM8_10,{=aom_lord_MM8_10_name}Snazga,Snazga,,Lord,mistymountainorcs,Infantry,,true,,170.0,160.0,160.0,160.0,110.0,140.0,110.0,200.0,,False,False
lord_MM9_1,{=aom_lord_MM9_1_name}Durbghash,Durbghash,,Lord,mistymountainorcs,Infantry,,true,,275.0,265.0,240.0,170.0,110.0,190.0,190.0,265.0,,False,False
lord_MM9_2,{=aom_lord_MM9_2_name}Mughrim,Mughrim,,Lord,mistymountainorcs,Infantry,,true,,235.0,220.0,215.0,140.0,90.0,160.0,150.0,240.0,,False,False
lord_MM9_3,{=aom_lord_MM9_3_name}Krithak,Krithak,,Lord,mistymountainorcs,Infantry,,true,,235.0,220.0,215.0,140.0,90.0,160.0,150.0,240.0,,False,False
lord_MM9_4,{=aom_lord_MM9_4_name}Lurtzag,Lurtzag,,Lord,mistymountainorcs,Infantry,,true,,235.0,220.0,215.0,140.0,90.0,160.0,150.0,240.0,,False,False
lord_MM9_5,{=aom_lord_MM9_5_name}Naznur,Naznur,,Lord,mistymountainorcs,Infantry,,true,,235.0,220.0,215.0,140.0,90.0,160.0,150.0,240.0,,False,False
lord_MM9_6,{=aom_lord_MM9_6_name}Ufgrish,Ufgrish,,Lord,mistymountainorcs,Infantry,,true,,235.0,220.0,215.0,140.0,90.0,160.0,150.0,240.0,,False,False
lord_MM9_7,{=aom_lord_MM9_7_name}Krimza,Krimza,,Lord,mistymountainorcs,Infantry,,true,,170.0,160.0,160.0,160.0,110.0,140.0,110.0,200.0,,False,False
lord_MM9_8,{=aom_lord_MM9_8_name}Throga,Throga,,Lord,mistymountainorcs,Infantry,,true,,170.0,160.0,160.0,160.0,110.0,140.0,110.0,200.0,,False,False
lord_MM9_9,{=aom_lord_MM9_9_name}Lugza,Lugza,,Lord,mistymountainorcs,Infantry,,true,,170.0,160.0,160.0,160.0,110.0,140.0,110.0,200.0,,False,False
lord_MM9_10,{=aom_lord_MM9_10_name}Bargha,Bargha,,Lord,mistymountainorcs,Infantry,,true,,170.0,160.0,160.0,160.0,110.0,140.0,110.0,200.0,,False,False
lord_MM10_1,{=aom_lord_MM10_1_name}Brakghash,Brakghash,,Lord,mistymountainorcs,Infantry,,true,,275.0,265.0,240.0,170.0,110.0,190.0,190.0,265.0,,False,False
lord_MM10_2,{=aom_lord_MM10_2_name}Morznak,Morznak,,Lord,mistymountainorcs,Infantry,,true,,235.0,220.0,215.0,140.0,90.0,160.0,150.0,240.0,,False,False
lord_MM10_3,{=aom_lord_MM10_3_name}Gashzur,Gashzur,,Lord,mistymountainorcs,Infantry,,true,,235.0,220.0,215.0,140.0,90.0,160.0,150.0,240.0,,False,False
lord_MM10_4,{=aom_lord_MM10_4_name}Druzhak,Druzhak,,Lord,mistymountainorcs,Infantry,,true,,235.0,220.0,215.0,140.0,90.0,160.0,150.0,240.0,,False,False
lord_MM10_5,{=aom_lord_MM10_5_name}Krumbash,Krumbash,,Lord,mistymountainorcs,Infantry,,true,,235.0,220.0,215.0,140.0,90.0,160.0,150.0,240.0,,False,False
lord_MM10_6,{=aom_lord_MM10_6_name}Nargrim,Nargrim,,Lord,mistymountainorcs,Infantry,,true,,235.0,220.0,215.0,140.0,90.0,160.0,150.0,240.0,,False,False
lord_MM10_7,{=aom_lord_MM10_7_name}Hrunza,Hrunza,,Lord,mistymountainorcs,Infantry,,true,,170.0,160.0,160.0,160.0,110.0,140.0,110.0,200.0,,False,False
lord_MM10_8,{=aom_lord_MM10_8_name}Uzga,Uzga,,Lord,mistymountainorcs,Infantry,,true,,170.0,160.0,160.0,160.0,110.0,140.0,110.0,200.0,,False,False
lord_MM10_9,{=aom_lord_MM10_9_name}Gashka,Gashka,,Lord,mistymountainorcs,Infantry,,true,,170.0,160.0,160.0,160.0,110.0,140.0,110.0,200.0,,False,False
lord_MM10_10,{=aom_lord_MM10_10_name}Durza,Durza,,Lord,mistymountainorcs,Infantry,,true,,170.0,160.0,160.0,160.0,110.0,140.0,110.0,200.0,,False,False
lord_MM11_1,{=aom_lord_MM11_1_name}Skrunak,Skrunak,,Lord,mistymountainorcs,Infantry,,true,,275.0,265.0,240.0,170.0,110.0,190.0,190.0,265.0,,False,False
lord_MM11_2,{=aom_lord_MM11_2_name}Vughar,Vughar,,Lord,mistymountainorcs,Infantry,,true,,235.0,220.0,215.0,140.0,90.0,160.0,150.0,240.0,,False,False
lord_MM11_3,{=aom_lord_MM11_3_name}Lazgar,Lazgar,,Lord,mistymountainorcs,Infantry,,true,,235.0,220.0,215.0,140.0,90.0,160.0,150.0,240.0,,False,False
lord_MM11_4,{=aom_lord_MM11_4_name}Hrokmaw,Hrokmaw,,Lord,mistymountainorcs,Infantry,,true,,235.0,220.0,215.0,140.0,90.0,160.0,150.0,240.0,,False,False
lord_MM11_5,{=aom_lord_MM11_5_name}Buzgar,Buzgar,,Lord,mistymountainorcs,Infantry,,true,,235.0,220.0,215.0,140.0,90.0,160.0,150.0,240.0,,False,False
lord_MM11_6,{=aom_lord_MM11_6_name}Maukrim,Maukrim,,Lord,mistymountainorcs,Infantry,,true,,235.0,220.0,215.0,140.0,90.0,160.0,150.0,240.0,,False,False
lord_MM11_7,{=aom_lord_MM11_7_name}Naghza,Naghza,,Lord,mistymountainorcs,Infantry,,true,,170.0,160.0,160.0,160.0,110.0,140.0,110.0,200.0,,False,False
lord_MM11_8,{=aom_lord_MM11_8_name}Vrelga,Vrelga,,Lord,mistymountainorcs,Infantry,,true,,170.0,160.0,160.0,160.0,110.0,140.0,110.0,200.0,,False,False
lord_MM11_9,{=aom_lord_MM11_9_name}Hroza,Hroza,,Lord,mistymountainorcs,Infantry,,true,,170.0,160.0,160.0,160.0,110.0,140.0,110.0,200.0,,False,False
lord_MM11_10,{=aom_lord_MM11_10_name}Skarza,Skarza,,Lord,mistymountainorcs,Infantry,,true,,170.0,160.0,160.0,160.0,110.0,140.0,110.0,200.0,,False,False
lord_MM12_1,{=aom_lord_MM12_1_name}Throkdush,Throkdush,,Lord,mistymountainorcs,Infantry,,true,,275.0,265.0,240.0,170.0,110.0,190.0,190.0,265.0,,False,False
lord_MM12_2,{=aom_lord_MM12_2_name}Gorash,Gorash,,Lord,mistymountainorcs,Infantry,,true,,235.0,220.0,215.0,140.0,90.0,160.0,150.0,240.0,,False,False
lord_MM12_3,{=aom_lord_MM12_3_name}Maukhash,Maukhash,,Lord,mistymountainorcs,Infantry,,true,,235.0,220.0,215.0,140.0,90.0,160.0,150.0,240.0,,False,False
lord_MM12_4,{=aom_lord_MM12_4_name}Skarnash,Skarnash,,Lord,mistymountainorcs,Infantry,,true,,235.0,220.0,215.0,140.0,90.0,160.0,150.0,240.0,,False,False
lord_MM12_5,{=aom_lord_MM12_5_name}Throgash,Throgash,,Lord,mistymountainorcs,Infantry,,true,,235.0,220.0,215.0,140.0,90.0,160.0,150.0,240.0,,False,False
lord_MM12_6,{=aom_lord_MM12_6_name}Lugash,Lugash,,Lord,mistymountainorcs,Infantry,,true,,235.0,220.0,215.0,140.0,90.0,160.0,150.0,240.0,,False,False
lord_MM12_7,{=aom_lord_MM12_7_name}Lazga,Lazga,,Lord,mistymountainorcs,Infantry,,true,,170.0,160.0,160.0,160.0,110.0,140.0,110.0,200.0,,False,False
lord_MM12_8,{=aom_lord_MM12_8_name}Brughza,Brughza,,Lord,mistymountainorcs,Infantry,,true,,170.0,160.0,160.0,160.0,110.0,140.0,110.0,200.0,,False,False
lord_MM12_9,{=aom_lord_MM12_9_name}Nurzga,Nurzga,,Lord,mistymountainorcs,Infantry,,true,,170.0,160.0,160.0,160.0,110.0,140.0,110.0,200.0,,False,False
lord_MM12_10,{=aom_lord_MM12_10_name}Gulza,Gulza,,Lord,mistymountainorcs,Infantry,,true,,170.0,160.0,160.0,160.0,110.0,140.0,110.0,200.0,,False,False
lord_MM13_1,{=aom_lord_MM13_1_name}Burzash,Burzash,,Lord,mistymountainorcs,Infantry,,true,,275.0,265.0,240.0,170.0,110.0,190.0,190.0,265.0,,False,False
lord_MM13_2,{=aom_lord_MM13_2_name}Hrakash,Hrakash,,Lord,mistymountainorcs,Infantry,,true,,235.0,220.0,215.0,140.0,90.0,160.0,150.0,240.0,,False,False
lord_MM13_3,{=aom_lord_MM13_3_name}Uzash,Uzash,,Lord,mistymountainorcs,Infantry,,true,,235.0,220.0,215.0,140.0,90.0,160.0,150.0,240.0,,False,False
lord_MM13_4,{=aom_lord_MM13_4_name}Grishash,Grishash,,Lord,mistymountainorcs,Infantry,,true,,235.0,220.0,215.0,140.0,90.0,160.0,150.0,240.0,,False,False
lord_MM13_5,{=aom_lord_MM13_5_name}Mogash,Mogash,,Lord,mistymountainorcs,Infantry,,true,,235.0,220.0,215.0,140.0,90.0,160.0,150.0,240.0,,False,False
lord_MM13_6,{=aom_lord_MM13_6_name}Nazash,Nazash,,Lord,mistymountainorcs,Infantry,,true,,235.0,220.0,215.0,140.0,90.0,160.0,150.0,240.0,,False,False
lord_MM13_7,{=aom_lord_MM13_7_name}Razga,Razga,,Lord,mistymountainorcs,Infantry,,true,,170.0,160.0,160.0,160.0,110.0,140.0,110.0,200.0,,False,False
lord_MM13_8,{=aom_lord_MM13_8_name}Mughza,Mughza,,Lord,mistymountainorcs,Infantry,,true,,170.0,160.0,160.0,160.0,110.0,140.0,110.0,200.0,,False,False
lord_MM13_9,{=aom_lord_MM13_9_name}Drozga,Drozga,,Lord,mistymountainorcs,Infantry,,true,,170.0,160.0,160.0,160.0,110.0,140.0,110.0,200.0,,False,False
lord_MM13_10,{=aom_lord_MM13_10_name}Krunza,Krunza,,Lord,mistymountainorcs,Infantry,,true,,170.0,160.0,160.0,160.0,110.0,140.0,110.0,200.0,,False,False
lord_MM14_1,{=aom_lord_MM14_1_name}Vrakash,Vrakash,,Lord,mistymountainorcs,Infantry,,true,,275.0,265.0,240.0,170.0,110.0,190.0,190.0,265.0,,False,False
lord_MM14_2,{=aom_lord_MM14_2_name}Durbash,Durbash,,Lord,mistymountainorcs,Infantry,,true,,235.0,220.0,215.0,140.0,90.0,160.0,150.0,240.0,,False,False
lord_MM14_3,{=aom_lord_MM14_3_name}Krithash,Krithash,,Lord,mistymountainorcs,Infantry,,true,,235.0,220.0,215.0,140.0,90.0,160.0,150.0,240.0,,False,False
lord_MM14_4,{=aom_lord_MM14_4_name}Lurtash,Lurtash,,Lord,mistymountainorcs,Infantry,,true,,235.0,220.0,215.0,140.0,90.0,160.0,150.0,240.0,,False,False
lord_MM14_5,{=aom_lord_MM14_5_name}Ufthash,Ufthash,,Lord,mistymountainorcs,Infantry,,true,,235.0,220.0,215.0,140.0,90.0,160.0,150.0,240.0,,False,False
lord_MM14_6,{=aom_lord_MM14_6_name}Brakash,Brakash,,Lord,mistymountainorcs,Infantry,,true,,235.0,220.0,215.0,140.0,90.0,160.0,150.0,240.0,,False,False
lord_MM14_7,{=aom_lord_MM14_7_name}Nashga,Nashga,,Lord,mistymountainorcs,Infantry,,true,,170.0,160.0,160.0,160.0,110.0,140.0,110.0,200.0,,False,False
lord_MM14_8,{=aom_lord_MM14_8_name}Vughza,Vughza,,Lord,mistymountainorcs,Infantry,,true,,170.0,160.0,160.0,160.0,110.0,140.0,110.0,200.0,,False,False
lord_MM14_9,{=aom_lord_MM14_9_name}Snurga,Snurga,,Lord,mistymountainorcs,Infantry,,true,,170.0,160.0,160.0,160.0,110.0,140.0,110.0,200.0,,False,False
lord_MM14_10,{=aom_lord_MM14_10_name}Hralga,Hralga,,Lord,mistymountainorcs,Infantry,,true,,170.0,160.0,160.0,160.0,110.0,140.0,110.0,200.0,,False,False
lord_MM15_1,{=aom_lord_MM15_1_name}Morzash,Morzash,,Lord,mistymountainorcs,Infantry,,true,,275.0,265.0,240.0,170.0,110.0,190.0,190.0,265.0,,False,False
lord_MM15_2,{=aom_lord_MM15_2_name}Gashash,Gashash,,Lord,mistymountainorcs,Infantry,,true,,235.0,220.0,215.0,140.0,90.0,160.0,150.0,240.0,,False,False
lord_MM15_3,{=aom_lord_MM15_3_name}Snagash,Snagash,,Lord,mistymountainorcs,Infantry,,true,,235.0,220.0,215.0,140.0,90.0,160.0,150.0,240.0,,False,False
lord_MM15_4,{=aom_lord_MM15_4_name}Lagdash,Lagdash,,Lord,mistymountainorcs,Infantry,,true,,235.0,220.0,215.0,140.0,90.0,160.0,150.0,240.0,,False,False
lord_MM15_5,{=aom_lord_MM15_5_name}Shagash,Shagash,,Lord,mistymountainorcs,Infantry,,true,,235.0,220.0,215.0,140.0,90.0,160.0,150.0,240.0,,False,False
lord_MM15_6,{=aom_lord_MM15_6_name}Gromash,Gromash,,Lord,mistymountainorcs,Infantry,,true,,235.0,220.0,215.0,140.0,90.0,160.0,150.0,240.0,,False,False
lord_MM15_7,{=aom_lord_MM15_7_name}Bolzga,Bolzga,,Lord,mistymountainorcs,Infantry,,true,,170.0,160.0,160.0,160.0,110.0,140.0,110.0,200.0,,False,False
lord_MM15_8,{=aom_lord_MM15_8_name}Ufza,Ufza,,Lord,mistymountainorcs,Infantry,,true,,170.0,160.0,160.0,160.0,110.0,140.0,110.0,200.0,,False,False
lord_MM15_9,{=aom_lord_MM15_9_name}Gorza,Gorza,,Lord,mistymountainorcs,Infantry,,true,,170.0,160.0,160.0,160.0,110.0,140.0,110.0,200.0,,False,False
lord_MM15_10,{=aom_lord_MM15_10_name}Maukhza,Maukhza,,Lord,mistymountainorcs,Infantry,,true,,170.0,160.0,160.0,160.0,110.0,140.0,110.0,200.0,,False,False
lord_MM1_9,{=aom_lord_MM1_9_name}Skarnza,Skarnza,,Lord,mistymountainorcs,Infantry,,true,,170.0,160.0,160.0,160.0,110.0,140.0,110.0,200.0,,False,False
lord_MM1_10,{=aom_lord_MM1_10_name}Throgza,Throgza,,Lord,mistymountainorcs,Infantry,,true,,170.0,160.0,160.0,160.0,110.0,140.0,110.0,200.0,,False,False
lord_MM2_9,{=aom_lord_MM2_9_name}Burzza,Burzza,,Lord,mistymountainorcs,Infantry,,true,,170.0,160.0,160.0,160.0,110.0,140.0,110.0,200.0,,False,False
lord_MM2_10,{=aom_lord_MM2_10_name}Hrakza,Hrakza,,Lord,mistymountainorcs,Infantry,,true,,170.0,160.0,160.0,160.0,110.0,140.0,110.0,200.0,,False,False
lord_MM3_9,{=aom_lord_MM3_9_name}Uzza,Uzza,,Lord,mistymountainorcs,Infantry,,true,,170.0,160.0,160.0,160.0,110.0,140.0,110.0,200.0,,False,False
lord_MM3_10,{=aom_lord_MM3_10_name}Grishza,Grishza,,Lord,mistymountainorcs,Infantry,,true,,170.0,160.0,160.0,160.0,110.0,140.0,110.0,200.0,,False,False
lord_MM4_9,{=aom_lord_MM4_9_name}Nazza,Nazza,,Lord,mistymountainorcs,Infantry,,true,,170.0,160.0,160.0,160.0,110.0,140.0,110.0,200.0,,False,False
lord_MM4_10,{=aom_lord_MM4_10_name}Vrakza,Vrakza,,Lord,mistymountainorcs,Infantry,,true,,170.0,160.0,160.0,160.0,110.0,140.0,110.0,200.0,,False,False
lord_MM5_9,{=aom_lord_MM5_9_name}Durbza,Durbza,,Lord,mistymountainorcs,Infantry,,true,,170.0,160.0,160.0,160.0,110.0,140.0,110.0,200.0,,False,False
lord_MM5_10,{=aom_lord_MM5_10_name}Krithza,Krithza,,Lord,mistymountainorcs,Infantry,,true,,170.0,160.0,160.0,160.0,110.0,140.0,110.0,200.0,,False,False
lord_BC1_1,{=aom_lord_BC1_1_name}Morgrub,Morgrub,,Lord,goblin,Infantry,,true,,275.0,265.0,240.0,170.0,110.0,190.0,190.0,265.0,,False,False
lord_BC1_2,{=aom_lord_BC1_2_name}Snagbut,Snagbut,,Lord,goblin,Infantry,,true,,235.0,220.0,215.0,140.0,90.0,160.0,150.0,240.0,,False,False
lord_BC1_3,{=aom_lord_BC1_3_name}Hrakdush,Hrakdush,,Lord,goblin,Infantry,,true,,235.0,220.0,215.0,140.0,90.0,160.0,150.0,240.0,,False,False
lord_BC1_4,{=aom_lord_BC1_4_name}Boldog,Boldog,,Lord,goblin,Infantry,,true,,235.0,220.0,215.0,140.0,90.0,160.0,150.0,240.0,,False,False
lord_BC1_5,{=aom_lord_BC1_5_name}Lugbol,Lugbol,,Lord,goblin,Infantry,,true,,235.0,220.0,215.0,140.0,90.0,160.0,150.0,240.0,,False,False
lord_BC1_6,{=aom_lord_BC1_6_name}Grizznak,Grizznak,,Lord,goblin,Infantry,,true,,235.0,220.0,215.0,140.0,90.0,160.0,150.0,240.0,,False,False
lord_BC1_7,{=aom_lord_BC1_7_name}Gnarla,Gnarla,,Lord,goblin,Infantry,,true,,170.0,160.0,160.0,160.0,110.0,140.0,110.0,200.0,,False,False
lord_BC1_8,{=aom_lord_BC1_8_name}Vugza,Vugza,,Lord,goblin,Infantry,,true,,170.0,160.0,160.0,160.0,110.0,140.0,110.0,200.0,,False,False
lord_BC2_1,{=aom_lord_BC2_1_name}Grizznak,Grizznak,,Lord,goblin,Infantry,,true,,235.0,220.0,215.0,140.0,90.0,160.0,150.0,240.0,,False,False
lord_BC2_2,{=aom_lord_BC2_2_name}Frakû,Frakû,,Lord,goblin,Infantry,,true,,235.0,220.0,215.0,140.0,90.0,160.0,150.0,240.0,,False,False
lord_BC2_3,{=aom_lord_BC2_3_name}Mughash,Mughash,,Lord,goblin,Infantry,,true,,235.0,220.0,215.0,140.0,90.0,160.0,150.0,240.0,,False,False
lord_BC2_4,{=aom_lord_BC2_4_name}Grishnák,Grishnák,,Lord,goblin,Infantry,,true,,235.0,220.0,215.0,140.0,90.0,160.0,150.0,240.0,,False,False
lord_BC2_5,{=aom_lord_BC2_5_name}Muzgash,Muzgash,,Lord,goblin,Infantry,,true,,235.0,220.0,215.0,140.0,90.0,160.0,150.0,240.0,,False,False
lord_BC2_6,{=aom_lord_BC2_6_name}Lugdush,Lugdush,,Lord,goblin,Infantry,,true,,235.0,220.0,215.0,140.0,90.0,160.0,150.0,240.0,,False,False
lord_BC2_7,{=aom_lord_BC2_7_name}Urshza,Urshza,,Lord,goblin,Infantry,,true,,170.0,160.0,160.0,160.0,110.0,140.0,110.0,200.0,,False,False
lord_BC2_8,{=aom_lord_BC2_8_name}Lazgha,Lazgha,,Lord,goblin,Infantry,,true,,170.0,160.0,160.0,160.0,110.0,140.0,110.0,200.0,,False,False
lord_BC3_1,{=aom_lord_BC3_1_name}Lugdush,Lugdush,,Lord,goblin,Infantry,,true,,235.0,220.0,215.0,140.0,90.0,160.0,150.0,240.0,,False,False
lord_BC3_2,{=aom_lord_BC3_2_name}Radbug,Radbug,,Lord,goblin,Infantry,,true,,235.0,220.0,215.0,140.0,90.0,160.0,150.0,240.0,,False,False
lord_BC3_3,{=aom_lord_BC3_3_name}Gorbag,Gorbag,,Lord,goblin,Infantry,,true,,235.0,220.0,215.0,140.0,90.0,160.0,150.0,240.0,,False,False
lord_BC3_4,{=aom_lord_BC3_4_name}Shagrat,Shagrat,,Lord,goblin,Infantry,,true,,235.0,220.0,215.0,140.0,90.0,160.0,150.0,240.0,,False,False
lord_BC3_5,{=aom_lord_BC3_5_name}Ufthak,Ufthak,,Lord,goblin,Infantry,,true,,235.0,220.0,215.0,140.0,90.0,160.0,150.0,240.0,,False,False
lord_BC3_6,{=aom_lord_BC3_6_name}Lagduf,Lagduf,,Lord,goblin,Infantry,,true,,235.0,220.0,215.0,140.0,90.0,160.0,150.0,240.0,,False,False
lord_BC3_7,{=aom_lord_BC3_7_name}Ulga,Ulga,,Lord,goblin,Infantry,,true,,170.0,160.0,160.0,160.0,110.0,140.0,110.0,200.0,,False,False
lord_BC3_8,{=aom_lord_BC3_8_name}Brakza,Brakza,,Lord,goblin,Infantry,,true,,170.0,160.0,160.0,160.0,110.0,140.0,110.0,200.0,,False,False
lord_BC4_1,{=aom_lord_BC4_1_name}Lagduf,Lagduf,,Lord,goblin,Infantry,,true,,235.0,220.0,215.0,140.0,90.0,160.0,150.0,240.0,,False,False
lord_BC4_2,{=aom_lord_BC4_2_name}Orcobal,Orcobal,,Lord,goblin,Infantry,,true,,235.0,220.0,215.0,140.0,90.0,160.0,150.0,240.0,,False,False
lord_BC4_3,{=aom_lord_BC4_3_name}Yazneg,Yazneg,,Lord,goblin,Infantry,,true,,235.0,220.0,215.0,140.0,90.0,160.0,150.0,240.0,,False,False
lord_BC4_4,{=aom_lord_BC4_4_name}Narzug,Narzug,,Lord,goblin,Infantry,,true,,235.0,220.0,215.0,140.0,90.0,160.0,150.0,240.0,,False,False
lord_BC4_5,{=aom_lord_BC4_5_name}Grukhash,Grukhash,,Lord,goblin,Infantry,,true,,235.0,220.0,215.0,140.0,90.0,160.0,150.0,240.0,,False,False
lord_BC4_6,{=aom_lord_BC4_6_name}Mauhur,Mauhur,,Lord,goblin,Infantry,,true,,235.0,220.0,215.0,140.0,90.0,160.0,150.0,240.0,,False,False
lord_BC4_7,{=aom_lord_BC4_7_name}Hagza,Hagza,,Lord,goblin,Infantry,,true,,170.0,160.0,160.0,160.0,110.0,140.0,110.0,200.0,,False,False
lord_BC4_8,{=aom_lord_BC4_8_name}Mogra,Mogra,,Lord,goblin,Infantry,,true,,170.0,160.0,160.0,160.0,110.0,140.0,110.0,200.0,,False,False
lord_BC5_1,{=aom_lord_BC5_1_name}Mauhur,Mauhur,,Lord,goblin,Infantry,,true,,235.0,220.0,215.0,140.0,90.0,160.0,150.0,240.0,,False,False
lord_BC5_2,{=aom_lord_BC5_2_name}Uglûk,Uglûk,,Lord,goblin,Infantry,,true,,235.0,220.0,215.0,140.0,90.0,160.0,150.0,240.0,,False,False
lord_BC5_3,{=aom_lord_BC5_3_name}Bûrzum,Bûrzum,,Lord,goblin,Infantry,,true,,235.0,220.0,215.0,140.0,90.0,160.0,150.0,240.0,,False,False
lord_BC5_4,{=aom_lord_BC5_4_name}Throkmaw,Throkmaw,,Lord,goblin,Infantry,,true,,235.0,220.0,215.0,140.0,90.0,160.0,150.0,240.0,,False,False
lord_BC5_5,{=aom_lord_BC5_5_name}Skarsnik,Skarsnik,,Lord,goblin,Infantry,,true,,235.0,220.0,215.0,140.0,90.0,160.0,150.0,240.0,,False,False
lord_BC5_6,{=aom_lord_BC5_6_name}Gnashrak,Gnashrak,,Lord,goblin,Infantry,,true,,235.0,220.0,215.0,140.0,90.0,160.0,150.0,240.0,,False,False
lord_BC5_7,{=aom_lord_BC5_7_name}Gralza,Gralza,,Lord,goblin,Infantry,,true,,170.0,160.0,160.0,160.0,110.0,140.0,110.0,200.0,,False,False
lord_BC5_8,{=aom_lord_BC5_8_name}Shelza,Shelza,,Lord,goblin,Infantry,,true,,170.0,160.0,160.0,160.0,110.0,140.0,110.0,200.0,,False,False
lord_LN1_1,{=aom_lord_LN1_1_name}Círdan,Círdan,,Lord,rivendell,Infantry,,true,,290.0,250.0,295.0,295.0,200.0,210.0,280.0,290.0,,False,False
lord_LN1_2,{=aom_lord_LN1_2_name}Calemir,Calemir,,Lord,rivendell,Infantry,,true,,275.0,240.0,275.0,265.0,170.0,190.0,240.0,285.0,,False,False
lord_LN1_3,{=aom_lord_LN1_3_name}Nárdir,Nárdir,,Lord,rivendell,Infantry,,true,,275.0,240.0,275.0,265.0,170.0,190.0,240.0,285.0,,False,False
lord_LN1_4,{=aom_lord_LN1_4_name}Lhúnedhel,Lhúnedhel,,Lord,rivendell,Infantry,,true,,275.0,240.0,275.0,265.0,170.0,190.0,240.0,285.0,,False,False
lord_LN1_5,{=aom_lord_LN1_5_name}Nimwen,Nimwen,,Lord,rivendell,Infantry,,true,,180.0,130.0,170.0,220.0,150.0,150.0,210.0,230.0,,False,False
lord_LN1_6,{=aom_lord_LN1_6_name}Lindis,Lindis,,Lord,rivendell,Infantry,,true,,180.0,130.0,170.0,220.0,150.0,150.0,210.0,230.0,,False,False
lord_LN2_1,{=aom_lord_LN2_1_name}Aeglir,Aeglir,,Lord,rivendell,Infantry,,true,,275.0,240.0,275.0,265.0,170.0,190.0,240.0,285.0,,False,False
lord_LN2_2,{=aom_lord_LN2_2_name}Celebrin,Celebrin,,Lord,rivendell,Infantry,,true,,275.0,240.0,275.0,265.0,170.0,190.0,240.0,285.0,,False,False
lord_LN2_3,{=aom_lord_LN2_3_name}Edronil,Edronil,,Lord,rivendell,Infantry,,true,,275.0,240.0,275.0,265.0,170.0,190.0,240.0,285.0,,False,False
lord_LN2_4,{=aom_lord_LN2_4_name}Nárwen,Nárwen,,Lord,rivendell,Infantry,,true,,180.0,130.0,170.0,220.0,150.0,150.0,210.0,230.0,,False,False
spc_notable_abanissa_0,{=aom_ab_notable_0}Far Harad dynasty broker,Far Harad dynasty broker,,Merchant,abanissa,Infantry,,false,true,,,,,,,,,,False,False
spc_notable_abanissa_0b,{=aom_ab_notable_0b}Âbanissa ivory trader,Âbanissa ivory trader,,Merchant,abanissa,Infantry,,false,true,,,,,,,,,,False,False
spc_notable_abanissa_1,{=aom_ab_notable_1}Âbanissa caravan lord,Âbanissa caravan lord,,Merchant,abanissa,Infantry,,false,true,,,,,,,,,,False,False
spc_notable_abanissa_1b,{=aom_ab_notable_1b}Far Harad spice merchant,Far Harad spice merchant,,Merchant,abanissa,Infantry,,false,true,,,,,,,,,,False,False
spc_notable_abanissa_2,{=aom_ab_notable_2}Âbanissa gold trader,Âbanissa gold trader,,Merchant,abanissa,Infantry,,false,true,,,,,,,,,,False,False
spc_notable_abanissa_2b,{=aom_ab_notable_2b}House steward-merchant,House steward-merchant,,Merchant,abanissa,Infantry,,false,true,,,,,,,,,,False,False
spc_notable_abanissa_3,{=aom_ab_notable_3}Âbanissa gem-cutter broker,Âbanissa gem-cutter broker,,Merchant,abanissa,Infantry,,false,true,,,,,,,,,,False,False
spc_notable_abanissa_3b,{=aom_ab_notable_3b}Far Harad silk dealer,Far Harad silk dealer,,Merchant,abanissa,Infantry,,false,true,,,,,,,,,,False,False
spc_notable_abanissa_4,{=aom_ab_notable_4}Âbanissa market overseer,Âbanissa market overseer,,Merchant,abanissa,Infantry,,false,true,,,,,,,,,,False,False
spc_notable_abanissa_4b,{=aom_ab_notable_4b}Cunning Âbanissa factor,Cunning Âbanissa factor,,Merchant,abanissa,Infantry,,false,true,,,,,,,,,,False,False
spc_notable_abanissa_5,{=aom_ab_notable_5}Âbanissa high priest,Âbanissa high priest,,Preacher,abanissa,Infantry,,false,true,,,,,,,,,,False,False
spc_notable_abanissa_6,{=aom_ab_notable_6}Âbanissa temple keeper,Âbanissa temple keeper,,Preacher,abanissa,Infantry,,false,true,,,,,,,,,,False,False
spc_notable_abanissa_7,{=aom_ab_notable_7}Far Harad rites-master,Far Harad rites-master,,Preacher,abanissa,Infantry,,false,true,,,,,,,,,,False,False
spc_notable_abanissa_8,{=aom_ab_notable_8}Âbanissa master craftsman,Âbanissa master craftsman,,Artisan,abanissa,Infantry,,false,true,,,,,,,,,,False,False
spc_notable_abanissa_9,{=aom_ab_notable_9}Far Harad armorer,Far Harad armorer,,Artisan,abanissa,Infantry,,false,true,,,,,,,,,,False,False
spc_notable_abanissa_gl1,{=aom_ab_notable_gl1}Âbanissa house enforcer,Âbanissa house enforcer,,GangLeader,abanissa,Infantry,,false,true,,,,,,,,,,False,False
spc_notable_abanissa_10,{=aom_ab_notable_10}Âbanissa shadow lord,Âbanissa shadow lord,,GangLeader,abanissa,Infantry,,false,true,,,,,,,,,,False,False
spc_notable_abanissa_11,{=aom_ab_notable_11}Far Harad warband leader,Far Harad warband leader,,GangLeader,abanissa,Infantry,,false,true,,,,,,,,,,False,False
spc_notable_abanissa_gl4,{=aom_ab_notable_gl4}Âbanissa gang patriarch,Âbanissa gang patriarch,,GangLeader,abanissa,Infantry,,false,true,,,,,,,,,,False,False
spc_notable_abanissa_12,{=aom_ab_notable_12}Âbanissa district boss,Âbanissa district boss,,GangLeader,abanissa,Infantry,,false,true,,,,,,,,,,False,False
spc_notable_abanissa_13,{=aom_ab_notable_13}Far Harad contraband king,Far Harad contraband king,,GangLeader,abanissa,Infantry,,false,true,,,,,,,,,,False,False
spc_notable_abanissa_21,{=aom_ab_notable_21}Âbanissa estate lord,Âbanissa estate lord,,RuralNotable,abanissa,Infantry,,false,true,,,,,,,,,,False,False
spc_notable_abanissa_22,{=aom_ab_notable_22}Âbanissa plantation master,Âbanissa plantation master,,RuralNotable,abanissa,Infantry,,false,true,,,,,,,,,,False,False
spc_abanissa_headman_1,{=aom_ab_headman_1}Âbanissa village headman,Âbanissa village headman,,Headman,abanissa,Infantry,,false,true,,,,,,,,,,False,False
spc_abanissa_headman_2,{=aom_ab_headman_2}Âbanissa elder headman,Âbanissa elder headman,,Headman,abanissa,Infantry,,false,true,,,,,,,,,,False,False
spc_abanissa_headman_3,{=aom_ab_headman_3}Âbanissa village elder,Âbanissa village elder,,Headman,abanissa,Infantry,,false,true,,,,,,,,,,False,False
townsman_dale,{=aom_dl_townsman}Townsman,Townsman,,Townsfolk,sturgia,Infantry,,,,,,,,,,,,,False,False
townswoman_dale,{=aom_dl_townswoman}Townswoman,Townswoman,,Townsfolk,sturgia,Infantry,,,,,,,,,,,,,False,False
townsman_infant_dale,{=aom_dl_townsman_infant}Townsman,Townsman,,Townsfolk,sturgia,Infantry,,,,,,,,,,,,,False,False
townswoman_infant_dale,{=aom_dl_townswoman_infant}Townswoman,Townswoman,,Townsfolk,sturgia,Infantry,,,,,,,,,,,,,False,False
townsman_child_dale,{=aom_dl_townsman_child}Townsman,Townsman,,Townsfolk,sturgia,Infantry,,,,,,,,,,,,,False,False
townswoman_child_dale,{=aom_dl_townswoman_child}Townswoman,Townswoman,,Townsfolk,sturgia,Infantry,,,,,,,,,,,,,False,False
townsman_teenager_dale,{=aom_dl_townsman_teen}Townsman,Townsman,,Townsfolk,sturgia,Infantry,,,,,,,,,,,,,False,False
townswoman_teenager_dale,{=aom_dl_townswoman_teen}Townswoman,Townswoman,,Townsfolk,sturgia,Infantry,,,,,,,,,,,,,False,False
villager_dale,{=aom_dl_villager}Villager,Villager,1.0,Villager,sturgia,Infantry,,,,,,,,,,,,,False,False
village_woman_dale,{=aom_dl_village_woman}Village Woman,Village Woman,,Villager,sturgia,Infantry,,,,,,,,,,,,,False,False
villager_child_dale,{=aom_dl_villager_child}Village Child,Village Child,,Townsfolk,sturgia,Infantry,,,,,,,,,,,,,False,False
village_woman_child_dale,{=aom_dl_village_woman_child}Village Child,Village Child,,Townsfolk,sturgia,Infantry,,,,,,,,,,,,,False,False
villager_teenager_dale,{=aom_dl_villager_teen}Village Teenager,Village Teenager,,Townsfolk,sturgia,Infantry,,,,,,,,,,,,,False,False
village_woman_teenager_dale,{=aom_dl_village_woman_teen}Village Teenager,Village Teenager,,Townsfolk,sturgia,Infantry,,,,,,,,,,,,,False,False
merchant_dale,{=aom_dl_merchant}Trader,Trader,,GoodsTrader,sturgia,Infantry,,false,,,,,,,,,,,False,False
blacksmith_dale,{=aom_dl_blacksmith}Blacksmith,Blacksmith,,Blacksmith,sturgia,Infantry,,false,,,,,,,,,,,False,False
weaponsmith_dale,{=aom_dl_weaponsmith}Weaponsmith,Weaponsmith,,Weaponsmith,sturgia,Infantry,,false,,,,,,,,,,,False,False
armorer_dale,{=aom_dl_armorer}Armorer,Armorer,,Armorer,sturgia,Infantry,,false,,,,,,,,,,,False,False
horseMerchant_dale,{=aom_dl_horse_merchant}Horse Merchant,Horse Merchant,,HorseTrader,sturgia,Infantry,,false,,,,,,,,,,,False,False
tavernkeeper_dale,{=aom_dl_tavernkeeper}Tavern Keeper,Tavern Keeper,,Tavernkeeper,sturgia,Infantry,,false,,,,,,,,,,,False,False
taverngamehost_dale,{=aom_dl_gamehost}Game Host,Game Host,,TavernGameHost,sturgia,Infantry,,false,,,,,,,,,,,False,False
tavern_wench_dale,{=aom_dl_tavern_wench}Tavern Wench,Tavern Wench,,TavernWench,sturgia,Infantry,,false,,,,,,,,,,,False,False
musician_dale,{=aom_dl_musician}Musician,Musician,,Musician,sturgia,Infantry,,false,,,,,,,,,,,False,False
tournament_master_dale,{=aom_dl_arena}Arena Master,Arena Master,,ArenaMaster,sturgia,Infantry,,false,,,,,,,,,,,False,False
shop_worker_dale,{=aom_dl_shop_worker}Shop Worker,Shop Worker,,ShopWorker,sturgia,Infantry,,false,,,,,,,,,,,False,False
prison_guard_dale,{=aom_dl_prison_guard}Prison Guard,Prison Guard,4.0,PrisonGuard,sturgia,Infantry,,,,50.0,50.0,50.0,,,,,,,False,False
guard_dale,{=aom_dl_guard}Guard,Guard,16.0,Soldier,sturgia,Infantry,,,,80.0,,80.0,,,,,50.0,,False,True
armed_trader_dale,{=aom_dl_armed_trader}Dale Armed Trader,Dale Armed Trader,16.0,CaravanGuard,sturgia,Infantry,,,,80.0,,60.0,,,,,40.0,,False,False
caravan_master_dale,{=aom_dl_caravan_master}Dale Caravan Master,Dale Caravan Master,26.0,CaravanGuard,sturgia,Infantry,,,,120.0,,80.0,,,,,60.0,,False,False
caravan_guard_dale,{=aom_dl_caravan_guard}Dale Caravan Guard,Dale Caravan Guard,21.0,CaravanGuard,sturgia,Infantry,,,,100.0,,100.0,40.0,,,,50.0,,False,False
veteran_caravan_guard_dale,{=aom_dl_vet_caravan_guard}Dale Veteran Caravan Guard,Dale Veteran Caravan Guard,26.0,CaravanGuard,sturgia,Infantry,,,,130.0,,130.0,50.0,,,,60.0,,False,False
ransom_broker_dale,{=aom_dl_ransom_broker}Ransom Broker,Ransom Broker,,Townsfolk,sturgia,Infantry,,false,,,,,,,,,,,False,False
gangleader_bodyguard_dale,{=aom_dl_gang_bodyguard}Gang Bodyguard,Gang Bodyguard,16.0,Townsfolk,sturgia,Infantry,,false,,,,,,,,,,,False,False
barber_dale,{=aom_dl_barber}Barber,Barber,,Townsfolk,sturgia,Infantry,,false,,,,,,,,,,,False,False
beggar_dale,{=aom_dl_beggar}Beggar,Beggar,,Townsfolk,sturgia,Infantry,,false,,,,,,,,,,,False,False
female_beggar_dale,{=aom_dl_female_beggar}Beggar,Beggar,,Townsfolk,sturgia,Infantry,,false,,,,,,,,,,,False,False
female_dancer_dale,{=aom_dl_dancer}Dancer,Dancer,,Townsfolk,sturgia,Infantry,,false,,,,,,,,,,,False,False
gear_practice_dummy_dale,{=aom_dl_practice_dummy}Practice Dummy,Practice Dummy,15.0,Soldier,sturgia,Infantry,,false,,,,,,,,,,,False,True
weapon_practice_stage_1_dale,{=aom_dl_practice_1}Practice Fighter,Practice Fighter,15.0,Soldier,sturgia,Infantry,,false,,,,,,,,,,,False,True
weapon_practice_stage_2_dale,{=aom_dl_practice_2}Practice Fighter,Practice Fighter,25.0,Soldier,sturgia,Infantry,,false,,,,,,,,,,,False,True
weapon_practice_stage_3_dale,{=aom_dl_practice_3}Practice Fighter,Practice Fighter,35.0,Soldier,sturgia,Infantry,,false,,,,,,,,,,,False,True
gear_dummy_dale,{=aom_dl_gear_dummy}Gear Dummy,Gear Dummy,15.0,Soldier,sturgia,Infantry,,false,,,,,,,,,,,False,True
education_character_template_1_dale,{=aom_dl_edu_1}Dale Youth,Dale Youth,,,sturgia,Infantry,,false,,,,,,,,,,,False,False
education_character_template_2_dale,{=aom_dl_edu_2}Dale Youth,Dale Youth,,,sturgia,Infantry,,false,,,,,,,,,,,False,False
education_character_template_3_dale,{=aom_dl_edu_3}Dale Youth,Dale Youth,,,sturgia,Infantry,,false,,,,,,,,,,,False,False
education_character_template_4_dale,{=aom_dl_edu_4}Dale Youth,Dale Youth,,,sturgia,Infantry,,false,,,,,,,,,,,False,False
education_character_template_5_dale,{=aom_dl_edu_5}Dale Youth,Dale Youth,,,sturgia,Infantry,,false,,,,,,,,,,,False,False
education_character_template_6_dale,{=aom_dl_edu_6}Dale Youth,Dale Youth,,,sturgia,Infantry,,false,,,,,,,,,,,False,False
spc_notable_dale_0,{=aom_dl_notable_0}Cautious Barding trader,Cautious Barding trader,,Merchant,sturgia,Infantry,,false,true,,,,,,,,,,False,False
spc_notable_dale_0b,{=aom_dl_notable_0b}Shrewd laketown merchant,Shrewd laketown merchant,,Merchant,sturgia,Infantry,,false,true,,,,,,,,,,False,False
spc_notable_dale_1,{=aom_dl_notable_1}Ruthless Dale fur trader,Ruthless Dale fur trader,,Merchant,sturgia,Infantry,,false,true,,,,,,,,,,False,False
spc_notable_dale_1b,{=aom_dl_notable_1b}Cold Barding merchant,Cold Barding merchant,,Merchant,sturgia,Infantry,,false,true,,,,,,,,,,False,False
spc_notable_dale_2,{=aom_dl_notable_2}Dale gem dealer,Dale gem dealer,,Merchant,sturgia,Infantry,,false,true,,,,,,,,,,False,False
spc_notable_dale_2b,{=aom_dl_notable_2b}Wise Barding merchant,Wise Barding merchant,,Merchant,sturgia,Infantry,,false,true,,,,,,,,,,False,False
spc_notable_dale_3,{=aom_dl_notable_3}Self-made Dale merchant,Self-made Dale merchant,,Merchant,sturgia,Infantry,,false,true,,,,,,,,,,False,False
spc_notable_dale_3b,{=aom_dl_notable_3b}Jovial laketown merchant,Jovial laketown merchant,,Merchant,sturgia,Infantry,,false,true,,,,,,,,,,False,False
spc_notable_dale_4,{=aom_dl_notable_4}Shrewd Barding merchant,Shrewd Barding merchant,,Merchant,sturgia,Infantry,,false,true,,,,,,,,,,False,False
spc_notable_dale_4b,{=aom_dl_notable_4b}Devious Dale merchant,Devious Dale merchant,,Merchant,sturgia,Infantry,,false,true,,,,,,,,,,False,False
spc_notable_dale_5,{=aom_dl_notable_5}Devout Dale elder,Devout Dale elder,,Preacher,sturgia,Infantry,,false,true,,,,,,,,,,False,False
spc_notable_dale_6,{=aom_dl_notable_6}Stern Barding lorekeeper,Stern Barding lorekeeper,,Preacher,sturgia,Infantry,,false,true,,,,,,,,,,False,False
spc_notable_dale_7,{=aom_dl_notable_7}Dale keeper of traditions,Dale keeper of traditions,,Preacher,sturgia,Infantry,,false,true,,,,,,,,,,False,False
spc_notable_dale_8,{=aom_dl_notable_8}Skilled Barding smith,Skilled Barding smith,,Artisan,sturgia,Infantry,,false,true,,,,,,,,,,False,False
spc_notable_dale_9,{=aom_dl_notable_9}Gifted Dale craftsman,Gifted Dale craftsman,,Artisan,sturgia,Infantry,,false,true,,,,,,,,,,False,False
spc_notable_dale_gl1,{=aom_dl_notable_gl1}Bold laketown ringleader,Bold laketown ringleader,,GangLeader,sturgia,Infantry,,false,true,,,,,,,,,,False,False
spc_notable_dale_10,{=aom_dl_notable_10}Sardonic Barding outlaw,Sardonic Barding outlaw,,GangLeader,sturgia,Infantry,,false,true,,,,,,,,,,False,False
spc_notable_dale_11,{=aom_dl_notable_11}Intimidating Dale enforcer,Intimidating Dale enforcer,,GangLeader,sturgia,Infantry,,false,true,,,,,,,,,,False,False
spc_notable_dale_gl4,{=aom_dl_notable_gl4}Ruthless Barding thug,Ruthless Barding thug,,GangLeader,sturgia,Infantry,,false,true,,,,,,,,,,False,False
spc_notable_dale_12,{=aom_dl_notable_12}Cunning Dale smuggler,Cunning Dale smuggler,,GangLeader,sturgia,Infantry,,false,true,,,,,,,,,,False,False
spc_notable_dale_13,{=aom_dl_notable_13}Menacing laketown schemer,Menacing laketown schemer,,GangLeader,sturgia,Infantry,,false,true,,,,,,,,,,False,False
spc_notable_dale_21,{=aom_dl_notable_21}Weathered Barding landowner,Weathered Barding landowner,,RuralNotable,sturgia,Infantry,,false,true,,,,,,,,,,False,False
spc_notable_dale_22,{=aom_dl_notable_22}Agreeable Dale elder,Agreeable Dale elder,,RuralNotable,sturgia,Infantry,,false,true,,,,,,,,,,False,False
spc_dale_headman_1,{=aom_dl_headman_1}Steadfast Dale headman,Steadfast Dale headman,,Headman,sturgia,Infantry,,false,true,,,,,,,,,,False,False
spc_dale_headman_2,{=aom_dl_headman_2}Conservative Barding headman,Conservative Barding headman,,Headman,sturgia,Infantry,,false,true,,,,,,,,,,False,False
spc_dale_headman_3,{=aom_dl_headman_3}Shrewd Dale headman,Shrewd Dale headman,,Headman,sturgia,Infantry,,false,true,,,,,,,,,,False,False
tournament_master_dolguldur,{=aom_dg_arena}Arena Master,Arena Master,,ArenaMaster,dolguldur,Infantry,,false,,,,,,,,,,,False,False
villager_dolguldur,{=aom_dg_villager}Slave,Slave,1.0,Villager,dolguldur,Infantry,,,,,,,,,,,,dg_goblin_slave,True,False
caravan_master_dolguldur,{=aom_dg_caravan_master}Dol Guldur Caravan Master,Dol Guldur Caravan Master,26.0,CaravanGuard,dolguldur,Infantry,,,,120.0,,80.0,,,,,60.0,,False,False
caravan_guard_dolguldur,{=aom_dg_caravan_guard}Dol Guldur Caravan Guard,Dol Guldur Caravan Guard,21.0,CaravanGuard,dolguldur,Infantry,,,,100.0,,100.0,40.0,,,,50.0,,False,False
veteran_caravan_guard_dolguldur,{=aom_dg_vet_caravan_guard}Dol Guldur Veteran Caravan Guard,Dol Guldur Veteran Caravan Guard,26.0,CaravanGuard,dolguldur,Infantry,,,,130.0,,130.0,50.0,,,,60.0,,False,False
armed_trader_dolguldur,{=aom_dg_armed_trader}Dol Guldur Armed Trader,Dol Guldur Armed Trader,16.0,CaravanGuard,dolguldur,Infantry,,,,80.0,,60.0,,,,,40.0,,False,False
prison_guard_dolguldur,{=aom_dg_prison_guard}Prison Guard,Prison Guard,4.0,PrisonGuard,dolguldur,Infantry,,,,50.0,50.0,50.0,,,,,,,False,False
guard_dolguldur,{=aom_dg_guard}Guard,Guard,16.0,Soldier,dolguldur,Infantry,,,,80.0,,80.0,,,,,50.0,,False,True
blacksmith_dolguldur,{=aom_dg_blacksmith}Blacksmith,Blacksmith,,Blacksmith,dolguldur,Infantry,,false,,,,,,,,,,,False,False
weaponsmith_dolguldur,{=aom_dg_weaponsmith}Weaponsmith,Weaponsmith,,Weaponsmith,dolguldur,Infantry,,false,,,,,,,,,,,False,False
armorer_dolguldur,{=aom_dg_armorer}Armorer,Armorer,,Armorer,dolguldur,Infantry,,false,,,,,,,,,,,False,False
horseMerchant_dolguldur,{=aom_dg_warg_merchant}Warg Merchant,Warg Merchant,,HorseTrader,dolguldur,Infantry,,false,,,,,,,,,,,False,False
merchant_dolguldur,{=aom_dg_merchant}Trader,Trader,,GoodsTrader,dolguldur,Infantry,,false,,,,,,,,,,,False,False
tavernkeeper_dolguldur,{=aom_dg_tavernkeeper}Tavern Keeper,Tavern Keeper,,Tavernkeeper,dolguldur,Infantry,,false,,,,,,,,,,,False,False
taverngamehost_dolguldur,{=aom_dg_gamehost}Game Host,Game Host,,TavernGameHost,dolguldur,Infantry,,false,,,,,,,,,,,False,False
musician_dolguldur,{=aom_dg_musician}Musician,Musician,,Musician,dolguldur,Infantry,,false,,,,,,,,,,,False,False
tavern_wench_dolguldur,{=aom_dg_tavern_wench}Tavern Wench,Tavern Wench,,TavernWench,dolguldur,Infantry,,false,,,,,,,,,,,False,False
barber_dolguldur,{=aom_dg_barber}Barber,Barber,,Townsfolk,dolguldur,Infantry,,false,,,,,,,,,,,False,False
shop_worker_dolguldur,{=aom_dg_shop_worker}Shop Worker,Shop Worker,,ShopWorker,dolguldur,Infantry,,false,,,,,,,,,,,False,False
ransom_broker_dolguldur,{=aom_dg_ransom_broker}Ransom Broker,Ransom Broker,,RansomBroker,dolguldur,Infantry,,false,,,,,,,,,,,False,False
gangleader_bodyguard_dolguldur,{=aom_dg_gang_bodyguard}Gang Bodyguard,Gang Bodyguard,16.0,Townsfolk,dolguldur,Infantry,,false,,,,,,,,,,,False,False
spc_notable_dolguldur_0,{=aom_dg_notable_0}Cautious Dol Guldur merchant,Cautious Dol Guldur merchant,,Merchant,dolguldur,Infantry,,false,true,,,,,,,,,,False,False
spc_notable_dolguldur_0b,{=aom_dg_notable_0b}Shadowy Dol Guldur haggler,Shadowy Dol Guldur haggler,,Merchant,dolguldur,Infantry,,false,true,,,,,,,,,,False,False
spc_notable_dolguldur_1,{=aom_dg_notable_1}Ruthless dark orc provisioner,Ruthless dark orc provisioner,,Merchant,dolguldur,Infantry,,false,true,,,,,,,,,,False,False
spc_notable_dolguldur_1b,{=aom_dg_notable_1b}Cold Dol Guldur quartermaster,Cold Dol Guldur quartermaster,,Merchant,dolguldur,Infantry,,false,true,,,,,,,,,,False,False
spc_notable_dolguldur_2,{=aom_dg_notable_2}Shrewd dark orc supply master,Shrewd dark orc supply master,,Merchant,dolguldur,Infantry,,false,true,,,,,,,,,,False,False
spc_notable_dolguldur_2b,{=aom_dg_notable_2b}Wary Dol Guldur hoarder,Wary Dol Guldur hoarder,,Merchant,dolguldur,Infantry,,false,true,,,,,,,,,,False,False
spc_notable_dolguldur_3,{=aom_dg_notable_3}Self-made dark orc dealer,Self-made dark orc dealer,,Merchant,dolguldur,Infantry,,false,true,,,,,,,,,,False,False
spc_notable_dolguldur_3b,{=aom_dg_notable_3b}Jovial Dol Guldur peddler,Jovial Dol Guldur peddler,,Merchant,dolguldur,Infantry,,false,true,,,,,,,,,,False,False
spc_notable_dolguldur_4,{=aom_dg_notable_4}Scheming dark orc profiteer,Scheming dark orc profiteer,,Merchant,dolguldur,Infantry,,false,true,,,,,,,,,,False,False
spc_notable_dolguldur_4b,{=aom_dg_notable_4b}Devious Dol Guldur trader,Devious Dol Guldur trader,,Merchant,dolguldur,Infantry,,false,true,,,,,,,,,,False,False
spc_notable_dolguldur_5,{=aom_dg_notable_5}Fanatical Dol Guldur war-chanter,Fanatical Dol Guldur war-chanter,,Preacher,dolguldur,Infantry,,false,true,,,,,,,,,,False,False
spc_notable_dolguldur_6,{=aom_dg_notable_6}Stern dark orc taskmaster,Stern dark orc taskmaster,,Preacher,dolguldur,Infantry,,false,true,,,,,,,,,,False,False
spc_notable_dolguldur_7,{=aom_dg_notable_7}Brooding dark orc mystic,Brooding dark orc mystic,,Preacher,dolguldur,Infantry,,false,true,,,,,,,,,,False,False
spc_notable_dolguldur_8,{=aom_dg_notable_8}Gruff dark orc artisan,Gruff dark orc artisan,,Artisan,dolguldur,Infantry,,false,true,,,,,,,,,,False,False
spc_notable_dolguldur_9,{=aom_dg_notable_9}Outgoing Dol Guldur forgemaster,Outgoing Dol Guldur forgemaster,,Artisan,dolguldur,Infantry,,false,true,,,,,,,,,,False,False
spc_notable_dolguldur_gl1,{=aom_dg_notable_gl1}Protective Dol Guldur enforcer,Protective Dol Guldur enforcer,,GangLeader,dolguldur,Infantry,,false,true,,,,,,,,,,False,False
spc_notable_dolguldur_10,{=aom_dg_notable_10}Grim orc enforcer,Grim orc enforcer,,GangLeader,dolguldur,Infantry,,false,true,,,,,,,,,,False,False
spc_notable_dolguldur_11,{=aom_dg_notable_11}Intimidating dark orc brute,Intimidating dark orc brute,,GangLeader,dolguldur,Infantry,,false,true,,,,,,,,,,False,False
spc_notable_dolguldur_gl4,{=aom_dg_notable_gl4}Bestial Dol Guldur thug,Bestial Dol Guldur thug,,GangLeader,dolguldur,Infantry,,false,true,,,,,,,,,,False,False
spc_notable_dolguldur_12,{=aom_dg_notable_12}Scheming dark orc racketeer,Scheming dark orc racketeer,,GangLeader,dolguldur,Infantry,,false,true,,,,,,,,,,False,False
spc_notable_dolguldur_13,{=aom_dg_notable_13}Menacing Dol Guldur cutthroat,Menacing Dol Guldur cutthroat,,GangLeader,dolguldur,Infantry,,false,true,,,,,,,,,,False,False
spc_notable_dolguldur_gl5,{=aom_dg_notable_gl5}Sinister Dol Guldur enforcer,Sinister Dol Guldur enforcer,,GangLeader,dolguldur,Infantry,,false,true,,,,,,,,,,False,False
spc_notable_dolguldur_gl6,{=aom_dg_notable_gl6}Vile Dol Guldur slaver,Vile Dol Guldur slaver,,GangLeader,dolguldur,Infantry,,false,true,,,,,,,,,,False,False
spc_notable_dolguldur_gl7,{=aom_dg_notable_gl7}Sadistic Dol Guldur lieutenant,Sadistic Dol Guldur lieutenant,,GangLeader,dolguldur,Infantry,,false,true,,,,,,,,,,False,False
spc_notable_dolguldur_gl8,{=aom_dg_notable_gl8}Cold dark orc warlord,Cold dark orc warlord,,GangLeader,dolguldur,Infantry,,false,true,,,,,,,,,,False,False
spc_notable_dolguldur_gl9,{=aom_dg_notable_gl9}Ruthless Dol Guldur cutthroat,Ruthless Dol Guldur cutthroat,,GangLeader,dolguldur,Infantry,,false,true,,,,,,,,,,False,False
spc_notable_dolguldur_gl10,{=aom_dg_notable_gl10}Cunning dark orc strategist,Cunning dark orc strategist,,GangLeader,dolguldur,Infantry,,false,true,,,,,,,,,,False,False
spc_notable_dolguldur_gl11,{=aom_dg_notable_gl11}Brutal Dol Guldur overlord,Brutal Dol Guldur overlord,,GangLeader,dolguldur,Infantry,,false,true,,,,,,,,,,False,False
spc_notable_dolguldur_gl12,{=aom_dg_notable_gl12}Calculating dark orc enforcer,Calculating dark orc enforcer,,GangLeader,dolguldur,Infantry,,false,true,,,,,,,,,,False,False
spc_notable_dolguldur_gl13,{=aom_dg_notable_gl13}Iron-handed Dol Guldur chief,Iron-handed Dol Guldur chief,,GangLeader,dolguldur,Infantry,,false,true,,,,,,,,,,False,False
spc_notable_dolguldur_21,{=aom_dg_notable_21}Gruff dark orc overseer,Gruff dark orc overseer,,RuralNotable,dolguldur,Infantry,,false,true,,,,,,,,,,False,False
spc_notable_dolguldur_22,{=aom_dg_notable_22}Agreeable Dol Guldur field boss,Agreeable Dol Guldur field boss,,RuralNotable,dolguldur,Infantry,,false,true,,,,,,,,,,False,False
spc_notable_dolguldur_23,{=aom_dg_notable_23}Sullen Dol Guldur enforcer,Sullen Dol Guldur enforcer,,RuralNotable,dolguldur,Infantry,,false,true,,,,,,,,,,False,False
spc_dolguldur_headman_1,{=aom_dg_headman_1}Rebellious Dol Guldur captain,Rebellious Dol Guldur captain,,Headman,dolguldur,Infantry,,false,true,,,,,,,,,,False,False
spc_dolguldur_headman_2,{=aom_dg_headman_2}Conservative dark orc elder,Conservative dark orc elder,,Headman,dolguldur,Infantry,,false,true,,,,,,,,,,False,False
spc_dolguldur_headman_3,{=aom_dg_headman_3}Devious Dol Guldur headman,Devious Dol Guldur headman,,Headman,dolguldur,Infantry,,false,true,,,,,,,,,,False,False
beggar_dolguldur,{=aom_dg_beggar}Beggar,Beggar,,Townsfolk,dolguldur,Infantry,,false,,,,,,,,,,,False,False
female_beggar_dolguldur,{=aom_dg_female_beggar}Beggar,Beggar,,Townsfolk,dolguldur,Infantry,,false,,,,,,,,,,,False,False
female_dancer_dolguldur,{=aom_dg_dancer}Dancer,Dancer,,Townsfolk,dolguldur,Infantry,,false,,,,,,,,,,,False,False
townsman_dolguldur,{=aom_dg_townsman}Townsman,Townsman,,Townsfolk,dolguldur,Infantry,,,,,,,,,,,,,False,False
townsman_infant_dolguldur,{=aom_dg_townsman_infant}Townsman,Townsman,,Townsfolk,dolguldur,Infantry,,,,,,,,,,,,,False,False
townsman_child_dolguldur,{=aom_dg_townsman_child}Townsman,Townsman,,Townsfolk,dolguldur,Infantry,,,,,,,,,,,,,False,False
townsman_teenager_dolguldur,{=aom_dg_townsman_teen}Townsman,Townsman,,Townsfolk,dolguldur,Infantry,,,,,,,,,,,,,False,False
townswoman_dolguldur,{=aom_dg_townswoman}Townswoman,Townswoman,,Townsfolk,dolguldur,Infantry,,,,,,,,,,,,,False,False
townswoman_infant_dolguldur,{=aom_dg_townswoman_infant}Townswoman,Townswoman,,Townsfolk,dolguldur,Infantry,,,,,,,,,,,,,False,False
townswoman_child_dolguldur,{=aom_dg_townswoman_child}Townswoman,Townswoman,,Townsfolk,dolguldur,Infantry,,,,,,,,,,,,,False,False
townswoman_teenager_dolguldur,{=aom_dg_townswoman_teen}Townswoman,Townswoman,,Townsfolk,dolguldur,Infantry,,,,,,,,,,,,,False,False
village_woman_dolguldur,{=aom_dg_village_woman}Village Woman,Village Woman,,Townsfolk,dolguldur,Infantry,,,,,,,,,,,,,False,False
village_woman_child_dolguldur,{=aom_dg_village_woman_child}Village Child,Village Child,,Townsfolk,dolguldur,Infantry,,,,,,,,,,,,,False,False
village_woman_teenager_dolguldur,{=aom_dg_village_woman_teen}Village Teenager,Village Teenager,,Townsfolk,dolguldur,Infantry,,,,,,,,,,,,,False,False
villager_child_dolguldur,{=aom_dg_villager_child}Village Child,Village Child,,Townsfolk,dolguldur,Infantry,,,,,,,,,,,,,False,False
villager_teenager_dolguldur,{=aom_dg_villager_teen}Village Teenager,Village Teenager,,Townsfolk,dolguldur,Infantry,,,,,,,,,,,,,False,False
gear_practice_dummy_dolguldur,{=aom_dg_practice_dummy}Practice Dummy,Practice Dummy,,Townsfolk,dolguldur,Infantry,,,,,,,,,,,,,False,False
weapon_practice_stage_1_dolguldur,{=aom_dg_practice_1}Practice Fighter,Practice Fighter,,Townsfolk,dolguldur,Infantry,,,,,,,,,,,,,False,False
weapon_practice_stage_2_dolguldur,{=aom_dg_practice_2}Practice Fighter,Practice Fighter,,Townsfolk,dolguldur,Infantry,,,,,,,,,,,,,False,False
weapon_practice_stage_3_dolguldur,{=aom_dg_practice_3}Practice Fighter,Practice Fighter,,Townsfolk,dolguldur,Infantry,,,,,,,,,,,,,False,False
gear_dummy_dolguldur,{=aom_dg_gear_dummy}Gear Dummy,Gear Dummy,,Townsfolk,dolguldur,Infantry,,,,,,,,,,,,,False,False
townsman_dunland,{=aom_dn_townsman}Townsman,Townsman,,Townsfolk,empire,Infantry,,,,,,,,,,,,,False,False
townswoman_dunland,{=aom_dn_townswoman}Townswoman,Townswoman,,Townsfolk,empire,Infantry,,,,,,,,,,,,,False,False
townsman_infant_dunland,{=aom_dn_townsman_infant}Townsman,Townsman,,Townsfolk,empire,Infantry,,,,,,,,,,,,,False,False
townswoman_infant_dunland,{=aom_dn_townswoman_infant}Townswoman,Townswoman,,Townsfolk,empire,Infantry,,,,,,,,,,,,,False,False
townsman_child_dunland,{=aom_dn_townsman_child}Townsman,Townsman,,Townsfolk,empire,Infantry,,,,,,,,,,,,,False,False
townswoman_child_dunland,{=aom_dn_townswoman_child}Townswoman,Townswoman,,Townsfolk,empire,Infantry,,,,,,,,,,,,,False,False
townsman_teenager_dunland,{=aom_dn_townsman_teen}Townsman,Townsman,,Townsfolk,empire,Infantry,,,,,,,,,,,,,False,False
townswoman_teenager_dunland,{=aom_dn_townswoman_teen}Townswoman,Townswoman,,Townsfolk,empire,Infantry,,,,,,,,,,,,,False,False
villager_dunland,{=aom_dn_villager}Villager,Villager,1.0,Villager,empire,Infantry,,,,,,,,,,,,dunland_peasant,True,False
village_woman_dunland,{=aom_dn_village_woman}Village Woman,Village Woman,,Villager,empire,Infantry,,,,,,,,,,,,,False,False
villager_child_dunland,{=aom_dn_villager_child}Village Child,Village Child,,Townsfolk,empire,Infantry,,,,,,,,,,,,,False,False
village_woman_child_dunland,{=aom_dn_village_woman_child}Village Child,Village Child,,Townsfolk,empire,Infantry,,,,,,,,,,,,,False,False
villager_teenager_dunland,{=aom_dn_villager_teen}Village Teenager,Village Teenager,,Townsfolk,empire,Infantry,,,,,,,,,,,,,False,False
village_woman_teenager_dunland,{=aom_dn_village_woman_teen}Village Teenager,Village Teenager,,Townsfolk,empire,Infantry,,,,,,,,,,,,,False,False
merchant_dunland,{=aom_dn_merchant}Trader,Trader,,GoodsTrader,empire,Infantry,,false,,,,,,,,,,,False,False
blacksmith_dunland,{=aom_dn_blacksmith}Blacksmith,Blacksmith,,Blacksmith,empire,Infantry,,false,,,,,,,,,,,False,False
weaponsmith_dunland,{=aom_dn_weaponsmith}Weaponsmith,Weaponsmith,,Weaponsmith,empire,Infantry,,false,,,,,,,,,,,False,False
armorer_dunland,{=aom_dn_armorer}Armorer,Armorer,,Armorer,empire,Infantry,,false,,,,,,,,,,,False,False
horseMerchant_dunland,{=aom_dn_horse_merchant}Horse Merchant,Horse Merchant,,HorseTrader,empire,Infantry,,false,,,,,,,,,,,False,False
tavernkeeper_dunland,{=aom_dn_tavernkeeper}Tavern Keeper,Tavern Keeper,,Tavernkeeper,empire,Infantry,,false,,,,,,,,,,,False,False
taverngamehost_dunland,{=aom_dn_gamehost}Game Host,Game Host,,TavernGameHost,empire,Infantry,,false,,,,,,,,,,,False,False
tavern_wench_dunland,{=aom_dn_tavern_wench}Tavern Wench,Tavern Wench,,TavernWench,empire,Infantry,,false,,,,,,,,,,,False,False
musician_dunland,{=aom_dn_musician}Musician,Musician,,Musician,empire,Infantry,,false,,,,,,,,,,,False,False
tournament_master_dunland,{=aom_dn_arena}Arena Master,Arena Master,,ArenaMaster,empire,Infantry,,false,,,,,,,,,,,False,False
shop_worker_dunland,{=aom_dn_shop_worker}Shop Worker,Shop Worker,,ShopWorker,empire,Infantry,,false,,,,,,,,,,,False,False
prison_guard_dunland,{=aom_dn_prison_guard}Prison Guard,Prison Guard,4.0,PrisonGuard,empire,Infantry,,,,50.0,50.0,50.0,,,,,,,False,False
guard_dunland,{=aom_dn_guard}Guard,Guard,16.0,Soldier,empire,Infantry,,,,80.0,,80.0,,,,,50.0,,False,True
armed_trader_dunland,{=aom_dn_armed_trader}Dunland Armed Trader,Dunland Armed Trader,16.0,CaravanGuard,empire,Infantry,,,,80.0,,60.0,,,,,40.0,,False,False
caravan_master_dunland,{=aom_dn_caravan_master}Dunland Caravan Master,Dunland Caravan Master,26.0,CaravanGuard,empire,Infantry,,,,120.0,,80.0,,,,,60.0,,False,False
caravan_guard_dunland,{=aom_dn_caravan_guard}Dunland Caravan Guard,Dunland Caravan Guard,21.0,CaravanGuard,empire,Infantry,,,,100.0,,100.0,40.0,,,,50.0,,False,False
veteran_caravan_guard_dunland,{=aom_dn_vet_caravan_guard}Dunland Veteran Caravan Guard,Dunland Veteran Caravan Guard,26.0,CaravanGuard,empire,Infantry,,,,130.0,,130.0,50.0,,,,60.0,,False,False
ransom_broker_dunland,{=aom_dn_ransom_broker}Ransom Broker,Ransom Broker,,Townsfolk,empire,Infantry,,false,,,,,,,,,,,False,False
gangleader_bodyguard_dunland,{=aom_dn_gang_bodyguard}Gang Bodyguard,Gang Bodyguard,16.0,Townsfolk,empire,Infantry,,false,,,,,,,,,,,False,False
spc_notable_dunland_0,{=aom_dn_notable_0}Shrewd hillman trader,Shrewd hillman trader,,Merchant,empire,Infantry,,false,true,,,,,,,,,,False,False
spc_notable_dunland_0b,{=aom_dn_notable_0b}Wily dunlending peddler,Wily dunlending peddler,,Merchant,empire,Infantry,,false,true,,,,,,,,,,False,False
spc_notable_dunland_1,{=aom_dn_notable_1}Fierce clan merchant,Fierce clan merchant,,Merchant,empire,Infantry,,false,true,,,,,,,,,,False,False
spc_notable_dunland_1b,{=aom_dn_notable_1b}Cold-eyed hill trader,Cold-eyed hill trader,,Merchant,empire,Infantry,,false,true,,,,,,,,,,False,False
spc_notable_dunland_2,{=aom_dn_notable_2}Quiet dunlending dealer,Quiet dunlending dealer,,Merchant,empire,Infantry,,false,true,,,,,,,,,,False,False
spc_notable_dunland_2b,{=aom_dn_notable_2b}Cautious hillman provisioner,Cautious hillman provisioner,,Merchant,empire,Infantry,,false,true,,,,,,,,,,False,False
spc_notable_dunland_3,{=aom_dn_notable_3}Self-made dunlending merchant,Self-made dunlending merchant,,Merchant,empire,Infantry,,false,true,,,,,,,,,,False,False
spc_notable_dunland_3b,{=aom_dn_notable_3b}Jovial hillman merchant,Jovial hillman merchant,,Merchant,empire,Infantry,,false,true,,,,,,,,,,False,False
spc_notable_dunland_4,{=aom_dn_notable_4}Sharp-tongued clan trader,Sharp-tongued clan trader,,Merchant,empire,Infantry,,false,true,,,,,,,,,,False,False
spc_notable_dunland_4b,{=aom_dn_notable_4b}Devious dunlending merchant,Devious dunlending merchant,,Merchant,empire,Infantry,,false,true,,,,,,,,,,False,False
spc_notable_dunland_5,{=aom_dn_notable_5}Wild hill preacher,Wild hill preacher,,Preacher,empire,Infantry,,false,true,,,,,,,,,,False,False
spc_notable_dunland_6,{=aom_dn_notable_6}Stern dunlending elder,Stern dunlending elder,,Preacher,empire,Infantry,,false,true,,,,,,,,,,False,False
spc_notable_dunland_7,{=aom_dn_notable_7}Keeper of dunlending ways,Keeper of dunlending ways,,Preacher,empire,Infantry,,false,true,,,,,,,,,,False,False
spc_notable_dunland_8,{=aom_dn_notable_8}Gruff dunlending smith,Gruff dunlending smith,,Artisan,empire,Infantry,,false,true,,,,,,,,,,False,False
spc_notable_dunland_9,{=aom_dn_notable_9}Skilled hillman craftsman,Skilled hillman craftsman,,Artisan,empire,Infantry,,false,true,,,,,,,,,,False,False
spc_notable_dunland_gl1,{=aom_dn_notable_gl1}Cunning clan ringleader,Cunning clan ringleader,,GangLeader,empire,Infantry,,false,true,,,,,,,,,,False,False
spc_notable_dunland_10,{=aom_dn_notable_10}Mocking hillman gang boss,Mocking hillman gang boss,,GangLeader,empire,Infantry,,false,true,,,,,,,,,,False,False
spc_notable_dunland_11,{=aom_dn_notable_11}Brutal dunlending enforcer,Brutal dunlending enforcer,,GangLeader,empire,Infantry,,false,true,,,,,,,,,,False,False
spc_notable_dunland_gl4,{=aom_dn_notable_gl4}Savage hill thug,Savage hill thug,,GangLeader,empire,Infantry,,false,true,,,,,,,,,,False,False
spc_notable_dunland_12,{=aom_dn_notable_12}Sly dunlending smuggler,Sly dunlending smuggler,,GangLeader,empire,Infantry,,false,true,,,,,,,,,,False,False
spc_notable_dunland_13,{=aom_dn_notable_13}Menacing clan gang leader,Menacing clan gang leader,,GangLeader,empire,Infantry,,false,true,,,,,,,,,,False,False
spc_notable_dunland_21,{=aom_dn_notable_21}Weathered hillman landowner,Weathered hillman landowner,,RuralNotable,empire,Infantry,,false,true,,,,,,,,,,False,False
spc_notable_dunland_22,{=aom_dn_notable_22}Respected dunlending elder,Respected dunlending elder,,RuralNotable,empire,Infantry,,false,true,,,,,,,,,,False,False
spc_dunland_headman_1,{=aom_dn_headman_1}Proud dunlending headman,Proud dunlending headman,,Headman,empire,Infantry,,false,true,,,,,,,,,,False,False
spc_dunland_headman_2,{=aom_dn_headman_2}Cautious clan headman,Cautious clan headman,,Headman,empire,Infantry,,false,true,,,,,,,,,,False,False
spc_dunland_headman_3,{=aom_dn_headman_3}Cunning hillman headman,Cunning hillman headman,,Headman,empire,Infantry,,false,true,,,,,,,,,,False,False
barber_dunland,{=aom_dn_barber}Barber,Barber,,Townsfolk,empire,Infantry,,false,,,,,,,,,,,False,False
beggar_dunland,{=aom_dn_beggar}Beggar,Beggar,,Townsfolk,empire,Infantry,,false,,,,,,,,,,,False,False
female_beggar_dunland,{=aom_dn_female_beggar}Beggar,Beggar,,Townsfolk,empire,Infantry,,false,,,,,,,,,,,False,False
female_dancer_dunland,{=aom_dn_dancer}Dancer,Dancer,,Townsfolk,empire,Infantry,,false,,,,,,,,,,,False,False
gear_practice_dummy_dunland,{=aom_dn_practice_dummy}Practice Dummy,Practice Dummy,15.0,Soldier,empire,Infantry,,false,,,,,,,,,,,False,True
weapon_practice_stage_1_dunland,{=aom_dn_practice_1}Practice Fighter,Practice Fighter,15.0,Soldier,empire,Infantry,,false,,,,,,,,,,,False,True
weapon_practice_stage_2_dunland,{=aom_dn_practice_2}Practice Fighter,Practice Fighter,25.0,Soldier,empire,Infantry,,false,,,,,,,,,,,False,True
weapon_practice_stage_3_dunland,{=aom_dn_practice_3}Practice Fighter,Practice Fighter,35.0,Soldier,empire,Infantry,,false,,,,,,,,,,,False,True
gear_dummy_dunland,{=aom_dn_gear_dummy}Gear Dummy,Gear Dummy,15.0,Soldier,empire,Infantry,,false,,,,,,,,,,,False,True
tournament_master_erebor,{=aom_er_arena}Arena Master,Arena Master,,ArenaMaster,erebor,Infantry,,false,,,,,,,,,,,False,False
villager_erebor,{=aom_er_villager}Villager,Villager,1.0,Villager,erebor,Infantry,,,,,,,,,,,,erebor_reg_miner,True,False
caravan_master_erebor,{=aom_er_caravan_master}Erebor Caravan Master,Erebor Caravan Master,26.0,CaravanGuard,erebor,Infantry,,,,120.0,,80.0,,,,,60.0,,False,False
armed_trader_erebor,{=aom_er_armed_trader}Erebor Armed Trader,Erebor Armed Trader,16.0,CaravanGuard,erebor,Infantry,,,,80.0,,60.0,,,,,40.0,,False,False
caravan_guard_erebor,{=aom_er_caravan_guard}Erebor Caravan Guard,Erebor Caravan Guard,21.0,CaravanGuard,erebor,Infantry,,,,100.0,,100.0,40.0,,,,50.0,,False,False
veteran_caravan_guard_erebor,{=aom_er_vet_caravan_guard}Erebor Veteran Caravan Guard,Erebor Veteran Caravan Guard,26.0,CaravanGuard,erebor,Infantry,,,,130.0,,130.0,50.0,,,,60.0,,False,False
townsman_erebor,{=aom_er_townsman}Townsman,Townsman,,Townsfolk,erebor,Infantry,,,,,,,,,,,,,False,False
townswoman_erebor,{=aom_er_townswoman}Townswoman,Townswoman,,Townsfolk,erebor,Infantry,,,,,,,,,,,,,False,False
town_child_erebor,{=aom_er_town_child}Town Child,Town Child,,Townsfolk,erebor,Infantry,,,,,,,,,,,,,False,False
town_teenager_erebor,{=aom_er_town_teen}Town Teenager,Town Teenager,,Townsfolk,erebor,Infantry,,,,,,,,,,,,,False,False
village_woman_erebor,{=aom_er_village_woman}Village Woman,Village Woman,,Villager,erebor,Infantry,,,,,,,,,,,,,False,False
village_child_erebor,{=aom_er_village_child}Village Child,Village Child,,Villager,erebor,Infantry,,,,,,,,,,,,,False,False
village_teenager_erebor,{=aom_er_village_teen}Village Teenager,Village Teenager,,Villager,erebor,Infantry,,,,,,,,,,,,,False,False
merchant_erebor,{=aom_er_merchant}Trader,Trader,,GoodsTrader,erebor,Infantry,,false,,,,,,,,,,,False,False
blacksmith_erebor,{=aom_er_blacksmith}Blacksmith,Blacksmith,,Blacksmith,erebor,Infantry,,false,,,,,,,,,,,False,False
weaponsmith_erebor,{=aom_er_weaponsmith}Weaponsmith,Weaponsmith,,Weaponsmith,erebor,Infantry,,false,,,,,,,,,,,False,False
armorer_erebor,{=aom_er_armorer}Armorer,Armorer,,Armorer,erebor,Infantry,,false,,,,,,,,,,,False,False
horseMerchant_erebor,{=aom_er_horse_merchant}Horse Merchant,Horse Merchant,,HorseTrader,erebor,Infantry,,false,,,,,,,,,,,False,False
tavernkeeper_erebor,{=aom_er_tavernkeeper}Tavern Keeper,Tavern Keeper,,Tavernkeeper,erebor,Infantry,,false,,,,,,,,,,,False,False
taverngamehost_erebor,{=aom_er_gamehost}Game Host,Game Host,,TavernGameHost,erebor,Infantry,,false,,,,,,,,,,,False,False
tavern_wench_erebor,{=aom_er_tavern_wench}Tavern Wench,Tavern Wench,,TavernWench,erebor,Infantry,,false,,,,,,,,,,,False,False
musician_erebor,{=aom_er_musician}Musician,Musician,,Musician,erebor,Infantry,,false,,,,,,,,,,,False,False
shop_worker_erebor,{=aom_er_shop_worker}Shop Worker,Shop Worker,,ShopWorker,erebor,Infantry,,false,,,,,,,,,,,False,False
barber_erebor,{=aom_er_barber}Barber,Barber,,Townsfolk,erebor,Infantry,,false,,,,,,,,,,,False,False
ransom_broker_erebor,{=aom_er_ransom_broker}Ransom Broker,Ransom Broker,,RansomBroker,erebor,Infantry,,false,,,,,,,,,,,False,False
prison_guard_erebor,{=aom_er_prison_guard}Prison Guard,Prison Guard,4.0,PrisonGuard,erebor,Infantry,,,,50.0,50.0,50.0,,,,,,,False,False
guard_erebor,{=aom_er_guard}Guard,Guard,16.0,Soldier,erebor,Infantry,,,,80.0,,80.0,,,,,50.0,,False,True
gangleader_bodyguard_erebor,{=aom_er_gang_bodyguard}Gang Bodyguard,Gang Bodyguard,16.0,Townsfolk,erebor,Infantry,,false,,,,,,,,,,,False,False
beggar_erebor,{=aom_er_beggar}Beggar,Beggar,,Townsfolk,erebor,Infantry,,false,,,,,,,,,,,False,False
female_beggar_erebor,{=aom_er_female_beggar}Beggar,Beggar,,Townsfolk,erebor,Infantry,,false,,,,,,,,,,,False,False
female_dancer_erebor,{=aom_er_dancer}Dancer,Dancer,,Townsfolk,erebor,Infantry,,false,,,,,,,,,,,False,False
spc_notable_erebor_0,{=aom_er_notable_0}Cautious dwarven merchant,Cautious dwarven merchant,,Merchant,erebor,Infantry,,false,true,,,,,,,,,,False,False
spc_notable_erebor_0b,{=aom_er_notable_0b}Dwarven vintner,Dwarven vintner,,Merchant,erebor,Infantry,,false,true,,,,,,,,,,False,False
spc_notable_erebor_1,{=aom_er_notable_1}Ruthless dwarven trader,Ruthless dwarven trader,,Merchant,erebor,Infantry,,false,true,,,,,,,,,,False,False
spc_notable_erebor_1b,{=aom_er_notable_1b}Cold dwarven merchant,Cold dwarven merchant,,Merchant,erebor,Infantry,,false,true,,,,,,,,,,False,False
spc_notable_erebor_2,{=aom_er_notable_2}Dwarven gem dealer,Dwarven gem dealer,,Merchant,erebor,Infantry,,false,true,,,,,,,,,,False,False
spc_notable_erebor_2b,{=aom_er_notable_2b}Cautious dwarven ore trader,Cautious dwarven ore trader,,Merchant,erebor,Infantry,,false,true,,,,,,,,,,False,False
spc_notable_erebor_3,{=aom_er_notable_3}Self-made dwarven merchant,Self-made dwarven merchant,,Merchant,erebor,Infantry,,false,true,,,,,,,,,,False,False
spc_notable_erebor_3b,{=aom_er_notable_3b}Jocular dwarven merchant,Jocular dwarven merchant,,Merchant,erebor,Infantry,,false,true,,,,,,,,,,False,False
spc_notable_erebor_4,{=aom_er_notable_4}Shrewd dwarven merchant,Shrewd dwarven merchant,,Merchant,erebor,Infantry,,false,true,,,,,,,,,,False,False
spc_notable_erebor_4b,{=aom_er_notable_4b}Devious dwarven merchant,Devious dwarven merchant,,Merchant,erebor,Infantry,,false,true,,,,,,,,,,False,False
spc_notable_erebor_5,{=aom_er_notable_5}Zealous dwarven loremaster,Zealous dwarven loremaster,,Preacher,erebor,Infantry,,false,true,,,,,,,,,,False,False
spc_notable_erebor_6,{=aom_er_notable_6}Stern dwarven elder,Stern dwarven elder,,Preacher,erebor,Infantry,,false,true,,,,,,,,,,False,False
spc_notable_erebor_7,{=aom_er_notable_7}Dwarven keeper of traditions,Dwarven keeper of traditions,,Preacher,erebor,Infantry,,false,true,,,,,,,,,,False,False
spc_notable_erebor_8,{=aom_er_notable_8}Gruff dwarven smith,Gruff dwarven smith,,Artisan,erebor,Infantry,,false,true,,,,,,,,,,False,False
spc_notable_erebor_9,{=aom_er_notable_9}Outgoing dwarven craftsman,Outgoing dwarven craftsman,,Artisan,erebor,Infantry,,false,true,,,,,,,,,,False,False
spc_notable_erebor_gl1,{=aom_er_notable_gl1}Protective dwarven ringleader,Protective dwarven ringleader,,GangLeader,erebor,Infantry,,false,true,,,,,,,,,,False,False
spc_notable_erebor_10,{=aom_er_notable_10}Ironic dwarven gang leader,Ironic dwarven gang leader,,GangLeader,erebor,Infantry,,false,true,,,,,,,,,,False,False
spc_notable_erebor_11,{=aom_er_notable_11}Intimidating dwarven enforcer,Intimidating dwarven enforcer,,GangLeader,erebor,Infantry,,false,true,,,,,,,,,,False,False
spc_notable_erebor_gl4,{=aom_er_notable_gl4}Bestial dwarven thug,Bestial dwarven thug,,GangLeader,erebor,Infantry,,false,true,,,,,,,,,,False,False
spc_notable_erebor_12,{=aom_er_notable_12}Cunning dwarven smuggler,Cunning dwarven smuggler,,GangLeader,erebor,Infantry,,false,true,,,,,,,,,,False,False
spc_notable_erebor_13,{=aom_er_notable_13}Menacing dwarven gang leader,Menacing dwarven gang leader,,GangLeader,erebor,Infantry,,false,true,,,,,,,,,,False,False
spc_notable_erebor_21,{=aom_er_notable_21}Gruff dwarven landowner,Gruff dwarven landowner,,RuralNotable,erebor,Infantry,,false,true,,,,,,,,,,False,False
spc_notable_erebor_22,{=aom_er_notable_22}Agreeable dwarven elder,Agreeable dwarven elder,,RuralNotable,erebor,Infantry,,false,true,,,,,,,,,,False,False
spc_erebor_headman_1,{=aom_er_headman_1}Rebellious dwarven headman,Rebellious dwarven headman,,Headman,erebor,Infantry,,false,true,,,,,,,,,,False,False
spc_erebor_headman_2,{=aom_er_headman_2}Conservative dwarven headman,Conservative dwarven headman,,Headman,erebor,Infantry,,false,true,,,,,,,,,,False,False
spc_erebor_headman_3,{=aom_er_headman_3}Devious dwarven headman,Devious dwarven headman,,Headman,erebor,Infantry,,false,true,,,,,,,,,,False,False
gear_practice_dummy_erebor,{=aom_er_practice_dummy}Practice Dummy,Practice Dummy,,Townsfolk,erebor,Infantry,,,,,,,,,,,,,False,False
weapon_practice_stage_1_erebor,{=aom_er_practice_1}Practice Fighter,Practice Fighter,,Townsfolk,erebor,Infantry,,,,,,,,,,,,,False,False
weapon_practice_stage_2_erebor,{=aom_er_practice_2}Practice Fighter,Practice Fighter,,Townsfolk,erebor,Infantry,,,,,,,,,,,,,False,False
weapon_practice_stage_3_erebor,{=aom_er_practice_3}Practice Fighter,Practice Fighter,,Townsfolk,erebor,Infantry,,,,,,,,,,,,,False,False
gear_dummy_erebor,{=aom_er_gear_dummy}Gear Dummy,Gear Dummy,,Townsfolk,erebor,Infantry,,,,,,,,,,,,,False,False
townsman_infant_erebor,{=aom_er_townsman_infant}Townsman,Townsman,,Townsfolk,erebor,Infantry,,,,,,,,,,,,,False,False
townsman_child_erebor,{=aom_er_townsman_child}Townsman,Townsman,,Townsfolk,erebor,Infantry,,,,,,,,,,,,,False,False
townsman_teenager_erebor,{=aom_er_townsman_teen}Townsman,Townsman,,Townsfolk,erebor,Infantry,,,,,,,,,,,,,False,False
townswoman_infant_erebor,{=aom_er_townswoman_infant}Townswoman,Townswoman,,Townsfolk,erebor,Infantry,,,,,,,,,,,,,False,False
townswoman_child_erebor,{=aom_er_townswoman_child}Townswoman,Townswoman,,Townsfolk,erebor,Infantry,,,,,,,,,,,,,False,False
townswoman_teenager_erebor,{=aom_er_townswoman_teen}Townswoman,Townswoman,,Townsfolk,erebor,Infantry,,,,,,,,,,,,,False,False
village_woman_child_erebor,{=aom_er_village_woman_child}Village Child,Village Child,,Townsfolk,erebor,Infantry,,,,,,,,,,,,,False,False
village_woman_teenager_erebor,{=aom_er_village_woman_teen}Village Teenager,Village Teenager,,Townsfolk,erebor,Infantry,,,,,,,,,,,,,False,False
villager_child_erebor,{=aom_er_villager_child}Village Child,Village Child,,Townsfolk,erebor,Infantry,,,,,,,,,,,,,False,False
villager_teenager_erebor,{=aom_er_villager_teen}Village Teenager,Village Teenager,,Townsfolk,erebor,Infantry,,,,,,,,,,,,,False,False
tournament_master_goblin,{=aom_gob_arena}Arena Master,Arena Master,,ArenaMaster,goblin,Infantry,,false,,,,,,,,,,,False,False
villager_goblin,{=aom_gob_villager}Slave,Slave,1.0,Villager,goblin,Infantry,,,,,,,,,,,,goblin_snaga,True,False
caravan_master_goblin,{=aom_gob_caravan_master}Goblin Caravan Master,Goblin Caravan Master,26.0,CaravanGuard,goblin,Infantry,,,,120.0,,80.0,,,,,60.0,,False,False
caravan_guard_goblin,{=aom_gob_caravan_guard}Goblin Caravan Guard,Goblin Caravan Guard,21.0,CaravanGuard,goblin,Infantry,,,,100.0,,100.0,40.0,,,,50.0,,False,False
veteran_caravan_guard_goblin,{=aom_gob_vet_caravan_guard}Goblin Veteran Caravan Guard,Goblin Veteran Caravan Guard,26.0,CaravanGuard,goblin,Infantry,,,,130.0,,130.0,50.0,,,,60.0,,False,False
armed_trader_goblin,{=aom_gob_armed_trader}Goblin Armed Trader,Goblin Armed Trader,16.0,CaravanGuard,goblin,Infantry,,,,80.0,,60.0,,,,,40.0,,False,False
prison_guard_goblin,{=aom_gob_prison_guard}Prison Guard,Prison Guard,4.0,PrisonGuard,goblin,Infantry,,,,50.0,50.0,50.0,,,,,,,False,False
guard_goblin,{=aom_gob_guard}Guard,Guard,16.0,Soldier,goblin,Infantry,,,,80.0,,80.0,,,,,50.0,,False,True
blacksmith_goblin,{=aom_gob_blacksmith}Blacksmith,Blacksmith,,Blacksmith,goblin,Infantry,,false,,,,,,,,,,,False,False
weaponsmith_goblin,{=aom_gob_weaponsmith}Weaponsmith,Weaponsmith,,Weaponsmith,goblin,Infantry,,false,,,,,,,,,,,False,False
armorer_goblin,{=aom_gob_armorer}Armorer,Armorer,,Armorer,goblin,Infantry,,false,,,,,,,,,,,False,False
horseMerchant_goblin,{=aom_gob_warg_merchant}Warg Merchant,Warg Merchant,,HorseTrader,goblin,Infantry,,false,,,,,,,,,,,False,False
merchant_goblin,{=aom_gob_merchant}Trader,Trader,,GoodsTrader,goblin,Infantry,,false,,,,,,,,,,,False,False
tavernkeeper_goblin,{=aom_gob_tavernkeeper}Tavern Keeper,Tavern Keeper,,Tavernkeeper,goblin,Infantry,,false,,,,,,,,,,,False,False
taverngamehost_goblin,{=aom_gob_gamehost}Game Host,Game Host,,TavernGameHost,goblin,Infantry,,false,,,,,,,,,,,False,False
musician_goblin,{=aom_gob_musician}Musician,Musician,,Musician,goblin,Infantry,,false,,,,,,,,,,,False,False
tavern_wench_goblin,{=aom_gob_tavern_wench}Tavern Wench,Tavern Wench,,TavernWench,goblin,Infantry,,false,,,,,,,,,,,False,False
barber_goblin,{=aom_gob_barber}Barber,Barber,,Townsfolk,goblin,Infantry,,false,,,,,,,,,,,False,False
shop_worker_goblin,{=aom_gob_shop_worker}Shop Worker,Shop Worker,,ShopWorker,goblin,Infantry,,false,,,,,,,,,,,False,False
ransom_broker_goblin,{=aom_gob_ransom_broker}Ransom Broker,Ransom Broker,,RansomBroker,goblin,Infantry,,false,,,,,,,,,,,False,False
gangleader_bodyguard_goblin,{=aom_gob_gang_bodyguard}Gang Bodyguard,Gang Bodyguard,16.0,Townsfolk,goblin,Infantry,,false,,,,,,,,,,,False,False
spc_notable_goblin_0,{=aom_gob_notable_0}Cautious goblin trader,Cautious goblin trader,,Merchant,goblin,Infantry,,false,true,,,,,,,,,,False,False
spc_notable_goblin_0b,{=aom_gob_notable_0b}Cunning Goblin haggler,Cunning Goblin haggler,,Merchant,goblin,Infantry,,false,true,,,,,,,,,,False,False
spc_notable_goblin_1,{=aom_gob_notable_1}Ruthless goblin provisioner,Ruthless goblin provisioner,,Merchant,goblin,Infantry,,false,true,,,,,,,,,,False,False
spc_notable_goblin_1b,{=aom_gob_notable_1b}Cold Goblin quartermaster,Cold Goblin quartermaster,,Merchant,goblin,Infantry,,false,true,,,,,,,,,,False,False
spc_notable_goblin_2,{=aom_gob_notable_2}Shrewd goblin supply master,Shrewd goblin supply master,,Merchant,goblin,Infantry,,false,true,,,,,,,,,,False,False
spc_notable_goblin_2b,{=aom_gob_notable_2b}Wary Goblin hoarder,Wary Goblin hoarder,,Merchant,goblin,Infantry,,false,true,,,,,,,,,,False,False
spc_notable_goblin_3,{=aom_gob_notable_3}Self-made goblin dealer,Self-made goblin dealer,,Merchant,goblin,Infantry,,false,true,,,,,,,,,,False,False
spc_notable_goblin_3b,{=aom_gob_notable_3b}Jovial Goblin peddler,Jovial Goblin peddler,,Merchant,goblin,Infantry,,false,true,,,,,,,,,,False,False
spc_notable_goblin_4,{=aom_gob_notable_4}Scheming goblin profiteer,Scheming goblin profiteer,,Merchant,goblin,Infantry,,false,true,,,,,,,,,,False,False
spc_notable_goblin_4b,{=aom_gob_notable_4b}Devious Goblin trader,Devious Goblin trader,,Merchant,goblin,Infantry,,false,true,,,,,,,,,,False,False
spc_notable_goblin_5,{=aom_gob_notable_5}Fanatical Goblin war-chanter,Fanatical Goblin war-chanter,,Preacher,goblin,Infantry,,false,true,,,,,,,,,,False,False
spc_notable_goblin_6,{=aom_gob_notable_6}Stern goblin taskmaster,Stern goblin taskmaster,,Preacher,goblin,Infantry,,false,true,,,,,,,,,,False,False
spc_notable_goblin_7,{=aom_gob_notable_7}Brooding goblin mystic,Brooding goblin mystic,,Preacher,goblin,Infantry,,false,true,,,,,,,,,,False,False
spc_notable_goblin_8,{=aom_gob_notable_8}Gruff goblin smith,Gruff goblin smith,,Artisan,goblin,Infantry,,false,true,,,,,,,,,,False,False
spc_notable_goblin_9,{=aom_gob_notable_9}Outgoing Goblin forgemaster,Outgoing Goblin forgemaster,,Artisan,goblin,Infantry,,false,true,,,,,,,,,,False,False
spc_notable_goblin_gl1,{=aom_gob_notable_gl1}Protective Goblin pit lord,Protective Goblin pit lord,,GangLeader,goblin,Infantry,,false,true,,,,,,,,,,False,False
spc_notable_goblin_10,{=aom_gob_notable_10}Snarling goblin enforcer,Snarling goblin enforcer,,GangLeader,goblin,Infantry,,false,true,,,,,,,,,,False,False
spc_notable_goblin_11,{=aom_gob_notable_11}Intimidating goblin brute,Intimidating goblin brute,,GangLeader,goblin,Infantry,,false,true,,,,,,,,,,False,False
spc_notable_goblin_gl4,{=aom_gob_notable_gl4}Bestial Goblin thug,Bestial Goblin thug,,GangLeader,goblin,Infantry,,false,true,,,,,,,,,,False,False
spc_notable_goblin_12,{=aom_gob_notable_12}Scheming goblin racketeer,Scheming goblin racketeer,,GangLeader,goblin,Infantry,,false,true,,,,,,,,,,False,False
spc_notable_goblin_13,{=aom_gob_notable_13}Menacing Goblin cutthroat,Menacing Goblin cutthroat,,GangLeader,goblin,Infantry,,false,true,,,,,,,,,,False,False
spc_notable_goblin_21,{=aom_gob_notable_21}Gruff goblin overseer,Gruff goblin overseer,,RuralNotable,goblin,Infantry,,false,true,,,,,,,,,,False,False
spc_notable_goblin_22,{=aom_gob_notable_22}Agreeable Goblin field boss,Agreeable Goblin field boss,,RuralNotable,goblin,Infantry,,false,true,,,,,,,,,,False,False
spc_notable_goblin_23,{=aom_gob_notable_23}Vicious Goblin slave-driver,Vicious Goblin slave-driver,,RuralNotable,goblin,Infantry,,false,true,,,,,,,,,,False,False
spc_goblin_headman_1,{=aom_gob_headman_1}Rebellious Goblin captain,Rebellious Goblin captain,,Headman,goblin,Infantry,,false,true,,,,,,,,,,False,False
spc_goblin_headman_2,{=aom_gob_headman_2}Conservative goblin elder,Conservative goblin elder,,Headman,goblin,Infantry,,false,true,,,,,,,,,,False,False
spc_goblin_headman_3,{=aom_gob_headman_3}Devious Goblin headman,Devious Goblin headman,,Headman,goblin,Infantry,,false,true,,,,,,,,,,False,False
beggar_goblin,{=aom_gob_beggar}Beggar,Beggar,,Townsfolk,goblin,Infantry,,false,,,,,,,,,,,False,False
female_beggar_goblin,{=aom_gob_female_beggar}Beggar,Beggar,,Townsfolk,goblin,Infantry,,false,,,,,,,,,,,False,False
female_dancer_goblin,{=aom_gob_dancer}Dancer,Dancer,,Townsfolk,goblin,Infantry,,false,,,,,,,,,,,False,False
townsman_goblin,{=aom_gob_townsman}Townsman,Townsman,,Townsfolk,goblin,Infantry,,,,,,,,,,,,,False,False
townsman_infant_goblin,{=aom_gob_townsman_infant}Townsman,Townsman,,Townsfolk,goblin,Infantry,,,,,,,,,,,,,False,False
townsman_child_goblin,{=aom_gob_townsman_child}Townsman,Townsman,,Townsfolk,goblin,Infantry,,,,,,,,,,,,,False,False
townsman_teenager_goblin,{=aom_gob_townsman_teen}Townsman,Townsman,,Townsfolk,goblin,Infantry,,,,,,,,,,,,,False,False
townswoman_goblin,{=aom_gob_townswoman}Townswoman,Townswoman,,Townsfolk,goblin,Infantry,,,,,,,,,,,,,False,False
townswoman_infant_goblin,{=aom_gob_townswoman_infant}Townswoman,Townswoman,,Townsfolk,goblin,Infantry,,,,,,,,,,,,,False,False
townswoman_child_goblin,{=aom_gob_townswoman_child}Townswoman,Townswoman,,Townsfolk,goblin,Infantry,,,,,,,,,,,,,False,False
townswoman_teenager_goblin,{=aom_gob_townswoman_teen}Townswoman,Townswoman,,Townsfolk,goblin,Infantry,,,,,,,,,,,,,False,False
village_woman_goblin,{=aom_gob_village_woman}Village Woman,Village Woman,,Townsfolk,goblin,Infantry,,,,,,,,,,,,,False,False
village_woman_child_goblin,{=aom_gob_village_woman_child}Village Child,Village Child,,Townsfolk,goblin,Infantry,,,,,,,,,,,,,False,False
village_woman_teenager_goblin,{=aom_gob_village_woman_teen}Village Teenager,Village Teenager,,Townsfolk,goblin,Infantry,,,,,,,,,,,,,False,False
villager_child_goblin,{=aom_gob_villager_child}Village Child,Village Child,,Townsfolk,goblin,Infantry,,,,,,,,,,,,,False,False
villager_teenager_goblin,{=aom_gob_villager_teen}Village Teenager,Village Teenager,,Townsfolk,goblin,Infantry,,,,,,,,,,,,,False,False
gear_practice_dummy_goblin,{=aom_gob_practice_dummy}Practice Dummy,Practice Dummy,,Townsfolk,goblin,Infantry,,,,,,,,,,,,,False,False
weapon_practice_stage_1_goblin,{=aom_gob_practice_1}Practice Fighter,Practice Fighter,,Townsfolk,goblin,Infantry,,,,,,,,,,,,,False,False
weapon_practice_stage_2_goblin,{=aom_gob_practice_2}Practice Fighter,Practice Fighter,,Townsfolk,goblin,Infantry,,,,,,,,,,,,,False,False
weapon_practice_stage_3_goblin,{=aom_gob_practice_3}Practice Fighter,Practice Fighter,,Townsfolk,goblin,Infantry,,,,,,,,,,,,,False,False
gear_dummy_goblin,{=aom_gob_gear_dummy}Gear Dummy,Gear Dummy,,Townsfolk,goblin,Infantry,,,,,,,,,,,,,False,False
tournament_master_gondor,{=aom_gd_arena}Arena Master,Arena Master,,ArenaMaster,gondor,Infantry,,false,,,,,,,,,,,False,False
villager_gondor,{=aom_gd_villager}Villager,Villager,1.0,Villager,gondor,Infantry,,,,,,,,,,,,gondor_ano_peasant,True,False
village_woman_gondor,{=aom_gd_village_woman}Village Woman,Village Woman,,Villager,gondor,Infantry,,,,,,,,,,,,,False,False
caravan_master_gondor,{=aom_gd_caravan_master}Gondor Caravan Master,Gondor Caravan Master,26.0,CaravanGuard,gondor,Infantry,,,,120.0,,80.0,,,,,60.0,,False,False
armed_trader_gondor,{=aom_gd_armed_trader}Gondor Armed Trader,Gondor Armed Trader,16.0,CaravanGuard,gondor,Infantry,,,,80.0,,60.0,,,,,40.0,,False,False
caravan_guard_gondor,{=aom_gd_caravan_guard}Gondor Caravan Guard,Gondor Caravan Guard,21.0,CaravanGuard,gondor,Infantry,,,,100.0,,100.0,40.0,,,,50.0,,False,False
veteran_caravan_guard_gondor,{=aom_gd_vet_caravan_guard}Gondor Veteran Caravan Guard,Gondor Veteran Caravan Guard,26.0,CaravanGuard,gondor,Infantry,,,,130.0,,130.0,50.0,,,,60.0,,False,False
prison_guard_gondor,{=aom_gd_prison_guard}Prison Guard,Prison Guard,4.0,PrisonGuard,gondor,Infantry,,,,50.0,50.0,50.0,,,,,,,False,False
guard_gondor,{=aom_gd_guard}Guard,Guard,16.0,Soldier,gondor,Infantry,,,,80.0,,80.0,,,,,50.0,,False,True
townsman_gondor,{=aom_gd_townsman}Townsman,Townsman,,Townsfolk,gondor,Infantry,,,,,,,,,,,,,False,False
townswoman_gondor,{=aom_gd_townswoman}Townswoman,Townswoman,,Townsfolk,gondor,Infantry,,,,,,,,,,,,,False,False
townsman_infant_gondor,{=aom_gd_townsman_infant}Townsman,Townsman,,Townsfolk,gondor,Infantry,,,,,,,,,,,,,False,False
townsman_child_gondor,{=aom_gd_townsman_child}Townsman,Townsman,,Townsfolk,gondor,Infantry,,,,,,,,,,,,,False,False
townsman_teenager_gondor,{=aom_gd_townsman_teen}Townsman,Townsman,,Townsfolk,gondor,Infantry,,,,,,,,,,,,,False,False
townswoman_infant_gondor,{=aom_gd_townswoman_infant}Townswoman,Townswoman,,Townsfolk,gondor,Infantry,,,,,,,,,,,,,False,False
townswoman_child_gondor,{=aom_gd_townswoman_child}Townswoman,Townswoman,,Townsfolk,gondor,Infantry,,,,,,,,,,,,,False,False
townswoman_teenager_gondor,{=aom_gd_townswoman_teen}Townswoman,Townswoman,,Townsfolk,gondor,Infantry,,,,,,,,,,,,,False,False
village_woman_child_gondor,{=aom_gd_village_woman_child}Village Child,Village Child,,Townsfolk,gondor,Infantry,,,,,,,,,,,,,False,False
village_woman_teenager_gondor,{=aom_gd_village_woman_teen}Village Teenager,Village Teenager,,Townsfolk,gondor,Infantry,,,,,,,,,,,,,False,False
villager_child_gondor,{=aom_gd_villager_child}Village Child,Village Child,,Townsfolk,gondor,Infantry,,,,,,,,,,,,,False,False
villager_teenager_gondor,{=aom_gd_villager_teen}Village Teenager,Village Teenager,,Townsfolk,gondor,Infantry,,,,,,,,,,,,,False,False
merchant_gondor,{=aom_gd_merchant}Trader,Trader,,GoodsTrader,gondor,Infantry,,false,,,,,,,,,,,False,False
blacksmith_gondor,{=aom_gd_blacksmith}Blacksmith,Blacksmith,,Blacksmith,gondor,Infantry,,false,,,,,,,,,,,False,False
weaponsmith_gondor,{=aom_gd_weaponsmith}Weaponsmith,Weaponsmith,,Weaponsmith,gondor,Infantry,,false,,,,,,,,,,,False,False
armorer_gondor,{=aom_gd_armorer}Armorer,Armorer,,Armorer,gondor,Infantry,,false,,,,,,,,,,,False,False
horseMerchant_gondor,{=aom_gd_horse_merchant}Horse Merchant,Horse Merchant,,HorseTrader,gondor,Infantry,,false,,,,,,,,,,,False,False
tavernkeeper_gondor,{=aom_gd_tavernkeeper}Tavern Keeper,Tavern Keeper,,Tavernkeeper,gondor,Infantry,,false,,,,,,,,,,,False,False
taverngamehost_gondor,{=aom_gd_gamehost}Game Host,Game Host,,TavernGameHost,gondor,Infantry,,false,,,,,,,,,,,False,False
tavern_wench_gondor,{=aom_gd_tavern_wench}Tavern Wench,Tavern Wench,,TavernWench,gondor,Infantry,,false,,,,,,,,,,,False,False
musician_gondor,{=aom_gd_musician}Musician,Musician,,Musician,gondor,Infantry,,false,,,,,,,,,,,False,False
shop_worker_gondor,{=aom_gd_shop_worker}Shop Worker,Shop Worker,,ShopWorker,gondor,Infantry,,false,,,,,,,,,,,False,False
barber_gondor,{=aom_gd_barber}Barber,Barber,,Townsfolk,gondor,Infantry,,false,,,,,,,,,,,False,False
ransom_broker_gondor,{=aom_gd_ransom_broker}Ransom Broker,Ransom Broker,,Townsfolk,gondor,Infantry,,false,,,,,,,,,,,False,False
gangleader_bodyguard_gondor,{=aom_gd_gang_bodyguard}Gang Bodyguard,Gang Bodyguard,16.0,Townsfolk,gondor,Infantry,,false,,,,,,,,,,,False,False
beggar_gondor,{=aom_gd_beggar}Beggar,Beggar,,Townsfolk,gondor,Infantry,,false,,,,,,,,,,,False,False
female_beggar_gondor,{=aom_gd_female_beggar}Beggar,Beggar,,Townsfolk,gondor,Infantry,,false,,,,,,,,,,,False,False
female_dancer_gondor,{=aom_gd_dancer}Dancer,Dancer,,Townsfolk,gondor,Infantry,,false,,,,,,,,,,,False,False
spc_notable_gondor_0,{=aom_gd_notable_0}Prudent Gondorian merchant,Prudent Gondorian merchant,,Merchant,gondor,Infantry,,false,true,,,,,,,,,,False,False
spc_notable_gondor_0b,{=aom_gd_notable_0b}Gondorian vintner,Gondorian vintner,,Merchant,gondor,Infantry,,false,true,,,,,,,,,,False,False
spc_notable_gondor_1,{=aom_gd_notable_1}Ruthless Gondorian trader,Ruthless Gondorian trader,,Merchant,gondor,Infantry,,false,true,,,,,,,,,,False,False
spc_notable_gondor_1b,{=aom_gd_notable_1b}Cold Gondorian merchant,Cold Gondorian merchant,,Merchant,gondor,Infantry,,false,true,,,,,,,,,,False,False
spc_notable_gondor_2,{=aom_gd_notable_2}Minas Tirith gem dealer,Minas Tirith gem dealer,,Merchant,gondor,Infantry,,false,true,,,,,,,,,,False,False
spc_notable_gondor_2b,{=aom_gd_notable_2b}Wise Gondorian merchant,Wise Gondorian merchant,,Merchant,gondor,Infantry,,false,true,,,,,,,,,,False,False
spc_notable_gondor_3,{=aom_gd_notable_3}Self-made Gondorian merchant,Self-made Gondorian merchant,,Merchant,gondor,Infantry,,false,true,,,,,,,,,,False,False
spc_notable_gondor_3b,{=aom_gd_notable_3b}Jovial Gondorian merchant,Jovial Gondorian merchant,,Merchant,gondor,Infantry,,false,true,,,,,,,,,,False,False
spc_notable_gondor_4,{=aom_gd_notable_4}Shrewd Gondorian merchant,Shrewd Gondorian merchant,,Merchant,gondor,Infantry,,false,true,,,,,,,,,,False,False
spc_notable_gondor_4b,{=aom_gd_notable_4b}Devious Gondorian merchant,Devious Gondorian merchant,,Merchant,gondor,Infantry,,false,true,,,,,,,,,,False,False
spc_notable_gondor_5,{=aom_gd_notable_5}Zealous Gondorian loremaster,Zealous Gondorian loremaster,,Preacher,gondor,Infantry,,false,true,,,,,,,,,,False,False
spc_notable_gondor_6,{=aom_gd_notable_6}Stern lord of Gondor,Stern lord of Gondor,,Preacher,gondor,Infantry,,false,true,,,,,,,,,,False,False
spc_notable_gondor_7,{=aom_gd_notable_7}Gondorian keeper of traditions,Gondorian keeper of traditions,,Preacher,gondor,Infantry,,false,true,,,,,,,,,,False,False
spc_notable_gondor_8,{=aom_gd_notable_8}Gruff Minas Tirith artisan,Gruff Minas Tirith artisan,,Artisan,gondor,Infantry,,false,true,,,,,,,,,,False,False
spc_notable_gondor_9,{=aom_gd_notable_9}Gifted Gondorian craftsman,Gifted Gondorian craftsman,,Artisan,gondor,Infantry,,false,true,,,,,,,,,,False,False
spc_notable_gondor_gl1,{=aom_gd_notable_gl1}Protective Gondorian ringleader,Protective Gondorian ringleader,,GangLeader,gondor,Infantry,,false,true,,,,,,,,,,False,False
spc_notable_gondor_10,{=aom_gd_notable_10}Sardonic Gondorian outlaw,Sardonic Gondorian outlaw,,GangLeader,gondor,Infantry,,false,true,,,,,,,,,,False,False
spc_notable_gondor_11,{=aom_gd_notable_11}Intimidating Gondorian enforcer,Intimidating Gondorian enforcer,,GangLeader,gondor,Infantry,,false,true,,,,,,,,,,False,False
spc_notable_gondor_gl4,{=aom_gd_notable_gl4}Ruthless Gondorian thug,Ruthless Gondorian thug,,GangLeader,gondor,Infantry,,false,true,,,,,,,,,,False,False
spc_notable_gondor_12,{=aom_gd_notable_12}Cunning Gondorian smuggler,Cunning Gondorian smuggler,,GangLeader,gondor,Infantry,,false,true,,,,,,,,,,False,False
spc_notable_gondor_13,{=aom_gd_notable_13}Menacing Gondorian schemer,Menacing Gondorian schemer,,GangLeader,gondor,Infantry,,false,true,,,,,,,,,,False,False
spc_notable_gondor_21,{=aom_gd_notable_21}Stern Gondorian landowner,Stern Gondorian landowner,,RuralNotable,gondor,Infantry,,false,true,,,,,,,,,,False,False
spc_notable_gondor_22,{=aom_gd_notable_22}Agreeable Gondorian elder,Agreeable Gondorian elder,,RuralNotable,gondor,Infantry,,false,true,,,,,,,,,,False,False
spc_gondor_headman_1,{=aom_gd_headman_1}Rebellious Gondorian headman,Rebellious Gondorian headman,,Headman,gondor,Infantry,,false,true,,,,,,,,,,False,False
spc_gondor_headman_2,{=aom_gd_headman_2}Conservative Gondorian headman,Conservative Gondorian headman,,Headman,gondor,Infantry,,false,true,,,,,,,,,,False,False
spc_gondor_headman_3,{=aom_gd_headman_3}Devious Gondorian headman,Devious Gondorian headman,,Headman,gondor,Infantry,,false,true,,,,,,,,,,False,False
gear_practice_dummy_gondor,{=aom_gd_practice_dummy}Practice Dummy,Practice Dummy,15.0,Soldier,gondor,Infantry,,false,,,,,,,,,,,False,True
weapon_practice_stage_1_gondor,{=aom_gd_practice_1}Practice Fighter,Practice Fighter,15.0,Soldier,gondor,Infantry,,false,,,,,,,,,,,False,True
weapon_practice_stage_2_gondor,{=aom_gd_practice_2}Practice Fighter,Practice Fighter,25.0,Soldier,gondor,Infantry,,false,,,,,,,,,,,False,True
weapon_practice_stage_3_gondor,{=aom_gd_practice_3}Practice Fighter,Practice Fighter,35.0,Soldier,gondor,Infantry,,false,,,,,,,,,,,False,True
gear_dummy_gondor,{=aom_gd_gear_dummy}Gear Dummy,Gear Dummy,15.0,Soldier,gondor,Infantry,,false,,,,,,,,,,,False,True
tournament_master_gundabad,{=aom_gb_arena}Arena Master,Arena Master,,ArenaMaster,gundabad,Infantry,,false,,,,,,,,,,,False,False
villager_gundabad,{=aom_gb_villager}Slave,Slave,1.0,Villager,gundabad,Infantry,,,,,,,,,,,,gundabad_snaga,True,False
caravan_master_gundabad,{=aom_gb_caravan_master}Gundabad Caravan Master,Gundabad Caravan Master,26.0,CaravanGuard,gundabad,Infantry,,,,120.0,,80.0,,,,,60.0,,False,False
caravan_guard_gundabad,{=aom_gb_caravan_guard}Gundabad Caravan Guard,Gundabad Caravan Guard,21.0,CaravanGuard,gundabad,Infantry,,,,100.0,,100.0,40.0,,,,50.0,,False,False
veteran_caravan_guard_gundabad,{=aom_gb_vet_caravan_guard}Gundabad Veteran Caravan Guard,Gundabad Veteran Caravan Guard,26.0,CaravanGuard,gundabad,Infantry,,,,130.0,,130.0,50.0,,,,60.0,,False,False
armed_trader_gundabad,{=aom_gb_armed_trader}Gundabad Armed Trader,Gundabad Armed Trader,16.0,CaravanGuard,gundabad,Infantry,,,,80.0,,60.0,,,,,40.0,,False,False
prison_guard_gundabad,{=aom_gb_prison_guard}Prison Guard,Prison Guard,4.0,PrisonGuard,gundabad,Infantry,,,,50.0,50.0,50.0,,,,,,,False,False
guard_gundabad,{=aom_gb_guard}Guard,Guard,16.0,Soldier,gundabad,Infantry,,,,80.0,,80.0,,,,,50.0,,False,True
blacksmith_gundabad,{=aom_gb_blacksmith}Blacksmith,Blacksmith,,Blacksmith,gundabad,Infantry,,false,,,,,,,,,,,False,False
weaponsmith_gundabad,{=aom_gb_weaponsmith}Weaponsmith,Weaponsmith,,Weaponsmith,gundabad,Infantry,,false,,,,,,,,,,,False,False
armorer_gundabad,{=aom_gb_armorer}Armorer,Armorer,,Armorer,gundabad,Infantry,,false,,,,,,,,,,,False,False
horseMerchant_gundabad,{=aom_gb_warg_merchant}Warg Merchant,Warg Merchant,,HorseTrader,gundabad,Infantry,,false,,,,,,,,,,,False,False
merchant_gundabad,{=aom_gb_merchant}Trader,Trader,,GoodsTrader,gundabad,Infantry,,false,,,,,,,,,,,False,False
tavernkeeper_gundabad,{=aom_gb_tavernkeeper}Tavern Keeper,Tavern Keeper,,Tavernkeeper,gundabad,Infantry,,false,,,,,,,,,,,False,False
taverngamehost_gundabad,{=aom_gb_gamehost}Game Host,Game Host,,TavernGameHost,gundabad,Infantry,,false,,,,,,,,,,,False,False
musician_gundabad,{=aom_gb_musician}Musician,Musician,,Musician,gundabad,Infantry,,false,,,,,,,,,,,False,False
tavern_wench_gundabad,{=aom_gb_tavern_wench}Tavern Wench,Tavern Wench,,TavernWench,gundabad,Infantry,,false,,,,,,,,,,,False,False
barber_gundabad,{=aom_gb_barber}Barber,Barber,,Townsfolk,gundabad,Infantry,,false,,,,,,,,,,,False,False
shop_worker_gundabad,{=aom_gb_shop_worker}Shop Worker,Shop Worker,,ShopWorker,gundabad,Infantry,,false,,,,,,,,,,,False,False
ransom_broker_gundabad,{=aom_gb_ransom_broker}Ransom Broker,Ransom Broker,,RansomBroker,gundabad,Infantry,,false,,,,,,,,,,,False,False
gangleader_bodyguard_gundabad,{=aom_gb_gang_bodyguard}Gang Bodyguard,Gang Bodyguard,16.0,Townsfolk,gundabad,Infantry,,false,,,,,,,,,,,False,False
spc_notable_gundabad_0,{=aom_gb_notable_0}Cautious pale orc trader,Cautious pale orc trader,,Merchant,gundabad,Infantry,,false,true,,,,,,,,,,False,False
spc_notable_gundabad_0b,{=aom_gb_notable_0b}Cunning Gundabad haggler,Cunning Gundabad haggler,,Merchant,gundabad,Infantry,,false,true,,,,,,,,,,False,False
spc_notable_gundabad_1,{=aom_gb_notable_1}Ruthless orc provisioner,Ruthless orc provisioner,,Merchant,gundabad,Infantry,,false,true,,,,,,,,,,False,False
spc_notable_gundabad_1b,{=aom_gb_notable_1b}Cold Gundabad quartermaster,Cold Gundabad quartermaster,,Merchant,gundabad,Infantry,,false,true,,,,,,,,,,False,False
spc_notable_gundabad_2,{=aom_gb_notable_2}Shrewd pale orc supply master,Shrewd pale orc supply master,,Merchant,gundabad,Infantry,,false,true,,,,,,,,,,False,False
spc_notable_gundabad_2b,{=aom_gb_notable_2b}Wary Gundabad hoarder,Wary Gundabad hoarder,,Merchant,gundabad,Infantry,,false,true,,,,,,,,,,False,False
spc_notable_gundabad_3,{=aom_gb_notable_3}Self-made orc dealer,Self-made orc dealer,,Merchant,gundabad,Infantry,,false,true,,,,,,,,,,False,False
spc_notable_gundabad_3b,{=aom_gb_notable_3b}Jovial Gundabad peddler,Jovial Gundabad peddler,,Merchant,gundabad,Infantry,,false,true,,,,,,,,,,False,False
spc_notable_gundabad_4,{=aom_gb_notable_4}Scheming pale orc profiteer,Scheming pale orc profiteer,,Merchant,gundabad,Infantry,,false,true,,,,,,,,,,False,False
spc_notable_gundabad_4b,{=aom_gb_notable_4b}Devious Gundabad trader,Devious Gundabad trader,,Merchant,gundabad,Infantry,,false,true,,,,,,,,,,False,False
spc_notable_gundabad_5,{=aom_gb_notable_5}Fanatical Gundabad war-chanter,Fanatical Gundabad war-chanter,,Preacher,gundabad,Infantry,,false,true,,,,,,,,,,False,False
spc_notable_gundabad_6,{=aom_gb_notable_6}Stern pale orc taskmaster,Stern pale orc taskmaster,,Preacher,gundabad,Infantry,,false,true,,,,,,,,,,False,False
spc_notable_gundabad_7,{=aom_gb_notable_7}Brooding orc mystic,Brooding orc mystic,,Preacher,gundabad,Infantry,,false,true,,,,,,,,,,False,False
spc_notable_gundabad_8,{=aom_gb_notable_8}Gruff pale orc smith,Gruff pale orc smith,,Artisan,gundabad,Infantry,,false,true,,,,,,,,,,False,False
spc_notable_gundabad_9,{=aom_gb_notable_9}Outgoing Gundabad forgemaster,Outgoing Gundabad forgemaster,,Artisan,gundabad,Infantry,,false,true,,,,,,,,,,False,False
spc_notable_gundabad_gl1,{=aom_gb_notable_gl1}Protective Gundabad pit lord,Protective Gundabad pit lord,,GangLeader,gundabad,Infantry,,false,true,,,,,,,,,,False,False
spc_notable_gundabad_10,{=aom_gb_notable_10}Snarling orc enforcer,Snarling orc enforcer,,GangLeader,gundabad,Infantry,,false,true,,,,,,,,,,False,False
spc_notable_gundabad_11,{=aom_gb_notable_11}Intimidating pale orc brute,Intimidating pale orc brute,,GangLeader,gundabad,Infantry,,false,true,,,,,,,,,,False,False
spc_notable_gundabad_gl4,{=aom_gb_notable_gl4}Bestial Gundabad thug,Bestial Gundabad thug,,GangLeader,gundabad,Infantry,,false,true,,,,,,,,,,False,False
spc_notable_gundabad_12,{=aom_gb_notable_12}Scheming orc racketeer,Scheming orc racketeer,,GangLeader,gundabad,Infantry,,false,true,,,,,,,,,,False,False
spc_notable_gundabad_13,{=aom_gb_notable_13}Menacing Gundabad cutthroat,Menacing Gundabad cutthroat,,GangLeader,gundabad,Infantry,,false,true,,,,,,,,,,False,False
spc_notable_gundabad_21,{=aom_gb_notable_21}Gruff pale orc overseer,Gruff pale orc overseer,,RuralNotable,gundabad,Infantry,,false,true,,,,,,,,,,False,False
spc_notable_gundabad_22,{=aom_gb_notable_22}Agreeable Gundabad field boss,Agreeable Gundabad field boss,,RuralNotable,gundabad,Infantry,,false,true,,,,,,,,,,False,False
spc_notable_gundabad_23,{=aom_gb_notable_23}Vicious Gundabad slave-driver,Vicious Gundabad slave-driver,,RuralNotable,gundabad,Infantry,,false,true,,,,,,,,,,False,False
spc_gundabad_headman_1,{=aom_gb_headman_1}Rebellious Gundabad captain,Rebellious Gundabad captain,,Headman,gundabad,Infantry,,false,true,,,,,,,,,,False,False
spc_gundabad_headman_2,{=aom_gb_headman_2}Conservative orc elder,Conservative orc elder,,Headman,gundabad,Infantry,,false,true,,,,,,,,,,False,False
spc_gundabad_headman_3,{=aom_gb_headman_3}Devious Gundabad headman,Devious Gundabad headman,,Headman,gundabad,Infantry,,false,true,,,,,,,,,,False,False
beggar_gundabad,{=aom_gb_beggar}Beggar,Beggar,,Townsfolk,gundabad,Infantry,,false,,,,,,,,,,,False,False
female_beggar_gundabad,{=aom_gb_female_beggar}Beggar,Beggar,,Townsfolk,gundabad,Infantry,,false,,,,,,,,,,,False,False
female_dancer_gundabad,{=aom_gb_dancer}Dancer,Dancer,,Townsfolk,gundabad,Infantry,,false,,,,,,,,,,,False,False
townsman_gundabad,{=aom_gb_townsman}Townsman,Townsman,,Townsfolk,gundabad,Infantry,,,,,,,,,,,,,False,False
townsman_infant_gundabad,{=aom_gb_townsman_infant}Townsman,Townsman,,Townsfolk,gundabad,Infantry,,,,,,,,,,,,,False,False
townsman_child_gundabad,{=aom_gb_townsman_child}Townsman,Townsman,,Townsfolk,gundabad,Infantry,,,,,,,,,,,,,False,False
townsman_teenager_gundabad,{=aom_gb_townsman_teen}Townsman,Townsman,,Townsfolk,gundabad,Infantry,,,,,,,,,,,,,False,False
townswoman_gundabad,{=aom_gb_townswoman}Townswoman,Townswoman,,Townsfolk,gundabad,Infantry,,,,,,,,,,,,,False,False
townswoman_infant_gundabad,{=aom_gb_townswoman_infant}Townswoman,Townswoman,,Townsfolk,gundabad,Infantry,,,,,,,,,,,,,False,False
townswoman_child_gundabad,{=aom_gb_townswoman_child}Townswoman,Townswoman,,Townsfolk,gundabad,Infantry,,,,,,,,,,,,,False,False
townswoman_teenager_gundabad,{=aom_gb_townswoman_teen}Townswoman,Townswoman,,Townsfolk,gundabad,Infantry,,,,,,,,,,,,,False,False
village_woman_gundabad,{=aom_gb_village_woman}Village Woman,Village Woman,,Townsfolk,gundabad,Infantry,,,,,,,,,,,,,False,False
village_woman_child_gundabad,{=aom_gb_village_woman_child}Village Child,Village Child,,Townsfolk,gundabad,Infantry,,,,,,,,,,,,,False,False
village_woman_teenager_gundabad,{=aom_gb_village_woman_teen}Village Teenager,Village Teenager,,Townsfolk,gundabad,Infantry,,,,,,,,,,,,,False,False
villager_child_gundabad,{=aom_gb_villager_child}Village Child,Village Child,,Townsfolk,gundabad,Infantry,,,,,,,,,,,,,False,False
villager_teenager_gundabad,{=aom_gb_villager_teen}Village Teenager,Village Teenager,,Townsfolk,gundabad,Infantry,,,,,,,,,,,,,False,False
gear_practice_dummy_gundabad,{=aom_gb_practice_dummy}Practice Dummy,Practice Dummy,,Townsfolk,gundabad,Infantry,,,,,,,,,,,,,False,False
weapon_practice_stage_1_gundabad,{=aom_gb_practice_1}Practice Fighter,Practice Fighter,,Townsfolk,gundabad,Infantry,,,,,,,,,,,,,False,False
weapon_practice_stage_2_gundabad,{=aom_gb_practice_2}Practice Fighter,Practice Fighter,,Townsfolk,gundabad,Infantry,,,,,,,,,,,,,False,False
weapon_practice_stage_3_gundabad,{=aom_gb_practice_3}Practice Fighter,Practice Fighter,,Townsfolk,gundabad,Infantry,,,,,,,,,,,,,False,False
gear_dummy_gundabad,{=aom_gb_gear_dummy}Gear Dummy,Gear Dummy,,Townsfolk,gundabad,Infantry,,,,,,,,,,,,,False,False
tournament_master_harad,{=aom_hd_arena}Arena Master,Arena Master,,ArenaMaster,aserai,Infantry,,false,,,,,,,,,,,False,False
villager_harad,{=aom_hd_villager}Villager,Villager,1.0,Villager,aserai,Infantry,,,,,,,,,,,,harad_levy,True,False
village_woman_harad,{=aom_hd_village_woman}Village Woman,Village Woman,,Villager,aserai,Infantry,,,,,,,,,,,,,False,False
caravan_master_harad,{=aom_hd_caravan_master}Harad Caravan Master,Harad Caravan Master,26.0,CaravanGuard,aserai,Infantry,,,,120.0,,80.0,,,,,60.0,,False,False
armed_trader_harad,{=aom_hd_armed_trader}Harad Armed Trader,Harad Armed Trader,16.0,CaravanGuard,aserai,Infantry,,,,80.0,,60.0,,,,,40.0,,False,False
caravan_guard_harad,{=aom_hd_caravan_guard}Harad Caravan Guard,Harad Caravan Guard,16.0,Soldier,aserai,Infantry,,,,100.0,,100.0,40.0,,,,50.0,,False,True
veteran_caravan_guard_harad,{=aom_hd_vet_caravan_guard}Harad Veteran Caravan Guard,Harad Veteran Caravan Guard,21.0,Soldier,aserai,Infantry,,,,130.0,,130.0,50.0,,,,60.0,,False,True
prison_guard_harad,{=aom_hd_prison_guard}Prison Guard,Prison Guard,4.0,PrisonGuard,aserai,Infantry,,,,50.0,50.0,50.0,,,,,,,False,False
guard_harad,{=aom_hd_guard}Guard,Guard,16.0,Soldier,aserai,Infantry,,,,80.0,,80.0,,,,,50.0,,False,True
townsman_harad,{=aom_hd_townsman}Townsman,Townsman,,Townsfolk,aserai,Infantry,,,,,,,,,,,,,False,False
townswoman_harad,{=aom_hd_townswoman}Townswoman,Townswoman,,Townsfolk,aserai,Infantry,,,,,,,,,,,,,False,False
townsman_infant_harad,{=aom_hd_townsman_infant}Townsman,Townsman,,Townsfolk,aserai,Infantry,,,,,,,,,,,,,False,False
townsman_child_harad,{=aom_hd_townsman_child}Townsman,Townsman,,Townsfolk,aserai,Infantry,,,,,,,,,,,,,False,False
townsman_teenager_harad,{=aom_hd_townsman_teen}Townsman,Townsman,,Townsfolk,aserai,Infantry,,,,,,,,,,,,,False,False
townswoman_infant_harad,{=aom_hd_townswoman_infant}Townswoman,Townswoman,,Townsfolk,aserai,Infantry,,,,,,,,,,,,,False,False
townswoman_child_harad,{=aom_hd_townswoman_child}Townswoman,Townswoman,,Townsfolk,aserai,Infantry,,,,,,,,,,,,,False,False
townswoman_teenager_harad,{=aom_hd_townswoman_teen}Townswoman,Townswoman,,Townsfolk,aserai,Infantry,,,,,,,,,,,,,False,False
villager_male_child_harad,{=aom_hd_villager_m_child}Village Child,Village Child,,Townsfolk,aserai,Infantry,,,,,,,,,,,,,False,False
villager_male_teenager_harad,{=aom_hd_villager_m_teen}Village Teenager,Village Teenager,,Townsfolk,aserai,Infantry,,,,,,,,,,,,,False,False
villager_female_child_harad,{=aom_hd_villager_f_child}Village Child,Village Child,,Townsfolk,aserai,Infantry,,,,,,,,,,,,,False,False
villager_female_teenager_harad,{=aom_hd_villager_f_teen}Village Teenager,Village Teenager,,Townsfolk,aserai,Infantry,,,,,,,,,,,,,False,False
merchant_harad,{=aom_hd_merchant}Trader,Trader,,GoodsTrader,aserai,Infantry,,false,,,,,,,,,,,False,False
blacksmith_harad,{=aom_hd_blacksmith}Blacksmith,Blacksmith,,Blacksmith,aserai,Infantry,,false,,,,,,,,,,,False,False
weaponsmith_harad,{=aom_hd_weaponsmith}Weaponsmith,Weaponsmith,,Weaponsmith,aserai,Infantry,,false,,,,,,,,,,,False,False
armorer_harad,{=aom_hd_armorer}Armorer,Armorer,,Armorer,aserai,Infantry,,false,,,,,,,,,,,False,False
horseMerchant_harad,{=aom_hd_horse_merchant}Horse Merchant,Horse Merchant,,HorseTrader,aserai,Infantry,,false,,,,,,,,,,,False,False
tavernkeeper_harad,{=aom_hd_tavernkeeper}Tavern Keeper,Tavern Keeper,,Tavernkeeper,aserai,Infantry,,false,,,,,,,,,,,False,False
taverngamehost_harad,{=aom_hd_gamehost}Game Host,Game Host,,TavernGameHost,aserai,Infantry,,false,,,,,,,,,,,False,False
tavern_wench_harad,{=aom_hd_tavern_wench}Tavern Wench,Tavern Wench,,TavernWench,aserai,Infantry,,false,,,,,,,,,,,False,False
musician_harad,{=aom_hd_musician}Musician,Musician,,Musician,aserai,Infantry,,false,,,,,,,,,,,False,False
shop_worker_harad,{=aom_hd_shop_worker}Shop Worker,Shop Worker,,ShopWorker,aserai,Infantry,,false,,,,,,,,,,,False,False
barber_harad,{=aom_hd_barber}Barber,Barber,,Townsfolk,aserai,Infantry,,false,,,,,,,,,,,False,False
ransom_broker_harad,{=aom_hd_ransom_broker}Ransom Broker,Ransom Broker,,Townsfolk,aserai,Infantry,,false,,,,,,,,,,,False,False
gangleader_bodyguard_harad,{=aom_hd_gang_bodyguard}Gang Bodyguard,Gang Bodyguard,16.0,Townsfolk,aserai,Infantry,,false,,,,,,,,,,,False,False
beggar_harad,{=aom_hd_beggar}Beggar,Beggar,,Townsfolk,aserai,Infantry,,false,,,,,,,,,,,False,False
female_beggar_harad,{=aom_hd_female_beggar}Beggar,Beggar,,Townsfolk,aserai,Infantry,,false,,,,,,,,,,,False,False
female_dancer_harad,{=aom_hd_dancer}Dancer,Dancer,,Townsfolk,aserai,Infantry,,false,,,,,,,,,,,False,False
spc_notable_harad_0,{=aom_hd_notable_0}Shrewd desert trader,Shrewd desert trader,,Merchant,aserai,Infantry,,false,true,,,,,,,,,,False,False
spc_notable_harad_0b,{=aom_hd_notable_0b}Haradrim spice dealer,Haradrim spice dealer,,Merchant,aserai,Infantry,,false,true,,,,,,,,,,False,False
spc_notable_harad_1,{=aom_hd_notable_1}Cunning Haradrim merchant,Cunning Haradrim merchant,,Merchant,aserai,Infantry,,false,true,,,,,,,,,,False,False
spc_notable_harad_1b,{=aom_hd_notable_1b}Cold-eyed Haradrim trader,Cold-eyed Haradrim trader,,Merchant,aserai,Infantry,,false,true,,,,,,,,,,False,False
spc_notable_harad_2,{=aom_hd_notable_2}Haradrim silk merchant,Haradrim silk merchant,,Merchant,aserai,Infantry,,false,true,,,,,,,,,,False,False
spc_notable_harad_2b,{=aom_hd_notable_2b}Cautious Haradrim gem trader,Cautious Haradrim gem trader,,Merchant,aserai,Infantry,,false,true,,,,,,,,,,False,False
spc_notable_harad_3,{=aom_hd_notable_3}Self-made Haradrim merchant,Self-made Haradrim merchant,,Merchant,aserai,Infantry,,false,true,,,,,,,,,,False,False
spc_notable_harad_3b,{=aom_hd_notable_3b}Jovial desert merchant,Jovial desert merchant,,Merchant,aserai,Infantry,,false,true,,,,,,,,,,False,False
spc_notable_harad_4,{=aom_hd_notable_4}Shrewd Haradrim caravan master,Shrewd Haradrim caravan master,,Merchant,aserai,Infantry,,false,true,,,,,,,,,,False,False
spc_notable_harad_4b,{=aom_hd_notable_4b}Devious Haradrim merchant,Devious Haradrim merchant,,Merchant,aserai,Infantry,,false,true,,,,,,,,,,False,False
spc_notable_harad_5,{=aom_hd_notable_5}Fierce sun priest,Fierce sun priest,,Preacher,aserai,Infantry,,false,true,,,,,,,,,,False,False
spc_notable_harad_6,{=aom_hd_notable_6}Stern Haradrim elder,Stern Haradrim elder,,Preacher,aserai,Infantry,,false,true,,,,,,,,,,False,False
spc_notable_harad_7,{=aom_hd_notable_7}Keeper of desert traditions,Keeper of desert traditions,,Preacher,aserai,Infantry,,false,true,,,,,,,,,,False,False
spc_notable_harad_8,{=aom_hd_notable_8}Skilled Haradrim metalworker,Skilled Haradrim metalworker,,Artisan,aserai,Infantry,,false,true,,,,,,,,,,False,False
spc_notable_harad_9,{=aom_hd_notable_9}Inventive Haradrim craftsman,Inventive Haradrim craftsman,,Artisan,aserai,Infantry,,false,true,,,,,,,,,,False,False
spc_notable_harad_gl1,{=aom_hd_notable_gl1}Protective Haradrim ringleader,Protective Haradrim ringleader,,GangLeader,aserai,Infantry,,false,true,,,,,,,,,,False,False
spc_notable_harad_10,{=aom_hd_notable_10}Ruthless Haradrim smuggler,Ruthless Haradrim smuggler,,GangLeader,aserai,Infantry,,false,true,,,,,,,,,,False,False
spc_notable_harad_11,{=aom_hd_notable_11}Intimidating desert enforcer,Intimidating desert enforcer,,GangLeader,aserai,Infantry,,false,true,,,,,,,,,,False,False
spc_notable_harad_gl4,{=aom_hd_notable_gl4}Bestial Haradrim thug,Bestial Haradrim thug,,GangLeader,aserai,Infantry,,false,true,,,,,,,,,,False,False
spc_notable_harad_12,{=aom_hd_notable_12}Cunning Haradrim fence,Cunning Haradrim fence,,GangLeader,aserai,Infantry,,false,true,,,,,,,,,,False,False
spc_notable_harad_13,{=aom_hd_notable_13}Menacing Haradrim gang leader,Menacing Haradrim gang leader,,GangLeader,aserai,Infantry,,false,true,,,,,,,,,,False,False
spc_notable_harad_21,{=aom_hd_notable_21}Weathered oasis landowner,Weathered oasis landowner,,RuralNotable,aserai,Infantry,,false,true,,,,,,,,,,False,False
spc_notable_harad_22,{=aom_hd_notable_22}Agreeable Haradrim elder,Agreeable Haradrim elder,,RuralNotable,aserai,Infantry,,false,true,,,,,,,,,,False,False
spc_harad_headman_1,{=aom_hd_headman_1}Proud Haradrim headman,Proud Haradrim headman,,Headman,aserai,Infantry,,false,true,,,,,,,,,,False,False
spc_harad_headman_2,{=aom_hd_headman_2}Conservative desert headman,Conservative desert headman,,Headman,aserai,Infantry,,false,true,,,,,,,,,,False,False
spc_harad_headman_3,{=aom_hd_headman_3}Devious Haradrim headman,Devious Haradrim headman,,Headman,aserai,Infantry,,false,true,,,,,,,,,,False,False
gear_practice_dummy_harad,{=aom_hd_practice_dummy}Practice Dummy,Practice Dummy,15.0,Soldier,aserai,Infantry,,false,,,,,,,,,,,False,True
weapon_practice_stage_1_harad,{=aom_hd_practice_1}Practice Fighter,Practice Fighter,15.0,Soldier,aserai,Infantry,,false,,,,,,,,,,,False,True
weapon_practice_stage_2_harad,{=aom_hd_practice_2}Practice Fighter,Practice Fighter,25.0,Soldier,aserai,Infantry,,false,,,,,,,,,,,False,True
weapon_practice_stage_3_harad,{=aom_hd_practice_3}Practice Fighter,Practice Fighter,35.0,Soldier,aserai,Infantry,,false,,,,,,,,,,,False,True
gear_dummy_harad,{=aom_hd_gear_dummy}Gear Dummy,Gear Dummy,15.0,Soldier,aserai,Infantry,,false,,,,,,,,,,,False,True
tournament_master_isengard,{=aom_ig_arena}Arena Master,Arena Master,,ArenaMaster,isengard,Infantry,,false,,,,,,,,,,,False,False
villager_isengard,{=aom_ig_villager}Villager,Villager,1.0,Villager,isengard,Infantry,,,,,,,,,,,,urukhai_recruit,True,False
village_woman_isengard,{=aom_ig_village_woman}Village Woman,Village Woman,,Villager,isengard,Infantry,,,,,,,,,,,,,False,False
caravan_master_isengard,{=aom_ig_caravan_master}Isengard Caravan Master,Isengard Caravan Master,26.0,CaravanGuard,isengard,Infantry,,,,120.0,,80.0,,,,,60.0,,False,False
armed_trader_isengard,{=aom_ig_armed_trader}Isengard Armed Trader,Isengard Armed Trader,16.0,CaravanGuard,isengard,Infantry,,,,80.0,,60.0,,,,,40.0,,False,False
caravan_guard_isengard,{=aom_ig_caravan_guard}Isengard Caravan Guard,Isengard Caravan Guard,16.0,Soldier,isengard,Infantry,,,,100.0,,100.0,40.0,,,,50.0,,False,True
veteran_caravan_guard_isengard,{=aom_ig_vet_caravan_guard}Isengard Veteran Caravan Guard,Isengard Veteran Caravan Guard,21.0,Soldier,isengard,Infantry,,,,130.0,,130.0,50.0,,,,60.0,,False,True
prison_guard_isengard,{=aom_ig_prison_guard}Prison Guard,Prison Guard,4.0,PrisonGuard,isengard,Infantry,,,,50.0,50.0,50.0,,,,,,,False,False
guard_isengard,{=aom_ig_guard}Guard,Guard,16.0,Soldier,isengard,Infantry,,,,80.0,,80.0,,,,,50.0,,False,True
blacksmith_isengard,{=aom_ig_blacksmith}Blacksmith,Blacksmith,,Blacksmith,isengard,Infantry,,false,,,,,,,,,,,False,False
weaponsmith_isengard,{=aom_ig_weaponsmith}Weaponsmith,Weaponsmith,,Weaponsmith,isengard,Infantry,,false,,,,,,,,,,,False,False
armorer_isengard,{=aom_ig_armorer}Armorer,Armorer,,Armorer,isengard,Infantry,,false,,,,,,,,,,,False,False
townswoman_isengard,{=aom_ig_townswoman}Townswoman,Townswoman,,Townsfolk,isengard,Infantry,,,,,,,,,,,,,False,False
townswoman_infant_isengard,{=aom_ig_townswoman_infant}Townswoman,Townswoman,,Townsfolk,isengard,Infantry,,,,,,,,,,,,,False,False
townswoman_child_isengard,{=aom_ig_townswoman_child}Townswoman,Townswoman,,Townsfolk,isengard,Infantry,,,,,,,,,,,,,False,False
townswoman_teenager_isengard,{=aom_ig_townswoman_teen}Townswoman,Townswoman,,Townsfolk,isengard,Infantry,,,,,,,,,,,,,False,False
townsman_isengard,{=aom_ig_townsman}Townsman,Townsman,,Townsfolk,isengard,Infantry,,,,,,,,,,,,,False,False
townsman_infant_isengard,{=aom_ig_townsman_infant}Townsman,Townsman,,Townsfolk,isengard,Infantry,,,,,,,,,,,,,False,False
townsman_child_isengard,{=aom_ig_townsman_child}Townsman,Townsman,,Townsfolk,isengard,Infantry,,,,,,,,,,,,,False,False
townsman_teenager_isengard,{=aom_ig_townsman_teen}Townsman,Townsman,,Townsfolk,isengard,Infantry,,,,,,,,,,,,,False,False
villager_male_child_isengard,{=aom_ig_villager_m_child}Village Child,Village Child,,Townsfolk,isengard,Infantry,,,,,,,,,,,,,False,False
villager_male_teenager_isengard,{=aom_ig_villager_m_teen}Village Teenager,Village Teenager,,Townsfolk,isengard,Infantry,,,,,,,,,,,,,False,False
villager_female_child_isengard,{=aom_ig_villager_f_child}Village Child,Village Child,,Townsfolk,isengard,Infantry,,,,,,,,,,,,,False,False
villager_female_teenager_isengard,{=aom_ig_villager_f_teen}Village Teenager,Village Teenager,,Townsfolk,isengard,Infantry,,,,,,,,,,,,,False,False
ransom_broker_isengard,{=aom_ig_ransom_broker}Ransom Broker,Ransom Broker,,Townsfolk,isengard,Infantry,,false,,,,,,,,,,,False,False
gangleader_bodyguard_isengard,{=aom_ig_gang_bodyguard}Gang Bodyguard,Gang Bodyguard,16.0,Townsfolk,isengard,Infantry,,false,,,,,,,,,,,False,False
spc_notable_isengard_0,{=aom_ig_notable_0}Cautious Uruk trader,Cautious Uruk trader,,Merchant,isengard,Infantry,,false,true,,,,,,,,,,False,False
spc_notable_isengard_0b,{=aom_ig_notable_0b}Cunning Uruk overseer,Cunning Uruk overseer,,Merchant,isengard,Infantry,,false,true,,,,,,,,,,False,False
spc_notable_isengard_1,{=aom_ig_notable_1}Ruthless Uruk provisioner,Ruthless Uruk provisioner,,Merchant,isengard,Infantry,,false,true,,,,,,,,,,False,False
spc_notable_isengard_1b,{=aom_ig_notable_1b}Cold Uruk quartermaster,Cold Uruk quartermaster,,Merchant,isengard,Infantry,,false,true,,,,,,,,,,False,False
spc_notable_isengard_2,{=aom_ig_notable_2}Shrewd Uruk supply master,Shrewd Uruk supply master,,Merchant,isengard,Infantry,,false,true,,,,,,,,,,False,False
spc_notable_isengard_2b,{=aom_ig_notable_2b}Wary Isengard stockpiler,Wary Isengard stockpiler,,Merchant,isengard,Infantry,,false,true,,,,,,,,,,False,False
spc_notable_isengard_3,{=aom_ig_notable_3}Self-made Uruk dealer,Self-made Uruk dealer,,Merchant,isengard,Infantry,,false,true,,,,,,,,,,False,False
spc_notable_isengard_3b,{=aom_ig_notable_3b}Jovial Uruk peddler,Jovial Uruk peddler,,Merchant,isengard,Infantry,,false,true,,,,,,,,,,False,False
spc_notable_isengard_4,{=aom_ig_notable_4}Scheming Uruk hoarder,Scheming Uruk hoarder,,Merchant,isengard,Infantry,,false,true,,,,,,,,,,False,False
spc_notable_isengard_4b,{=aom_ig_notable_4b}Devious Uruk profiteer,Devious Uruk profiteer,,Merchant,isengard,Infantry,,false,true,,,,,,,,,,False,False
spc_notable_isengard_5,{=aom_ig_notable_5}Fanatical Uruk war-chanter,Fanatical Uruk war-chanter,,Preacher,isengard,Infantry,,false,true,,,,,,,,,,False,False
spc_notable_isengard_6,{=aom_ig_notable_6}Stern Uruk taskmaster,Stern Uruk taskmaster,,Preacher,isengard,Infantry,,false,true,,,,,,,,,,False,False
spc_notable_isengard_7,{=aom_ig_notable_7}Brooding Uruk mystic,Brooding Uruk mystic,,Preacher,isengard,Infantry,,false,true,,,,,,,,,,False,False
spc_notable_isengard_8,{=aom_ig_notable_8}Gruff Uruk smith,Gruff Uruk smith,,Artisan,isengard,Infantry,,false,true,,,,,,,,,,False,False
spc_notable_isengard_9,{=aom_ig_notable_9}Outgoing Uruk forgemaster,Outgoing Uruk forgemaster,,Artisan,isengard,Infantry,,false,true,,,,,,,,,,False,False
spc_notable_isengard_gl1,{=aom_ig_notable_gl1}Protective Uruk pit boss,Protective Uruk pit boss,,GangLeader,isengard,Infantry,,false,true,,,,,,,,,,False,False
spc_notable_isengard_10,{=aom_ig_notable_10}Ironic Uruk racketeer,Ironic Uruk racketeer,,GangLeader,isengard,Infantry,,false,true,,,,,,,,,,False,False
spc_notable_isengard_11,{=aom_ig_notable_11}Intimidating Uruk enforcer,Intimidating Uruk enforcer,,GangLeader,isengard,Infantry,,false,true,,,,,,,,,,False,False
spc_notable_isengard_gl4,{=aom_ig_notable_gl4}Bestial Uruk brute,Bestial Uruk brute,,GangLeader,isengard,Infantry,,false,true,,,,,,,,,,False,False
spc_notable_isengard_12,{=aom_ig_notable_12}Scheming Isengard thug,Scheming Isengard thug,,GangLeader,isengard,Infantry,,false,true,,,,,,,,,,False,False
spc_notable_isengard_13,{=aom_ig_notable_13}Menacing Uruk cutthroat,Menacing Uruk cutthroat,,GangLeader,isengard,Infantry,,false,true,,,,,,,,,,False,False
spc_notable_isengard_gl5,{=aom_ig_notable_gl5}Vicious Uruk slaver,Vicious Uruk slaver,,GangLeader,isengard,Infantry,,false,true,,,,,,,,,,False,False
spc_notable_isengard_gl6,{=aom_ig_notable_gl6}Sadistic Uruk overseer,Sadistic Uruk overseer,,GangLeader,isengard,Infantry,,false,true,,,,,,,,,,False,False
spc_notable_isengard_gl7,{=aom_ig_notable_gl7}Cold-blooded Uruk lieutenant,Cold-blooded Uruk lieutenant,,GangLeader,isengard,Infantry,,false,true,,,,,,,,,,False,False
spc_notable_isengard_gl8,{=aom_ig_notable_gl8}Ruthless Uruk pit master,Ruthless Uruk pit master,,GangLeader,isengard,Infantry,,false,true,,,,,,,,,,False,False
spc_notable_isengard_gl9,{=aom_ig_notable_gl9}Cunning Uruk warlord,Cunning Uruk warlord,,GangLeader,isengard,Infantry,,false,true,,,,,,,,,,False,False
spc_notable_isengard_gl10,{=aom_ig_notable_gl10}Brutal Uruk overlord,Brutal Uruk overlord,,GangLeader,isengard,Infantry,,false,true,,,,,,,,,,False,False
spc_notable_isengard_gl11,{=aom_ig_notable_gl11}Calculating Uruk strategist,Calculating Uruk strategist,,GangLeader,isengard,Infantry,,false,true,,,,,,,,,,False,False
spc_notable_isengard_gl12,{=aom_ig_notable_gl12}Iron-fisted Uruk captain,Iron-fisted Uruk captain,,GangLeader,isengard,Infantry,,false,true,,,,,,,,,,False,False
spc_notable_isengard_21,{=aom_ig_notable_21}Gruff Uruk overseer,Gruff Uruk overseer,,RuralNotable,isengard,Infantry,,false,true,,,,,,,,,,False,False
spc_notable_isengard_22,{=aom_ig_notable_22}Agreeable Uruk field captain,Agreeable Uruk field captain,,RuralNotable,isengard,Infantry,,false,true,,,,,,,,,,False,False
spc_notable_isengard_23,{=aom_ig_notable_23}Stern Uruk drill master,Stern Uruk drill master,,RuralNotable,isengard,Infantry,,false,true,,,,,,,,,,False,False
spc_isengard_headman_1,{=aom_ig_headman_1}Rebellious Uruk pit captain,Rebellious Uruk pit captain,,Headman,isengard,Infantry,,false,true,,,,,,,,,,False,False
spc_isengard_headman_2,{=aom_ig_headman_2}Conservative Uruk elder,Conservative Uruk elder,,Headman,isengard,Infantry,,false,true,,,,,,,,,,False,False
spc_isengard_headman_3,{=aom_ig_headman_3}Devious Uruk headman,Devious Uruk headman,,Headman,isengard,Infantry,,false,true,,,,,,,,,,False,False
shop_worker_isengard,{=aom_ig_shop_worker}Shop Worker,Shop Worker,,ShopWorker,isengard,Infantry,,false,,,,,,,,,,,False,False
tavernkeeper_isengard,{=aom_ig_tavernkeeper}Tavern Keeper,Tavern Keeper,,Tavernkeeper,isengard,Infantry,,false,,,,,,,,,,,False,False
taverngamehost_isengard,{=aom_ig_gamehost}Game Host,Game Host,,TavernGameHost,isengard,Infantry,,false,,,,,,,,,,,False,False
musician_isengard,{=aom_ig_musician}Musician,Musician,,Musician,isengard,Infantry,,false,,,,,,,,,,,False,False
tavern_wench_isengard,{=aom_ig_tavern_wench}Tavern Wench,Tavern Wench,,TavernWench,isengard,Infantry,,false,,,,,,,,,,,False,False
horseMerchant_isengard,{=aom_ig_warg_merchant}Warg Merchant,Warg Merchant,,HorseTrader,isengard,Infantry,,false,,,,,,,,,,,False,False
barber_isengard,{=aom_ig_barber}Barber,Barber,,Townsfolk,isengard,Infantry,,false,,,,,,,,,,,False,False
merchant_isengard,{=aom_ig_merchant}Trader,Trader,,GoodsTrader,isengard,Infantry,,false,,,,,,,,,,,False,False
beggar_isengard,{=aom_ig_beggar}Beggar,Beggar,,Townsfolk,isengard,Infantry,,false,,,,,,,,,,,False,False
female_beggar_isengard,{=aom_ig_female_beggar}Beggar,Beggar,,Townsfolk,isengard,Infantry,,false,,,,,,,,,,,False,False
female_dancer_isengard,{=aom_ig_dancer}Dancer,Dancer,,Townsfolk,isengard,Infantry,,false,,,,,,,,,,,False,False
gear_practice_dummy_isengard,{=aom_ig_practice_dummy}Practice Dummy,Practice Dummy,15.0,Soldier,isengard,Infantry,,,,,,,,,,,,,False,True
weapon_practice_stage_1_isengard,{=aom_ig_practice_1}Practice Fighter,Practice Fighter,15.0,Soldier,isengard,Infantry,,,,,,,,,,,,,False,True
weapon_practice_stage_2_isengard,{=aom_ig_practice_2}Practice Fighter,Practice Fighter,25.0,Soldier,isengard,Infantry,,,,,,,,,,,,,False,True
weapon_practice_stage_3_isengard,{=aom_ig_practice_3}Practice Fighter,Practice Fighter,35.0,Soldier,isengard,Infantry,,,,,,,,,,,,,False,True
gear_dummy_isengard,{=aom_ig_gear_dummy}Gear Dummy,Gear Dummy,15.0,Soldier,isengard,Infantry,,,,,,,,,,,,,False,True
townsman_khand,{=aom_kh_townsman}Townsman,Townsman,,Townsfolk,battania,Infantry,,,,,,,,,,,,,False,False
townswoman_khand,{=aom_kh_townswoman}Townswoman,Townswoman,,Townsfolk,battania,Infantry,,,,,,,,,,,,,False,False
townsman_infant_khand,{=aom_kh_townsman_infant}Townsman,Townsman,,Townsfolk,battania,Infantry,,,,,,,,,,,,,False,False
townswoman_infant_khand,{=aom_kh_townswoman_infant}Townswoman,Townswoman,,Townsfolk,battania,Infantry,,,,,,,,,,,,,False,False
townsman_child_khand,{=aom_kh_townsman_child}Townsman,Townsman,,Townsfolk,battania,Infantry,,,,,,,,,,,,,False,False
townswoman_child_khand,{=aom_kh_townswoman_child}Townswoman,Townswoman,,Townsfolk,battania,Infantry,,,,,,,,,,,,,False,False
townsman_teenager_khand,{=aom_kh_townsman_teen}Townsman,Townsman,,Townsfolk,battania,Infantry,,,,,,,,,,,,,False,False
townswoman_teenager_khand,{=aom_kh_townswoman_teen}Townswoman,Townswoman,,Townsfolk,battania,Infantry,,,,,,,,,,,,,False,False
villager_khand,{=aom_kh_villager}Villager,Villager,1.0,Villager,battania,Infantry,,,,,,,,,,,,,False,False
village_woman_khand,{=aom_kh_village_woman}Village Woman,Village Woman,,Villager,battania,Infantry,,,,,,,,,,,,,False,False
villager_child_khand,{=aom_kh_villager_child}Village Child,Village Child,,Townsfolk,battania,Infantry,,,,,,,,,,,,,False,False
village_woman_child_khand,{=aom_kh_village_woman_child}Village Child,Village Child,,Townsfolk,battania,Infantry,,,,,,,,,,,,,False,False
villager_teenager_khand,{=aom_kh_villager_teen}Village Teenager,Village Teenager,,Townsfolk,battania,Infantry,,,,,,,,,,,,,False,False
village_woman_teenager_khand,{=aom_kh_village_woman_teen}Village Teenager,Village Teenager,,Townsfolk,battania,Infantry,,,,,,,,,,,,,False,False
merchant_khand,{=aom_kh_merchant}Trader,Trader,,GoodsTrader,battania,Infantry,,false,,,,,,,,,,,False,False
blacksmith_khand,{=aom_kh_blacksmith}Blacksmith,Blacksmith,,Blacksmith,battania,Infantry,,false,,,,,,,,,,,False,False
weaponsmith_khand,{=aom_kh_weaponsmith}Weaponsmith,Weaponsmith,,Weaponsmith,battania,Infantry,,false,,,,,,,,,,,False,False
armorer_khand,{=aom_kh_armorer}Armorer,Armorer,,Armorer,battania,Infantry,,false,,,,,,,,,,,False,False
horseMerchant_khand,{=aom_kh_horse_merchant}Horse Merchant,Horse Merchant,,HorseTrader,battania,Infantry,,false,,,,,,,,,,,False,False
tavernkeeper_khand,{=aom_kh_tavernkeeper}Tavern Keeper,Tavern Keeper,,Tavernkeeper,battania,Infantry,,false,,,,,,,,,,,False,False
taverngamehost_khand,{=aom_kh_gamehost}Game Host,Game Host,,TavernGameHost,battania,Infantry,,false,,,,,,,,,,,False,False
tavern_wench_khand,{=aom_kh_tavern_wench}Tavern Wench,Tavern Wench,,TavernWench,battania,Infantry,,false,,,,,,,,,,,False,False
musician_khand,{=aom_kh_musician}Musician,Musician,,Musician,battania,Infantry,,false,,,,,,,,,,,False,False
tournament_master_khand,{=aom_kh_arena}Arena Master,Arena Master,,ArenaMaster,battania,Infantry,,false,,,,,,,,,,,False,False
shop_worker_khand,{=aom_kh_shop_worker}Shop Worker,Shop Worker,,ShopWorker,battania,Infantry,,false,,,,,,,,,,,False,False
prison_guard_khand,{=aom_kh_prison_guard}Prison Guard,Prison Guard,4.0,PrisonGuard,battania,Infantry,,,,50.0,50.0,50.0,,,,,,,False,False
guard_khand,{=aom_kh_guard}Guard,Guard,16.0,Soldier,battania,Infantry,,,,80.0,,80.0,,,,,50.0,,False,True
armed_trader_khand,{=aom_kh_armed_trader}Khand Armed Trader,Khand Armed Trader,16.0,CaravanGuard,battania,Infantry,,,,80.0,,60.0,,,,,40.0,,False,False
caravan_master_khand,{=aom_kh_caravan_master}Khand Caravan Master,Khand Caravan Master,26.0,CaravanGuard,battania,Infantry,,,,120.0,,80.0,,,,,60.0,,False,False
caravan_guard_khand,{=aom_kh_caravan_guard}Khand Caravan Guard,Khand Caravan Guard,21.0,CaravanGuard,battania,Infantry,,,,100.0,,100.0,40.0,,,,50.0,,False,False
veteran_caravan_guard_khand,{=aom_kh_vet_caravan_guard}Khand Veteran Caravan Guard,Khand Veteran Caravan Guard,26.0,CaravanGuard,battania,Infantry,,,,130.0,,130.0,50.0,,,,60.0,,False,False
ransom_broker_khand,{=aom_kh_ransom_broker}Ransom Broker,Ransom Broker,,Townsfolk,battania,Infantry,,false,,,,,,,,,,,False,False
gangleader_bodyguard_khand,{=aom_kh_gang_bodyguard}Gang Bodyguard,Gang Bodyguard,16.0,Townsfolk,battania,Infantry,,false,,,,,,,,,,,False,False
barber_khand,{=aom_kh_barber}Barber,Barber,,Townsfolk,battania,Infantry,,false,,,,,,,,,,,False,False
beggar_khand,{=aom_kh_beggar}Beggar,Beggar,,Townsfolk,battania,Infantry,,false,,,,,,,,,,,False,False
female_beggar_khand,{=aom_kh_female_beggar}Beggar,Beggar,,Townsfolk,battania,Infantry,,false,,,,,,,,,,,False,False
female_dancer_khand,{=aom_kh_dancer}Dancer,Dancer,,Townsfolk,battania,Infantry,,false,,,,,,,,,,,False,False
gear_practice_dummy_khand,{=aom_kh_practice_dummy}Practice Dummy,Practice Dummy,15.0,Soldier,battania,Infantry,,false,,,,,,,,,,,False,True
weapon_practice_stage_1_khand,{=aom_kh_practice_1}Practice Fighter,Practice Fighter,15.0,Soldier,battania,Infantry,,false,,,,,,,,,,,False,True
weapon_practice_stage_2_khand,{=aom_kh_practice_2}Practice Fighter,Practice Fighter,25.0,Soldier,battania,Infantry,,false,,,,,,,,,,,False,True
weapon_practice_stage_3_khand,{=aom_kh_practice_3}Practice Fighter,Practice Fighter,35.0,Soldier,battania,Infantry,,false,,,,,,,,,,,False,True
gear_dummy_khand,{=aom_kh_gear_dummy}Gear Dummy,Gear Dummy,15.0,Soldier,battania,Infantry,,false,,,,,,,,,,,False,True
education_character_template_1_khand,{=aom_kh_edu_1}Khand Youth,Khand Youth,,,battania,Infantry,,false,,,,,,,,,,,False,False
education_character_template_2_khand,{=aom_kh_edu_2}Khand Youth,Khand Youth,,,battania,Infantry,,false,,,,,,,,,,,False,False
education_character_template_3_khand,{=aom_kh_edu_3}Khand Youth,Khand Youth,,,battania,Infantry,,false,,,,,,,,,,,False,False
education_character_template_4_khand,{=aom_kh_edu_4}Khand Youth,Khand Youth,,,battania,Infantry,,false,,,,,,,,,,,False,False
education_character_template_5_khand,{=aom_kh_edu_5}Khand Youth,Khand Youth,,,battania,Infantry,,false,,,,,,,,,,,False,False
education_character_template_6_khand,{=aom_kh_edu_6}Khand Youth,Khand Youth,,,battania,Infantry,,false,,,,,,,,,,,False,False
spc_notable_khand_0,{=aom_kh_notable_0}Crafty Variag trader,Crafty Variag trader,,Merchant,battania,Infantry,,false,true,,,,,,,,,,False,False
spc_notable_khand_0b,{=aom_kh_notable_0b}Bold Khand merchant,Bold Khand merchant,,Merchant,battania,Infantry,,false,true,,,,,,,,,,False,False
spc_notable_khand_1,{=aom_kh_notable_1}Ruthless Variag spice trader,Ruthless Variag spice trader,,Merchant,battania,Infantry,,false,true,,,,,,,,,,False,False
spc_notable_khand_1b,{=aom_kh_notable_1b}Cold Khand merchant,Cold Khand merchant,,Merchant,battania,Infantry,,false,true,,,,,,,,,,False,False
spc_notable_khand_2,{=aom_kh_notable_2}Khand gem dealer,Khand gem dealer,,Merchant,battania,Infantry,,false,true,,,,,,,,,,False,False
spc_notable_khand_2b,{=aom_kh_notable_2b}Wise Variag merchant,Wise Variag merchant,,Merchant,battania,Infantry,,false,true,,,,,,,,,,False,False
spc_notable_khand_3,{=aom_kh_notable_3}Self-made Khand merchant,Self-made Khand merchant,,Merchant,battania,Infantry,,false,true,,,,,,,,,,False,False
spc_notable_khand_3b,{=aom_kh_notable_3b}Jovial Variag merchant,Jovial Variag merchant,,Merchant,battania,Infantry,,false,true,,,,,,,,,,False,False
spc_notable_khand_4,{=aom_kh_notable_4}Shrewd Variag merchant,Shrewd Variag merchant,,Merchant,battania,Infantry,,false,true,,,,,,,,,,False,False
spc_notable_khand_4b,{=aom_kh_notable_4b}Devious Khand merchant,Devious Khand merchant,,Merchant,battania,Infantry,,false,true,,,,,,,,,,False,False
spc_notable_khand_5,{=aom_kh_notable_5}Fierce Variag war-priest,Fierce Variag war-priest,,Preacher,battania,Infantry,,false,true,,,,,,,,,,False,False
spc_notable_khand_6,{=aom_kh_notable_6}Stern Khand elder,Stern Khand elder,,Preacher,battania,Infantry,,false,true,,,,,,,,,,False,False
spc_notable_khand_7,{=aom_kh_notable_7}Khand keeper of rites,Khand keeper of rites,,Preacher,battania,Infantry,,false,true,,,,,,,,,,False,False
spc_notable_khand_8,{=aom_kh_notable_8}Skilled Khand metalworker,Skilled Khand metalworker,,Artisan,battania,Infantry,,false,true,,,,,,,,,,False,False
spc_notable_khand_9,{=aom_kh_notable_9}Gifted Variag craftsman,Gifted Variag craftsman,,Artisan,battania,Infantry,,false,true,,,,,,,,,,False,False
spc_notable_khand_gl1,{=aom_kh_notable_gl1}Ruthless Variag smuggler,Ruthless Variag smuggler,,GangLeader,battania,Infantry,,false,true,,,,,,,,,,False,False
spc_notable_khand_10,{=aom_kh_notable_10}Sardonic Khand outlaw,Sardonic Khand outlaw,,GangLeader,battania,Infantry,,false,true,,,,,,,,,,False,False
spc_notable_khand_11,{=aom_kh_notable_11}Intimidating Variag enforcer,Intimidating Variag enforcer,,GangLeader,battania,Infantry,,false,true,,,,,,,,,,False,False
spc_notable_khand_gl4,{=aom_kh_notable_gl4}Ruthless Khand thug,Ruthless Khand thug,,GangLeader,battania,Infantry,,false,true,,,,,,,,,,False,False
spc_notable_khand_12,{=aom_kh_notable_12}Cunning Variag smuggler,Cunning Variag smuggler,,GangLeader,battania,Infantry,,false,true,,,,,,,,,,False,False
spc_notable_khand_13,{=aom_kh_notable_13}Menacing Khand schemer,Menacing Khand schemer,,GangLeader,battania,Infantry,,false,true,,,,,,,,,,False,False
spc_notable_khand_21,{=aom_kh_notable_21}Weathered Khand landowner,Weathered Khand landowner,,RuralNotable,battania,Infantry,,false,true,,,,,,,,,,False,False
spc_notable_khand_22,{=aom_kh_notable_22}Agreeable Variag elder,Agreeable Variag elder,,RuralNotable,battania,Infantry,,false,true,,,,,,,,,,False,False
spc_khand_headman_1,{=aom_kh_headman_1}Proud Variag headman,Proud Variag headman,,Headman,battania,Infantry,,false,true,,,,,,,,,,False,False
spc_khand_headman_2,{=aom_kh_headman_2}Conservative Khand headman,Conservative Khand headman,,Headman,battania,Infantry,,false,true,,,,,,,,,,False,False
spc_khand_headman_3,{=aom_kh_headman_3}Shrewd Variag headman,Shrewd Variag headman,,Headman,battania,Infantry,,false,true,,,,,,,,,,False,False
spc_notable_lothlorien_0,{=aom_lt_notable_0}Cautious Golden Wood merchant,Cautious Golden Wood merchant,,Merchant,lothlorien,Infantry,,false,true,,,,,,,,,,False,False
spc_notable_lothlorien_0b,{=aom_lt_notable_0b}Galadhrim vintner,Galadhrim vintner,,Merchant,lothlorien,Infantry,,false,true,,,,,,,,,,False,False
spc_notable_lothlorien_1,{=aom_lt_notable_1}Shrewd Lorien silk trader,Shrewd Lorien silk trader,,Merchant,lothlorien,Infantry,,false,true,,,,,,,,,,False,False
spc_notable_lothlorien_1b,{=aom_lt_notable_1b}Cold elven merchant,Cold elven merchant,,Merchant,lothlorien,Infantry,,false,true,,,,,,,,,,False,False
spc_notable_lothlorien_2,{=aom_lt_notable_2}Galadhrim gem dealer,Galadhrim gem dealer,,Merchant,lothlorien,Infantry,,false,true,,,,,,,,,,False,False
spc_notable_lothlorien_2b,{=aom_lt_notable_2b}Cautious Lorien herb trader,Cautious Lorien herb trader,,Merchant,lothlorien,Infantry,,false,true,,,,,,,,,,False,False
spc_notable_lothlorien_3,{=aom_lt_notable_3}Self-made Lorien trader,Self-made Lorien trader,,Merchant,lothlorien,Infantry,,false,true,,,,,,,,,,False,False
spc_notable_lothlorien_3b,{=aom_lt_notable_3b}Jocular Galadhrim merchant,Jocular Galadhrim merchant,,Merchant,lothlorien,Infantry,,false,true,,,,,,,,,,False,False
spc_notable_lothlorien_4,{=aom_lt_notable_4}Shrewd Golden Wood provisioner,Shrewd Golden Wood provisioner,,Merchant,lothlorien,Infantry,,false,true,,,,,,,,,,False,False
spc_notable_lothlorien_4b,{=aom_lt_notable_4b}Devious elven merchant,Devious elven merchant,,Merchant,lothlorien,Infantry,,false,true,,,,,,,,,,False,False
spc_notable_lothlorien_5,{=aom_lt_notable_5}Wise elf of Caras Galadhon,Wise elf of Caras Galadhon,,Preacher,lothlorien,Infantry,,false,true,,,,,,,,,,False,False
spc_notable_lothlorien_6,{=aom_lt_notable_6}Stern Lorien lore-keeper,Stern Lorien lore-keeper,,Preacher,lothlorien,Infantry,,false,true,,,,,,,,,,False,False
spc_notable_lothlorien_7,{=aom_lt_notable_7}Keeper of the mallorn groves,Keeper of the mallorn groves,,Preacher,lothlorien,Infantry,,false,true,,,,,,,,,,False,False
spc_notable_lothlorien_8,{=aom_lt_notable_8}Gruff Galadhrim bowyer,Gruff Galadhrim bowyer,,Artisan,lothlorien,Infantry,,false,true,,,,,,,,,,False,False
spc_notable_lothlorien_9,{=aom_lt_notable_9}Mallorn craftsman,Mallorn craftsman,,Artisan,lothlorien,Infantry,,false,true,,,,,,,,,,False,False
spc_notable_lothlorien_gl1,{=aom_lt_notable_gl1}Protective Galadhrim warden,Protective Galadhrim warden,,GangLeader,lothlorien,Infantry,,false,true,,,,,,,,,,False,False
spc_notable_lothlorien_10,{=aom_lt_notable_10}Ironic Lorien border guard,Ironic Lorien border guard,,GangLeader,lothlorien,Infantry,,false,true,,,,,,,,,,False,False
spc_notable_lothlorien_11,{=aom_lt_notable_11}Intimidating Galadhrim enforcer,Intimidating Galadhrim enforcer,,GangLeader,lothlorien,Infantry,,false,true,,,,,,,,,,False,False
spc_notable_lothlorien_gl4,{=aom_lt_notable_gl4}Ruthless Lorien sentinel,Ruthless Lorien sentinel,,GangLeader,lothlorien,Infantry,,false,true,,,,,,,,,,False,False
spc_notable_lothlorien_12,{=aom_lt_notable_12}Cunning Lorien shadow scout,Cunning Lorien shadow scout,,GangLeader,lothlorien,Infantry,,false,true,,,,,,,,,,False,False
spc_notable_lothlorien_13,{=aom_lt_notable_13}Menacing Galadhrim enforcer,Menacing Galadhrim enforcer,,GangLeader,lothlorien,Infantry,,false,true,,,,,,,,,,False,False
spc_notable_lothlorien_21,{=aom_lt_notable_21}Gruff Lorien landwarden,Gruff Lorien landwarden,,RuralNotable,lothlorien,Infantry,,false,true,,,,,,,,,,False,False
spc_notable_lothlorien_22,{=aom_lt_notable_22}Agreeable Lorien elder,Agreeable Lorien elder,,RuralNotable,lothlorien,Infantry,,false,true,,,,,,,,,,False,False
spc_lothlorien_headman_1,{=aom_lt_headman_1}Rebellious Lorien headman,Rebellious Lorien headman,,Headman,lothlorien,Infantry,,false,true,,,,,,,,,,False,False
spc_lothlorien_headman_2,{=aom_lt_headman_2}Conservative Lorien headman,Conservative Lorien headman,,Headman,lothlorien,Infantry,,false,true,,,,,,,,,,False,False
spc_lothlorien_headman_3,{=aom_lt_headman_3}Devious Lorien headman,Devious Lorien headman,,Headman,lothlorien,Infantry,,false,true,,,,,,,,,,False,False
gear_practice_dummy_lothlorien,{=aom_lt_practice_dummy}Practice Dummy,Practice Dummy,15.0,Soldier,lothlorien,Infantry,,false,,,,,,,,,,,False,True
tournament_master_mirkwood,{=aom_mk_arena}Arena Master,Arena Master,,ArenaMaster,mirkwood,Infantry,,false,,,,,,,,,,,False,False
villager_mirkwood,{=aom_mk_villager}Villager,Villager,1.0,Villager,mirkwood,Infantry,,,,,,,,,,,,mirkwood_recruit,True,False
caravan_master_mirkwood,{=aom_mk_caravan_master}Mirkwood Caravan Master,Mirkwood Caravan Master,26.0,CaravanGuard,mirkwood,Infantry,,,,120.0,,80.0,,,,,60.0,,False,False
caravan_guard_mirkwood,{=aom_mk_caravan_guard}Mirkwood Caravan Guard,Mirkwood Caravan Guard,21.0,CaravanGuard,mirkwood,Infantry,,,,100.0,,100.0,40.0,,,,50.0,,False,False
veteran_caravan_guard_mirkwood,{=aom_mk_vet_caravan_guard}Mirkwood Veteran Caravan Guard,Mirkwood Veteran Caravan Guard,26.0,CaravanGuard,mirkwood,Infantry,,,,130.0,,130.0,50.0,,,,60.0,,False,False
armed_trader_mirkwood,{=aom_mk_armed_trader}Mirkwood Armed Trader,Mirkwood Armed Trader,16.0,CaravanGuard,mirkwood,Infantry,,,,80.0,,60.0,,,,,40.0,,False,False
prison_guard_mirkwood,{=aom_mk_prison_guard}Prison Guard,Prison Guard,4.0,PrisonGuard,mirkwood,Infantry,,,,50.0,50.0,50.0,,,,,,,False,False
guard_mirkwood,{=aom_mk_guard}Guard,Guard,16.0,Soldier,mirkwood,Infantry,,,,80.0,,80.0,,,,,50.0,,False,True
blacksmith_mirkwood,{=aom_mk_blacksmith}Blacksmith,Blacksmith,,Blacksmith,mirkwood,Infantry,,false,,,,,,,,,,,False,False
weaponsmith_mirkwood,{=aom_mk_weaponsmith}Weaponsmith,Weaponsmith,,Weaponsmith,mirkwood,Infantry,,false,,,,,,,,,,,False,False
armorer_mirkwood,{=aom_mk_armorer}Armorer,Armorer,,Armorer,mirkwood,Infantry,,false,,,,,,,,,,,False,False
horseMerchant_mirkwood,{=aom_mk_horse_merchant}Horse Merchant,Horse Merchant,,HorseTrader,mirkwood,Infantry,,false,,,,,,,,,,,False,False
merchant_mirkwood,{=aom_mk_merchant}Trader,Trader,,GoodsTrader,mirkwood,Infantry,,false,,,,,,,,,,,False,False
tavernkeeper_mirkwood,{=aom_mk_tavernkeeper}Tavern Keeper,Tavern Keeper,,Tavernkeeper,mirkwood,Infantry,,false,,,,,,,,,,,False,False
taverngamehost_mirkwood,{=aom_mk_gamehost}Game Host,Game Host,,TavernGameHost,mirkwood,Infantry,,false,,,,,,,,,,,False,False
musician_mirkwood,{=aom_mk_musician}Musician,Musician,,Musician,mirkwood,Infantry,,false,,,,,,,,,,,False,False
tavern_wench_mirkwood,{=aom_mk_tavern_wench}Tavern Wench,Tavern Wench,,TavernWench,mirkwood,Infantry,,false,,,,,,,,,,,False,False
barber_mirkwood,{=aom_mk_barber}Barber,Barber,,Townsfolk,mirkwood,Infantry,,false,,,,,,,,,,,False,False
shop_worker_mirkwood,{=aom_mk_shop_worker}Shop Worker,Shop Worker,,ShopWorker,mirkwood,Infantry,,false,,,,,,,,,,,False,False
ransom_broker_mirkwood,{=aom_mk_ransom_broker}Ransom Broker,Ransom Broker,,RansomBroker,mirkwood,Infantry,,false,,,,,,,,,,,False,False
gangleader_bodyguard_mirkwood,{=aom_mk_gang_bodyguard}Gang Bodyguard,Gang Bodyguard,16.0,Townsfolk,mirkwood,Infantry,,false,,,,,,,,,,,False,False
spc_notable_mirkwood_0,{=aom_mk_notable_0}Wary woodland merchant,Wary woodland merchant,,Merchant,mirkwood,Infantry,,false,true,,,,,,,,,,False,False
spc_notable_mirkwood_0b,{=aom_mk_notable_0b}Silvan vintner,Silvan vintner,,Merchant,mirkwood,Infantry,,false,true,,,,,,,,,,False,False
spc_notable_mirkwood_1,{=aom_mk_notable_1}Stern woodland trader,Stern woodland trader,,Merchant,mirkwood,Infantry,,false,true,,,,,,,,,,False,False
spc_notable_mirkwood_1b,{=aom_mk_notable_1b}Aloof silvan merchant,Aloof silvan merchant,,Merchant,mirkwood,Infantry,,false,true,,,,,,,,,,False,False
spc_notable_mirkwood_2,{=aom_mk_notable_2}Woodland herb dealer,Woodland herb dealer,,Merchant,mirkwood,Infantry,,false,true,,,,,,,,,,False,False
spc_notable_mirkwood_2b,{=aom_mk_notable_2b}Wise silvan merchant,Wise silvan merchant,,Merchant,mirkwood,Infantry,,false,true,,,,,,,,,,False,False
spc_notable_mirkwood_3,{=aom_mk_notable_3}Self-made woodland merchant,Self-made woodland merchant,,Merchant,mirkwood,Infantry,,false,true,,,,,,,,,,False,False
spc_notable_mirkwood_3b,{=aom_mk_notable_3b}Jovial forest trader,Jovial forest trader,,Merchant,mirkwood,Infantry,,false,true,,,,,,,,,,False,False
spc_notable_mirkwood_4,{=aom_mk_notable_4}Shrewd woodland merchant,Shrewd woodland merchant,,Merchant,mirkwood,Infantry,,false,true,,,,,,,,,,False,False
spc_notable_mirkwood_4b,{=aom_mk_notable_4b}Devious silvan merchant,Devious silvan merchant,,Merchant,mirkwood,Infantry,,false,true,,,,,,,,,,False,False
spc_notable_mirkwood_5,{=aom_mk_notable_5}Zealous woodland loremaster,Zealous woodland loremaster,,Preacher,mirkwood,Infantry,,false,true,,,,,,,,,,False,False
spc_notable_mirkwood_6,{=aom_mk_notable_6}Stern silvan elder,Stern silvan elder,,Preacher,mirkwood,Infantry,,false,true,,,,,,,,,,False,False
spc_notable_mirkwood_7,{=aom_mk_notable_7}Woodland keeper of traditions,Woodland keeper of traditions,,Preacher,mirkwood,Infantry,,false,true,,,,,,,,,,False,False
spc_notable_mirkwood_8,{=aom_mk_notable_8}Gruff forest artisan,Gruff forest artisan,,Artisan,mirkwood,Infantry,,false,true,,,,,,,,,,False,False
spc_notable_mirkwood_9,{=aom_mk_notable_9}Gifted woodland craftsman,Gifted woodland craftsman,,Artisan,mirkwood,Infantry,,false,true,,,,,,,,,,False,False
spc_notable_mirkwood_gl1,{=aom_mk_notable_gl1}Protective woodland ringleader,Protective woodland ringleader,,GangLeader,mirkwood,Infantry,,false,true,,,,,,,,,,False,False
spc_notable_mirkwood_10,{=aom_mk_notable_10}Sardonic forest outlaw,Sardonic forest outlaw,,GangLeader,mirkwood,Infantry,,false,true,,,,,,,,,,False,False
spc_notable_mirkwood_11,{=aom_mk_notable_11}Intimidating woodland enforcer,Intimidating woodland enforcer,,GangLeader,mirkwood,Infantry,,false,true,,,,,,,,,,False,False
spc_notable_mirkwood_gl4,{=aom_mk_notable_gl4}Ruthless silvan exile,Ruthless silvan exile,,GangLeader,mirkwood,Infantry,,false,true,,,,,,,,,,False,False
spc_notable_mirkwood_12,{=aom_mk_notable_12}Cunning woodland smuggler,Cunning woodland smuggler,,GangLeader,mirkwood,Infantry,,false,true,,,,,,,,,,False,False
spc_notable_mirkwood_13,{=aom_mk_notable_13}Menacing forest schemer,Menacing forest schemer,,GangLeader,mirkwood,Infantry,,false,true,,,,,,,,,,False,False
spc_notable_mirkwood_21,{=aom_mk_notable_21}Stern woodland landowner,Stern woodland landowner,,RuralNotable,mirkwood,Infantry,,false,true,,,,,,,,,,False,False
spc_notable_mirkwood_22,{=aom_mk_notable_22}Agreeable silvan elder,Agreeable silvan elder,,RuralNotable,mirkwood,Infantry,,false,true,,,,,,,,,,False,False
spc_mirkwood_headman_1,{=aom_mk_headman_1}Rebellious woodland headman,Rebellious woodland headman,,Headman,mirkwood,Infantry,,false,true,,,,,,,,,,False,False
spc_mirkwood_headman_2,{=aom_mk_headman_2}Conservative silvan headman,Conservative silvan headman,,Headman,mirkwood,Infantry,,false,true,,,,,,,,,,False,False
spc_mirkwood_headman_3,{=aom_mk_headman_3}Devious woodland headman,Devious woodland headman,,Headman,mirkwood,Infantry,,false,true,,,,,,,,,,False,False
beggar_mirkwood,{=aom_mk_beggar}Beggar,Beggar,,Townsfolk,mirkwood,Infantry,,false,,,,,,,,,,,False,False
female_beggar_mirkwood,{=aom_mk_female_beggar}Beggar,Beggar,,Townsfolk,mirkwood,Infantry,,false,,,,,,,,,,,False,False
female_dancer_mirkwood,{=aom_mk_dancer}Dancer,Dancer,,Townsfolk,mirkwood,Infantry,,false,,,,,,,,,,,False,False
townsman_mirkwood,{=aom_mk_townsman}Townsman,Townsman,,Townsfolk,mirkwood,Infantry,,,,,,,,,,,,,False,False
townsman_infant_mirkwood,{=aom_mk_townsman_infant}Townsman,Townsman,,Townsfolk,mirkwood,Infantry,,,,,,,,,,,,,False,False
townsman_child_mirkwood,{=aom_mk_townsman_child}Townsman,Townsman,,Townsfolk,mirkwood,Infantry,,,,,,,,,,,,,False,False
townsman_teenager_mirkwood,{=aom_mk_townsman_teen}Townsman,Townsman,,Townsfolk,mirkwood,Infantry,,,,,,,,,,,,,False,False
townswoman_mirkwood,{=aom_mk_townswoman}Townswoman,Townswoman,,Townsfolk,mirkwood,Infantry,,,,,,,,,,,,,False,False
townswoman_infant_mirkwood,{=aom_mk_townswoman_infant}Townswoman,Townswoman,,Townsfolk,mirkwood,Infantry,,,,,,,,,,,,,False,False
townswoman_child_mirkwood,{=aom_mk_townswoman_child}Townswoman,Townswoman,,Townsfolk,mirkwood,Infantry,,,,,,,,,,,,,False,False
townswoman_teenager_mirkwood,{=aom_mk_townswoman_teen}Townswoman,Townswoman,,Townsfolk,mirkwood,Infantry,,,,,,,,,,,,,False,False
village_woman_mirkwood,{=aom_mk_village_woman}Village Woman,Village Woman,,Townsfolk,mirkwood,Infantry,,,,,,,,,,,,,False,False
village_woman_child_mirkwood,{=aom_mk_village_woman_child}Village Child,Village Child,,Townsfolk,mirkwood,Infantry,,,,,,,,,,,,,False,False
village_woman_teenager_mirkwood,{=aom_mk_village_woman_teen}Village Teenager,Village Teenager,,Townsfolk,mirkwood,Infantry,,,,,,,,,,,,,False,False
villager_child_mirkwood,{=aom_mk_villager_child}Village Child,Village Child,,Townsfolk,mirkwood,Infantry,,,,,,,,,,,,,False,False
villager_teenager_mirkwood,{=aom_mk_villager_teen}Village Teenager,Village Teenager,,Townsfolk,mirkwood,Infantry,,,,,,,,,,,,,False,False
gear_practice_dummy_mirkwood,{=aom_mk_practice_dummy}Practice Dummy,Practice Dummy,,Townsfolk,mirkwood,Infantry,,,,,,,,,,,,,False,False
weapon_practice_stage_1_mirkwood,{=aom_mk_practice_1}Practice Fighter,Practice Fighter,,Townsfolk,mirkwood,Infantry,,,,,,,,,,,,,False,False
weapon_practice_stage_2_mirkwood,{=aom_mk_practice_2}Practice Fighter,Practice Fighter,,Townsfolk,mirkwood,Infantry,,,,,,,,,,,,,False,False
weapon_practice_stage_3_mirkwood,{=aom_mk_practice_3}Practice Fighter,Practice Fighter,,Townsfolk,mirkwood,Infantry,,,,,,,,,,,,,False,False
gear_dummy_mirkwood,{=aom_mk_gear_dummy}Gear Dummy,Gear Dummy,,Townsfolk,mirkwood,Infantry,,,,,,,,,,,,,False,False
tournament_master_mistymountainorcs,{=aom_mmo_arena}Arena Master,Arena Master,,ArenaMaster,mistymountainorcs,Infantry,,false,,,,,,,,,,,False,False
villager_mistymountainorcs,{=aom_mmo_villager}Slave,Slave,1.0,Villager,mistymountainorcs,Infantry,,,,,,,,,,,,mistymountainorcs_snaga,True,False
caravan_master_mistymountainorcs,{=aom_mmo_caravan_master}Orc Caravan Master,Orc Caravan Master,26.0,CaravanGuard,mistymountainorcs,Infantry,,,,120.0,,80.0,,,,,60.0,,False,False
caravan_guard_mistymountainorcs,{=aom_mmo_caravan_guard}Orc Caravan Guard,Orc Caravan Guard,21.0,CaravanGuard,mistymountainorcs,Infantry,,,,100.0,,100.0,40.0,,,,50.0,,False,False
veteran_caravan_guard_mistymountainorcs,{=aom_mmo_vet_caravan_guard}Orc Veteran Caravan Guard,Orc Veteran Caravan Guard,26.0,CaravanGuard,mistymountainorcs,Infantry,,,,130.0,,130.0,50.0,,,,60.0,,False,False
armed_trader_mistymountainorcs,{=aom_mmo_armed_trader}Orc Armed Trader,Orc Armed Trader,16.0,CaravanGuard,mistymountainorcs,Infantry,,,,80.0,,60.0,,,,,40.0,,False,False
prison_guard_mistymountainorcs,{=aom_mmo_prison_guard}Prison Guard,Prison Guard,4.0,PrisonGuard,mistymountainorcs,Infantry,,,,50.0,50.0,50.0,,,,,,,False,False
guard_mistymountainorcs,{=aom_mmo_guard}Guard,Guard,16.0,Soldier,mistymountainorcs,Infantry,,,,80.0,,80.0,,,,,50.0,,False,True
blacksmith_mistymountainorcs,{=aom_mmo_blacksmith}Blacksmith,Blacksmith,,Blacksmith,mistymountainorcs,Infantry,,false,,,,,,,,,,,False,False
weaponsmith_mistymountainorcs,{=aom_mmo_weaponsmith}Weaponsmith,Weaponsmith,,Weaponsmith,mistymountainorcs,Infantry,,false,,,,,,,,,,,False,False
armorer_mistymountainorcs,{=aom_mmo_armorer}Armorer,Armorer,,Armorer,mistymountainorcs,Infantry,,false,,,,,,,,,,,False,False
horseMerchant_mistymountainorcs,{=aom_mmo_warg_merchant}Warg Merchant,Warg Merchant,,HorseTrader,mistymountainorcs,Infantry,,false,,,,,,,,,,,False,False
merchant_mistymountainorcs,{=aom_mmo_merchant}Trader,Trader,,GoodsTrader,mistymountainorcs,Infantry,,false,,,,,,,,,,,False,False
tavernkeeper_mistymountainorcs,{=aom_mmo_tavernkeeper}Tavern Keeper,Tavern Keeper,,Tavernkeeper,mistymountainorcs,Infantry,,false,,,,,,,,,,,False,False
taverngamehost_mistymountainorcs,{=aom_mmo_gamehost}Game Host,Game Host,,TavernGameHost,mistymountainorcs,Infantry,,false,,,,,,,,,,,False,False
musician_mistymountainorcs,{=aom_mmo_musician}Musician,Musician,,Musician,mistymountainorcs,Infantry,,false,,,,,,,,,,,False,False
tavern_wench_mistymountainorcs,{=aom_mmo_tavern_wench}Tavern Wench,Tavern Wench,,TavernWench,mistymountainorcs,Infantry,,false,,,,,,,,,,,False,False
barber_mistymountainorcs,{=aom_mmo_barber}Barber,Barber,,Townsfolk,mistymountainorcs,Infantry,,false,,,,,,,,,,,False,False
shop_worker_mistymountainorcs,{=aom_mmo_shop_worker}Shop Worker,Shop Worker,,ShopWorker,mistymountainorcs,Infantry,,false,,,,,,,,,,,False,False
ransom_broker_mistymountainorcs,{=aom_mmo_ransom_broker}Ransom Broker,Ransom Broker,,RansomBroker,mistymountainorcs,Infantry,,false,,,,,,,,,,,False,False
gangleader_bodyguard_mistymountainorcs,{=aom_mmo_gang_bodyguard}Gang Bodyguard,Gang Bodyguard,16.0,Townsfolk,mistymountainorcs,Infantry,,false,,,,,,,,,,,False,False
spc_notable_mistymountainorcs_0,{=aom_mmo_notable_0}Cautious orc trader,Cautious orc trader,,Merchant,mistymountainorcs,Infantry,,false,true,,,,,,,,,,False,False
spc_notable_mistymountainorcs_0b,{=aom_mmo_notable_0b}Cunning Orc haggler,Cunning Orc haggler,,Merchant,mistymountainorcs,Infantry,,false,true,,,,,,,,,,False,False
spc_notable_mistymountainorcs_1,{=aom_mmo_notable_1}Ruthless orc provisioner,Ruthless orc provisioner,,Merchant,mistymountainorcs,Infantry,,false,true,,,,,,,,,,False,False
spc_notable_mistymountainorcs_1b,{=aom_mmo_notable_1b}Cold Orc quartermaster,Cold Orc quartermaster,,Merchant,mistymountainorcs,Infantry,,false,true,,,,,,,,,,False,False
spc_notable_mistymountainorcs_2,{=aom_mmo_notable_2}Shrewd orc supply master,Shrewd orc supply master,,Merchant,mistymountainorcs,Infantry,,false,true,,,,,,,,,,False,False
spc_notable_mistymountainorcs_2b,{=aom_mmo_notable_2b}Wary Orc hoarder,Wary Orc hoarder,,Merchant,mistymountainorcs,Infantry,,false,true,,,,,,,,,,False,False
spc_notable_mistymountainorcs_3,{=aom_mmo_notable_3}Self-made orc dealer,Self-made orc dealer,,Merchant,mistymountainorcs,Infantry,,false,true,,,,,,,,,,False,False
spc_notable_mistymountainorcs_3b,{=aom_mmo_notable_3b}Jovial Orc peddler,Jovial Orc peddler,,Merchant,mistymountainorcs,Infantry,,false,true,,,,,,,,,,False,False
spc_notable_mistymountainorcs_4,{=aom_mmo_notable_4}Scheming orc profiteer,Scheming orc profiteer,,Merchant,mistymountainorcs,Infantry,,false,true,,,,,,,,,,False,False
spc_notable_mistymountainorcs_4b,{=aom_mmo_notable_4b}Devious Orc trader,Devious Orc trader,,Merchant,mistymountainorcs,Infantry,,false,true,,,,,,,,,,False,False
spc_notable_mistymountainorcs_5,{=aom_mmo_notable_5}Fanatical Orc war-chanter,Fanatical Orc war-chanter,,Preacher,mistymountainorcs,Infantry,,false,true,,,,,,,,,,False,False
spc_notable_mistymountainorcs_6,{=aom_mmo_notable_6}Stern orc taskmaster,Stern orc taskmaster,,Preacher,mistymountainorcs,Infantry,,false,true,,,,,,,,,,False,False
spc_notable_mistymountainorcs_7,{=aom_mmo_notable_7}Brooding orc mystic,Brooding orc mystic,,Preacher,mistymountainorcs,Infantry,,false,true,,,,,,,,,,False,False
spc_notable_mistymountainorcs_8,{=aom_mmo_notable_8}Gruff orc smith,Gruff orc smith,,Artisan,mistymountainorcs,Infantry,,false,true,,,,,,,,,,False,False
spc_notable_mistymountainorcs_9,{=aom_mmo_notable_9}Outgoing Orc forgemaster,Outgoing Orc forgemaster,,Artisan,mistymountainorcs,Infantry,,false,true,,,,,,,,,,False,False
spc_notable_mistymountainorcs_gl1,{=aom_mmo_notable_gl1}Protective Orc pit lord,Protective Orc pit lord,,GangLeader,mistymountainorcs,Infantry,,false,true,,,,,,,,,,False,False
spc_notable_mistymountainorcs_10,{=aom_mmo_notable_10}Snarling orc enforcer,Snarling orc enforcer,,GangLeader,mistymountainorcs,Infantry,,false,true,,,,,,,,,,False,False
spc_notable_mistymountainorcs_11,{=aom_mmo_notable_11}Intimidating orc brute,Intimidating orc brute,,GangLeader,mistymountainorcs,Infantry,,false,true,,,,,,,,,,False,False
spc_notable_mistymountainorcs_gl4,{=aom_mmo_notable_gl4}Bestial Orc thug,Bestial Orc thug,,GangLeader,mistymountainorcs,Infantry,,false,true,,,,,,,,,,False,False
spc_notable_mistymountainorcs_12,{=aom_mmo_notable_12}Scheming orc racketeer,Scheming orc racketeer,,GangLeader,mistymountainorcs,Infantry,,false,true,,,,,,,,,,False,False
spc_notable_mistymountainorcs_13,{=aom_mmo_notable_13}Menacing Orc cutthroat,Menacing Orc cutthroat,,GangLeader,mistymountainorcs,Infantry,,false,true,,,,,,,,,,False,False
spc_notable_mistymountainorcs_21,{=aom_mmo_notable_21}Gruff orc overseer,Gruff orc overseer,,RuralNotable,mistymountainorcs,Infantry,,false,true,,,,,,,,,,False,False
spc_notable_mistymountainorcs_22,{=aom_mmo_notable_22}Agreeable Orc field boss,Agreeable Orc field boss,,RuralNotable,mistymountainorcs,Infantry,,false,true,,,,,,,,,,False,False
spc_notable_mistymountainorcs_23,{=aom_mmo_notable_23}Vicious Orc slave-driver,Vicious Orc slave-driver,,RuralNotable,mistymountainorcs,Infantry,,false,true,,,,,,,,,,False,False
spc_mistymountainorcs_headman_1,{=aom_mmo_headman_1}Rebellious Orc captain,Rebellious Orc captain,,Headman,mistymountainorcs,Infantry,,false,true,,,,,,,,,,False,False
spc_mistymountainorcs_headman_2,{=aom_mmo_headman_2}Conservative orc elder,Conservative orc elder,,Headman,mistymountainorcs,Infantry,,false,true,,,,,,,,,,False,False
spc_mistymountainorcs_headman_3,{=aom_mmo_headman_3}Devious Orc headman,Devious Orc headman,,Headman,mistymountainorcs,Infantry,,false,true,,,,,,,,,,False,False
beggar_mistymountainorcs,{=aom_mmo_beggar}Beggar,Beggar,,Townsfolk,mistymountainorcs,Infantry,,false,,,,,,,,,,,False,False
female_beggar_mistymountainorcs,{=aom_mmo_female_beggar}Beggar,Beggar,,Townsfolk,mistymountainorcs,Infantry,,false,,,,,,,,,,,False,False
female_dancer_mistymountainorcs,{=aom_mmo_dancer}Dancer,Dancer,,Townsfolk,mistymountainorcs,Infantry,,false,,,,,,,,,,,False,False
townsman_mistymountainorcs,{=aom_mmo_townsman}Townsman,Townsman,,Townsfolk,mistymountainorcs,Infantry,,,,,,,,,,,,,False,False
townsman_infant_mistymountainorcs,{=aom_mmo_townsman_infant}Townsman,Townsman,,Townsfolk,mistymountainorcs,Infantry,,,,,,,,,,,,,False,False
townsman_child_mistymountainorcs,{=aom_mmo_townsman_child}Townsman,Townsman,,Townsfolk,mistymountainorcs,Infantry,,,,,,,,,,,,,False,False
townsman_teenager_mistymountainorcs,{=aom_mmo_townsman_teen}Townsman,Townsman,,Townsfolk,mistymountainorcs,Infantry,,,,,,,,,,,,,False,False
townswoman_mistymountainorcs,{=aom_mmo_townswoman}Townswoman,Townswoman,,Townsfolk,mistymountainorcs,Infantry,,,,,,,,,,,,,False,False
townswoman_infant_mistymountainorcs,{=aom_mmo_townswoman_infant}Townswoman,Townswoman,,Townsfolk,mistymountainorcs,Infantry,,,,,,,,,,,,,False,False
townswoman_child_mistymountainorcs,{=aom_mmo_townswoman_child}Townswoman,Townswoman,,Townsfolk,mistymountainorcs,Infantry,,,,,,,,,,,,,False,False
townswoman_teenager_mistymountainorcs,{=aom_mmo_townswoman_teen}Townswoman,Townswoman,,Townsfolk,mistymountainorcs,Infantry,,,,,,,,,,,,,False,False
village_woman_mistymountainorcs,{=aom_mmo_village_woman}Village Woman,Village Woman,,Townsfolk,mistymountainorcs,Infantry,,,,,,,,,,,,,False,False
village_woman_child_mistymountainorcs,{=aom_mmo_village_woman_child}Village Child,Village Child,,Townsfolk,mistymountainorcs,Infantry,,,,,,,,,,,,,False,False
village_woman_teenager_mistymountainorcs,{=aom_mmo_village_woman_teen}Village Teenager,Village Teenager,,Townsfolk,mistymountainorcs,Infantry,,,,,,,,,,,,,False,False
villager_child_mistymountainorcs,{=aom_mmo_villager_child}Village Child,Village Child,,Townsfolk,mistymountainorcs,Infantry,,,,,,,,,,,,,False,False
villager_teenager_mistymountainorcs,{=aom_mmo_villager_teen}Village Teenager,Village Teenager,,Townsfolk,mistymountainorcs,Infantry,,,,,,,,,,,,,False,False
gear_practice_dummy_mistymountainorcs,{=aom_mmo_practice_dummy}Practice Dummy,Practice Dummy,,Townsfolk,mistymountainorcs,Infantry,,,,,,,,,,,,,False,False
weapon_practice_stage_1_mistymountainorcs,{=aom_mmo_practice_1}Practice Fighter,Practice Fighter,,Townsfolk,mistymountainorcs,Infantry,,,,,,,,,,,,,False,False
weapon_practice_stage_2_mistymountainorcs,{=aom_mmo_practice_2}Practice Fighter,Practice Fighter,,Townsfolk,mistymountainorcs,Infantry,,,,,,,,,,,,,False,False
weapon_practice_stage_3_mistymountainorcs,{=aom_mmo_practice_3}Practice Fighter,Practice Fighter,,Townsfolk,mistymountainorcs,Infantry,,,,,,,,,,,,,False,False
gear_dummy_mistymountainorcs,{=aom_mmo_gear_dummy}Gear Dummy,Gear Dummy,,Townsfolk,mistymountainorcs,Infantry,,,,,,,,,,,,,False,False
tournament_master_mordor,{=aom_mr_arena}Arena Master,Arena Master,,ArenaMaster,mordor,Infantry,,false,,,,,,,,,,,False,False
villager_mordor,{=aom_mr_villager}Slave,Slave,1.0,Villager,mordor,Infantry,,,,,,,,,,,,mordor_uruk_grunt,True,False
village_woman_mordor,{=aom_mr_village_woman}Village Woman,Village Woman,,Villager,mordor,Infantry,,,,,,,,,,,,,False,False
caravan_master_mordor,{=aom_mr_caravan_master}Mordor Caravan Master,Mordor Caravan Master,26.0,CaravanGuard,mordor,Infantry,,,,120.0,,80.0,,,,,60.0,,False,False
armed_trader_mordor,{=aom_mr_armed_trader}Mordor Armed Trader,Mordor Armed Trader,16.0,CaravanGuard,mordor,Infantry,,,,80.0,,60.0,,,,,40.0,,False,False
caravan_guard_mordor,{=aom_mr_caravan_guard}Mordor Caravan Guard,Mordor Caravan Guard,21.0,CaravanGuard,mordor,Infantry,,,,100.0,,100.0,40.0,,,,50.0,,False,False
veteran_caravan_guard_mordor,{=aom_mr_vet_caravan_guard}Mordor Veteran Caravan Guard,Mordor Veteran Caravan Guard,26.0,CaravanGuard,mordor,Infantry,,,,130.0,,130.0,50.0,,,,60.0,,False,False
prison_guard_mordor,{=aom_mr_prison_guard}Prison Guard,Prison Guard,4.0,PrisonGuard,mordor,Infantry,,,,50.0,50.0,50.0,,,,,,,False,False
guard_mordor,{=aom_mr_guard}Guard,Guard,16.0,Soldier,mordor,Infantry,,,,80.0,,80.0,,,,,50.0,,False,True
blacksmith_mordor,{=aom_mr_blacksmith}Blacksmith,Blacksmith,,Blacksmith,mordor,Infantry,,false,,,,,,,,,,,False,False
weaponsmith_mordor,{=aom_mr_weaponsmith}Weaponsmith,Weaponsmith,,Weaponsmith,mordor,Infantry,,false,,,,,,,,,,,False,False
armorer_mordor,{=aom_mr_armorer}Armorer,Armorer,,Armorer,mordor,Infantry,,false,,,,,,,,,,,False,False
townswoman_mordor,{=aom_mr_townswoman}Townswoman,Townswoman,,Townsfolk,mordor,Infantry,,,,,,,,,,,,,False,False
townswoman_infant_mordor,{=aom_mr_townswoman_infant}Townswoman,Townswoman,,Townsfolk,mordor,Infantry,,,,,,,,,,,,,False,False
townswoman_child_mordor,{=aom_mr_townswoman_child}Townswoman,Townswoman,,Townsfolk,mordor,Infantry,,,,,,,,,,,,,False,False
townswoman_teenager_mordor,{=aom_mr_townswoman_teen}Townswoman,Townswoman,,Townsfolk,mordor,Infantry,,,,,,,,,,,,,False,False
townsman_mordor,{=aom_mr_townsman}Townsman,Townsman,,Townsfolk,mordor,Infantry,,,,,,,,,,,,,False,False
townsman_infant_mordor,{=aom_mr_townsman_infant}Townsman,Townsman,,Townsfolk,mordor,Infantry,,,,,,,,,,,,,False,False
townsman_child_mordor,{=aom_mr_townsman_child}Townsman,Townsman,,Townsfolk,mordor,Infantry,,,,,,,,,,,,,False,False
townsman_teenager_mordor,{=aom_mr_townsman_teen}Townsman,Townsman,,Townsfolk,mordor,Infantry,,,,,,,,,,,,,False,False
village_woman_child_mordor,{=aom_mr_village_woman_child}Village Child,Village Child,,Townsfolk,mordor,Infantry,,,,,,,,,,,,,False,False
village_woman_teenager_mordor,{=aom_mr_village_woman_teen}Village Teenager,Village Teenager,,Townsfolk,mordor,Infantry,,,,,,,,,,,,,False,False
villager_child_mordor,{=aom_mr_villager_child}Village Child,Village Child,,Townsfolk,mordor,Infantry,,,,,,,,,,,,,False,False
villager_teenager_mordor,{=aom_mr_villager_teen}Village Teenager,Village Teenager,,Townsfolk,mordor,Infantry,,,,,,,,,,,,,False,False
ransom_broker_mordor,{=aom_mr_ransom_broker}Ransom Broker,Ransom Broker,,Townsfolk,mordor,Infantry,,false,,,,,,,,,,,False,False
gangleader_bodyguard_mordor,{=aom_mr_gang_bodyguard}Gang Bodyguard,Gang Bodyguard,16.0,Townsfolk,mordor,Infantry,,false,,,,,,,,,,,False,False
spc_notable_mordor_0,{=aom_mr_notable_0}Cunning Mordor slave trader,Cunning Mordor slave trader,,Merchant,mordor,Infantry,,false,true,,,,,,,,,,False,False
spc_notable_mordor_0b,{=aom_mr_notable_0b}Mordor pit provisioner,Mordor pit provisioner,,Merchant,mordor,Infantry,,false,true,,,,,,,,,,False,False
spc_notable_mordor_1,{=aom_mr_notable_1}Ruthless Mordor arms dealer,Ruthless Mordor arms dealer,,Merchant,mordor,Infantry,,false,true,,,,,,,,,,False,False
spc_notable_mordor_1b,{=aom_mr_notable_1b}Cold-eyed Mordor merchant,Cold-eyed Mordor merchant,,Merchant,mordor,Infantry,,false,true,,,,,,,,,,False,False
spc_notable_mordor_2,{=aom_mr_notable_2}Mordor ore dealer,Mordor ore dealer,,Merchant,mordor,Infantry,,false,true,,,,,,,,,,False,False
spc_notable_mordor_2b,{=aom_mr_notable_2b}Cautious Mordor supply runner,Cautious Mordor supply runner,,Merchant,mordor,Infantry,,false,true,,,,,,,,,,False,False
spc_notable_mordor_3,{=aom_mr_notable_3}Self-made Mordor trader,Self-made Mordor trader,,Merchant,mordor,Infantry,,false,true,,,,,,,,,,False,False
spc_notable_mordor_3b,{=aom_mr_notable_3b}Scheming Mordor merchant,Scheming Mordor merchant,,Merchant,mordor,Infantry,,false,true,,,,,,,,,,False,False
spc_notable_mordor_4,{=aom_mr_notable_4}Shrewd Mordor provisioner,Shrewd Mordor provisioner,,Merchant,mordor,Infantry,,false,true,,,,,,,,,,False,False
spc_notable_mordor_4b,{=aom_mr_notable_4b}Devious Mordor black marketeer,Devious Mordor black marketeer,,Merchant,mordor,Infantry,,false,true,,,,,,,,,,False,False
spc_notable_mordor_5,{=aom_mr_notable_5}Dark Lord's herald,Dark Lord's herald,,Preacher,mordor,Infantry,,false,true,,,,,,,,,,False,False
spc_notable_mordor_6,{=aom_mr_notable_6}Stern Mordor war-priest,Stern Mordor war-priest,,Preacher,mordor,Infantry,,false,true,,,,,,,,,,False,False
spc_notable_mordor_7,{=aom_mr_notable_7}Keeper of the dark rites,Keeper of the dark rites,,Preacher,mordor,Infantry,,false,true,,,,,,,,,,False,False
spc_notable_mordor_8,{=aom_mr_notable_8}Gruff Mordor pit overseer,Gruff Mordor pit overseer,,Artisan,mordor,Infantry,,false,true,,,,,,,,,,False,False
spc_notable_mordor_9,{=aom_mr_notable_9}Mordor forge-master,Mordor forge-master,,Artisan,mordor,Infantry,,false,true,,,,,,,,,,False,False
spc_notable_mordor_gl1,{=aom_mr_notable_gl1}Dark Lord's enforcer,Dark Lord's enforcer,,GangLeader,mordor,Infantry,,false,true,,,,,,,,,,False,False
spc_notable_mordor_10,{=aom_mr_notable_10}Mordor pit boss,Mordor pit boss,,GangLeader,mordor,Infantry,,false,true,,,,,,,,,,False,False
spc_notable_mordor_11,{=aom_mr_notable_11}Intimidating Mordor taskmaster,Intimidating Mordor taskmaster,,GangLeader,mordor,Infantry,,false,true,,,,,,,,,,False,False
spc_notable_mordor_gl4,{=aom_mr_notable_gl4}Bestial Mordor thug,Bestial Mordor thug,,GangLeader,mordor,Infantry,,false,true,,,,,,,,,,False,False
spc_notable_mordor_12,{=aom_mr_notable_12}Cunning Mordor smuggler,Cunning Mordor smuggler,,GangLeader,mordor,Infantry,,false,true,,,,,,,,,,False,False
spc_notable_mordor_13,{=aom_mr_notable_13}Menacing Mordor warlord,Menacing Mordor warlord,,GangLeader,mordor,Infantry,,false,true,,,,,,,,,,False,False
spc_notable_mordor_21,{=aom_mr_notable_21}Gruff Mordor camp leader,Gruff Mordor camp leader,,RuralNotable,mordor,Infantry,,false,true,,,,,,,,,,False,False
spc_notable_mordor_22,{=aom_mr_notable_22}Watchful Mordor elder,Watchful Mordor elder,,RuralNotable,mordor,Infantry,,false,true,,,,,,,,,,False,False
spc_notable_mordor_23,{=aom_mr_notable_23}Brooding Mordor reaver,Brooding Mordor reaver,,RuralNotable,mordor,Infantry,,false,true,,,,,,,,,,False,False
spc_mordor_headman_1,{=aom_mr_headman_1}Rebellious Mordor headman,Rebellious Mordor headman,,Headman,mordor,Infantry,,false,true,,,,,,,,,,False,False
spc_mordor_headman_2,{=aom_mr_headman_2}Conservative Mordor headman,Conservative Mordor headman,,Headman,mordor,Infantry,,false,true,,,,,,,,,,False,False
spc_mordor_headman_3,{=aom_mr_headman_3}Devious Mordor headman,Devious Mordor headman,,Headman,mordor,Infantry,,false,true,,,,,,,,,,False,False
shop_worker_mordor,{=aom_mr_shop_worker}Shop Worker,Shop Worker,,ShopWorker,mordor,Infantry,,false,,,,,,,,,,,False,False
tavernkeeper_mordor,{=aom_mr_tavernkeeper}Tavern Keeper,Tavern Keeper,,Tavernkeeper,mordor,Infantry,,false,,,,,,,,,,,False,False
taverngamehost_mordor,{=aom_mr_gamehost}Game Host,Game Host,,TavernGameHost,mordor,Infantry,,false,,,,,,,,,,,False,False
musician_mordor,{=aom_mr_musician}Musician,Musician,,Musician,mordor,Infantry,,false,,,,,,,,,,,False,False
tavern_wench_mordor,{=aom_mr_tavern_wench}Tavern Wench,Tavern Wench,,TavernWench,mordor,Infantry,,false,,,,,,,,,,,False,False
horseMerchant_mordor,{=aom_mr_warg_merchant}Warg Merchant,Warg Merchant,,HorseTrader,mordor,Infantry,,false,,,,,,,,,,,False,False
barber_mordor,{=aom_mr_barber}Barber,Barber,,Townsfolk,mordor,Infantry,,false,,,,,,,,,,,False,False
merchant_mordor,{=aom_mr_merchant}Trader,Trader,,GoodsTrader,mordor,Infantry,,false,,,,,,,,,,,False,False
beggar_mordor,{=aom_mr_beggar}Beggar,Beggar,,Townsfolk,mordor,Infantry,,false,,,,,,,,,,,False,False
female_beggar_mordor,{=aom_mr_female_beggar}Beggar,Beggar,,Townsfolk,mordor,Infantry,,false,,,,,,,,,,,False,False
female_dancer_mordor,{=aom_mr_dancer}Dancer,Dancer,,Townsfolk,mordor,Infantry,,false,,,,,,,,,,,False,False
gear_practice_dummy_mordor,{=aom_mr_practice_dummy}Practice Dummy,Practice Dummy,15.0,Soldier,mordor,Infantry,,,,,,,,,,,,,False,True
weapon_practice_stage_1_mordor,{=aom_mr_practice_1}Practice Fighter,Practice Fighter,15.0,Soldier,mordor,Infantry,,,,,,,,,,,,,False,True
weapon_practice_stage_2_mordor,{=aom_mr_practice_2}Practice Fighter,Practice Fighter,25.0,Soldier,mordor,Infantry,,,,,,,,,,,,,False,True
weapon_practice_stage_3_mordor,{=aom_mr_practice_3}Practice Fighter,Practice Fighter,35.0,Soldier,mordor,Infantry,,,,,,,,,,,,,False,True
gear_dummy_mordor,{=aom_mr_gear_dummy}Gear Dummy,Gear Dummy,15.0,Soldier,mordor,Infantry,,,,,,,,,,,,,False,True
tournament_master_rhun,{=aom_rh_arena}Arena Master,Arena Master,,ArenaMaster,khuzait,Infantry,,false,,,,,,,,,,,False,False
villager_rhun,{=aom_rh_villager}Villager,Villager,1.0,Villager,khuzait,Infantry,,,,,,,,,,,,loke_rim_initiate,True,False
village_woman_rhun,{=aom_rh_village_woman}Village Woman,Village Woman,,Villager,khuzait,Infantry,,,,,,,,,,,,,False,False
caravan_master_rhun,{=aom_rh_caravan_master}Rhun Caravan Master,Rhun Caravan Master,26.0,CaravanGuard,khuzait,Infantry,,,,120.0,,80.0,,,,,60.0,,False,False
armed_trader_rhun,{=aom_rh_armed_trader}Rhun Armed Trader,Rhun Armed Trader,16.0,CaravanGuard,khuzait,Infantry,,,,80.0,,60.0,,,,,40.0,,False,False
caravan_guard_rhun,{=aom_rh_caravan_guard}Rhun Caravan Guard,Rhun Caravan Guard,16.0,Soldier,khuzait,Infantry,,,,100.0,,100.0,40.0,,,,50.0,,False,True
veteran_caravan_guard_rhun,{=aom_rh_vet_caravan_guard}Rhun Veteran Caravan Guard,Rhun Veteran Caravan Guard,21.0,Soldier,khuzait,Infantry,,,,130.0,,130.0,50.0,,,,60.0,,False,True
prison_guard_rhun,{=aom_rh_prison_guard}Prison Guard,Prison Guard,4.0,PrisonGuard,khuzait,Infantry,,,,50.0,50.0,50.0,,,,,,,False,False
guard_rhun,{=aom_rh_guard}Guard,Guard,16.0,Soldier,khuzait,Infantry,,,,80.0,,80.0,,,,,50.0,,False,True
townsman_rhun,{=aom_rh_townsman}Townsman,Townsman,,Townsfolk,khuzait,Infantry,,,,,,,,,,,,,False,False
townswoman_rhun,{=aom_rh_townswoman}Townswoman,Townswoman,,Townsfolk,khuzait,Infantry,,,,,,,,,,,,,False,False
townsman_infant_rhun,{=aom_rh_townsman_infant}Townsman,Townsman,,Townsfolk,khuzait,Infantry,,,,,,,,,,,,,False,False
townsman_child_rhun,{=aom_rh_townsman_child}Townsman,Townsman,,Townsfolk,khuzait,Infantry,,,,,,,,,,,,,False,False
townsman_teenager_rhun,{=aom_rh_townsman_teen}Townsman,Townsman,,Townsfolk,khuzait,Infantry,,,,,,,,,,,,,False,False
townswoman_infant_rhun,{=aom_rh_townswoman_infant}Townswoman,Townswoman,,Townsfolk,khuzait,Infantry,,,,,,,,,,,,,False,False
townswoman_child_rhun,{=aom_rh_townswoman_child}Townswoman,Townswoman,,Townsfolk,khuzait,Infantry,,,,,,,,,,,,,False,False
townswoman_teenager_rhun,{=aom_rh_townswoman_teen}Townswoman,Townswoman,,Townsfolk,khuzait,Infantry,,,,,,,,,,,,,False,False
villager_male_child_rhun,{=aom_rh_villager_m_child}Village Child,Village Child,,Townsfolk,khuzait,Infantry,,,,,,,,,,,,,False,False
villager_male_teenager_rhun,{=aom_rh_villager_m_teen}Village Teenager,Village Teenager,,Townsfolk,khuzait,Infantry,,,,,,,,,,,,,False,False
villager_female_child_rhun,{=aom_rh_villager_f_child}Village Child,Village Child,,Townsfolk,khuzait,Infantry,,,,,,,,,,,,,False,False
villager_female_teenager_rhun,{=aom_rh_villager_f_teen}Village Teenager,Village Teenager,,Townsfolk,khuzait,Infantry,,,,,,,,,,,,,False,False
merchant_rhun,{=aom_rh_merchant}Trader,Trader,,Merchant,khuzait,Infantry,,false,,,,,,,,,,,False,False
blacksmith_rhun,{=aom_rh_blacksmith}Blacksmith,Blacksmith,,Blacksmith,khuzait,Infantry,,false,,,,,,,,,,,False,False
weaponsmith_rhun,{=aom_rh_weaponsmith}Weaponsmith,Weaponsmith,,Weaponsmith,khuzait,Infantry,,false,,,,,,,,,,,False,False
armorer_rhun,{=aom_rh_armorer}Armorer,Armorer,,Armorer,khuzait,Infantry,,false,,,,,,,,,,,False,False
horseMerchant_rhun,{=aom_rh_horse_merchant}Horse Merchant,Horse Merchant,,HorseTrader,khuzait,Infantry,,false,,,,,,,,,,,False,False
tavernkeeper_rhun,{=aom_rh_tavernkeeper}Tavern Keeper,Tavern Keeper,,Tavernkeeper,khuzait,Infantry,,false,,,,,,,,,,,False,False
taverngamehost_rhun,{=aom_rh_gamehost}Game Host,Game Host,,TavernGameHost,khuzait,Infantry,,false,,,,,,,,,,,False,False
tavern_wench_rhun,{=aom_rh_tavern_wench}Tavern Wench,Tavern Wench,,TavernWench,khuzait,Infantry,,false,,,,,,,,,,,False,False
musician_rhun,{=aom_rh_musician}Musician,Musician,,Musician,khuzait,Infantry,,false,,,,,,,,,,,False,False
shop_worker_rhun,{=aom_rh_shop_worker}Shop Worker,Shop Worker,,ShopWorker,khuzait,Infantry,,false,,,,,,,,,,,False,False
barber_rhun,{=aom_rh_barber}Barber,Barber,,Townsfolk,khuzait,Infantry,,false,,,,,,,,,,,False,False
ransom_broker_rhun,{=aom_rh_ransom_broker}Ransom Broker,Ransom Broker,,RansomBroker,khuzait,Infantry,,false,,,,,,,,,,,False,False
gangleader_bodyguard_rhun,{=aom_rh_gang_bodyguard}Gang Bodyguard,Gang Bodyguard,16.0,Soldier,khuzait,Infantry,,false,,,,,,,,,,,False,True
beggar_rhun,{=aom_rh_beggar}Beggar,Beggar,,Townsfolk,khuzait,Infantry,,false,,,,,,,,,,,False,False
female_beggar_rhun,{=aom_rh_female_beggar}Beggar,Beggar,,Townsfolk,khuzait,Infantry,,false,,,,,,,,,,,False,False
female_dancer_rhun,{=aom_rh_dancer}Dancer,Dancer,,Townsfolk,khuzait,Infantry,,false,,,,,,,,,,,False,False
spc_notable_rhun_0,{=aom_rh_notable_0}Crafty eastern trader,Crafty eastern trader,,Merchant,khuzait,Infantry,,false,true,,,,,,,,,,False,False
spc_notable_rhun_0b,{=aom_rh_notable_0b}Easterling wine merchant,Easterling wine merchant,,Merchant,khuzait,Infantry,,false,true,,,,,,,,,,False,False
spc_notable_rhun_1,{=aom_rh_notable_1}Proud Easterling merchant,Proud Easterling merchant,,Merchant,khuzait,Infantry,,false,true,,,,,,,,,,False,False
spc_notable_rhun_1b,{=aom_rh_notable_1b}Cold Easterling trader,Cold Easterling trader,,Merchant,khuzait,Infantry,,false,true,,,,,,,,,,False,False
spc_notable_rhun_2,{=aom_rh_notable_2}Easterling fur dealer,Easterling fur dealer,,Merchant,khuzait,Infantry,,false,true,,,,,,,,,,False,False
spc_notable_rhun_2b,{=aom_rh_notable_2b}Cautious Easterling ore trader,Cautious Easterling ore trader,,Merchant,khuzait,Infantry,,false,true,,,,,,,,,,False,False
spc_notable_rhun_3,{=aom_rh_notable_3}Self-made Easterling merchant,Self-made Easterling merchant,,Merchant,khuzait,Infantry,,false,true,,,,,,,,,,False,False
spc_notable_rhun_3b,{=aom_rh_notable_3b}Jovial steppe merchant,Jovial steppe merchant,,Merchant,khuzait,Infantry,,false,true,,,,,,,,,,False,False
spc_notable_rhun_4,{=aom_rh_notable_4}Shrewd Easterling caravan master,Shrewd Easterling caravan master,,Merchant,khuzait,Infantry,,false,true,,,,,,,,,,False,False
spc_notable_rhun_4b,{=aom_rh_notable_4b}Devious Easterling merchant,Devious Easterling merchant,,Merchant,khuzait,Infantry,,false,true,,,,,,,,,,False,False
spc_notable_rhun_5,{=aom_rh_notable_5}Mystic steppe shaman,Mystic steppe shaman,,Preacher,khuzait,Infantry,,false,true,,,,,,,,,,False,False
spc_notable_rhun_6,{=aom_rh_notable_6}Stern Easterling elder,Stern Easterling elder,,Preacher,khuzait,Infantry,,false,true,,,,,,,,,,False,False
spc_notable_rhun_7,{=aom_rh_notable_7}Keeper of eastern traditions,Keeper of eastern traditions,,Preacher,khuzait,Infantry,,false,true,,,,,,,,,,False,False
spc_notable_rhun_8,{=aom_rh_notable_8}Skilled Easterling smith,Skilled Easterling smith,,Artisan,khuzait,Infantry,,false,true,,,,,,,,,,False,False
spc_notable_rhun_9,{=aom_rh_notable_9}Inventive Easterling craftsman,Inventive Easterling craftsman,,Artisan,khuzait,Infantry,,false,true,,,,,,,,,,False,False
spc_notable_rhun_gl1,{=aom_rh_notable_gl1}Fierce Easterling ringleader,Fierce Easterling ringleader,,GangLeader,khuzait,Infantry,,false,true,,,,,,,,,,False,False
spc_notable_rhun_10,{=aom_rh_notable_10}Ruthless Easterling smuggler,Ruthless Easterling smuggler,,GangLeader,khuzait,Infantry,,false,true,,,,,,,,,,False,False
spc_notable_rhun_11,{=aom_rh_notable_11}Intimidating steppe enforcer,Intimidating steppe enforcer,,GangLeader,khuzait,Infantry,,false,true,,,,,,,,,,False,False
spc_notable_rhun_gl4,{=aom_rh_notable_gl4}Bestial Easterling thug,Bestial Easterling thug,,GangLeader,khuzait,Infantry,,false,true,,,,,,,,,,False,False
spc_notable_rhun_12,{=aom_rh_notable_12}Cunning Easterling fence,Cunning Easterling fence,,GangLeader,khuzait,Infantry,,false,true,,,,,,,,,,False,False
spc_notable_rhun_13,{=aom_rh_notable_13}Menacing Easterling gang leader,Menacing Easterling gang leader,,GangLeader,khuzait,Infantry,,false,true,,,,,,,,,,False,False
spc_notable_rhun_21,{=aom_rh_notable_21}Weathered steppe landowner,Weathered steppe landowner,,RuralNotable,khuzait,Infantry,,false,true,,,,,,,,,,False,False
spc_notable_rhun_22,{=aom_rh_notable_22}Agreeable Easterling elder,Agreeable Easterling elder,,RuralNotable,khuzait,Infantry,,false,true,,,,,,,,,,False,False
spc_rhun_headman_1,{=aom_rh_headman_1}Bold Easterling headman,Bold Easterling headman,,Headman,khuzait,Infantry,,false,true,,,,,,,,,,False,False
spc_rhun_headman_2,{=aom_rh_headman_2}Conservative steppe headman,Conservative steppe headman,,Headman,khuzait,Infantry,,false,true,,,,,,,,,,False,False
spc_rhun_headman_3,{=aom_rh_headman_3}Devious Easterling headman,Devious Easterling headman,,Headman,khuzait,Infantry,,false,true,,,,,,,,,,False,False
gear_practice_dummy_rhun,{=aom_rh_practice_dummy}Practice Dummy,Practice Dummy,15.0,Soldier,khuzait,Infantry,,false,,,,,,,,,,,False,True
weapon_practice_stage_1_rhun,{=aom_rh_practice_1}Practice Fighter,Practice Fighter,15.0,Soldier,khuzait,Infantry,,false,,,,,,,,,,,False,True
weapon_practice_stage_2_rhun,{=aom_rh_practice_2}Practice Fighter,Practice Fighter,25.0,Soldier,khuzait,Infantry,,false,,,,,,,,,,,False,True
weapon_practice_stage_3_rhun,{=aom_rh_practice_3}Practice Fighter,Practice Fighter,35.0,Soldier,khuzait,Infantry,,false,,,,,,,,,,,False,True
gear_dummy_rhun,{=aom_rh_gear_dummy}Gear Dummy,Gear Dummy,15.0,Soldier,khuzait,Infantry,,false,,,,,,,,,,,False,True
tournament_master_rivendell,{=aom_rv_arena}Arena Master,Arena Master,,ArenaMaster,rivendell,Infantry,,false,,,,,,,,,,,False,False
villager_rivendell,{=aom_rv_villager}Villager,Villager,1.0,Villager,rivendell,Infantry,,,,,,,,,,,,imladris_recruit,True,False
caravan_master_rivendell,{=aom_rv_caravan_master}Rivendell Caravan Master,Rivendell Caravan Master,26.0,CaravanGuard,rivendell,Infantry,,,,120.0,,80.0,,,,,60.0,,False,False
armed_trader_rivendell,{=aom_rv_armed_trader}Rivendell Armed Trader,Rivendell Armed Trader,16.0,CaravanGuard,rivendell,Infantry,,,,80.0,,60.0,,,,,40.0,,False,False
caravan_guard_rivendell,{=aom_rv_caravan_guard}Rivendell Caravan Guard,Rivendell Caravan Guard,21.0,CaravanGuard,rivendell,Infantry,,,,100.0,,100.0,40.0,,,,50.0,,False,False
veteran_caravan_guard_rivendell,{=aom_rv_vet_caravan_guard}Rivendell Veteran Caravan Guard,Rivendell Veteran Caravan Guard,26.0,CaravanGuard,rivendell,Infantry,,,,130.0,,130.0,50.0,,,,60.0,,False,False
townsman_rivendell,{=aom_rv_townsman}Townsman,Townsman,,Townsfolk,rivendell,Infantry,,,,,,,,,,,,,False,False
townswoman_rivendell,{=aom_rv_townswoman}Townswoman,Townswoman,,Townsfolk,rivendell,Infantry,,,,,,,,,,,,,False,False
town_child_rivendell,{=aom_rv_town_child}Town Child,Town Child,,Townsfolk,rivendell,Infantry,,,,,,,,,,,,,False,False
town_teenager_rivendell,{=aom_rv_town_teen}Town Teenager,Town Teenager,,Townsfolk,rivendell,Infantry,,,,,,,,,,,,,False,False
village_woman_rivendell,{=aom_rv_village_woman}Village Woman,Village Woman,,Villager,rivendell,Infantry,,,,,,,,,,,,,False,False
village_child_rivendell,{=aom_rv_village_child}Village Child,Village Child,,Villager,rivendell,Infantry,,,,,,,,,,,,,False,False
village_teenager_rivendell,{=aom_rv_village_teen}Village Teenager,Village Teenager,,Villager,rivendell,Infantry,,,,,,,,,,,,,False,False
merchant_rivendell,{=aom_rv_merchant}Trader,Trader,,GoodsTrader,rivendell,Infantry,,false,,,,,,,,,,,False,False
blacksmith_rivendell,{=aom_rv_blacksmith}Blacksmith,Blacksmith,,Blacksmith,rivendell,Infantry,,false,,,,,,,,,,,False,False
weaponsmith_rivendell,{=aom_rv_weaponsmith}Weaponsmith,Weaponsmith,,Weaponsmith,rivendell,Infantry,,false,,,,,,,,,,,False,False
armorer_rivendell,{=aom_rv_armorer}Armorer,Armorer,,Armorer,rivendell,Infantry,,false,,,,,,,,,,,False,False
horseMerchant_rivendell,{=aom_rv_horse_merchant}Horse Merchant,Horse Merchant,,HorseTrader,rivendell,Infantry,,false,,,,,,,,,,,False,False
tavernkeeper_rivendell,{=aom_rv_tavernkeeper}Tavern Keeper,Tavern Keeper,,Tavernkeeper,rivendell,Infantry,,false,,,,,,,,,,,False,False
taverngamehost_rivendell,{=aom_rv_gamehost}Game Host,Game Host,,TavernGameHost,rivendell,Infantry,,false,,,,,,,,,,,False,False
tavern_wench_rivendell,{=aom_rv_tavern_wench}Tavern Wench,Tavern Wench,,TavernWench,rivendell,Infantry,,false,,,,,,,,,,,False,False
musician_rivendell,{=aom_rv_musician}Musician,Musician,,Musician,rivendell,Infantry,,false,,,,,,,,,,,False,False
shop_worker_rivendell,{=aom_rv_shop_worker}Shop Worker,Shop Worker,,ShopWorker,rivendell,Infantry,,false,,,,,,,,,,,False,False
barber_rivendell,{=aom_rv_barber}Barber,Barber,,Townsfolk,rivendell,Infantry,,false,,,,,,,,,,,False,False
ransom_broker_rivendell,{=aom_rv_ransom_broker}Ransom Broker,Ransom Broker,,RansomBroker,rivendell,Infantry,,false,,,,,,,,,,,False,False
prison_guard_rivendell,{=aom_rv_prison_guard}Prison Guard,Prison Guard,4.0,PrisonGuard,rivendell,Infantry,,,,50.0,50.0,50.0,,,,,,,False,False
guard_rivendell,{=aom_rv_guard}Guard,Guard,16.0,Soldier,rivendell,Infantry,,,,80.0,,80.0,,,,,50.0,,False,True
gangleader_bodyguard_rivendell,{=aom_rv_gang_bodyguard}Gang Bodyguard,Gang Bodyguard,16.0,Townsfolk,rivendell,Infantry,,false,,,,,,,,,,,False,False
beggar_rivendell,{=aom_rv_beggar}Beggar,Beggar,,Townsfolk,rivendell,Infantry,,false,,,,,,,,,,,False,False
female_beggar_rivendell,{=aom_rv_female_beggar}Beggar,Beggar,,Townsfolk,rivendell,Infantry,,false,,,,,,,,,,,False,False
female_dancer_rivendell,{=aom_rv_dancer}Dancer,Dancer,,Townsfolk,rivendell,Infantry,,false,,,,,,,,,,,False,False
spc_notable_rivendell_0,{=aom_rv_notable_0}Cautious elven merchant,Cautious elven merchant,,Merchant,rivendell,Infantry,,false,true,,,,,,,,,,False,False
spc_notable_rivendell_0b,{=aom_rv_notable_0b}Elven vintner,Elven vintner,,Merchant,rivendell,Infantry,,false,true,,,,,,,,,,False,False
spc_notable_rivendell_1,{=aom_rv_notable_1}Stern elven trader,Stern elven trader,,Merchant,rivendell,Infantry,,false,true,,,,,,,,,,False,False
spc_notable_rivendell_1b,{=aom_rv_notable_1b}Aloof elven merchant,Aloof elven merchant,,Merchant,rivendell,Infantry,,false,true,,,,,,,,,,False,False
spc_notable_rivendell_2,{=aom_rv_notable_2}Elven gem dealer,Elven gem dealer,,Merchant,rivendell,Infantry,,false,true,,,,,,,,,,False,False
spc_notable_rivendell_2b,{=aom_rv_notable_2b}Wise elven merchant,Wise elven merchant,,Merchant,rivendell,Infantry,,false,true,,,,,,,,,,False,False
spc_notable_rivendell_3,{=aom_rv_notable_3}Self-made elven merchant,Self-made elven merchant,,Merchant,rivendell,Infantry,,false,true,,,,,,,,,,False,False
spc_notable_rivendell_3b,{=aom_rv_notable_3b}Elven lorekeeper of trade,Elven lorekeeper of trade,,Merchant,rivendell,Infantry,,false,true,,,,,,,,,,False,False
spc_notable_rivendell_4,{=aom_rv_notable_4}Shrewd elven merchant,Shrewd elven merchant,,Merchant,rivendell,Infantry,,false,true,,,,,,,,,,False,False
spc_notable_rivendell_4b,{=aom_rv_notable_4b}Devious elven merchant,Devious elven merchant,,Merchant,rivendell,Infantry,,false,true,,,,,,,,,,False,False
spc_notable_rivendell_5,{=aom_rv_notable_5}Zealous elven loremaster,Zealous elven loremaster,,Preacher,rivendell,Infantry,,false,true,,,,,,,,,,False,False
spc_notable_rivendell_6,{=aom_rv_notable_6}Stern elven elder,Stern elven elder,,Preacher,rivendell,Infantry,,false,true,,,,,,,,,,False,False
spc_notable_rivendell_7,{=aom_rv_notable_7}Elven keeper of traditions,Elven keeper of traditions,,Preacher,rivendell,Infantry,,false,true,,,,,,,,,,False,False
spc_notable_rivendell_8,{=aom_rv_notable_8}Meticulous elven smith,Meticulous elven smith,,Artisan,rivendell,Infantry,,false,true,,,,,,,,,,False,False
spc_notable_rivendell_9,{=aom_rv_notable_9}Gifted elven craftsman,Gifted elven craftsman,,Artisan,rivendell,Infantry,,false,true,,,,,,,,,,False,False
spc_notable_rivendell_gl1,{=aom_rv_notable_gl1}Protective elven ringleader,Protective elven ringleader,,GangLeader,rivendell,Infantry,,false,true,,,,,,,,,,False,False
spc_notable_rivendell_10,{=aom_rv_notable_10}Sardonic elven outlaw,Sardonic elven outlaw,,GangLeader,rivendell,Infantry,,false,true,,,,,,,,,,False,False
spc_notable_rivendell_11,{=aom_rv_notable_11}Intimidating elven enforcer,Intimidating elven enforcer,,GangLeader,rivendell,Infantry,,false,true,,,,,,,,,,False,False
spc_notable_rivendell_gl4,{=aom_rv_notable_gl4}Ruthless elven exile,Ruthless elven exile,,GangLeader,rivendell,Infantry,,false,true,,,,,,,,,,False,False
spc_notable_rivendell_12,{=aom_rv_notable_12}Cunning elven smuggler,Cunning elven smuggler,,GangLeader,rivendell,Infantry,,false,true,,,,,,,,,,False,False
spc_notable_rivendell_13,{=aom_rv_notable_13}Menacing elven schemer,Menacing elven schemer,,GangLeader,rivendell,Infantry,,false,true,,,,,,,,,,False,False
spc_notable_rivendell_21,{=aom_rv_notable_21}Stern elven landowner,Stern elven landowner,,RuralNotable,rivendell,Infantry,,false,true,,,,,,,,,,False,False
spc_notable_rivendell_22,{=aom_rv_notable_22}Agreeable elven elder,Agreeable elven elder,,RuralNotable,rivendell,Infantry,,false,true,,,,,,,,,,False,False
spc_rivendell_headman_1,{=aom_rv_headman_1}Rebellious elven headman,Rebellious elven headman,,Headman,rivendell,Infantry,,false,true,,,,,,,,,,False,False
spc_rivendell_headman_2,{=aom_rv_headman_2}Conservative elven headman,Conservative elven headman,,Headman,rivendell,Infantry,,false,true,,,,,,,,,,False,False
spc_rivendell_headman_3,{=aom_rv_headman_3}Devious elven headman,Devious elven headman,,Headman,rivendell,Infantry,,false,true,,,,,,,,,,False,False
gear_practice_dummy_rivendell,{=aom_rv_practice_dummy}Practice Dummy,Practice Dummy,,Townsfolk,rivendell,Infantry,,,,,,,,,,,,,False,False
weapon_practice_stage_1_rivendell,{=aom_rv_practice_1}Practice Fighter,Practice Fighter,,Townsfolk,rivendell,Infantry,,,,,,,,,,,,,False,False
weapon_practice_stage_2_rivendell,{=aom_rv_practice_2}Practice Fighter,Practice Fighter,,Townsfolk,rivendell,Infantry,,,,,,,,,,,,,False,False
weapon_practice_stage_3_rivendell,{=aom_rv_practice_3}Practice Fighter,Practice Fighter,,Townsfolk,rivendell,Infantry,,,,,,,,,,,,,False,False
gear_dummy_rivendell,{=aom_rv_gear_dummy}Gear Dummy,Gear Dummy,,Townsfolk,rivendell,Infantry,,,,,,,,,,,,,False,False
townsman_infant_rivendell,{=aom_rv_townsman_infant}Townsman,Townsman,,Townsfolk,rivendell,Infantry,,,,,,,,,,,,,False,False
townsman_child_rivendell,{=aom_rv_townsman_child}Townsman,Townsman,,Townsfolk,rivendell,Infantry,,,,,,,,,,,,,False,False
townsman_teenager_rivendell,{=aom_rv_townsman_teen}Townsman,Townsman,,Townsfolk,rivendell,Infantry,,,,,,,,,,,,,False,False
townswoman_infant_rivendell,{=aom_rv_townswoman_infant}Townswoman,Townswoman,,Townsfolk,rivendell,Infantry,,,,,,,,,,,,,False,False
townswoman_child_rivendell,{=aom_rv_townswoman_child}Townswoman,Townswoman,,Townsfolk,rivendell,Infantry,,,,,,,,,,,,,False,False
townswoman_teenager_rivendell,{=aom_rv_townswoman_teen}Townswoman,Townswoman,,Townsfolk,rivendell,Infantry,,,,,,,,,,,,,False,False
village_woman_child_rivendell,{=aom_rv_village_woman_child}Village Child,Village Child,,Townsfolk,rivendell,Infantry,,,,,,,,,,,,,False,False
village_woman_teenager_rivendell,{=aom_rv_village_woman_teen}Village Teenager,Village Teenager,,Townsfolk,rivendell,Infantry,,,,,,,,,,,,,False,False
villager_child_rivendell,{=aom_rv_villager_child}Village Child,Village Child,,Townsfolk,rivendell,Infantry,,,,,,,,,,,,,False,False
villager_teenager_rivendell,{=aom_rv_villager_teen}Village Teenager,Village Teenager,,Townsfolk,rivendell,Infantry,,,,,,,,,,,,,False,False
townsman_rohan,{=aom_roh_townsman}Townsman,Townsman,,Townsfolk,vlandia,Infantry,,,,,,,,,,,,,False,False
townswoman_rohan,{=aom_roh_townswoman}Townswoman,Townswoman,,Townsfolk,vlandia,Infantry,,,,,,,,,,,,,False,False
townsman_infant_rohan,{=aom_roh_townsman_infant}Townsman,Townsman,,Townsfolk,vlandia,Infantry,,,,,,,,,,,,,False,False
townswoman_infant_rohan,{=aom_roh_townswoman_infant}Townswoman,Townswoman,,Townsfolk,vlandia,Infantry,,,,,,,,,,,,,False,False
townsman_child_rohan,{=aom_roh_townsman_child}Townsman,Townsman,,Townsfolk,vlandia,Infantry,,,,,,,,,,,,,False,False
townswoman_child_rohan,{=aom_roh_townswoman_child}Townswoman,Townswoman,,Townsfolk,vlandia,Infantry,,,,,,,,,,,,,False,False
townsman_teenager_rohan,{=aom_roh_townsman_teen}Townsman,Townsman,,Townsfolk,vlandia,Infantry,,,,,,,,,,,,,False,False
townswoman_teenager_rohan,{=aom_roh_townswoman_teen}Townswoman,Townswoman,,Townsfolk,vlandia,Infantry,,,,,,,,,,,,,False,False
villager_rohan,{=aom_roh_villager}Villager,Villager,,Villager,vlandia,Infantry,,,,,,,,,,,,rohan_edoras_recruit,True,False
village_woman_rohan,{=aom_roh_village_woman}Village Woman,Village Woman,,Villager,vlandia,Infantry,,,,,,,,,,,,,False,False
villager_child_rohan,{=aom_roh_villager_child}Villager,Villager,,Villager,vlandia,Infantry,,,,,,,,,,,,,False,False
village_woman_child_rohan,{=aom_roh_village_woman_child}Village Girl,Village Girl,,Villager,vlandia,Infantry,,,,,,,,,,,,,False,False
villager_teenager_rohan,{=aom_roh_villager_teen}Villager,Villager,,Villager,vlandia,Infantry,,,,,,,,,,,,,False,False
village_woman_teenager_rohan,{=aom_roh_village_woman_teen}Village Girl,Village Girl,,Villager,vlandia,Infantry,,,,,,,,,,,,,False,False
merchant_rohan,{=aom_roh_merchant}Merchant,Merchant,,GoodsTrader,vlandia,Infantry,,,,,,,,,,,,,False,False
blacksmith_rohan,{=aom_roh_blacksmith}Blacksmith,Blacksmith,,Blacksmith,vlandia,Infantry,,,,,,,,,,,,,False,False
weaponsmith_rohan,{=aom_roh_weaponsmith}Weaponsmith,Weaponsmith,,Weaponsmith,vlandia,Infantry,,,,,,,,,,,,,False,False
armorer_rohan,{=aom_roh_armorer}Armorer,Armorer,,Armorer,vlandia,Infantry,,,,,,,,,,,,,False,False
horseMerchant_rohan,{=aom_roh_horse_merchant}Horse Trader,Horse Trader,,HorseTrader,vlandia,Infantry,,,,,,,,,,,,,False,False
tavernkeeper_rohan,{=aom_roh_tavernkeeper}Tavernkeeper,Tavernkeeper,,Tavernkeeper,vlandia,Infantry,,,,,,,,,,,,,False,False
taverngamehost_rohan,{=aom_roh_taverngamehost}Tavern Game Host,Tavern Game Host,,TavernGameHost,vlandia,Infantry,,,,,,,,,,,,,False,False
tavern_wench_rohan,{=aom_roh_tavern_wench}Tavern Maid,Tavern Maid,,TavernWench,vlandia,Infantry,,,,,,,,,,,,,False,False
musician_rohan,{=aom_roh_musician}Musician,Musician,,Musician,vlandia,Infantry,,,,,,,,,,,,,False,False
tournament_master_rohan,{=aom_roh_tournament_master}Tournament Master,Tournament Master,,ArenaMaster,vlandia,Infantry,,,,,,,,,,,,,False,False
shop_worker_rohan,{=aom_roh_shop_worker}Shop Worker,Shop Worker,,ShopWorker,vlandia,Infantry,,,,,,,,,,,,,False,False
prison_guard_rohan,{=aom_roh_prison_guard}Prison Guard,Prison Guard,,PrisonGuard,vlandia,Infantry,,,,,,,,,,,,,False,False
guard_rohan,{=aom_roh_guard}Guard,Guard,,Soldier,vlandia,Infantry,,,,,,,,,,,,,False,True
armed_trader_rohan,{=aom_roh_armed_trader}Armed Trader,Armed Trader,,CaravanGuard,vlandia,Infantry,,,,,,,,,,,,,False,False
caravan_master_rohan,{=aom_roh_caravan_master}Caravan Master,Caravan Master,,CaravanGuard,vlandia,Infantry,,,,,,,,,,,,,False,False
caravan_guard_rohan,{=aom_roh_caravan_guard}Caravan Guard,Caravan Guard,,CaravanGuard,vlandia,Infantry,,,,,,,,,,,,,False,False
veteran_caravan_guard_rohan,{=aom_roh_vet_caravan_guard}Veteran Caravan Guard,Veteran Caravan Guard,,CaravanGuard,vlandia,Infantry,,,,,,,,,,,,,False,False
ransom_broker_rohan,{=aom_roh_ransom_broker}Ransom Broker,Ransom Broker,,Townsfolk,vlandia,Infantry,,,,,,,,,,,,,False,False
gangleader_bodyguard_rohan,{=aom_roh_gangleader_bg}Bodyguard,Bodyguard,,Townsfolk,vlandia,Infantry,,,,,,,,,,,,,False,False
spc_notable_rohan_0,{=aom_roh_notable_0}Cautious Riddermark trader,Cautious Riddermark trader,,Merchant,vlandia,Infantry,,false,true,,,,,,,,,,False,False
spc_notable_rohan_0b,{=aom_roh_notable_0b}Rohirric vintner,Rohirric vintner,,Merchant,vlandia,Infantry,,false,true,,,,,,,,,,False,False
spc_notable_rohan_1,{=aom_roh_notable_1}Proud horse-lord merchant,Proud horse-lord merchant,,Merchant,vlandia,Infantry,,false,true,,,,,,,,,,False,False
spc_notable_rohan_1b,{=aom_roh_notable_1b}Cold Rohirric dealer,Cold Rohirric dealer,,Merchant,vlandia,Infantry,,false,true,,,,,,,,,,False,False
spc_notable_rohan_2,{=aom_roh_notable_2}Quiet Riddermark provisioner,Quiet Riddermark provisioner,,Merchant,vlandia,Infantry,,false,true,,,,,,,,,,False,False
spc_notable_rohan_2b,{=aom_roh_notable_2b}Cautious Rohirric grain trader,Cautious Rohirric grain trader,,Merchant,vlandia,Infantry,,false,true,,,,,,,,,,False,False
spc_notable_rohan_3,{=aom_roh_notable_3}Self-made Rohirric merchant,Self-made Rohirric merchant,,Merchant,vlandia,Infantry,,false,true,,,,,,,,,,False,False
spc_notable_rohan_3b,{=aom_roh_notable_3b}Jovial Riddermark merchant,Jovial Riddermark merchant,,Merchant,vlandia,Infantry,,false,true,,,,,,,,,,False,False
spc_notable_rohan_4,{=aom_roh_notable_4}Shrewd Rohirric trader,Shrewd Rohirric trader,,Merchant,vlandia,Infantry,,false,true,,,,,,,,,,False,False
spc_notable_rohan_4b,{=aom_roh_notable_4b}Devious horse-lord merchant,Devious horse-lord merchant,,Merchant,vlandia,Infantry,,false,true,,,,,,,,,,False,False
spc_notable_rohan_5,{=aom_roh_notable_5}Devout Rohirric elder,Devout Rohirric elder,,Preacher,vlandia,Infantry,,false,true,,,,,,,,,,False,False
spc_notable_rohan_6,{=aom_roh_notable_6}Stern Riddermark wise-man,Stern Riddermark wise-man,,Preacher,vlandia,Infantry,,false,true,,,,,,,,,,False,False
spc_notable_rohan_7,{=aom_roh_notable_7}Keeper of Rohirric traditions,Keeper of Rohirric traditions,,Preacher,vlandia,Infantry,,false,true,,,,,,,,,,False,False
spc_notable_rohan_8,{=aom_roh_notable_8}Skilled Rohirric smith,Skilled Rohirric smith,,Artisan,vlandia,Infantry,,false,true,,,,,,,,,,False,False
spc_notable_rohan_9,{=aom_roh_notable_9}Gifted Riddermark craftsman,Gifted Riddermark craftsman,,Artisan,vlandia,Infantry,,false,true,,,,,,,,,,False,False
spc_notable_rohan_gl1,{=aom_roh_notable_gl1}Bold Riddermark ringleader,Bold Riddermark ringleader,,GangLeader,vlandia,Infantry,,false,true,,,,,,,,,,False,False
spc_notable_rohan_10,{=aom_roh_notable_10}Mocking Rohirric gang boss,Mocking Rohirric gang boss,,GangLeader,vlandia,Infantry,,false,true,,,,,,,,,,False,False
spc_notable_rohan_11,{=aom_roh_notable_11}Brutal Riddermark enforcer,Brutal Riddermark enforcer,,GangLeader,vlandia,Infantry,,false,true,,,,,,,,,,False,False
spc_notable_rohan_gl4,{=aom_roh_notable_gl4}Savage horse-lord thug,Savage horse-lord thug,,GangLeader,vlandia,Infantry,,false,true,,,,,,,,,,False,False
spc_notable_rohan_12,{=aom_roh_notable_12}Sly Rohirric smuggler,Sly Rohirric smuggler,,GangLeader,vlandia,Infantry,,false,true,,,,,,,,,,False,False
spc_notable_rohan_13,{=aom_roh_notable_13}Menacing Riddermark gang leader,Menacing Riddermark gang leader,,GangLeader,vlandia,Infantry,,false,true,,,,,,,,,,False,False
spc_notable_rohan_21,{=aom_roh_notable_21}Weathered Rohirric landowner,Weathered Rohirric landowner,,RuralNotable,vlandia,Infantry,,false,true,,,,,,,,,,False,False
spc_notable_rohan_22,{=aom_roh_notable_22}Respected Riddermark elder,Respected Riddermark elder,,RuralNotable,vlandia,Infantry,,false,true,,,,,,,,,,False,False
spc_rohan_headman_1,{=aom_roh_headman_1}Steadfast Rohirric headman,Steadfast Rohirric headman,,Headman,vlandia,Infantry,,false,true,,,,,,,,,,False,False
spc_rohan_headman_2,{=aom_roh_headman_2}Cautious Riddermark headman,Cautious Riddermark headman,,Headman,vlandia,Infantry,,false,true,,,,,,,,,,False,False
spc_rohan_headman_3,{=aom_roh_headman_3}Cunning horse-lord headman,Cunning horse-lord headman,,Headman,vlandia,Infantry,,false,true,,,,,,,,,,False,False
barber_rohan,{=aom_roh_barber}Barber,Barber,,Townsfolk,vlandia,Infantry,,,,,,,,,,,,,False,False
beggar_rohan,{=aom_roh_beggar}Beggar,Beggar,,Townsfolk,vlandia,Infantry,,,,,,,,,,,,,False,False
female_beggar_rohan,{=aom_roh_female_beggar}Beggar,Beggar,,Townsfolk,vlandia,Infantry,,,,,,,,,,,,,False,False
female_dancer_rohan,{=aom_roh_female_dancer}Dancer,Dancer,,Townsfolk,vlandia,Infantry,,,,,,,,,,,,,False,False
gear_practice_dummy_rohan,{=aom_roh_gear_practice_dummy}Gear Practice Dummy,Gear Practice Dummy,15.0,Soldier,vlandia,Infantry,,,,,,,,,,,,,False,True
weapon_practice_stage_1_rohan,{=aom_roh_wpractice_1}Weapon Practice Dummy Stage 1,Weapon Practice Dummy Stage 1,15.0,Soldier,vlandia,Infantry,,,,,,,,,,,,,False,True
weapon_practice_stage_2_rohan,{=aom_roh_wpractice_2}Weapon Practice Dummy Stage 2,Weapon Practice Dummy Stage 2,25.0,Soldier,vlandia,Infantry,,,,,,,,,,,,,False,True
weapon_practice_stage_3_rohan,{=aom_roh_wpractice_3}Weapon Practice Dummy Stage 3,Weapon Practice Dummy Stage 3,35.0,Soldier,vlandia,Infantry,,,,,,,,,,,,,False,True
gear_dummy_rohan,{=aom_roh_gear_dummy}Gear Dummy,Gear Dummy,15.0,Soldier,vlandia,Infantry,,,,,,,,,,,,,False,True
spc_notable_shaghana_0,{=aom_sh_notable_0}Shrewd Shaghâna trader,Shrewd Shaghâna trader,,Merchant,shaghana,Infantry,,false,true,,,,,,,,,,False,False
spc_notable_shaghana_0b,{=aom_sh_notable_0b}Shaghâna spice dealer,Shaghâna spice dealer,,Merchant,shaghana,Infantry,,false,true,,,,,,,,,,False,False
spc_notable_shaghana_1,{=aom_sh_notable_1}Shaghâna caravan owner,Shaghâna caravan owner,,Merchant,shaghana,Infantry,,false,true,,,,,,,,,,False,False
spc_notable_shaghana_1b,{=aom_sh_notable_1b}Eastern steppes merchant,Eastern steppes merchant,,Merchant,shaghana,Infantry,,false,true,,,,,,,,,,False,False
spc_notable_shaghana_2,{=aom_sh_notable_2}Shaghâna silk trader,Shaghâna silk trader,,Merchant,shaghana,Infantry,,false,true,,,,,,,,,,False,False
spc_notable_shaghana_2b,{=aom_sh_notable_2b}Harad steppe trader,Harad steppe trader,,Merchant,shaghana,Infantry,,false,true,,,,,,,,,,False,False
spc_notable_shaghana_3,{=aom_sh_notable_3}Shaghâna money-changer,Shaghâna money-changer,,Merchant,shaghana,Infantry,,false,true,,,,,,,,,,False,False
spc_notable_shaghana_3b,{=aom_sh_notable_3b}Eastern goods broker,Eastern goods broker,,Merchant,shaghana,Infantry,,false,true,,,,,,,,,,False,False
spc_notable_shaghana_4,{=aom_sh_notable_4}Shaghâna bazaar master,Shaghâna bazaar master,,Merchant,shaghana,Infantry,,false,true,,,,,,,,,,False,False
spc_notable_shaghana_4b,{=aom_sh_notable_4b}Devious Shaghâna merchant,Devious Shaghâna merchant,,Merchant,shaghana,Infantry,,false,true,,,,,,,,,,False,False
spc_notable_shaghana_5,{=aom_sh_notable_5}Shaghâna sun-priest,Shaghâna sun-priest,,Preacher,shaghana,Infantry,,false,true,,,,,,,,,,False,False
spc_notable_shaghana_6,{=aom_sh_notable_6}Shaghâna tribal elder,Shaghâna tribal elder,,Preacher,shaghana,Infantry,,false,true,,,,,,,,,,False,False
spc_notable_shaghana_7,{=aom_sh_notable_7}Keeper of Shaghâna traditions,Keeper of Shaghâna traditions,,Preacher,shaghana,Infantry,,false,true,,,,,,,,,,False,False
spc_notable_shaghana_8,{=aom_sh_notable_8}Shaghâna metalworker,Shaghâna metalworker,,Artisan,shaghana,Infantry,,false,true,,,,,,,,,,False,False
spc_notable_shaghana_9,{=aom_sh_notable_9}Shaghâna weapon-crafter,Shaghâna weapon-crafter,,Artisan,shaghana,Infantry,,false,true,,,,,,,,,,False,False
spc_notable_shaghana_gl1,{=aom_sh_notable_gl1}Shaghâna enforcer,Shaghâna enforcer,,GangLeader,shaghana,Infantry,,false,true,,,,,,,,,,False,False
spc_notable_shaghana_10,{=aom_sh_notable_10}Shaghâna crime lord,Shaghâna crime lord,,GangLeader,shaghana,Infantry,,false,true,,,,,,,,,,False,False
spc_notable_shaghana_11,{=aom_sh_notable_11}Shaghâna raiders' boss,Shaghâna raiders' boss,,GangLeader,shaghana,Infantry,,false,true,,,,,,,,,,False,False
spc_notable_shaghana_gl4,{=aom_sh_notable_gl4}Shaghâna gang chieftain,Shaghâna gang chieftain,,GangLeader,shaghana,Infantry,,false,true,,,,,,,,,,False,False
spc_notable_shaghana_12,{=aom_sh_notable_12}Shaghâna street boss,Shaghâna street boss,,GangLeader,shaghana,Infantry,,false,true,,,,,,,,,,False,False
spc_notable_shaghana_13,{=aom_sh_notable_13}Shaghâna black-market dealer,Shaghâna black-market dealer,,GangLeader,shaghana,Infantry,,false,true,,,,,,,,,,False,False
spc_notable_shaghana_21,{=aom_sh_notable_21}Shaghâna landowner,Shaghâna landowner,,RuralNotable,shaghana,Infantry,,false,true,,,,,,,,,,False,False
spc_notable_shaghana_22,{=aom_sh_notable_22}Shaghâna herd master,Shaghâna herd master,,RuralNotable,shaghana,Infantry,,false,true,,,,,,,,,,False,False
spc_shaghana_headman_1,{=aom_sh_headman_1}Shaghâna village headman,Shaghâna village headman,,Headman,shaghana,Infantry,,false,true,,,,,,,,,,False,False
spc_shaghana_headman_2,{=aom_sh_headman_2}Shaghâna elder headman,Shaghâna elder headman,,Headman,shaghana,Infantry,,false,true,,,,,,,,,,False,False
spc_shaghana_headman_3,{=aom_sh_headman_3}Shaghâna village elder,Shaghâna village elder,,Headman,shaghana,Infantry,,false,true,,,,,,,,,,False,False
spc_notable_umbar_0,{=aom_um_notable_0}Cunning corsair merchant,Cunning corsair merchant,,Merchant,umbar,Infantry,,false,true,,,,,,,,,,False,False
spc_notable_umbar_0b,{=aom_um_notable_0b}Umbar harbor provisioner,Umbar harbor provisioner,,Merchant,umbar,Infantry,,false,true,,,,,,,,,,False,False
spc_notable_umbar_1,{=aom_um_notable_1}Ruthless corsair smuggler,Ruthless corsair smuggler,,Merchant,umbar,Infantry,,false,true,,,,,,,,,,False,False
spc_notable_umbar_1b,{=aom_um_notable_1b}Cold-eyed Umbar trader,Cold-eyed Umbar trader,,Merchant,umbar,Infantry,,false,true,,,,,,,,,,False,False
spc_notable_umbar_2,{=aom_um_notable_2}Umbar spice dealer,Umbar spice dealer,,Merchant,umbar,Infantry,,false,true,,,,,,,,,,False,False
spc_notable_umbar_2b,{=aom_um_notable_2b}Cautious Umbar supply runner,Cautious Umbar supply runner,,Merchant,umbar,Infantry,,false,true,,,,,,,,,,False,False
spc_notable_umbar_3,{=aom_um_notable_3}Self-made corsair trader,Self-made corsair trader,,Merchant,umbar,Infantry,,false,true,,,,,,,,,,False,False
spc_notable_umbar_3b,{=aom_um_notable_3b}Scheming Umbar merchant,Scheming Umbar merchant,,Merchant,umbar,Infantry,,false,true,,,,,,,,,,False,False
spc_notable_umbar_4,{=aom_um_notable_4}Shrewd Umbar harbor master,Shrewd Umbar harbor master,,Merchant,umbar,Infantry,,false,true,,,,,,,,,,False,False
spc_notable_umbar_4b,{=aom_um_notable_4b}Devious corsair black marketeer,Devious corsair black marketeer,,Merchant,umbar,Infantry,,false,true,,,,,,,,,,False,False
spc_notable_umbar_5,{=aom_um_notable_5}Black Ship captain-priest,Black Ship captain-priest,,Preacher,umbar,Infantry,,false,true,,,,,,,,,,False,False
spc_notable_umbar_6,{=aom_um_notable_6}Stern Umbar sea-priest,Stern Umbar sea-priest,,Preacher,umbar,Infantry,,false,true,,,,,,,,,,False,False
spc_notable_umbar_7,{=aom_um_notable_7}Keeper of corsair traditions,Keeper of corsair traditions,,Preacher,umbar,Infantry,,false,true,,,,,,,,,,False,False
spc_notable_umbar_8,{=aom_um_notable_8}Gruff Umbar shipwright,Gruff Umbar shipwright,,Artisan,umbar,Infantry,,false,true,,,,,,,,,,False,False
spc_notable_umbar_9,{=aom_um_notable_9}Corsair rope-master,Corsair rope-master,,Artisan,umbar,Infantry,,false,true,,,,,,,,,,False,False
spc_notable_umbar_gl1,{=aom_um_notable_gl1}Black Ship captain,Black Ship captain,,GangLeader,umbar,Infantry,,false,true,,,,,,,,,,False,False
spc_notable_umbar_10,{=aom_um_notable_10}Corsair dock boss,Corsair dock boss,,GangLeader,umbar,Infantry,,false,true,,,,,,,,,,False,False
spc_notable_umbar_11,{=aom_um_notable_11}Intimidating corsair enforcer,Intimidating corsair enforcer,,GangLeader,umbar,Infantry,,false,true,,,,,,,,,,False,False
spc_notable_umbar_gl4,{=aom_um_notable_gl4}Bestial Umbar thug,Bestial Umbar thug,,GangLeader,umbar,Infantry,,false,true,,,,,,,,,,False,False
spc_notable_umbar_12,{=aom_um_notable_12}Cunning corsair smuggler,Cunning corsair smuggler,,GangLeader,umbar,Infantry,,false,true,,,,,,,,,,False,False
spc_notable_umbar_13,{=aom_um_notable_13}Menacing corsair warlord,Menacing corsair warlord,,GangLeader,umbar,Infantry,,false,true,,,,,,,,,,False,False
spc_notable_umbar_21,{=aom_um_notable_21}Gruff Umbar landowner,Gruff Umbar landowner,,RuralNotable,umbar,Infantry,,false,true,,,,,,,,,,False,False
spc_notable_umbar_22,{=aom_um_notable_22}Agreeable Umbar elder,Agreeable Umbar elder,,RuralNotable,umbar,Infantry,,false,true,,,,,,,,,,False,False
spc_umbar_headman_1,{=aom_um_headman_1}Rebellious Umbar headman,Rebellious Umbar headman,,Headman,umbar,Infantry,,false,true,,,,,,,,,,False,False
spc_umbar_headman_2,{=aom_um_headman_2}Conservative Umbar headman,Conservative Umbar headman,,Headman,umbar,Infantry,,false,true,,,,,,,,,,False,False
spc_umbar_headman_3,{=aom_um_headman_3}Devious Umbar headman,Devious Umbar headman,,Headman,umbar,Infantry,,false,true,,,,,,,,,,False,False
taom_spider_creature,{=taom_spider_creature_name}Spider Rider,Spider Rider,20.0,Soldier,dolguldur,Cavalry,false,false,,100.0,,80.0,,,,100.0,80.0,,False,True
named_companion_aragorn,{=nc_aragorn_name}Aragorn,Aragorn,,Wanderer,gondor,Infantry,,true,,300.0,290.0,280.0,220.0,150.0,180.0,270.0,240.0,,False,False
named_companion_legolas,{=nc_legolas_name}Legolas,Legolas,,Wanderer,mirkwood,Ranged,,true,,200.0,180.0,150.0,300.0,100.0,200.0,200.0,250.0,,False,False
named_companion_gimli,{=nc_gimli_name}Gimli,Gimli,,Wanderer,erebor,Infantry,,true,,200.0,280.0,200.0,50.0,50.0,50.0,0.0,220.0,,False,False
named_companion_swan,"{=nc_swan_name}Swan, the Cartographer","Swan, the Cartographer",,Wanderer,gondor,Cavalry,,true,,150.0,210.0,230.0,220.0,150.0,180.0,270.0,180.0,,False,False
named_companion_rcmcplayz,"{=nc_rcmcplayz_name}Rukumazig-khamîz, the Smith","Rukumazig-khamîz, the Smith",,Wanderer,erebor,Infantry,,true,,200.0,180.0,200.0,50.0,50.0,50.0,0.0,220.0,,False,False
named_companion_leovsilva,"{=nc_leovsilva_name}Leovlas, of the Silvans","Leovlas, of the Silvans",,Wanderer,mirkwood,Ranged,,true,,200.0,180.0,150.0,300.0,100.0,200.0,200.0,250.0,,False,False
named_companion_yotthani,{=nc_yotthani_name}Thanor,Thanor,,Wanderer,erebor,Infantry,,true,,200.0,280.0,200.0,50.0,50.0,50.0,0.0,220.0,,False,False
named_companion_whitegoat,"{=nc_whitegoat_name}Whitegoat, the Pathfinder","Whitegoat, the Pathfinder",,Wanderer,erebor,Infantry,,true,,100.0,180.0,100.0,50.0,50.0,50.0,0.0,220.0,,False,False
named_companion_igor,"{=nc_igor_name}Igor Fahlun, the Lost","Igor Fahlun, the Lost",,Wanderer,aserai,Cavalry,,true,,200.0,190.0,180.0,120.0,150.0,180.0,170.0,240.0,,False,False
named_companion_thyrell,"{=nc_thyrell_name}Thyrell, the Golden","Thyrell, the Golden",,Wanderer,rivendell,Infantry,,true,,300.0,290.0,280.0,220.0,150.0,180.0,270.0,240.0,,False,False
named_companion_haterade,{=nc_haterade_name}Hatérade,Hatérade,,Wanderer,erebor,Infantry,,true,,100.0,280.0,100.0,50.0,50.0,50.0,0.0,120.0,,False,False
named_companion_hart,"{=nc_hart_name}Éohart, of the Wold","Éohart, of the Wold",,Wanderer,vlandia,HorseArcher,,true,,200.0,190.0,180.0,220.0,150.0,180.0,210.0,210.0,,False,False
named_companion_blackrose,{=nc_blackrose_name}BlackRose,BlackRose,,Wanderer,isengard,Infantry,,true,,150.0,180.0,100.0,50.0,50.0,50.0,0.0,120.0,,False,False
named_companion_spartan,"{=nc_spartan_name}Belecthar, the Spartan","Belecthar, the Spartan",,Wanderer,gondor,Infantry,,true,,100.0,190.0,180.0,120.0,150.0,180.0,170.0,140.0,,False,False
named_companion_solus,"{=nc_solus_name}Solus, the Cairn","Solus, the Cairn",,Wanderer,rivendell,Ranged,,true,,100.0,180.0,150.0,200.0,100.0,100.0,100.0,150.0,,False,False
named_companion_maztog,"{=nc_maztog_name}Maztog, the Ostler's Dread","Maztog, the Ostler's Dread",,Wanderer,isengard,Infantry,,true,,160.0,160.0,140.0,180.0,80.0,100.0,60.0,140.0,,False,False
named_companion_balakhor,"{=nc_balakhor_name}Balakhôr, the Lore-Grandmaster","Balakhôr, the Lore-Grandmaster",,Wanderer,rivendell,Infantry,,true,,180.0,160.0,160.0,100.0,60.0,100.0,140.0,160.0,,False,False
named_companion_noxix,"{=nc_noxix_name}Noxix Ilúvatar, Flame of the East","Noxix Ilúvatar, Flame of the East",,Wanderer,mirkwood,Infantry,,true,,180.0,160.0,140.0,220.0,60.0,120.0,160.0,180.0,,False,False
child_education_templates_stage_2_page_0_branch_0_gundabad,{=!}stage_2_page_0_branch_0_gundabad,stage_2_page_0_branch_0_gundabad,,Lord,gundabad,Infantry,,false,true,,,,,,,,,,False,False
child_education_templates_stage_2_page_0_branch_1_gundabad,{=!}stage_2_page_0_branch_1_gundabad,stage_2_page_0_branch_1_gundabad,,Lord,gundabad,Infantry,,false,true,,,,,,,,,,False,False
child_education_templates_stage_2_page_0_branch_2_gundabad,{=!}stage_2_page_0_branch_2_gundabad,stage_2_page_0_branch_2_gundabad,,Lord,gundabad,Infantry,,false,true,,,,,,,,,,False,False
child_education_templates_stage_2_page_0_branch_3_gundabad,{=!}stage_2_page_0_branch_3_gundabad,stage_2_page_0_branch_3_gundabad,,Lord,gundabad,Infantry,,false,true,,,,,,,,,,False,False
child_education_templates_stage_2_page_0_branch_4_gundabad,{=!}stage_2_page_0_branch_4_gundabad,stage_2_page_0_branch_4_gundabad,,Lord,gundabad,Infantry,,false,true,,,,,,,,,,False,False
child_education_templates_stage_2_page_0_branch_5_gundabad,{=!}stage_2_page_0_branch_5_gundabad,stage_2_page_0_branch_5_gundabad,,Lord,gundabad,Infantry,,false,true,,,,,,,,,,False,False
child_education_templates_stage_2_page_0_branch_0_dolguldur,{=!}stage_2_page_0_branch_0_dolguldur,stage_2_page_0_branch_0_dolguldur,,Lord,dolguldur,Infantry,,false,true,,,,,,,,,,False,False
child_education_templates_stage_2_page_0_branch_1_dolguldur,{=!}stage_2_page_0_branch_1_dolguldur,stage_2_page_0_branch_1_dolguldur,,Lord,dolguldur,Infantry,,false,true,,,,,,,,,,False,False
child_education_templates_stage_2_page_0_branch_2_dolguldur,{=!}stage_2_page_0_branch_2_dolguldur,stage_2_page_0_branch_2_dolguldur,,Lord,dolguldur,Infantry,,false,true,,,,,,,,,,False,False
child_education_templates_stage_2_page_0_branch_3_dolguldur,{=!}stage_2_page_0_branch_3_dolguldur,stage_2_page_0_branch_3_dolguldur,,Lord,dolguldur,Infantry,,false,true,,,,,,,,,,False,False
child_education_templates_stage_2_page_0_branch_4_dolguldur,{=!}stage_2_page_0_branch_4_dolguldur,stage_2_page_0_branch_4_dolguldur,,Lord,dolguldur,Infantry,,false,true,,,,,,,,,,False,False
child_education_templates_stage_2_page_0_branch_5_dolguldur,{=!}stage_2_page_0_branch_5_dolguldur,stage_2_page_0_branch_5_dolguldur,,Lord,dolguldur,Infantry,,false,true,,,,,,,,,,False,False
child_education_templates_stage_2_page_0_branch_0_mirkwood,{=!}stage_2_page_0_branch_0_mirkwood,stage_2_page_0_branch_0_mirkwood,,Lord,mirkwood,Infantry,,false,true,,,,,,,,,,False,False
child_education_templates_stage_2_page_0_branch_1_mirkwood,{=!}stage_2_page_0_branch_1_mirkwood,stage_2_page_0_branch_1_mirkwood,,Lord,mirkwood,Infantry,,false,true,,,,,,,,,,False,False
child_education_templates_stage_2_page_0_branch_2_mirkwood,{=!}stage_2_page_0_branch_2_mirkwood,stage_2_page_0_branch_2_mirkwood,,Lord,mirkwood,Infantry,,false,true,,,,,,,,,,False,False
child_education_templates_stage_2_page_0_branch_3_mirkwood,{=!}stage_2_page_0_branch_3_mirkwood,stage_2_page_0_branch_3_mirkwood,,Lord,mirkwood,Infantry,,false,true,,,,,,,,,,False,False
child_education_templates_stage_2_page_0_branch_4_mirkwood,{=!}stage_2_page_0_branch_4_mirkwood,stage_2_page_0_branch_4_mirkwood,,Lord,mirkwood,Infantry,,false,true,,,,,,,,,,False,False
child_education_templates_stage_2_page_0_branch_5_mirkwood,{=!}stage_2_page_0_branch_5_mirkwood,stage_2_page_0_branch_5_mirkwood,,Lord,mirkwood,Infantry,,false,true,,,,,,,,,,False,False
child_education_templates_stage_2_page_0_branch_0_erebor,{=!}stage_2_page_0_branch_0_erebor,stage_2_page_0_branch_0_erebor,,Lord,erebor,Infantry,,false,true,,,,,,,,,,False,False
child_education_templates_stage_2_page_0_branch_1_erebor,{=!}stage_2_page_0_branch_1_erebor,stage_2_page_0_branch_1_erebor,,Lord,erebor,Infantry,,false,true,,,,,,,,,,False,False
child_education_templates_stage_2_page_0_branch_2_erebor,{=!}stage_2_page_0_branch_2_erebor,stage_2_page_0_branch_2_erebor,,Lord,erebor,Infantry,,false,true,,,,,,,,,,False,False
child_education_templates_stage_2_page_0_branch_3_erebor,{=!}stage_2_page_0_branch_3_erebor,stage_2_page_0_branch_3_erebor,,Lord,erebor,Infantry,,false,true,,,,,,,,,,False,False
child_education_templates_stage_2_page_0_branch_4_erebor,{=!}stage_2_page_0_branch_4_erebor,stage_2_page_0_branch_4_erebor,,Lord,erebor,Infantry,,false,true,,,,,,,,,,False,False
child_education_templates_stage_2_page_0_branch_5_erebor,{=!}stage_2_page_0_branch_5_erebor,stage_2_page_0_branch_5_erebor,,Lord,erebor,Infantry,,false,true,,,,,,,,,,False,False
child_education_templates_stage_2_page_0_branch_0_rivendell,{=!}stage_2_page_0_branch_0_rivendell,stage_2_page_0_branch_0_rivendell,,Lord,rivendell,Infantry,,false,true,,,,,,,,,,False,False
child_education_templates_stage_2_page_0_branch_1_rivendell,{=!}stage_2_page_0_branch_1_rivendell,stage_2_page_0_branch_1_rivendell,,Lord,rivendell,Infantry,,false,true,,,,,,,,,,False,False
child_education_templates_stage_2_page_0_branch_2_rivendell,{=!}stage_2_page_0_branch_2_rivendell,stage_2_page_0_branch_2_rivendell,,Lord,rivendell,Infantry,,false,true,,,,,,,,,,False,False
child_education_templates_stage_2_page_0_branch_3_rivendell,{=!}stage_2_page_0_branch_3_rivendell,stage_2_page_0_branch_3_rivendell,,Lord,rivendell,Infantry,,false,true,,,,,,,,,,False,False
child_education_templates_stage_2_page_0_branch_4_rivendell,{=!}stage_2_page_0_branch_4_rivendell,stage_2_page_0_branch_4_rivendell,,Lord,rivendell,Infantry,,false,true,,,,,,,,,,False,False
child_education_templates_stage_2_page_0_branch_5_rivendell,{=!}stage_2_page_0_branch_5_rivendell,stage_2_page_0_branch_5_rivendell,,Lord,rivendell,Infantry,,false,true,,,,,,,,,,False,False
child_education_templates_stage_2_page_0_branch_0_gondor,{=!}stage_2_page_0_branch_0_gondor,stage_2_page_0_branch_0_gondor,,Lord,gondor,Infantry,,false,true,,,,,,,,,,False,False
child_education_templates_stage_2_page_0_branch_1_gondor,{=!}stage_2_page_0_branch_1_gondor,stage_2_page_0_branch_1_gondor,,Lord,gondor,Infantry,,false,true,,,,,,,,,,False,False
child_education_templates_stage_2_page_0_branch_2_gondor,{=!}stage_2_page_0_branch_2_gondor,stage_2_page_0_branch_2_gondor,,Lord,gondor,Infantry,,false,true,,,,,,,,,,False,False
child_education_templates_stage_2_page_0_branch_3_gondor,{=!}stage_2_page_0_branch_3_gondor,stage_2_page_0_branch_3_gondor,,Lord,gondor,Infantry,,false,true,,,,,,,,,,False,False
child_education_templates_stage_2_page_0_branch_4_gondor,{=!}stage_2_page_0_branch_4_gondor,stage_2_page_0_branch_4_gondor,,Lord,gondor,Infantry,,false,true,,,,,,,,,,False,False
child_education_templates_stage_2_page_0_branch_5_gondor,{=!}stage_2_page_0_branch_5_gondor,stage_2_page_0_branch_5_gondor,,Lord,gondor,Infantry,,false,true,,,,,,,,,,False,False
child_education_templates_stage_2_page_0_branch_0_mordor,{=!}stage_2_page_0_branch_0_mordor,stage_2_page_0_branch_0_mordor,,Lord,mordor,Infantry,,false,true,,,,,,,,,,False,False
child_education_templates_stage_2_page_0_branch_1_mordor,{=!}stage_2_page_0_branch_1_mordor,stage_2_page_0_branch_1_mordor,,Lord,mordor,Infantry,,false,true,,,,,,,,,,False,False
child_education_templates_stage_2_page_0_branch_2_mordor,{=!}stage_2_page_0_branch_2_mordor,stage_2_page_0_branch_2_mordor,,Lord,mordor,Infantry,,false,true,,,,,,,,,,False,False
child_education_templates_stage_2_page_0_branch_3_mordor,{=!}stage_2_page_0_branch_3_mordor,stage_2_page_0_branch_3_mordor,,Lord,mordor,Infantry,,false,true,,,,,,,,,,False,False
child_education_templates_stage_2_page_0_branch_4_mordor,{=!}stage_2_page_0_branch_4_mordor,stage_2_page_0_branch_4_mordor,,Lord,mordor,Infantry,,false,true,,,,,,,,,,False,False
child_education_templates_stage_2_page_0_branch_5_mordor,{=!}stage_2_page_0_branch_5_mordor,stage_2_page_0_branch_5_mordor,,Lord,mordor,Infantry,,false,true,,,,,,,,,,False,False
child_education_templates_stage_2_page_0_branch_0_isengard,{=!}stage_2_page_0_branch_0_isengard,stage_2_page_0_branch_0_isengard,,Lord,isengard,Infantry,,false,true,,,,,,,,,,False,False
child_education_templates_stage_2_page_0_branch_1_isengard,{=!}stage_2_page_0_branch_1_isengard,stage_2_page_0_branch_1_isengard,,Lord,isengard,Infantry,,false,true,,,,,,,,,,False,False
child_education_templates_stage_2_page_0_branch_2_isengard,{=!}stage_2_page_0_branch_2_isengard,stage_2_page_0_branch_2_isengard,,Lord,isengard,Infantry,,false,true,,,,,,,,,,False,False
child_education_templates_stage_2_page_0_branch_3_isengard,{=!}stage_2_page_0_branch_3_isengard,stage_2_page_0_branch_3_isengard,,Lord,isengard,Infantry,,false,true,,,,,,,,,,False,False
child_education_templates_stage_2_page_0_branch_4_isengard,{=!}stage_2_page_0_branch_4_isengard,stage_2_page_0_branch_4_isengard,,Lord,isengard,Infantry,,false,true,,,,,,,,,,False,False
child_education_templates_stage_2_page_0_branch_5_isengard,{=!}stage_2_page_0_branch_5_isengard,stage_2_page_0_branch_5_isengard,,Lord,isengard,Infantry,,false,true,,,,,,,,,,False,False
child_education_templates_stage_2_page_0_branch_0_shaghana,{=!}stage_2_page_0_branch_0_shaghana,stage_2_page_0_branch_0_shaghana,,Lord,shaghana,Infantry,,false,true,,,,,,,,,,False,False
child_education_templates_stage_2_page_0_branch_1_shaghana,{=!}stage_2_page_0_branch_1_shaghana,stage_2_page_0_branch_1_shaghana,,Lord,shaghana,Infantry,,false,true,,,,,,,,,,False,False
child_education_templates_stage_2_page_0_branch_2_shaghana,{=!}stage_2_page_0_branch_2_shaghana,stage_2_page_0_branch_2_shaghana,,Lord,shaghana,Infantry,,false,true,,,,,,,,,,False,False
child_education_templates_stage_2_page_0_branch_3_shaghana,{=!}stage_2_page_0_branch_3_shaghana,stage_2_page_0_branch_3_shaghana,,Lord,shaghana,Infantry,,false,true,,,,,,,,,,False,False
child_education_templates_stage_2_page_0_branch_4_shaghana,{=!}stage_2_page_0_branch_4_shaghana,stage_2_page_0_branch_4_shaghana,,Lord,shaghana,Infantry,,false,true,,,,,,,,,,False,False
child_education_templates_stage_2_page_0_branch_5_shaghana,{=!}stage_2_page_0_branch_5_shaghana,stage_2_page_0_branch_5_shaghana,,Lord,shaghana,Infantry,,false,true,,,,,,,,,,False,False
child_education_templates_stage_2_page_0_branch_0_abanissa,{=!}stage_2_page_0_branch_0_abanissa,stage_2_page_0_branch_0_abanissa,,Lord,abanissa,Infantry,,false,true,,,,,,,,,,False,False
child_education_templates_stage_2_page_0_branch_1_abanissa,{=!}stage_2_page_0_branch_1_abanissa,stage_2_page_0_branch_1_abanissa,,Lord,abanissa,Infantry,,false,true,,,,,,,,,,False,False
child_education_templates_stage_2_page_0_branch_2_abanissa,{=!}stage_2_page_0_branch_2_abanissa,stage_2_page_0_branch_2_abanissa,,Lord,abanissa,Infantry,,false,true,,,,,,,,,,False,False
child_education_templates_stage_2_page_0_branch_3_abanissa,{=!}stage_2_page_0_branch_3_abanissa,stage_2_page_0_branch_3_abanissa,,Lord,abanissa,Infantry,,false,true,,,,,,,,,,False,False
child_education_templates_stage_2_page_0_branch_4_abanissa,{=!}stage_2_page_0_branch_4_abanissa,stage_2_page_0_branch_4_abanissa,,Lord,abanissa,Infantry,,false,true,,,,,,,,,,False,False
child_education_templates_stage_2_page_0_branch_5_abanissa,{=!}stage_2_page_0_branch_5_abanissa,stage_2_page_0_branch_5_abanissa,,Lord,abanissa,Infantry,,false,true,,,,,,,,,,False,False
spc_wanderer_gondor_0,{=aom_spc_wanderer_gondor_0_name}{FIRSTNAME} Calendorionath,{FIRSTNAME} Calendorionath,,Wanderer,gondor,Infantry,,false,true,,,,,,,,,,False,False
spc_wanderer_gondor_1,{=aom_spc_wanderer_gondor_1_name}{FIRSTNAME} Minastirionath,{FIRSTNAME} Minastirionath,,Wanderer,gondor,Infantry,,false,true,,,,,,,,,,False,False
spc_wanderer_gondor_2,{=aom_spc_wanderer_gondor_2_name}{FIRSTNAME} Erelionath,{FIRSTNAME} Erelionath,,Wanderer,gondor,Infantry,,false,true,,,,,,,,,,False,False
spc_wanderer_gondor_3,{=aom_spc_wanderer_gondor_3_name}{FIRSTNAME} Morthalionath,{FIRSTNAME} Morthalionath,,Wanderer,gondor,Infantry,,false,true,,,,,,,,,,False,False
spc_wanderer_gondor_4,{=aom_spc_wanderer_gondor_4_name}{FIRSTNAME} Dolmarionath,{FIRSTNAME} Dolmarionath,,Wanderer,gondor,Infantry,,false,true,,,,,,,,,,False,False
spc_wanderer_gondor_5,{=aom_spc_wanderer_gondor_5_name}{FIRSTNAME} Tarcilionath,{FIRSTNAME} Tarcilionath,,Wanderer,gondor,Infantry,,false,true,,,,,,,,,,False,False
spc_wanderer_gondor_6,{=aom_spc_wanderer_gondor_6_name}{FIRSTNAME} Laurethionath,{FIRSTNAME} Laurethionath,,Wanderer,gondor,Infantry,,false,true,,,,,,,,,,False,False
spc_wanderer_gondor_7,{=aom_spc_wanderer_gondor_7_name}{FIRSTNAME} Pelargirionath,{FIRSTNAME} Pelargirionath,,Wanderer,gondor,Infantry,,false,true,,,,,,,,,,False,False
spc_wanderer_gondor_8,{=aom_spc_wanderer_gondor_8_name}{FIRSTNAME} Forostirionath,{FIRSTNAME} Forostirionath,,Wanderer,gondor,Infantry,,false,true,,,,,,,,,,False,False
spc_wanderer_gondor_9,{=aom_spc_wanderer_gondor_9_name}{FIRSTNAME} Valandilionath,{FIRSTNAME} Valandilionath,,Wanderer,gondor,Infantry,,false,true,,,,,,,,,,False,False
spc_wanderer_gondor_10,{=aom_spc_wanderer_gondor_10_name}{FIRSTNAME} Morvegilionath,{FIRSTNAME} Morvegilionath,,Wanderer,gondor,Infantry,,false,true,,,,,,,,,,False,False
spc_wanderer_gondor_11,{=aom_spc_wanderer_gondor_11_name}{FIRSTNAME} Arandurionath,{FIRSTNAME} Arandurionath,,Wanderer,gondor,Infantry,,false,true,,,,,,,,,,False,False
spc_wanderer_gondor_12,{=aom_spc_wanderer_gondor_12_name}{FIRSTNAME} Telemarionath,{FIRSTNAME} Telemarionath,,Wanderer,gondor,Infantry,,false,true,,,,,,,,,,False,False
spc_wanderer_mordor_0,{=aom_spc_wanderer_mordor_0_name}{FIRSTNAME} Dûrzakh,{FIRSTNAME} Dûrzakh,,Wanderer,mordor,Infantry,,false,true,,,,,,,,,,False,False
spc_wanderer_mordor_1,{=aom_spc_wanderer_mordor_1_name}{FIRSTNAME} Morgûlkin,{FIRSTNAME} Morgûlkin,,Wanderer,mordor,Infantry,,false,true,,,,,,,,,,False,False
spc_wanderer_mordor_2,{=aom_spc_wanderer_mordor_2_name}{FIRSTNAME} Ashrakul,{FIRSTNAME} Ashrakul,,Wanderer,mordor,Infantry,,false,true,,,,,,,,,,False,False
spc_wanderer_mordor_3,{=aom_spc_wanderer_mordor_3_name}{FIRSTNAME} Krûlmar,{FIRSTNAME} Krûlmar,,Wanderer,mordor,Infantry,,false,true,,,,,,,,,,False,False
spc_wanderer_mordor_4,{=aom_spc_wanderer_mordor_4_name}{FIRSTNAME} Gorthak,{FIRSTNAME} Gorthak,,Wanderer,mordor,Infantry,,false,true,,,,,,,,,,False,False
spc_wanderer_mordor_5,{=aom_spc_wanderer_mordor_5_name}{FIRSTNAME} Shagrûk,{FIRSTNAME} Shagrûk,,Wanderer,mordor,Infantry,,false,true,,,,,,,,,,False,False
spc_wanderer_mordor_6,{=aom_spc_wanderer_mordor_6_name}{FIRSTNAME} Uzgoth,{FIRSTNAME} Uzgoth,,Wanderer,mordor,Infantry,,false,true,,,,,,,,,,False,False
spc_wanderer_mordor_7,{=aom_spc_wanderer_mordor_7_name}{FIRSTNAME} Dûmphêl,{FIRSTNAME} Dûmphêl,,Wanderer,mordor,Infantry,,false,true,,,,,,,,,,False,False
spc_wanderer_mordor_8,{=aom_spc_wanderer_mordor_8_name}{FIRSTNAME} Azaridêth,{FIRSTNAME} Azaridêth,,Wanderer,mordor,Infantry,,false,true,,,,,,,,,,False,False
spc_wanderer_mordor_9,{=aom_spc_wanderer_mordor_9_name}{FIRSTNAME} Nazgarth,{FIRSTNAME} Nazgarth,,Wanderer,mordor,Infantry,,false,true,,,,,,,,,,False,False
spc_wanderer_mordor_10,{=aom_spc_wanderer_mordor_10_name}{FIRSTNAME} Rûkdar,{FIRSTNAME} Rûkdar,,Wanderer,mordor,Infantry,,false,true,,,,,,,,,,False,False
spc_wanderer_mordor_11,{=aom_spc_wanderer_mordor_11_name}{FIRSTNAME} Mornûk,{FIRSTNAME} Mornûk,,Wanderer,mordor,Infantry,,false,true,,,,,,,,,,False,False
spc_wanderer_mordor_12,{=aom_spc_wanderer_mordor_12_name}{FIRSTNAME} Skarnûl,{FIRSTNAME} Skarnûl,,Wanderer,mordor,Infantry,,false,true,,,,,,,,,,False,False
spc_wanderer_mordor_13,{=aom_spc_wanderer_mordor_13_name}{FIRSTNAME} Zaghûl,{FIRSTNAME} Zaghûl,,Wanderer,mordor,Infantry,,false,true,,,,,,,,,,False,False
spc_wanderer_mordor_14,{=aom_spc_wanderer_mordor_14_name}{FIRSTNAME} Dûmrad,{FIRSTNAME} Dûmrad,,Wanderer,mordor,Infantry,,false,true,,,,,,,,,,False,False
spc_wanderer_gundabad_0,{=aom_spc_wanderer_gundabad_0_name}{FIRSTNAME} Bonechewer,{FIRSTNAME} Bonechewer,,Wanderer,gundabad,Infantry,,false,true,,,,,,,,,,False,False
spc_wanderer_gundabad_1,{=aom_spc_wanderer_gundabad_1_name}{FIRSTNAME} Skullsplitter,{FIRSTNAME} Skullsplitter,,Wanderer,gundabad,Infantry,,false,true,,,,,,,,,,False,False
spc_wanderer_gundabad_2,{=aom_spc_wanderer_gundabad_2_name}{FIRSTNAME} Bloodfang,{FIRSTNAME} Bloodfang,,Wanderer,gundabad,Infantry,,false,true,,,,,,,,,,False,False
spc_wanderer_gundabad_3,{=aom_spc_wanderer_gundabad_3_name}{FIRSTNAME} Ironscar,{FIRSTNAME} Ironscar,,Wanderer,gundabad,Infantry,,false,true,,,,,,,,,,False,False
spc_wanderer_gundabad_4,{=aom_spc_wanderer_gundabad_4_name}{FIRSTNAME} Rageclaw,{FIRSTNAME} Rageclaw,,Wanderer,gundabad,Infantry,,false,true,,,,,,,,,,False,False
spc_wanderer_gundabad_5,{=aom_spc_wanderer_gundabad_5_name}{FIRSTNAME} Fleshripper,{FIRSTNAME} Fleshripper,,Wanderer,gundabad,Infantry,,false,true,,,,,,,,,,False,False
spc_wanderer_gundabad_6,{=aom_spc_wanderer_gundabad_6_name}{FIRSTNAME} Shadowlurker,{FIRSTNAME} Shadowlurker,,Wanderer,gundabad,Infantry,,false,true,,,,,,,,,,False,False
spc_wanderer_gundabad_7,{=aom_spc_wanderer_gundabad_7_name}{FIRSTNAME} Doommarked,{FIRSTNAME} Doommarked,,Wanderer,gundabad,Infantry,,false,true,,,,,,,,,,False,False
spc_wanderer_gundabad_8,{=aom_spc_wanderer_gundabad_8_name}{FIRSTNAME} Goremaiden,{FIRSTNAME} Goremaiden,,Wanderer,gundabad,Infantry,,false,true,,,,,,,,,,False,False
spc_wanderer_gundabad_9,{=aom_spc_wanderer_gundabad_9_name}{FIRSTNAME} Cruelblade,{FIRSTNAME} Cruelblade,,Wanderer,gundabad,Infantry,,false,true,,,,,,,,,,False,False
spc_wanderer_isengard_0,{=aom_spc_wanderer_isengard_0_name}{FIRSTNAME} Vrakhul,{FIRSTNAME} Vrakhul,,Wanderer,isengard,Infantry,,false,true,,,,,,,,,,False,False
spc_wanderer_isengard_1,{=aom_spc_wanderer_isengard_1_name}{FIRSTNAME} Argash,{FIRSTNAME} Argash,,Wanderer,isengard,Infantry,,false,true,,,,,,,,,,False,False
spc_wanderer_isengard_2,{=aom_spc_wanderer_isengard_2_name}{FIRSTNAME} Druzgak,{FIRSTNAME} Druzgak,,Wanderer,isengard,Infantry,,false,true,,,,,,,,,,False,False
spc_wanderer_isengard_3,{=aom_spc_wanderer_isengard_3_name}{FIRSTNAME} Grakhûrz,{FIRSTNAME} Grakhûrz,,Wanderer,isengard,Infantry,,false,true,,,,,,,,,,False,False
spc_wanderer_isengard_4,{=aom_spc_wanderer_isengard_4_name}{FIRSTNAME} Thrûmag,{FIRSTNAME} Thrûmag,,Wanderer,isengard,Infantry,,false,true,,,,,,,,,,False,False
spc_wanderer_isengard_5,{=aom_spc_wanderer_isengard_5_name}{FIRSTNAME} Skarnûk,{FIRSTNAME} Skarnûk,,Wanderer,isengard,Infantry,,false,true,,,,,,,,,,False,False
spc_wanderer_isengard_6,{=aom_spc_wanderer_isengard_6_name}{FIRSTNAME} Brûzhak,{FIRSTNAME} Brûzhak,,Wanderer,isengard,Infantry,,false,true,,,,,,,,,,False,False
spc_wanderer_isengard_7,{=aom_spc_wanderer_isengard_7_name}{FIRSTNAME} Krûldash,{FIRSTNAME} Krûldash,,Wanderer,isengard,Infantry,,false,true,,,,,,,,,,False,False
spc_wanderer_isengard_8,{=aom_spc_wanderer_isengard_8_name}{FIRSTNAME} Urzmak,{FIRSTNAME} Urzmak,,Wanderer,isengard,Infantry,,false,true,,,,,,,,,,False,False
spc_wanderer_isengard_9,{=aom_spc_wanderer_isengard_9_name}{FIRSTNAME} Gorhûl,{FIRSTNAME} Gorhûl,,Wanderer,isengard,Infantry,,false,true,,,,,,,,,,False,False
spc_wanderer_erebor_0,{=aom_spc_wanderer_erebor_0_name}{FIRSTNAME} Bit Barukkhaz,{FIRSTNAME} Bit Barukkhaz,,Wanderer,erebor,Infantry,,false,true,,,,,,,,,,False,False
spc_wanderer_erebor_1,{=aom_spc_wanderer_erebor_1_name}{FIRSTNAME} Bit Durakûn,{FIRSTNAME} Bit Durakûn,,Wanderer,erebor,Infantry,,false,true,,,,,,,,,,False,False
spc_wanderer_erebor_2,{=aom_spc_wanderer_erebor_2_name}{FIRSTNAME} Bit Gamilzar,{FIRSTNAME} Bit Gamilzar,,Wanderer,erebor,Infantry,,false,true,,,,,,,,,,False,False
spc_wanderer_erebor_3,{=aom_spc_wanderer_erebor_3_name}{FIRSTNAME} Bit Buzrûn,{FIRSTNAME} Bit Buzrûn,,Wanderer,erebor,Infantry,,false,true,,,,,,,,,,False,False
spc_wanderer_erebor_4,{=aom_spc_wanderer_erebor_4_name}{FIRSTNAME} Bit Tharin,{FIRSTNAME} Bit Tharin,,Wanderer,erebor,Infantry,,false,true,,,,,,,,,,False,False
spc_wanderer_erebor_5,{=aom_spc_wanderer_erebor_5_name}{FIRSTNAME} Bit Barin,{FIRSTNAME} Bit Barin,,Wanderer,erebor,Infantry,,false,true,,,,,,,,,,False,False
spc_wanderer_erebor_6,{=aom_spc_wanderer_erebor_6_name}{FIRSTNAME} Bit Argan,{FIRSTNAME} Bit Argan,,Wanderer,erebor,Infantry,,false,true,,,,,,,,,,False,False
spc_wanderer_erebor_7,{=aom_spc_wanderer_erebor_7_name}{FIRSTNAME} Bit Gór,{FIRSTNAME} Bit Gór,,Wanderer,erebor,Infantry,,false,true,,,,,,,,,,False,False
spc_wanderer_erebor_8,{=aom_spc_wanderer_erebor_8_name}{FIRSTNAME} Bit Lóin,{FIRSTNAME} Bit Lóin,,Wanderer,erebor,Infantry,,false,true,,,,,,,,,,False,False
spc_wanderer_erebor_9,{=aom_spc_wanderer_erebor_9_name}{FIRSTNAME} Bit Garin,{FIRSTNAME} Bit Garin,,Wanderer,erebor,Infantry,,false,true,,,,,,,,,,False,False
spc_wanderer_erebor_10,{=aom_spc_wanderer_erebor_10_name}{FIRSTNAME} Bit Norin,{FIRSTNAME} Bit Norin,,Wanderer,erebor,Infantry,,false,true,,,,,,,,,,False,False
spc_wanderer_erebor_11,{=aom_spc_wanderer_erebor_11_name}{FIRSTNAME} Bit Kár,{FIRSTNAME} Bit Kár,,Wanderer,erebor,Infantry,,false,true,,,,,,,,,,False,False
spc_wanderer_rohan_0,{=aom_spc_wanderer_rohan_0_name}{FIRSTNAME} Wulfgarig,{FIRSTNAME} Wulfgarig,,Wanderer,vlandia,Infantry,,false,true,,,,,,,,,,False,False
spc_wanderer_rohan_1,{=aom_spc_wanderer_rohan_1_name}{FIRSTNAME} Osricdarn,{FIRSTNAME} Osricdarn,,Wanderer,vlandia,Infantry,,false,true,,,,,,,,,,False,False
spc_wanderer_rohan_2,{=aom_spc_wanderer_rohan_2_name}{FIRSTNAME} Thanegrím,{FIRSTNAME} Thanegrím,,Wanderer,vlandia,Infantry,,false,true,,,,,,,,,,False,False
spc_wanderer_rohan_3,{=aom_spc_wanderer_rohan_3_name}{FIRSTNAME} Frithwineson,{FIRSTNAME} Frithwineson,,Wanderer,vlandia,Infantry,,false,true,,,,,,,,,,False,False
spc_wanderer_rohan_4,{=aom_spc_wanderer_rohan_4_name}{FIRSTNAME} Leofstaning,{FIRSTNAME} Leofstaning,,Wanderer,vlandia,Infantry,,false,true,,,,,,,,,,False,False
spc_wanderer_rohan_5,{=aom_spc_wanderer_rohan_5_name}{FIRSTNAME} Herebranding,{FIRSTNAME} Herebranding,,Wanderer,vlandia,Infantry,,false,true,,,,,,,,,,False,False
spc_wanderer_rohan_6,{=aom_spc_wanderer_rohan_6_name}{FIRSTNAME} Godricsson,{FIRSTNAME} Godricsson,,Wanderer,vlandia,Infantry,,false,true,,,,,,,,,,False,False
spc_wanderer_rohan_7,{=aom_spc_wanderer_rohan_7_name}{FIRSTNAME} Thelredwain,{FIRSTNAME} Thelredwain,,Wanderer,vlandia,Infantry,,false,true,,,,,,,,,,False,False
spc_wanderer_rohan_8,{=aom_spc_wanderer_rohan_8_name}{FIRSTNAME} Hardingar,{FIRSTNAME} Hardingar,,Wanderer,vlandia,Infantry,,false,true,,,,,,,,,,False,False
spc_wanderer_rohan_9,{=aom_spc_wanderer_rohan_9_name}{FIRSTNAME} Wulfheortan,{FIRSTNAME} Wulfheortan,,Wanderer,vlandia,Cavalry,,false,true,,,,,,,,,,False,False
spc_wanderer_rivendell_0,{=aom_spc_wanderer_rivendell_0_name}{FIRSTNAME} Erestelionath,{FIRSTNAME} Erestelionath,,Wanderer,rivendell,Infantry,,false,true,,,,,,,,,,False,False
spc_wanderer_rivendell_1,{=aom_spc_wanderer_rivendell_1_name}{FIRSTNAME} Calenglorionath,{FIRSTNAME} Calenglorionath,,Wanderer,rivendell,Infantry,,false,true,,,,,,,,,,False,False
spc_wanderer_rivendell_2,{=aom_spc_wanderer_rivendell_2_name}{FIRSTNAME} Noldorionath,{FIRSTNAME} Noldorionath,,Wanderer,rivendell,Infantry,,false,true,,,,,,,,,,False,False
spc_wanderer_rivendell_3,{=aom_spc_wanderer_rivendell_3_name}{FIRSTNAME} Lindonionath,{FIRSTNAME} Lindonionath,,Wanderer,rivendell,Infantry,,false,true,,,,,,,,,,False,False
spc_wanderer_rivendell_4,{=aom_spc_wanderer_rivendell_4_name}{FIRSTNAME} Aranwionath,{FIRSTNAME} Aranwionath,,Wanderer,rivendell,Infantry,,false,true,,,,,,,,,,False,False
spc_wanderer_rivendell_5,{=aom_spc_wanderer_rivendell_5_name}{FIRSTNAME} Celebrindionath,{FIRSTNAME} Celebrindionath,,Wanderer,rivendell,Infantry,,false,true,,,,,,,,,,False,False
spc_wanderer_rivendell_6,{=aom_spc_wanderer_rivendell_6_name}{FIRSTNAME} Ithilionath,{FIRSTNAME} Ithilionath,,Wanderer,rivendell,Infantry,,false,true,,,,,,,,,,False,False
spc_wanderer_rivendell_7,{=aom_spc_wanderer_rivendell_7_name}{FIRSTNAME} Gildorionath,{FIRSTNAME} Gildorionath,,Wanderer,rivendell,Infantry,,false,true,,,,,,,,,,False,False
spc_wanderer_rivendell_8,{=aom_spc_wanderer_rivendell_8_name}{FIRSTNAME} Peredhilionath,{FIRSTNAME} Peredhilionath,,Wanderer,rivendell,Infantry,,false,true,,,,,,,,,,False,False
spc_wanderer_rivendell_9,{=aom_spc_wanderer_rivendell_9_name}{FIRSTNAME} Earendilionath,{FIRSTNAME} Earendilionath,,Wanderer,rivendell,Infantry,,false,true,,,,,,,,,,False,False
spc_wanderer_mirkwood_0,{=aom_spc_wanderer_mirkwood_0_name}{FIRSTNAME} Tawarionath,{FIRSTNAME} Tawarionath,,Wanderer,mirkwood,Infantry,,false,true,,,,,,,,,,False,False
spc_wanderer_mirkwood_1,{=aom_spc_wanderer_mirkwood_1_name}{FIRSTNAME} Galadhelionath,{FIRSTNAME} Galadhelionath,,Wanderer,mirkwood,Infantry,,false,true,,,,,,,,,,False,False
spc_wanderer_mirkwood_2,{=aom_spc_wanderer_mirkwood_2_name}{FIRSTNAME} Lasgalionath,{FIRSTNAME} Lasgalionath,,Wanderer,mirkwood,Infantry,,false,true,,,,,,,,,,False,False
spc_wanderer_mirkwood_3,{=aom_spc_wanderer_mirkwood_3_name}{FIRSTNAME} Thranduilionath,{FIRSTNAME} Thranduilionath,,Wanderer,mirkwood,Infantry,,false,true,,,,,,,,,,False,False
spc_wanderer_mirkwood_4,{=aom_spc_wanderer_mirkwood_4_name}{FIRSTNAME} Legolionath,{FIRSTNAME} Legolionath,,Wanderer,mirkwood,Infantry,,false,true,,,,,,,,,,False,False
spc_wanderer_mirkwood_5,{=aom_spc_wanderer_mirkwood_5_name}{FIRSTNAME} Mornelionath,{FIRSTNAME} Mornelionath,,Wanderer,mirkwood,Infantry,,false,true,,,,,,,,,,False,False
spc_wanderer_mirkwood_6,{=aom_spc_wanderer_mirkwood_6_name}{FIRSTNAME} Falasgalionath,{FIRSTNAME} Falasgalionath,,Wanderer,mirkwood,Infantry,,false,true,,,,,,,,,,False,False
spc_wanderer_mirkwood_7,{=aom_spc_wanderer_mirkwood_7_name}{FIRSTNAME} Celebionath,{FIRSTNAME} Celebionath,,Wanderer,mirkwood,Infantry,,false,true,,,,,,,,,,False,False
spc_wanderer_mirkwood_8,{=aom_spc_wanderer_mirkwood_8_name}{FIRSTNAME} Aranionath,{FIRSTNAME} Aranionath,,Wanderer,mirkwood,Infantry,,false,true,,,,,,,,,,False,False
spc_wanderer_mirkwood_9,{=aom_spc_wanderer_mirkwood_9_name}{FIRSTNAME} Brethilionath,{FIRSTNAME} Brethilionath,,Wanderer,mirkwood,Infantry,,false,true,,,,,,,,,,False,False
spc_wanderer_lothlorien_0,{=aom_spc_wanderer_lothlorien_0_name}{FIRSTNAME} Carasionath,{FIRSTNAME} Carasionath,,Wanderer,lothlorien,Infantry,,false,true,,,,,,,,,,False,False
spc_wanderer_lothlorien_1,{=aom_spc_wanderer_lothlorien_1_name}{FIRSTNAME} Nimrothionath,{FIRSTNAME} Nimrothionath,,Wanderer,lothlorien,Infantry,,false,true,,,,,,,,,,False,False
spc_wanderer_lothlorien_2,{=aom_spc_wanderer_lothlorien_2_name}{FIRSTNAME} Mallorionath,{FIRSTNAME} Mallorionath,,Wanderer,lothlorien,Infantry,,false,true,,,,,,,,,,False,False
spc_wanderer_lothlorien_3,{=aom_spc_wanderer_lothlorien_3_name}{FIRSTNAME} Amrothionath,{FIRSTNAME} Amrothionath,,Wanderer,lothlorien,Infantry,,false,true,,,,,,,,,,False,False
spc_wanderer_lothlorien_4,{=aom_spc_wanderer_lothlorien_4_name}{FIRSTNAME} Celebornionath,{FIRSTNAME} Celebornionath,,Wanderer,lothlorien,Infantry,,false,true,,,,,,,,,,False,False
spc_wanderer_lothlorien_5,{=aom_spc_wanderer_lothlorien_5_name}{FIRSTNAME} Galadhrionath,{FIRSTNAME} Galadhrionath,,Wanderer,lothlorien,Infantry,,false,true,,,,,,,,,,False,False
spc_wanderer_lothlorien_6,{=aom_spc_wanderer_lothlorien_6_name}{FIRSTNAME} Nimlodelionath,{FIRSTNAME} Nimlodelionath,,Wanderer,lothlorien,Infantry,,false,true,,,,,,,,,,False,False
spc_wanderer_lothlorien_7,{=aom_spc_wanderer_lothlorien_7_name}{FIRSTNAME} Cerinionath,{FIRSTNAME} Cerinionath,,Wanderer,lothlorien,Infantry,,false,true,,,,,,,,,,False,False
spc_wanderer_lothlorien_8,{=aom_spc_wanderer_lothlorien_8_name}{FIRSTNAME} Haldhirionath,{FIRSTNAME} Haldhirionath,,Wanderer,lothlorien,Infantry,,false,true,,,,,,,,,,False,False
spc_wanderer_lothlorien_9,{=aom_spc_wanderer_lothlorien_9_name}{FIRSTNAME} Oropherionath,{FIRSTNAME} Oropherionath,,Wanderer,lothlorien,Infantry,,false,true,,,,,,,,,,False,False
spc_wanderer_dolguldur_0,{=aom_spc_wanderer_dolguldur_0_name}{FIRSTNAME} Ghashnak,{FIRSTNAME} Ghashnak,,Wanderer,dolguldur,Infantry,,false,true,,,,,,,,,,False,False
spc_wanderer_dolguldur_1,{=aom_spc_wanderer_dolguldur_1_name}{FIRSTNAME} Krimgul,{FIRSTNAME} Krimgul,,Wanderer,dolguldur,Infantry,,false,true,,,,,,,,,,False,False
spc_wanderer_dolguldur_2,{=aom_spc_wanderer_dolguldur_2_name}{FIRSTNAME} Durbatuk,{FIRSTNAME} Durbatuk,,Wanderer,dolguldur,Infantry,,false,true,,,,,,,,,,False,False
spc_wanderer_dolguldur_3,{=aom_spc_wanderer_dolguldur_3_name}{FIRSTNAME} Nazgash,{FIRSTNAME} Nazgash,,Wanderer,dolguldur,Infantry,,false,true,,,,,,,,,,False,False
spc_wanderer_dolguldur_4,{=aom_spc_wanderer_dolguldur_4_name}{FIRSTNAME} Grimbarg,{FIRSTNAME} Grimbarg,,Wanderer,dolguldur,Infantry,,false,true,,,,,,,,,,False,False
spc_wanderer_dolguldur_5,{=aom_spc_wanderer_dolguldur_5_name}{FIRSTNAME} Sharkul,{FIRSTNAME} Sharkul,,Wanderer,dolguldur,Infantry,,false,true,,,,,,,,,,False,False
spc_wanderer_dolguldur_6,{=aom_spc_wanderer_dolguldur_6_name}{FIRSTNAME} Azgoth,{FIRSTNAME} Azgoth,,Wanderer,dolguldur,Infantry,,false,true,,,,,,,,,,False,False
spc_wanderer_dolguldur_7,{=aom_spc_wanderer_dolguldur_7_name}{FIRSTNAME} Lugdush,{FIRSTNAME} Lugdush,,Wanderer,dolguldur,Infantry,,false,true,,,,,,,,,,False,False
spc_wanderer_dolguldur_8,{=aom_spc_wanderer_dolguldur_8_name}{FIRSTNAME} Krimpash,{FIRSTNAME} Krimpash,,Wanderer,dolguldur,Infantry,,false,true,,,,,,,,,,False,False
spc_wanderer_dolguldur_9,{=aom_spc_wanderer_dolguldur_9_name}{FIRSTNAME} Gorbag,{FIRSTNAME} Gorbag,,Wanderer,dolguldur,Infantry,,false,true,,,,,,,,,,False,False
spc_wanderer_dunland_0,{=aom_spc_wanderer_dunland_0_name}{FIRSTNAME} Breghorn,{FIRSTNAME} Breghorn,,Wanderer,empire,Infantry,,false,true,,,,,,,,,,False,False
spc_wanderer_dunland_1,{=aom_spc_wanderer_dunland_1_name}{FIRSTNAME} Cerdic,{FIRSTNAME} Cerdic,,Wanderer,empire,Infantry,,false,true,,,,,,,,,,False,False
spc_wanderer_dunland_2,{=aom_spc_wanderer_dunland_2_name}{FIRSTNAME} Dunhere,{FIRSTNAME} Dunhere,,Wanderer,empire,Infantry,,false,true,,,,,,,,,,False,False
spc_wanderer_dunland_3,{=aom_spc_wanderer_dunland_3_name}{FIRSTNAME} Wulfgar,{FIRSTNAME} Wulfgar,,Wanderer,empire,Infantry,,false,true,,,,,,,,,,False,False
spc_wanderer_dunland_4,{=aom_spc_wanderer_dunland_4_name}{FIRSTNAME} Eorlund,{FIRSTNAME} Eorlund,,Wanderer,empire,Infantry,,false,true,,,,,,,,,,False,False
spc_wanderer_dunland_5,{=aom_spc_wanderer_dunland_5_name}{FIRSTNAME} Grimbold,{FIRSTNAME} Grimbold,,Wanderer,empire,Infantry,,false,true,,,,,,,,,,False,False
spc_wanderer_dunland_6,{=aom_spc_wanderer_dunland_6_name}{FIRSTNAME} Haldred,{FIRSTNAME} Haldred,,Wanderer,empire,Infantry,,false,true,,,,,,,,,,False,False
spc_wanderer_dunland_7,{=aom_spc_wanderer_dunland_7_name}{FIRSTNAME} Brychan,{FIRSTNAME} Brychan,,Wanderer,empire,Infantry,,false,true,,,,,,,,,,False,False
spc_wanderer_dunland_8,{=aom_spc_wanderer_dunland_8_name}{FIRSTNAME} Morcar,{FIRSTNAME} Morcar,,Wanderer,empire,Infantry,,false,true,,,,,,,,,,False,False
spc_wanderer_dunland_9,{=aom_spc_wanderer_dunland_9_name}{FIRSTNAME} Thuringwethil,{FIRSTNAME} Thuringwethil,,Wanderer,empire,Infantry,,false,true,,,,,,,,,,False,False
spc_wanderer_harad_0,{=aom_spc_wanderer_harad_0_name}{FIRSTNAME} al-Harushan,{FIRSTNAME} al-Harushan,,Wanderer,aserai,Infantry,,false,true,,,,,,,,,,False,False
spc_wanderer_harad_1,{=aom_spc_wanderer_harad_1_name}{FIRSTNAME} ibn Khamul,{FIRSTNAME} ibn Khamul,,Wanderer,aserai,Infantry,,false,true,,,,,,,,,,False,False
spc_wanderer_harad_2,{=aom_spc_wanderer_harad_2_name}{FIRSTNAME} al-Suthek,{FIRSTNAME} al-Suthek,,Wanderer,aserai,Infantry,,false,true,,,,,,,,,,False,False
spc_wanderer_harad_3,{=aom_spc_wanderer_harad_3_name}{FIRSTNAME} ibn Marushan,{FIRSTNAME} ibn Marushan,,Wanderer,aserai,Infantry,,false,true,,,,,,,,,,False,False
spc_wanderer_harad_4,{=aom_spc_wanderer_harad_4_name}{FIRSTNAME} al-Fahran,{FIRSTNAME} al-Fahran,,Wanderer,aserai,Infantry,,false,true,,,,,,,,,,False,False
spc_wanderer_harad_5,{=aom_spc_wanderer_harad_5_name}{FIRSTNAME} ibn Zarkesh,{FIRSTNAME} ibn Zarkesh,,Wanderer,aserai,Infantry,,false,true,,,,,,,,,,False,False
spc_wanderer_harad_6,{=aom_spc_wanderer_harad_6_name}{FIRSTNAME} al-Rashadin,{FIRSTNAME} al-Rashadin,,Wanderer,aserai,Infantry,,false,true,,,,,,,,,,False,False
spc_wanderer_harad_7,{=aom_spc_wanderer_harad_7_name}{FIRSTNAME} ibn Suladan,{FIRSTNAME} ibn Suladan,,Wanderer,aserai,Infantry,,false,true,,,,,,,,,,False,False
spc_wanderer_harad_8,{=aom_spc_wanderer_harad_8_name}{FIRSTNAME} al-Makhtar,{FIRSTNAME} al-Makhtar,,Wanderer,aserai,Infantry,,false,true,,,,,,,,,,False,False
spc_wanderer_harad_9,{=aom_spc_wanderer_harad_9_name}{FIRSTNAME} ibn Tarakan,{FIRSTNAME} ibn Tarakan,,Wanderer,aserai,Infantry,,false,true,,,,,,,,,,False,False
spc_wanderer_rhun_0,{=aom_spc_wanderer_rhun_0_name}{FIRSTNAME} Khamakul,{FIRSTNAME} Khamakul,,Wanderer,khuzait,Infantry,,false,true,,,,,,,,,,False,False
spc_wanderer_rhun_1,{=aom_spc_wanderer_rhun_1_name}{FIRSTNAME} Dordagan,{FIRSTNAME} Dordagan,,Wanderer,khuzait,Infantry,,false,true,,,,,,,,,,False,False
spc_wanderer_rhun_2,{=aom_spc_wanderer_rhun_2_name}{FIRSTNAME} Balchoth,{FIRSTNAME} Balchoth,,Wanderer,khuzait,Infantry,,false,true,,,,,,,,,,False,False
spc_wanderer_rhun_3,{=aom_spc_wanderer_rhun_3_name}{FIRSTNAME} Wainagar,{FIRSTNAME} Wainagar,,Wanderer,khuzait,Infantry,,false,true,,,,,,,,,,False,False
spc_wanderer_rhun_4,{=aom_spc_wanderer_rhun_4_name}{FIRSTNAME} Khuldan,{FIRSTNAME} Khuldan,,Wanderer,khuzait,Infantry,,false,true,,,,,,,,,,False,False
spc_wanderer_rhun_5,{=aom_spc_wanderer_rhun_5_name}{FIRSTNAME} Bortagan,{FIRSTNAME} Bortagan,,Wanderer,khuzait,Infantry,,false,true,,,,,,,,,,False,False
spc_wanderer_rhun_6,{=aom_spc_wanderer_rhun_6_name}{FIRSTNAME} Vardamir,{FIRSTNAME} Vardamir,,Wanderer,khuzait,Infantry,,false,true,,,,,,,,,,False,False
spc_wanderer_rhun_7,{=aom_spc_wanderer_rhun_7_name}{FIRSTNAME} Ulgarion,{FIRSTNAME} Ulgarion,,Wanderer,khuzait,Infantry,,false,true,,,,,,,,,,False,False
spc_wanderer_rhun_8,{=aom_spc_wanderer_rhun_8_name}{FIRSTNAME} Khandagar,{FIRSTNAME} Khandagar,,Wanderer,khuzait,Infantry,,false,true,,,,,,,,,,False,False
spc_wanderer_rhun_9,{=aom_spc_wanderer_rhun_9_name}{FIRSTNAME} Rhunagar,{FIRSTNAME} Rhunagar,,Wanderer,khuzait,Infantry,,false,true,,,,,,,,,,False,False
spc_wanderer_umbar_0,{=aom_spc_wanderer_umbar_0_name}{FIRSTNAME} Castamir,{FIRSTNAME} Castamir,,Wanderer,umbar,Infantry,,false,true,,,,,,,,,,False,False
spc_wanderer_umbar_1,{=aom_spc_wanderer_umbar_1_name}{FIRSTNAME} Sangahyando,{FIRSTNAME} Sangahyando,,Wanderer,umbar,Infantry,,false,true,,,,,,,,,,False,False
spc_wanderer_umbar_2,{=aom_spc_wanderer_umbar_2_name}{FIRSTNAME} Angamaitë,{FIRSTNAME} Angamaitë,,Wanderer,umbar,Infantry,,false,true,,,,,,,,,,False,False
spc_wanderer_umbar_3,{=aom_spc_wanderer_umbar_3_name}{FIRSTNAME} Fuinur,{FIRSTNAME} Fuinur,,Wanderer,umbar,Infantry,,false,true,,,,,,,,,,False,False
spc_wanderer_umbar_4,{=aom_spc_wanderer_umbar_4_name}{FIRSTNAME} Herumor,{FIRSTNAME} Herumor,,Wanderer,umbar,Infantry,,false,true,,,,,,,,,,False,False
spc_wanderer_umbar_5,{=aom_spc_wanderer_umbar_5_name}{FIRSTNAME} Earnil,{FIRSTNAME} Earnil,,Wanderer,umbar,Infantry,,false,true,,,,,,,,,,False,False
spc_wanderer_umbar_6,{=aom_spc_wanderer_umbar_6_name}{FIRSTNAME} Pelendur,{FIRSTNAME} Pelendur,,Wanderer,umbar,Infantry,,false,true,,,,,,,,,,False,False
spc_wanderer_umbar_7,{=aom_spc_wanderer_umbar_7_name}{FIRSTNAME} Falastur,{FIRSTNAME} Falastur,,Wanderer,umbar,Infantry,,false,true,,,,,,,,,,False,False
spc_wanderer_umbar_8,{=aom_spc_wanderer_umbar_8_name}{FIRSTNAME} Hyarmendacil,{FIRSTNAME} Hyarmendacil,,Wanderer,umbar,Infantry,,false,true,,,,,,,,,,False,False
spc_wanderer_umbar_9,{=aom_spc_wanderer_umbar_9_name}{FIRSTNAME} Ciryandil,{FIRSTNAME} Ciryandil,,Wanderer,umbar,Infantry,,false,true,,,,,,,,,,False,False
spc_wanderer_shaghana_0,{=aom_spc_wanderer_sh_0_name}{FIRSTNAME} al-Ezarki,{FIRSTNAME} al-Ezarki,,Wanderer,shaghana,Infantry,,false,true,,,,,,,,,,False,False
spc_wanderer_shaghana_1,{=aom_spc_wanderer_sh_1_name}{FIRSTNAME} ibn-Kûmarak,{FIRSTNAME} ibn-Kûmarak,,Wanderer,shaghana,Infantry,,false,true,,,,,,,,,,False,False
spc_wanderer_shaghana_2,{=aom_spc_wanderer_sh_2_name}{FIRSTNAME} al-Taiym,{FIRSTNAME} al-Taiym,,Wanderer,shaghana,Infantry,,false,true,,,,,,,,,,False,False
spc_wanderer_shaghana_3,{=aom_spc_wanderer_sh_3_name}{FIRSTNAME} ibn-Zayak,{FIRSTNAME} ibn-Zayak,,Wanderer,shaghana,Infantry,,false,true,,,,,,,,,,False,False
spc_wanderer_shaghana_4,{=aom_spc_wanderer_sh_4_name}{FIRSTNAME} al-Selar,{FIRSTNAME} al-Selar,,Wanderer,shaghana,Infantry,,false,true,,,,,,,,,,False,False
spc_wanderer_shaghana_5,{=aom_spc_wanderer_sh_5_name}{FIRSTNAME} ibn-Uzhar,{FIRSTNAME} ibn-Uzhar,,Wanderer,shaghana,Infantry,,false,true,,,,,,,,,,False,False
spc_wanderer_shaghana_6,{=aom_spc_wanderer_sh_6_name}{FIRSTNAME} al-Âran,{FIRSTNAME} al-Âran,,Wanderer,shaghana,Infantry,,false,true,,,,,,,,,,False,False
spc_wanderer_shaghana_7,{=aom_spc_wanderer_sh_7_name}{FIRSTNAME} ibn-Banûg,{FIRSTNAME} ibn-Banûg,,Wanderer,shaghana,Infantry,,false,true,,,,,,,,,,False,False
spc_wanderer_shaghana_8,{=aom_spc_wanderer_sh_8_name}{FIRSTNAME} al-Acam,{FIRSTNAME} al-Acam,,Wanderer,shaghana,Infantry,,false,true,,,,,,,,,,False,False
spc_wanderer_shaghana_9,{=aom_spc_wanderer_sh_9_name}{FIRSTNAME} ibn-Shakar,{FIRSTNAME} ibn-Shakar,,Wanderer,shaghana,Infantry,,false,true,,,,,,,,,,False,False
spc_wanderer_abanissa_0,{=aom_spc_wanderer_ab_0_name}{FIRSTNAME} Phaxar-dal,{FIRSTNAME} Phaxar-dal,,Wanderer,abanissa,Infantry,,false,true,,,,,,,,,,False,False
spc_wanderer_abanissa_1,{=aom_spc_wanderer_ab_1_name}{FIRSTNAME} Hoshed-van,{FIRSTNAME} Hoshed-van,,Wanderer,abanissa,Infantry,,false,true,,,,,,,,,,False,False
spc_wanderer_abanissa_2,{=aom_spc_wanderer_ab_2_name}{FIRSTNAME} Vasnar-tal,{FIRSTNAME} Vasnar-tal,,Wanderer,abanissa,Infantry,,false,true,,,,,,,,,,False,False
spc_wanderer_abanissa_3,{=aom_spc_wanderer_ab_3_name}{FIRSTNAME} Goraze-shan,{FIRSTNAME} Goraze-shan,,Wanderer,abanissa,Infantry,,false,true,,,,,,,,,,False,False
spc_wanderer_abanissa_4,{=aom_spc_wanderer_ab_4_name}{FIRSTNAME} Azadaf-ren,{FIRSTNAME} Azadaf-ren,,Wanderer,abanissa,Infantry,,false,true,,,,,,,,,,False,False
spc_wanderer_abanissa_5,{=aom_spc_wanderer_ab_5_name}{FIRSTNAME} Artash-mir,{FIRSTNAME} Artash-mir,,Wanderer,abanissa,Infantry,,false,true,,,,,,,,,,False,False
spc_wanderer_abanissa_6,{=aom_spc_wanderer_ab_6_name}{FIRSTNAME} Ardach-ven,{FIRSTNAME} Ardach-ven,,Wanderer,abanissa,Infantry,,false,true,,,,,,,,,,False,False
spc_wanderer_abanissa_7,{=aom_spc_wanderer_ab_7_name}{FIRSTNAME} Tirdah-lan,{FIRSTNAME} Tirdah-lan,,Wanderer,abanissa,Infantry,,false,true,,,,,,,,,,False,False
spc_wanderer_abanissa_8,{=aom_spc_wanderer_ab_8_name}{FIRSTNAME} Phaxim-dur,{FIRSTNAME} Phaxim-dur,,Wanderer,abanissa,Infantry,,false,true,,,,,,,,,,False,False
spc_wanderer_abanissa_9,{=aom_spc_wanderer_ab_9_name}{FIRSTNAME} Vashan-kir,{FIRSTNAME} Vashan-kir,,Wanderer,abanissa,Infantry,,false,true,,,,,,,,,,False,False
spc_wanderer_goblin_0,{=aom_spc_wanderer_goblin_0_name}{FIRSTNAME} Bonechewer,{FIRSTNAME} Bonechewer,,Wanderer,goblin,Infantry,,false,true,,,,,,,,,,False,False
spc_wanderer_goblin_1,{=aom_spc_wanderer_goblin_1_name}{FIRSTNAME} Skullsplitter,{FIRSTNAME} Skullsplitter,,Wanderer,goblin,Infantry,,false,true,,,,,,,,,,False,False
spc_wanderer_goblin_2,{=aom_spc_wanderer_goblin_2_name}{FIRSTNAME} Bloodfang,{FIRSTNAME} Bloodfang,,Wanderer,goblin,Infantry,,false,true,,,,,,,,,,False,False
spc_wanderer_goblin_3,{=aom_spc_wanderer_goblin_3_name}{FIRSTNAME} Ironscar,{FIRSTNAME} Ironscar,,Wanderer,goblin,Infantry,,false,true,,,,,,,,,,False,False
spc_wanderer_goblin_4,{=aom_spc_wanderer_goblin_4_name}{FIRSTNAME} Rageclaw,{FIRSTNAME} Rageclaw,,Wanderer,goblin,Infantry,,false,true,,,,,,,,,,False,False
spc_wanderer_goblin_5,{=aom_spc_wanderer_goblin_5_name}{FIRSTNAME} Fleshripper,{FIRSTNAME} Fleshripper,,Wanderer,goblin,Infantry,,false,true,,,,,,,,,,False,False
spc_wanderer_goblin_6,{=aom_spc_wanderer_goblin_6_name}{FIRSTNAME} Shadowlurker,{FIRSTNAME} Shadowlurker,,Wanderer,goblin,Infantry,,false,true,,,,,,,,,,False,False
spc_wanderer_goblin_7,{=aom_spc_wanderer_goblin_7_name}{FIRSTNAME} Doommarked,{FIRSTNAME} Doommarked,,Wanderer,goblin,Infantry,,false,true,,,,,,,,,,False,False
spc_wanderer_goblin_8,{=aom_spc_wanderer_goblin_8_name}{FIRSTNAME} Goremaiden,{FIRSTNAME} Goremaiden,,Wanderer,goblin,Infantry,,false,true,,,,,,,,,,False,False
spc_wanderer_goblin_9,{=aom_spc_wanderer_goblin_9_name}{FIRSTNAME} Cruelblade,{FIRSTNAME} Cruelblade,,Wanderer,goblin,Infantry,,false,true,,,,,,,,,,False,False
spc_wanderer_mistymountainorcs_0,{=aom_spc_wanderer_mistymountainorcs_0_name}{FIRSTNAME} Bonechewer,{FIRSTNAME} Bonechewer,,Wanderer,mistymountainorcs,Infantry,,false,true,,,,,,,,,,False,False
spc_wanderer_mistymountainorcs_1,{=aom_spc_wanderer_mistymountainorcs_1_name}{FIRSTNAME} Skullsplitter,{FIRSTNAME} Skullsplitter,,Wanderer,mistymountainorcs,Infantry,,false,true,,,,,,,,,,False,False
spc_wanderer_mistymountainorcs_2,{=aom_spc_wanderer_mistymountainorcs_2_name}{FIRSTNAME} Bloodfang,{FIRSTNAME} Bloodfang,,Wanderer,mistymountainorcs,Infantry,,false,true,,,,,,,,,,False,False
spc_wanderer_mistymountainorcs_3,{=aom_spc_wanderer_mistymountainorcs_3_name}{FIRSTNAME} Ironscar,{FIRSTNAME} Ironscar,,Wanderer,mistymountainorcs,Infantry,,false,true,,,,,,,,,,False,False
spc_wanderer_mistymountainorcs_4,{=aom_spc_wanderer_mistymountainorcs_4_name}{FIRSTNAME} Rageclaw,{FIRSTNAME} Rageclaw,,Wanderer,mistymountainorcs,Infantry,,false,true,,,,,,,,,,False,False
spc_wanderer_mistymountainorcs_5,{=aom_spc_wanderer_mistymountainorcs_5_name}{FIRSTNAME} Fleshripper,{FIRSTNAME} Fleshripper,,Wanderer,mistymountainorcs,Infantry,,false,true,,,,,,,,,,False,False
spc_wanderer_mistymountainorcs_6,{=aom_spc_wanderer_mistymountainorcs_6_name}{FIRSTNAME} Shadowlurker,{FIRSTNAME} Shadowlurker,,Wanderer,mistymountainorcs,Infantry,,false,true,,,,,,,,,,False,False
spc_wanderer_mistymountainorcs_7,{=aom_spc_wanderer_mistymountainorcs_7_name}{FIRSTNAME} Doommarked,{FIRSTNAME} Doommarked,,Wanderer,mistymountainorcs,Infantry,,false,true,,,,,,,,,,False,False
spc_wanderer_mistymountainorcs_8,{=aom_spc_wanderer_mistymountainorcs_8_name}{FIRSTNAME} Goremaiden,{FIRSTNAME} Goremaiden,,Wanderer,mistymountainorcs,Infantry,,false,true,,,,,,,,,,False,False
spc_wanderer_mistymountainorcs_9,{=aom_spc_wanderer_mistymountainorcs_9_name}{FIRSTNAME} Cruelblade,{FIRSTNAME} Cruelblade,,Wanderer,mistymountainorcs,Infantry,,false,true,,,,,,,,,,False,False
dale_recruit,{=aom_dale_recruit_name}[Dale] Lake-Town Peasant,[Dale] Lake-Town Peasant,6.0,Soldier,sturgia,Infantry,true,,,33.0,30.0,53.0,17.0,12.0,5.0,0.0,38.0,dale_militia,True,True
dale_militia,{=aom_dale_militia_name}[Dale] Lake-Town Militia,[Dale] Lake-Town Militia,11.0,Soldier,sturgia,Infantry,,,,65.0,67.0,95.0,22.0,17.0,15.0,0.0,53.0,dale_lake_town_skirmisher|dale_footman,True,True
dale_lake_town_skirmisher,{=aom_dale_lake_town_skirmisher_name}[Dale] Lake-Town Watchman,[Dale] Lake-Town Watchman,16.0,Soldier,sturgia,Infantry,,,,95.0,97.0,120.0,27.0,22.0,25.0,5.0,85.0,dale_lake_town_mariner,True,True
dale_lake_town_mariner,{=aom_dale_lake_town_mariner_name}[Dale] Lake-Town Veteran Watchman,[Dale] Lake-Town Veteran Watchman,21.0,Soldier,sturgia,Infantry,,,,130.0,122.0,155.0,27.0,22.0,45.0,5.0,100.0,dale_lake_town_veteran,True,True
dale_lake_town_veteran,{=aom_dale_lake_town_veteran_name}[Dale] Lake-Town Officer of the Watch,[Dale] Lake-Town Officer of the Watch,26.0,Soldier,sturgia,Infantry,,,,180.0,167.0,195.0,32.0,27.0,65.0,10.0,105.0,,False,True
dale_footman,{=aom_dale_footman_name}[Dale] Lake-Town Patrolman,[Dale] Lake-Town Patrolman,16.0,Soldier,sturgia,Infantry,,,,95.0,97.0,120.0,27.0,22.0,25.0,5.0,85.0,dale_spearman,True,True
dale_spearman,{=aom_dale_spearman_name}[Dale] Lake-Town Pikeman,[Dale] Lake-Town Pikeman,21.0,Soldier,sturgia,Infantry,,,,115.0,122.0,170.0,27.0,22.0,45.0,5.0,100.0,dale_veteran_spearman,True,True
dale_veteran_spearman,{=aom_dale_veteran_spearman_name}[Dale] Lake-Town Veteran Pikeman,[Dale] Lake-Town Veteran Pikeman,26.0,Soldier,sturgia,Infantry,,,,165.0,167.0,210.0,32.0,27.0,65.0,10.0,105.0,dale_lake_town_hearthguard,True,True
dale_lake_town_hearthguard,{=aom_dale_lake_town_hearthguard_name}[Dale] Lake-Town Hearthguard,[Dale] Lake-Town Hearthguard,31.0,Soldier,sturgia,Infantry,,,,235.0,222.0,260.0,37.0,32.0,75.0,15.0,125.0,,False,True
dale_squire,{=aom_dale_squire_name}[Dale] Dalian Levy,[Dale] Dalian Levy,11.0,Soldier,sturgia,Infantry,true,,,65.0,67.0,95.0,22.0,17.0,15.0,0.0,53.0,dale_riverman|dale_man_at_arms|dale_bowman|dale_crossbowman|dale_outrider,True,True
dale_bowman,{=aom_dale_bowman_name}[Dale] Dalian Yeoman,[Dale] Dalian Yeoman,16.0,Soldier,sturgia,Ranged,,,,75.0,57.0,70.0,97.0,37.0,25.0,5.0,90.0,dale_longbowman,True,True
dale_longbowman,{=aom_dale_longbowman_name}[Dale] Dalian Bowman,[Dale] Dalian Bowman,21.0,Soldier,sturgia,Ranged,,,,105.0,77.0,95.0,142.0,42.0,35.0,5.0,100.0,dale_royal_archer,True,True
dale_royal_archer,{=aom_dale_royal_archer_name}[Dale] Dalian Marksman,[Dale] Dalian Marksman,26.0,Soldier,sturgia,Ranged,,,,145.0,97.0,115.0,182.0,47.0,45.0,10.0,110.0,dale_black_arrow_marksman,True,True
dale_black_arrow_marksman,{=aom_dale_black_arrow_marksman_name}[Dale] Dalian Barding,[Dale] Dalian Barding,31.0,Soldier,sturgia,Ranged,,,,170.0,112.0,125.0,217.0,52.0,55.0,15.0,120.0,,False,True
dale_crossbowman,{=aom_dale_crossbowman_name}[Dale] Dalian Crossbowman,[Dale] Dalian Crossbowman,16.0,Soldier,sturgia,Ranged,,,,75.0,57.0,70.0,37.0,97.0,25.0,5.0,90.0,dale_veteran_crossbowman,True,True
dale_veteran_crossbowman,{=aom_dale_veteran_crossbowman_name}[Dale] Dalian Veteran Crossbowman,[Dale] Dalian Veteran Crossbowman,21.0,Soldier,sturgia,Ranged,,,,105.0,77.0,95.0,42.0,142.0,35.0,5.0,100.0,dale_royal_crossbowman,True,True
dale_royal_crossbowman,{=aom_dale_royal_crossbowman_name}[Dale] Dalian Master Crossbowman,[Dale] Dalian Master Crossbowman,26.0,Soldier,sturgia,Ranged,,,,145.0,97.0,115.0,47.0,182.0,45.0,10.0,110.0,dale_master_crossbowman,True,True
dale_master_crossbowman,{=aom_dale_master_crossbowman_name}[Dale] Dalian Royal Crossbowman,[Dale] Dalian Royal Crossbowman,31.0,Soldier,sturgia,Ranged,,,,170.0,112.0,125.0,52.0,217.0,55.0,15.0,120.0,,False,True
dale_man_at_arms,{=aom_dale_man_at_arms_name}[Dale] Dalian Militia,[Dale] Dalian Militia,16.0,Soldier,sturgia,Infantry,,,,95.0,97.0,120.0,27.0,22.0,25.0,5.0,85.0,dale_guardsman,True,True
dale_guardsman,{=aom_dale_guardsman_name}[Dale] Dalian Guardsman,[Dale] Dalian Guardsman,21.0,Soldier,sturgia,Infantry,,,,130.0,122.0,155.0,27.0,22.0,45.0,5.0,100.0,dale_royal_guard,True,True
dale_royal_guard,{=aom_dale_royal_guard_name}[Dale] Dalian Swordsman,[Dale] Dalian Swordsman,26.0,Soldier,sturgia,Infantry,,,,195.0,167.0,180.0,32.0,27.0,65.0,10.0,105.0,dale_running_river_warden,True,True
dale_running_river_warden,{=aom_dale_running_river_warden_name}[Dale] Dalian Royal Swordsman,[Dale] Dalian Royal Swordsman,31.0,Soldier,sturgia,Infantry,,,,250.0,222.0,245.0,37.0,32.0,75.0,15.0,125.0,,False,True
dale_outrider,{=aom_dale_outrider_name}[Dale] Dalian Merchant Guard,[Dale] Dalian Merchant Guard,16.0,Soldier,sturgia,Cavalry,,,,85.0,62.0,125.0,27.0,22.0,20.0,85.0,90.0,dale_knight|dale_royal_cavalier,True,True
dale_knight,{=aom_dale_knight_name}[Dale] Dalian Northman Scout,[Dale] Dalian Northman Scout,21.0,Soldier,sturgia,Cavalry,,,,120.0,72.0,170.0,37.0,27.0,25.0,110.0,105.0,dale_veteran_northman_scout,True,True
dale_veteran_northman_scout,{=aom_dale_veteran_northman_scout_name}[Dale] Dalian Veteran Northman Scout,[Dale] Dalian Veteran Northman Scout,26.0,Soldier,sturgia,Cavalry,,,,175.0,92.0,220.0,42.0,32.0,35.0,150.0,120.0,,False,True
dale_royal_cavalier,{=aom_dale_royal_cavalier_name}[Dale] Dalian Cavalry,[Dale] Dalian Cavalry,21.0,Soldier,sturgia,Cavalry,,,,120.0,72.0,170.0,37.0,27.0,25.0,110.0,105.0,dale_kinsman_of_eorl,True,True
dale_kinsman_of_eorl,{=aom_dale_kinsman_of_eorl_name}[Dale] Dalian Heavy Cavalry,[Dale] Dalian Heavy Cavalry,26.0,Soldier,sturgia,Cavalry,,,,175.0,92.0,220.0,42.0,32.0,35.0,150.0,120.0,dale_kings_guard,True,True
dale_kings_guard,{=aom_dale_kings_guard_name}[Dale] Dalian King's Guard,[Dale] Dalian King's Guard,31.0,Soldier,sturgia,Cavalry,,,,225.0,112.0,275.0,47.0,37.0,45.0,200.0,135.0,,False,True
dale_riverman,{=aom_dale_riverman_name}[Dale] Dalian Riverman,[Dale] Dalian Riverman,16.0,Soldier,sturgia,Infantry,,,,95.0,97.0,120.0,27.0,22.0,25.0,5.0,85.0,dale_shipman,True,True
dale_shipman,{=aom_dale_shipman_name}[Dale] Dalian Shipman,[Dale] Dalian Shipman,21.0,Soldier,sturgia,Infantry,,,,130.0,122.0,155.0,27.0,22.0,45.0,5.0,100.0,dale_dalian_mariner,True,True
dale_dalian_mariner,{=aom_dale_dalian_mariner_name}[Dale] Dalian Mariner,[Dale] Dalian Mariner,26.0,Soldier,sturgia,Infantry,,,,180.0,167.0,195.0,32.0,27.0,65.0,10.0,105.0,,False,True
dale_militia_spearman,{=aom_dale_militia_spearman_name}[Dale] Militia Spearman,[Dale] Militia Spearman,6.0,Soldier,sturgia,Infantry,,,,115.0,122.0,170.0,27.0,22.0,45.0,5.0,100.0,dale_militia_veteran_spearman,True,True
dale_militia_archer,{=aom_dale_militia_archer_name}[Dale] Militia Archer,[Dale] Militia Archer,6.0,Soldier,sturgia,Ranged,,,,105.0,77.0,95.0,142.0,42.0,35.0,5.0,100.0,dale_militia_veteran_archer,True,True
dale_militia_veteran_spearman,{=aom_dale_militia_veteran_spearman_name}[Dale] Veteran Militia Spearman,[Dale] Veteran Militia Spearman,16.0,Soldier,sturgia,Infantry,,,,115.0,122.0,170.0,27.0,22.0,45.0,5.0,100.0,,False,True
dale_militia_veteran_archer,{=aom_dale_militia_veteran_archer_name}[Dale] Veteran Militia Archer,[Dale] Veteran Militia Archer,16.0,Soldier,sturgia,Ranged,,,,105.0,77.0,95.0,142.0,42.0,35.0,5.0,100.0,,False,True
dg_goblin_slave,{=aom_dg_goblin_slave_name}[Dol Guldur] Goblin Runt,[Dol Guldur] Goblin Runt,1.0,Soldier,dolguldur,Infantry,true,,,40.0,40.0,38.0,0.0,0.0,20.0,0.0,37.0,dg_goblin_harrier|dg_goblin_crawler,True,True
dg_goblin_crawler,{=aom_dg_goblin_crawler_name}[Dol Guldur] Goblin Crawler,[Dol Guldur] Goblin Crawler,6.0,Soldier,dolguldur,Infantry,,,,43.0,43.0,46.0,0.0,0.0,20.0,0.0,45.0,dg_goblin_hunter,True,True
dg_goblin_hunter,{=aom_dg_goblin_hunter_name}[Dol Guldur] Goblin Hunter,[Dol Guldur] Goblin Hunter,11.0,Soldier,dolguldur,Ranged,,,,45.0,50.0,48.0,50.0,10.0,30.0,5.0,62.0,dg_goblin_archer,True,True
dg_goblin_skirmisher,{=aom_dg_goblin_skirmisher_name}[Dol Guldur] Goblin Skirmisher,[Dol Guldur] Goblin Skirmisher,16.0,Soldier,dolguldur,Infantry,,,,105.0,110.0,113.0,10.0,5.0,40.0,10.0,92.0,dg_goblin_impaler,True,True
dg_goblin_archer,{=aom_dg_goblin_archer_name}[Dol Guldur] Goblin Archer,[Dol Guldur] Goblin Archer,21.0,Soldier,dolguldur,Ranged,,,,115.0,90.0,88.0,125.0,25.0,50.0,10.0,107.0,dg_goblin_fellbow,True,True
dg_goblin_harrier,{=aom_dg_goblin_harrier_name}[Dol Guldur] Goblin Harrier,[Dol Guldur] Goblin Harrier,6.0,Soldier,dolguldur,Infantry,,,,43.0,43.0,46.0,0.0,0.0,20.0,0.0,45.0,dg_goblin_skirmisher,True,True
dg_goblin_impaler,{=aom_dg_goblin_impaler_name}[Dol Guldur] Goblin Impaler,[Dol Guldur] Goblin Impaler,21.0,Soldier,dolguldur,Infantry,,,,140.0,135.0,148.0,10.0,5.0,60.0,10.0,107.0,,False,True
dg_goblin_fellbow,{=aom_dg_goblin_fellbow_name}[Dol Guldur] Goblin Fellbow,[Dol Guldur] Goblin Fellbow,26.0,Soldier,dolguldur,Ranged,,,,155.0,110.0,108.0,165.0,30.0,60.0,15.0,117.0,,False,True
dg_orc_recruit,{=aom_dg_orc_recruit_name}[Dol Guldur] Orc Recruit,[Dol Guldur] Orc Recruit,6.0,Soldier,dolguldur,Infantry,true,,,43.0,43.0,46.0,0.0,0.0,20.0,0.0,45.0,dg_orc_gnasher|dg_warg_scout,True,True
dg_orc_gnasher,{=aom_dg_orc_gnasher_name}[Dol Guldur] Orc Gnasher,[Dol Guldur] Orc Gnasher,11.0,Soldier,dolguldur,Infantry,,,,75.0,80.0,88.0,5.0,0.0,30.0,5.0,60.0,dg_orc_warrior,True,True
dg_orc_warrior,{=aom_dg_orc_warrior_name}[Dol Guldur] Orc Warrior,[Dol Guldur] Orc Warrior,16.0,Soldier,dolguldur,Infantry,,,,105.0,110.0,113.0,10.0,5.0,40.0,10.0,92.0,dg_orc_reaver,True,True
dg_orc_reaver,{=aom_dg_orc_reaver_name}[Dol Guldur] Orc Reaver,[Dol Guldur] Orc Reaver,21.0,Soldier,dolguldur,Infantry,,,,125.0,150.0,148.0,10.0,5.0,60.0,10.0,107.0,,False,True
dg_orc_scout,{=aom_dg_orc_scout_name}[Dol Guldur] Orc Scout,[Dol Guldur] Orc Scout,21.0,Soldier,dolguldur,Ranged,,,,115.0,90.0,88.0,125.0,25.0,50.0,10.0,107.0,dg_orc_archer,True,True
dg_orc_archer,{=aom_dg_orc_archer_name}[Dol Guldur] Orc Archer,[Dol Guldur] Orc Archer,26.0,Soldier,dolguldur,Ranged,,,,155.0,110.0,108.0,165.0,30.0,60.0,15.0,117.0,,False,True
dg_uruk_foul,{=aom_dg_uruk_foul_name}[Dol Guldur] Uruk Foul,[Dol Guldur] Uruk Foul,11.0,Soldier,dolguldur,Infantry,true,,,75.0,80.0,88.0,5.0,0.0,30.0,5.0,60.0,dg_uruk_warrior,True,True
dg_uruk_warrior,{=aom_dg_uruk_warrior_name}[Dol Guldur] Uruk Fighter,[Dol Guldur] Uruk Fighter,13.0,Soldier,dolguldur,Infantry,,,,95.0,90.0,95.0,10.0,5.0,30.0,5.0,80.0,dg_uruk_veteran_warrior,True,True
dg_uruk_veteran_warrior,{=aom_dg_uruk_veteran_warrior_name}[Dol Guldur] Uruk Warrior,[Dol Guldur] Uruk Warrior,16.0,Soldier,dolguldur,Infantry,,,,105.0,110.0,113.0,10.0,5.0,40.0,10.0,92.0,dg_uruk_swordsman|dg_uruk_skirmisher,True,True
dg_uruk_swordsman,{=aom_dg_uruk_swordsman_name}[Dol Guldur] Uruk Swordsman,[Dol Guldur] Uruk Swordsman,21.0,Soldier,dolguldur,Infantry,,,,155.0,135.0,133.0,10.0,5.0,60.0,10.0,107.0,dg_uruk_fell_infantry|dg_uruk_fell_fang,True,True
dg_uruk_fell_infantry,{=aom_dg_uruk_fell_infantry_name}[Dol Guldur] Uruk Fell Infantry,[Dol Guldur] Uruk Fell Infantry,26.0,Soldier,dolguldur,Infantry,,,,190.0,180.0,188.0,15.0,10.0,80.0,15.0,112.0,dg_uruk_black_guard,True,True
dg_uruk_black_guard,{=aom_dg_uruk_black_guard_name}[Dol Guldur] Uruk Black Guard,[Dol Guldur] Uruk Black Guard,31.0,Soldier,dolguldur,Infantry,,,,245.0,235.0,253.0,20.0,15.0,90.0,20.0,132.0,,False,True
dg_uruk_fell_fang,{=aom_dg_uruk_fell_fang_name}[Dol Guldur] Uruk Fell Fang,[Dol Guldur] Uruk Fell Fang,26.0,Soldier,dolguldur,Infantry,,,,190.0,180.0,188.0,15.0,10.0,80.0,15.0,112.0,dg_uruk_black_slayer,True,True
dg_uruk_black_slayer,{=aom_dg_uruk_black_slayer_name}[Dol Guldur] Uruk Black Slayer,[Dol Guldur] Uruk Black Slayer,31.0,Soldier,dolguldur,Infantry,,,,245.0,235.0,253.0,20.0,15.0,90.0,20.0,132.0,,False,True
dg_uruk_skirmisher,{=aom_dg_uruk_skirmisher_name}[Dol Guldur] Uruk Skirmisher,[Dol Guldur] Uruk Skirmisher,16.0,Soldier,dolguldur,Ranged,,,,85.0,70.0,63.0,80.0,20.0,40.0,10.0,97.0,dg_uruk_bowman,True,True
dg_uruk_bowman,{=aom_dg_uruk_bowman_name}[Dol Guldur] Uruk Bowman,[Dol Guldur] Uruk Bowman,21.0,Soldier,dolguldur,Ranged,,,,115.0,90.0,88.0,125.0,25.0,50.0,10.0,107.0,dg_uruk_fell_archer,True,True
dg_uruk_fell_archer,{=aom_dg_uruk_fell_archer_name}[Dol Guldur] Uruk Fell Archer,[Dol Guldur] Uruk Fell Archer,26.0,Soldier,dolguldur,Ranged,,,,155.0,110.0,108.0,165.0,30.0,60.0,15.0,117.0,dg_uruk_black_sharpshooter,True,True
dg_uruk_black_sharpshooter,{=aom_dg_uruk_black_sharpshooter_name}[Dol Guldur] Uruk Black Sharpshooter,[Dol Guldur] Uruk Black Sharpshooter,31.0,Soldier,dolguldur,Ranged,,,,180.0,125.0,118.0,200.0,35.0,70.0,20.0,127.0,,False,True
dg_warg_scout,{=aom_dg_warg_scout_name}[Dol Guldur] Warg Tracker,[Dol Guldur] Warg Tracker,16.0,Soldier,dolguldur,Cavalry,,,,95.0,75.0,118.0,10.0,5.0,35.0,90.0,97.0,dg_warg_raider,True,True
dg_warg_raider,{=aom_dg_warg_raider_name}[Dol Guldur] Warg Rider,[Dol Guldur] Warg Rider,21.0,Soldier,dolguldur,Cavalry,,,,130.0,85.0,163.0,20.0,10.0,40.0,115.0,112.0,dg_warg_skirmisher,True,True
dg_warg_skirmisher,{=aom_dg_warg_skirmisher_name}[Dol Guldur] Warg Ravager,[Dol Guldur] Warg Ravager,26.0,Soldier,dolguldur,Cavalry,,,,185.0,105.0,213.0,25.0,15.0,50.0,155.0,127.0,dg_warg_red_fang,True,True
dg_warg_red_fang,{=aom_dg_warg_red_fang_name}[Dol Guldur] Warg Fang,[Dol Guldur] Warg Fang,31.0,Soldier,dolguldur,HorseArcher,,,,195.0,120.0,158.0,240.0,25.0,75.0,250.0,157.0,dg_fell_warg_rider,True,True
dg_fell_warg_rider,{=aom_dg_fell_warg_rider_name}[Dol Guldur] Fell Ravager,[Dol Guldur] Fell Ravager,36.0,Soldier,dolguldur,Cavalry,,,,285.0,155.0,318.0,40.0,25.0,70.0,265.0,162.0,,False,True
dg_khamul_shadow_initiate,{=aom_dg_khamul_shadow_initiate_name}[Dol Guldur] Shadow Initiate,[Dol Guldur] Shadow Initiate,21.0,Soldier,dolguldur,Infantry,true,,,140.0,135.0,148.0,10.0,5.0,60.0,10.0,107.0,dg_khamul_shadow_disciple,True,True
dg_khamul_shadow_disciple,{=aom_dg_khamul_shadow_disciple_name}[Dol Guldur] Shadow Disciple,[Dol Guldur] Shadow Disciple,26.0,Soldier,dolguldur,Infantry,,,,190.0,180.0,188.0,15.0,10.0,80.0,15.0,112.0,dg_khamul_shadow_infantry|dg_khamul_shadow_archer,True,True
dg_khamul_shadow_infantry,{=aom_dg_khamul_shadow_infantry_name}[Dol Guldur] Shadow Infantry,[Dol Guldur] Shadow Infantry,31.0,Soldier,dolguldur,Infantry,,,,245.0,235.0,253.0,20.0,15.0,90.0,20.0,132.0,dg_khamul_shadow_warden,True,True
dg_khamul_shadow_archer,{=aom_dg_khamul_shadow_archer_name}[Dol Guldur] Shadow Archer,[Dol Guldur] Shadow Archer,31.0,Soldier,dolguldur,Ranged,,,,180.0,125.0,118.0,200.0,35.0,70.0,20.0,127.0,dg_khamul_shadow_marksman,True,True
dg_khamul_shadow_warden,{=aom_dg_khamul_shadow_warden_name}[Dol Guldur] Shadow Warden,[Dol Guldur] Shadow Warden,36.0,Soldier,dolguldur,Infantry,,,,285.0,275.0,293.0,25.0,20.0,100.0,25.0,152.0,dg_khamul_veiled_knight|dg_khamul_veiled_guard|dg_khamul_veiled_reaper,True,True
dg_khamul_shadow_marksman,{=aom_dg_khamul_shadow_marksman_name}[Dol Guldur] Shadow Marksman,[Dol Guldur] Shadow Marksman,36.0,Soldier,dolguldur,Ranged,,,,210.0,145.0,138.0,240.0,45.0,80.0,25.0,142.0,dg_khamul_veiled_marksman,True,True
dg_khamul_veiled_knight,{=aom_dg_khamul_veiled_knight_name}[Dol Guldur] Khamûl's Veiled Knight,[Dol Guldur] Khamûl's Veiled Knight,41.0,Soldier,dolguldur,Cavalry,,,,325.0,185.0,358.0,45.0,30.0,80.0,315.0,182.0,dg_khamul_shadow_knight,True,True
dg_khamul_shadow_knight,{=aom_dg_khamul_shadow_knight_name}[Dol Guldur] Khamûl's Shadow-Knight,[Dol Guldur] Khamûl's Shadow-Knight,46.0,Soldier,dolguldur,Cavalry,,,,355.0,205.0,388.0,50.0,35.0,80.0,355.0,197.0,,False,True
dg_khamul_veiled_guard,{=aom_dg_khamul_veiled_guard_name}[Dol Guldur] Khamûl's Veiled Guard,[Dol Guldur] Khamûl's Veiled Guard,41.0,Soldier,dolguldur,Infantry,,,,325.0,315.0,328.0,30.0,20.0,110.0,30.0,172.0,dg_khamul_shadow_guard,True,True
dg_khamul_shadow_guard,{=aom_dg_khamul_shadow_guard_name}[Dol Guldur] Khamûl's Shadow-Guard,[Dol Guldur] Khamûl's Shadow-Guard,46.0,Soldier,dolguldur,Infantry,,,,345.0,335.0,348.0,35.0,25.0,110.0,35.0,187.0,,False,True
dg_khamul_veiled_reaper,{=aom_dg_khamul_veiled_reaper_name}[Dol Guldur] Khamûl's Veiled Reaper,[Dol Guldur] Khamûl's Veiled Reaper,41.0,Soldier,dolguldur,Infantry,,,,325.0,315.0,328.0,30.0,20.0,110.0,30.0,172.0,dg_khamul_shadow_reaper,True,True
dg_khamul_shadow_reaper,{=aom_dg_khamul_shadow_reaper_name}[Dol Guldur] Khamûl's Shadow-Reaper,[Dol Guldur] Khamûl's Shadow-Reaper,46.0,Soldier,dolguldur,Infantry,,,,345.0,335.0,348.0,35.0,25.0,110.0,35.0,187.0,,False,True
dg_khamul_veiled_marksman,{=aom_dg_khamul_veiled_marksman_name}[Dol Guldur] Khamûl's Veiled Marksman,[Dol Guldur] Khamûl's Veiled Marksman,41.0,Soldier,dolguldur,Ranged,,,,235.0,165.0,158.0,275.0,50.0,90.0,30.0,162.0,dg_khamul_shadow_bowman,True,True
dg_khamul_shadow_bowman,{=aom_dg_khamul_shadow_bowman_name}[Dol Guldur] Khamûl's Shadowbow,[Dol Guldur] Khamûl's Shadowbow,46.0,Soldier,dolguldur,Ranged,,,,255.0,185.0,178.0,295.0,55.0,90.0,35.0,177.0,,False,True
dolguldur_militia_spearman,{=aom_dg_militia_spearman}Dol Guldur Militia Spearman,Dol Guldur Militia Spearman,11.0,Soldier,dolguldur,Infantry,,,,125.0,135.0,163.0,10.0,5.0,60.0,10.0,107.0,,False,True
dolguldur_militia_archer,{=aom_dg_militia_archer}Dol Guldur Militia Archer,Dol Guldur Militia Archer,11.0,Soldier,dolguldur,Ranged,,,,115.0,90.0,88.0,125.0,25.0,50.0,10.0,107.0,,False,True
dolguldur_militia_veteran_spearman,{=aom_dg_militia_vet_spear}Dol Guldur Militia Veteran Spearman,Dol Guldur Militia Veteran Spearman,16.0,Soldier,dolguldur,Infantry,,,,125.0,135.0,163.0,10.0,5.0,60.0,10.0,107.0,,False,True
dolguldur_militia_veteran_archer,{=aom_dg_militia_vet_archer}Dol Guldur Militia Veteran Archer,Dol Guldur Militia Veteran Archer,16.0,Soldier,dolguldur,Ranged,,,,115.0,90.0,88.0,125.0,25.0,50.0,10.0,107.0,,False,True
dunland_peasant,{=aom_dunland_peasant_name}[Dunland] Peasant,[Dunland] Peasant,6.0,Soldier,empire,Infantry,true,,,33.0,23.0,28.0,5.0,0.0,25.0,0.0,53.0,dunland_raider|dunland_hunter,True,True
dunland_raider,{=aom_dunland_raider_name}[Dunland] Tribal Raider,[Dunland] Tribal Raider,11.0,Soldier,empire,Infantry,,,,65.0,60.0,70.0,10.0,5.0,35.0,5.0,68.0,dunland_spearman|dunland_swordsman,True,True
dunland_hunter,{=aom_dunland_hunter_name}[Dunland] Tribal Hunter,[Dunland] Tribal Hunter,11.0,Soldier,empire,Ranged,,,,35.0,30.0,30.0,55.0,15.0,35.0,5.0,70.0,dunland_skirmisher,True,True
dunland_skirmisher,{=aom_dunland_skirmisher_name}[Dunland] Tribal Skirmisher,[Dunland] Tribal Skirmisher,16.0,Soldier,empire,Ranged,,,,75.0,50.0,45.0,85.0,25.0,45.0,10.0,105.0,,False,True
dunland_spearman,{=aom_dunland_spearman_name}[Dunland] Tribal Spearman,[Dunland] Tribal Spearman,16.0,Soldier,empire,Infantry,,,,80.0,90.0,110.0,15.0,10.0,45.0,10.0,100.0,dunland_veteran_spearman,True,True
dunland_swordsman,{=aom_dunland_swordsman_name}[Dunland] Tribal Swordsman,[Dunland] Tribal Swordsman,16.0,Soldier,empire,Infantry,,,,110.0,90.0,80.0,15.0,10.0,45.0,10.0,100.0,dunland_veteran_swordman,True,True
dunland_veteran_spearman,{=aom_dunland_veteran_spearman_name}[Dunland] Wild-man Spearman,[Dunland] Wild-man Spearman,21.0,Soldier,empire,Infantry,,,,115.0,115.0,145.0,15.0,10.0,65.0,10.0,115.0,,False,True
dunland_veteran_swordman,{=aom_dunland_veteran_swordman_name}[Dunland] Wild-man Swordman,[Dunland] Wild-man Swordman,21.0,Soldier,empire,Infantry,,,,145.0,115.0,115.0,15.0,10.0,65.0,10.0,115.0,,False,True
dunland_noble_son,{=aom_dunland_noble_son_name}[Dunland] Blaidd-lûth Noble Son,[Dunland] Blaidd-lûth Noble Son,11.0,Soldier,empire,Infantry,true,,,65.0,60.0,70.0,10.0,5.0,35.0,5.0,68.0,dunland_clan_warrior,True,True
dunland_clan_warrior,{=aom_dunland_clan_warrior_name}[Dunland] Blaidd-lûth Warrior,[Dunland] Blaidd-lûth Warrior,16.0,Soldier,empire,Infantry,,,,95.0,90.0,95.0,15.0,10.0,45.0,10.0,100.0,dunland_wolf_raider|dunland_bear_chosen|dunland_stag_lancer|dunland_lizard_horseman,True,True
dunland_raiders_boss,{=taom_dunland_raiders_boss_name}[Dunland] Blaidd-lûth Warlord,[Dunland] Blaidd-lûth Warlord,21.0,Bandit,dunland_raiders,Infantry,,,,130.0,115.0,130.0,15.0,10.0,65.0,10.0,115.0,,False,False
dunland_wolf_raider,{=aom_dunland_wolf_raider_name}[Dunland] Blaidd-lûth Raider,[Dunland] Blaidd-lûth Raider,21.0,Soldier,empire,Infantry,,,,130.0,115.0,130.0,15.0,10.0,65.0,10.0,115.0,dunland_wolf_axeman,True,True
dunland_wolf_axeman,{=aom_dunland_wolf_axeman_name}[Dunland] Blaidd-lûth Axeman,[Dunland] Blaidd-lûth Axeman,26.0,Soldier,empire,Infantry,,,,165.0,175.0,170.0,20.0,15.0,85.0,15.0,120.0,dunland_wolf_champion,True,True
dunland_wolf_champion,{=aom_dunland_wolf_champion_name}[Dunland] Blaidd-lûth Champion,[Dunland] Blaidd-lûth Champion,31.0,Soldier,empire,Infantry,,,,235.0,215.0,235.0,25.0,20.0,95.0,20.0,140.0,,False,True
dunland_bear_chosen,{=aom_dunland_bear_chosen_name}[Dunland] Arth-lûth Chosen,[Dunland] Arth-lûth Chosen,21.0,Soldier,empire,Infantry,,,,130.0,115.0,130.0,15.0,10.0,65.0,10.0,115.0,dunland_bear_berserker,True,True
dunland_bear_berserker,{=aom_dunland_bear_berserker_name}[Dunland] Arth-lûth Berserker,[Dunland] Arth-lûth Berserker,26.0,Soldier,empire,Infantry,,,,180.0,160.0,170.0,20.0,15.0,85.0,15.0,120.0,dunland_bear_executioner,True,True
dunland_bear_executioner,{=aom_dunland_bear_executioner_name}[Dunland] Arth-lûth Executioner,[Dunland] Arth-lûth Executioner,31.0,Soldier,empire,Infantry,,,,235.0,215.0,235.0,25.0,20.0,95.0,20.0,140.0,,False,True
dunland_stag_lancer,{=aom_dunland_stag_lancer_name}[Dunland] Caru-lûth Lancer,[Dunland] Caru-lûth Lancer,21.0,Soldier,empire,Cavalry,,,,105.0,65.0,160.0,25.0,15.0,45.0,115.0,120.0,dunland_stag_rider,True,True
dunland_stag_rider,{=aom_dunland_stag_rider_name}[Dunland] Caru-lûth Rider,[Dunland] Caru-lûth Rider,26.0,Soldier,empire,Cavalry,,,,175.0,85.0,195.0,30.0,20.0,55.0,155.0,135.0,dunland_stag_noble_lancer,True,True
dunland_stag_noble_lancer,{=aom_dunland_stag_noble_lancer_name}[Dunland] Caru-lûth Noble Lancer,[Dunland] Caru-lûth Noble Lancer,31.0,Soldier,empire,Cavalry,,,,210.0,105.0,265.0,35.0,25.0,65.0,205.0,150.0,,False,True
dunland_lizard_horseman,{=aom_dunland_lizard_horseman_name}[Dunland] Avanc-lûth Horseman,[Dunland] Avanc-lûth Horseman,21.0,Soldier,empire,Cavalry,,,,120.0,65.0,145.0,25.0,15.0,45.0,115.0,120.0,dunland_lizard_outrider,True,True
dunland_lizard_outrider,{=aom_dunland_lizard_outrider_name}[Dunland] Avanc-lûth Outrider,[Dunland] Avanc-lûth Outrider,26.0,Soldier,empire,Cavalry,,,,175.0,85.0,195.0,30.0,20.0,55.0,155.0,135.0,dunland_lizard_noble_cavalry,True,True
dunland_lizard_noble_cavalry,{=aom_dunland_lizard_noble_cavalry_name}[Dunland] Avanc-lûth Noble Cavalry,[Dunland] Avanc-lûth Noble Cavalry,31.0,Soldier,empire,Cavalry,,,,225.0,105.0,250.0,35.0,25.0,65.0,205.0,150.0,,False,True
dunland_raven_noble_son,{=aom_dunland_raven_noble_son_name}[Dunland] Cigfran-lûth Hunter,[Dunland] Cigfran-lûth Hunter,11.0,Soldier,empire,Infantry,true,,,65.0,60.0,70.0,10.0,5.0,35.0,5.0,68.0,dunland_raven_warrior,True,True
dunland_raven_warrior,{=aom_dunland_raven_warrior_name}[Dunland] Cigfran-lûth Skirmisher,[Dunland] Cigfran-lûth Skirmisher,16.0,Soldier,empire,Ranged,,,,75.0,50.0,45.0,85.0,25.0,45.0,10.0,105.0,dunland_raven_archer|dunland_falcon_archer,True,True
dunland_raven_archer,{=aom_dunland_raven_archer_name}[Dunland] Cigfran-lûth Archer,[Dunland] Cigfran-lûth Archer,21.0,Soldier,empire,Ranged,,,,105.0,70.0,70.0,130.0,30.0,55.0,10.0,115.0,dunland_raven_ranger,True,True
dunland_raven_ranger,{=aom_dunland_raven_ranger_name}[Dunland] Cigfran-lûth Ranger,[Dunland] Cigfran-lûth Ranger,26.0,Soldier,empire,Ranged,,,,145.0,90.0,90.0,170.0,35.0,65.0,15.0,125.0,dunland_raven_master_ranger,True,True
dunland_raven_master_ranger,{=aom_dunland_raven_master_ranger_name}[Dunland] Cigfran-lûth Master Ranger,[Dunland] Cigfran-lûth Master Ranger,31.0,Soldier,empire,Ranged,,,,170.0,105.0,100.0,205.0,40.0,75.0,20.0,135.0,,False,True
dunland_falcon_archer,{=aom_dunland_falcon_archer_name}[Dunland] Hebog-lûth Scout,[Dunland] Hebog-lûth Scout,21.0,Soldier,empire,Cavalry,,,,120.0,65.0,145.0,25.0,15.0,45.0,115.0,120.0,dunland_falcon_wildrider,True,True
dunland_falcon_wildrider,{=aom_dunland_falcon_wildrider_name}[Dunland] Hebog-lûth Horse Archer,[Dunland] Hebog-lûth Horse Archer,26.0,Soldier,empire,Cavalry,,,,175.0,85.0,195.0,30.0,20.0,55.0,155.0,135.0,dunland_falcon_noble_horse_archer,True,True
dunland_falcon_noble_horse_archer,{=aom_dunland_falcon_noble_horse_archer_name}[Dunland] Hebog-lûth Noble Horse Archer,[Dunland] Hebog-lûth Noble Horse Archer,31.0,Soldier,empire,Cavalry,,,,225.0,105.0,250.0,35.0,25.0,65.0,205.0,150.0,,False,True
dunland_boar_noble_son,{=aom_dunland_boar_noble_son_name}[Dunland] Turch-lûth Noble Son,[Dunland] Turch-lûth Noble Son,11.0,Soldier,empire,Infantry,true,,,65.0,60.0,70.0,10.0,5.0,35.0,5.0,68.0,dunland_boar_warrior,True,True
dunland_boar_warrior,{=aom_dunland_boar_warrior_name}[Dunland] Turch-lûth Tuskrunner,[Dunland] Turch-lûth Tuskrunner,16.0,Soldier,empire,Infantry,,,,95.0,90.0,95.0,15.0,10.0,45.0,10.0,100.0,dunland_boar_spearman|dunland_ox_pikeman|dunland_dragon_crossbowman,True,True
dunland_boar_spearman,{=aom_dunland_boar_spearman_name}[Dunland] Turch-lûth Goreblade,[Dunland] Turch-lûth Goreblade,21.0,Soldier,empire,Infantry,,,,130.0,115.0,130.0,15.0,10.0,65.0,10.0,115.0,dunland_boar_boar_warrior,True,True
dunland_boar_boar_warrior,{=aom_dunland_boar_boar_warrior_name}[Dunland] Turch-lûth Ironhide,[Dunland] Turch-lûth Ironhide,26.0,Soldier,empire,Infantry,,,,180.0,160.0,170.0,20.0,15.0,85.0,15.0,120.0,dunland_boar_warlord,True,True
dunland_boar_warlord,{=aom_dunland_boar_warlord_name}[Dunland] Turch-lûth Huskarl,[Dunland] Turch-lûth Huskarl,31.0,Soldier,empire,Infantry,,,,235.0,215.0,235.0,25.0,20.0,95.0,20.0,140.0,,False,True
dunland_ox_pikeman,{=aom_dunland_ox_pikeman_name}[Dunland] Uch-lûth Pikeman,[Dunland] Uch-lûth Pikeman,21.0,Soldier,empire,Infantry,,,,115.0,115.0,145.0,15.0,10.0,65.0,10.0,115.0,dunland_ox_guard,True,True
dunland_ox_guard,{=aom_dunland_ox_guard_name}[Dunland] Uch-lûth Bodyguard,[Dunland] Uch-lûth Bodyguard,26.0,Soldier,empire,Infantry,,,,180.0,160.0,170.0,20.0,15.0,85.0,15.0,120.0,dunland_ox_iron_wall,True,True
dunland_ox_iron_wall,{=aom_dunland_ox_iron_wall_name}[Dunland] Uch-lûth Iron Wall,[Dunland] Uch-lûth Iron Wall,31.0,Soldier,empire,Infantry,,,,235.0,215.0,235.0,25.0,20.0,95.0,20.0,140.0,,False,True
dunland_dragon_crossbowman,{=aom_dunland_dragon_crossbowman_name}[Dunland] Draig-lûth Crossbowman,[Dunland] Draig-lûth Crossbowman,21.0,Soldier,empire,Ranged,,,,105.0,70.0,70.0,30.0,130.0,55.0,10.0,115.0,dunland_dragon_firebolt,True,True
dunland_dragon_firebolt,{=aom_dunland_dragon_firebolt_name}[Dunland] Draig-lûth Firebolt,[Dunland] Draig-lûth Firebolt,26.0,Soldier,empire,Ranged,,,,145.0,90.0,90.0,170.0,35.0,65.0,15.0,125.0,dunland_dragon_sniper,True,True
dunland_dragon_sniper,{=aom_dunland_dragon_sniper_name}[Dunland] Draig-lûth Sharpshooter,[Dunland] Draig-lûth Sharpshooter,31.0,Soldier,empire,Ranged,,,,170.0,105.0,100.0,205.0,40.0,75.0,20.0,135.0,,False,True
dunland_militia_spearman,{=aom_dunland_militia_spearman_name}[Dunland] Militia Spearman,[Dunland] Militia Spearman,11.0,Soldier,empire,Infantry,,,,115.0,115.0,145.0,15.0,10.0,65.0,10.0,115.0,,False,True
dunland_militia_archer,{=aom_dunland_militia_archer_name}[Dunland] Militia Archer,[Dunland] Militia Archer,11.0,Soldier,empire,Ranged,,,,105.0,70.0,70.0,130.0,30.0,55.0,10.0,115.0,,False,True
dunland_militia_veteran_spearman,{=aom_dunland_militia_vet_spear_name}[Dunland] Militia Veteran Spearman,[Dunland] Militia Veteran Spearman,16.0,Soldier,empire,Infantry,,,,115.0,115.0,145.0,15.0,10.0,65.0,10.0,115.0,,False,True
dunland_militia_veteran_archer,{=aom_dunland_militia_vet_arch_name}[Dunland] Militia Veteran Archer,[Dunland] Militia Veteran Archer,16.0,Soldier,empire,Ranged,,,,105.0,70.0,70.0,130.0,30.0,55.0,10.0,115.0,,False,True
erebor_militia_spearman,{=aom_er_militia_spear}[Erebor] Militia Spearman,[Erebor] Militia Spearman,11.0,Soldier,erebor,Infantry,,,,120.0,130.0,155.0,15.0,10.0,60.0,0.0,105.0,,False,True
erebor_militia_archer,{=aom_er_militia_archer}[Erebor] Militia Archer,[Erebor] Militia Archer,11.0,Soldier,erebor,Ranged,,,,110.0,85.0,80.0,130.0,30.0,50.0,0.0,105.0,,False,True
erebor_militia_veteran_spearman,{=aom_er_militia_vet_spear}[Erebor] Militia Veteran Spearman,[Erebor] Militia Veteran Spearman,16.0,Soldier,erebor,Infantry,,,,120.0,130.0,155.0,15.0,10.0,60.0,0.0,105.0,,False,True
erebor_militia_veteran_archer,{=aom_er_militia_vet_archer}[Erebor] Militia Veteran Archer,[Erebor] Militia Veteran Archer,16.0,Soldier,erebor,Ranged,,,,110.0,85.0,80.0,130.0,30.0,50.0,0.0,105.0,,False,True
erebor_reg_miner,{=aom_erebor_reg_miner_name}[Erebor] Miner,[Erebor] Miner,11.0,Soldier,erebor,Infantry,true,,,70.0,75.0,80.0,10.0,5.0,30.0,0.0,58.0,erebor_reg_militia,True,True
erebor_reg_militia,{=aom_erebor_reg_militia_name}[Erebor] Militia,[Erebor] Militia,16.0,Soldier,erebor,Infantry,,,,100.0,105.0,105.0,15.0,10.0,40.0,0.0,90.0,erebor_reg_skirmisher|erebor_reg_company,True,True
erebor_reg_skirmisher,{=aom_erebor_reg_skirmisher_name}[Erebor] Skirmisher,[Erebor] Skirmisher,21.0,Soldier,erebor,Ranged,,,,110.0,85.0,80.0,130.0,30.0,50.0,0.0,105.0,erebor_reg_bowman,True,True
erebor_warriors_boss,{=taom_erebor_warriors_boss_name}[Erebor] Warrior Captain,[Erebor] Warrior Captain,26.0,Bandit,erebor_warriors,Ranged,,,,150.0,105.0,100.0,170.0,35.0,60.0,0.0,115.0,,False,False
erebor_reg_bowman,{=aom_erebor_reg_bowman_name}[Erebor] Bowman,[Erebor] Bowman,26.0,Soldier,erebor,Ranged,,,,150.0,105.0,100.0,170.0,35.0,60.0,0.0,115.0,,False,True
erebor_reg_company,{=aom_erebor_reg_company_name}[Erebor] Company,[Erebor] Company,21.0,Soldier,erebor,Infantry,,,,135.0,130.0,140.0,15.0,10.0,60.0,0.0,105.0,erebor_reg_fighter,True,True
erebor_reg_fighter,{=aom_erebor_reg_fighter_name}[Erebor] Fighter,[Erebor] Fighter,26.0,Soldier,erebor,Infantry,,,,185.0,175.0,180.0,20.0,15.0,80.0,0.0,110.0,erebor_reg_mattock_warrior|erebor_reg_warrior,True,True
erebor_reg_mattock_warrior,{=aom_erebor_reg_mattock_warrior_name}[Erebor] Mattock Warrior,[Erebor] Mattock Warrior,31.0,Soldier,erebor,Infantry,,,,225.0,230.0,260.0,25.0,20.0,90.0,5.0,130.0,,False,True
erebor_reg_warrior,{=aom_erebor_reg_warrior_name}[Erebor] Warrior,[Erebor] Warrior,31.0,Soldier,erebor,Infantry,,,,240.0,230.0,245.0,25.0,20.0,90.0,5.0,130.0,,False,True
erebor_noble,{=aom_erebor_noble_name}[Erebor] Noble,[Erebor] Noble,16.0,Soldier,erebor,Infantry,true,,,100.0,105.0,105.0,15.0,10.0,40.0,0.0,90.0,erebor_noble_ranger|erebor_noble_longbeard,True,True
erebor_noble_ranger,{=aom_erebor_noble_ranger_name}[Erebor] Ranger,[Erebor] Ranger,21.0,Soldier,erebor,Ranged,,,,110.0,85.0,80.0,130.0,30.0,50.0,0.0,105.0,erebor_noble_archer,True,True
erebor_noble_longbeard,{=aom_erebor_noble_longbeard_name}[Erebor] Longbeard,[Erebor] Longbeard,21.0,Soldier,erebor,Infantry,,,,135.0,130.0,140.0,15.0,10.0,60.0,0.0,105.0,erebor_noble_infantry,True,True
erebor_noble_archer,{=aom_erebor_noble_archer_name}[Erebor] Archer,[Erebor] Archer,26.0,Soldier,erebor,Ranged,,,,150.0,105.0,100.0,170.0,35.0,60.0,0.0,115.0,erebor_noble_veteran_archer,True,True
erebor_noble_infantry,{=aom_erebor_noble_infantry_name}[Erebor] Infantry,[Erebor] Infantry,26.0,Soldier,erebor,Infantry,,,,185.0,175.0,180.0,20.0,15.0,80.0,0.0,110.0,erebor_noble_guard|erebor_noble_axe_guard,True,True
erebor_noble_guard,{=aom_erebor_noble_guard_name}[Erebor] Guard,[Erebor] Guard,31.0,Soldier,erebor,Infantry,,,,240.0,230.0,245.0,25.0,20.0,90.0,5.0,130.0,erebor_noble_shield_guard,True,True
erebor_noble_veteran_archer,{=aom_erebor_noble_veteran_archer_name}[Erebor] Veteran Archer,[Erebor] Veteran Archer,31.0,Soldier,erebor,Ranged,,,,175.0,120.0,110.0,205.0,40.0,70.0,5.0,125.0,,False,True
erebor_noble_axe_guard,{=aom_erebor_noble_axe_guard_name}[Erebor] Axe-Guard,[Erebor] Axe-Guard,31.0,Soldier,erebor,Infantry,,,,225.0,245.0,245.0,25.0,20.0,90.0,5.0,130.0,erebor_noble_veteran_axe_guard,True,True
erebor_noble_shield_guard,{=aom_erebor_noble_shield_guard_name}[Erebor] Shield-Guard,[Erebor] Shield-Guard,36.0,Soldier,erebor,Infantry,,,,295.0,270.0,270.0,30.0,25.0,100.0,10.0,150.0,erebor_noble_gate_warden,True,True
erebor_noble_veteran_axe_guard,{=aom_erebor_noble_veteran_axe_guard_name}[Erebor] Veteran Axe-Guard,[Erebor] Veteran Axe-Guard,36.0,Soldier,erebor,Infantry,,,,265.0,285.0,285.0,30.0,25.0,100.0,10.0,150.0,erebor_noble_shield_breaker,True,True
erebor_noble_gate_warden,{=aom_erebor_noble_gate_warden_name}[Erebor] Gate Warden,[Erebor] Gate Warden,41.0,Soldier,erebor,Infantry,,,,320.0,310.0,320.0,35.0,25.0,110.0,15.0,170.0,erebor_noble_royal_warden,True,True
erebor_noble_shield_breaker,{=aom_erebor_noble_shield_breaker_name}[Erebor] Shield-Breaker,[Erebor] Shield-Breaker,41.0,Soldier,erebor,Infantry,,,,335.0,310.0,305.0,35.0,25.0,110.0,15.0,170.0,,False,True
erebor_noble_royal_warden,{=aom_erebor_noble_royal_warden_name}[Erebor] Royal Warden,[Erebor] Royal Warden,46.0,Soldier,erebor,Infantry,,,,340.0,330.0,340.0,40.0,30.0,110.0,20.0,185.0,,False,True
erebor_oathsworn,{=aom_erebor_oathsworn_name}[Erebor] Oathsworn,[Erebor] Oathsworn,36.0,Soldier,erebor,Infantry,true,,,280.0,270.0,285.0,30.0,25.0,100.0,10.0,150.0,erebor_oathsworn_legionary,True,True
erebor_oathsworn_legionary,{=aom_erebor_oathsworn_legionary_name}[Erebor] Legionary,[Erebor] Legionary,41.0,Soldier,erebor,Infantry,,,,320.0,310.0,320.0,35.0,25.0,110.0,15.0,170.0,erebor_oathsworn_royal_legionary,True,True
erebor_oathsworn_royal_legionary,{=aom_erebor_oathsworn_royal_legionary_name}[Erebor] Royal Legionary,[Erebor] Royal Legionary,46.0,Soldier,erebor,Infantry,,,,340.0,330.0,340.0,40.0,30.0,110.0,20.0,185.0,,False,True
iron_hills_reg_recruit,{=aom_iron_hills_reg_recruit_name}[Iron Hills] Recruit,[Iron Hills] Recruit,11.0,Soldier,erebor,Infantry,true,,,75.0,75.0,90.0,10.0,10.0,30.0,5.0,58.0,iron_hills_reg_militia,True,True
iron_hills_reg_militia,{=aom_iron_hills_reg_militia_name}[Iron Hills] Militia,[Iron Hills] Militia,16.0,Soldier,erebor,Infantry,,,,105.0,105.0,115.0,15.0,15.0,40.0,10.0,90.0,iron_hills_reg_skirmisher|iron_hills_reg_company,True,True
iron_hills_reg_skirmisher,{=aom_iron_hills_reg_skirmisher_name}[Iron Hills] Skirmisher,[Iron Hills] Skirmisher,21.0,Soldier,erebor,Ranged,,,,115.0,85.0,90.0,130.0,35.0,50.0,10.0,105.0,iron_hills_reg_bowman,True,True
iron_hills_reg_bowman,{=aom_iron_hills_reg_bowman_name}[Iron Hills] Bowman,[Iron Hills] Bowman,26.0,Soldier,erebor,Ranged,,,,155.0,105.0,110.0,170.0,40.0,60.0,15.0,115.0,,False,True
iron_hills_reg_company,{=aom_iron_hills_reg_company_name}[Iron Hills] Company,[Iron Hills] Company,21.0,Soldier,erebor,Infantry,,,,140.0,130.0,150.0,15.0,15.0,60.0,10.0,105.0,iron_hills_reg_fighter,True,True
iron_hills_reg_fighter,{=aom_iron_hills_reg_fighter_name}[Iron Hills] Fighter,[Iron Hills] Fighter,26.0,Soldier,erebor,Infantry,,,,190.0,175.0,190.0,20.0,20.0,80.0,15.0,110.0,iron_hills_reg_axe_warrior|iron_hills_reg_warrior,True,True
iron_hills_reg_axe_warrior,{=aom_iron_hills_reg_axe_warrior_name}[Iron Hills] Axe Warrior,[Iron Hills] Axe Warrior,31.0,Soldier,erebor,Infantry,,,,230.0,245.0,255.0,25.0,25.0,90.0,20.0,130.0,,False,True
iron_hills_reg_warrior,{=aom_iron_hills_reg_warrior_name}[Iron Hills] Warrior,[Iron Hills] Warrior,31.0,Soldier,erebor,Infantry,,,,245.0,230.0,255.0,25.0,25.0,90.0,20.0,130.0,,False,True
ironpass_recruit,{=aom_ironpass_recruit_name}[Ironpass] Recruit,[Ironpass] Recruit,11.0,Soldier,erebor,Infantry,true,,,70.0,75.0,80.0,10.0,5.0,30.0,0.0,58.0,ironpass_warrior,True,True
ironpass_warrior,{=aom_ironpass_warrior_name}[Ironpass] Warrior,[Ironpass] Warrior,16.0,Soldier,erebor,Infantry,,,,100.0,105.0,105.0,15.0,10.0,40.0,0.0,90.0,ironpass_infantry|ironpass_arbalest,True,True
ironpass_infantry,{=aom_ironpass_infantry_name}[Ironpass] Infantry,[Ironpass] Infantry,21.0,Soldier,erebor,Infantry,,,,135.0,130.0,140.0,15.0,10.0,60.0,0.0,105.0,ironpass_axeman,True,True
ironpass_axeman,{=aom_ironpass_axeman_name}[Ironpass] Axeman,[Ironpass] Axeman,26.0,Soldier,erebor,Infantry,,,,170.0,190.0,180.0,20.0,15.0,80.0,0.0,110.0,ironpass_veteran_axeman,True,True
ironpass_veteran_axeman,{=aom_ironpass_veteran_axeman_name}[Ironpass] Veteran Axeman,[Ironpass] Veteran Axeman,31.0,Soldier,erebor,Infantry,,,,225.0,245.0,245.0,25.0,20.0,90.0,5.0,130.0,ironpass_mountain_guard,True,True
ironpass_mountain_guard,{=aom_ironpass_mountain_guard_name}[Ironpass] Mountain Guard,[Ironpass] Mountain Guard,36.0,Soldier,erebor,Infantry,,,,280.0,270.0,285.0,30.0,25.0,100.0,10.0,150.0,,False,True
ironpass_arbalest,{=aom_ironpass_arbalest_name}[Ironpass] Arbalest,[Ironpass] Arbalest,21.0,Soldier,erebor,Ranged,,,,110.0,85.0,80.0,30.0,130.0,50.0,0.0,105.0,ironpass_veteran_arbalest,True,True
ironpass_veteran_arbalest,{=aom_ironpass_veteran_arbalest_name}[Ironpass] Veteran Arbalest,[Ironpass] Veteran Arbalest,26.0,Soldier,erebor,Ranged,,,,150.0,105.0,100.0,35.0,170.0,60.0,0.0,115.0,ironpass_sharpshooter,True,True
ironpass_sharpshooter,{=aom_ironpass_sharpshooter_name}[Ironpass] Sharpshooter,[Ironpass] Sharpshooter,31.0,Soldier,erebor,Ranged,,,,175.0,120.0,110.0,205.0,40.0,70.0,5.0,125.0,,False,True
iron_hills_noble,{=iron_hills_noble_name}[Iron Hills] Noble,[Iron Hills] Noble,16.0,Soldier,erebor,Infantry,true,,,105.0,105.0,115.0,15.0,15.0,40.0,10.0,90.0,iron_hills_noble_scout|iron_hills_noble_swordsman,True,True
iron_hills_noble_scout,{=iron_hills_noble_scout_name}[Iron Hills] Scout,[Iron Hills] Scout,21.0,Soldier,erebor,Ranged,,,,115.0,85.0,90.0,130.0,35.0,50.0,10.0,105.0,iron_hills_noble_sharpshooter,True,True
iron_hills_noble_sharpshooter,{=iron_hills_noble_sharpshooter_name}[Iron Hills] Sharpshooter,[Iron Hills] Sharpshooter,26.0,Soldier,erebor,Ranged,,,,155.0,105.0,110.0,170.0,40.0,60.0,15.0,115.0,iron_hills_noble_veteran_sharpshooter,True,True
iron_hills_noble_veteran_sharpshooter,{=iron_hills_noble_veteran_sharpshooter_name}[Iron Hills] Veteran Sharpshooter,[Iron Hills] Veteran Sharpshooter,31.0,Soldier,erebor,Ranged,,,,180.0,120.0,120.0,205.0,45.0,70.0,20.0,125.0,,False,True
iron_hills_noble_swordsman,{=iron_hills_noble_swordsman_name}[Iron Hills] Swordsman,[Iron Hills] Swordsman,21.0,Soldier,erebor,Infantry,,,,155.0,130.0,135.0,15.0,15.0,60.0,10.0,105.0,iron_hills_noble_infantry,True,True
iron_hills_noble_infantry,{=iron_hills_noble_infantry_name}[Iron Hills] Infantry,[Iron Hills] Infantry,26.0,Soldier,erebor,Infantry,,,,190.0,175.0,190.0,20.0,20.0,80.0,15.0,110.0,iron_hills_noble_guard|iron_hills_noble_hammer_guard,True,True
iron_hills_noble_guard,{=iron_hills_noble_guard_name}[Iron Hills] Guard,[Iron Hills] Guard,31.0,Soldier,erebor,Infantry,,,,245.0,230.0,255.0,25.0,25.0,90.0,20.0,130.0,iron_hills_noble_shield_guard,True,True
iron_hills_noble_shield_guard,{=iron_hills_noble_shield_guard_name}[Iron Hills] Shield-Guard,[Iron Hills] Shield-Guard,36.0,Soldier,erebor,Infantry,,,,300.0,270.0,280.0,30.0,30.0,100.0,25.0,150.0,iron_hills_noble_gate_warden,True,True
iron_hills_noble_gate_warden,{=iron_hills_noble_gate_warden_name}[Iron Hills] Gate Warden,[Iron Hills] Gate Warden,41.0,Soldier,erebor,Infantry,,,,325.0,310.0,330.0,35.0,30.0,110.0,30.0,170.0,iron_hills_noble_royal_warden,True,True
iron_hills_noble_royal_warden,{=iron_hills_noble_royal_warden_name}[Iron Hills] Royal Warden,[Iron Hills] Royal Warden,46.0,Soldier,erebor,Infantry,,,,345.0,330.0,350.0,40.0,35.0,110.0,35.0,185.0,,False,True
iron_hills_noble_hammer_guard,{=iron_hills_noble_hammer_guard_name}[Iron Hills] Hammer-Guard,[Iron Hills] Hammer-Guard,31.0,Soldier,erebor,Infantry,,,,230.0,245.0,255.0,25.0,25.0,90.0,20.0,130.0,iron_hills_noble_anvilguard,True,True
iron_hills_noble_anvilguard,{=iron_hills_noble_anvilguard_name}[Iron Hills] Anvilguard,[Iron Hills] Anvilguard,36.0,Soldier,erebor,Infantry,,,,285.0,270.0,295.0,30.0,30.0,100.0,25.0,150.0,iron_hills_noble_ironbreaker,True,True
iron_hills_noble_ironbreaker,{=iron_hills_noble_ironbreaker_name}[Iron Hills] Ironbreaker,[Iron Hills] Ironbreaker,41.0,Soldier,erebor,Infantry,,,,325.0,310.0,330.0,35.0,30.0,110.0,30.0,170.0,,False,True
goblin_snaga,{=aom_goblin_snaga_name}[Goblin] Goblin Warrior,[Goblin] Goblin Warrior,11.0,Soldier,goblin,Infantry,true,,,52.0,50.0,62.0,25.0,0.0,15.0,0.0,38.0,goblin_grunt,True,True
goblin_hunter,{=aom_goblin_hunter_name}[Goblin] Hunter,[Goblin] Hunter,11.0,Soldier,goblin,Ranged,,,,22.0,20.0,22.0,70.0,0.0,15.0,0.0,40.0,goblin_lurker,True,True
goblin_grunt,{=aom_goblin_grunt_name}[Goblin] Goblin Brawler,[Goblin] Goblin Brawler,16.0,Soldier,goblin,Infantry,,,,82.0,80.0,87.0,30.0,0.0,25.0,0.0,70.0,goblin_fighter|goblin_guard,True,True
goblin_lurker,{=aom_goblin_lurker_name}[Goblin] Lurker,[Goblin] Lurker,16.0,Soldier,goblin,Ranged,,,,62.0,40.0,37.0,100.0,10.0,25.0,0.0,75.0,goblin_sentry,True,True
goblin_sentry,{=aom_goblin_sentry_name}[Goblin] Sentry,[Goblin] Sentry,21.0,Soldier,goblin,Ranged,,,,92.0,60.0,62.0,145.0,15.0,35.0,0.0,85.0,goblin_archer,True,True
goblin_archer,{=aom_goblin_archer_name}[Goblin] Archer,[Goblin] Archer,26.0,Soldier,goblin,Ranged,,,,132.0,80.0,82.0,185.0,20.0,45.0,5.0,95.0,,False,True
goblin_fighter,{=aom_goblin_fighter_name}[Goblin] Goblin Raider,[Goblin] Goblin Raider,21.0,Soldier,goblin,Infantry,,,,117.0,105.0,122.0,30.0,0.0,45.0,0.0,85.0,goblin_brute|goblin_sword_warrior,True,True
goblin_guard,{=aom_goblin_guard_name}[Goblin] Goblin Impaler,[Goblin] Goblin Impaler,21.0,Soldier,goblin,Infantry,,,,117.0,105.0,122.0,30.0,0.0,45.0,0.0,85.0,goblin_spear_warrior,True,True
goblin_brute,{=aom_goblin_brute_name}[Goblin] Goblin Ravager,[Goblin] Goblin Ravager,26.0,Soldier,goblin,Infantry,,,,167.0,150.0,162.0,35.0,0.0,65.0,5.0,90.0,goblin_veteran_sword_warrior,True,True
goblin_berserker,{=aom_goblin_berserker_name}[Goblin] Goblin Bone Breaker,[Goblin] Goblin Bone Breaker,31.0,Soldier,goblin,Infantry,,,,222.0,205.0,227.0,40.0,5.0,75.0,10.0,110.0,goblin_veteran_berserker,True,True
goblin_veteran_berserker,{=aom_goblin_veteran_berserker_name}[Goblin] Goblin Skull Crusher,[Goblin] Goblin Skull Crusher,36.0,Soldier,goblin,Infantry,,,,262.0,245.0,267.0,45.0,10.0,85.0,15.0,130.0,,False,True
goblin_sword_warrior,{=aom_goblin_sword_warrior_name}[Goblin] Goblin Mauler,[Goblin] Goblin Mauler,26.0,Soldier,goblin,Infantry,,,,182.0,150.0,147.0,35.0,0.0,65.0,5.0,90.0,goblin_berserker,True,True
goblin_veteran_sword_warrior,{=aom_goblin_veteran_sword_warrior_name}[Goblin] Goblin Infantry,[Goblin] Goblin Infantry,31.0,Soldier,goblin,Infantry,,,,237.0,205.0,212.0,40.0,5.0,75.0,10.0,110.0,goblin_chosen_of_tharzog,True,True
goblin_chosen_of_tharzog,{=aom_goblin_chosen_of_tharzog_name}[Goblin] Goblin Mountain Guard,[Goblin] Goblin Mountain Guard,36.0,Soldier,goblin,Infantry,,,,262.0,245.0,267.0,45.0,10.0,85.0,15.0,130.0,goblin_bolgs_ironfang,True,True
goblin_spear_warrior,{=aom_goblin_spear_warrior_name}[Goblin] Goblin Spearman,[Goblin] Goblin Spearman,26.0,Soldier,goblin,Infantry,,,,152.0,150.0,177.0,35.0,0.0,65.0,5.0,90.0,goblin_veteran_spear_warrior,True,True
goblin_veteran_spear_warrior,{=aom_goblin_veteran_spear_warrior_name}[Goblin] Goblin Pike-Reaver,[Goblin] Goblin Pike-Reaver,31.0,Soldier,goblin,Infantry,,,,192.0,220.0,242.0,40.0,5.0,75.0,10.0,110.0,goblin_guardian_of_the_tower,True,True
goblin_guardian_of_the_tower,{=aom_goblin_guardian_of_the_tower_name}[Goblin] Goblin War-Pike,[Goblin] Goblin War-Pike,36.0,Soldier,goblin,Infantry,,,,247.0,245.0,282.0,45.0,10.0,85.0,15.0,130.0,,False,True
goblin_militia_spearman,{=aom_gob_militia_spear}[Goblin] Militia Spearman,[Goblin] Militia Spearman,11.0,Soldier,goblin,Infantry,,,,102.0,105.0,137.0,30.0,0.0,45.0,0.0,85.0,,False,True
goblin_militia_archer,{=aom_gob_militia_archer}[Goblin] Militia Archer,[Goblin] Militia Archer,11.0,Soldier,goblin,Ranged,,,,92.0,60.0,62.0,145.0,15.0,35.0,0.0,85.0,,False,True
goblin_militia_veteran_spearman,{=aom_gob_militia_vet_spear}[Goblin] Militia Veteran Spearman,[Goblin] Militia Veteran Spearman,16.0,Soldier,goblin,Infantry,,,,102.0,105.0,137.0,30.0,0.0,45.0,0.0,85.0,,False,True
goblin_militia_veteran_archer,{=aom_gob_militia_vet_archer}[Goblin] Militia Veteran Archer,[Goblin] Militia Veteran Archer,16.0,Soldier,goblin,Ranged,,,,92.0,60.0,62.0,145.0,15.0,35.0,0.0,85.0,,False,True
goblin_bolgs_ironfang,{=aom_goblin_bolgs_ironfang_name}[Goblin] Bolg's Ironfang,[Goblin] Bolg's Ironfang,36.0,Soldier,goblin,Infantry,,,,262.0,245.0,267.0,45.0,10.0,85.0,15.0,130.0,,False,True
gondor_loss_lumberman,{=aom_gondor_loss_lumberman_name}[Gondor] Lossarnach Lumberman,[Gondor] Lossarnach Lumberman,6.0,Soldier,gondor,Infantry,true,,,38.0,23.0,33.0,5.0,0.0,0.0,10.0,38.0,gondor_loss_woodsman,True,True
gondor_loss_woodsman,{=aom_gondor_loss_woodsman_name}[Gondor] Lossarnach Woodsman,[Gondor] Lossarnach Woodsman,11.0,Soldier,gondor,Infantry,,,,70.0,60.0,75.0,10.0,5.0,10.0,15.0,53.0,gondor_loss_skirmisher|gondor_loss_axebearer,True,True
gondor_loss_skirmisher,{=aom_gondor_loss_skirmisher_name}[Gondor] Lossarnach Skirmisher,[Gondor] Lossarnach Skirmisher,16.0,Soldier,gondor,Infantry,,,,100.0,90.0,100.0,15.0,10.0,20.0,20.0,85.0,gondor_loss_axe_thrower,True,True
gondor_loss_axe_thrower,{=aom_gondor_loss_axe_thrower_name}[Gondor] Lossarnach Axe-Thrower,[Gondor] Lossarnach Axe-Thrower,21.0,Soldier,gondor,Infantry,,,,120.0,130.0,135.0,15.0,10.0,40.0,20.0,100.0,gondor_loss_vet_axe_thrower,True,True
gondor_loss_vet_axe_thrower,{=aom_gondor_loss_vet_axe_thrower_name}[Gondor] Lossarnach Veteran Axe-Thrower,[Gondor] Lossarnach Veteran Axe-Thrower,26.0,Soldier,gondor,Infantry,,,,170.0,175.0,175.0,20.0,15.0,60.0,25.0,105.0,,False,True
gondor_loss_axebearer,{=aom_gondor_loss_axebearer_name}[Gondor] Lossarnach Axebearer,[Gondor] Lossarnach Axebearer,16.0,Soldier,gondor,Infantry,,,,85.0,105.0,100.0,15.0,10.0,20.0,20.0,85.0,gondor_loss_vet_axebearer,True,True
gondor_loss_vet_axebearer,{=aom_gondor_loss_vet_axebearer_name}[Gondor] Lossarnach Veteran Axebearer,[Gondor] Lossarnach Veteran Axebearer,21.0,Soldier,gondor,Infantry,,,,120.0,130.0,135.0,15.0,10.0,40.0,20.0,100.0,gondor_loss_guard,True,True
gondor_loss_guard,{=aom_gondor_loss_guard_name}[Gondor] Lossarnach Guard,[Gondor] Lossarnach Guard,26.0,Soldier,gondor,Infantry,,,,185.0,160.0,175.0,20.0,15.0,60.0,25.0,105.0,gondor_loss_vet_guard,True,True
gondor_loss_vet_guard,{=aom_gondor_loss_vet_guard_name}[Gondor] Lossarnach Veteran Guard,[Gondor] Lossarnach Veteran Guard,31.0,Soldier,gondor,Infantry,,,,240.0,215.0,240.0,25.0,20.0,70.0,30.0,125.0,,False,True
gondor_loss_noble,{=aom_gondor_loss_noble_name}[Gondor] Lossarnach Noble,[Gondor] Lossarnach Noble,16.0,Soldier,gondor,Infantry,true,,,110.0,90.0,80.0,15.0,10.0,30.0,20.0,85.0,gondor_loss_noble_veteran,True,True
gondor_loss_noble_veteran,{=aom_gondor_loss_noble_veteran_name}[Gondor] Lossarnach Noble Veteran,[Gondor] Lossarnach Noble Veteran,21.0,Soldier,gondor,Infantry,,,,150.0,115.0,100.0,15.0,10.0,40.0,20.0,100.0,gondor_loss_noble_sergeant,True,True
gondor_loss_noble_sergeant,{=aom_gondor_loss_noble_sergeant_name}[Gondor] Lossarnach Noble Sergeant,[Gondor] Lossarnach Noble Sergeant,26.0,Soldier,gondor,Infantry,,,,190.0,160.0,150.0,20.0,15.0,60.0,25.0,105.0,gondor_loss_noble_warden,True,True
gondor_loss_noble_warden,{=aom_gondor_loss_noble_warden_name}[Gondor] Lossarnach Noble Warden,[Gondor] Lossarnach Noble Warden,31.0,Soldier,gondor,Infantry,,,,240.0,215.0,200.0,25.0,20.0,70.0,30.0,125.0,gondor_loss_noble_captain,True,True
gondor_loss_noble_captain,{=aom_gondor_loss_noble_captain_name}[Gondor] Lossarnach Noble Captain,[Gondor] Lossarnach Noble Captain,36.0,Soldier,gondor,Infantry,,,,290.0,255.0,240.0,30.0,25.0,80.0,35.0,145.0,,False,True
gondor_leb_militia,{=aom_gondor_leb_militia_name}[Gondor] Lebennin Militia,[Gondor] Lebennin Militia,11.0,Soldier,gondor,Infantry,true,,,70.0,60.0,75.0,10.0,5.0,10.0,15.0,53.0,gondor_leb_skirmisher,True,True
gondor_leb_skirmisher,{=aom_gondor_leb_skirmisher_name}[Gondor] Lebennin Skirmisher,[Gondor] Lebennin Skirmisher,16.0,Soldier,gondor,Infantry,,,,100.0,90.0,100.0,15.0,10.0,20.0,20.0,85.0,gondor_leb_archer|gondor_leb_infantry,True,True
gondor_leb_archer,{=aom_gondor_leb_archer_name}[Gondor] Lebennin Archer,[Gondor] Lebennin Archer,21.0,Soldier,gondor,Ranged,,,,110.0,70.0,75.0,130.0,30.0,30.0,20.0,100.0,gondor_leb_vet_archer,True,True
gondor_leb_vet_archer,{=aom_gondor_leb_vet_archer_name}[Gondor] Lebennin Veteran Archer,[Gondor] Lebennin Veteran Archer,26.0,Soldier,gondor,Ranged,,,,150.0,90.0,95.0,170.0,35.0,40.0,25.0,110.0,gondor_leb_longbowman,True,True
gondor_leb_longbowman,{=aom_gondor_leb_longbowman_name}[Gondor] Lebennin Longbowman,[Gondor] Lebennin Longbowman,31.0,Soldier,gondor,Ranged,,,,175.0,105.0,105.0,205.0,40.0,50.0,30.0,120.0,,False,True
gondor_leb_infantry,{=aom_gondor_leb_infantry_name}[Gondor] Lebennin Infantry,[Gondor] Lebennin Infantry,21.0,Soldier,gondor,Infantry,,,,135.0,115.0,135.0,15.0,10.0,40.0,20.0,100.0,gondor_leb_vet_infantry,True,True
gondor_leb_vet_infantry,{=aom_gondor_leb_vet_infantry_name}[Gondor] Lebennin Veteran Infantry,[Gondor] Lebennin Veteran Infantry,26.0,Soldier,gondor,Infantry,,,,185.0,160.0,175.0,20.0,15.0,60.0,25.0,105.0,gondor_leb_sea_guard,True,True
gondor_leb_sea_guard,{=aom_gondor_leb_sea_guard_name}[Gondor] Lebennin Sea Guard,[Gondor] Lebennin Sea Guard,36.0,Soldier,gondor,Infantry,,,,280.0,255.0,280.0,30.0,25.0,80.0,35.0,145.0,,False,True
gondor_pel_skirmisher,{=aom_gondor_pel_skirmisher_name}[Gondor] Pelargir Skirmisher,[Gondor] Pelargir Skirmisher,21.0,Soldier,gondor,Infantry,true,,,135.0,115.0,135.0,15.0,10.0,40.0,20.0,100.0,gondor_pel_veteran,True,True
gondor_pel_veteran,{=aom_gondor_pel_veteran_name}[Gondor] Pelargir Veteran,[Gondor] Pelargir Veteran,26.0,Soldier,gondor,Infantry,,,,185.0,160.0,175.0,20.0,15.0,60.0,25.0,105.0,gondor_pel_infantry,True,True
gondor_pel_infantry,{=aom_gondor_pel_infantry_name}[Gondor] Pelargir Infantry,[Gondor] Pelargir Infantry,31.0,Soldier,gondor,Infantry,,,,240.0,215.0,240.0,25.0,20.0,70.0,30.0,125.0,gondor_pel_vet_infantry,True,True
gondor_pel_vet_infantry,{=aom_gondor_pel_vet_infantry_name}[Gondor] Pelargir Veteran Infantry,[Gondor] Pelargir Veteran Infantry,36.0,Soldier,gondor,Infantry,,,,280.0,255.0,280.0,30.0,25.0,80.0,35.0,145.0,gondor_pel_anchor_guard,True,True
gondor_pel_anchor_guard,{=aom_gondor_pel_anchor_guard_name}[Gondor] Pelargir Anchor Guard,[Gondor] Pelargir Anchor Guard,41.0,Soldier,gondor,Infantry,,,,320.0,295.0,315.0,35.0,25.0,90.0,40.0,165.0,,False,True
gondor_lam_clansman,{=aom_gondor_lam_clansman_name}[Gondor] Lamedon Clansman,[Gondor] Lamedon Clansman,6.0,Soldier,gondor,Infantry,true,,,38.0,23.0,33.0,5.0,0.0,0.0,10.0,38.0,gondor_lam_footman,True,True
gondor_lam_footman,{=aom_gondor_lam_footman_name}[Gondor] Lamedon Footman,[Gondor] Lamedon Footman,11.0,Soldier,gondor,Infantry,,,,70.0,60.0,75.0,10.0,5.0,10.0,15.0,53.0,gondor_lam_swordman,True,True
gondor_lam_swordman,{=aom_gondor_lam_swordman_name}[Gondor] Lamedon Swordman,[Gondor] Lamedon Swordman,16.0,Soldier,gondor,Infantry,,,,115.0,90.0,85.0,15.0,10.0,20.0,20.0,85.0,gondor_lam_vet_swordman,True,True
gondor_lam_vet_swordman,{=aom_gondor_lam_vet_swordman_name}[Gondor] Lamedon Veteran Swordman,[Gondor] Lamedon Veteran Swordman,26.0,Soldier,gondor,Infantry,,,,200.0,160.0,160.0,20.0,15.0,60.0,25.0,105.0,gondor_lam_hill_warden,True,True
gondor_lam_hill_warden,{=aom_gondor_lam_hill_warden_name}[Gondor] Lamedon Hill-Warden,[Gondor] Lamedon Hill-Warden,31.0,Soldier,gondor,Infantry,,,,240.0,215.0,240.0,25.0,20.0,70.0,30.0,125.0,,False,True
gondor_cal_noble,{=aom_gondor_cal_noble_name}[Gondor] Calembel Noble,[Gondor] Calembel Noble,21.0,Soldier,gondor,Infantry,true,,,135.0,115.0,135.0,15.0,10.0,40.0,20.0,100.0,gondor_cal_swordsman,True,True
gondor_cal_swordsman,{=aom_gondor_cal_swordsman_name}[Gondor] Calembel Swordsman,[Gondor] Calembel Swordsman,26.0,Soldier,gondor,Infantry,,,,200.0,160.0,160.0,20.0,15.0,60.0,25.0,105.0,gondor_cal_heavy_swordsman,True,True
gondor_cal_heavy_swordsman,{=aom_gondor_cal_heavy_swordsman_name}[Gondor] Calembel Heavy Swordsman,[Gondor] Calembel Heavy Swordsman,31.0,Soldier,gondor,Infantry,,,,255.0,215.0,225.0,25.0,20.0,70.0,30.0,125.0,gondor_cal_sergeant,True,True
gondor_cal_sergeant,{=aom_gondor_cal_sergeant_name}[Gondor] Calembel Sergeant,[Gondor] Calembel Sergeant,36.0,Soldier,gondor,Infantry,,,,280.0,255.0,280.0,30.0,25.0,80.0,35.0,145.0,gondor_cal_vale_knight,True,True
gondor_cal_vale_knight,{=aom_gondor_cal_vale_knight_name}[Gondor] Calembel Vale-Knight,[Gondor] Calembel Vale-Knight,41.0,Soldier,gondor,Infantry,,,,320.0,295.0,315.0,35.0,25.0,90.0,40.0,165.0,,False,True
gondor_ring_peasant,{=aom_gondor_ring_peasant_name}[Gondor] Ringlo Vale Peasant,[Gondor] Ringlo Vale Peasant,6.0,Soldier,gondor,Infantry,true,,,38.0,23.0,33.0,5.0,0.0,0.0,10.0,38.0,gondor_ring_militia,True,True
gondor_ring_militia,{=aom_gondor_ring_militia_name}[Gondor] Ringlo Vale Militia,[Gondor] Ringlo Vale Militia,11.0,Soldier,gondor,Infantry,,,,70.0,60.0,75.0,10.0,5.0,10.0,15.0,53.0,gondor_ring_footman,True,True
gondor_ring_footman,{=aom_gondor_ring_footman_name}[Gondor] Ringlo Vale Footman,[Gondor] Ringlo Vale Footman,16.0,Soldier,gondor,Infantry,,,,100.0,90.0,100.0,15.0,10.0,20.0,20.0,85.0,gondor_ring_guardsman,True,True
gondor_ring_guardsman,{=aom_gondor_ring_guardsman_name}[Gondor] Ringlo Vale Guardsman,[Gondor] Ringlo Vale Guardsman,21.0,Soldier,gondor,Infantry,,,,135.0,115.0,135.0,15.0,10.0,40.0,20.0,100.0,gondor_ring_spearman,True,True
gondor_ring_spearman,{=aom_gondor_ring_spearman_name}[Gondor] Ringlo Vale Spearman,[Gondor] Ringlo Vale Spearman,31.0,Soldier,gondor,Infantry,,,,225.0,215.0,255.0,25.0,20.0,70.0,30.0,125.0,gondor_ring_warden,True,True
gondor_ring_warden,{=aom_gondor_ring_warden_name}[Gondor] Ringlo Vale Warden,[Gondor] Ringlo Vale Warden,36.0,Soldier,gondor,Infantry,,,,280.0,255.0,280.0,30.0,25.0,80.0,35.0,145.0,,False,True
gondor_bel_recruit,{=aom_gondor_bel_recruit_name}[Gondor] Belfalas Recruit,[Gondor] Belfalas Recruit,6.0,Soldier,gondor,Infantry,true,,,38.0,23.0,33.0,5.0,0.0,0.0,10.0,38.0,gondor_bel_hunter|gondor_bel_footman,True,True
gondor_bel_hunter,{=aom_gondor_bel_hunter_name}[Gondor] Belfalas Hunter,[Gondor] Belfalas Hunter,11.0,Soldier,gondor,Ranged,,,,40.0,30.0,35.0,55.0,15.0,10.0,15.0,55.0,gondor_bel_bowman,True,True
gondor_bel_bowman,{=aom_gondor_bel_bowman_name}[Gondor] Belfalas Bowman,[Gondor] Belfalas Bowman,16.0,Soldier,gondor,Ranged,,,,80.0,50.0,50.0,85.0,25.0,20.0,20.0,90.0,gondor_bel_archer,True,True
gondor_bel_archer,{=aom_gondor_bel_archer_name}[Gondor] Belfalas Archer,[Gondor] Belfalas Archer,21.0,Soldier,gondor,Ranged,,,,110.0,70.0,75.0,130.0,30.0,30.0,20.0,100.0,gondor_bel_vet_archer,True,True
gondor_bel_vet_archer,{=aom_gondor_bel_vet_archer_name}[Gondor] Belfalas Veteran Archer,[Gondor] Belfalas Veteran Archer,26.0,Soldier,gondor,Ranged,,,,150.0,90.0,95.0,170.0,35.0,40.0,25.0,110.0,,False,True
gondor_bel_footman,{=aom_gondor_bel_footman_name}[Gondor] Belfalas Footman,[Gondor] Belfalas Footman,11.0,Soldier,gondor,Infantry,,,,70.0,60.0,75.0,10.0,5.0,10.0,15.0,53.0,gondor_bel_soldier,True,True
gondor_bel_soldier,{=aom_gondor_bel_soldier_name}[Gondor] Belfalas Soldier,[Gondor] Belfalas Soldier,16.0,Soldier,gondor,Infantry,,,,100.0,90.0,100.0,15.0,10.0,20.0,20.0,85.0,gondor_bel_infantry,True,True
gondor_bel_infantry,{=aom_gondor_bel_infantry_name}[Gondor] Belfalas Infantry,[Gondor] Belfalas Infantry,21.0,Soldier,gondor,Infantry,,,,135.0,115.0,135.0,15.0,10.0,40.0,20.0,100.0,gondor_bel_vet_infantry,True,True
gondor_bel_vet_infantry,{=aom_gondor_bel_vet_infantry_name}[Gondor] Belfalas Veteran Infantry,[Gondor] Belfalas Veteran Infantry,26.0,Soldier,gondor,Infantry,,,,185.0,160.0,175.0,20.0,15.0,60.0,25.0,105.0,gondor_bel_coastguard,True,True
gondor_bel_coastguard,{=aom_gondor_bel_coastguard_name}[Gondor] Belfalas Coastguard,[Gondor] Belfalas Coastguard,31.0,Soldier,gondor,Infantry,,,,240.0,215.0,240.0,25.0,20.0,70.0,30.0,125.0,,False,True
gondor_da_noble,{=aom_gondor_da_noble_name}[Gondor] Dol Amroth Noble,[Gondor] Dol Amroth Noble,16.0,Soldier,gondor,Infantry,true,,,100.0,90.0,100.0,15.0,10.0,20.0,20.0,85.0,gondor_da_footman,True,True
gondor_da_footman,{=aom_gondor_da_footman_name}[Gondor] Dol Amroth Footman,[Gondor] Dol Amroth Footman,21.0,Soldier,gondor,Infantry,,,,135.0,115.0,135.0,15.0,10.0,40.0,20.0,100.0,gondor_da_squire|gondor_da_infantry,True,True
gondor_da_squire,{=aom_gondor_da_squire_name}[Gondor] Dol Amroth Squire,[Gondor] Dol Amroth Squire,26.0,Soldier,gondor,Cavalry,,,,180.0,85.0,200.0,30.0,20.0,30.0,165.0,120.0,gondor_da_cavalry,True,True
gondor_da_cavalry,{=aom_gondor_da_cavalry_name}[Gondor] Dol Amroth Cavalry,[Gondor] Dol Amroth Cavalry,31.0,Soldier,gondor,Cavalry,,,,230.0,105.0,255.0,35.0,25.0,40.0,215.0,135.0,gondor_da_knight,True,True
gondor_da_knight,{=aom_gondor_da_knight_name}[Gondor] Dol Amroth Knight,[Gondor] Dol Amroth Knight,36.0,Soldier,gondor,Cavalry,,,,280.0,135.0,305.0,45.0,30.0,50.0,275.0,155.0,gondor_da_vet_knight,True,True
gondor_da_vet_knight,{=aom_gondor_da_vet_knight_name}[Gondor] Dol Amroth Veteran Knight,[Gondor] Dol Amroth Veteran Knight,41.0,Soldier,gondor,Cavalry,,,,320.0,165.0,345.0,50.0,35.0,60.0,325.0,175.0,gondor_da_swan_knight,True,True
gondor_da_swan_knight,{=aom_gondor_da_swan_knight_name}[Gondor] Swan Knight,[Gondor] Swan Knight,46.0,Soldier,gondor,Cavalry,,,,350.0,185.0,375.0,55.0,40.0,60.0,365.0,190.0,,False,True
gondor_da_infantry,{=aom_gondor_da_infantry_name}[Gondor] Dol Amroth Infantry,[Gondor] Dol Amroth Infantry,26.0,Soldier,gondor,Infantry,,,,185.0,160.0,175.0,20.0,15.0,60.0,25.0,105.0,gondor_da_vet_infantry,True,True
gondor_da_vet_infantry,{=aom_gondor_da_vet_infantry_name}[Gondor] Dol Amroth Veteran Infantry,[Gondor] Dol Amroth Veteran Infantry,31.0,Soldier,gondor,Infantry,,,,240.0,215.0,240.0,25.0,20.0,70.0,30.0,125.0,gondor_da_foot_knight,True,True
gondor_da_foot_knight,{=aom_gondor_da_foot_knight_name}[Gondor] Dol Amroth Foot Knight,[Gondor] Dol Amroth Foot Knight,36.0,Soldier,gondor,Infantry,,,,280.0,255.0,280.0,30.0,25.0,80.0,35.0,145.0,gondor_da_swan_guard,True,True
gondor_da_swan_guard,{=aom_gondor_da_swan_guard_name}[Gondor] Dol Amroth Swan Guard,[Gondor] Dol Amroth Swan Guard,41.0,Soldier,gondor,Infantry,,,,320.0,295.0,315.0,35.0,25.0,90.0,40.0,165.0,,False,True
gondor_lin_noble,{=aom_gondor_lin_noble_name}[Gondor] Linhir Noble,[Gondor] Linhir Noble,16.0,Soldier,gondor,Infantry,true,,,100.0,90.0,100.0,15.0,10.0,20.0,20.0,85.0,gondor_lin_footman,True,True
gondor_lin_footman,{=aom_gondor_lin_footman_name}[Gondor] Linhir Footman,[Gondor] Linhir Footman,21.0,Soldier,gondor,Infantry,,,,135.0,115.0,135.0,15.0,10.0,40.0,20.0,100.0,gondor_lin_spearman,True,True
gondor_lin_spearman,{=aom_gondor_lin_spearman_name}[Gondor] Linhir Spearman,[Gondor] Linhir Spearman,26.0,Soldier,gondor,Infantry,,,,170.0,160.0,190.0,20.0,15.0,60.0,25.0,105.0,gondor_lin_vet_spearman,True,True
gondor_lin_vet_spearman,{=aom_gondor_lin_vet_spearman_name}[Gondor] Linhir Veteran Spearman,[Gondor] Linhir Veteran Spearman,31.0,Soldier,gondor,Infantry,,,,225.0,215.0,255.0,25.0,20.0,70.0,30.0,125.0,gondor_lin_high_guard,True,True
gondor_lin_high_guard,{=aom_gondor_lin_high_guard_name}[Gondor] Linhir High Guard,[Gondor] Linhir High Guard,36.0,Soldier,gondor,Infantry,,,,280.0,255.0,280.0,30.0,25.0,80.0,35.0,145.0,,False,True
gondor_tol_arbalest,{=aom_gondor_tol_arbalest_name}[Gondor] Tolfalas Arbalest,[Gondor] Tolfalas Arbalest,16.0,Soldier,gondor,Ranged,true,,,80.0,50.0,50.0,25.0,85.0,20.0,20.0,90.0,gondor_tol_crossbowman,True,True
gondor_tol_crossbowman,{=aom_gondor_tol_crossbowman_name}[Gondor] Tolfalas Crossbowman,[Gondor] Tolfalas Crossbowman,21.0,Soldier,gondor,Ranged,,,,110.0,70.0,75.0,30.0,130.0,30.0,20.0,100.0,gondor_tol_vet_crossbowman,True,True
gondor_tol_vet_crossbowman,{=aom_gondor_tol_vet_crossbowman_name}[Gondor] Tolfalas Veteran Crossbowman,[Gondor] Tolfalas Veteran Crossbowman,26.0,Soldier,gondor,Ranged,,,,150.0,90.0,95.0,35.0,170.0,40.0,25.0,110.0,gondor_tol_marksman,True,True
gondor_tol_marksman,{=aom_gondor_tol_marksman_name}[Gondor] Tolfalas Marksman,[Gondor] Tolfalas Marksman,31.0,Soldier,gondor,Ranged,,,,175.0,105.0,105.0,205.0,40.0,50.0,30.0,120.0,gondor_tol_sharpshooter,True,True
gondor_tol_sharpshooter,{=aom_gondor_tol_sharpshooter_name}[Gondor] Tolfalas Sharpshooter,[Gondor] Tolfalas Sharpshooter,36.0,Soldier,gondor,Ranged,,,,205.0,125.0,125.0,245.0,50.0,60.0,35.0,135.0,,False,True
gondor_pg_volunteer,{=aom_gondor_pg_volunteer_name}[Gondor] Pinnath Gelin Volunteer,[Gondor] Pinnath Gelin Volunteer,6.0,Soldier,gondor,Infantry,true,,,38.0,23.0,33.0,5.0,0.0,0.0,10.0,38.0,gondor_pg_militia,True,True
gondor_pg_militia,{=aom_gondor_pg_militia_name}[Gondor] Pinnath Gelin Militia,[Gondor] Pinnath Gelin Militia,11.0,Soldier,gondor,Infantry,,,,70.0,60.0,75.0,10.0,5.0,10.0,15.0,53.0,gondor_pg_footman,True,True
gondor_pg_footman,{=aom_gondor_pg_footman_name}[Gondor] Pinnath Gelin Footman,[Gondor] Pinnath Gelin Footman,16.0,Soldier,gondor,Infantry,,,,100.0,90.0,100.0,15.0,10.0,20.0,20.0,85.0,gondor_pg_archer|gondor_pg_spearman,True,True
gondor_pg_archer,{=aom_gondor_pg_archer_name}[Gondor] Pinnath Gelin Archer,[Gondor] Pinnath Gelin Archer,21.0,Soldier,gondor,Ranged,,,,110.0,70.0,75.0,130.0,30.0,30.0,20.0,100.0,gondor_pg_vet_archer,True,True
gondor_pg_vet_archer,{=aom_gondor_pg_vet_archer_name}[Gondor] Pinnath Gelin Veteran Archer,[Gondor] Pinnath Gelin Veteran Archer,26.0,Soldier,gondor,Ranged,,,,150.0,90.0,95.0,170.0,35.0,40.0,25.0,110.0,,False,True
gondor_pg_spearman,{=aom_gondor_pg_spearman_name}[Gondor] Pinnath Gelin Spearman,[Gondor] Pinnath Gelin Spearman,21.0,Soldier,gondor,Infantry,,,,120.0,115.0,150.0,15.0,10.0,40.0,20.0,100.0,gondor_pg_vet_spearman|gondor_pg_cavalry,True,True
gondor_pg_vet_spearman,{=aom_gondor_pg_vet_spearman_name}[Gondor] Pinnath Gelin Veteran Spearman,[Gondor] Pinnath Gelin Veteran Spearman,26.0,Soldier,gondor,Infantry,,,,170.0,160.0,190.0,20.0,15.0,60.0,25.0,105.0,gondor_pg_spearwarden,True,True
gondor_pg_spearwarden,{=aom_gondor_pg_spearwarden_name}[Gondor] Pinnath Gelin Spearwarden,[Gondor] Pinnath Gelin Spearwarden,31.0,Soldier,gondor,Infantry,,,,225.0,215.0,255.0,25.0,20.0,70.0,30.0,125.0,,False,True
gondor_arn_noble,{=aom_gondor_arn_noble_name}[Gondor] Arndir Noble,[Gondor] Arndir Noble,16.0,Soldier,gondor,Infantry,true,,,100.0,90.0,100.0,15.0,10.0,20.0,20.0,85.0,gondor_arn_noble_t4,True,True
gondor_arn_noble_t4,{=aom_gondor_arn_noble_t4_name}[Gondor] Arndir Noble,[Gondor] Arndir Noble,21.0,Soldier,gondor,Infantry,,,,135.0,115.0,135.0,15.0,10.0,40.0,20.0,100.0,gondor_arn_cavalry|gondor_arn_infantry,True,True
gondor_arn_cavalry,{=aom_gondor_arn_cavalry_name}[Gondor] Arndir Cavalry,[Gondor] Arndir Cavalry,26.0,Soldier,gondor,Cavalry,,,,180.0,85.0,200.0,30.0,20.0,30.0,165.0,120.0,gondor_arn_knight,True,True
gondor_arn_knight,{=aom_gondor_arn_knight_name}[Gondor] Arndir Knight,[Gondor] Arndir Knight,31.0,Soldier,gondor,Cavalry,,,,230.0,105.0,255.0,35.0,25.0,40.0,215.0,135.0,gondor_arn_vet_knight,True,True
gondor_arn_vet_knight,{=aom_gondor_arn_vet_knight_name}[Gondor] Arndir Veteran Knight,[Gondor] Arndir Veteran Knight,36.0,Soldier,gondor,Cavalry,,,,280.0,135.0,305.0,45.0,30.0,50.0,275.0,155.0,gondor_arn_hill_knight,True,True
gondor_arn_hill_knight,{=aom_gondor_arn_hill_knight_name}[Gondor] Arndir Hill-Knight,[Gondor] Arndir Hill-Knight,41.0,Soldier,gondor,Cavalry,,,,320.0,165.0,345.0,50.0,35.0,60.0,325.0,175.0,,False,True
gondor_arn_infantry,{=aom_gondor_arn_infantry_name}[Gondor] Arndir Infantry,[Gondor] Arndir Infantry,26.0,Soldier,gondor,Infantry,,,,185.0,160.0,175.0,20.0,15.0,60.0,25.0,105.0,gondor_arn_vet_infantry,True,True
gondor_arn_vet_infantry,{=aom_gondor_arn_vet_infantry_name}[Gondor] Arndir Veteran Infantry,[Gondor] Arndir Veteran Infantry,31.0,Soldier,gondor,Infantry,,,,240.0,215.0,240.0,25.0,20.0,70.0,30.0,125.0,gondor_arn_foot_knight,True,True
gondor_arn_foot_knight,{=aom_gondor_arn_foot_knight_name}[Gondor] Arndir Foot-Knight,[Gondor] Arndir Foot-Knight,36.0,Soldier,gondor,Infantry,,,,280.0,255.0,280.0,30.0,25.0,80.0,35.0,145.0,,False,True
gondor_brv_bowman,{=aom_gondor_brv_bowman_name}[Gondor] Blackroot Vale Bowman,[Gondor] Blackroot Vale Bowman,16.0,Soldier,gondor,Ranged,true,,,80.0,50.0,50.0,85.0,25.0,20.0,20.0,90.0,gondor_brv_scout,True,True
gondor_brv_scout,{=aom_gondor_brv_scout_name}[Gondor] Blackroot Vale Scout,[Gondor] Blackroot Vale Scout,21.0,Soldier,gondor,Ranged,,,,110.0,70.0,75.0,130.0,30.0,30.0,20.0,100.0,gondor_brv_archer,True,True
gondor_brv_archer,{=aom_gondor_brv_archer_name}[Gondor] Blackroot Vale Archer,[Gondor] Blackroot Vale Archer,26.0,Soldier,gondor,Ranged,,,,150.0,90.0,95.0,170.0,35.0,40.0,25.0,110.0,gondor_brv_vet_archer,True,True
gondor_brv_vet_archer,{=aom_gondor_brv_vet_archer_name}[Gondor] Blackroot Vale Veteran Archer,[Gondor] Blackroot Vale Veteran Archer,31.0,Soldier,gondor,Ranged,,,,175.0,105.0,105.0,205.0,40.0,50.0,30.0,120.0,gondor_brv_ranger|gondor_brv_shadowhunter,True,True
gondor_brv_ranger,{=aom_gondor_brv_ranger_name}[Gondor] Blackroot Vale Ranger,[Gondor] Blackroot Vale Ranger,36.0,Soldier,gondor,Ranged,,,,205.0,125.0,125.0,245.0,50.0,60.0,35.0,135.0,gondor_brv_shadowbow,True,True
gondor_ithilien_ranger,{=aom_gondor_ithilien_ranger_name}[Gondor] Ithilien Ranger,[Gondor] Ithilien Ranger,51.0,Soldier,gondor,Ranged,true,,,270.0,175.0,175.0,320.0,65.0,70.0,45.0,185.0,,False,True
gondor_brv_shadowbow,{=aom_gondor_brv_shadowbow_name}[Gondor] Blackroot Vale Shadowbow,[Gondor] Blackroot Vale Shadowbow,41.0,Soldier,gondor,Ranged,,,,230.0,145.0,145.0,280.0,55.0,70.0,40.0,155.0,,False,True
gondor_brv_shadowhunter,{=aom_gondor_brv_shadowhunter_name}[Gondor] Blackroot Vale Shadowhunter,[Gondor] Blackroot Vale Shadowhunter,36.0,Soldier,gondor,Ranged,,,,205.0,125.0,125.0,245.0,50.0,60.0,35.0,135.0,,False,True
gondor_anf_levy,{=aom_gondor_anf_levy_name}[Gondor] Anfalas Levy,[Gondor] Anfalas Levy,6.0,Soldier,gondor,Infantry,true,,,38.0,23.0,33.0,5.0,0.0,0.0,10.0,38.0,gondor_anf_militia,True,True
gondor_anf_militia,{=aom_gondor_anf_militia_name}[Gondor] Anfalas Militia,[Gondor] Anfalas Militia,11.0,Soldier,gondor,Infantry,,,,70.0,60.0,75.0,10.0,5.0,10.0,15.0,53.0,gondor_anf_footman,True,True
gondor_anf_footman,{=aom_gondor_anf_footman_name}[Gondor] Anfalas Footman,[Gondor] Anfalas Footman,16.0,Soldier,gondor,Infantry,,,,100.0,90.0,100.0,15.0,10.0,20.0,20.0,85.0,gondor_anf_guardsman|gondor_anf_cavalry,True,True
gondor_anf_guardsman,{=aom_gondor_anf_guardsman_name}[Gondor] Anfalas Guardsman,[Gondor] Anfalas Guardsman,21.0,Soldier,gondor,Infantry,,,,135.0,115.0,135.0,15.0,10.0,40.0,20.0,100.0,gondor_anf_infantry,True,True
gondor_anf_infantry,{=aom_gondor_anf_infantry_name}[Gondor] Anfalas Infantry,[Gondor] Anfalas Infantry,26.0,Soldier,gondor,Infantry,,,,185.0,160.0,175.0,20.0,15.0,60.0,25.0,105.0,gondor_anf_vet_infantry,True,True
gondor_anf_vet_infantry,{=aom_gondor_anf_vet_infantry_name}[Gondor] Anfalas Veteran Infantry,[Gondor] Anfalas Veteran Infantry,31.0,Soldier,gondor,Infantry,,,,240.0,215.0,240.0,25.0,20.0,70.0,30.0,125.0,,False,True
gondor_anf_cavalry,{=aom_gondor_anf_cavalry_name}[Gondor] Anfalas Cavalry,[Gondor] Anfalas Cavalry,21.0,Soldier,gondor,Cavalry,,,,125.0,65.0,150.0,25.0,15.0,20.0,125.0,105.0,gondor_anf_vet_cavalry,True,True
gondor_anf_vet_cavalry,{=aom_gondor_anf_vet_cavalry_name}[Gondor] Anfalas Veteran Cavalry,[Gondor] Anfalas Veteran Cavalry,26.0,Soldier,gondor,Cavalry,,,,180.0,85.0,200.0,30.0,20.0,30.0,165.0,120.0,,False,True
gondor_ser_noble,{=aom_gondor_ser_noble_name}[Gondor] Serelond Noble,[Gondor] Serelond Noble,16.0,Soldier,gondor,Infantry,true,,,100.0,90.0,100.0,15.0,10.0,20.0,20.0,85.0,gondor_ser_veteran,True,True
gondor_ser_veteran,{=aom_gondor_ser_veteran_name}[Gondor] Serelond Veteran,[Gondor] Serelond Veteran,21.0,Soldier,gondor,Infantry,,,,135.0,115.0,135.0,15.0,10.0,40.0,20.0,100.0,gondor_ser_pikeman|gondor_ser_maceman,True,True
gondor_ser_pikeman,{=aom_gondor_ser_pikeman_name}[Gondor] Serelond Pikeman,[Gondor] Serelond Pikeman,26.0,Soldier,gondor,Infantry,,,,170.0,160.0,190.0,20.0,15.0,60.0,25.0,105.0,gondor_ser_pikewarden,True,True
gondor_ser_pikewarden,{=aom_gondor_ser_pikewarden_name}[Gondor] Serelond Pikewarden,[Gondor] Serelond Pikewarden,31.0,Soldier,gondor,Infantry,,,,225.0,215.0,255.0,25.0,20.0,70.0,30.0,125.0,gondor_ser_phalanx,True,True
gondor_ser_phalanx,{=aom_gondor_ser_phalanx_name}[Gondor] Serelond Phalanx,[Gondor] Serelond Phalanx,36.0,Soldier,gondor,Infantry,,,,280.0,255.0,280.0,30.0,25.0,80.0,35.0,145.0,,False,True
gondor_ser_maceman,{=aom_gondor_ser_maceman_name}[Gondor] Serelond Maceman,[Gondor] Serelond Maceman,26.0,Soldier,gondor,Infantry,,,,185.0,160.0,175.0,20.0,15.0,60.0,25.0,105.0,gondor_ser_vet_maceman,True,True
gondor_ser_vet_maceman,{=aom_gondor_ser_vet_maceman_name}[Gondor] Serelond Veteran Maceman,[Gondor] Serelond Veteran Maceman,31.0,Soldier,gondor,Infantry,,,,240.0,215.0,240.0,25.0,20.0,70.0,30.0,125.0,gondor_ser_coastwarden,True,True
gondor_ser_coastwarden,{=aom_gondor_ser_coastwarden_name}[Gondor] Serelond Coastwarden,[Gondor] Serelond Coastwarden,36.0,Soldier,gondor,Infantry,,,,280.0,255.0,280.0,30.0,25.0,80.0,35.0,145.0,,False,True
gondor_lg_noble,{=aom_gondor_lg_noble_name}[Gondor] Lond-Galen Noble,[Gondor] Lond-Galen Noble,21.0,Soldier,gondor,Ranged,true,,,110.0,70.0,75.0,130.0,30.0,30.0,20.0,100.0,gondor_lg_crossbowman,True,True
gondor_lg_crossbowman,{=aom_gondor_lg_crossbowman_name}[Gondor] Lond-Galen Crossbowman,[Gondor] Lond-Galen Crossbowman,26.0,Soldier,gondor,Ranged,,,,150.0,90.0,95.0,35.0,170.0,40.0,25.0,110.0,gondor_lg_pavise_crossbowman,True,True
gondor_lg_pavise_crossbowman,{=aom_gondor_lg_pavise_crossbowman_name}[Gondor] Lond-Galen Pavise Crossbowman,[Gondor] Lond-Galen Pavise Crossbowman,31.0,Soldier,gondor,Ranged,,,,175.0,105.0,105.0,40.0,205.0,50.0,30.0,120.0,gondor_lg_pavise_guard,True,True
gondor_lg_pavise_guard,{=aom_gondor_lg_pavise_guard_name}[Gondor] Lond-Galen Pavise Guard,[Gondor] Lond-Galen Pavise Guard,36.0,Soldier,gondor,Ranged,,,,205.0,125.0,125.0,245.0,50.0,60.0,35.0,135.0,gondor_lg_haven_guard,True,True
gondor_lg_haven_guard,{=aom_gondor_lg_haven_guard_name}[Gondor] Lond-Galen Haven Guard,[Gondor] Lond-Galen Haven Guard,41.0,Soldier,gondor,Ranged,,,,230.0,145.0,145.0,280.0,55.0,70.0,40.0,155.0,,False,True
gondor_har_conscript,{=aom_gondor_har_conscript_name}[Gondor] Harondor Conscript,[Gondor] Harondor Conscript,6.0,Soldier,gondor,Infantry,true,,,38.0,23.0,33.0,5.0,0.0,0.0,10.0,38.0,gondor_har_militia,True,True
gondor_har_militia,{=aom_gondor_har_militia_name}[Gondor] Harondor Militia,[Gondor] Harondor Militia,11.0,Soldier,gondor,Infantry,,,,70.0,60.0,75.0,10.0,5.0,10.0,15.0,53.0,gondor_har_footman|gondor_har_skirmisher,True,True
gondor_har_footman,{=aom_gondor_har_footman_name}[Gondor] Harondor Footman,[Gondor] Harondor Footman,16.0,Soldier,gondor,Infantry,,,,100.0,90.0,100.0,15.0,10.0,20.0,20.0,85.0,gondor_har_guardsman,True,True
gondor_har_guardsman,{=aom_gondor_har_guardsman_name}[Gondor] Harondor Guardsman,[Gondor] Harondor Guardsman,21.0,Soldier,gondor,Infantry,,,,135.0,115.0,135.0,15.0,10.0,40.0,20.0,100.0,gondor_har_infantry,True,True
gondor_har_infantry,{=aom_gondor_har_infantry_name}[Gondor] Harondor Infantry,[Gondor] Harondor Infantry,26.0,Soldier,gondor,Infantry,,,,185.0,160.0,175.0,20.0,15.0,60.0,25.0,105.0,gondor_har_frontier_guard,True,True
gondor_har_frontier_guard,{=aom_gondor_har_frontier_guard_name}[Gondor] Harondor Frontier Guard,[Gondor] Harondor Frontier Guard,31.0,Soldier,gondor,Infantry,,,,240.0,215.0,240.0,25.0,20.0,70.0,30.0,125.0,,False,True
gondor_har_skirmisher,{=aom_gondor_har_skirmisher_name}[Gondor] Harondor Skirmisher,[Gondor] Harondor Skirmisher,16.0,Soldier,gondor,Ranged,,,,80.0,50.0,50.0,85.0,25.0,20.0,20.0,90.0,gondor_har_vet_skirmisher,True,True
gondor_har_vet_skirmisher,{=aom_gondor_har_vet_skirmisher_name}[Gondor] Harondor Veteran Skirmisher,[Gondor] Harondor Veteran Skirmisher,21.0,Soldier,gondor,Ranged,,,,110.0,70.0,75.0,130.0,30.0,30.0,20.0,100.0,gondor_har_javelineer,True,True
gondor_har_javelineer,{=aom_gondor_har_javelineer_name}[Gondor] Harondor Javelineer,[Gondor] Harondor Javelineer,26.0,Soldier,gondor,Ranged,,,,150.0,90.0,95.0,170.0,35.0,40.0,25.0,110.0,,False,True
gondor_met_noble,{=aom_gondor_met_noble_name}[Gondor] Methir Noble,[Gondor] Methir Noble,21.0,Soldier,gondor,Infantry,true,,,135.0,115.0,135.0,15.0,10.0,40.0,20.0,100.0,gondor_met_glaiveman|gondor_met_archer,True,True
gondor_met_glaiveman,{=aom_gondor_met_glaiveman_name}[Gondor] Methir Glaiveman,[Gondor] Methir Glaiveman,26.0,Soldier,gondor,Infantry,,,,170.0,160.0,190.0,20.0,15.0,60.0,25.0,105.0,gondor_met_glaive_guard,True,True
gondor_met_glaive_guard,{=aom_gondor_met_glaive_guard_name}[Gondor] Methir Glaive Guard,[Gondor] Methir Glaive Guard,31.0,Soldier,gondor,Infantry,,,,225.0,215.0,255.0,25.0,20.0,70.0,30.0,125.0,gondor_met_sun_warden,True,True
gondor_met_sun_warden,{=aom_gondor_met_sun_warden_name}[Gondor] Methir Sun Warden,[Gondor] Methir Sun Warden,36.0,Soldier,gondor,Infantry,,,,280.0,255.0,280.0,30.0,25.0,80.0,35.0,145.0,gondor_met_sun_knight,True,True
gondor_met_sun_knight,{=aom_gondor_met_sun_knight_name}[Gondor] Methir Sun Knight,[Gondor] Methir Sun Knight,41.0,Soldier,gondor,Infantry,,,,320.0,295.0,315.0,35.0,25.0,90.0,40.0,165.0,,False,True
gondor_met_archer,{=aom_gondor_met_archer_name}[Gondor] Methir Archer,[Gondor] Methir Archer,26.0,Soldier,gondor,Ranged,,,,150.0,90.0,95.0,170.0,35.0,40.0,25.0,110.0,gondor_met_vet_archer,True,True
gondor_met_vet_archer,{=aom_gondor_met_vet_archer_name}[Gondor] Methir Veteran Archer,[Gondor] Methir Veteran Archer,31.0,Soldier,gondor,Ranged,,,,175.0,105.0,105.0,205.0,40.0,50.0,30.0,120.0,gondor_met_composite_archer,True,True
gondor_met_composite_archer,{=aom_gondor_met_composite_archer_name}[Gondor] Methir Composite Archer,[Gondor] Methir Composite Archer,36.0,Soldier,gondor,Ranged,,,,205.0,125.0,125.0,245.0,50.0,60.0,35.0,135.0,,False,True
gondor_ith_watcher,{=aom_gondor_ith_watcher_name}[Gondor] Ithil Guard Watcher,[Gondor] Ithil Guard Watcher,26.0,Soldier,gondor,Infantry,true,,,185.0,160.0,175.0,20.0,15.0,60.0,25.0,105.0,gondor_ith_veteran,True,True
gondor_ith_veteran,{=aom_gondor_ith_veteran_name}[Gondor] Ithil Guard Veteran,[Gondor] Ithil Guard Veteran,31.0,Soldier,gondor,Infantry,,,,240.0,215.0,240.0,25.0,20.0,70.0,30.0,125.0,gondor_ith_sergeant|gondor_ith_longbowman,True,True
gondor_ith_sergeant,{=aom_gondor_ith_sergeant_name}[Gondor] Ithil Guard Sergeant,[Gondor] Ithil Guard Sergeant,36.0,Soldier,gondor,Infantry,,,,280.0,255.0,280.0,30.0,25.0,80.0,35.0,145.0,gondor_ith_captain,True,True
gondor_ith_captain,{=aom_gondor_ith_captain_name}[Gondor] Ithil Guard Captain,[Gondor] Ithil Guard Captain,41.0,Soldier,gondor,Infantry,,,,320.0,295.0,315.0,35.0,25.0,90.0,40.0,165.0,,False,True
gondor_ith_longbowman,{=aom_gondor_ith_longbowman_name}[Gondor] Ithil Guard Longbowman,[Gondor] Ithil Guard Longbowman,36.0,Soldier,gondor,Ranged,,,,205.0,125.0,125.0,245.0,50.0,60.0,35.0,135.0,gondor_ith_sharpshooter,True,True
gondor_ith_sharpshooter,{=aom_gondor_ith_sharpshooter_name}[Gondor] Ithil Guard Sharpshooter,[Gondor] Ithil Guard Sharpshooter,41.0,Soldier,gondor,Ranged,,,,230.0,145.0,145.0,280.0,55.0,70.0,40.0,155.0,gondor_ith_moon_guard,True,True
gondor_ith_moon_guard,{=aom_gondor_ith_moon_guard_name}[Gondor] Moon Guard,[Gondor] Moon Guard,46.0,Soldier,gondor,Ranged,,,,250.0,165.0,165.0,300.0,60.0,70.0,45.0,170.0,,False,True
gondor_ca_noble,{=aom_gondor_ca_noble_name}[Gondor] Cair Andros Noble,[Gondor] Cair Andros Noble,16.0,Soldier,gondor,Infantry,true,,,100.0,90.0,100.0,15.0,10.0,20.0,20.0,85.0,gondor_ca_veteran,True,True
gondor_ca_veteran,{=aom_gondor_ca_veteran_name}[Gondor] Cair Andros Veteran,[Gondor] Cair Andros Veteran,21.0,Soldier,gondor,Infantry,,,,135.0,115.0,135.0,15.0,10.0,40.0,20.0,100.0,gondor_ca_spearman|gondor_ca_infantry,True,True
gondor_ca_spearman,{=aom_gondor_ca_spearman_name}[Gondor] Cair Andros Spearman,[Gondor] Cair Andros Spearman,26.0,Soldier,gondor,Infantry,,,,170.0,160.0,190.0,20.0,15.0,60.0,25.0,105.0,gondor_ca_pikeman,True,True
gondor_ca_pikeman,{=aom_gondor_ca_pikeman_name}[Gondor] Cair Andros Pikeman,[Gondor] Cair Andros Pikeman,31.0,Soldier,gondor,Infantry,,,,225.0,215.0,255.0,25.0,20.0,70.0,30.0,125.0,gondor_ca_pikewarden,True,True
gondor_ca_pikewarden,{=aom_gondor_ca_pikewarden_name}[Gondor] Cair Andros Pikewarden,[Gondor] Cair Andros Pikewarden,36.0,Soldier,gondor,Infantry,,,,265.0,255.0,295.0,30.0,25.0,80.0,35.0,145.0,,False,True
gondor_ca_infantry,{=aom_gondor_ca_infantry_name}[Gondor] Cair Andros Infantry,[Gondor] Cair Andros Infantry,26.0,Soldier,gondor,Infantry,,,,185.0,160.0,175.0,20.0,15.0,60.0,25.0,105.0,gondor_ca_guard,True,True
gondor_ca_guard,{=aom_gondor_ca_guard_name}[Gondor] Cair Andros Guard,[Gondor] Cair Andros Guard,31.0,Soldier,gondor,Infantry,,,,240.0,215.0,240.0,25.0,20.0,70.0,30.0,125.0,gondor_ca_warden,True,True
gondor_ca_warden,{=aom_gondor_ca_warden_name}[Gondor] Cair Andros Warden,[Gondor] Cair Andros Warden,36.0,Soldier,gondor,Infantry,,,,280.0,255.0,280.0,30.0,25.0,80.0,35.0,145.0,,False,True
gondor_osg_veteran,{=aom_gondor_osg_veteran_name}[Gondor] Osgiliath Veteran,[Gondor] Osgiliath Veteran,16.0,Soldier,gondor,Infantry,true,,,100.0,90.0,100.0,15.0,10.0,20.0,20.0,85.0,gondor_osg_skirmisher,True,True
gondor_osg_skirmisher,{=aom_gondor_osg_skirmisher_name}[Gondor] Osgiliath Skirmisher,[Gondor] Osgiliath Skirmisher,21.0,Soldier,gondor,Infantry,,,,135.0,115.0,135.0,15.0,10.0,40.0,20.0,100.0,gondor_osg_infantry|gondor_osg_archer,True,True
gondor_osg_infantry,{=aom_gondor_osg_infantry_name}[Gondor] Osgiliath Infantry,[Gondor] Osgiliath Infantry,26.0,Soldier,gondor,Infantry,,,,185.0,160.0,175.0,20.0,15.0,60.0,25.0,105.0,gondor_osg_guard,True,True
gondor_osg_guard,{=aom_gondor_osg_guard_name}[Gondor] Osgiliath Guard,[Gondor] Osgiliath Guard,31.0,Soldier,gondor,Infantry,,,,240.0,215.0,240.0,25.0,20.0,70.0,30.0,125.0,gondor_osg_dome_guard,True,True
gondor_osg_dome_guard,{=aom_gondor_osg_dome_guard_name}[Gondor] Osgiliath Dome Guard,[Gondor] Osgiliath Dome Guard,36.0,Soldier,gondor,Infantry,,,,280.0,255.0,280.0,30.0,25.0,80.0,35.0,145.0,,False,True
gondor_osg_archer,{=aom_gondor_osg_archer_name}[Gondor] Osgiliath Archer,[Gondor] Osgiliath Archer,26.0,Soldier,gondor,Ranged,,,,150.0,90.0,95.0,170.0,35.0,40.0,25.0,110.0,gondor_osg_longbowman,True,True
gondor_osg_longbowman,{=aom_gondor_osg_longbowman_name}[Gondor] Osgiliath Longbowman,[Gondor] Osgiliath Longbowman,31.0,Soldier,gondor,Ranged,,,,175.0,105.0,105.0,205.0,40.0,50.0,30.0,120.0,,False,True
gondor_mt_trainee,{=aom_gondor_mt_trainee_name}[Gondor] Citadel Guard Trainee,[Gondor] Citadel Guard Trainee,26.0,Soldier,gondor,Infantry,true,,,185.0,160.0,175.0,20.0,15.0,60.0,25.0,105.0,gondor_mt_veteran,True,True
gondor_mt_veteran,{=aom_gondor_mt_veteran_name}[Gondor] Citadel Guard Veteran,[Gondor] Citadel Guard Veteran,31.0,Soldier,gondor,Infantry,,,,240.0,215.0,240.0,25.0,20.0,70.0,30.0,125.0,gondor_mt_sergeant|gondor_mt_longbowman,True,True
gondor_mt_sergeant,{=aom_gondor_mt_sergeant_name}[Gondor] Citadel Guard Sergeant,[Gondor] Citadel Guard Sergeant,36.0,Soldier,gondor,Infantry,,,,280.0,255.0,280.0,30.0,25.0,80.0,35.0,145.0,gondor_mt_captain,True,True
gondor_mt_captain,{=aom_gondor_mt_captain_name}[Gondor] Citadel Guard Captain,[Gondor] Citadel Guard Captain,41.0,Soldier,gondor,Infantry,,,,320.0,295.0,315.0,35.0,25.0,90.0,40.0,165.0,gondor_mt_fountain_guard,True,True
gondor_mt_fountain_guard,{=aom_gondor_mt_fountain_guard_name}[Gondor] Fountain Guard,[Gondor] Fountain Guard,46.0,Soldier,gondor,Infantry,,,,340.0,315.0,335.0,40.0,30.0,90.0,45.0,180.0,,False,True
gondor_mt_longbowman,{=aom_gondor_mt_longbowman_name}[Gondor] Citadel Guard Longbowman,[Gondor] Citadel Guard Longbowman,36.0,Soldier,gondor,Ranged,,,,205.0,125.0,125.0,245.0,50.0,60.0,35.0,135.0,gondor_mt_sharpshooter,True,True
gondor_mt_sharpshooter,{=aom_gondor_mt_sharpshooter_name}[Gondor] Citadel Guard Sharpshooter,[Gondor] Citadel Guard Sharpshooter,41.0,Soldier,gondor,Ranged,,,,230.0,145.0,145.0,280.0,55.0,70.0,40.0,155.0,,False,True
gondor_ano_peasant,{=aom_gondor_ano_peasant_name}[Gondor] Anórien Peasant,[Gondor] Anórien Peasant,6.0,Soldier,gondor,Infantry,true,,,38.0,23.0,33.0,5.0,0.0,0.0,10.0,38.0,gondor_ano_militia|gondor_ano_archer_militia,True,True
gondor_ano_militia,{=aom_gondor_ano_militia_name}[Gondor] Anórien Militia,[Gondor] Anórien Militia,11.0,Soldier,gondor,Infantry,,,,70.0,60.0,75.0,10.0,5.0,10.0,15.0,53.0,gondor_ano_footman,True,True
gondor_ano_footman,{=aom_gondor_ano_footman_name}[Gondor] Anórien Footman,[Gondor] Anórien Footman,16.0,Soldier,gondor,Infantry,,,,100.0,90.0,100.0,15.0,10.0,20.0,20.0,85.0,gondor_ano_guardsman|gondor_ano_mt_cavalry,True,True
gondor_ano_guardsman,{=aom_gondor_ano_guardsman_name}[Gondor] Anórien Guardsman,[Gondor] Anórien Guardsman,21.0,Soldier,gondor,Infantry,,,,135.0,115.0,135.0,15.0,10.0,40.0,20.0,100.0,gondor_ano_infantry,True,True
gondor_ano_infantry,{=aom_gondor_ano_infantry_name}[Gondor] Anórien Infantry,[Gondor] Anórien Infantry,26.0,Soldier,gondor,Infantry,,,,185.0,160.0,175.0,20.0,15.0,60.0,25.0,105.0,gondor_ano_vet_infantry,True,True
gondor_ano_vet_infantry,{=aom_gondor_ano_vet_infantry_name}[Gondor] Anórien Veteran Infantry,[Gondor] Anórien Veteran Infantry,31.0,Soldier,gondor,Infantry,,,,240.0,215.0,240.0,25.0,20.0,70.0,30.0,125.0,,False,True
gondor_ano_mt_cavalry,{=aom_gondor_ano_mt_cavalry_name}[Gondor] Anórien Cavalry,[Gondor] Anórien Cavalry,21.0,Soldier,gondor,Cavalry,,,,125.0,65.0,150.0,25.0,15.0,20.0,125.0,105.0,gondor_ano_mt_heavy_cavalry,True,True
gondor_ano_mt_heavy_cavalry,{=aom_gondor_ano_mt_heavy_cavalry_name}[Gondor] Anórien Heavy Cavalry,[Gondor] Anórien Heavy Cavalry,26.0,Soldier,gondor,Cavalry,,,,180.0,85.0,200.0,30.0,20.0,30.0,165.0,120.0,gondor_ano_mt_knight,True,True
gondor_ano_mt_knight,{=aom_gondor_ano_mt_knight_name}[Gondor] Anórien Knight,[Gondor] Anórien Knight,31.0,Soldier,gondor,Cavalry,,,,230.0,105.0,255.0,35.0,25.0,40.0,215.0,135.0,,False,True
gondor_ano_archer_militia,{=aom_gondor_ano_archer_militia_name}[Gondor] Anórien Archer Militia,[Gondor] Anórien Archer Militia,11.0,Soldier,gondor,Ranged,,,,110.0,70.0,75.0,130.0,30.0,30.0,20.0,100.0,gondor_ano_skirmisher,True,True
gondor_soldiers_boss,{=taom_gondor_soldiers_boss_name}[Gondor] Soldier Captain,[Gondor] Soldier Captain,16.0,Bandit,gondor_soldiers,Ranged,,,,80.0,50.0,50.0,85.0,25.0,20.0,20.0,90.0,,False,False
gondor_ano_skirmisher,{=aom_gondor_ano_skirmisher_name}[Gondor] Anorien Skirmisher,[Gondor] Anorien Skirmisher,16.0,Soldier,gondor,Ranged,,,,80.0,50.0,50.0,85.0,25.0,20.0,20.0,90.0,gondor_ano_bowman,True,True
gondor_ano_bowman,{=aom_gondor_ano_bowman_name}[Gondor] Anórien Bowman,[Gondor] Anórien Bowman,21.0,Soldier,gondor,Ranged,,,,110.0,70.0,75.0,130.0,30.0,30.0,20.0,100.0,gondor_ano_archer,True,True
gondor_ano_archer,{=aom_gondor_ano_archer_name}[Gondor] Anórien Archer,[Gondor] Anórien Archer,26.0,Soldier,gondor,Ranged,,,,150.0,90.0,95.0,170.0,35.0,40.0,25.0,110.0,,False,True
gondor_militia_spearman,{=aom_gondor_militia_spearman_name}[Gondor] Gondor Militia Spearman,[Gondor] Gondor Militia Spearman,11.0,Soldier,gondor,Infantry,,,,120.0,115.0,150.0,15.0,10.0,40.0,20.0,100.0,,False,True
gondor_militia_archer,{=aom_gondor_militia_archer_name}[Gondor] Gondor Militia Archer,[Gondor] Gondor Militia Archer,11.0,Soldier,gondor,Ranged,,,,110.0,70.0,75.0,130.0,30.0,30.0,20.0,100.0,,False,True
gondor_militia_veteran_spearman,{=aom_gondor_militia_veteran_spearman_name}[Gondor] Gondor Veteran Militia Spearman,[Gondor] Gondor Veteran Militia Spearman,16.0,Soldier,gondor,Infantry,,,,120.0,115.0,150.0,15.0,10.0,40.0,20.0,100.0,,False,True
gondor_militia_veteran_archer,{=aom_gondor_militia_veteran_archer_name}[Gondor] Gondor Veteran Militia Archer,[Gondor] Gondor Veteran Militia Archer,16.0,Soldier,gondor,Ranged,,,,110.0,70.0,75.0,130.0,30.0,30.0,20.0,100.0,,False,True
gondor_pg_cavalry,{=aom_gondor_pg_cavalry_name}[Gondor] Pinnath Gelin Light Horseman,[Gondor] Pinnath Gelin Light Horseman,26.0,Soldier,gondor,Cavalry,,,,180.0,85.0,200.0,30.0,20.0,30.0,165.0,120.0,gondor_pg_vet_cavalry,True,True
gondor_pg_vet_cavalry,{=aom_gondor_pg_vet_cavalry_name}[Gondor] Pinnath Gelin Veteran Horseman,[Gondor] Pinnath Gelin Veteran Horseman,31.0,Soldier,gondor,Cavalry,,,,230.0,105.0,255.0,35.0,25.0,40.0,215.0,135.0,,False,True
gundabad_snaga,{=aom_gundabad_snaga_name}[Gundabad] Pale Uruk Warrior,[Gundabad] Pale Uruk Warrior,11.0,Soldier,gundabad,Infantry,true,,,60.0,65.0,75.0,0.0,0.0,25.0,5.0,53.0,gundabad_grunt,True,True
gundabad_hunter,{=aom_gundabad_hunter_name}[Gundabad] Hunter,[Gundabad] Hunter,11.0,Soldier,gundabad,Ranged,,,,30.0,35.0,35.0,45.0,5.0,25.0,5.0,55.0,gundabad_warg_tamer|gundabad_lurker,True,True
gundabad_grunt,{=aom_gundabad_grunt_name}[Gundabad] Pale Uruk Brawler,[Gundabad] Pale Uruk Brawler,16.0,Soldier,gundabad,Infantry,,,,90.0,95.0,100.0,5.0,0.0,35.0,10.0,85.0,gundabad_fighter|gundabad_guard,True,True
gundabad_warg_tamer,{=aom_gundabad_warg_tamer_name}[Gundabad] Pale Uruk Wolf Rider,[Gundabad] Pale Uruk Wolf Rider,31.0,Soldier,gundabad,Cavalry,,,,220.0,110.0,255.0,25.0,15.0,55.0,205.0,135.0,gundabad_tracker,True,True
gundabad_tracker,{=aom_gundabad_tracker_name}[Gundabad] Pale Uruk Fang Rider,[Gundabad] Pale Uruk Fang Rider,36.0,Soldier,gundabad,Cavalry,,,,270.0,140.0,305.0,35.0,20.0,65.0,265.0,155.0,gundabad_dread_rider_of_the_tower,True,True
gundabad_scout,{=aom_gundabad_scout_name}[Gundabad] Scout,[Gundabad] Scout,21.0,Soldier,gundabad,HorseArcher,,,,100.0,65.0,85.0,135.0,10.0,50.0,145.0,115.0,gundabad_despoiler_of_the_vale,True,True
gundabad_dread_rider_of_the_tower,{=aom_gundabad_dread_rider_of_the_tower_name}[Gundabad] Azog's Defiler,[Gundabad] Azog's Defiler,41.0,Soldier,gundabad,Cavalry,,,,310.0,170.0,345.0,40.0,25.0,75.0,315.0,175.0,,False,True
gundabad_raiders_boss,{=taom_gundabad_raiders_boss_name}[Gundabad] Warlord of the Vale,[Gundabad] Warlord of the Vale,26.0,Bandit,gundabad_raiders,HorseArcher,,,,140.0,85.0,115.0,185.0,15.0,60.0,195.0,130.0,,False,False
gundabad_despoiler_of_the_vale,{=aom_gundabad_despoiler_of_the_vale_name}[Gundabad] Despoiler of the Vale,[Gundabad] Despoiler of the Vale,26.0,Soldier,gundabad,HorseArcher,,,,140.0,85.0,115.0,185.0,15.0,60.0,195.0,130.0,,False,True
gundabad_lurker,{=aom_gundabad_lurker_name}[Gundabad] Lurker,[Gundabad] Lurker,16.0,Soldier,gundabad,Ranged,,,,70.0,55.0,50.0,75.0,15.0,35.0,10.0,90.0,gundabad_sentry,True,True
gundabad_sentry,{=aom_gundabad_sentry_name}[Gundabad] Sentry,[Gundabad] Sentry,21.0,Soldier,gundabad,Ranged,,,,100.0,75.0,75.0,120.0,20.0,45.0,10.0,100.0,gundabad_archer,True,True
gundabad_archer,{=aom_gundabad_archer_name}[Gundabad] Archer,[Gundabad] Archer,26.0,Soldier,gundabad,Ranged,,,,140.0,95.0,95.0,160.0,25.0,55.0,15.0,110.0,,False,True
gundabad_fighter,{=aom_gundabad_fighter_name}[Gundabad] Pale Uruk Raider,[Gundabad] Pale Uruk Raider,21.0,Soldier,gundabad,Infantry,,,,125.0,120.0,135.0,5.0,0.0,55.0,10.0,100.0,gundabad_brute|gundabad_sword_warrior,True,True
gundabad_guard,{=aom_gundabad_guard_name}[Gundabad] Pale Uruk Impaler,[Gundabad] Pale Uruk Impaler,21.0,Soldier,gundabad,Infantry,,,,125.0,120.0,135.0,5.0,0.0,55.0,10.0,100.0,gundabad_spear_warrior,True,True
gundabad_brute,{=aom_gundabad_brute_name}[Gundabad] Pale Uruk Ravager,[Gundabad] Pale Uruk Ravager,26.0,Soldier,gundabad,Infantry,,,,175.0,165.0,175.0,10.0,5.0,75.0,15.0,105.0,gundabad_veteran_sword_warrior,True,True
gundabad_berserker,{=aom_gundabad_berserker_name}[Gundabad] Pale Uruk Bone Breaker,[Gundabad] Pale Uruk Bone Breaker,31.0,Soldier,gundabad,Infantry,,,,230.0,220.0,240.0,15.0,10.0,85.0,20.0,125.0,gundabad_veteran_berserker,True,True
gundabad_veteran_berserker,{=aom_gundabad_veteran_berserker_name}[Gundabad] Pale Uruk Skull Crusher,[Gundabad] Pale Uruk Skull Crusher,36.0,Soldier,gundabad,Infantry,,,,270.0,260.0,280.0,20.0,15.0,95.0,25.0,145.0,,False,True
gundabad_sword_warrior,{=aom_gundabad_sword_warrior_name}[Gundabad] Pale Uruk Mauler,[Gundabad] Pale Uruk Mauler,26.0,Soldier,gundabad,Infantry,,,,190.0,165.0,160.0,10.0,5.0,75.0,15.0,105.0,gundabad_berserker,True,True
gundabad_veteran_sword_warrior,{=aom_gundabad_veteran_sword_warrior_name}[Gundabad] Pale Uruk Infantry,[Gundabad] Pale Uruk Infantry,31.0,Soldier,gundabad,Infantry,,,,245.0,220.0,225.0,15.0,10.0,85.0,20.0,125.0,gundabad_chosen_of_tharzog,True,True
gundabad_chosen_of_tharzog,{=aom_gundabad_chosen_of_tharzog_name}[Gundabad] Pale Uruk Mountain Guard,[Gundabad] Pale Uruk Mountain Guard,36.0,Soldier,gundabad,Infantry,,,,270.0,260.0,280.0,20.0,15.0,95.0,25.0,145.0,gundabad_bolgs_ironfang,True,True
gundabad_spear_warrior,{=aom_gundabad_spear_warrior_name}[Gundabad] Pale Uruk Spearman,[Gundabad] Pale Uruk Spearman,26.0,Soldier,gundabad,Infantry,,,,160.0,165.0,190.0,10.0,5.0,75.0,15.0,105.0,gundabad_warg_tamer|gundabad_veteran_spear_warrior,True,True
gundabad_veteran_spear_warrior,{=aom_gundabad_veteran_spear_warrior_name}[Gundabad] Pale Uruk Pike-Reaver,[Gundabad] Pale Uruk Pike-Reaver,31.0,Soldier,gundabad,Infantry,,,,200.0,235.0,255.0,15.0,10.0,85.0,20.0,125.0,gundabad_guardian_of_the_tower,True,True
gundabad_guardian_of_the_tower,{=aom_gundabad_guardian_of_the_tower_name}[Gundabad] Pale Uruk War-Pike,[Gundabad] Pale Uruk War-Pike,36.0,Soldier,gundabad,Infantry,,,,255.0,260.0,295.0,20.0,15.0,95.0,25.0,145.0,,False,True
gundabad_militia_spearman,{=aom_gb_militia_spear}[Gundabad] Militia Spearman,[Gundabad] Militia Spearman,11.0,Soldier,gundabad,Infantry,,,,110.0,120.0,150.0,5.0,0.0,55.0,10.0,100.0,,False,True
gundabad_militia_archer,{=aom_gb_militia_archer}[Gundabad] Militia Archer,[Gundabad] Militia Archer,11.0,Soldier,gundabad,Ranged,,,,100.0,75.0,75.0,120.0,20.0,45.0,10.0,100.0,,False,True
gundabad_militia_veteran_spearman,{=aom_gb_militia_vet_spear}[Gundabad] Militia Veteran Spearman,[Gundabad] Militia Veteran Spearman,16.0,Soldier,gundabad,Infantry,,,,110.0,120.0,150.0,5.0,0.0,55.0,10.0,100.0,,False,True
gundabad_militia_veteran_archer,{=aom_gb_militia_vet_archer}[Gundabad] Militia Veteran Archer,[Gundabad] Militia Veteran Archer,16.0,Soldier,gundabad,Ranged,,,,100.0,75.0,75.0,120.0,20.0,45.0,10.0,100.0,,False,True
gundabad_bolgs_ironfang,{=aom_gundabad_bolgs_ironfang_name}[Gundabad] Bolg's Ironfang,[Gundabad] Bolg's Ironfang,36.0,Soldier,gundabad,Infantry,,,,270.0,260.0,280.0,20.0,15.0,95.0,25.0,145.0,,False,True
harad_levy,{=aom_harad_levy_name}[Harad] Levy,[Harad] Levy,6.0,Soldier,aserai,Infantry,true,,,33.0,8.0,23.0,15.0,0.0,10.0,20.0,33.0,harad_militia|harad_skirmisher,True,True
harad_militia,{=aom_harad_militia_name}[Harad] Militia,[Harad] Militia,11.0,Soldier,aserai,Infantry,,,,65.0,45.0,65.0,20.0,5.0,20.0,25.0,48.0,harad_spearfighter|harad_swordfighter|harad_camelscout,True,True
harad_elephant_rider,{=harad_elephant_rider_name}[Aharad] Elephant Rider,[Aharad] Elephant Rider,51.0,Soldier,aserai,Cavalry,,,,345.0,150.0,380.0,290.0,40.0,80.0,385.0,220.0,,False,True
harad_mumakil_rider,{=harad_mumakil_rider_name}[Aharad] Mumakil Rider,[Aharad] Mumakil Rider,51.0,Soldier,aserai,Cavalry,,,,345.0,150.0,380.0,290.0,40.0,80.0,385.0,220.0,,False,True
harad_skirmisher,{=aom_harad_skirmisher_name}[Harad] Skirmisher,[Harad] Skirmisher,11.0,Soldier,aserai,Ranged,,,,35.0,15.0,25.0,65.0,15.0,20.0,25.0,50.0,harad_archer,True,True
harad_spearfighter,{=aom_harad_spearfighter_name}[Harad] Spear Fighter,[Harad] Spear Fighter,16.0,Soldier,aserai,Infantry,,,,80.0,75.0,105.0,25.0,10.0,30.0,30.0,80.0,harad_spearguard,True,True
harad_swordfighter,{=aom_harad_swordfighter_name}[Harad] Sword Fighter,[Harad] Sword Fighter,16.0,Soldier,aserai,Infantry,,,,110.0,75.0,75.0,25.0,10.0,30.0,30.0,80.0,harad_footman,True,True
harad_archer,{=aom_harad_archer_name}[Harad] Desert Archer,[Harad] Desert Archer,16.0,Soldier,aserai,Ranged,,,,75.0,35.0,40.0,95.0,25.0,30.0,30.0,85.0,harad_marksman,True,True
harad_camelscout,{=aom_harad_camelscout_name}[Harad] Camel Scout,[Harad] Camel Scout,16.0,Soldier,aserai,Cavalry,,,,85.0,40.0,95.0,25.0,10.0,25.0,110.0,85.0,harad_camelrider,True,True
harad_spearguard,{=aom_harad_spearguard_name}[Harad] Spear Guard,[Harad] Spear Guard,21.0,Soldier,aserai,Infantry,,,,115.0,100.0,140.0,25.0,10.0,50.0,30.0,95.0,harad_sunlance,True,True
harad_footman,{=aom_harad_footman_name}[Harad] Footman,[Harad] Footman,21.0,Soldier,aserai,Infantry,,,,130.0,100.0,125.0,25.0,10.0,50.0,30.0,95.0,harad_bronzefang,True,True
harad_marksman,{=aom_harad_marksman_name}[Harad] Marksman,[Harad] Marksman,21.0,Soldier,aserai,Ranged,,,,105.0,55.0,65.0,140.0,30.0,40.0,30.0,95.0,harad_vipereye,True,True
harad_raiders_boss,{=taom_harad_raiders_boss_name}[Harad] Haradrim Warlord,[Harad] Haradrim Warlord,21.0,Bandit,harad_raiders,Cavalry,,,,120.0,50.0,140.0,35.0,15.0,30.0,135.0,100.0,,False,False
harad_camelrider,{=aom_harad_camelrider_name}[Harad] Camel Rider,[Harad] Camel Rider,21.0,Soldier,aserai,Cavalry,,,,120.0,50.0,140.0,35.0,15.0,30.0,135.0,100.0,harad_camel_lancer,True,True
harad_sunlance,{=aom_harad_sunlance_name}[Harad] Sunlance,[Harad] Sunlance,26.0,Soldier,aserai,Infantry,,,,165.0,145.0,180.0,30.0,15.0,70.0,35.0,100.0,harad_warlance,True,True
harad_bronzefang,{=aom_harad_bronzefang_name}[Harad] Bronze Fang,[Harad] Bronze Fang,26.0,Soldier,aserai,Infantry,,,,180.0,145.0,165.0,30.0,15.0,70.0,35.0,100.0,harad_champion,True,True
harad_vipereye,{=aom_harad_vipereye_name}[Harad] Viper,[Harad] Viper,26.0,Soldier,aserai,Ranged,,,,145.0,75.0,85.0,180.0,35.0,50.0,35.0,105.0,harad_serpent_eye,True,True
harad_camel_lancer,{=aom_harad_camel_lancer_name}[Harad] Camel Lancer,[Harad] Camel Lancer,26.0,Soldier,aserai,Cavalry,,,,160.0,70.0,205.0,40.0,20.0,40.0,175.0,115.0,,False,True
harad_warlance,{=aom_harad_warlance_name}[Harad] Warlance,[Harad] Warlance,31.0,Soldier,aserai,Infantry,,,,220.0,200.0,245.0,35.0,20.0,80.0,40.0,120.0,,False,True
harad_champion,{=aom_harad_champion_name}[Harad] Champion,[Harad] Champion,31.0,Soldier,aserai,Infantry,,,,235.0,200.0,230.0,35.0,20.0,80.0,40.0,120.0,,False,True
harad_serpent_eye,{=aom_harad_serpent_eye_name}[Harad] Serpent Eyes,[Harad] Serpent Eyes,31.0,Soldier,aserai,Ranged,,,,170.0,90.0,95.0,215.0,40.0,60.0,40.0,115.0,,False,True
harad_noble,{=aom_harad_noble_name}[Harad] Youngblood of the Serpent,[Harad] Youngblood of the Serpent,11.0,Soldier,aserai,Cavalry,true,,,60.0,25.0,55.0,20.0,5.0,15.0,80.0,60.0,harad_sandblade,True,True
harad_sandblade,{=aom_harad_sandblade_name}[Harad] Initiate of the Sand Blades,[Harad] Initiate of the Sand Blades,16.0,Soldier,aserai,Infantry,,,,110.0,75.0,75.0,25.0,10.0,30.0,30.0,80.0,harad_gildedfang|harad_horsearcher,True,True
harad_gildedfang,{=aom_harad_gildedfang_name}[Harad] Warrior of the Gilded Fang,[Harad] Warrior of the Gilded Fang,21.0,Soldier,aserai,Cavalry,,,,120.0,50.0,140.0,35.0,15.0,30.0,135.0,100.0,harad_serpentguard,True,True
harad_horsearcher,{=aom_harad_horsearcher_name}[Harad] Rider of the Golden Veil,[Harad] Rider of the Golden Veil,21.0,Soldier,aserai,HorseArcher,,,,105.0,45.0,75.0,155.0,20.0,45.0,165.0,110.0,harad_serpenthorsearcher,True,True
harad_serpentguard,{=aom_harad_serpentguard_name}[Harad] Serpent Guard,[Harad] Serpent Guard,26.0,Soldier,aserai,Cavalry,,,,175.0,70.0,190.0,40.0,20.0,40.0,175.0,115.0,harad_fangking,True,True
harad_serpenthorsearcher,{=aom_harad_serpenthorsearcher_name}[Harad] Serpent Archer,[Harad] Serpent Archer,26.0,Soldier,aserai,HorseArcher,,,,145.0,65.0,105.0,205.0,25.0,55.0,215.0,125.0,,False,True
harad_fangking,{=aom_harad_fangking_name}[Harad] Fang of the King,[Harad] Fang of the King,31.0,Soldier,aserai,Cavalry,,,,225.0,90.0,245.0,45.0,25.0,50.0,225.0,130.0,,False,True
harad_militia_spearman,{=aom_harad_militia_spearman_name}[Harad] Militia Spearman,[Harad] Militia Spearman,11.0,Soldier,aserai,Infantry,,,,115.0,100.0,140.0,25.0,10.0,50.0,30.0,95.0,,False,True
harad_militia_archer,{=aom_harad_militia_archer_name}[Harad] Militia Archer,[Harad] Militia Archer,11.0,Soldier,aserai,Ranged,,,,105.0,55.0,65.0,140.0,30.0,40.0,30.0,95.0,,False,True
harad_militia_veteran_spearman,{=aom_harad_militia_vet_spear_name}[Harad] Militia Veteran Spearman,[Harad] Militia Veteran Spearman,16.0,Soldier,aserai,Infantry,,,,115.0,100.0,140.0,25.0,10.0,50.0,30.0,95.0,,False,True
harad_militia_veteran_archer,{=aom_harad_militia_vet_arch_name}[Harad] Militia Veteran Archer,[Harad] Militia Veteran Archer,16.0,Soldier,aserai,Ranged,,,,105.0,55.0,65.0,140.0,30.0,40.0,30.0,95.0,,False,True
urukhai_recruit,{=aom_urukhai_recruit_name}[Isengard] Uruk-Hai Recruit,[Isengard] Uruk-Hai Recruit,6.0,Soldier,isengard,Infantry,true,,,38.0,33.0,43.0,5.0,10.0,20.0,10.0,43.0,urukhai_fighter,True,True
urukhai_fighter,{=aom_urukhai_fighter_name}[Isengard] Uruk-Hai Fighter,[Isengard] Uruk-Hai Fighter,11.0,Soldier,isengard,Infantry,,,,70.0,70.0,85.0,10.0,15.0,30.0,15.0,58.0,urukhai_warrior|urukhai_skirmisher|urukhai_scout,True,True
orc_warg_scout,{=aom_orc_warg_scout_name}[Isengard] Orc Warg-Rider Scout,[Isengard] Orc Warg-Rider Scout,11.0,Soldier,isengard,Cavalry,,,,65.0,50.0,75.0,10.0,15.0,25.0,70.0,70.0,orc_warg_overseer,True,True
urukhai_scout,{=aom_urukhai_scout_name}[Isengard] Uruk-Hai Scout,[Isengard] Uruk-Hai Scout,16.0,Soldier,isengard,Ranged,,,,80.0,60.0,60.0,85.0,35.0,40.0,20.0,95.0,urukhai_tracker,True,True
urukhai_warrior,{=aom_urukhai_warrior_name}[Isengard] Uruk-Hai Warrior,[Isengard] Uruk-Hai Warrior,16.0,Soldier,isengard,Infantry,,,,100.0,100.0,110.0,15.0,20.0,40.0,20.0,90.0,urukhai_spearman|urukhai_swordman|urukhai_feller,True,True
urukhai_feller,{=aom_urukhai_feller_name}[Isengard] Uruk-Hai Feller,[Isengard] Uruk-Hai Feller,21.0,Soldier,isengard,Infantry,,,,135.0,125.0,145.0,15.0,20.0,60.0,20.0,105.0,urukhai_slayer,True,True
orc_warg_overseer,{=aom_orc_warg_overseer_name}[Isengard] Orc Warg-Rider Overseer,[Isengard] Orc Warg-Rider Overseer,16.0,Soldier,isengard,Cavalry,,,,90.0,65.0,115.0,15.0,20.0,35.0,100.0,95.0,orc_warg_enforcer,True,True
urukhai_skirmisher,{=aom_urukhai_skirmisher_name}[Isengard] Uruk-Hai Skirmisher,[Isengard] Uruk-Hai Skirmisher,16.0,Soldier,isengard,Ranged,,,,80.0,60.0,60.0,85.0,35.0,40.0,20.0,95.0,urukhai_arbalest,True,True
orc_warg_enforcer,{=aom_orc_warg_enforcer_name}[Isengard] Orc Warg-Rider Enforcer,[Isengard] Orc Warg-Rider Enforcer,21.0,Soldier,isengard,Cavalry,,,,125.0,75.0,160.0,25.0,25.0,40.0,125.0,110.0,orc_warg_lieutenant,True,True
urukhai_spearman,{=aom_urukhai_spearman_name}[Isengard] Uruk-Hai Spearman,[Isengard] Uruk-Hai Spearman,21.0,Soldier,isengard,Infantry,,,,120.0,125.0,160.0,15.0,20.0,60.0,20.0,105.0,urukhai_pikeman|urukhai_veteranspearman,True,True
urukhai_swordman,{=aom_urukhai_swordman_name}[Isengard] Uruk-Hai Swordman,[Isengard] Uruk-Hai Swordman,21.0,Soldier,isengard,Infantry,,,,150.0,125.0,130.0,15.0,20.0,60.0,20.0,105.0,urukhai_infantry|urukhai_champion,True,True
urukhai_slayer,{=aom_urukhai_slayer_name}[Isengard] Uruk-Hai Slayer,[Isengard] Uruk-Hai Slayer,26.0,Soldier,isengard,Infantry,,,,185.0,170.0,185.0,20.0,25.0,80.0,25.0,110.0,urukhai_reaver,True,True
urukhai_tracker,{=aom_urukhai_tracker_name}[Isengard] Uruk-Hai Tracker,[Isengard] Uruk-Hai Tracker,21.0,Soldier,isengard,Ranged,,,,110.0,80.0,85.0,130.0,40.0,50.0,20.0,105.0,urukhai_archer,True,True
urukhai_arbalest,{=aom_urukhai_arbalest_name}[Isengard] Uruk-Hai Arbalest,[Isengard] Uruk-Hai Arbalest,21.0,Soldier,isengard,Ranged,,,,110.0,80.0,85.0,40.0,130.0,50.0,20.0,105.0,urukhai_crossbowman,True,True
orc_warg_lieutenant,{=aom_orc_warg_lieutenant_name}[Isengard] Orc Warg-Rider Lieutenant,[Isengard] Orc Warg-Rider Lieutenant,26.0,Soldier,isengard,Cavalry,,,,180.0,95.0,210.0,30.0,30.0,50.0,165.0,125.0,,False,True
urukhai_pikeman,{=aom_urukhai_pikeman_name}[Isengard] Uruk-Hai Pikeman,[Isengard] Uruk-Hai Pikeman,26.0,Soldier,isengard,Infantry,,,,170.0,170.0,200.0,20.0,25.0,80.0,25.0,110.0,urukhai_veteranpikeman,True,True
urukhai_veteranspearman,{=aom_urukhai_veteranspearman_name}[Isengard] Uruk-Hai Veteran Spearman,[Isengard] Uruk-Hai Veteran Spearman,26.0,Soldier,isengard,Infantry,,,,170.0,170.0,200.0,20.0,25.0,80.0,25.0,110.0,urukhai_pavise,True,True
urukhai_infantry,{=aom_urukhai_infantry_name}[Isengard] Uruk-Hai Infantry,[Isengard] Uruk-Hai Infantry,26.0,Soldier,isengard,Infantry,,,,185.0,170.0,185.0,20.0,25.0,80.0,25.0,110.0,urukhai_veteraninfantry,True,True
urukhai_champion,{=aom_urukhai_champion_name}[Isengard] Uruk-Hai Champion,[Isengard] Uruk-Hai Champion,26.0,Soldier,isengard,Infantry,,,,185.0,170.0,185.0,20.0,25.0,80.0,25.0,110.0,urukhai_berserker,True,True
urukhai_reaver,{=aom_urukhai_reaver_name}[Isengard] Uruk-Hai Reaver,[Isengard] Uruk-Hai Reaver,31.0,Soldier,isengard,Infantry,,,,225.0,240.0,250.0,25.0,30.0,90.0,30.0,130.0,,False,True
urukhai_archer,{=aom_urukhai_archer_name}[Isengard] Uruk-Hai Archer,[Isengard] Uruk-Hai Archer,26.0,Soldier,isengard,Ranged,,,,150.0,100.0,105.0,170.0,45.0,60.0,25.0,115.0,,False,True
urukhai_crossbowman,{=aom_urukhai_crossbowman_name}[Isengard] Uruk-Hai Crossbowman,[Isengard] Uruk-Hai Crossbowman,26.0,Soldier,isengard,Ranged,,,,150.0,100.0,105.0,45.0,170.0,60.0,25.0,115.0,urukhai_veterancrossbowman,True,True
urukhai_berserker,{=aom_urukhai_berserker_name}[Isengard] Uruk-Hai Berserker,[Isengard] Uruk-Hai Berserker,31.0,Soldier,isengard,Infantry,,,,240.0,225.0,250.0,25.0,30.0,90.0,30.0,130.0,urukhai_nazg_hai,True,True
urukhai_veterancrossbowman,{=aom_urukhai_veterancrossbowman_name}[Isengard] Uruk-Hai Veteran Crossbowman,[Isengard] Uruk-Hai Veteran Crossbowman,31.0,Soldier,isengard,Ranged,,,,175.0,115.0,115.0,50.0,205.0,70.0,30.0,125.0,,False,True
urukhai_veteranpikeman,{=aom_urukhai_veteranpikeman_name}[Isengard] Uruk-Hai Veteran Pikeman,[Isengard] Uruk-Hai Veteran Pikeman,31.0,Soldier,isengard,Infantry,,,,225.0,225.0,265.0,25.0,30.0,90.0,30.0,130.0,,False,True
urukhai_pavise,{=aom_urukhai_pavise_name}[Isengard] Uruk-Hai Pavise Guard,[Isengard] Uruk-Hai Pavise Guard,31.0,Soldier,isengard,Infantry,,,,240.0,225.0,250.0,25.0,30.0,90.0,30.0,130.0,,False,True
urukhai_veteraninfantry,{=aom_urukhai_veteraninfantry_name}[Isengard] Champions of the White Hand,[Isengard] Champions of the White Hand,31.0,Soldier,isengard,Infantry,,,,240.0,225.0,250.0,25.0,30.0,90.0,30.0,130.0,,False,True
urukhai_nazg_hai,{=aom_urukhai_nazg_hai_name}[Isengard] Uruk-Hai Nazg-hai,[Isengard] Uruk-Hai Nazg-hai,36.0,Soldier,isengard,Infantry,,,,280.0,265.0,290.0,30.0,35.0,100.0,35.0,150.0,,False,True
orthanc_chosen,{=aom_orthanc_chosen_name}[Isengard] Orthanc Chosen,[Isengard] Orthanc Chosen,26.0,Soldier,isengard,Infantry,true,,,197.0,177.0,190.0,20.0,27.0,82.0,25.0,118.0,orthanc_guard,True,True
orthanc_guard,{=aom_orthanc_guard_name}[Isengard] Orthanc Guard,[Isengard] Orthanc Guard,31.0,Soldier,isengard,Infantry,,,,252.0,232.0,255.0,25.0,32.0,92.0,30.0,138.0,orthanc_warden,True,True
orthanc_warden,{=aom_orthanc_warden_name}[Isengard] Orthanc Warden,[Isengard] Orthanc Warden,36.0,Soldier,isengard,Infantry,,,,292.0,272.0,295.0,30.0,37.0,102.0,35.0,158.0,orthanc_bodyguard,True,True
orthanc_bodyguard,{=aom_orthanc_bodyguard_name}[Isengard] Orthanc Bodyguard,[Isengard] Orthanc Bodyguard,41.0,Soldier,isengard,Infantry,,,,332.0,312.0,330.0,35.0,37.0,112.0,40.0,178.0,,False,True
isengard_militia_spearman,{=aom_isen_mil_spear_name}[Isengard] Militia Spearman,[Isengard] Militia Spearman,11.0,Soldier,isengard,Infantry,,,,120.0,125.0,160.0,15.0,20.0,60.0,20.0,105.0,isengard_militia_veteran_spearman,True,True
isengard_militia_archer,{=aom_isen_mil_arch_name}[Isengard] Militia Archer,[Isengard] Militia Archer,11.0,Soldier,isengard,Ranged,,,,110.0,80.0,85.0,130.0,40.0,50.0,20.0,105.0,isengard_militia_veteran_archer,True,True
isengard_militia_veteran_spearman,{=aom_isen_mil_vspear_name}[Isengard] Militia Veteran Spearman,[Isengard] Militia Veteran Spearman,16.0,Soldier,isengard,Infantry,,,,120.0,125.0,160.0,15.0,20.0,60.0,20.0,105.0,,False,True
isengard_militia_veteran_archer,{=aom_isen_mil_varch_name}[Isengard] Militia Veteran Archer,[Isengard] Militia Veteran Archer,16.0,Soldier,isengard,Ranged,,,,110.0,80.0,85.0,130.0,40.0,50.0,20.0,105.0,,False,True
isengard_orc_berserker,{=aom_isengard_orc_berserker_name}[Isengard] Orc Berserker,[Isengard] Orc Berserker,6.0,Soldier,isengard,Infantry,,,,38.0,33.0,43.0,5.0,10.0,20.0,10.0,43.0,isengard_orc_ravager,True,True
isengard_orc_warg_scout_v2,{=aom_isengard_orc_warg_scout_v2_name}[Isengard] Orc Warg Scout,[Isengard] Orc Warg Scout,6.0,Soldier,isengard,Cavalry,,,,40.0,25.0,45.0,5.0,10.0,20.0,55.0,60.0,isengard_orc_warg_rider_v2,True,True
isengard_orc_warg_ravager_v2,{=aom_isengard_orc_warg_ravager_v2_name}[Isengard] Orc Warg Ravager,[Isengard] Orc Warg Ravager,21.0,Soldier,isengard,Cavalry,,,,125.0,75.0,160.0,25.0,25.0,40.0,125.0,110.0,,False,True
isengard_orc_slayer,{=aom_isengard_orc_slayer_name}[Isengard] Orc Slayer,[Isengard] Orc Slayer,21.0,Soldier,isengard,Infantry,,,,135.0,125.0,145.0,15.0,20.0,60.0,20.0,105.0,,False,True
isengard_orc_reaver,{=aom_isengard_orc_reaver_name}[Isengard] Orc Reaver,[Isengard] Orc Reaver,21.0,Soldier,isengard,Infantry,,,,120.0,140.0,145.0,15.0,20.0,60.0,20.0,105.0,,False,True
isengard_orc_warrior,{=aom_isengard_orc_warrior_name}[Isengard] Orc Warrior,[Isengard] Orc Warrior,11.0,Soldier,isengard,Infantry,,,,70.0,70.0,85.0,10.0,15.0,30.0,15.0,58.0,isengard_orc_marauder,True,True
isengard_orc_warg_rider_v2,{=aom_isengard_orc_warg_rider_v2_name}[Isengard] Orc Warg Rider,[Isengard] Orc Warg Rider,11.0,Soldier,isengard,Cavalry,,,,65.0,50.0,75.0,10.0,15.0,25.0,70.0,70.0,isengard_orc_warg_raider_v2,True,True
isengard_orc_warg_raider_v2,{=aom_isengard_orc_warg_raider_v2_name}[Isengard] Orc Warg Raider,[Isengard] Orc Warg Raider,16.0,Soldier,isengard,Cavalry,,,,90.0,65.0,115.0,15.0,20.0,35.0,100.0,95.0,isengard_orc_warg_ravager_v2,True,True
isengard_orc_marauder,{=aom_isengard_orc_marauder_name}[Isengard] Orc Marauder,[Isengard] Orc Marauder,16.0,Soldier,isengard,Infantry,,,,100.0,100.0,110.0,15.0,20.0,40.0,20.0,90.0,isengard_orc_reaver,True,True
isengard_orc_butcher,{=aom_isengard_orc_butcher_name}[Isengard] Orc Butcher,[Isengard] Orc Butcher,16.0,Soldier,isengard,Infantry,,,,100.0,100.0,110.0,15.0,20.0,40.0,20.0,90.0,isengard_orc_slayer,True,True
isengard_orc_grunt,{=aom_isengard_orc_grunt_name}[Isengard] Orc Grunt,[Isengard] Orc Grunt,1.0,Soldier,isengard,Infantry,true,,,35.0,30.0,35.0,5.0,10.0,20.0,10.0,35.0,isengard_orc_brawler|isengard_orc_berserker|isengard_orc_warg_scout_v2,True,True
isengard_orc_ravager,{=aom_isengard_orc_ravager_name}[Isengard] Orc Ravager,[Isengard] Orc Ravager,11.0,Soldier,isengard,Infantry,,,,70.0,70.0,85.0,10.0,15.0,30.0,15.0,58.0,isengard_orc_butcher,True,True
isengard_orc_brawler,{=aom_isengard_orc_brawler_name}[Isengard] Orc Brawler,[Isengard] Orc Brawler,6.0,Soldier,isengard,Infantry,,,,38.0,33.0,43.0,5.0,10.0,20.0,10.0,43.0,isengard_orc_warrior,True,True
mirkwood_recruit,{=aom_mirkwood_recruit_name}[Mirkwood] Silvan Levy,[Mirkwood] Silvan Levy,36.0,Soldier,mirkwood,Infantry,true,,,310.0,280.0,305.0,80.0,75.0,140.0,35.0,185.0,mirkwood_woodsman|mirkwood_guards|mirkwood_wardens|mirkwood_sentinels|mirkwood_rochenlas,True,True
mirkwood_woodsman,{=aom_mirkwood_woodsman_name}[Mirkwood] Greenwood Woodsman,[Mirkwood] Greenwood Woodsman,41.0,Soldier,mirkwood,Infantry,,,,350.0,320.0,340.0,85.0,75.0,150.0,40.0,205.0,mirkwood_glaivesman,True,True
mirkwood_guards,{=aom_mirkwood_guards_name}[Mirkwood] Greenwood Guards,[Mirkwood] Greenwood Guards,41.0,Soldier,mirkwood,Infantry,,,,350.0,320.0,340.0,85.0,75.0,150.0,40.0,205.0,mirkwood_swordsman,True,True
mirkwood_wardens,{=aom_mirkwood_wardens_name}[Mirkwood] Greenwood Wardens,[Mirkwood] Greenwood Wardens,41.0,Soldier,mirkwood,Infantry,,,,350.0,320.0,340.0,85.0,75.0,150.0,40.0,205.0,mirkwood_guardians,True,True
mirkwood_sentinels,{=aom_mirkwood_sentinels_name}[Mirkwood] Silvan Sentinels,[Mirkwood] Silvan Sentinels,41.0,Soldier,mirkwood,Ranged,,,,260.0,170.0,170.0,330.0,105.0,130.0,40.0,195.0,mirkwood_borderwardens,True,True
mirkwood_rochenlas,{=aom_mirkwood_rochenlas_name}[Mirkwood] Mirkwood Róchenlas,[Mirkwood] Mirkwood Róchenlas,41.0,Soldier,mirkwood,Cavalry,,,,350.0,190.0,370.0,100.0,85.0,120.0,325.0,215.0,mirkwood_beleglas,True,True
mirkwood_beleglas,{=aom_mirkwood_beleglas_name}[Mirkwood] Mirkwood Béleglas,[Mirkwood] Mirkwood Béleglas,46.0,Soldier,mirkwood,Cavalry,,,,380.0,210.0,400.0,105.0,90.0,120.0,365.0,230.0,,False,True
mirkwood_borderwardens,{=aom_mirkwood_borderwardens_name}[Mirkwood] Silvan Borderwarden,[Mirkwood] Silvan Borderwarden,46.0,Soldier,mirkwood,Ranged,,,,280.0,190.0,190.0,350.0,110.0,130.0,45.0,210.0,mirkwood_thingolheir,True,True
mirkwood_guardians,{=aom_mirkwood_guardians_name}[Mirkwood] Guardians of Felegoth,[Mirkwood] Guardians of Felegoth,46.0,Soldier,mirkwood,Infantry,,,,370.0,340.0,360.0,90.0,80.0,150.0,45.0,220.0,mirkwood_palaceguard,True,True
mirkwood_glaivesman,{=aom_mirkwood_glaivesman_name}[Mirkwood] Glaivesman of Amon,[Mirkwood] Glaivesman of Amon,46.0,Soldier,mirkwood,Infantry,,,,355.0,340.0,375.0,90.0,80.0,150.0,45.0,220.0,,False,True
mirkwood_swordsman,{=aom_mirkwood_swordsman_name}[Mirkwood] Greenwood Swordsman,[Mirkwood] Greenwood Swordsman,46.0,Soldier,mirkwood,Infantry,,,,385.0,340.0,345.0,90.0,80.0,150.0,45.0,220.0,,False,True
mirkwood_palaceguard,{=aom_mirkwood_palaceguard_name}[Mirkwood] Palace Guard,[Mirkwood] Palace Guard,51.0,Soldier,mirkwood,Infantry,,,,390.0,360.0,380.0,90.0,80.0,150.0,45.0,235.0,,False,True
mirkwood_thingolheir,{=aom_mirkwood_thingolheir_name}[Mirkwood] Thingol's Heirs,[Mirkwood] Thingol's Heirs,51.0,Soldier,mirkwood,Ranged,,,,300.0,200.0,200.0,370.0,115.0,130.0,45.0,225.0,,False,True
mirkwood_militia_spearman,{=aom_mk_militia_spear}[Mirkwood] Militia Spearman,[Mirkwood] Militia Spearman,11.0,Soldier,mirkwood,Infantry,,,,150.0,140.0,175.0,65.0,60.0,100.0,20.0,140.0,,False,True
mirkwood_militia_archer,{=aom_mk_militia_archer}[Mirkwood] Militia Archer,[Mirkwood] Militia Archer,11.0,Soldier,mirkwood,Ranged,,,,140.0,95.0,100.0,180.0,80.0,90.0,20.0,140.0,,False,True
mirkwood_militia_veteran_spearman,{=aom_mk_militia_vet_spear}[Mirkwood] Militia Veteran Spearman,[Mirkwood] Militia Veteran Spearman,16.0,Soldier,mirkwood,Infantry,,,,150.0,140.0,175.0,65.0,60.0,100.0,20.0,140.0,,False,True
mirkwood_stalkers_boss,{=taom_mirkwood_stalkers_boss_name}[Mirkwood] Stalker Captain,[Mirkwood] Stalker Captain,16.0,Bandit,mirkwood_stalkers,Ranged,,,,110.0,75.0,75.0,135.0,75.0,80.0,20.0,130.0,,False,False
mirkwood_militia_veteran_archer,{=aom_mk_militia_vet_archer}[Mirkwood] Militia Veteran Archer,[Mirkwood] Militia Veteran Archer,16.0,Soldier,mirkwood,Ranged,,,,140.0,95.0,100.0,180.0,80.0,90.0,20.0,140.0,,False,True
mistymountainorcs_snaga,{=aom_mistymountainorcs_snaga_name}[Misty Mountains] Orc Warrior,[Misty Mountains] Orc Warrior,11.0,Soldier,mistymountainorcs,Infantry,true,,,60.0,60.0,73.0,0.0,0.0,25.0,5.0,53.0,mistymountainorcs_grunt,True,True
mistymountainorcs_hunter,{=aom_mistymountainorcs_hunter_name}[Misty Mountains] Hunter,[Misty Mountains] Hunter,11.0,Soldier,mistymountainorcs,Ranged,,,,30.0,30.0,33.0,45.0,5.0,25.0,5.0,55.0,mistymountainorcs_lurker,True,True
mistymountainorcs_grunt,{=aom_mistymountainorcs_grunt_name}[Misty Mountains] Orc Brawler,[Misty Mountains] Orc Brawler,16.0,Soldier,mistymountainorcs,Infantry,,,,90.0,90.0,98.0,5.0,0.0,35.0,10.0,85.0,mistymountainorcs_fighter|mistymountainorcs_guard,True,True
mistymountainorcs_lurker,{=aom_mistymountainorcs_lurker_name}[Misty Mountains] Lurker,[Misty Mountains] Lurker,16.0,Soldier,mistymountainorcs,Ranged,,,,70.0,50.0,48.0,75.0,15.0,35.0,10.0,90.0,mistymountainorcs_sentry,True,True
mistymountainorcs_sentry,{=aom_mistymountainorcs_sentry_name}[Misty Mountains] Sentry,[Misty Mountains] Sentry,21.0,Soldier,mistymountainorcs,Ranged,,,,100.0,70.0,73.0,120.0,20.0,45.0,10.0,100.0,mistymountainorcs_archer,True,True
mistymountainorcs_archer,{=aom_mistymountainorcs_archer_name}[Misty Mountains] Archer,[Misty Mountains] Archer,26.0,Soldier,mistymountainorcs,Ranged,,,,140.0,90.0,93.0,160.0,25.0,55.0,15.0,110.0,,False,True
mistymountainorcs_fighter,{=aom_mistymountainorcs_fighter_name}[Misty Mountains] Orc Raider,[Misty Mountains] Orc Raider,21.0,Soldier,mistymountainorcs,Infantry,,,,125.0,115.0,133.0,5.0,0.0,55.0,10.0,100.0,mistymountainorcs_brute|mistymountainorcs_sword_warrior,True,True
mistymountainorcs_guard,{=aom_mistymountainorcs_guard_name}[Misty Mountains] Orc Impaler,[Misty Mountains] Orc Impaler,21.0,Soldier,mistymountainorcs,Infantry,,,,125.0,115.0,133.0,5.0,0.0,55.0,10.0,100.0,mistymountainorcs_spear_warrior,True,True
mistymountainorcs_brute,{=aom_mistymountainorcs_brute_name}[Misty Mountains] Orc Ravager,[Misty Mountains] Orc Ravager,26.0,Soldier,mistymountainorcs,Infantry,,,,175.0,160.0,173.0,10.0,5.0,75.0,15.0,105.0,mistymountainorcs_veteran_sword_warrior,True,True
mistymountainorcs_berserker,{=aom_mistymountainorcs_berserker_name}[Misty Mountains] Orc Bone Breaker,[Misty Mountains] Orc Bone Breaker,31.0,Soldier,mistymountainorcs,Infantry,,,,230.0,215.0,238.0,15.0,10.0,85.0,20.0,125.0,mistymountainorcs_veteran_berserker,True,True
mistymountainorcs_veteran_berserker,{=aom_mistymountainorcs_veteran_berserker_name}[Misty Mountains] Orc Skull Crusher,[Misty Mountains] Orc Skull Crusher,36.0,Soldier,mistymountainorcs,Infantry,,,,270.0,255.0,278.0,20.0,15.0,95.0,25.0,145.0,,False,True
mistymountainorcs_sword_warrior,{=aom_mistymountainorcs_sword_warrior_name}[Misty Mountains] Orc Mauler,[Misty Mountains] Orc Mauler,26.0,Soldier,mistymountainorcs,Infantry,,,,190.0,160.0,158.0,10.0,5.0,75.0,15.0,105.0,mistymountainorcs_berserker,True,True
mistymountainorcs_veteran_sword_warrior,{=aom_mistymountainorcs_veteran_sword_warrior_name}[Misty Mountains] Orc Infantry,[Misty Mountains] Orc Infantry,31.0,Soldier,mistymountainorcs,Infantry,,,,245.0,215.0,223.0,15.0,10.0,85.0,20.0,125.0,mistymountainorcs_chosen_of_tharzog,True,True
mistymountainorcs_chosen_of_tharzog,{=aom_mistymountainorcs_chosen_of_tharzog_name}[Misty Mountains] Orc Mountain Guard,[Misty Mountains] Orc Mountain Guard,36.0,Soldier,mistymountainorcs,Infantry,,,,270.0,255.0,278.0,20.0,15.0,95.0,25.0,145.0,mistymountainorcs_bolgs_ironfang,True,True
mistymountainorcs_spear_warrior,{=aom_mistymountainorcs_spear_warrior_name}[Misty Mountains] Orc Spearman,[Misty Mountains] Orc Spearman,26.0,Soldier,mistymountainorcs,Infantry,,,,160.0,160.0,188.0,10.0,5.0,75.0,15.0,105.0,mistymountainorcs_veteran_spear_warrior,True,True
mistymountainorcs_veteran_spear_warrior,{=aom_mistymountainorcs_veteran_spear_warrior_name}[Misty Mountains] Orc Pike-Reaver,[Misty Mountains] Orc Pike-Reaver,31.0,Soldier,mistymountainorcs,Infantry,,,,200.0,230.0,253.0,15.0,10.0,85.0,20.0,125.0,mistymountainorcs_guardian_of_the_tower,True,True
mistymountainorcs_guardian_of_the_tower,{=aom_mistymountainorcs_guardian_of_the_tower_name}[Misty Mountains] Orc War-Pike,[Misty Mountains] Orc War-Pike,36.0,Soldier,mistymountainorcs,Infantry,,,,255.0,255.0,293.0,20.0,15.0,95.0,25.0,145.0,,False,True
mistymountainorcs_militia_spearman,{=aom_mmo_militia_spear}[Misty Mountains] Militia Spearman,[Misty Mountains] Militia Spearman,11.0,Soldier,mistymountainorcs,Infantry,,,,110.0,115.0,148.0,5.0,0.0,55.0,10.0,100.0,,False,True
mistymountainorcs_militia_archer,{=aom_mmo_militia_archer}[Misty Mountains] Militia Archer,[Misty Mountains] Militia Archer,11.0,Soldier,mistymountainorcs,Ranged,,,,100.0,70.0,73.0,120.0,20.0,45.0,10.0,100.0,,False,True
mistymountainorcs_militia_veteran_spearman,{=aom_mmo_militia_vet_spear}[Misty Mountains] Militia Veteran Spearman,[Misty Mountains] Militia Veteran Spearman,16.0,Soldier,mistymountainorcs,Infantry,,,,110.0,115.0,148.0,5.0,0.0,55.0,10.0,100.0,,False,True
mistymountainorcs_militia_veteran_archer,{=aom_mmo_militia_vet_archer}[Misty Mountains] Militia Veteran Archer,[Misty Mountains] Militia Veteran Archer,16.0,Soldier,mistymountainorcs,Ranged,,,,100.0,70.0,73.0,120.0,20.0,45.0,10.0,100.0,,False,True
mistymountainorcs_bolgs_ironfang,{=aom_mistymountainorcs_bolgs_ironfang_name}[Misty Mountains] Bolg's Ironfang,[Misty Mountains] Bolg's Ironfang,36.0,Soldier,mistymountainorcs,Infantry,,,,270.0,255.0,278.0,20.0,15.0,95.0,25.0,145.0,,False,True
mordor_uruk_grunt,{=aom_mordor_uruk_grunt_name}[Mordor] Black Uruk Grunt,[Mordor] Black Uruk Grunt,11.0,Soldier,mordor,Infantry,true,,,72.0,73.0,82.0,10.0,5.0,25.0,5.0,58.0,mordor_uruk_fighter,True,True
mordor_uruk_warrior,{=aom_mordor_uruk_warrior_name}[Mordor] Black Uruk Warrior,[Mordor] Black Uruk Warrior,21.0,Soldier,mordor,Infantry,,,,137.0,128.0,142.0,15.0,10.0,55.0,10.0,105.0,mordor_uruk_infantry|mordor_uruk_shieldbearer,True,True
mordor_uruk_archer,{=aom_mordor_uruk_archer_name}[Mordor] Black Uruk Archer,[Mordor] Black Uruk Archer,26.0,Soldier,mordor,Ranged,,,,152.0,103.0,102.0,170.0,35.0,55.0,15.0,115.0,mordor_uruk_heavy_archer,True,True
mordor_uruk_shieldbearer,{=aom_mordor_uruk_shieldbearer_name}[Mordor] Black Uruk Shieldbearer,[Mordor] Black Uruk Shieldbearer,26.0,Soldier,mordor,Infantry,,,,202.0,173.0,167.0,20.0,15.0,75.0,15.0,110.0,mordor_uruk_shieldguard,True,True
mordor_uruk_infantry,{=aom_mordor_uruk_infantry_name}[Mordor] Black Uruk Infantry,[Mordor] Black Uruk Infantry,26.0,Soldier,mordor,Infantry,,,,187.0,173.0,182.0,20.0,15.0,75.0,15.0,110.0,mordor_uruk_vanguard,True,True
mordor_uruk_vanguard,{=aom_mordor_uruk_vanguard_name}[Mordor] Black Uruk Vanguard,[Mordor] Black Uruk Vanguard,31.0,Soldier,mordor,Infantry,,,,242.0,228.0,247.0,25.0,20.0,85.0,20.0,130.0,mordor_uruk_captain,True,True
mordor_uruk_shieldguard,{=aom_mordor_uruk_shieldguard_name}[Mordor] Black Uruk Shield Guard,[Mordor] Black Uruk Shield Guard,31.0,Soldier,mordor,Infantry,,,,257.0,228.0,232.0,25.0,20.0,85.0,20.0,130.0,mordor_uruk_baraddurguard,True,True
mordor_uruk_captain,{=aom_mordor_uruk_captain_name}[Mordor] Black Uruk Captain,[Mordor] Black Uruk Captain,36.0,Soldier,mordor,Infantry,,,,282.0,268.0,287.0,30.0,25.0,95.0,25.0,150.0,,False,True
mordor_uruk_baraddurguard,{=aom_mordor_uruk_baraddurguard_name}[Mordor] Black Uruk Barad-Dur Guard,[Mordor] Black Uruk Barad-Dur Guard,36.0,Soldier,mordor,Infantry,,,,282.0,268.0,287.0,30.0,25.0,95.0,25.0,150.0,,False,True
cave_troll,{=aom_cave_troll_name}[AMordor] Armored Troll,[AMordor] Armored Troll,51.0,Soldier,mordor,Infantry,false,,,350.0,335.0,345.0,35.0,25.0,105.0,35.0,185.0,,False,True
mordor_militia_spearman,{=aom_mordor_mil_spear}Mordor Militia Spearman,Mordor Militia Spearman,11.0,Soldier,mordor,Infantry,,,,110.0,115.0,140.0,10.0,5.0,55.0,10.0,90.0,,False,True
mordor_militia_archer,{=aom_mordor_mil_arch}Mordor Militia Archer,Mordor Militia Archer,11.0,Soldier,mordor,Ranged,,,,100.0,70.0,65.0,125.0,25.0,45.0,10.0,90.0,,False,True
mordor_militia_veteran_spearman,{=aom_mordor_mil_vet_spear}Mordor Militia Veteran Spearman,Mordor Militia Veteran Spearman,16.0,Soldier,mordor,Infantry,,,,110.0,115.0,140.0,10.0,5.0,55.0,10.0,90.0,,False,True
mordor_militia_veteran_archer,{=aom_mordor_mil_vet_arch}Mordor Militia Veteran Archer,Mordor Militia Veteran Archer,16.0,Soldier,mordor,Ranged,,,,100.0,70.0,65.0,125.0,25.0,45.0,10.0,90.0,,False,True
mordor_orc_recruit,{=aom_mordor_orc_recruit_name}[Mordor] Orc Recruit,[Mordor] Orc Recruit,1.0,Soldier,mordor,Infantry,true,,,25.0,20.0,15.0,0.0,,15.0,,20.0,mordor_orc_lackey,True,True
mordor_orc_lackey,{=aom_mordor_orc_lackey_name}[Mordor] Orc Lackey,[Mordor] Orc Lackey,6.0,Soldier,mordor,Infantry,,,,28.0,23.0,23.0,0.0,,15.0,,28.0,mordor_orc_fighter|mordor_orc_hunter,True,True
mordor_orc_fighter,{=aom_mordor_orc_fighter_name}[Mordor] Orc Fighter,[Mordor] Orc Fighter,11.0,Soldier,mordor,Infantry,,,,60.0,60.0,65.0,,,25.0,,43.0,mordor_orc_warrior|mordor_orc_impaler,True,True
mordor_orc_warrior,{=aom_mordor_orc_warrior_name}[Mordor] Orc Warrior,[Mordor] Orc Warrior,16.0,Soldier,mordor,Infantry,,,,90.0,90.0,90.0,,,35.0,,75.0,mordor_orc_infantry,True,True
mordor_orc_infantry,{=aom_mordor_orc_infantry_name}[Mordor] Orc Infantry,[Mordor] Orc Infantry,21.0,Soldier,mordor,Infantry,,,,125.0,115.0,125.0,,,55.0,,90.0,,False,True
mordor_orc_impaler,{=aom_mordor_orc_impaler_name}[Mordor] Orc Impaler,[Mordor] Orc Impaler,16.0,Soldier,mordor,Infantry,,,,90.0,90.0,90.0,,,35.0,,75.0,mordor_orc_reaver,True,True
mordor_orc_reaver,{=aom_mordor_orc_reaver_name}[Mordor] Orc Reaver,[Mordor] Orc Reaver,21.0,Soldier,mordor,Infantry,,,,110.0,130.0,125.0,,,55.0,,90.0,,False,True
mordor_orc_hunter,{=aom_mordor_orc_hunter_name}[Mordor] Orc Hunter,[Mordor] Orc Hunter,11.0,Soldier,mordor,Ranged,,,,30.0,,,50.0,,25.0,,45.0,mordor_orc_scout,True,True
mordor_orc_scout,{=aom_mordor_orc_scout_name}[Mordor] Orc Scout,[Mordor] Orc Scout,16.0,Soldier,mordor,Ranged,,,,70.0,,,80.0,,35.0,,80.0,mordor_orc_archer,True,True
mordor_orc_archer,{=aom_mordor_orc_archer_name}[Mordor] Orc Archer,[Mordor] Orc Archer,21.0,Soldier,mordor,Ranged,,,,100.0,,,125.0,,45.0,,90.0,,False,True
mordor_warg_tamer,{=aom_mordor_warg_tamer_name}[Mordor] Nurn Warg Tamer,[Mordor] Nurn Warg Tamer,1.0,Soldier,mordor,Infantry,,,,25.0,,15.0,,,,0.0,20.0,mordor_warg_rider,True,True
mordor_warg_rider,{=aom_mordor_warg_rider_name}[Mordor] Nurn Warg Rider,[Mordor] Nurn Warg Rider,6.0,Soldier,mordor,Infantry,,,,28.0,,23.0,,,,0.0,28.0,mordor_warg_raider,True,True
mordor_warg_raider,{=aom_mordor_warg_raider_name}[Mordor] Nurn Warg Raider,[Mordor] Nurn Warg Raider,11.0,Soldier,mordor,Cavalry,,,,55.0,,55.0,,,,60.0,55.0,mordor_warg_reaver,True,True
mordor_warg_reaver,{=aom_mordor_warg_reaver_name}[Mordor] Nurn Warg Reaver,[Mordor] Nurn Warg Reaver,16.0,Soldier,mordor,Cavalry,,,,65.0,,95.0,,,,90.0,80.0,mordor_warg_ravager,True,True
mordor_warg_ravager,{=aom_mordor_warg_ravager_name}[Mordor] Nurn Warg Ravager,[Mordor] Nurn Warg Ravager,21.0,Soldier,mordor,Cavalry,,,,115.0,,140.0,,,,115.0,95.0,mordor_warg_beastmaster,True,True
mordor_warg_beastmaster,{=aom_mordor_warg_beastmaster_name}[Mordor] Nurn Beast Master,[Mordor] Nurn Beast Master,26.0,Soldier,mordor,Cavalry,,,,170.0,,190.0,,,,155.0,110.0,,False,True
mordor_uruk_fighter,{=aom_mordor_uruk_fighter_name}[Mordor] Black Uruk Fighter,[Mordor] Black Uruk Fighter,16.0,Soldier,mordor,Infantry,,,,102.0,103.0,107.0,15.0,10.0,35.0,,90.0,mordor_uruk_warrior|mordor_uruk_skirmisher,True,True
mordor_uruk_skirmisher,{=aom_mordor_uruk_skirmisher_name}[Mordor] Black Uruk Skirmisher,[Mordor] Black Uruk Skirmisher,21.0,Soldier,mordor,Ranged,,,,112.0,,,130.0,30.0,45.0,,105.0,mordor_uruk_archer|mordor_uruk_crossbow,True,True
mordor_uruk_heavy_archer,{=aom_mordor_uruk_heavy_archer_name}[Mordor] Black Uruk Heavy Archer,[Mordor] Black Uruk Heavy Archer,31.0,Soldier,mordor,Ranged,,,,177.0,118.0,,205.0,,65.0,,125.0,,False,True
mordor_uruk_crossbow,{=aom_mordor_uruk_crossbow_name}[Mordor] Black Uruk Crossbow,[Mordor] Black Uruk Crossbow,26.0,Soldier,mordor,Ranged,,,,152.0,,,,170.0,55.0,,115.0,mordor_uruk_heavy_crossbow,True,True
mordor_uruk_heavy_crossbow,{=aom_mordor_uruk_heavy_crossbow_name}[Mordor] Black Uruk Heavy Crossbow,[Mordor] Black Uruk Heavy Crossbow,31.0,Soldier,mordor,Ranged,,,,177.0,,,,205.0,65.0,,125.0,,False,True
morannon_recruit,{=aom_morannon_recruit_name}[Mordor] Morannon Recruit,[Mordor] Morannon Recruit,7.0,Soldier,mordor,Infantry,true,,,35.0,25.0,25.0,15.0,,20.0,,30.0,morannon_fighter|morannon_skirmisher,True,True
morannon_fighter,{=aom_morannon_fighter_name}[Mordor] Morannon Fighter,[Mordor] Morannon Fighter,11.0,Soldier,mordor,Infantry,,,,60.0,60.0,65.0,,,25.0,,43.0,morannon_warrior,True,True
morannon_skirmisher,{=aom_morannon_skirmisher_name}[Mordor] Morannon Skirmisher,[Mordor] Morannon Skirmisher,11.0,Soldier,mordor,Ranged,,,,30.0,,,50.0,,25.0,,45.0,morannon_scout,True,True
morannon_warrior,{=aom_morannon_warrior_name}[Mordor] Morannon Warrior,[Mordor] Morannon Warrior,16.0,Soldier,mordor,Infantry,,,,90.0,90.0,90.0,,,35.0,,75.0,morannon_infantry|morannon_spearman,True,True
morannon_scout,{=aom_morannon_scout_name}[Mordor] Morannon Scout,[Mordor] Morannon Scout,16.0,Soldier,mordor,Ranged,,,,70.0,,,80.0,,35.0,,80.0,morannon_archer,True,True
morannon_infantry,{=aom_morannon_infantry_name}[Mordor] Morannon Infantry,[Mordor] Morannon Infantry,21.0,Soldier,mordor,Infantry,,,,125.0,115.0,125.0,,,55.0,,90.0,morannon_heavy_infantry,True,True
morannon_spearman,{=aom_morannon_spearman_name}[Mordor] Morannon Spearman,[Mordor] Morannon Spearman,21.0,Soldier,mordor,Infantry,,,,110.0,115.0,140.0,,,55.0,,90.0,morannon_heavy_spearman,True,True
morannon_archer,{=aom_morannon_archer_name}[Mordor] Morannon Archer,[Mordor] Morannon Archer,21.0,Soldier,mordor,Ranged,,,,100.0,,,125.0,,45.0,,90.0,,False,True
morannon_heavy_infantry,{=aom_morannon_heavy_infantry_name}[Mordor] Morannon Heavy Infantry,[Mordor] Morannon Heavy Infantry,26.0,Soldier,mordor,Infantry,,,,175.0,160.0,165.0,,,75.0,,95.0,,False,True
morannon_heavy_spearman,{=aom_morannon_heavy_spearman_name}[Mordor] Morannon Heavy Spearman,[Mordor] Morannon Heavy Spearman,26.0,Soldier,mordor,Infantry,,,,160.0,160.0,180.0,,,75.0,,95.0,,False,True
balcoth_volunteer,{=aom_balcoth_volunteer_name}[Rhûn] Balcoth Volunteer,[Rhûn] Balcoth Volunteer,11.0,Soldier,khuzait,Infantry,true,,,60.0,55.0,85.0,0.0,0.0,15.0,28.0,53.0,balcoth_footman,True,True
balcoth_footman,{=aom_balcoth_footman_name}[Rhûn] Balcoth Footman,[Rhûn] Balcoth Footman,16.0,Soldier,khuzait,Infantry,,,,90.0,85.0,110.0,5.0,0.0,25.0,33.0,85.0,balcoth_axeman|balcoth_archer,True,True
balcoth_axeman,{=aom_balcoth_axeman_name}[Rhûn] Balcoth Axeman,[Rhûn] Balcoth Axeman,21.0,Soldier,khuzait,Infantry,,,,110.0,125.0,145.0,5.0,0.0,45.0,33.0,100.0,balcoth_veteran_axeman,True,True
balcoth_archer,{=aom_balcoth_archer_name}[Rhûn] Balcoth Archer,[Rhûn] Balcoth Archer,21.0,Soldier,khuzait,Ranged,,,,100.0,65.0,85.0,120.0,20.0,35.0,33.0,100.0,wainrider_veteran_archer|balcoth_horse_archer,True,True
balcoth_horse_archer,{=aom_balcoth_horse_archer_name}[Rhûn] Balcoth Horse Archer,[Rhûn] Balcoth Horse Archer,26.0,Soldier,khuzait,HorseArcher,,,,140.0,75.0,125.0,185.0,15.0,50.0,218.0,130.0,balcoth_farshot_horse_archer,True,True
balcoth_farshot_horse_archer,{=aom_balcoth_farshot_horse_archer_name}[Rhûn] Balcoth Farshot Horse Archer,[Rhûn] Balcoth Farshot Horse Archer,31.0,Soldier,khuzait,HorseArcher,,,,180.0,95.0,155.0,235.0,20.0,60.0,273.0,150.0,,False,True
balcoth_veteran_axeman,{=aom_balcoth_veteran_axeman_name}[Rhûn] Balcoth Veteran Axeman,[Rhûn] Balcoth Veteran Axeman,26.0,Soldier,khuzait,Infantry,,,,160.0,170.0,185.0,10.0,5.0,65.0,38.0,105.0,,False,True
wainrider_veteran_archer,{=aom_wainrider_veteran_archer_name}[Rhûn] Wainrider Veteran Archer,[Rhûn] Wainrider Veteran Archer,26.0,Soldier,khuzait,Ranged,,,,140.0,85.0,105.0,160.0,25.0,45.0,38.0,110.0,wainrider_wind_arrow_sharpshooter,True,True
wainrider_wind_arrow_sharpshooter,{=aom_wainrider_wind_arrow_sharpshooter_name}[Rhûn] Wainrider Wind-Arrow Sharpshooter,[Rhûn] Wainrider Wind-Arrow Sharpshooter,31.0,Soldier,khuzait,Ranged,,,,165.0,100.0,115.0,195.0,30.0,55.0,43.0,120.0,,False,True
far_rhun_levy,{=aom_far_rhun_levy_name}[Rhûn] Far-Rhun Levy,[Rhûn] Far-Rhun Levy,11.0,Soldier,khuzait,Infantry,true,,,60.0,55.0,85.0,0.0,0.0,15.0,28.0,53.0,far_rhun_footman|far_rhun_horseman,True,True
far_rhun_footman,{=aom_far_rhun_footman_name}[Rhûn] Far-Rhun Footman,[Rhûn] Far-Rhun Footman,16.0,Soldier,khuzait,Infantry,,,,90.0,85.0,110.0,5.0,0.0,25.0,33.0,85.0,far_rhun_infantry,True,True
far_rhun_horseman,{=aom_far_rhun_horseman_name}[Rhûn] Far-Rhun Horseman,[Rhûn] Far-Rhun Horseman,16.0,Soldier,khuzait,Cavalry,,,,80.0,50.0,115.0,5.0,0.0,20.0,113.0,90.0,far_rhun_cavalry,True,True
far_rhun_infantry,{=aom_far_rhun_infantry_name}[Rhûn] Far-Rhun Infantry,[Rhûn] Far-Rhun Infantry,21.0,Soldier,khuzait,Infantry,,,,125.0,110.0,145.0,5.0,0.0,45.0,33.0,100.0,far_rhun_gate_guard,True,True
far_rhun_cavalry,{=aom_far_rhun_cavalry_name}[Rhûn] Far-Rhun Cavalry,[Rhûn] Far-Rhun Cavalry,21.0,Soldier,khuzait,Cavalry,,,,115.0,60.0,160.0,15.0,5.0,25.0,138.0,105.0,far_rhun_cataphract,True,True
far_rhun_horse_master,{=aom_far_rhun_horse_master_name}[Rhûn] Far-Rhun Horse Master,[Rhûn] Far-Rhun Horse Master,21.0,Soldier,khuzait,Cavalry,,,,115.0,60.0,160.0,15.0,5.0,25.0,138.0,105.0,,False,True
far_rhun_gate_guard,{=aom_far_rhun_gate_guard_name}[Rhûn] Far-Rhun Gate Guard,[Rhûn] Far-Rhun Gate Guard,26.0,Soldier,khuzait,Infantry,,,,175.0,155.0,185.0,10.0,5.0,65.0,38.0,105.0,far_rhun_iron_legionary,True,True
far_rhun_cataphract,{=aom_far_rhun_cataphract_name}[Rhûn] Far-Rhun Kataphract,[Rhûn] Far-Rhun Kataphract,26.0,Soldier,khuzait,Cavalry,,,,170.0,80.0,210.0,20.0,10.0,35.0,178.0,120.0,far_rhun_iron_cataphract,True,True
far_rhun_iron_legionary,{=aom_far_rhun_iron_legionary_name}[Rhûn] Far-Rhun Iron Legionary,[Rhûn] Far-Rhun Iron Legionary,31.0,Soldier,khuzait,Infantry,,,,230.0,210.0,250.0,15.0,10.0,75.0,43.0,125.0,,False,True
far_rhun_iron_cataphract,{=aom_far_rhun_iron_cataphract_name}[Rhûn] Far-Rhun Iron Kataphract,[Rhûn] Far-Rhun Iron Kataphract,31.0,Soldier,khuzait,Cavalry,,,,220.0,100.0,265.0,25.0,15.0,45.0,228.0,135.0,,False,True
kharaghul_youth,{=aom_kharaghul_youth_name}[Rhûn] Kharaghûl Youth,[Rhûn] Kharaghûl Youth,11.0,Soldier,khuzait,Cavalry,true,,,55.0,35.0,75.0,0.0,0.0,10.0,83.0,65.0,kharaghul_rider,True,True
kharaghul_rider,{=aom_kharaghul_rider_name}[Rhûn] Kharaghûl Rider,[Rhûn] Kharaghûl Rider,16.0,Soldier,khuzait,Cavalry,,,,80.0,50.0,115.0,5.0,0.0,20.0,113.0,90.0,kharaghul_raider|kharaghul_horse_scout,True,True
rhun_raiders_boss,{=taom_rhun_raiders_boss_name}[Rhûn] Kharaghûl Warlord,[Rhûn] Kharaghûl Warlord,21.0,Bandit,rhun_raiders,Cavalry,,,,115.0,60.0,160.0,15.0,5.0,25.0,138.0,105.0,,False,False
kharaghul_raider,{=aom_kharaghul_raider_name}[Rhûn] Kharaghûl Raider,[Rhûn] Kharaghûl Raider,21.0,Soldier,khuzait,Cavalry,,,,115.0,60.0,160.0,15.0,5.0,25.0,138.0,105.0,kharaghul_nokor,True,True
kharaghul_horse_scout,{=aom_kharaghul_horse_scout_name}[Rhûn] Kharaghûl Horse Scout,[Rhûn] Kharaghûl Horse Scout,21.0,Soldier,khuzait,HorseArcher,,,,100.0,55.0,95.0,135.0,10.0,40.0,168.0,115.0,kharaghul_horse_archer,True,True
kharaghul_horse_archer,{=aom_kharaghul_horse_archer_name}[Rhûn] Kharaghûl Horse Archer,[Rhûn] Kharaghûl Horse Archer,26.0,Soldier,khuzait,HorseArcher,,,,140.0,75.0,125.0,185.0,15.0,50.0,218.0,130.0,kharaghul_keshig,True,True
kharaghul_nokor,{=aom_kharaghul_nokor_name}[Rhûn] Kharaghûl Nokor,[Rhûn] Kharaghûl Nokor,31.0,Soldier,khuzait,Cavalry,,,,220.0,100.0,265.0,25.0,15.0,45.0,228.0,135.0,kharaghul_ashkur_nokor,True,True
kharaghul_keshig,{=aom_kharaghul_keshig_name}[Rhûn] Kharaghûl Keshig,[Rhûn] Kharaghûl Keshig,31.0,Soldier,khuzait,HorseArcher,,,,180.0,95.0,155.0,235.0,20.0,60.0,273.0,150.0,kharaghul_karash_keshig,True,True
kharaghul_ashkur_nokor,{=aom_kharaghul_ashkur_nokor_name}[Rhûn] Kharaghûl Ashkur Nokor,[Rhûn] Kharaghûl Ashkur Nokor,36.0,Soldier,khuzait,Cavalry,,,,270.0,130.0,315.0,35.0,20.0,55.0,288.0,155.0,,False,True
kharaghul_karash_keshig,{=aom_kharaghul_karash_keshig_name}[Rhûn] Kharaghûl Karash Keshig,[Rhûn] Kharaghûl Karash Keshig,36.0,Soldier,khuzait,HorseArcher,,,,215.0,115.0,180.0,280.0,25.0,70.0,328.0,165.0,,False,True
sagarun_deckhand,{=aom_sagarun_deckhand_name}[Rhûn] Sagarûn Deckhand,[Rhûn] Sagarûn Deckhand,11.0,Soldier,khuzait,Infantry,true,,,60.0,55.0,85.0,0.0,0.0,15.0,28.0,53.0,sagarun_watchman,True,True
sagarun_watchman,{=aom_sagarun_watchman_name}[Rhûn] Sagarûn Watchman,[Rhûn] Sagarûn Watchman,16.0,Soldier,khuzait,Infantry,,,,90.0,85.0,110.0,5.0,0.0,25.0,33.0,85.0,sagarun_skirmisher|sagarun_crossbowman,True,True
sagarun_skirmisher,{=aom_sagarun_skirmisher_name}[Rhûn] Sagarûn Skirmisher,[Rhûn] Sagarûn Skirmisher,26.0,Soldier,khuzait,Ranged,,,,140.0,85.0,105.0,160.0,25.0,45.0,38.0,110.0,sagarun_marine,True,True
sagarun_crossbowman,{=aom_sagarun_crossbowman_name}[Rhûn] Sagarûn Crossbowman,[Rhûn] Sagarûn Crossbowman,26.0,Soldier,khuzait,Ranged,,,,140.0,85.0,105.0,25.0,160.0,45.0,38.0,110.0,sagarun_naffatun|sagarun_arbalest,True,True
sagarun_marine,{=aom_sagarun_marine_name}[Rhûn] Sagarûn Marine,[Rhûn] Sagarûn Marine,31.0,Soldier,khuzait,Infantry,,,,230.0,210.0,250.0,15.0,10.0,75.0,43.0,125.0,sagarun_storm_forged_marine,True,True
sagarun_naffatun,{=aom_sagarun_naffatun_name}[Rhûn] Sagarûn Naffatun,[Rhûn] Sagarûn Naffatun,31.0,Soldier,khuzait,Ranged,,,,165.0,100.0,115.0,30.0,195.0,55.0,43.0,120.0,sagarun_storm_helmed_naffatun,True,True
sagarun_arbalest,{=aom_sagarun_arbalest_name}[Rhûn] Sagarûn Arbalest,[Rhûn] Sagarûn Arbalest,31.0,Soldier,khuzait,Ranged,,,,165.0,100.0,115.0,30.0,195.0,55.0,43.0,120.0,sagarun_storm_marked_arbalest,True,True
sagarun_storm_forged_marine,{=aom_sagarun_storm_forged_marine_name}[Rhûn] Sagarûn Storm Forged Marine,[Rhûn] Sagarûn Storm Forged Marine,36.0,Soldier,khuzait,Infantry,,,,270.0,250.0,290.0,20.0,15.0,85.0,48.0,145.0,,False,True
sagarun_storm_helmed_naffatun,{=aom_sagarun_storm_helmed_naffatun_name}[Rhûn] Sagarûn Storm Helmed Naffatun,[Rhûn] Sagarûn Storm Helmed Naffatun,36.0,Soldier,khuzait,Ranged,,,,195.0,120.0,135.0,40.0,235.0,65.0,48.0,135.0,,False,True
sagarun_storm_marked_arbalest,{=aom_sagarun_storm_marked_arbalest_name}[Rhûn] Sagarûn Storm Marked Arbalest,[Rhûn] Sagarûn Storm Marked Arbalest,36.0,Soldier,khuzait,Ranged,,,,195.0,120.0,135.0,40.0,235.0,65.0,48.0,135.0,,False,True
easterling_recruit,{=aom_easterling_recruit_name}[Rhûn] Easterling Recruit,[Rhûn] Easterling Recruit,6.0,Soldier,khuzait,Infantry,false,,,28.0,18.0,43.0,0.0,0.0,5.0,23.0,38.0,easterling_militia|easterling_bowman,True,True
easterling_militia,{=aom_easterling_militia_name}[Rhûn] Easterling Militia,[Rhûn] Easterling Militia,11.0,Soldier,khuzait,Infantry,,,,60.0,55.0,85.0,0.0,0.0,15.0,28.0,53.0,easterling_footman_new,True,True
easterling_bowman,{=aom_easterling_bowman_name}[Rhûn] Easterling Bowman,[Rhûn] Easterling Bowman,11.0,Soldier,khuzait,Ranged,,,,30.0,25.0,45.0,45.0,5.0,15.0,28.0,55.0,easterling_skirmisher_new,True,True
easterling_footman_new,{=aom_easterling_footman_new_name}[Rhûn] Easterling Footman,[Rhûn] Easterling Footman,16.0,Soldier,khuzait,Infantry,,,,90.0,85.0,110.0,5.0,0.0,25.0,33.0,85.0,easterling_swordsman_new|easterling_halberdier_new|easterling_cavalry_new,True,True
easterling_skirmisher_new,{=aom_easterling_skirmisher_new_name}[Rhûn] Easterling Skirmisher,[Rhûn] Easterling Skirmisher,16.0,Soldier,khuzait,Ranged,,,,70.0,45.0,60.0,75.0,15.0,25.0,33.0,90.0,easterling_archer_new,True,True
easterling_swordsman_new,{=aom_easterling_swordsman_new_name}[Rhûn] Easterling Swordsman,[Rhûn] Easterling Swordsman,21.0,Soldier,khuzait,Infantry,,,,140.0,110.0,130.0,5.0,0.0,45.0,33.0,100.0,easterling_veteran_swordsman_new,True,True
easterling_halberdier_new,{=aom_easterling_halberdier_new_name}[Rhûn] Easterling Halberdier,[Rhûn] Easterling Halberdier,21.0,Soldier,khuzait,Infantry,,,,110.0,110.0,160.0,5.0,0.0,45.0,33.0,100.0,easterling_veteran_halberdier_new,True,True
easterling_cavalry_new,{=aom_easterling_cavalry_new_name}[Rhûn] Easterling Cavalry,[Rhûn] Easterling Cavalry,21.0,Soldier,khuzait,Cavalry,,,,115.0,60.0,160.0,15.0,5.0,25.0,138.0,105.0,easterling_veteran_cavalry,True,True
easterling_archer_new,{=aom_easterling_archer_new_name}[Rhûn] Easterling Archer,[Rhûn] Easterling Archer,21.0,Soldier,khuzait,Ranged,,,,100.0,65.0,85.0,120.0,20.0,35.0,33.0,100.0,easterling_veteran_archer_new,True,True
easterling_veteran_swordsman_new,{=aom_easterling_veteran_swordsman_new_name}[Rhûn] Easterling Veteran Swordsman,[Rhûn] Easterling Veteran Swordsman,26.0,Soldier,khuzait,Infantry,,,,190.0,155.0,170.0,10.0,5.0,65.0,38.0,105.0,,False,True
easterling_veteran_halberdier_new,{=aom_easterling_veteran_halberdier_new_name}[Rhûn] Easterling Veteran Halberdier,[Rhûn] Easterling Veteran Halberdier,26.0,Soldier,khuzait,Infantry,,,,160.0,155.0,200.0,10.0,5.0,65.0,38.0,105.0,,False,True
easterling_veteran_cavalry,{=aom_easterling_veteran_cavalry_name}[Rhûn] Easterling Veteran Cavalry,[Rhûn] Easterling Veteran Cavalry,26.0,Soldier,khuzait,Cavalry,,,,170.0,80.0,210.0,20.0,10.0,35.0,178.0,120.0,,False,True
easterling_veteran_archer_new,{=aom_easterling_veteran_archer_new_name}[Rhûn] Easterling Veteran Archer,[Rhûn] Easterling Veteran Archer,26.0,Soldier,khuzait,Ranged,,,,140.0,85.0,105.0,160.0,25.0,45.0,38.0,110.0,,False,True
loke_rim_initiate,{=aom_loke_rim_initiate_name}[Rhûn] Loke-Rim Initiate,[Rhûn] Loke-Rim Initiate,16.0,Soldier,khuzait,Infantry,true,,,90.0,85.0,110.0,5.0,0.0,25.0,33.0,85.0,loke_rim_footman|loke_rim_bowman,True,True
loke_rim_footman,{=aom_loke_rim_footman_name}[Rhûn] Loke-Rim Footman,[Rhûn] Loke-Rim Footman,21.0,Soldier,khuzait,Infantry,,,,125.0,110.0,145.0,5.0,0.0,45.0,33.0,100.0,loke_rim_cavalry|loke_rim_infantry,True,True
loke_rim_bowman,{=aom_loke_rim_bowman_name}[Rhûn] Loke-Rim Bowman,[Rhûn] Loke-Rim Bowman,21.0,Soldier,khuzait,Ranged,,,,100.0,65.0,85.0,120.0,20.0,35.0,33.0,100.0,loke_rim_archer,True,True
loke_rim_cavalry,{=aom_loke_rim_cavalry_name}[Rhûn] Loke-Rim Cavalry,[Rhûn] Loke-Rim Cavalry,26.0,Soldier,khuzait,Cavalry,,,,170.0,80.0,210.0,20.0,10.0,35.0,178.0,120.0,loke_rim_cataphract,True,True
loke_rim_infantry,{=aom_loke_rim_infantry_name}[Rhûn] Loke-Rim Infantry,[Rhûn] Loke-Rim Infantry,26.0,Soldier,khuzait,Infantry,,,,175.0,155.0,185.0,10.0,5.0,65.0,38.0,105.0,loke_rim_shieldguard|loke_rim_maceman,True,True
loke_rim_archer,{=aom_loke_rim_archer_name}[Rhûn] Loke-Rim Archer,[Rhûn] Loke-Rim Archer,26.0,Soldier,khuzait,Ranged,,,,140.0,85.0,105.0,160.0,25.0,45.0,38.0,110.0,loke_rim_marksman,True,True
loke_rim_cataphract,{=aom_loke_rim_cataphract_name}[Rhûn] Loke-Rim Kataphract,[Rhûn] Loke-Rim Kataphract,31.0,Soldier,khuzait,Cavalry,,,,220.0,100.0,265.0,25.0,15.0,45.0,228.0,135.0,loke_rim_gilded_cataphract,True,True
loke_rim_shieldguard,{=aom_loke_rim_shieldguard_name}[Rhûn] Loke-Rim Shieldguard,[Rhûn] Loke-Rim Shieldguard,31.0,Soldier,khuzait,Infantry,,,,245.0,210.0,235.0,15.0,10.0,75.0,43.0,125.0,loke_rim_gilded_shieldguard,True,True
loke_rim_maceman,{=aom_loke_rim_maceman_name}[Rhûn] Loke-Rim Maceman,[Rhûn] Loke-Rim Maceman,31.0,Soldier,khuzait,Infantry,,,,230.0,210.0,250.0,15.0,10.0,75.0,43.0,125.0,loke_rim_gilded_champion,True,True
loke_rim_marksman,{=aom_loke_rim_marksman_name}[Rhûn] Loke-Rim Marksman,[Rhûn] Loke-Rim Marksman,31.0,Soldier,khuzait,Ranged,,,,165.0,100.0,115.0,195.0,30.0,55.0,43.0,120.0,loke_rim_gilded_marksman,True,True
loke_rim_gilded_cataphract,{=aom_loke_rim_gilded_cataphract_name}[Rhûn] Loke-Rim Gilded Kataphract,[Rhûn] Loke-Rim Gilded Kataphract,36.0,Soldier,khuzait,Cavalry,,,,270.0,130.0,315.0,35.0,20.0,55.0,288.0,155.0,,False,True
loke_rim_gilded_shieldguard,{=aom_loke_rim_gilded_shieldguard_name}[Rhûn] Loke-Rim Gilded Shieldguard,[Rhûn] Loke-Rim Gilded Shieldguard,36.0,Soldier,khuzait,Infantry,,,,285.0,250.0,275.0,20.0,15.0,85.0,48.0,145.0,,False,True
loke_rim_gilded_champion,{=aom_loke_rim_gilded_champion_name}[Rhûn] Loke-Rim Gilded Champion,[Rhûn] Loke-Rim Gilded Champion,36.0,Soldier,khuzait,Infantry,,,,270.0,250.0,290.0,20.0,15.0,85.0,48.0,145.0,,False,True
loke_rim_gilded_marksman,{=aom_loke_rim_gilded_marksman_name}[Rhûn] Loke-Rim Gilded Marksman,[Rhûn] Loke-Rim Gilded Marksman,36.0,Soldier,khuzait,Ranged,,,,195.0,120.0,135.0,235.0,40.0,65.0,48.0,135.0,,False,True
dragon_wrath_acolyte,{=aom_dragon_wrath_acolyte_name}[Rhûn] Dragon-Wrath Acolyte,[Rhûn] Dragon-Wrath Acolyte,21.0,Soldier,khuzait,Infantry,true,,,125.0,110.0,145.0,5.0,0.0,45.0,33.0,100.0,dragon_wrath_disciple|dragon_wrath_archer,True,True
dragon_wrath_disciple,{=aom_dragon_wrath_disciple_name}[Rhûn] Dragon-Wrath Disciple,[Rhûn] Dragon-Wrath Disciple,31.0,Soldier,khuzait,Infantry,,,,230.0,210.0,250.0,15.0,10.0,75.0,43.0,125.0,dragon_wrath_lancer|dragon_wrath_infantry,True,True
dragon_wrath_archer,{=aom_dragon_wrath_archer_name}[Rhûn] Dragon-Wrath Archer,[Rhûn] Dragon-Wrath Archer,31.0,Soldier,khuzait,Ranged,,,,165.0,100.0,115.0,195.0,30.0,55.0,43.0,120.0,dragon_wrath_longbowman,True,True
dragon_wrath_lancer,{=aom_dragon_wrath_lancer_name}[Rhûn] Dragon-Wrath Lancer,[Rhûn] Dragon-Wrath Lancer,36.0,Soldier,khuzait,Cavalry,,,,255.0,130.0,330.0,35.0,20.0,55.0,288.0,155.0,dragon_wrath_ash_knight,True,True
dragon_wrath_infantry,{=aom_dragon_wrath_infantry_name}[Rhûn] Dragon-Wrath Infantry,[Rhûn] Dragon-Wrath Infantry,36.0,Soldier,khuzait,Infantry,,,,270.0,250.0,290.0,20.0,15.0,85.0,48.0,145.0,dragon_wrath_ash_shieldguard|dragon_wrath_ash_executioner,True,True
dragon_wrath_longbowman,{=aom_dragon_wrath_longbowman_name}[Rhûn] Dragon-Wrath Longbowman,[Rhûn] Dragon-Wrath Longbowman,36.0,Soldier,khuzait,Ranged,,,,195.0,120.0,135.0,235.0,40.0,65.0,48.0,135.0,dragon_wrath_ash_marksman,True,True
dragon_wrath_ash_knight,{=aom_dragon_wrath_ash_knight_name}[Rhûn] Dragon-Wrath Ash Knight,[Rhûn] Dragon-Wrath Ash Knight,41.0,Soldier,khuzait,Cavalry,,,,310.0,160.0,355.0,40.0,25.0,65.0,338.0,175.0,dragon_wrath_obsidian_knight,True,True
dragon_wrath_ash_shieldguard,{=aom_dragon_wrath_ash_shieldguard_name}[Rhûn] Dragon-Wrath Ash Shieldguard,[Rhûn] Dragon-Wrath Ash Shieldguard,41.0,Soldier,khuzait,Infantry,,,,325.0,290.0,310.0,25.0,15.0,95.0,53.0,165.0,dragon_wrath_obsidian_shieldmaster,True,True
dragon_wrath_ash_executioner,{=aom_dragon_wrath_ash_executioner_name}[Rhûn] Dragon-Wrath Ash Executioner,[Rhûn] Dragon-Wrath Ash Executioner,41.0,Soldier,khuzait,Infantry,,,,310.0,290.0,325.0,25.0,15.0,95.0,53.0,165.0,dragon_wrath_obsidian_war_reaver,True,True
dragon_wrath_ash_marksman,{=aom_dragon_wrath_ash_marksman_name}[Rhûn] Dragon-Wrath Ash Marksman,[Rhûn] Dragon-Wrath Ash Marksman,41.0,Soldier,khuzait,Ranged,,,,220.0,140.0,155.0,270.0,45.0,75.0,53.0,155.0,dragon_wrath_obsidian_warbow,True,True
dragon_wrath_obsidian_knight,{=aom_dragon_wrath_obsidian_knight_name}[Rhûn] Dragon-Wrath Obsidian Knight,[Rhûn] Dragon-Wrath Obsidian Knight,46.0,Soldier,khuzait,Cavalry,,,,340.0,180.0,385.0,45.0,30.0,65.0,378.0,190.0,,False,True
dragon_wrath_obsidian_shieldmaster,{=aom_dragon_wrath_obsidian_shieldmaster_name}[Rhûn] Dragon-Wrath Obsidian Shieldmaster,[Rhûn] Dragon-Wrath Obsidian Shieldmaster,46.0,Soldier,khuzait,Infantry,,,,345.0,310.0,330.0,30.0,20.0,95.0,58.0,180.0,,False,True
dragon_wrath_obsidian_war_reaver,{=aom_dragon_wrath_obsidian_war_reaver_name}[Rhûn] Dragon-Wrath Obsidian War-Reaver,[Rhûn] Dragon-Wrath Obsidian War-Reaver,46.0,Soldier,khuzait,Infantry,,,,315.0,325.0,345.0,30.0,20.0,95.0,58.0,180.0,,False,True
dragon_wrath_obsidian_warbow,{=aom_dragon_wrath_obsidian_warbow_name}[Rhûn] Dragon-Wrath Obsidian Warbow,[Rhûn] Dragon-Wrath Obsidian Warbow,46.0,Soldier,khuzait,Ranged,,,,240.0,160.0,175.0,290.0,50.0,75.0,58.0,170.0,,False,True
wain_youngblood,{=aom_wain_youngblood_name}[Rhûn] Wain Youngblood,[Rhûn] Wain Youngblood,16.0,Soldier,khuzait,Infantry,true,,,90.0,85.0,110.0,5.0,0.0,25.0,33.0,85.0,wain_footman,True,True
wain_footman,{=aom_wain_footman_name}[Rhûn] Wain Footman,[Rhûn] Wain Footman,21.0,Soldier,khuzait,Infantry,,,,125.0,110.0,145.0,5.0,0.0,45.0,33.0,100.0,wain_glaiveman|wainrider_horseman,True,True
wain_glaiveman,{=aom_wain_glaiveman_name}[Rhûn] Wain Glaiveman,[Rhûn] Wain Glaiveman,26.0,Soldier,khuzait,Infantry,,,,160.0,155.0,200.0,10.0,5.0,65.0,38.0,105.0,wain_iron_glaive,True,True
wainrider_horseman,{=aom_wainrider_horseman_name}[Rhûn] Wainrider Horseman,[Rhûn] Wainrider Horseman,26.0,Soldier,khuzait,Cavalry,,,,170.0,80.0,210.0,20.0,10.0,35.0,178.0,120.0,wainrider_cavalry,True,True
wain_iron_glaive,{=aom_wain_iron_glaive_name}[Rhûn] Wain Iron-Glaive,[Rhûn] Wain Iron-Glaive,31.0,Soldier,khuzait,Infantry,,,,215.0,210.0,265.0,15.0,10.0,75.0,43.0,125.0,wain_darkhan,True,True
wainrider_cavalry,{=aom_wainrider_cavalry_name}[Rhûn] Wainrider Cavalry,[Rhûn] Wainrider Cavalry,31.0,Soldier,khuzait,Cavalry,,,,220.0,100.0,265.0,25.0,15.0,45.0,228.0,135.0,wainrider_khans_chosen|wainrider_swift_chariot,True,True
wain_darkhan,{=aom_wain_darkhan_name}[Rhûn] Wain Darkhan,[Rhûn] Wain Darkhan,36.0,Soldier,khuzait,Infantry,,,,270.0,250.0,290.0,20.0,15.0,85.0,48.0,145.0,,False,True
wainrider_khans_chosen,{=aom_wainrider_khans_chosen_name}[Rhûn] Wainrider Khan's Chosen,[Rhûn] Wainrider Khan's Chosen,41.0,Soldier,khuzait,Cavalry,,,,310.0,160.0,355.0,40.0,25.0,65.0,338.0,175.0,,False,True
wainrider_swift_chariot,{=aom_wainrider_swift_chariot_name}[ARhûn] Wainrider Swift-Chariot,[ARhûn] Wainrider Swift-Chariot,41.0,Soldier,khuzait,Cavalry,,,,310.0,160.0,355.0,40.0,25.0,65.0,338.0,175.0,wainrider_warlord_chariot,True,True
wainrider_warlord_chariot,{=aom_wainrider_warlord_chariot_name}[Rhûn] Wainrider Warlord Chariot,[Rhûn] Wainrider Warlord Chariot,46.0,Soldier,khuzait,Cavalry,,,,340.0,180.0,385.0,45.0,30.0,65.0,378.0,190.0,,False,True
rhun_militia_spearman,{=aom_rhun_mil_spear_name}[Rhûn] Militia Spearman,[Rhûn] Militia Spearman,11.0,Soldier,khuzait,Infantry,,,,110.0,110.0,160.0,5.0,0.0,45.0,33.0,100.0,rhun_militia_veteran_spearman,True,True
rhun_militia_archer,{=aom_rhun_mil_arch_name}[Rhûn] Militia Archer,[Rhûn] Militia Archer,11.0,Soldier,khuzait,Ranged,,,,100.0,65.0,85.0,120.0,20.0,35.0,33.0,100.0,rhun_militia_veteran_archer,True,True
rhun_militia_veteran_spearman,{=aom_rhun_mil_vspear_name}[Rhûn] Militia Veteran Spearman,[Rhûn] Militia Veteran Spearman,16.0,Soldier,khuzait,Infantry,,,,110.0,110.0,160.0,5.0,0.0,45.0,33.0,100.0,,False,True
rhun_militia_veteran_archer,{=aom_rhun_mil_varch_name}[Rhûn] Militia Veteran Archer,[Rhûn] Militia Veteran Archer,16.0,Soldier,khuzait,Ranged,,,,100.0,65.0,85.0,120.0,20.0,35.0,33.0,100.0,,False,True
black_sun_trainee,{=aom_black_sun_trainee_name}[Rhûn] Black Sun Trainee,[Rhûn] Black Sun Trainee,11.0,Soldier,khuzait,Infantry,true,,,60.0,55.0,85.0,0.0,0.0,15.0,28.0,53.0,black_sun_footman,True,True
black_sun_footman,{=aom_black_sun_footman_name}[Rhûn] Black Sun Footman,[Rhûn] Black Sun Footman,16.0,Soldier,khuzait,Infantry,,,,90.0,85.0,110.0,5.0,0.0,25.0,33.0,85.0,black_sun_raider|black_sun_scout,True,True
black_sun_raider,{=aom_black_sun_raider_name}[Rhûn] Black Sun Raider,[Rhûn] Black Sun Raider,21.0,Soldier,khuzait,Infantry,,,,125.0,110.0,145.0,5.0,0.0,45.0,33.0,100.0,black_sun_reaver,True,True
black_sun_scout,{=aom_black_sun_scout_name}[Rhûn] Black Sun Scout,[Rhûn] Black Sun Scout,21.0,Soldier,khuzait,Ranged,,,,100.0,65.0,85.0,120.0,20.0,35.0,33.0,100.0,black_sun_archer,True,True
black_sun_reaver,{=aom_black_sun_reaver_name}[Rhûn] Black Sun Reaver,[Rhûn] Black Sun Reaver,26.0,Soldier,khuzait,Infantry,,,,160.0,170.0,185.0,10.0,5.0,65.0,38.0,105.0,black_sun_executioner,True,True
black_sun_archer,{=aom_black_sun_archer_name}[Rhûn] Black Sun Archer,[Rhûn] Black Sun Archer,26.0,Soldier,khuzait,Ranged,,,,140.0,85.0,105.0,160.0,25.0,45.0,38.0,110.0,black_sun_longbowman,True,True
black_sun_executioner,{=aom_black_sun_executioner_name}[Rhûn] Black Sun Executioner,[Rhûn] Black Sun Executioner,31.0,Soldier,khuzait,Infantry,,,,230.0,210.0,250.0,15.0,10.0,75.0,43.0,125.0,black_sun_scourge,True,True
black_sun_longbowman,{=aom_black_sun_longbowman_name}[Rhûn] Black Sun Longbowman,[Rhûn] Black Sun Longbowman,31.0,Soldier,khuzait,Ranged,,,,165.0,100.0,115.0,195.0,30.0,55.0,43.0,120.0,black_sun_marksman,True,True
black_sun_scourge,{=aom_black_sun_scourge_name}[Rhûn] Black Sun Scourge,[Rhûn] Black Sun Scourge,36.0,Soldier,khuzait,Infantry,,,,270.0,250.0,290.0,20.0,15.0,85.0,48.0,145.0,,False,True
black_sun_marksman,{=aom_black_sun_marksman_name}[Rhûn] Black Sun Marksman,[Rhûn] Black Sun Marksman,36.0,Soldier,khuzait,Ranged,,,,195.0,120.0,135.0,235.0,40.0,65.0,48.0,135.0,black_sun_chosen_marksman,True,True
black_sun_chosen_marksman,{=aom_black_sun_chosen_marksman_name}[Rhûn] Black Sun Chosen Marksman,[Rhûn] Black Sun Chosen Marksman,41.0,Soldier,khuzait,Ranged,,,,220.0,140.0,155.0,270.0,45.0,75.0,53.0,155.0,,False,True
darkhun_recruit,{=aom_darkhun_recruit_name}[Rhûn] Darkhûn Recruit,[Rhûn] Darkhûn Recruit,11.0,Soldier,khuzait,Infantry,true,,,60.0,55.0,85.0,0.0,0.0,15.0,28.0,53.0,darkhun_footman,True,True
darkhun_footman,{=aom_darkhun_footman_name}[Rhûn] Darkhûn Footman,[Rhûn] Darkhûn Footman,16.0,Soldier,khuzait,Infantry,,,,90.0,85.0,110.0,5.0,0.0,25.0,33.0,85.0,darkhun_infantry|darkhun_horseman,True,True
darkhun_infantry,{=aom_darkhun_infantry_name}[Rhûn] Darkhûn Infantry,[Rhûn] Darkhûn Infantry,21.0,Soldier,khuzait,Infantry,,,,125.0,110.0,145.0,5.0,0.0,45.0,33.0,100.0,darkhun_veteran_infantry,True,True
darkhun_horseman,{=aom_darkhun_horseman_name}[Rhûn] Darkhûn Horseman,[Rhûn] Darkhûn Horseman,21.0,Soldier,khuzait,Cavalry,,,,115.0,60.0,160.0,15.0,5.0,25.0,138.0,105.0,darkhun_cavalry,True,True
darkhun_veteran_infantry,{=aom_darkhun_veteran_infantry_name}[Rhûn] Darkhûn Veteran Infantry,[Rhûn] Darkhûn Veteran Infantry,26.0,Soldier,khuzait,Infantry,,,,175.0,155.0,185.0,10.0,5.0,65.0,38.0,105.0,darkhun_guard,True,True
darkhun_cavalry,{=aom_darkhun_cavalry_name}[Rhûn] Darkhûn Cavalry,[Rhûn] Darkhûn Cavalry,26.0,Soldier,khuzait,Cavalry,,,,170.0,80.0,210.0,20.0,10.0,35.0,178.0,120.0,darkhun_veteran_cavalry,True,True
darkhun_guard,{=aom_darkhun_guard_name}[Rhûn] Darkhûn Guard,[Rhûn] Darkhûn Guard,31.0,Soldier,khuzait,Infantry,,,,230.0,210.0,250.0,15.0,10.0,75.0,43.0,125.0,darkhun_ironbound,True,True
darkhun_veteran_cavalry,{=aom_darkhun_veteran_cavalry_name}[Rhûn] Darkhûn Veteran Cavalry,[Rhûn] Darkhûn Veteran Cavalry,31.0,Soldier,khuzait,Cavalry,,,,220.0,100.0,265.0,25.0,15.0,45.0,228.0,135.0,darkhun_knight,True,True
darkhun_ironbound,{=aom_darkhun_ironbound_name}[Rhûn] Darkhûn Ironbound,[Rhûn] Darkhûn Ironbound,36.0,Soldier,khuzait,Infantry,,,,270.0,250.0,290.0,20.0,15.0,85.0,48.0,145.0,,False,True
darkhun_knight,{=aom_darkhun_knight_name}[Rhûn] Darkhûn Knight,[Rhûn] Darkhûn Knight,36.0,Soldier,khuzait,Cavalry,,,,270.0,130.0,315.0,35.0,20.0,55.0,288.0,155.0,darkhun_cultist_knight,True,True
darkhun_cultist_knight,{=aom_darkhun_cultist_knight_name}[Rhûn] Darkhûn Cultist Knight,[Rhûn] Darkhûn Cultist Knight,41.0,Soldier,khuzait,Cavalry,,,,310.0,160.0,355.0,40.0,25.0,65.0,338.0,175.0,,False,True
kharaghul_horse_master,{=aom_kharaghul_horse_master_name}[Rhûn] Kharaghûl Horse Master,[Rhûn] Kharaghûl Horse Master,26.0,Soldier,khuzait,Cavalry,,,,170.0,80.0,210.0,20.0,10.0,35.0,178.0,120.0,kharaghul_nokor,True,True
imladris_recruit,{=aom_imladris_recruit_name}[Rivendell] Imladris Recruit,[Rivendell] Imladris Recruit,21.0,Soldier,rivendell,Infantry,true,,,160.0,150.0,170.0,55.0,50.0,90.0,45.0,130.0,imladris_infantry|imladris_bowman,True,True
imladris_infantry,{=aom_imladris_infantry_name}[Rivendell] Imladris Infantry,[Rivendell] Imladris Infantry,26.0,Soldier,rivendell,Infantry,,,,210.0,195.0,210.0,60.0,55.0,110.0,50.0,135.0,imladris_swordguard,True,True
imladris_bowman,{=aom_imladris_bowman_name}[Rivendell] Imladris Bowman,[Rivendell] Imladris Bowman,26.0,Soldier,rivendell,Ranged,,,,175.0,125.0,130.0,210.0,75.0,90.0,50.0,140.0,imladris_archer,True,True
imladris_swordguard,{=aom_imladris_swordguard_name}[Rivendell] Imladris Swordguard,[Rivendell] Imladris Swordguard,31.0,Soldier,rivendell,Infantry,,,,280.0,250.0,260.0,65.0,60.0,120.0,55.0,155.0,imladris_nobleman|imladris_guardsman,True,True
imladris_nobleman,{=aom_imladris_nobleman_name}[Rivendell] Imladris Nobleman,[Rivendell] Imladris Nobleman,36.0,Soldier,rivendell,Infantry,,,,305.0,290.0,315.0,70.0,65.0,130.0,60.0,175.0,battlemaster_of_the_first_age|imladris_blademaster,True,True
imladris_archer,{=aom_imladris_archer_name}[Rivendell] Imladris Archer,[Rivendell] Imladris Archer,31.0,Soldier,rivendell,Ranged,,,,200.0,140.0,140.0,245.0,80.0,100.0,55.0,150.0,imladris_marksman,True,True
imladris_horse_archer,{=aom_imladris_horse_archer_name}[Rivendell] Imladris Horse Archer,[Rivendell] Imladris Horse Archer,41.0,Soldier,rivendell,HorseArcher,,,,285.0,180.0,240.0,360.0,80.0,125.0,380.0,210.0,rider_of_himring,True,True
imladris_outrider,{=aom_imladris_outrider_name}[Rivendell] Imladris Outrider,[Rivendell] Imladris Outrider,41.0,Soldier,rivendell,Cavalry,,,,345.0,200.0,380.0,90.0,75.0,110.0,350.0,205.0,noldorin_lancer,True,True
imladris_marksman,{=aom_imladris_marksman_name}[Rivendell] Imladris Marksman,[Rivendell] Imladris Marksman,36.0,Soldier,rivendell,Ranged,,,,230.0,160.0,160.0,285.0,90.0,110.0,60.0,165.0,imladris_marchwarden|imladris_horse_archer,True,True
rider_of_himring,{=aom_rider_of_himring_name}[Rivendell] Rider of Himring,[Rivendell] Rider of Himring,46.0,Soldier,rivendell,HorseArcher,,,,310.0,195.0,260.0,385.0,85.0,130.0,410.0,220.0,,False,True
noldorin_lancer,{=aom_noldorin_lancer_name}[Rivendell] Nõldorin Lancer,[Rivendell] Nõldorin Lancer,46.0,Soldier,rivendell,Cavalry,,,,360.0,220.0,425.0,95.0,80.0,110.0,390.0,220.0,,False,True
imladris_blademaster,{=aom_imladris_blademaster_name}[Rivendell] Imladris Blademaster,[Rivendell] Imladris Blademaster,41.0,Soldier,rivendell,Infantry,,,,360.0,330.0,335.0,75.0,65.0,140.0,65.0,195.0,,False,True
battlemaster_of_the_first_age,{=aom_battlemaster_of_the_first_age_name}[Rivendell] Battlemaster of the First Age,[Rivendell] Battlemaster of the First Age,41.0,Soldier,rivendell,Infantry,,,,345.0,330.0,350.0,75.0,65.0,140.0,65.0,195.0,,False,True
imladris_guardsman,{=aom_imladris_guardsman_name}[Rivendell] Imladris Guardsman,[Rivendell] Imladris Guardsman,36.0,Soldier,rivendell,Infantry,,,,305.0,290.0,315.0,70.0,65.0,130.0,60.0,175.0,imladris_warden|imladris_outrider,True,True
imladris_warden,{=aom_imladris_warden_name}[Rivendell] Imladris Warden,[Rivendell] Imladris Warden,41.0,Soldier,rivendell,Infantry,,,,345.0,330.0,350.0,75.0,65.0,140.0,65.0,195.0,,False,True
imladris_marchwarden,{=aom_imladris_marchwarden_name}[Rivendell] Imladris Marchwarden,[Rivendell] Imladris Marchwarden,41.0,Soldier,rivendell,Ranged,,,,255.0,180.0,180.0,320.0,95.0,120.0,65.0,185.0,,False,True
rivendell_noble,{=aom_rivendell_noble_name}[Rivendell] Noble,[Rivendell] Noble,36.0,Soldier,rivendell,Cavalry,true,,,305.0,170.0,340.0,85.0,70.0,100.0,300.0,185.0,rivendell_royal_guard,True,True
rivendell_royal_guard,{=aom_rivendell_royal_guard_name}[Rivendell] Royal Guard,[Rivendell] Royal Guard,41.0,Soldier,rivendell,Cavalry,,,,345.0,200.0,380.0,90.0,75.0,110.0,350.0,205.0,rivendell_royal_knight,True,True
rivendell_royal_knight,{=aom_rivendell_royal_knight_name}[Rivendell] Royal Knight,[Rivendell] Royal Knight,46.0,Soldier,rivendell,Cavalry,,,,375.0,220.0,410.0,95.0,80.0,110.0,390.0,220.0,rivendell_high_captain,True,True
rivendell_high_captain,{=aom_rivendell_high_captain_name}[Rivendell] High Captain,[Rivendell] High Captain,51.0,Soldier,rivendell,Cavalry,,,,405.0,240.0,440.0,100.0,80.0,120.0,430.0,235.0,,False,True
rivendell_warden_gondolin,{=aom_rivendell_warden_gondolin_name}[Rivendell] Aegedhrim Elenath,[Rivendell] Aegedhrim Elenath,51.0,Soldier,rivendell,Infantry,,,,385.0,370.0,390.0,80.0,70.0,140.0,70.0,225.0,,False,True
rivendell_knight_golden_flower,{=aom_rivendell_knight_golden_flower_name}[Rivendell] Megil Mallenloth,[Rivendell] Megil Mallenloth,51.0,Soldier,rivendell,Infantry,true,,,385.0,370.0,390.0,80.0,70.0,140.0,70.0,225.0,rivendell_gondolin_battlemaster|rivendell_warden_gondolin|rivendell_glorfindel_guard,True,True
rivendell_glorfindel_guard,{=aom_rivendell_glorfindel_guard_name}[Rivendell] Rochannon Elenath,[Rivendell] Rochannon Elenath,51.0,Soldier,rivendell,Cavalry,,,,405.0,240.0,440.0,100.0,80.0,120.0,430.0,235.0,,False,True
rivendell_gondolin_battlemaster,{=aom_rivendell_gondolin_battlemaster_name}[Rivendell] Megil-Aran Elenath,[Rivendell] Megil-Aran Elenath,51.0,Soldier,rivendell,Infantry,,,,385.0,370.0,390.0,80.0,70.0,140.0,70.0,225.0,,False,True
rivendell_militia_spearman,{=aom_rv_militia_spear}[Rivendell] Militia Spearman,[Rivendell] Militia Spearman,11.0,Soldier,rivendell,Infantry,,,,145.0,150.0,185.0,55.0,50.0,90.0,45.0,130.0,,False,True
rivendell_militia_archer,{=aom_rv_militia_archer}[Rivendell] Militia Archer,[Rivendell] Militia Archer,11.0,Soldier,rivendell,Ranged,,,,135.0,105.0,110.0,170.0,70.0,80.0,45.0,130.0,,False,True
rivendell_militia_veteran_spearman,{=aom_rv_militia_vet_spear}[Rivendell] Militia Veteran Spearman,[Rivendell] Militia Veteran Spearman,16.0,Soldier,rivendell,Infantry,,,,145.0,150.0,185.0,55.0,50.0,90.0,45.0,130.0,,False,True
rivendell_militia_veteran_archer,{=aom_rv_militia_vet_archer}[Rivendell] Militia Veteran Archer,[Rivendell] Militia Veteran Archer,16.0,Soldier,rivendell,Ranged,,,,135.0,105.0,110.0,170.0,70.0,80.0,45.0,130.0,,False,True
rohan_wold_recruit,{=aom_rohan_wold_recruit_name}[Rohan] Wold Recruit,[Rohan] Wold Recruit,6.0,Soldier,vlandia,HorseArcher,true,,,25.0,10.0,30.0,35.0,0.0,12.0,70.0,45.0,rohan_wold_scout,True,True
rohan_wold_scout,{=aom_rohan_wold_scout_name}[Rohan] Wold Scout,[Rohan] Wold Scout,11.0,Soldier,vlandia,HorseArcher,,,,40.0,25.0,50.0,60.0,0.0,22.0,95.0,60.0,rohan_wold_horse_archer,True,True
rohan_wold_horse_archer,{=aom_rohan_wold_horse_archer_name}[Rohan] Wold Horse Archer,[Rohan] Wold Horse Archer,16.0,Soldier,vlandia,HorseArcher,,,,70.0,40.0,75.0,95.0,5.0,32.0,130.0,85.0,rohan_wold_veteran_horse_archer,True,True
rohan_wold_veteran_horse_archer,{=aom_rohan_wold_veteran_horse_archer_name}[Rohan] Wold Veteran Horse Rider,[Rohan] Wold Veteran Horse Rider,21.0,Soldier,vlandia,HorseArcher,,,,100.0,55.0,90.0,140.0,10.0,47.0,170.0,105.0,rohan_wold_elite_horse_archer,True,True
rohan_wold_elite_horse_archer,{=aom_rohan_wold_elite_horse_archer_name}[Rohan] Wold Elite Horse Rider,[Rohan] Wold Elite Horse Rider,26.0,Soldier,vlandia,HorseArcher,,,,140.0,75.0,120.0,190.0,15.0,57.0,220.0,120.0,rohan_wold_eorlingas_horse_archer,True,True
rohan_wold_eorlingas_horse_archer,{=aom_rohan_wold_eorlingas_horse_archer_name}[Rohan] Wold Eorlingas Horse Archer,[Rohan] Wold Eorlingas Horse Archer,31.0,Soldier,vlandia,HorseArcher,,,,180.0,95.0,150.0,240.0,20.0,67.0,275.0,140.0,rohan_wold_kings_own_horse_archer,True,True
rohan_wold_kings_own_horse_archer,{=aom_rohan_wold_kings_own_horse_archer_name}[Rohan] Éothéod Horse Archer,[Rohan] Éothéod Horse Archer,36.0,Soldier,vlandia,HorseArcher,,,,215.0,115.0,175.0,285.0,25.0,77.0,330.0,155.0,,False,True
rohan_westemnet_recruit,{=aom_rohan_westemnet_recruit_name}[Rohan] West Emnet Recruit,[Rohan] West Emnet Recruit,6.0,Soldier,vlandia,Cavalry,true,,,30.0,10.0,40.0,0.0,0.0,12.0,70.0,45.0,rohan_westemnet_rider,True,True
rohan_westemnet_rider,{=aom_rohan_westemnet_rider_name}[Rohan] West Emnet Rider,[Rohan] West Emnet Rider,11.0,Soldier,vlandia,Cavalry,,,,55.0,35.0,70.0,5.0,0.0,17.0,85.0,55.0,rohan_westemnet_veteran_rider,True,True
rohan_westemnet_veteran_rider,{=aom_rohan_westemnet_veteran_rider_name}[Rohan] West Emnet Horseman,[Rohan] West Emnet Horseman,16.0,Soldier,vlandia,Cavalry,,,,80.0,50.0,110.0,10.0,0.0,27.0,115.0,80.0,rohan_westemnet_elite_rider,True,True
rohan_westemnet_elite_rider,{=aom_rohan_westemnet_elite_rider_name}[Rohan] West Emnet Light Cavalry,[Rohan] West Emnet Light Cavalry,21.0,Soldier,vlandia,Cavalry,,,,115.0,60.0,155.0,20.0,5.0,32.0,140.0,95.0,rohan_westemnet_eorlingas_rider,True,True
rohan_westemnet_eorlingas_rider,{=aom_rohan_westemnet_eorlingas_rider_name}[Rohan] West Emnet Medium Cavalry,[Rohan] West Emnet Medium Cavalry,26.0,Soldier,vlandia,Cavalry,,,,170.0,80.0,205.0,25.0,10.0,42.0,180.0,110.0,rohan_westemnet_royal_rider,True,True
rohan_westemnet_royal_rider,{=aom_rohan_westemnet_royal_rider_name}[Rohan] West Emnet Shock Cavalry,[Rohan] West Emnet Shock Cavalry,31.0,Soldier,vlandia,Cavalry,,,,220.0,100.0,260.0,30.0,15.0,52.0,230.0,125.0,rohan_westemnet_kings_own_rider,True,True
rohan_westemnet_kings_own_rider,{=aom_rohan_westemnet_kings_own_rider_name}[Rohan] West Emnet Heavy Shock Cavalry,[Rohan] West Emnet Heavy Shock Cavalry,36.0,Soldier,vlandia,Cavalry,,,,270.0,130.0,310.0,40.0,20.0,62.0,290.0,145.0,,False,True
rohan_eastemnet_recruit,{=aom_rohan_eastemnet_recruit_name}[Rohan] East Emnet Recruit,[Rohan] East Emnet Recruit,6.0,Soldier,vlandia,Cavalry,true,,,30.0,10.0,40.0,0.0,0.0,12.0,70.0,45.0,rohan_eastemnet_lance_rider,True,True
rohan_eastemnet_lance_rider,{=aom_rohan_eastemnet_lance_rider_name}[Rohan] East Emnet Lance Rider,[Rohan] East Emnet Lance Rider,11.0,Soldier,vlandia,Cavalry,,,,40.0,35.0,85.0,5.0,0.0,17.0,85.0,55.0,rohan_eastemnet_veteran_lancer,True,True
rohan_eastemnet_veteran_lancer,{=aom_rohan_eastemnet_veteran_lancer_name}[Rohan] East Emnet Veteran Lancer,[Rohan] East Emnet Veteran Lancer,16.0,Soldier,vlandia,Cavalry,,,,65.0,50.0,125.0,10.0,0.0,27.0,115.0,80.0,rohan_eastemnet_elite_lancer,True,True
rohan_eastemnet_elite_lancer,{=aom_rohan_eastemnet_elite_lancer_name}[Rohan] East Emnet Elite Lancer,[Rohan] East Emnet Elite Lancer,21.0,Soldier,vlandia,Cavalry,,,,100.0,60.0,170.0,20.0,5.0,32.0,140.0,95.0,rohan_eastemnet_eorlingas_lancer,True,True
rohan_eastemnet_eorlingas_lancer,{=aom_rohan_eastemnet_eorlingas_lancer_name}[Rohan] East Emnet Eorlingas Lancer,[Rohan] East Emnet Eorlingas Lancer,26.0,Soldier,vlandia,Cavalry,,,,155.0,80.0,220.0,25.0,10.0,42.0,180.0,110.0,rohan_eastemnet_royal_lancer,True,True
rohan_eastemnet_royal_lancer,{=aom_rohan_eastemnet_royal_lancer_name}[Rohan] East Emnet Royal Lancer,[Rohan] East Emnet Royal Lancer,31.0,Soldier,vlandia,Cavalry,,,,205.0,100.0,275.0,30.0,15.0,52.0,230.0,125.0,rohan_eastemnet_kings_own_lancer,True,True
rohan_eastemnet_kings_own_lancer,{=aom_rohan_eastemnet_kings_own_lancer_name}[Rohan] East Emnet King's Lancer,[Rohan] East Emnet King's Lancer,36.0,Soldier,vlandia,Cavalry,,,,255.0,130.0,325.0,40.0,20.0,62.0,290.0,145.0,,False,True
rohan_eastfold_recruit,{=aom_rohan_eastfold_recruit_name}[Rohan] Eastfold Freeman,[Rohan] Eastfold Freeman,6.0,Soldier,vlandia,Ranged,true,,,20.0,10.0,30.0,25.0,0.0,12.0,25.0,35.0,rohan_eastfold_skirmisher,True,True
rohan_eastfold_skirmisher,{=aom_rohan_eastfold_skirmisher_name}[Rohan] Eastfold Yeoman Archer,[Rohan] Eastfold Yeoman Archer,11.0,Soldier,vlandia,Ranged,,,,30.0,25.0,40.0,50.0,5.0,22.0,30.0,45.0,rohan_eastfold_bowman,True,True
rohan_eastfold_bowman,{=aom_rohan_eastfold_bowman_name}[Rohan] East-Fold Bowman,[Rohan] East-Fold Bowman,16.0,Soldier,vlandia,Ranged,,,,70.0,45.0,55.0,80.0,15.0,32.0,35.0,80.0,rohan_eastfold_veteran_bowman,True,True
rohan_eastfold_veteran_bowman,{=aom_rohan_eastfold_veteran_bowman_name}[Rohan] Eastfold Veteran Bowman,[Rohan] Eastfold Veteran Bowman,21.0,Soldier,vlandia,Ranged,,,,100.0,65.0,80.0,125.0,20.0,42.0,35.0,90.0,,False,True
rohan_westfold_recruit,{=aom_rohan_westfold_recruit_name}[Rohan] Westfold Recruit,[Rohan] Westfold Recruit,6.0,Soldier,vlandia,Infantry,true,,,28.0,18.0,38.0,0.0,0.0,12.0,25.0,28.0,rohan_westfold_militiaman,True,True
rohan_westfold_militiaman,{=aom_rohan_westfold_militiaman_name}[Rohan] Westfold Militiaman,[Rohan] Westfold Militiaman,11.0,Soldier,vlandia,Infantry,,,,60.0,55.0,80.0,5.0,0.0,22.0,30.0,43.0,rohan_westfold_axeman,True,True
rohan_westfold_axeman,{=aom_rohan_westfold_axeman_name}[Rohan] Westfolders,[Rohan] Westfolders,16.0,Soldier,vlandia,Infantry,,,,75.0,100.0,105.0,10.0,0.0,32.0,35.0,75.0,rohan_westfold_veteran_axeman|rohan_westfold_2h_axeman,True,True
rohan_westfold_veteran_axeman,{=aom_rohan_westfold_veteran_axeman_name}[Rohan] Westfold Veteran Axeman,[Rohan] Westfold Veteran Axeman,21.0,Soldier,vlandia,Infantry,,,,110.0,125.0,140.0,10.0,0.0,52.0,35.0,90.0,rohan_westfold_helmingas_axeman,True,True
rohan_westfold_2h_axeman,{=aom_rohan_westfold_2h_axeman_name}[Rohan] Westfold Heavy Axeman,[Rohan] Westfold Heavy Axeman,21.0,Soldier,vlandia,Infantry,,,,110.0,125.0,140.0,10.0,0.0,52.0,35.0,90.0,rohan_westfold_veteran_2h_axeman,True,True
rohan_westfold_helmingas_axeman,{=aom_rohan_westfold_helmingas_axeman_name}[Rohan] Westfold Helmingas Axeman,[Rohan] Westfold Helmingas Axeman,26.0,Soldier,vlandia,Infantry,,,,160.0,170.0,180.0,15.0,5.0,72.0,40.0,95.0,,False,True
rohan_westfold_veteran_2h_axeman,{=aom_rohan_westfold_veteran_2h_axeman_name}[Rohan] Westfold Helmingas Heavy Axeman,[Rohan] Westfold Helmingas Heavy Axeman,26.0,Soldier,vlandia,Infantry,,,,160.0,170.0,180.0,15.0,5.0,72.0,40.0,95.0,,False,True
rohan_westmarches_recruit,{=aom_rohan_westmarches_recruit_name}[Rohan] West-March Recruit,[Rohan] West-March Recruit,6.0,Soldier,vlandia,Infantry,true,,,28.0,18.0,38.0,0.0,0.0,12.0,25.0,28.0,rohan_westmarches_guardsman,True,True
rohan_westmarches_guardsman,{=aom_rohan_westmarches_guardsman_name}[Rohan] West-March Guardsman,[Rohan] West-March Guardsman,11.0,Soldier,vlandia,Infantry,,,,60.0,55.0,80.0,5.0,0.0,22.0,30.0,43.0,rohan_westmarches_spearman,True,True
rohan_westmarches_spearman,{=aom_rohan_westmarches_spearman_name}[Rohan] West-March Spearman,[Rohan] West-March Spearman,16.0,Soldier,vlandia,Infantry,,,,75.0,85.0,120.0,10.0,0.0,32.0,35.0,75.0,rohan_westmarches_veteran_spearman,True,True
rohan_westmarches_veteran_spearman,{=aom_rohan_westmarches_veteran_spearman_name}[Rohan] West-March Heavy Spearman,[Rohan] West-March Heavy Spearman,21.0,Soldier,vlandia,Infantry,,,,110.0,110.0,155.0,10.0,0.0,52.0,35.0,90.0,rohan_westmarches_meduseld_spearman,True,True
rohan_westmarches_meduseld_spearman,{=aom_rohan_westmarches_meduseld_spearman_name}[Rohan] West Marches Veteran Spearman,[Rohan] West Marches Veteran Spearman,26.0,Soldier,vlandia,Infantry,,,,160.0,155.0,195.0,15.0,5.0,72.0,40.0,95.0,,False,True
rohan_edoras_recruit,{=aom_rohan_edoras_recruit_name}[Rohan] Edoras Recruit,[Rohan] Edoras Recruit,6.0,Soldier,vlandia,Infantry,true,,,28.0,18.0,38.0,0.0,0.0,12.0,25.0,28.0,rohan_edoras_militia,True,True
rohan_edoras_militia,{=aom_rohan_edoras_militia_name}[Rohan] Edoras Militia,[Rohan] Edoras Militia,11.0,Soldier,vlandia,Infantry,,,,60.0,55.0,80.0,5.0,0.0,22.0,30.0,43.0,rohan_edoras_golden_hall_rider|rohan_edoras_swordsman|rohan_edoras_meduseld_spearman,True,True
rohan_edoras_golden_hall_rider,{=aom_rohan_edoras_golden_hall_rider_name}[Rohan] King's Rider,[Rohan] King's Rider,16.0,Soldier,vlandia,Cavalry,,,,80.0,50.0,110.0,10.0,0.0,27.0,115.0,80.0,rohan_edoras_golden_hall_veteran_rider,True,True
rohan_edoras_golden_hall_veteran_rider,{=aom_rohan_edoras_golden_hall_veteran_rider_name}[Rohan] King's Horseman,[Rohan] King's Horseman,21.0,Soldier,vlandia,Cavalry,,,,115.0,60.0,155.0,20.0,5.0,32.0,140.0,95.0,rohan_edoras_golden_hall_elite_rider,True,True
rohan_edoras_golden_hall_elite_rider,{=aom_rohan_edoras_golden_hall_elite_rider_name}[Rohan] King's Lancer,[Rohan] King's Lancer,26.0,Soldier,vlandia,Cavalry,,,,155.0,80.0,220.0,25.0,10.0,42.0,180.0,110.0,rohan_edoras_golden_hall_eorlingas_rider,True,True
rohan_edoras_golden_hall_eorlingas_rider,{=aom_rohan_edoras_golden_hall_eorlingas_rider_name}[Rohan] King's Knight,[Rohan] King's Knight,31.0,Soldier,vlandia,Cavalry,,,,220.0,100.0,260.0,30.0,15.0,52.0,230.0,125.0,rohan_edoras_golden_hall_kings_own_rider,True,True
rohan_edoras_golden_hall_kings_own_rider,{=aom_rohan_edoras_golden_hall_kings_own_rider_name}[Rohan] King's Royal Guard,[Rohan] King's Royal Guard,36.0,Soldier,vlandia,Cavalry,,,,270.0,130.0,310.0,40.0,20.0,62.0,290.0,145.0,rohan_edoras_golden_hall_supreme_rider,True,True
rohan_edoras_golden_hall_supreme_rider,{=aom_rohan_edoras_golden_hall_supreme_rider_name}[Rohan] Riders of Rohan,[Rohan] Riders of Rohan,41.0,Soldier,vlandia,Cavalry,,,,310.0,160.0,350.0,45.0,25.0,72.0,340.0,165.0,,False,True
rohan_edoras_swordsman,{=aom_rohan_edoras_swordsman_name}[Rohan] Edoras Swordsman,[Rohan] Edoras Swordsman,16.0,Soldier,vlandia,Infantry,,,,105.0,85.0,90.0,10.0,0.0,32.0,35.0,75.0,rohan_edoras_veteran_swordsman,True,True
rohan_edoras_veteran_swordsman,{=aom_rohan_edoras_veteran_swordsman_name}[Rohan] Edoras Veteran Swordsman,[Rohan] Edoras Veteran Swordsman,21.0,Soldier,vlandia,Infantry,,,,140.0,110.0,125.0,10.0,0.0,52.0,35.0,90.0,rohan_edoras_helmingas_swordsman,True,True
rohan_edoras_helmingas_swordsman,{=aom_rohan_edoras_helmingas_swordsman_name}[Rohan] Edoras Helmingas Swordsman,[Rohan] Edoras Helmingas Swordsman,26.0,Soldier,vlandia,Infantry,,,,190.0,155.0,165.0,15.0,5.0,72.0,40.0,95.0,rohan_edoras_master_swordsman,True,True
rohan_edoras_master_swordsman,{=aom_rohan_edoras_master_swordsman_name}[Rohan] Edoras Master Swordsman,[Rohan] Edoras Master Swordsman,31.0,Soldier,vlandia,Infantry,,,,245.0,210.0,230.0,20.0,10.0,82.0,45.0,115.0,,False,True
rohan_edoras_meduseld_spearman,{=aom_rohan_edoras_meduseld_spearman_name}[Rohan] Meduseld Spearman,[Rohan] Meduseld Spearman,16.0,Soldier,vlandia,Infantry,,,,75.0,85.0,120.0,10.0,0.0,32.0,35.0,75.0,rohan_edoras_meduseld_veteran_spearman,True,True
rohan_edoras_meduseld_veteran_spearman,{=aom_rohan_edoras_meduseld_veteran_spearman_name}[Rohan] Meduseld Veteran Spearman,[Rohan] Meduseld Veteran Spearman,21.0,Soldier,vlandia,Infantry,,,,110.0,110.0,155.0,10.0,0.0,52.0,35.0,90.0,rohan_edoras_meduseld_helmingas_spearman,True,True
rohan_edoras_meduseld_helmingas_spearman,{=aom_rohan_edoras_meduseld_helmingas_spearman_name}[Rohan] Meduseld Helmingas Spearman,[Rohan] Meduseld Helmingas Spearman,26.0,Soldier,vlandia,Infantry,,,,160.0,155.0,195.0,15.0,5.0,72.0,40.0,95.0,rohan_edoras_meduseld_master_spearman,True,True
rohan_edoras_meduseld_master_spearman,{=aom_rohan_edoras_meduseld_master_spearman_name}[Rohan] Meduseld Master Spearman,[Rohan] Meduseld Master Spearman,31.0,Soldier,vlandia,Infantry,,,,215.0,210.0,260.0,20.0,10.0,82.0,45.0,115.0,,False,True
rohan_militia_spearman,{=aom_rohan_militia_spearman_name}[Rohan] Militia Spearman,[Rohan] Militia Spearman,11.0,Soldier,vlandia,Infantry,,,,110.0,110.0,155.0,10.0,0.0,52.0,35.0,90.0,,False,True
rohan_militia_archer,{=aom_rohan_militia_archer_name}[Rohan] Militia Archer,[Rohan] Militia Archer,11.0,Soldier,vlandia,Ranged,,,,100.0,65.0,80.0,125.0,20.0,42.0,35.0,90.0,,False,True
rohan_militia_veteran_spearman,{=aom_rohan_militia_veteran_spearman_name}[Rohan] Militia Veteran Spearman,[Rohan] Militia Veteran Spearman,16.0,Soldier,vlandia,Infantry,,,,110.0,110.0,155.0,10.0,0.0,52.0,35.0,90.0,,False,True
rohan_militia_veteran_archer,{=aom_rohan_militia_veteran_archer_name}[Rohan] Militia Veteran Archer,[Rohan] Militia Veteran Archer,16.0,Soldier,vlandia,Ranged,,,,100.0,65.0,80.0,125.0,20.0,42.0,35.0,90.0,,False,True
aux_basic,{=aom_aux_basic_name}[Umbar] Auxiliary Recruit,[Umbar] Auxiliary Recruit,6.0,Soldier,umbar,Infantry,true,,,38.0,23.0,28.0,5.0,0.0,10.0,0.0,43.0,,False,True
umbar_elite,{=aom_umbar_elite_name}[Umbar] Adûnaim Recruits,[Umbar] Adûnaim Recruits,11.0,Soldier,umbar,Infantry,,,,70.0,60.0,70.0,10.0,5.0,20.0,0.0,58.0,umbar_elite_root1|umbar_elite_root0,True,True
umbar_elite_root1,{=aom_umbar_elite_root1_name}[Umbar] Adûnaim Bowmen,[Umbar] Adûnaim Bowmen,16.0,Soldier,umbar,Ranged,,,,80.0,50.0,45.0,85.0,25.0,30.0,0.0,95.0,umbar_elite_root10,True,True
umbar_elite_root0,{=aom_umbar_elite_root0_name}[Umbar] Adûnaim Footmen,[Umbar] Adûnaim Footmen,16.0,Soldier,umbar,Infantry,,,,100.0,90.0,95.0,15.0,10.0,30.0,0.0,90.0,umbar_elite_root01|umbar_elite_root00,True,True
umbar_elite_root01,{=aom_umbar_elite_root01_name}[Umbar] Rozadan Halberdiers,[Umbar] Rozadan Halberdiers,21.0,Soldier,umbar,Infantry,,,,120.0,115.0,145.0,15.0,10.0,50.0,0.0,105.0,umbar_elite_root010,True,True
umbar_corsairs_boss,{=taom_umbar_corsairs_boss_name}[Umbar] Corsair Captain,[Umbar] Corsair Captain,21.0,Bandit,umbar_corsairs,Infantry,,,,135.0,115.0,130.0,15.0,10.0,50.0,0.0,105.0,,False,False
umbar_elite_root00,{=aom_umbar_elite_root00_name}[Umbar] Rozadan Footmen,[Umbar] Rozadan Footmen,21.0,Soldier,umbar,Infantry,,,,135.0,115.0,130.0,15.0,10.0,50.0,0.0,105.0,umbar_elite_root001|umbar_elite_root000,True,True
umbar_elite_root001,{=aom_umbar_elite_root001_name}[Umbar] Abrazanim Narduzagar,[Umbar] Abrazanim Narduzagar,26.0,Soldier,umbar,Infantry,,,,185.0,160.0,170.0,20.0,15.0,70.0,5.0,110.0,,False,True
umbar_elite_root000,{=aom_umbar_elite_root000_name}[Umbar] Abrazanim Nardutarik,[Umbar] Abrazanim Nardutarik,26.0,Soldier,umbar,Infantry,,,,185.0,160.0,170.0,20.0,15.0,70.0,5.0,110.0,umbar_elite_root0001|umbar_elite_root0000,True,True
umbar_elite_root0001,{=aom_umbar_elite_root0001_name}[Umbar] Naru n'Aru Royal Knights,[Umbar] Naru n'Aru Royal Knights,31.0,Soldier,umbar,Cavalry,,,,230.0,105.0,250.0,35.0,25.0,50.0,195.0,140.0,,False,True
umbar_elite_root0000,{=aom_umbar_elite_root0000_name}[Umbar] Naru n'Aru Royal Guard,[Umbar] Naru n'Aru Royal Guard,31.0,Soldier,umbar,Infantry,,,,240.0,215.0,235.0,25.0,20.0,80.0,10.0,130.0,,False,True
umbar_elite_root010,{=aom_umbar_elite_root010_name}[Umbar] Adûnaims Faithful,[Umbar] Adûnaims Faithful,26.0,Soldier,umbar,Infantry,,,,185.0,160.0,170.0,20.0,15.0,70.0,5.0,110.0,,False,True
umbar_elite_root10,{=aom_umbar_elite_root10_name}[Umbar] Rozadan Bowmen,[Umbar] Rozadan Bowmen,21.0,Soldier,umbar,Ranged,,,,110.0,70.0,70.0,130.0,30.0,40.0,0.0,105.0,umbar_elite_root101|umbar_elite_root100,True,True
umbar_elite_root101,{=aom_umbar_elite_root101_name}[Umbar] Beruthiel's Rangers,[Umbar] Beruthiel's Rangers,26.0,Soldier,umbar,Ranged,,,,150.0,90.0,90.0,170.0,35.0,50.0,5.0,115.0,,False,True
umbar_elite_root100,{=aom_umbar_elite_root100_name}[Umbar] Abrazanim Nardubawib,[Umbar] Abrazanim Nardubawib,26.0,Soldier,umbar,Ranged,,,,150.0,90.0,90.0,170.0,35.0,50.0,5.0,115.0,,False,True
