item_id,item_kind,type,crafting_template,name,culture,source_xml,winner_module,load_order_rank
Broad_Skaen,CraftedItem,CraftedWeapon,Dagger,Broad Skaen,battania,SandBoxCore/ModuleData/items/weapons.xml,SandBoxCore,2
a_aserai_scale_b_shoulder_a,Item,Cape,,Scale Shoulder Guards,aserai,SandBoxCore/ModuleData/items/shoulder_armors.xml,SandBoxCore,2
a_aserai_scale_b_shoulder_b,Item,Cape,,Scale Pauldrons,aserai,SandBoxCore/ModuleData/items/shoulder_armors.xml,SandBoxCore,2
a_aserai_scale_b_shoulder_c,Item,Cape,,Bronze Scale Shoulder Guards,aserai,SandBoxCore/ModuleData/items/shoulder_armors.xml,SandBoxCore,2
a_aserai_scale_b_shoulder_d,Item,Cape,,Bronze Scale Pauldrons,aserai,SandBoxCore/ModuleData/items/shoulder_armors.xml,SandBoxCore,2
a_aserai_scale_b_shoulder_e,Item,Cape,,Reinforced Bronze Scale Shoulder Guards,aserai,SandBoxCore/ModuleData/items/shoulder_armors.xml,SandBoxCore,2
a_battania_cloak_a,Item,Cape,,Simple Cape,battania,SandBoxCore/ModuleData/items/shoulder_armors.xml,SandBoxCore,2
a_brass_lamellar_shoulder_a,Item,Cape,,Bronze Lamellar Shoulder Guards,khuzait,SandBoxCore/ModuleData/items/shoulder_armors.xml,SandBoxCore,2
a_brass_lamellar_shoulder_b,Item,Cape,,Reinforced Bronze Lamellar Shoulder Guards,khuzait,SandBoxCore/ModuleData/items/shoulder_armors.xml,SandBoxCore,2
a_brass_lamellar_shoulder_white_a,Item,Cape,,Lamellar Shoulder Guards,sturgia,SandBoxCore/ModuleData/items/shoulder_armors.xml,SandBoxCore,2
a_brass_lamellar_shoulder_white_b,Item,Cape,,Reinforced Lamellar Shoulder Guards,sturgia,SandBoxCore/ModuleData/items/shoulder_armors.xml,SandBoxCore,2
a_empire_plated_shoulder_a,Item,Cape,,Legionary Studded Harness,empire,SandBoxCore/ModuleData/items/shoulder_armors.xml,SandBoxCore,2
a_empire_plated_shoulder_b,Item,Cape,,Lamellar Pauldrons,empire,SandBoxCore/ModuleData/items/shoulder_armors.xml,SandBoxCore,2
a_khuzait_leather_shoulder_b_a,Item,Cape,,Cured Studded Leather Shoulders,khuzait,SandBoxCore/ModuleData/items/shoulder_armors.xml,SandBoxCore,2
a_khuzait_leather_shoulder_b_b,Item,Cape,,Reinforced Studded Neckguard,khuzait,SandBoxCore/ModuleData/items/shoulder_armors.xml,SandBoxCore,2
a_leather_lamellar_armor_shoulder_a,Item,Cape,,Decorated Lamellar Leather Shoulder Guards,khuzait,SandBoxCore/ModuleData/items/shoulder_armors.xml,SandBoxCore,2
a_metal_lamellar_armor_shoulder_a,Item,Cape,,Decorated Steel Lamellar Shoulder Pieces,khuzait,SandBoxCore/ModuleData/items/shoulder_armors.xml,SandBoxCore,2
a_pauldron_cape_b,Item,Cape,,Bronze Pauldrons with Neck Guard,empire,SandBoxCore/ModuleData/items/shoulder_armors.xml,SandBoxCore,2
a_pauldron_cape_c,Item,Cape,,Bronze Pauldrons,empire,SandBoxCore/ModuleData/items/shoulder_armors.xml,SandBoxCore,2
adarga,Item,Shield,,Adarga,aserai,SandBoxCore/ModuleData/items/shields.xml,SandBoxCore,2
aketon,Item,BodyArmor,,Aketon,vlandia,SandBoxCore/ModuleData/items/body_armors.xml,SandBoxCore,2
ambassador_sword_t3,CraftedItem,CraftedWeapon,OneHandedSword,The Ambassador,,SandBoxCore/ModuleData/items/weapons.xml,SandBoxCore,2
archers_flag_t1,Item,Banner,,Archer's Flag,neutral_culture,SandBoxCore/ModuleData/items/banners.xml,SandBoxCore,2
arming_cap,Item,HeadArmor,,Padded Coif,vlandia,SandBoxCore/ModuleData/items/head_armors.xml,SandBoxCore,2
arming_coif,Item,HeadArmor,,Leather Coif,vlandia,SandBoxCore/ModuleData/items/head_armors.xml,SandBoxCore,2
armored_baggy_trunks,Item,BodyArmor,,Armored Baggy Trunks,battania,SandBoxCore/ModuleData/items/body_armors.xml,SandBoxCore,2
armored_bearskin,Item,Cape,,Armored Bearskin,battania,SandBoxCore/ModuleData/items/shoulder_armors.xml,SandBoxCore,2
armwraps,Item,HandArmor,,Armwraps,battania,SandBoxCore/ModuleData/items/arm_armors.xml,SandBoxCore,2
arrow_emp_1_a,Item,Arrows,,Imperial Arrows,empire,SandBoxCore/ModuleData/items/weapons.xml,SandBoxCore,2
aserai_2haxe_1_t3,CraftedItem,CraftedWeapon,TwoHandedAxe,Short Handled Tabar,aserai,SandBoxCore/ModuleData/items/weapons.xml,SandBoxCore,2
aserai_2haxe_2_t3,CraftedItem,CraftedWeapon,TwoHandedAxe,Tabar,aserai,SandBoxCore/ModuleData/items/weapons.xml,SandBoxCore,2
aserai_2haxe_2_t4,CraftedItem,CraftedWeapon,TwoHandedAxe,Executioner Axe,aserai,SandBoxCore/ModuleData/items/weapons.xml,SandBoxCore,2
aserai_2haxe_3_t5,CraftedItem,CraftedWeapon,TwoHandedAxe,Heavy Executioner Axe,aserai,SandBoxCore/ModuleData/items/weapons.xml,SandBoxCore,2
aserai_archer_armor,Item,BodyArmor,,Gambeson over Mail Armor,aserai,SandBoxCore/ModuleData/items/body_armors.xml,SandBoxCore,2
aserai_armor_02,Item,BodyArmor,,Southern Chain Mail,aserai,SandBoxCore/ModuleData/items/body_armors.xml,SandBoxCore,2
aserai_armor_02_b,Item,BodyArmor,,Southern Decorated Chain Mail,aserai,SandBoxCore/ModuleData/items/body_armors.xml,SandBoxCore,2
aserai_axe_1_t2,CraftedItem,CraftedWeapon,OneHandedAxe,Wood Splitter Axe,aserai,SandBoxCore/ModuleData/items/weapons.xml,SandBoxCore,2
aserai_axe_2_t2,CraftedItem,CraftedWeapon,OneHandedAxe,Bamboo Handled Ascia Axe,aserai,SandBoxCore/ModuleData/items/weapons.xml,SandBoxCore,2
aserai_axe_2_t2_blunt,CraftedItem,CraftedWeapon,OneHandedAxe,Sparring Bamboo Handled Axe,aserai,SandBoxCore/ModuleData/items/tournament_weapons.xml,SandBoxCore,2
aserai_battle_crown,Item,HeadArmor,,Ornate Desert Battle Crown,aserai,SandBoxCore/ModuleData/items/head_armors.xml,SandBoxCore,2
aserai_brass_plate_a,Item,BodyArmor,,Southern Mail Shirt with Brass Plates,aserai,SandBoxCore/ModuleData/items/body_armors.xml,SandBoxCore,2
aserai_brass_plate_b,Item,BodyArmor,,Southern Sleeveless Mail Shirt with Brass Plates,aserai,SandBoxCore/ModuleData/items/body_armors.xml,SandBoxCore,2
aserai_chain_plate_armor_a,Item,BodyArmor,,Southern Reinforced Mail Armor,aserai,SandBoxCore/ModuleData/items/body_armors.xml,SandBoxCore,2
aserai_chain_plate_armor_b,Item,BodyArmor,,Southern Reinforced Sleeveless Mail Armor,aserai,SandBoxCore/ModuleData/items/body_armors.xml,SandBoxCore,2
aserai_chain_plate_armor_c,Item,BodyArmor,,Southern Reinforced Mail Vest,aserai,SandBoxCore/ModuleData/items/body_armors.xml,SandBoxCore,2
aserai_chain_plate_armor_d,Item,BodyArmor,,Southern Reinforced Short Mail Armor,aserai,SandBoxCore/ModuleData/items/body_armors.xml,SandBoxCore,2
aserai_civil_a,Item,BodyArmor,,Luxury Kaftan with Waistband,aserai,SandBoxCore/ModuleData/items/body_armors.xml,SandBoxCore,2
aserai_civil_b,Item,BodyArmor,,Kaftan with Leather Belt,aserai,SandBoxCore/ModuleData/items/body_armors.xml,SandBoxCore,2
aserai_civil_c,Item,BodyArmor,,Colored Kaftan,aserai,SandBoxCore/ModuleData/items/body_armors.xml,SandBoxCore,2
aserai_civil_c_head,Item,HeadArmor,,Keffiyeh with Silken Band,aserai,SandBoxCore/ModuleData/items/head_armors.xml,SandBoxCore,2
aserai_civil_d,Item,BodyArmor,,Colored Bisht,aserai,SandBoxCore/ModuleData/items/body_armors.xml,SandBoxCore,2
aserai_civil_d_hscarf,Item,HeadArmor,,Colored Turban,aserai,SandBoxCore/ModuleData/items/head_armors.xml,SandBoxCore,2
aserai_civil_e,Item,BodyArmor,,Thawb,aserai,SandBoxCore/ModuleData/items/body_armors.xml,SandBoxCore,2
aserai_civil_e_hscarf,Item,HeadArmor,,Colored Keffiyeh,aserai,SandBoxCore/ModuleData/items/head_armors.xml,SandBoxCore,2
aserai_civil_f,Item,BodyArmor,,Simple Peasant Robe,aserai,SandBoxCore/ModuleData/items/body_armors.xml,SandBoxCore,2
aserai_civil_f_cape,Item,HeadArmor,,Bandit Leather Hood,aserai,SandBoxCore/ModuleData/items/head_armors.xml,SandBoxCore,2
aserai_civil_hscarf_a,Item,HeadArmor,,Keffiyeh with Brown Band,aserai,SandBoxCore/ModuleData/items/head_armors.xml,SandBoxCore,2
aserai_civil_hscarf_b,Item,HeadArmor,,Roughspun Keffiyeh,aserai,SandBoxCore/ModuleData/items/head_armors.xml,SandBoxCore,2
aserai_crown,Item,HeadArmor,,Luxury Turban Over Helmet,aserai,SandBoxCore/ModuleData/items/head_armors.xml,SandBoxCore,2
aserai_female_civil_a,Item,BodyArmor,,Feminine Kaftan,aserai,SandBoxCore/ModuleData/items/body_armors.xml,SandBoxCore,2
aserai_female_civil_b,Item,BodyArmor,,Kaftan with Waistband,aserai,SandBoxCore/ModuleData/items/body_armors.xml,SandBoxCore,2
aserai_female_civil_hscarf,Item,HeadArmor,,Desert Headscarf,aserai,SandBoxCore/ModuleData/items/head_armors.xml,SandBoxCore,2
aserai_female_civil_hscarf_b,Item,HeadArmor,,Headscarf with Fez,aserai,SandBoxCore/ModuleData/items/head_armors.xml,SandBoxCore,2
aserai_full_scale_armor_on_chain,Item,BodyArmor,,Mastercrafted Southern Scale over Chain Hauberk,aserai,SandBoxCore/ModuleData/items/body_armors.xml,SandBoxCore,2
aserai_horse,Item,Horse,,Nahasawi{@Plural}Nahasawi horses{\@},aserai,SandBoxCore/ModuleData/items/horses_and_others.xml,SandBoxCore,2
aserai_horse_tournament,Item,Horse,,Desert Horse{@Plural}desert horses{\@},aserai,SandBoxCore/ModuleData/items/horses_and_others.xml,SandBoxCore,2
aserai_horseman_armor,Item,BodyArmor,,Ring Mail,aserai,SandBoxCore/ModuleData/items/body_armors.xml,SandBoxCore,2
aserai_horseman_shoulder,Item,Cape,,Ringmail Shoulder Guard,aserai,SandBoxCore/ModuleData/items/shoulder_armors.xml,SandBoxCore,2
aserai_lance_1_t5,CraftedItem,CraftedWeapon,TwoHandedPolearm,Mamluke Lance,aserai,SandBoxCore/ModuleData/items/weapons.xml,SandBoxCore,2
aserai_lord_helmet_a,Item,HeadArmor,,Noble Crowned Lord Helmet,aserai,SandBoxCore/ModuleData/items/head_armors.xml,SandBoxCore,2
aserai_mace_1_t2,CraftedItem,CraftedWeapon,Mace,Militia Mace,aserai,SandBoxCore/ModuleData/items/weapons.xml,SandBoxCore,2
aserai_mace_2_t2,CraftedItem,CraftedWeapon,Mace,Fullered Light Mace,aserai,SandBoxCore/ModuleData/items/weapons.xml,SandBoxCore,2
aserai_mace_3_t3,CraftedItem,CraftedWeapon,Mace,Heavy Horsemans Mace,aserai,SandBoxCore/ModuleData/items/weapons.xml,SandBoxCore,2
aserai_mace_4_t4,CraftedItem,CraftedWeapon,Mace,Spiralled Mace,aserai,SandBoxCore/ModuleData/items/weapons.xml,SandBoxCore,2
aserai_mace_5_t4,CraftedItem,CraftedWeapon,TwoHandedMace,Southern Two Handed Mace,aserai,SandBoxCore/ModuleData/items/weapons.xml,SandBoxCore,2
aserai_noble_sword_1_t5,CraftedItem,CraftedWeapon,OneHandedSword,Decorated Kaskara,aserai,SandBoxCore/ModuleData/items/weapons.xml,SandBoxCore,2
aserai_noble_sword_2_t5,CraftedItem,CraftedWeapon,OneHandedSword,Decorated Long Scimitar,aserai,SandBoxCore/ModuleData/items/weapons.xml,SandBoxCore,2
aserai_noble_sword_3_t5,CraftedItem,CraftedWeapon,OneHandedSword,Decorated Scimitar with Wide Grip,aserai,SandBoxCore/ModuleData/items/weapons.xml,SandBoxCore,2
aserai_noble_sword_4_t5,CraftedItem,CraftedWeapon,OneHandedSword,Engraved Angular Kaskara,aserai,SandBoxCore/ModuleData/items/weapons.xml,SandBoxCore,2
aserai_robe_c_chain,Item,BodyArmor,,Robe over Mail Shirt,aserai,SandBoxCore/ModuleData/items/body_armors.xml,SandBoxCore,2
aserai_scale_armor_on_chain,Item,BodyArmor,,Mastercrafted Southern Scale over Chain Mail,aserai,SandBoxCore/ModuleData/items/body_armors.xml,SandBoxCore,2
aserai_scale_armor_on_cloth,Item,BodyArmor,,Mastercrafted Southern Scale Mail,aserai,SandBoxCore/ModuleData/items/body_armors.xml,SandBoxCore,2
aserai_scale_shoulder_a,Item,Cape,,Bronze Scale Shoulder Guards,aserai,SandBoxCore/ModuleData/items/shoulder_armors.xml,SandBoxCore,2
aserai_scale_shoulder_b,Item,Cape,,Long Sleeved Bronze Scale Shoulder Guards,aserai,SandBoxCore/ModuleData/items/shoulder_armors.xml,SandBoxCore,2
aserai_scale_shoulder_c,Item,Cape,,Bronze Scale Pauldrons,aserai,SandBoxCore/ModuleData/items/shoulder_armors.xml,SandBoxCore,2
aserai_scale_shoulder_d,Item,Cape,,Decorated Bronze Scale Pauldrons,aserai,SandBoxCore/ModuleData/items/shoulder_armors.xml,SandBoxCore,2
aserai_scale_shoulder_e,Item,Cape,,Decorated Long Sleeve Bronze Scale Pauldrons,aserai,SandBoxCore/ModuleData/items/shoulder_armors.xml,SandBoxCore,2
aserai_sword_1_t2,CraftedItem,CraftedWeapon,OneHandedSword,Iron Flyssa,aserai,SandBoxCore/ModuleData/items/weapons.xml,SandBoxCore,2
aserai_sword_1_t2_blunt,CraftedItem,CraftedWeapon,OneHandedSword,Sparring Flyssa,aserai,SandBoxCore/ModuleData/items/tournament_weapons.xml,SandBoxCore,2
aserai_sword_2_t2,CraftedItem,CraftedWeapon,OneHandedSword,Iron Scimitar,aserai,SandBoxCore/ModuleData/items/weapons.xml,SandBoxCore,2
aserai_sword_2_t2_blunt,CraftedItem,CraftedWeapon,OneHandedSword,Sparring Scimitar,aserai,SandBoxCore/ModuleData/items/tournament_weapons.xml,SandBoxCore,2
aserai_sword_3_t3,CraftedItem,CraftedWeapon,OneHandedSword,Slightly Ridged Flyssa,aserai,SandBoxCore/ModuleData/items/weapons.xml,SandBoxCore,2
aserai_sword_4_t4,CraftedItem,CraftedWeapon,OneHandedSword,Fine Steel Long Kaskara,aserai,SandBoxCore/ModuleData/items/weapons.xml,SandBoxCore,2
aserai_sword_5_t4,CraftedItem,CraftedWeapon,OneHandedSword,Long Fine Steel Scimitar,aserai,SandBoxCore/ModuleData/items/weapons.xml,SandBoxCore,2
aserai_sword_6_t4,CraftedItem,CraftedWeapon,OneHandedSword,Narrow Fine Steel Kaskara,aserai,SandBoxCore/ModuleData/items/weapons.xml,SandBoxCore,2
aserai_sword_7_t5,CraftedItem,CraftedWeapon,OneHandedSword,Thamaskene Steel Kaskara,aserai,SandBoxCore/ModuleData/items/weapons.xml,SandBoxCore,2
aserai_tunic_waistcoat,Item,BodyArmor,,Luxury Kaftan,aserai,SandBoxCore/ModuleData/items/body_armors.xml,SandBoxCore,2
aserai_villager_female_dress,Item,BodyArmor,,Villager Short Dress,aserai,SandBoxCore/ModuleData/items/body_armors.xml,SandBoxCore,2
aserai_villager_female_headdress,Item,HeadArmor,,Rural Headdress,aserai,SandBoxCore/ModuleData/items/head_armors.xml,SandBoxCore,2
aseran_village_harness,Item,HorseHarness,,Bedouin Common Saddle,aserai,SandBoxCore/ModuleData/items/horses_and_others.xml,SandBoxCore,2
assassin_armor,Item,BodyArmor,,Blackened Armor,neutral_culture,SandBoxCore/ModuleData/items/body_armors.xml,SandBoxCore,2
assassin_boot,Item,LegArmor,,Blackened Boots,neutral_culture,SandBoxCore/ModuleData/items/leg_armors.xml,SandBoxCore,2
assassin_hood,Item,HeadArmor,,Blackened Hood,neutral_culture,SandBoxCore/ModuleData/items/head_armors.xml,SandBoxCore,2
assassin_shoulder,Item,Cape,,Blackened Cape,neutral_culture,SandBoxCore/ModuleData/items/shoulder_armors.xml,SandBoxCore,2
avalanche_2haxe,CraftedItem,CraftedWeapon,TwoHandedAxe,Avalanche,,SandBoxCore/ModuleData/items/weapons.xml,SandBoxCore,2
baggy_trunks,Item,BodyArmor,,Baggy Trunks,battania,SandBoxCore/ModuleData/items/body_armors.xml,SandBoxCore,2
ballista_c_projectile,Item,Arrows,,Ballista Arrows,,NavalDLC/ModuleData/items.xml,NavalDLC,4
ballista_c_projectile_burning,Item,Arrows,,Ballista Arrows,,NavalDLC/ModuleData/items.xml,NavalDLC,4
ballista_c_projectile_grape,Item,Thrown,,Grapeshot Stack,,NavalDLC/ModuleData/items.xml,NavalDLC,4
ballista_c_projectile_grape_fire,Item,Thrown,,Fire Grapeshot Stack,,NavalDLC/ModuleData/items.xml,NavalDLC,4
ballista_c_projectile_grape_fire_projectile,Item,Thrown,,Fire Grapeshot Ammo,,NavalDLC/ModuleData/items.xml,NavalDLC,4
ballista_c_projectile_grape_projectile,Item,Thrown,,Grapeshot Ammo,,NavalDLC/ModuleData/items.xml,NavalDLC,4
ballista_c_projectile_iron,Item,Thrown,,Iron,,NavalDLC/ModuleData/items.xml,NavalDLC,4
ballista_c_projectile_pot,Item,Thrown,,Fire Pot,,NavalDLC/ModuleData/items.xml,NavalDLC,4
ballista_c_projectile_pot_storyline,Item,Thrown,,Fire Pot,,NavalDLC/ModuleData/items.xml,NavalDLC,4
ballista_c_projectile_stone,Item,Thrown,,Boulder,,NavalDLC/ModuleData/items.xml,NavalDLC,4
ballista_projectile,Item,Arrows,,Ballista Arrows,,SandBoxCore/ModuleData/items/weapons.xml,SandBoxCore,2
ballista_projectile_burning,Item,Arrows,,Ballista Arrows,,SandBoxCore/ModuleData/items/weapons.xml,SandBoxCore,2
bamboo_axe_t4,CraftedItem,CraftedWeapon,OneHandedAxe,Bamboo Axe,aserai,SandBoxCore/ModuleData/items/weapons.xml,SandBoxCore,2
banded_leather_over_mail,Item,BodyArmor,,Banded Leather over Mail,vlandia,SandBoxCore/ModuleData/items/body_armors.xml,SandBoxCore,2
bandit_envelope_dress_v1,Item,BodyArmor,,Commoner Tunic,looters,SandBoxCore/ModuleData/items/body_armors.xml,SandBoxCore,2
bandit_envelope_dress_v2,Item,BodyArmor,,Sleeveless Enveloped Padded Garments,looters,SandBoxCore/ModuleData/items/body_armors.xml,SandBoxCore,2
bandit_fur_a,Item,BodyArmor,,Old Fur Armor,looters,SandBoxCore/ModuleData/items/body_armors.xml,SandBoxCore,2
bandit_fur_b,Item,BodyArmor,,Old Fur Coat,looters,SandBoxCore/ModuleData/items/body_armors.xml,SandBoxCore,2
bandit_gambeson,Item,BodyArmor,,Rugged Gambeson,looters,SandBoxCore/ModuleData/items/body_armors.xml,SandBoxCore,2
bandit_hybrid_armor_a,Item,BodyArmor,,Raider Bronze Clothing,aserai,NavalDLC/ModuleData/items.xml,NavalDLC,4
bandit_hybrid_armor_b,Item,BodyArmor,,Raider Iron Clothing,aserai,NavalDLC/ModuleData/items.xml,NavalDLC,4
bandit_hybrid_armor_boots_a,Item,LegArmor,,Raider Bronze Boots,neutral_culture,NavalDLC/ModuleData/items.xml,NavalDLC,4
bandit_hybrid_armor_c,Item,BodyArmor,,Raider Clothes,aserai,NavalDLC/ModuleData/items.xml,NavalDLC,4
bandit_hybrid_armor_gloves_a,Item,HandArmor,,Raider Bronze Gloves,neutral_culture,NavalDLC/ModuleData/items.xml,NavalDLC,4
bandit_hybrid_armor_helmet_a,Item,HeadArmor,,Raider Fur Helmet,khuzait,NavalDLC/ModuleData/items.xml,NavalDLC,4
bandit_hybrid_armor_helmet_b,Item,HeadArmor,,Raider Reinforced Fur Helmet,khuzait,NavalDLC/ModuleData/items.xml,NavalDLC,4
bandit_hybrid_armor_shoulder_a,Item,Cape,,Raider Fur Shoulderguard,khuzait,NavalDLC/ModuleData/items.xml,NavalDLC,4
bandit_hybrid_armor_shoulder_b,Item,Cape,,Raider Reinforced Shoulderguard,nord,NavalDLC/ModuleData/items.xml,NavalDLC,4
bandit_leather_water_flask,Item,BodyArmor,,Commoner Shirt,looters,SandBoxCore/ModuleData/items/body_armors.xml,SandBoxCore,2
bandit_saddle_desert,Item,HorseHarness,,Rugged Bedouin Saddle,aserai,SandBoxCore/ModuleData/items/horses_and_others.xml,SandBoxCore,2
bandit_saddle_highland,Item,HorseHarness,,Rugged Fur Saddle,battania,SandBoxCore/ModuleData/items/horses_and_others.xml,SandBoxCore,2
bandit_saddle_steppe,Item,HorseHarness,,Rugged Saddle,,SandBoxCore/ModuleData/items/horses_and_others.xml,SandBoxCore,2
banner_of_desert_winds_t1,Item,Banner,,Banner of Desert Winds,aserai,SandBoxCore/ModuleData/items/banners.xml,SandBoxCore,2
banner_of_dust_devils_t3,Item,Banner,,Banner of Dust Devils,aserai,SandBoxCore/ModuleData/items/banners.xml,SandBoxCore,2
banner_of_emirs_hawk_t2,Item,Banner,,Banner of Emir's Hawk,aserai,SandBoxCore/ModuleData/items/banners.xml,SandBoxCore,2
banner_of_faris_falcon_t1,Item,Banner,,Banner of Faris' Falcon,aserai,SandBoxCore/ModuleData/items/banners.xml,SandBoxCore,2
banner_of_iron_shields_t2,Item,Banner,,Banner of Iron Shields,sturgia,SandBoxCore/ModuleData/items/banners.xml,SandBoxCore,2
banner_of_oaken_shields_t1,Item,Banner,,Banner of Oaken Shields,sturgia,SandBoxCore/ModuleData/items/banners.xml,SandBoxCore,2
banner_of_shifting_sands_t2,Item,Banner,,Banner of Shifting Sands,aserai,SandBoxCore/ModuleData/items/banners.xml,SandBoxCore,2
banner_of_steel_shields_t3,Item,Banner,,Banner of Steel Shields,sturgia,SandBoxCore/ModuleData/items/banners.xml,SandBoxCore,2
banner_of_sultans_eagle_t3,Item,Banner,,Banner of Sultan's Eagle,aserai,SandBoxCore/ModuleData/items/banners.xml,SandBoxCore,2
banner_of_the_horseman_t1,Item,Banner,,Banner of the Horseman,vlandia,SandBoxCore/ModuleData/items/banners.xml,SandBoxCore,2
banner_of_the_knight_t3,Item,Banner,,Banner of the Knight,vlandia,SandBoxCore/ModuleData/items/banners.xml,SandBoxCore,2
banner_of_the_squire_t2,Item,Banner,,Banner of the Squire,vlandia,SandBoxCore/ModuleData/items/banners.xml,SandBoxCore,2
barbed_arrows,Item,Arrows,,Barbed Arrows,,SandBoxCore/ModuleData/items/weapons.xml,SandBoxCore,2
barghasts_great_axe,CraftedItem,CraftedWeapon,TwoHandedAxe,Barghasts Great Axe,,NavalDLC/ModuleData/naval_weapons.xml,NavalDLC,4
basic_imperial_leather_armor,Item,BodyArmor,,Leather Armor,empire,SandBoxCore/ModuleData/items/body_armors.xml,SandBoxCore,2
bastard_sword_t2,CraftedItem,CraftedWeapon,OneHandedSword,Simple Bastard Sword,,SandBoxCore/ModuleData/items/weapons.xml,SandBoxCore,2
battania_2haxe_1_t2,CraftedItem,CraftedWeapon,TwoHandedAxe,Square Bit Two Handed Axe,battania,SandBoxCore/ModuleData/items/weapons.xml,SandBoxCore,2
battania_2haxe_1_t2_blunt,CraftedItem,CraftedWeapon,TwoHandedAxe,Sparring Two Handed Axe,battania,SandBoxCore/ModuleData/items/tournament_weapons.xml,SandBoxCore,2
battania_2hsword_1_t2,CraftedItem,CraftedWeapon,TwoHandedSword,Iron Broadsword,battania,SandBoxCore/ModuleData/items/weapons.xml,SandBoxCore,2
battania_2hsword_1_t2_blunt,CraftedItem,CraftedWeapon,TwoHandedSword,Sparring Twohander,battania,SandBoxCore/ModuleData/items/tournament_weapons.xml,SandBoxCore,2
battania_2hsword_2_t3,CraftedItem,CraftedWeapon,TwoHandedSword,Highland Broadsword,battania,SandBoxCore/ModuleData/items/weapons.xml,SandBoxCore,2
battania_2hsword_3_t3,CraftedItem,CraftedWeapon,TwoHandedSword,Northlander Wide Fullered Greatsword,battania,SandBoxCore/ModuleData/items/weapons.xml,SandBoxCore,2
battania_2hsword_4_t4,CraftedItem,CraftedWeapon,TwoHandedSword,Long Falx,battania,SandBoxCore/ModuleData/items/weapons.xml,SandBoxCore,2
battania_2hsword_5_t4,CraftedItem,CraftedWeapon,TwoHandedSword,Highland Fine Two Handed Sword,battania,SandBoxCore/ModuleData/items/weapons.xml,SandBoxCore,2
battania_2hsword_5_t5,CraftedItem,CraftedWeapon,TwoHandedSword,Battanian Mountain Blade,battania,SandBoxCore/ModuleData/items/weapons.xml,SandBoxCore,2
battania_2hsword_6,CraftedItem,CraftedWeapon,TwoHandedSword,Falx,,SandBoxCore/ModuleData/items/weapons.xml,SandBoxCore,2
battania_axe_1_t2,CraftedItem,CraftedWeapon,OneHandedAxe,Highland Hatchet,battania,SandBoxCore/ModuleData/items/weapons.xml,SandBoxCore,2
battania_axe_2_t4,CraftedItem,CraftedWeapon,OneHandedAxe,One Handed Bearded Axe,battania,SandBoxCore/ModuleData/items/weapons.xml,SandBoxCore,2
battania_axe_3_t5,CraftedItem,CraftedWeapon,OneHandedAxe,Round Bitted Fine Steel Hatchet,battania,SandBoxCore/ModuleData/items/weapons.xml,SandBoxCore,2
battania_battle_crown,Item,HeadArmor,,Two Pronged Bronze Crown,battania,SandBoxCore/ModuleData/items/head_armors.xml,SandBoxCore,2
battania_brass_plate_armor,Item,BodyArmor,,Bronze Breastplate,battania,SandBoxCore/ModuleData/items/body_armors.xml,SandBoxCore,2
battania_civil_a,Item,BodyArmor,,Tartan Tunic,battania,SandBoxCore/ModuleData/items/body_armors.xml,SandBoxCore,2
battania_civil_b,Item,BodyArmor,,Villager Leather Tunic,battania,SandBoxCore/ModuleData/items/body_armors.xml,SandBoxCore,2
battania_civil_c,Item,BodyArmor,,Townsman Luxury Coat,battania,SandBoxCore/ModuleData/items/body_armors.xml,SandBoxCore,2
battania_civil_cape,Item,Cape,,Woodland Fur Cloak,battania,SandBoxCore/ModuleData/items/shoulder_armors.xml,SandBoxCore,2
battania_civil_cloak,Item,Cape,,Fringed Cape,battania,SandBoxCore/ModuleData/items/shoulder_armors.xml,SandBoxCore,2
battania_civil_hood,Item,HeadArmor,,Cloth Hood,battania,SandBoxCore/ModuleData/items/head_armors.xml,SandBoxCore,2
battania_cloak,Item,Cape,,Tartan Cloak,battania,SandBoxCore/ModuleData/items/shoulder_armors.xml,SandBoxCore,2
battania_cloak_b,Item,Cape,,Tartan Cape,battania,SandBoxCore/ModuleData/items/shoulder_armors.xml,SandBoxCore,2
battania_cloak_furr,Item,Cape,,Chained Fur Cloak,battania,SandBoxCore/ModuleData/items/shoulder_armors.xml,SandBoxCore,2
battania_crown,Item,HeadArmor,,Highland Ceremonial Crown,battania,SandBoxCore/ModuleData/items/head_armors.xml,SandBoxCore,2
battania_dress_a,Item,BodyArmor,,Plaid Dress,battania,SandBoxCore/ModuleData/items/body_armors.xml,SandBoxCore,2
battania_dress_b,Item,BodyArmor,,Woodland Commoner Dress,battania,SandBoxCore/ModuleData/items/body_armors.xml,SandBoxCore,2
battania_dress_c,Item,BodyArmor,,Patched Long Dress,battania,SandBoxCore/ModuleData/items/body_armors.xml,SandBoxCore,2
battania_earmuff_helmet_a,Item,HeadArmor,,Fringed Steel Cap with Cheek Guards,battania,SandBoxCore/ModuleData/items/head_armors.xml,SandBoxCore,2
battania_earmuff_helmet_a_brnz,Item,HeadArmor,,Fringed Bronze Cap with Cheek Guards,battania,SandBoxCore/ModuleData/items/head_armors.xml,SandBoxCore,2
battania_earmuff_helmet_b,Item,HeadArmor,,Steel Cap with Cheek Guards,battania,SandBoxCore/ModuleData/items/head_armors.xml,SandBoxCore,2
battania_earmuff_helmet_b_brnz,Item,HeadArmor,,Bronze Cap with Cheek Guards,battania,SandBoxCore/ModuleData/items/head_armors.xml,SandBoxCore,2
battania_earmuff_helmet_c,Item,HeadArmor,,Fringed Decorated Steel Cap with Cheek Guards,battania,SandBoxCore/ModuleData/items/head_armors.xml,SandBoxCore,2
battania_earmuff_helmet_c_brnz,Item,HeadArmor,,Fringed Decorated Bronze Cap with Cheek Guards,battania,SandBoxCore/ModuleData/items/head_armors.xml,SandBoxCore,2
battania_earmuff_helmet_c_cpr,Item,HeadArmor,,Decorated Bronze Helmet with Cheek Guards,battania,SandBoxCore/ModuleData/items/head_armors.xml,SandBoxCore,2
battania_earmuff_helmet_d,Item,HeadArmor,,Ridged Decorated Steel Cap with Cheek Guards,battania,SandBoxCore/ModuleData/items/head_armors.xml,SandBoxCore,2
battania_earmuff_helmet_d_brnz,Item,HeadArmor,,Ridged Decorated Bronze Cap with Cheek Guards,battania,SandBoxCore/ModuleData/items/head_armors.xml,SandBoxCore,2
battania_female_civil_a,Item,BodyArmor,,Tartan Dress,battania,SandBoxCore/ModuleData/items/body_armors.xml,SandBoxCore,2
battania_female_civil_b,Item,BodyArmor,,Villager Thick Dress,battania,SandBoxCore/ModuleData/items/body_armors.xml,SandBoxCore,2
battania_fur_boots,Item,LegArmor,,Fur Boots,battania,SandBoxCore/ModuleData/items/leg_armors.xml,SandBoxCore,2
battania_fur_helmet,Item,HeadArmor,,Cap with Fur Coif,battania,SandBoxCore/ModuleData/items/head_armors.xml,SandBoxCore,2
battania_horse,Item,Horse,,Battanian Hobby{@Plural}Battanian hobbies{\@},battania,SandBoxCore/ModuleData/items/horses_and_others.xml,SandBoxCore,2
battania_horse_harness,Item,HorseHarness,,Battania Horse Harness,battania,SandBoxCore/ModuleData/items/horses_and_others.xml,SandBoxCore,2
battania_horse_harness_halfscaled,Item,HorseHarness,,Half Scaled Barding,battania,SandBoxCore/ModuleData/items/horses_and_others.xml,SandBoxCore,2
battania_horse_harness_scaled,Item,HorseHarness,,Scale Barding,battania,SandBoxCore/ModuleData/items/horses_and_others.xml,SandBoxCore,2
battania_horse_tournament,Item,Horse,,Battanian Pony{@Plural}Battanian ponies{\@},battania,SandBoxCore/ModuleData/items/horses_and_others.xml,SandBoxCore,2
battania_large_shield_a,Item,Shield,,Iron Reinforced Highland Large Shield,battania,SandBoxCore/ModuleData/items/shields.xml,SandBoxCore,2
battania_large_shield_b,Item,Shield,,Bronze Reinforced Highland Large Shield,battania,SandBoxCore/ModuleData/items/shields.xml,SandBoxCore,2
battania_large_shield_c,Item,Shield,,Highland Large Shield,battania,SandBoxCore/ModuleData/items/shields.xml,SandBoxCore,2
battania_leather_boots,Item,LegArmor,,Highborn Leather Boots,battania,SandBoxCore/ModuleData/items/leg_armors.xml,SandBoxCore,2
battania_light_armor_a,Item,BodyArmor,,Highland Tartan with Chest Plate,battania,SandBoxCore/ModuleData/items/body_armors.xml,SandBoxCore,2
battania_light_armor_b,Item,BodyArmor,,Highland Tartan,battania,SandBoxCore/ModuleData/items/body_armors.xml,SandBoxCore,2
battania_light_armor_c,Item,BodyArmor,,Highland Long Tartan,battania,SandBoxCore/ModuleData/items/body_armors.xml,SandBoxCore,2
battania_light_armor_d,Item,BodyArmor,,Highland Kilt over Tartan Trousers,battania,SandBoxCore/ModuleData/items/body_armors.xml,SandBoxCore,2
battania_light_armor_e,Item,BodyArmor,,Tartan Toga,battania,SandBoxCore/ModuleData/items/body_armors.xml,SandBoxCore,2
battania_mace_1_t2,CraftedItem,CraftedWeapon,Mace,Knobbed Club,battania,SandBoxCore/ModuleData/items/weapons.xml,SandBoxCore,2
battania_mace_1_t3,CraftedItem,CraftedWeapon,Mace,Highland Mace,battania,SandBoxCore/ModuleData/items/weapons.xml,SandBoxCore,2
battania_mace_2_t2,CraftedItem,CraftedWeapon,Mace,Highland Spiked Club,battania,SandBoxCore/ModuleData/items/weapons.xml,SandBoxCore,2
battania_mercenary_armor,Item,BodyArmor,,Luxury Brigandine,battania,SandBoxCore/ModuleData/items/body_armors.xml,SandBoxCore,2
battania_noble_armor,Item,BodyArmor,,Highborn Mail Armor,battania,SandBoxCore/ModuleData/items/body_armors.xml,SandBoxCore,2
battania_noble_bracers,Item,HandArmor,,Fian Bracers,battania,SandBoxCore/ModuleData/items/arm_armors.xml,SandBoxCore,2
battania_noble_sword_1_t5,CraftedItem,CraftedWeapon,OneHandedSword,Engraved Backsword,battania,SandBoxCore/ModuleData/items/weapons.xml,SandBoxCore,2
battania_noble_sword_2_t5,CraftedItem,CraftedWeapon,OneHandedSword,Highland Fine Steel Blade,battania,SandBoxCore/ModuleData/items/weapons.xml,SandBoxCore,2
battania_noble_sword_3_t5,CraftedItem,CraftedWeapon,OneHandedSword,Decorated Broadsword,battania,SandBoxCore/ModuleData/items/weapons.xml,SandBoxCore,2
battania_polearm_1_t5,CraftedItem,CraftedWeapon,TwoHandedPolearm,Rhomphaia,battania,SandBoxCore/ModuleData/items/weapons.xml,SandBoxCore,2
battania_scarf_a,Item,Cape,,Heavy Tartan Scarf,battania,SandBoxCore/ModuleData/items/shoulder_armors.xml,SandBoxCore,2
battania_shield_targe_a,Item,Shield,,Reinforced Targe,battania,SandBoxCore/ModuleData/items/shields.xml,SandBoxCore,2
battania_shoulder_furr,Item,Cape,,Reinforced Harness with Cape,battania,SandBoxCore/ModuleData/items/shoulder_armors.xml,SandBoxCore,2
battania_shoulder_strap,Item,Cape,,Shoulder Harness,battania,SandBoxCore/ModuleData/items/shoulder_armors.xml,SandBoxCore,2
battania_shoulder_strap_cloak,Item,Cape,,Tartan Shoulder Harness,battania,SandBoxCore/ModuleData/items/shoulder_armors.xml,SandBoxCore,2
battania_sword_1_t2,CraftedItem,CraftedWeapon,OneHandedSword,Ridged Iron Broadsword,battania,SandBoxCore/ModuleData/items/weapons.xml,SandBoxCore,2
battania_sword_1_t2_blunt,CraftedItem,CraftedWeapon,OneHandedSword,Sparring Broadsword,battania,SandBoxCore/ModuleData/items/tournament_weapons.xml,SandBoxCore,2
battania_sword_2_t3,CraftedItem,CraftedWeapon,OneHandedSword,Broad Ridged Shortsword,battania,SandBoxCore/ModuleData/items/weapons.xml,SandBoxCore,2
battania_sword_3_t3,CraftedItem,CraftedWeapon,OneHandedSword,Broadsword,battania,SandBoxCore/ModuleData/items/weapons.xml,SandBoxCore,2
battania_sword_4_t4,CraftedItem,CraftedWeapon,OneHandedSword,Fine Steel Cavalry Broadsword,battania,SandBoxCore/ModuleData/items/weapons.xml,SandBoxCore,2
battania_sword_5_t5,CraftedItem,CraftedWeapon,OneHandedSword,Highland Broad Blade,battania,SandBoxCore/ModuleData/items/weapons.xml,SandBoxCore,2
battania_targe_b,Item,Shield,,Targe,battania,SandBoxCore/ModuleData/items/shields.xml,SandBoxCore,2
battania_targe_b_sparring,Item,Shield,,Sparring Targe,battania,SandBoxCore/ModuleData/items/tournament_weapons.xml,SandBoxCore,2
battania_warlord_armor,Item,BodyArmor,,Scale Warlord Armor,battania,SandBoxCore/ModuleData/items/body_armors.xml,SandBoxCore,2
battania_warlord_boots,Item,LegArmor,,Scaled Boots,battania,SandBoxCore/ModuleData/items/leg_armors.xml,SandBoxCore,2
battania_warlord_bracers,Item,HandArmor,,Scale Warlord Bracers,battania,SandBoxCore/ModuleData/items/arm_armors.xml,SandBoxCore,2
battania_warlord_pauldrons,Item,Cape,,Heavy Warlord Pauldrons,battania,SandBoxCore/ModuleData/items/shoulder_armors.xml,SandBoxCore,2
battania_woodland_boots,Item,LegArmor,,Woodland Boots,battania,SandBoxCore/ModuleData/items/leg_armors.xml,SandBoxCore,2
battania_woodland_chainmail,Item,BodyArmor,,Heavy Mail Shirt with Wide Belt,battania,SandBoxCore/ModuleData/items/body_armors.xml,SandBoxCore,2
battania_woodland_cloak,Item,Cape,,Woodland Cape,battania,SandBoxCore/ModuleData/items/shoulder_armors.xml,SandBoxCore,2
battania_woodland_outfit,Item,BodyArmor,,Woodland Garments,battania,SandBoxCore/ModuleData/items/body_armors.xml,SandBoxCore,2
battanian_chainmail_armor_a,Item,BodyArmor,,Heavy Mail Vest,battania,SandBoxCore/ModuleData/items/body_armors.xml,SandBoxCore,2
battanian_chainmail_armor_b,Item,BodyArmor,,Highland Mail Shirt,battania,SandBoxCore/ModuleData/items/body_armors.xml,SandBoxCore,2
battanian_chainmail_armor_c,Item,BodyArmor,,Highland Reinforced Mail over Tartan,battania,SandBoxCore/ModuleData/items/body_armors.xml,SandBoxCore,2
battanian_chainmail_armor_d,Item,BodyArmor,,Highland Reinforced Mail,battania,SandBoxCore/ModuleData/items/body_armors.xml,SandBoxCore,2
battanian_chainmail_shoulder_a,Item,Cape,,Mail Shoulder Pieces,battania,SandBoxCore/ModuleData/items/shoulder_armors.xml,SandBoxCore,2
battanian_chainmail_shoulder_b,Item,Cape,,Mail Shoulder Reinforcements,battania,SandBoxCore/ModuleData/items/shoulder_armors.xml,SandBoxCore,2
battanian_crowned_helmet,Item,HeadArmor,,Highland Crowned Helmet,battania,SandBoxCore/ModuleData/items/head_armors.xml,SandBoxCore,2
battanian_leather_shoulder_a,Item,Cape,,Cured Leather Shoulder Pieces,battania,SandBoxCore/ModuleData/items/shoulder_armors.xml,SandBoxCore,2
battanian_noble_helmet_with_feather,Item,HeadArmor,,Warlord Helmet ,battania,SandBoxCore/ModuleData/items/head_armors.xml,SandBoxCore,2
battanian_plated_noble_helmet,Item,HeadArmor,,Warlord Helmet with Feathers,battania,SandBoxCore/ModuleData/items/head_armors.xml,SandBoxCore,2
battanian_savage_armor,Item,BodyArmor,,Wildling Armor,battania,SandBoxCore/ModuleData/items/body_armors.xml,SandBoxCore,2
battanian_scale_armor_a,Item,BodyArmor,,Highland Scale Armor over Mail Armor,battania,SandBoxCore/ModuleData/items/body_armors.xml,SandBoxCore,2
battanian_scale_armor_b,Item,BodyArmor,,Highland Scale Armor over Cloth,battania,SandBoxCore/ModuleData/items/body_armors.xml,SandBoxCore,2
battered_horsemans_kite_shield,Item,Shield,,Simple Horseman Kite Shield,,SandBoxCore/ModuleData/items/shields.xml,SandBoxCore,2
battered_kite_shield,Item,Shield,,Simple Kite Shield,,SandBoxCore/ModuleData/items/shields.xml,SandBoxCore,2
battle_axe_t4,CraftedItem,CraftedWeapon,OneHandedAxe,Battle Axe,,SandBoxCore/ModuleData/items/weapons.xml,SandBoxCore,2
bearded_axe_t3,CraftedItem,CraftedWeapon,TwoHandedAxe,Bearded Axe,sturgia,SandBoxCore/ModuleData/items/weapons.xml,SandBoxCore,2
bearhead,Item,HeadArmor,,Bear Head,battania,SandBoxCore/ModuleData/items/head_armors.xml,SandBoxCore,2
bearskin,Item,Cape,,Bear Pelt,battania,SandBoxCore/ModuleData/items/shoulder_armors.xml,SandBoxCore,2
beer,Item,Goods,,Beer{@Plural}casks of beer{\@},,SandBoxCore/ModuleData/items/horses_and_others.xml,SandBoxCore,2
belted_leather_boots,Item,LegArmor,,Belted Leather Boots,battania,SandBoxCore/ModuleData/items/leg_armors.xml,SandBoxCore,2
belted_leather_cuirass,Item,BodyArmor,,Belted Leather Cuirass,khuzait,SandBoxCore/ModuleData/items/body_armors.xml,SandBoxCore,2
berserker_cloak,Item,Cape,,Berserker Cloak,nord,NavalDLC/ModuleData/items.xml,NavalDLC,4
berserker_helmet,Item,HeadArmor,,Berserker Helmet,nord,NavalDLC/ModuleData/items.xml,NavalDLC,4
berserker_helmet_reinforced,Item,HeadArmor,,Berserker Reinforced Helmet,nord,NavalDLC/ModuleData/items.xml,NavalDLC,4
berserkr_axe,CraftedItem,CraftedWeapon,TwoHandedAxe,Berserkr Axe,nord,NavalDLC/ModuleData/naval_weapons.xml,NavalDLC,4
billhook_polearm_t2,CraftedItem,CraftedWeapon,TwoHandedPolearm,Billhook,vlandia,SandBoxCore/ModuleData/items/weapons.xml,SandBoxCore,2
billhook_polearm_t2_blunt,CraftedItem,CraftedWeapon,TwoHandedPolearm,Sparring Billhook,vlandia,SandBoxCore/ModuleData/items/tournament_weapons.xml,SandBoxCore,2
black_heart_2haxe_t3,CraftedItem,CraftedWeapon,TwoHandedAxe,Black Heart,,SandBoxCore/ModuleData/items/weapons.xml,SandBoxCore,2
blunt_arrows,Item,Arrows,,Blunt Arrows,khuzait,SandBoxCore/ModuleData/items/weapons.xml,SandBoxCore,2
bo_staff,Item,Polearm,,Bo staff,,SandBoxCore/ModuleData/items/horses_and_others.xml,SandBoxCore,2
boar_bane_flag_t2,Item,Banner,,Boar Bane Flag,battania,SandBoxCore/ModuleData/items/banners.xml,SandBoxCore,2
bodkin_arrows_a,Item,Arrows,,Stacked Bodkin Arrows,,SandBoxCore/ModuleData/items/weapons.xml,SandBoxCore,2
bodkin_arrows_b,Item,Arrows,,Bodkin Arrows,,SandBoxCore/ModuleData/items/weapons.xml,SandBoxCore,2
bodkin_arrows_c,Item,Arrows,,Light Bodkin Arrows,,SandBoxCore/ModuleData/items/weapons.xml,SandBoxCore,2
bolt_a,Item,Bolts,,Light Bolts,,SandBoxCore/ModuleData/items/weapons.xml,SandBoxCore,2
bolt_b,Item,Bolts,,Bolts,vlandia,SandBoxCore/ModuleData/items/weapons.xml,SandBoxCore,2
bolt_c,Item,Bolts,,Heavy Bolts,vlandia,SandBoxCore/ModuleData/items/weapons.xml,SandBoxCore,2
bolt_d,Item,Bolts,,Heavy Quarrels,empire,SandBoxCore/ModuleData/items/weapons.xml,SandBoxCore,2
bolt_e,Item,Bolts,,Light Quarrels,empire,SandBoxCore/ModuleData/items/weapons.xml,SandBoxCore,2
bolted_leather_strips,Item,Cape,,Bolted Leather Strips,khuzait,SandBoxCore/ModuleData/items/shoulder_armors.xml,SandBoxCore,2
bone_crusher_mace_t3,CraftedItem,CraftedWeapon,Mace,Bone Crusher,,SandBoxCore/ModuleData/items/weapons.xml,SandBoxCore,2
boulder,Item,Thrown,,Boulder,,SandBoxCore/ModuleData/items/weapons.xml,SandBoxCore,2
boulder_projectile,Item,Thrown,,Boulder,,SandBoxCore/ModuleData/items/weapons.xml,SandBoxCore,2
bound_adarga,Item,Shield,,Wooden Adarga,aserai,SandBoxCore/ModuleData/items/shields.xml,SandBoxCore,2
bound_desert_round_shield,Item,Shield,,Desert Round Shield,aserai,SandBoxCore/ModuleData/items/shields.xml,SandBoxCore,2
bound_desert_round_sparring_shield,Item,Shield,,Desert Round Sparring Shield,aserai,SandBoxCore/ModuleData/items/tournament_weapons.xml,SandBoxCore,2
bound_horsemans_kite_shield,Item,Shield,,Cavalry Kite Shield,,SandBoxCore/ModuleData/items/shields.xml,SandBoxCore,2
bowmans_flag_t2,Item,Banner,,Bowman's Flag,neutral_culture,SandBoxCore/ModuleData/items/banners.xml,SandBoxCore,2
bracketed_heater_shield,Item,Shield,,Bracketed Heater Shield,vlandia,SandBoxCore/ModuleData/items/shields.xml,SandBoxCore,2
brass_aserai_helmet_b_closed,Item,HeadArmor,,Brass Southern Closed Helmet with Turban,aserai,SandBoxCore/ModuleData/items/head_armors.xml,SandBoxCore,2
brass_aserai_helmet_b_leather,Item,HeadArmor,,Brass Turbaned Helmet with Leather Flaps,aserai,SandBoxCore/ModuleData/items/head_armors.xml,SandBoxCore,2
brass_aserai_helmet_b_open,Item,HeadArmor,,Brass Southern Helmet with Turban,aserai,SandBoxCore/ModuleData/items/head_armors.xml,SandBoxCore,2
brass_aserai_helmet_closed,Item,HeadArmor,,Brass Southern Closed Helmet,aserai,SandBoxCore/ModuleData/items/head_armors.xml,SandBoxCore,2
brass_aserai_helmet_leather,Item,HeadArmor,,Brass Southern Helmet with Leather Flaps,aserai,SandBoxCore/ModuleData/items/head_armors.xml,SandBoxCore,2
brass_aserai_helmet_open,Item,HeadArmor,,Brass Southern Helmet,aserai,SandBoxCore/ModuleData/items/head_armors.xml,SandBoxCore,2
brass_lamellar_over_mail,Item,BodyArmor,,Bronze Lamellar over Mail,khuzait,SandBoxCore/ModuleData/items/body_armors.xml,SandBoxCore,2
brass_lamellar_shoulder,Item,Cape,,Bronze Lamellar Shoulder Pieces,khuzait,SandBoxCore/ModuleData/items/shoulder_armors.xml,SandBoxCore,2
brass_lamellar_shoulder_white,Item,Cape,,Lamellar Pauldrons,sturgia,SandBoxCore/ModuleData/items/shoulder_armors.xml,SandBoxCore,2
brass_scale_shoulders,Item,Cape,,Decorated Scale Shoulder Guards,sturgia,SandBoxCore/ModuleData/items/shoulder_armors.xml,SandBoxCore,2
broad_arming_sword_t4,CraftedItem,CraftedWeapon,OneHandedSword,Broad Arming Sword,,SandBoxCore/ModuleData/items/weapons.xml,SandBoxCore,2
broad_falchion_sword_t3,CraftedItem,CraftedWeapon,OneHandedSword,Broad Falchion,,SandBoxCore/ModuleData/items/weapons.xml,SandBoxCore,2
broad_ild_sword_t3,CraftedItem,CraftedWeapon,OneHandedSword,Broad Ild,khuzait,SandBoxCore/ModuleData/items/weapons.xml,SandBoxCore,2
buckled_wildsman_armor,Item,BodyArmor,,Buckled Mail Armor,looters,SandBoxCore/ModuleData/items/body_armors.xml,SandBoxCore,2
burlap_sack_dress,Item,BodyArmor,,Burlap Tunic,looters,SandBoxCore/ModuleData/items/body_armors.xml,SandBoxCore,2
burlap_waistcoat,Item,BodyArmor,,Burlap Waistcoat,battania,SandBoxCore/ModuleData/items/body_armors.xml,SandBoxCore,2
burning_arrows,Item,Arrows,,Burning Arrows,,NavalDLC/ModuleData/items.xml,NavalDLC,4
burning_bolts,Item,Bolts,,Burning Bolts,,NavalDLC/ModuleData/items.xml,NavalDLC,4
butter,Item,Goods,,Butter{@Plural}casks of butter{\@},,SandBoxCore/ModuleData/items/horses_and_others.xml,SandBoxCore,2
buttoned_leather_bracers,Item,HandArmor,,Buttoned Leather Bracers,battania,SandBoxCore/ModuleData/items/arm_armors.xml,SandBoxCore,2
camel,Item,Horse,,Camel{@Plural}camels{\@},aserai,SandBoxCore/ModuleData/items/horses_and_others.xml,SandBoxCore,2
camel_saddle,Item,HorseHarness,,Camel Saddle,aserai,SandBoxCore/ModuleData/items/horses_and_others.xml,SandBoxCore,2
camel_saddle_a,Item,HorseHarness,,Camel Saddle with Heavy Load,aserai,SandBoxCore/ModuleData/items/horses_and_others.xml,SandBoxCore,2
camel_saddle_b,Item,HorseHarness,,Camel Saddle with Light Load,aserai,SandBoxCore/ModuleData/items/horses_and_others.xml,SandBoxCore,2
camel_tournament,Item,Horse,,Camel{@Plural}camels{\@},aserai,SandBoxCore/ModuleData/items/horses_and_others.xml,SandBoxCore,2
campaign_banner_small,Item,Banner,,Campaign Banner Small,neutral_culture,SandBoxCore/ModuleData/items/horses_and_others.xml,SandBoxCore,2
cape_norse_lady,Item,Cape,,Northern Fur Cape,nord,NavalDLC/ModuleData/items.xml,NavalDLC,4
captain_sword,CraftedItem,CraftedWeapon,OneHandedSword,Nord Great Sword,nord,NavalDLC/ModuleData/naval_weapons.xml,NavalDLC,4
cat,Item,Animal,,Cat,,SandBoxCore/ModuleData/items/horses_and_others.xml,SandBoxCore,2
celtic_dagger,CraftedItem,CraftedWeapon,Dagger,Highland Dagger,battania,SandBoxCore/ModuleData/items/weapons.xml,SandBoxCore,2
celtic_frost,Item,HorseHarness,,Fur Saddle,,SandBoxCore/ModuleData/items/horses_and_others.xml,SandBoxCore,2
celtic_helmet,Item,HeadArmor,,Old Guard Helmet,battania,NavalDLC/ModuleData/items.xml,NavalDLC,4
celtic_throwing_dagger,CraftedItem,CraftedWeapon,ThrowingKnife,Highland Throwing Dagger,battania,SandBoxCore/ModuleData/items/weapons.xml,SandBoxCore,2
cervelliere_over_arming_coif,Item,HeadArmor,,Cervelliere over Arming Coif,vlandia,SandBoxCore/ModuleData/items/head_armors.xml,SandBoxCore,2
cervelliere_over_cloth_headwrap,Item,HeadArmor,,Cervelliere over Cloth Headwrap,vlandia,SandBoxCore/ModuleData/items/head_armors.xml,SandBoxCore,2
cervelliere_over_laced_coif,Item,HeadArmor,,Cervelliere over Laced Coif,vlandia,SandBoxCore/ModuleData/items/head_armors.xml,SandBoxCore,2
cervelliere_over_padded_cap,Item,HeadArmor,,Cervelliere over Padded Cap,vlandia,SandBoxCore/ModuleData/items/head_armors.xml,SandBoxCore,2
chain_barding,Item,HorseHarness,,Reinforced Chainmail Barding,vlandia,SandBoxCore/ModuleData/items/horses_and_others.xml,SandBoxCore,2
chain_horse_harness,Item,HorseHarness,,Chain Mail Horse Armor,,SandBoxCore/ModuleData/items/horses_and_others.xml,SandBoxCore,2
chainmail_shoulder_armor,Item,Cape,,Reinforced Mail Shoulders,vlandia,SandBoxCore/ModuleData/items/shoulder_armors.xml,SandBoxCore,2
chainmail_shoulder_armor_b,Item,Cape,,Chainmail Shoulder Guards,nord,NavalDLC/ModuleData/items.xml,NavalDLC,4
charger,Item,Horse,,Charger{@Plural}chargers{\@},,SandBoxCore/ModuleData/items/horses_and_others.xml,SandBoxCore,2
cheese,Item,Goods,,Cheese{@Plural}barrels of cheese{\@},,SandBoxCore/ModuleData/items/horses_and_others.xml,SandBoxCore,2
chicken,Item,Animal,,Chicken,,SandBoxCore/ModuleData/items/horses_and_others.xml,SandBoxCore,2
chivalric_kite_shield,Item,Shield,,Knights Kite Shield,vlandia,SandBoxCore/ModuleData/items/shields.xml,SandBoxCore,2
clay,Item,Goods,,Clay{@Plural}loads of clay{\@},,SandBoxCore/ModuleData/items/horses_and_others.xml,SandBoxCore,2
cleaver_2hsword_t3,CraftedItem,CraftedWeapon,TwoHandedSword,Two Handed Cleaver,vlandia,SandBoxCore/ModuleData/items/weapons.xml,SandBoxCore,2
cleaver_sword_t3,CraftedItem,CraftedWeapon,OneHandedSword,Cleaver,,SandBoxCore/ModuleData/items/weapons.xml,SandBoxCore,2
close_shields_banner_t1,Item,Banner,,Close Shields Banner,sturgia,SandBoxCore/ModuleData/items/banners.xml,SandBoxCore,2
closed_desert_helmet,Item,HeadArmor,,Spiked Helmet with Closed Turban ,aserai,SandBoxCore/ModuleData/items/head_armors.xml,SandBoxCore,2
closed_desert_helmet_with_mail,Item,HeadArmor,,Closed Steel Cap,aserai,SandBoxCore/ModuleData/items/head_armors.xml,SandBoxCore,2
closed_goggled_helmet,Item,,,Northern Closed Warlord Helmet,nord,NavalDLC/ModuleData/items.xml,NavalDLC,4
closed_head_scarf,Item,HeadArmor,,Closed Head Scarf,aserai,SandBoxCore/ModuleData/items/head_armors.xml,SandBoxCore,2
cloth_apron,Item,BodyArmor,,Cloth Apron,neutral_culture,SandBoxCore/ModuleData/items/body_armors.xml,SandBoxCore,2
cloth_headwrap,Item,HeadArmor,,Cloth Headwrap,vlandia,SandBoxCore/ModuleData/items/head_armors.xml,SandBoxCore,2
cloth_tunic,Item,BodyArmor,,Simple Cloth Tunic,vlandia,SandBoxCore/ModuleData/items/body_armors.xml,SandBoxCore,2
coat_of_plates_over_mail,Item,BodyArmor,,Brigandine over Mail,vlandia,SandBoxCore/ModuleData/items/body_armors.xml,SandBoxCore,2
composite_bow,Item,Bow,,Recurve Bow,,SandBoxCore/ModuleData/items/weapons.xml,SandBoxCore,2
composite_steppe_bow,Item,Bow,,Steppe Recurve Bow,khuzait,SandBoxCore/ModuleData/items/weapons.xml,SandBoxCore,2
cotton,Item,Goods,,Raw Silk{@Plural}bolts of silk{\@},,SandBoxCore/ModuleData/items/horses_and_others.xml,SandBoxCore,2
cow,Item,Animal,,Cow{@Plural}head of cattle{\@},,SandBoxCore/ModuleData/items/horses_and_others.xml,SandBoxCore,2
crossbow_a,Item,Crossbow,,Simple Light Crossbow,empire,SandBoxCore/ModuleData/items/weapons.xml,SandBoxCore,2
crossbow_a_blunt,Item,Crossbow,,Sparring Crossbow,vlandia,SandBoxCore/ModuleData/items/tournament_weapons.xml,SandBoxCore,2
crossbow_b,Item,Crossbow,,Heavy Crossbow,empire,SandBoxCore/ModuleData/items/weapons.xml,SandBoxCore,2
crossbow_c,Item,Crossbow,,Arbalest,vlandia,SandBoxCore/ModuleData/items/weapons.xml,SandBoxCore,2
crossbow_d,Item,Crossbow,,Hickory Crossbow,empire,SandBoxCore/ModuleData/items/weapons.xml,SandBoxCore,2
crossbow_e,Item,Crossbow,,Light Crossbow,vlandia,SandBoxCore/ModuleData/items/weapons.xml,SandBoxCore,2
crossbow_f,Item,Crossbow,,Bound Crossbow,vlandia,SandBoxCore/ModuleData/items/weapons.xml,SandBoxCore,2
crossbow_g,Item,Crossbow,,Fine Light Crossbow,vlandia,SandBoxCore/ModuleData/items/weapons.xml,SandBoxCore,2
crossbow_h,Item,Crossbow,,Light Peasant Crossbow,vlandia,SandBoxCore/ModuleData/items/weapons.xml,SandBoxCore,2
crossbow_i,Item,Crossbow,,Heavy Peasant Crossbow,empire,SandBoxCore/ModuleData/items/weapons.xml,SandBoxCore,2
crude_leather_armor,Item,BodyArmor,,Crude Hide Armor,khuzait,SandBoxCore/ModuleData/items/body_armors.xml,SandBoxCore,2
curved_round_shield,Item,Shield,,Curved Round Shield,aserai,SandBoxCore/ModuleData/items/shields.xml,SandBoxCore,2
cut_dress,Item,BodyArmor,,Frilled Dress,sturgia,SandBoxCore/ModuleData/items/body_armors.xml,SandBoxCore,2
cut_dress_with_pouch,Item,BodyArmor,,Cut Dress with Pouch,sturgia,SandBoxCore/ModuleData/items/body_armors.xml,SandBoxCore,2
dagger_golden_claw,CraftedItem,CraftedWeapon,Dagger,Golden Claw,empire,NavalDLC/ModuleData/naval_weapons.xml,NavalDLC,4
dagger_jambiya,CraftedItem,CraftedWeapon,Dagger,Jambiya,sturgia,NavalDLC/ModuleData/naval_weapons.xml,NavalDLC,4
date_fruit,Item,Goods,,Date Fruit{@Plural}sacks of date fruit{\@},,SandBoxCore/ModuleData/items/horses_and_others.xml,SandBoxCore,2
dawnbreaker_sword_t3,CraftedItem,CraftedWeapon,OneHandedSword,Dawnbreaker,,SandBoxCore/ModuleData/items/weapons.xml,SandBoxCore,2
decorated_goggled_helmet,Item,HeadArmor,,Reinforced Closed Goggled Helmet,sturgia,SandBoxCore/ModuleData/items/head_armors.xml,SandBoxCore,2
decorated_imperial_boots,Item,LegArmor,,Decorated Plate Boots,empire,SandBoxCore/ModuleData/items/leg_armors.xml,SandBoxCore,2
decorated_imperial_gauntlets,Item,HandArmor,,Decorated Imperial Gauntlets,empire,SandBoxCore/ModuleData/items/arm_armors.xml,SandBoxCore,2
decorated_nomad_cap,Item,HeadArmor,,Decorated Nomad Cap,khuzait,SandBoxCore/ModuleData/items/head_armors.xml,SandBoxCore,2
decorated_nordic_hauberk,Item,BodyArmor,,Northern Ring Mail Shirt,sturgia,SandBoxCore/ModuleData/items/body_armors.xml,SandBoxCore,2
decorated_short_tunic,Item,BodyArmor,,Decorated Thick Tunic,sturgia,SandBoxCore/ModuleData/items/body_armors.xml,SandBoxCore,2
decorated_steppe_shield,Item,Shield,,Round Steppe Shield,khuzait,SandBoxCore/ModuleData/items/shields.xml,SandBoxCore,2
deer_bane_flag_t1,Item,Banner,,Deer Bane Flag,battania,SandBoxCore/ModuleData/items/banners.xml,SandBoxCore,2
default_arrows,Item,Arrows,,Arrows,,SandBoxCore/ModuleData/items/weapons.xml,SandBoxCore,2
desert_cap,Item,HeadArmor,,Wrapped Cap,aserai,SandBoxCore/ModuleData/items/head_armors.xml,SandBoxCore,2
desert_cloth_harness,Item,HorseHarness,,Bedouin Cloth Saddle,aserai,SandBoxCore/ModuleData/items/horses_and_others.xml,SandBoxCore,2
desert_fabric_shoulderpad,Item,Cape,,Woven Shoulder Pad,neutral_culture,SandBoxCore/ModuleData/items/shoulder_armors.xml,SandBoxCore,2
desert_headdress,Item,HeadArmor,,Desert Headdress,aserai,SandBoxCore/ModuleData/items/head_armors.xml,SandBoxCore,2
desert_helmet,Item,HeadArmor,,Steel Cap,aserai,SandBoxCore/ModuleData/items/head_armors.xml,SandBoxCore,2
desert_helmet_with_mail,Item,HeadArmor,,Mamluke Helmet with Mail,aserai,SandBoxCore/ModuleData/items/head_armors.xml,SandBoxCore,2
desert_lamellar,Item,BodyArmor,,Light Lamellar Armor,aserai,SandBoxCore/ModuleData/items/body_armors.xml,SandBoxCore,2
desert_leather_shoulderpad,Item,Cape,,Leather Shoulder Guard,neutral_culture,SandBoxCore/ModuleData/items/shoulder_armors.xml,SandBoxCore,2
desert_long_sword_t4,CraftedItem,CraftedWeapon,OneHandedSword,Desert Long Sword,aserai,SandBoxCore/ModuleData/items/weapons.xml,SandBoxCore,2
desert_mail_coif,Item,HeadArmor,,Wrapped Helmet with Mail Coif,aserai,SandBoxCore/ModuleData/items/head_armors.xml,SandBoxCore,2
desert_oval_shield,Item,Shield,,Desert Oval Shield,aserai,SandBoxCore/ModuleData/items/shields.xml,SandBoxCore,2
desert_padded_cloth,Item,BodyArmor,,Light Long Padded Armor,aserai,SandBoxCore/ModuleData/items/body_armors.xml,SandBoxCore,2
desert_robe,Item,BodyArmor,,Simple Kaftan,aserai,SandBoxCore/ModuleData/items/body_armors.xml,SandBoxCore,2
desert_robe_over_mail,Item,BodyArmor,,Robe over Mail Hauberk,aserai,SandBoxCore/ModuleData/items/body_armors.xml,SandBoxCore,2
desert_round_shield,Item,Shield,,Reinforced Desert Round Shield,aserai,SandBoxCore/ModuleData/items/shields.xml,SandBoxCore,2
desert_scale_armor,Item,BodyArmor,,Luxury Scale Armor,aserai,SandBoxCore/ModuleData/items/body_armors.xml,SandBoxCore,2
desert_scale_shoulders,Item,Cape,,Reinforced Scale Pauldrons,aserai,SandBoxCore/ModuleData/items/shoulder_armors.xml,SandBoxCore,2
desert_throwing_knife,CraftedItem,CraftedWeapon,ThrowingKnife,Tribesman Throwing Daggers,aserai,SandBoxCore/ModuleData/items/weapons.xml,SandBoxCore,2
desert_throwing_knife_blunt,CraftedItem,CraftedWeapon,ThrowingKnife,Sparring Throwing Dagger,aserai,SandBoxCore/ModuleData/items/tournament_weapons.xml,SandBoxCore,2
desert_war_horse,Item,Horse,,Desert War Horse{@Plural}desert war horses{\@},aserai,SandBoxCore/ModuleData/items/horses_and_others.xml,SandBoxCore,2
dog,Item,Animal,,Dog,,SandBoxCore/ModuleData/items/horses_and_others.xml,SandBoxCore,2
double_belted_leather_armor,Item,BodyArmor,,Long Leather Vest,nord,NavalDLC/ModuleData/items.xml,NavalDLC,4
dragon_banner,Item,Banner,,Dragon Banner,empire,StoryMode/ModuleData/story_mode_items.xml,StoryMode,3
dragon_banner_center,Item,Banner,,Dragon Banner First Piece,empire,StoryMode/ModuleData/story_mode_items.xml,StoryMode,3
dragon_banner_dragonhead,Item,Banner,,Dragon Banner Second Piece,empire,StoryMode/ModuleData/story_mode_items.xml,StoryMode,3
dragon_banner_handle,Item,Banner,,Dragon Banner Third Piece,empire,StoryMode/ModuleData/story_mode_items.xml,StoryMode,3
dress_norse_lady,Item,BodyArmor,,Northern Knotwork Tunic,nord,NavalDLC/ModuleData/items.xml,NavalDLC,4
dress_with_overall,Item,BodyArmor,,Dress,sturgia,SandBoxCore/ModuleData/items/body_armors.xml,SandBoxCore,2
dummy_armor_higher_average,Item,BodyArmor,,Dummy Higher Average,looters,SandBoxCore/ModuleData/items/body_armors.xml,SandBoxCore,2
dummy_armor_lower_average,Item,BodyArmor,,Dummy Lower Average,looters,SandBoxCore/ModuleData/items/body_armors.xml,SandBoxCore,2
dummy_armor_max,Item,BodyArmor,,Dummy Max Armor,looters,SandBoxCore/ModuleData/items/body_armors.xml,SandBoxCore,2
dummy_armor_min,Item,BodyArmor,,Dummy Min Armor,looters,SandBoxCore/ModuleData/items/body_armors.xml,SandBoxCore,2
early_retirement_2hsword_t3,CraftedItem,CraftedWeapon,TwoHandedSword,Early Retirement,,SandBoxCore/ModuleData/items/weapons.xml,SandBoxCore,2
easter_polesword_t4,CraftedItem,CraftedWeapon,TwoHandedPolearm,Polesword,aserai,SandBoxCore/ModuleData/items/weapons.xml,SandBoxCore,2
eastern_cap,Item,HeadArmor,,Cap with Neck Flap,khuzait,SandBoxCore/ModuleData/items/head_armors.xml,SandBoxCore,2
eastern_javelin_1_t2,CraftedItem,CraftedWeapon,Javelin,Jagged Javelin,khuzait,SandBoxCore/ModuleData/items/weapons.xml,SandBoxCore,2
eastern_javelin_1_t2_blunt,CraftedItem,CraftedWeapon,Javelin,Sparring Javelin,khuzait,SandBoxCore/ModuleData/items/tournament_weapons.xml,SandBoxCore,2
eastern_javelin_2_t3,CraftedItem,CraftedWeapon,Javelin,Horseman Javelin,khuzait,SandBoxCore/ModuleData/items/weapons.xml,SandBoxCore,2
eastern_javelin_3_t4,CraftedItem,CraftedWeapon,Javelin,Jereed,aserai,SandBoxCore/ModuleData/items/weapons.xml,SandBoxCore,2
eastern_lamellar_armor,Item,BodyArmor,,Lancer Lamellar Armor,khuzait,SandBoxCore/ModuleData/items/body_armors.xml,SandBoxCore,2
eastern_leather_boots,Item,LegArmor,,Leather Riding Boots,khuzait,SandBoxCore/ModuleData/items/leg_armors.xml,SandBoxCore,2
eastern_plated_leather,Item,BodyArmor,,Mirrored Brigandine Armor,khuzait,SandBoxCore/ModuleData/items/body_armors.xml,SandBoxCore,2
eastern_plated_leather_vambraces,Item,HandArmor,,Plated Leather Vambraces,khuzait,SandBoxCore/ModuleData/items/arm_armors.xml,SandBoxCore,2
eastern_plated_leather_vest,Item,BodyArmor,,Brigandine Vest,khuzait,SandBoxCore/ModuleData/items/body_armors.xml,SandBoxCore,2
eastern_silk_clothing,Item,BodyArmor,,Silk Kaftan,aserai,SandBoxCore/ModuleData/items/body_armors.xml,SandBoxCore,2
eastern_spear_1_t2,CraftedItem,CraftedWeapon,TwoHandedPolearm,Jagged Spear,aserai,SandBoxCore/ModuleData/items/weapons.xml,SandBoxCore,2
eastern_spear_1_t2_blunt,CraftedItem,CraftedWeapon,TwoHandedPolearm,Sparring Jagged Spear,aserai,SandBoxCore/ModuleData/items/tournament_weapons.xml,SandBoxCore,2
eastern_spear_2_t3,CraftedItem,CraftedWeapon,TwoHandedPolearm,Narrow Long Headed Spear,khuzait,SandBoxCore/ModuleData/items/weapons.xml,SandBoxCore,2
eastern_spear_3_t3,CraftedItem,CraftedWeapon,TwoHandedPolearm,Weighted Steppe Spear,khuzait,SandBoxCore/ModuleData/items/weapons.xml,SandBoxCore,2
eastern_spear_4_t4,CraftedItem,CraftedWeapon,TwoHandedPolearm,Fine Steel Leaf Spear,aserai,SandBoxCore/ModuleData/items/weapons.xml,SandBoxCore,2
eastern_spear_5_t5,CraftedItem,CraftedWeapon,TwoHandedPolearm,Thin Fine Steel Hewing Spear,khuzait,SandBoxCore/ModuleData/items/weapons.xml,SandBoxCore,2
eastern_steel_mace_t4,CraftedItem,CraftedWeapon,Mace,Steel Mace,khuzait,SandBoxCore/ModuleData/items/weapons.xml,SandBoxCore,2
eastern_stitched_leather_coat,Item,BodyArmor,,Stitched Cured Leather Coat,khuzait,SandBoxCore/ModuleData/items/body_armors.xml,SandBoxCore,2
eastern_studded_leather,Item,BodyArmor,,Cured Studded Leather Armor,empire,SandBoxCore/ModuleData/items/body_armors.xml,SandBoxCore,2
eastern_studded_shoulders,Item,Cape,,Reinforced Studded Shoulder Guards,khuzait,SandBoxCore/ModuleData/items/shoulder_armors.xml,SandBoxCore,2
eastern_throwing_spear_1_t3,CraftedItem,CraftedWeapon,TwoHandedPolearm,Jagged Throwing Spear,khuzait,SandBoxCore/ModuleData/items/weapons.xml,SandBoxCore,2
eastern_throwing_spear_2_t4,CraftedItem,CraftedWeapon,TwoHandedPolearm,Triangular Throwing Spear,khuzait,SandBoxCore/ModuleData/items/weapons.xml,SandBoxCore,2
eastern_vendel_helmet,Item,HeadArmor,,Heavy Lancer Helmet,khuzait,SandBoxCore/ModuleData/items/head_armors.xml,SandBoxCore,2
eastern_wicker_shield,Item,Shield,,Wicker Square Shield,khuzait,SandBoxCore/ModuleData/items/shields.xml,SandBoxCore,2
eastern_wicker_sparring_shield,Item,Shield,,Wicker Square Tournament Shield,khuzait,SandBoxCore/ModuleData/items/tournament_weapons.xml,SandBoxCore,2
eastern_wrapped_armguards,Item,HandArmor,,Wrapped Armguards,khuzait,SandBoxCore/ModuleData/items/arm_armors.xml,SandBoxCore,2
emirs_helmet,Item,HeadArmor,,Emir Helmet,aserai,SandBoxCore/ModuleData/items/head_armors.xml,SandBoxCore,2
emirs_oval_shield,Item,Shield,,Decorated Oval Shield,aserai,SandBoxCore/ModuleData/items/shields.xml,SandBoxCore,2
empire_battle_crown_north,Item,HeadArmor,,Jeweled Plumed Battle Crown,empire,SandBoxCore/ModuleData/items/head_armors.xml,SandBoxCore,2
empire_battle_crown_west,Item,HeadArmor,,Imperial Plumed Helmet,empire,SandBoxCore/ModuleData/items/head_armors.xml,SandBoxCore,2
empire_cape_a,Item,Cape,,Heavy Cloak,neutral_culture,SandBoxCore/ModuleData/items/shoulder_armors.xml,SandBoxCore,2
empire_crown,Item,HeadArmor,,Jeweled Crown,empire,SandBoxCore/ModuleData/items/head_armors.xml,SandBoxCore,2
empire_crown_north,Item,HeadArmor,,Golden Laurel Crown,empire,SandBoxCore/ModuleData/items/head_armors.xml,SandBoxCore,2
empire_crown_v2,Item,HeadArmor,,Imperial Jeweled Band,empire,SandBoxCore/ModuleData/items/head_armors.xml,SandBoxCore,2
empire_crown_west,Item,HeadArmor,,Imperial Jeweled Band,empire,SandBoxCore/ModuleData/items/head_armors.xml,SandBoxCore,2
empire_dress,Item,BodyArmor,,Ladies Dress,empire,SandBoxCore/ModuleData/items/body_armors.xml,SandBoxCore,2
empire_dress_b,Item,BodyArmor,,Red Dress,empire,SandBoxCore/ModuleData/items/body_armors.xml,SandBoxCore,2
empire_guarded_lord_helmet,Item,HeadArmor,,Royal Cataphract Helmet,empire,SandBoxCore/ModuleData/items/head_armors.xml,SandBoxCore,2
empire_helmet_with_metal_strips,Item,HeadArmor,,Lord Helmet with Metal Strips,empire,SandBoxCore/ModuleData/items/head_armors.xml,SandBoxCore,2
empire_horse,Item,Horse,,Midlands Palfrey{@Plural}Midlands palfreys{\@},empire,SandBoxCore/ModuleData/items/horses_and_others.xml,SandBoxCore,2
empire_horse_tournament,Item,Horse,,Midlands Palfrey{@Plural}Midland palfreys{\@},empire,SandBoxCore/ModuleData/items/horses_and_others.xml,SandBoxCore,2
empire_horseman_armor,Item,BodyArmor,,Cavalryman Mail Shirt,empire,SandBoxCore/ModuleData/items/body_armors.xml,SandBoxCore,2
empire_horseman_boots,Item,LegArmor,,Horseman Boots,empire,SandBoxCore/ModuleData/items/leg_armors.xml,SandBoxCore,2
empire_jewelled_helmet,Item,HeadArmor,,Imperial Jeweled Helmet,empire,SandBoxCore/ModuleData/items/head_armors.xml,SandBoxCore,2
empire_lance_1_t3,CraftedItem,CraftedWeapon,TwoHandedPolearm,Light Cavalry Lance,empire,SandBoxCore/ModuleData/items/weapons.xml,SandBoxCore,2
empire_lance_1_t3_blunt,CraftedItem,CraftedWeapon,TwoHandedPolearm,Sparring Lance,empire,SandBoxCore/ModuleData/items/tournament_weapons.xml,SandBoxCore,2
empire_lance_2_t4,CraftedItem,CraftedWeapon,TwoHandedPolearm,Courser Lance,empire,SandBoxCore/ModuleData/items/weapons.xml,SandBoxCore,2
empire_lance_3_t5,CraftedItem,CraftedWeapon,TwoHandedPolearm,Cataphract Lance,empire,SandBoxCore/ModuleData/items/weapons.xml,SandBoxCore,2
empire_legion_a,Item,BodyArmor,,Decorated Legionary Mail,empire,SandBoxCore/ModuleData/items/body_armors.xml,SandBoxCore,2
empire_legion_b,Item,BodyArmor,,Ornate Legionary Scale Mail,empire,SandBoxCore/ModuleData/items/body_armors.xml,SandBoxCore,2
empire_lord_helmet,Item,HeadArmor,,Palatine Guard Helmet,empire,SandBoxCore/ModuleData/items/head_armors.xml,SandBoxCore,2
empire_mace_1_t2,CraftedItem,CraftedWeapon,Mace,Spiked Club,empire,SandBoxCore/ModuleData/items/weapons.xml,SandBoxCore,2
empire_mace_2_t4,CraftedItem,CraftedWeapon,Mace,Imperial Light Mace,empire,SandBoxCore/ModuleData/items/weapons.xml,SandBoxCore,2
empire_mace_3_t4,CraftedItem,CraftedWeapon,Mace,Calradic Mace,empire,SandBoxCore/ModuleData/items/weapons.xml,SandBoxCore,2
empire_mace_4_t5,CraftedItem,CraftedWeapon,Mace,Light Royal Mace,empire,SandBoxCore/ModuleData/items/weapons.xml,SandBoxCore,2
empire_mace_5_t5,CraftedItem,CraftedWeapon,Mace,Cataphract Mace,empire,SandBoxCore/ModuleData/items/weapons.xml,SandBoxCore,2
empire_menavlion_1_t3_blunt,CraftedItem,CraftedWeapon,TwoHandedPolearm,Sparring Menavlion,empire,SandBoxCore/ModuleData/items/tournament_weapons.xml,SandBoxCore,2
empire_noble_sword_1_t5,CraftedItem,CraftedWeapon,OneHandedSword,Decorated Short Spatha,empire,SandBoxCore/ModuleData/items/weapons.xml,SandBoxCore,2
empire_noble_sword_2_t5,CraftedItem,CraftedWeapon,OneHandedSword,Thamaskene Steel Spatha,empire,SandBoxCore/ModuleData/items/weapons.xml,SandBoxCore,2
empire_noble_sword_3_t5,CraftedItem,CraftedWeapon,OneHandedSword,Spatha Blade with Ring Pommel,empire,SandBoxCore/ModuleData/items/weapons.xml,SandBoxCore,2
empire_plate_armor_shoulder_a,Item,Cape,,Bronze Plate Pauldrons,empire,SandBoxCore/ModuleData/items/shoulder_armors.xml,SandBoxCore,2
empire_plate_armor_shoulder_b,Item,Cape,,Iron Plate Pauldrons,empire,SandBoxCore/ModuleData/items/shoulder_armors.xml,SandBoxCore,2
empire_plate_vest_armor,Item,BodyArmor,,Ornate Scale Armor,empire,SandBoxCore/ModuleData/items/body_armors.xml,SandBoxCore,2
empire_polearm_1_t4,CraftedItem,CraftedWeapon,TwoHandedPolearm,Menavlion,empire,SandBoxCore/ModuleData/items/weapons.xml,SandBoxCore,2
empire_polearm_2_t5,CraftedItem,CraftedWeapon,TwoHandedPolearm,Fine Steel Menavlion,empire,SandBoxCore/ModuleData/items/weapons.xml,SandBoxCore,2
empire_short_dress,Item,BodyArmor,,Short Tunic,empire,SandBoxCore/ModuleData/items/body_armors.xml,SandBoxCore,2
empire_sword_1_t2,CraftedItem,CraftedWeapon,OneHandedSword,Footman's Spatha,empire,SandBoxCore/ModuleData/items/weapons.xml,SandBoxCore,2
empire_sword_1_t2_blunt,CraftedItem,CraftedWeapon,OneHandedSword,Sparing Spatha,empire,SandBoxCore/ModuleData/items/tournament_weapons.xml,SandBoxCore,2
empire_sword_2_t3,CraftedItem,CraftedWeapon,OneHandedSword,Spatha With Narrow Fuller,empire,SandBoxCore/ModuleData/items/weapons.xml,SandBoxCore,2
empire_sword_3_t3,CraftedItem,CraftedWeapon,OneHandedSword,Spatha,empire,SandBoxCore/ModuleData/items/weapons.xml,SandBoxCore,2
empire_sword_4_t4,CraftedItem,CraftedWeapon,OneHandedSword,Fine Steel Spatha,empire,SandBoxCore/ModuleData/items/weapons.xml,SandBoxCore,2
empire_sword_5_t4,CraftedItem,CraftedWeapon,OneHandedSword,Fine Steel Paramerion,empire,SandBoxCore/ModuleData/items/weapons.xml,SandBoxCore,2
empire_sword_6_t5,CraftedItem,CraftedWeapon,OneHandedSword,Thamaskene Steel Spathion,empire,SandBoxCore/ModuleData/items/weapons.xml,SandBoxCore,2
empire_sword_7_t2,CraftedItem,CraftedWeapon,OneHandedSword,Gladius,empire,SandBoxCore/ModuleData/items/weapons.xml,SandBoxCore,2
empire_throwingknife_t5,CraftedItem,CraftedWeapon,ThrowingKnife,Broad Bladed Throwing Knives,empire,SandBoxCore/ModuleData/items/weapons.xml,SandBoxCore,2
empire_warrior_padded_armor_a,Item,BodyArmor,,Infantryman Gambeson,empire,SandBoxCore/ModuleData/items/body_armors.xml,SandBoxCore,2
empire_warrior_padded_armor_b,Item,BodyArmor,,Infantryman Gambeson over Leather Jacket,empire,SandBoxCore/ModuleData/items/body_armors.xml,SandBoxCore,2
empire_warrior_padded_armor_c,Item,BodyArmor,,Infantryman Gambeson with Skirts,empire,SandBoxCore/ModuleData/items/body_armors.xml,SandBoxCore,2
empire_warrior_padded_armor_d,Item,BodyArmor,,Infantryman Gambeson with Straps,empire,SandBoxCore/ModuleData/items/body_armors.xml,SandBoxCore,2
empire_warrior_padded_armor_e,Item,BodyArmor,,Infantryman Long Gambeson,empire,SandBoxCore/ModuleData/items/body_armors.xml,SandBoxCore,2
empire_warrior_padded_armor_f,Item,BodyArmor,,Auxiliary Armor,empire,SandBoxCore/ModuleData/items/body_armors.xml,SandBoxCore,2
empire_warrior_padded_armor_g,Item,BodyArmor,,Auxiliary Armor with Straps,empire,SandBoxCore/ModuleData/items/body_armors.xml,SandBoxCore,2
empire_warrior_padded_armor_shoulder,Item,Cape,,Legionary Padded Straps,empire,SandBoxCore/ModuleData/items/shoulder_armors.xml,SandBoxCore,2
execution_axe,CraftedItem,CraftedWeapon,TwoHandedAxe,Execution Axe,,SandBoxCore/ModuleData/items/horses_and_others.xml,SandBoxCore,2
falchion_sword_t2,CraftedItem,CraftedWeapon,OneHandedSword,Falchion,,SandBoxCore/ModuleData/items/weapons.xml,SandBoxCore,2
feathered_spangenhelm_over_imperial_coif,Item,HeadArmor,,Feathered Spangenhelm over Coif,empire,SandBoxCore/ModuleData/items/head_armors.xml,SandBoxCore,2
female_head_wrap,Item,HeadArmor,,Female Headwrap,aserai,SandBoxCore/ModuleData/items/head_armors.xml,SandBoxCore,2
female_hood,Item,Cape,,Cotton Hood,neutral_culture,SandBoxCore/ModuleData/items/shoulder_armors.xml,SandBoxCore,2
female_scarf,Item,Cape,,Thick Scarf,neutral_culture,SandBoxCore/ModuleData/items/shoulder_armors.xml,SandBoxCore,2
fine_pike_t4,CraftedItem,CraftedWeapon,Pike,Fine Pike,,SandBoxCore/ModuleData/items/weapons.xml,SandBoxCore,2
fine_southern_dress,Item,BodyArmor,,Tailored Dress,aserai,SandBoxCore/ModuleData/items/body_armors.xml,SandBoxCore,2
fine_town_boots,Item,LegArmor,,Fine Town Boots,empire,SandBoxCore/ModuleData/items/leg_armors.xml,SandBoxCore,2
fine_town_tunic,Item,BodyArmor,,Rich Tunic,empire,SandBoxCore/ModuleData/items/body_armors.xml,SandBoxCore,2
fish,Item,Goods,,Fish{@Plural}barrels of fish{\@},,SandBoxCore/ModuleData/items/horses_and_others.xml,SandBoxCore,2
flail,Item,OneHandedWeapon,,Spiked Flail,empire,SandBoxCore/ModuleData/items/weapons.xml,SandBoxCore,2
flail_b,Item,OneHandedWeapon,,War Flail,empire,SandBoxCore/ModuleData/items/weapons.xml,SandBoxCore,2
flat_heater_shield,Item,Shield,,Flat Heater Shield,vlandia,SandBoxCore/ModuleData/items/shields.xml,SandBoxCore,2
flax,Item,Goods,,Flax{@Plural}sacks of flax{\@},,SandBoxCore/ModuleData/items/horses_and_others.xml,SandBoxCore,2
folded_town_boots,Item,LegArmor,,Folded Town Boots,empire,SandBoxCore/ModuleData/items/leg_armors.xml,SandBoxCore,2
footmans_tunic,Item,BodyArmor,,Military Tunic,empire,SandBoxCore/ModuleData/items/body_armors.xml,SandBoxCore,2
footmans_wicker_shield,Item,Shield,,Wicker Shield,khuzait,SandBoxCore/ModuleData/items/shields.xml,SandBoxCore,2
fortified_kite_shield,Item,Shield,,Fortified Kite Shield,,SandBoxCore/ModuleData/items/shields.xml,SandBoxCore,2
fortunas_choice,Item,HorseHarness,,Fortunas Choice,,SandBoxCore/ModuleData/items/horses_and_others.xml,SandBoxCore,2
fulcum_standard_t2,Item,Banner,,Fulcum Standard,empire,SandBoxCore/ModuleData/items/banners.xml,SandBoxCore,2
full_helm_over_arming_coif,Item,HeadArmor,,Full Helm over Arming Coif,vlandia,SandBoxCore/ModuleData/items/head_armors.xml,SandBoxCore,2
full_helm_over_cloth_headwrap,Item,HeadArmor,,Full Helm over Cloth Headwrap,vlandia,SandBoxCore/ModuleData/items/head_armors.xml,SandBoxCore,2
full_helm_over_laced_coif,Item,HeadArmor,,Full Helm over Laced Coif,vlandia,SandBoxCore/ModuleData/items/head_armors.xml,SandBoxCore,2
full_helm_over_mail_coif,Item,HeadArmor,,Full Helm over Mail Coif,vlandia,SandBoxCore/ModuleData/items/head_armors.xml,SandBoxCore,2
full_helm_over_padded_cap,Item,HeadArmor,,Full Helm over Padded Cap,vlandia,SandBoxCore/ModuleData/items/head_armors.xml,SandBoxCore,2
full_helm_over_padded_cloth,Item,HeadArmor,,Full Helm over Padded Cloth,vlandia,SandBoxCore/ModuleData/items/head_armors.xml,SandBoxCore,2
fur,Item,Goods,,Fur{@Plural}packs of fur{\@},,SandBoxCore/ModuleData/items/horses_and_others.xml,SandBoxCore,2
fur_armor,Item,BodyArmor,,Fur Armor,battania,SandBoxCore/ModuleData/items/body_armors.xml,SandBoxCore,2
fur_armor_with_strap,Item,BodyArmor,,Fur Armor with Strap,battania,SandBoxCore/ModuleData/items/body_armors.xml,SandBoxCore,2
fur_cape_a,Item,Cape,,Nordic Furry Mail Cape,nord,NavalDLC/ModuleData/items.xml,NavalDLC,4
fur_cape_b,Item,Cape,,Nordic Furry Cape,nord,NavalDLC/ModuleData/items.xml,NavalDLC,4
fur_cloak_a,Item,Cape,,Fur Cloak With Round Plate,battania,SandBoxCore/ModuleData/items/shoulder_armors.xml,SandBoxCore,2
fur_cloak_b,Item,Cape,,Fur Cloak,battania,SandBoxCore/ModuleData/items/shoulder_armors.xml,SandBoxCore,2
fur_cloak_c,Item,Cape,,Large Fur Cloak With Round Plate,battania,SandBoxCore/ModuleData/items/shoulder_armors.xml,SandBoxCore,2
fur_coat_over_tunic,Item,BodyArmor,,Fur Coat over Tunic,looters,SandBoxCore/ModuleData/items/body_armors.xml,SandBoxCore,2
fur_hat,Item,HeadArmor,,Nomad Fur Cap,khuzait,SandBoxCore/ModuleData/items/head_armors.xml,SandBoxCore,2
fur_hood,Item,HeadArmor,,Thick Fur Hood,khuzait,SandBoxCore/ModuleData/items/head_armors.xml,SandBoxCore,2
fur_skirt,Item,BodyArmor,,Kaunakes,looters,SandBoxCore/ModuleData/items/body_armors.xml,SandBoxCore,2
fur_skirt_with_tunic,Item,BodyArmor,,Kaunakes with Tunic,looters,SandBoxCore/ModuleData/items/body_armors.xml,SandBoxCore,2
fur_trimmed_short_tunic,Item,BodyArmor,,Fur Trimmed Short Tunic,sturgia,SandBoxCore/ModuleData/items/body_armors.xml,SandBoxCore,2
fur_trimmed_tunic,Item,BodyArmor,,Fur Trimmed Tunic,sturgia,SandBoxCore/ModuleData/items/body_armors.xml,SandBoxCore,2
fur_waistcoat_over_tunic,Item,BodyArmor,,Fur Waistcoat over Tunic,looters,SandBoxCore/ModuleData/items/body_armors.xml,SandBoxCore,2
gambeson_b,Item,BodyArmor,,Heavy Aketon,vlandia,SandBoxCore/ModuleData/items/body_armors.xml,SandBoxCore,2
generic_javelin_1_t3,CraftedItem,CraftedWeapon,Javelin,Harpoon,sturgia,SandBoxCore/ModuleData/items/weapons.xml,SandBoxCore,2
gladius_b,CraftedItem,CraftedWeapon,Dagger,Knife,empire,SandBoxCore/ModuleData/items/weapons.xml,SandBoxCore,2
glen_ranger_bow,Item,Bow,,Longbow,battania,SandBoxCore/ModuleData/items/weapons.xml,SandBoxCore,2
goggled_helmet_over_full_mail,Item,,,Closed Huscarl Helmet,nord,NavalDLC/ModuleData/items.xml,NavalDLC,4
goggled_helmet_over_leather,Item,HeadArmor,,Goggled Helmet over Leather,sturgia,SandBoxCore/ModuleData/items/head_armors.xml,SandBoxCore,2
goggled_helmet_over_mail,Item,,,Goggled Helmet over Mail,nord,NavalDLC/ModuleData/items.xml,NavalDLC,4
goose,Item,Animal,,Goose,,SandBoxCore/ModuleData/items/horses_and_others.xml,SandBoxCore,2
grape,Item,Goods,,Grapes{@Plural}sacks of grapes{\@},,SandBoxCore/ModuleData/items/horses_and_others.xml,SandBoxCore,2
grapeshot_fire_projectile,Item,Thrown,,Grapeshot Ammo,,SandBoxCore/ModuleData/items/weapons.xml,SandBoxCore,2
grapeshot_fire_stack,Item,Thrown,,Grapeshot Stack,,SandBoxCore/ModuleData/items/weapons.xml,SandBoxCore,2
grapeshot_projectile,Item,Thrown,,Grapeshot Ammo,,SandBoxCore/ModuleData/items/weapons.xml,SandBoxCore,2
grapeshot_stack,Item,Thrown,,Grapeshot Stack,,SandBoxCore/ModuleData/items/weapons.xml,SandBoxCore,2
green_hood,Item,Cape,,Green Hood,vlandia,SandBoxCore/ModuleData/items/shoulder_armors.xml,SandBoxCore,2
guarded_armwraps,Item,HandArmor,,Guarded Armwraps,battania,SandBoxCore/ModuleData/items/arm_armors.xml,SandBoxCore,2
guarded_padded_vambrace,Item,HandArmor,,Guarded Padded Vambraces,aserai,SandBoxCore/ModuleData/items/arm_armors.xml,SandBoxCore,2
guards_kettle_over_laced_coif,Item,HeadArmor,,Kettle over Laced Coif,vlandia,SandBoxCore/ModuleData/items/head_armors.xml,SandBoxCore,2
guards_kettle_over_mail_coif,Item,HeadArmor,,Kettle over Mail Coif,vlandia,SandBoxCore/ModuleData/items/head_armors.xml,SandBoxCore,2
guards_kettle_over_padded_coif,Item,HeadArmor,,Kettle over Padded Coif,vlandia,SandBoxCore/ModuleData/items/head_armors.xml,SandBoxCore,2
half_apron,Item,BodyArmor,,Half Apron,neutral_culture,SandBoxCore/ModuleData/items/body_armors.xml,SandBoxCore,2
half_mail_and_plate_barding,Item,HorseHarness,,Reinforced Half Plate Barding,aserai,SandBoxCore/ModuleData/items/horses_and_others.xml,SandBoxCore,2
half_scale_barding,Item,HorseHarness,,Cataphract Half Scale Barding,empire,SandBoxCore/ModuleData/items/horses_and_others.xml,SandBoxCore,2
halfchain_barding,Item,HorseHarness,,Half Mail Barding,vlandia,SandBoxCore/ModuleData/items/horses_and_others.xml,SandBoxCore,2
hauberk,Item,BodyArmor,,Heavy Mail Shirt,vlandia,SandBoxCore/ModuleData/items/body_armors.xml,SandBoxCore,2
head_breaker_2haxe,CraftedItem,CraftedWeapon,TwoHandedAxe,Head Breaker,,NavalDLC/ModuleData/naval_weapons.xml,NavalDLC,4
head_piece,Item,HeadArmor,,Female Rural Scarf,vlandia,SandBoxCore/ModuleData/items/head_armors.xml,SandBoxCore,2
head_scarf,Item,HeadArmor,,Colored Hijab,aserai,SandBoxCore/ModuleData/items/head_armors.xml,SandBoxCore,2
head_wrapped,Item,HeadArmor,,Female Rural Headwrap,vlandia,SandBoxCore/ModuleData/items/head_armors.xml,SandBoxCore,2
head_wrapping,Item,HeadArmor,,Peasant Head Wrapping,vlandia,SandBoxCore/ModuleData/items/head_armors.xml,SandBoxCore,2
headscarf,Item,HeadArmor,,Loose Head Scarf,vlandia,SandBoxCore/ModuleData/items/head_armors.xml,SandBoxCore,2
headscarf_c,Item,HeadArmor,,Luxurious Head Scarf,vlandia,SandBoxCore/ModuleData/items/head_armors.xml,SandBoxCore,2
headscarf_d,Item,HeadArmor,,Hijab,aserai,SandBoxCore/ModuleData/items/head_armors.xml,SandBoxCore,2
heater_shield_with_cutout,Item,Shield,,Heater Shield with Cutout,vlandia,SandBoxCore/ModuleData/items/shields.xml,SandBoxCore,2
heavy_gambeson_armor,Item,BodyArmor,,Mariner Heavy Gambeson,nord,NavalDLC/ModuleData/items.xml,NavalDLC,4
heavy_gambeson_armor_plain,Item,BodyArmor,,Mariner Gambeson,nord,NavalDLC/ModuleData/items.xml,NavalDLC,4
heavy_heater_shield,Item,Shield,,Heavy Heater Shield,vlandia,SandBoxCore/ModuleData/items/shields.xml,SandBoxCore,2
heavy_horsemans_kite_shield,Item,Shield,,Reinforced Cavalry Kite Shield,,SandBoxCore/ModuleData/items/shields.xml,SandBoxCore,2
heavy_nasalhelm_over_imperial_leather,Item,HeadArmor,,Heavy Nasalhelm over Leather,empire,SandBoxCore/ModuleData/items/head_armors.xml,SandBoxCore,2
heavy_nasalhelm_over_imperial_mail,Item,HeadArmor,,Heavy Nasalhelm over Mail,empire,SandBoxCore/ModuleData/items/head_armors.xml,SandBoxCore,2
heavy_nasalhelm_over_imperial_padding,Item,HeadArmor,,Heavy Nasalhelm over Padding,empire,SandBoxCore/ModuleData/items/head_armors.xml,SandBoxCore,2
heavy_nasalhelm_over_laced_cloth,Item,HeadArmor,,Heavy Nasalhelm over Laced Cloth,empire,SandBoxCore/ModuleData/items/head_armors.xml,SandBoxCore,2
heavy_nordic_coat,Item,BodyArmor,,Sleeved Heavy Tunic,sturgia,SandBoxCore/ModuleData/items/body_armors.xml,SandBoxCore,2
heavy_nordic_tunic,Item,BodyArmor,,Heavy Tunic,sturgia,SandBoxCore/ModuleData/items/body_armors.xml,SandBoxCore,2
heavy_round_shield,Item,Shield,,Heavy Round Shield,sturgia,SandBoxCore/ModuleData/items/shields.xml,SandBoxCore,2
heavy_steppe_arrows,Item,Arrows,,Stacked Steppe Arrows,khuzait,SandBoxCore/ModuleData/items/weapons.xml,SandBoxCore,2
helmet_with_faceguard,Item,HeadArmor,,Helmet with Faceguard,empire,SandBoxCore/ModuleData/items/head_armors.xml,SandBoxCore,2
hemp_tunic,Item,BodyArmor,,Hemp Tunic,empire,SandBoxCore/ModuleData/items/body_armors.xml,SandBoxCore,2
highland_boots,Item,LegArmor,,Forester Boots,battania,SandBoxCore/ModuleData/items/leg_armors.xml,SandBoxCore,2
highland_cloth,Item,BodyArmor,,Woodland Cloth Armor,battania,SandBoxCore/ModuleData/items/body_armors.xml,SandBoxCore,2
highland_gloves,Item,HandArmor,,Fur Rimmed Leather Gloves,battania,SandBoxCore/ModuleData/items/arm_armors.xml,SandBoxCore,2
highland_leg_wrappings,Item,LegArmor,,Woodland Leg Wrappings,battania,SandBoxCore/ModuleData/items/leg_armors.xml,SandBoxCore,2
highland_ranger_bow,Item,Bow,,Ranger Bow,battania,SandBoxCore/ModuleData/items/weapons.xml,SandBoxCore,2
highland_riders_shield,Item,Shield,,Highland Round Shield,battania,SandBoxCore/ModuleData/items/shields.xml,SandBoxCore,2
highland_scouts_shield,Item,Shield,,Decorated Round Shield,battania,SandBoxCore/ModuleData/items/shields.xml,SandBoxCore,2
highland_spear_3_t3,CraftedItem,CraftedWeapon,TwoHandedPolearm,Reinforced Highland Spear,battania,SandBoxCore/ModuleData/items/weapons.xml,SandBoxCore,2
highland_spear_4_t4,CraftedItem,CraftedWeapon,TwoHandedPolearm,Steel Tipped Hooked Spear,battania,SandBoxCore/ModuleData/items/weapons.xml,SandBoxCore,2
highland_spear_t2,CraftedItem,CraftedWeapon,TwoHandedPolearm,Highland War Spear,battania,SandBoxCore/ModuleData/items/weapons.xml,SandBoxCore,2
highland_throwing_axe_1_t2,CraftedItem,CraftedWeapon,ThrowingAxe,Highland Throwing Axe,battania,SandBoxCore/ModuleData/items/weapons.xml,SandBoxCore,2
hog,Item,Animal,,Hog,,SandBoxCore/ModuleData/items/horses_and_others.xml,SandBoxCore,2
hood,Item,Cape,,Hood,vlandia,SandBoxCore/ModuleData/items/shoulder_armors.xml,SandBoxCore,2
hook,Item,Thrown,,Hook,,NavalDLC/ModuleData/naval_weapons.xml,NavalDLC,4
hooked_axe_t4,CraftedItem,CraftedWeapon,TwoHandedAxe,Hooked Cavalry Axe,vlandia,SandBoxCore/ModuleData/items/weapons.xml,SandBoxCore,2
hooked_cleaver,CraftedItem,CraftedWeapon,Dagger,Sica,battania,SandBoxCore/ModuleData/items/weapons.xml,SandBoxCore,2
horse_bane_flag_t3,Item,Banner,,Horse Bane Flag,battania,SandBoxCore/ModuleData/items/banners.xml,SandBoxCore,2
horse_whip,Item,OneHandedWeapon,,Horse Whip,,SandBoxCore/ModuleData/items/weapons.xml,SandBoxCore,2
horsemans_heater_shield,Item,Shield,,Small Cavalry Heater Shield,vlandia,SandBoxCore/ModuleData/items/shields.xml,SandBoxCore,2
hunter,Item,Horse,,Hunter,,SandBoxCore/ModuleData/items/horses_and_others.xml,SandBoxCore,2
hunting_bow,Item,Bow,,Hunting Bow,battania,SandBoxCore/ModuleData/items/weapons.xml,SandBoxCore,2
hybrid_armor_boots_b,Item,LegArmor,,Majestic Iron Boots,nord,NavalDLC/ModuleData/items.xml,NavalDLC,4
hybrid_armor_gloves_b,Item,HandArmor,,Majestic Gloves,nord,NavalDLC/ModuleData/items.xml,NavalDLC,4
imperial_axe_t3,CraftedItem,CraftedWeapon,OneHandedAxe,Tzikourion,empire,SandBoxCore/ModuleData/items/weapons.xml,SandBoxCore,2
imperial_cloth_coif,Item,HeadArmor,,Cloth Coif,empire,SandBoxCore/ModuleData/items/head_armors.xml,SandBoxCore,2
imperial_goggled_helmet,Item,HeadArmor,,Goggled Cataphract Helmet,empire,SandBoxCore/ModuleData/items/head_armors.xml,SandBoxCore,2
imperial_lamellar,Item,BodyArmor,,Cataphract Lamellar Armor,empire,SandBoxCore/ModuleData/items/body_armors.xml,SandBoxCore,2
imperial_lamellar_over_leather,Item,BodyArmor,,Luxury Lamellar Vest over Leather,empire,SandBoxCore/ModuleData/items/body_armors.xml,SandBoxCore,2
imperial_lamellar_shoulders,Item,Cape,,Heavy Lamellar Pauldrons,empire,SandBoxCore/ModuleData/items/shoulder_armors.xml,SandBoxCore,2
imperial_leather_coif,Item,HeadArmor,,Leather Coif,empire,SandBoxCore/ModuleData/items/head_armors.xml,SandBoxCore,2
imperial_mail_coif,Item,HeadArmor,,Mail Coif,empire,SandBoxCore/ModuleData/items/head_armors.xml,SandBoxCore,2
imperial_mail_over_leather,Item,BodyArmor,,Infantryman Mail over Leather,empire,SandBoxCore/ModuleData/items/body_armors.xml,SandBoxCore,2
imperial_mail_over_stripped_leather,Item,BodyArmor,,Infantryman Mail over Striped Leather,empire,SandBoxCore/ModuleData/items/body_armors.xml,SandBoxCore,2
imperial_mail_vest,Item,BodyArmor,,Infantryman Mail Vest,empire,SandBoxCore/ModuleData/items/body_armors.xml,SandBoxCore,2
imperial_nasal_helm,Item,HeadArmor,,Legionary Helm,empire,SandBoxCore/ModuleData/items/head_armors.xml,SandBoxCore,2
imperial_open_mail_coif,Item,HeadArmor,,Open Mail Coif,empire,SandBoxCore/ModuleData/items/head_armors.xml,SandBoxCore,2
imperial_padded_cloth,Item,BodyArmor,,Infantryman Rough Gambeson,empire,SandBoxCore/ModuleData/items/body_armors.xml,SandBoxCore,2
imperial_padded_coif,Item,HeadArmor,,Lightweight Padded Coif,empire,SandBoxCore/ModuleData/items/head_armors.xml,SandBoxCore,2
imperial_riding_harness,Item,HorseHarness,,Imperial Riding Harness,empire,SandBoxCore/ModuleData/items/horses_and_others.xml,SandBoxCore,2
imperial_robes,Item,BodyArmor,,Toga,empire,SandBoxCore/ModuleData/items/body_armors.xml,SandBoxCore,2
imperial_scale_armor,Item,BodyArmor,,Heavy Scale Armor over Mail Hauberk,empire,SandBoxCore/ModuleData/items/body_armors.xml,SandBoxCore,2
imperial_scale_barding,Item,HorseHarness,,Cataphract Scale Barding,empire,SandBoxCore/ModuleData/items/horses_and_others.xml,SandBoxCore,2
imperial_spear_t2,CraftedItem,CraftedWeapon,TwoHandedPolearm,Short Militia Spear,empire,SandBoxCore/ModuleData/items/weapons.xml,SandBoxCore,2
imperial_studded_strip_shoulders,Item,Cape,,Legionary Reinforced Studded Harness,empire,SandBoxCore/ModuleData/items/shoulder_armors.xml,SandBoxCore,2
imperial_throwing_spear_1_t4,CraftedItem,CraftedWeapon,TwoHandedPolearm,Pilum,empire,SandBoxCore/ModuleData/items/weapons.xml,SandBoxCore,2
imperial_throwing_spear_1_t4_2,CraftedItem,CraftedWeapon,TwoHandedPolearm,Pilum,empire,SandBoxCore/ModuleData/items/weapons.xml,SandBoxCore,2
improved_assassin_armor_q5,Item,BodyArmor,,Blackened Armor,nord,NavalDLC/ModuleData/items.xml,NavalDLC,4
improved_assassin_boot_q5,Item,LegArmor,,Blackened Boots,nord,NavalDLC/ModuleData/items.xml,NavalDLC,4
improved_assassin_hood_q5,Item,HeadArmor,,Blackened Hood,nord,NavalDLC/ModuleData/items.xml,NavalDLC,4
improved_assassin_shoulder_q5,Item,Cape,,Blackened Cape,nord,NavalDLC/ModuleData/items.xml,NavalDLC,4
iron_banner_t2,Item,Banner,,Iron Banner,neutral_culture,SandBoxCore/ModuleData/items/banners.xml,SandBoxCore,2
iron_spatha_sword_t2,CraftedItem,CraftedWeapon,OneHandedSword,Iron Spatha,empire,SandBoxCore/ModuleData/items/weapons.xml,SandBoxCore,2
ironlame_feathered_spangenhelm,Item,HeadArmor,,Feathered Spangenhelm,empire,SandBoxCore/ModuleData/items/head_armors.xml,SandBoxCore,2
ironlame_feathered_spangenhelm_over_leather,Item,HeadArmor,,Feathered Spangenhelm over Leather,empire,SandBoxCore/ModuleData/items/head_armors.xml,SandBoxCore,2
ironlame_feathered_spangenhelm_over_mail,Item,HeadArmor,,Spangenhelm over Mail,empire,SandBoxCore/ModuleData/items/head_armors.xml,SandBoxCore,2
ironlame_nasalhelm_over_imperial_cloth,Item,HeadArmor,,Iron Legionary Helm over Cloth,empire,SandBoxCore/ModuleData/items/head_armors.xml,SandBoxCore,2
ironlame_nasalhelm_over_imperial_coif,Item,HeadArmor,,Iron Nasalhelm over Coif,empire,SandBoxCore/ModuleData/items/head_armors.xml,SandBoxCore,2
ironlame_nasalhelm_over_imperial_mail,Item,HeadArmor,,Iron Nasalhelm over Mail,empire,SandBoxCore/ModuleData/items/head_armors.xml,SandBoxCore,2
ironlame_nasalhelm_over_imperial_padding,Item,HeadArmor,,Iron Nasalhelm over Padding,empire,SandBoxCore/ModuleData/items/head_armors.xml,SandBoxCore,2
ironlame_roundkettle_over_imperial_leather,Item,HeadArmor,,Iron Roundkettle over Leather,empire,SandBoxCore/ModuleData/items/head_armors.xml,SandBoxCore,2
ironlame_roundkettle_over_imperial_mail,Item,HeadArmor,,Iron Roundkettle over Mail,empire,SandBoxCore/ModuleData/items/head_armors.xml,SandBoxCore,2
ironlame_spiked_kettle_over_mail,Item,HeadArmor,,Iron Spiked Kettle over Mail,empire,SandBoxCore/ModuleData/items/head_armors.xml,SandBoxCore,2
ironrim_kite_shield,Item,Shield,,Iron Rimmed Kite Shield,vlandia,SandBoxCore/ModuleData/items/shields.xml,SandBoxCore,2
ironrim_riders_kite_shield,Item,Shield,,Reinforced Iron Rimmed Kite Shield,vlandia,SandBoxCore/ModuleData/items/shields.xml,SandBoxCore,2
jewelry,Item,Goods,,Jewelry{@Plural}items of jewelry{\@},,SandBoxCore/ModuleData/items/horses_and_others.xml,SandBoxCore,2
jousting_shield,Item,Shield,,Knights Shield,vlandia,SandBoxCore/ModuleData/items/shields.xml,SandBoxCore,2
judgement_mace_t3,CraftedItem,CraftedWeapon,Mace,Judgement,,SandBoxCore/ModuleData/items/weapons.xml,SandBoxCore,2
justicier_2hsword,CraftedItem,CraftedWeapon,TwoHandedSword,Justicier,,SandBoxCore/ModuleData/items/weapons.xml,SandBoxCore,2
kaskara_2hsword_t3,CraftedItem,CraftedWeapon,TwoHandedSword,Ridged Long Kaskara,aserai,SandBoxCore/ModuleData/items/weapons.xml,SandBoxCore,2
kettle_hat_over_mail_coif,Item,HeadArmor,,Kettle Hat over Mail Coif,vlandia,SandBoxCore/ModuleData/items/head_armors.xml,SandBoxCore,2
kettle_hat_over_padded_cloth,Item,HeadArmor,,Kettle Hat over Padded Cloth,vlandia,SandBoxCore/ModuleData/items/head_armors.xml,SandBoxCore,2
kettle_hat_over_padded_coif,Item,HeadArmor,,Kettle Hat over Padded Coif,vlandia,SandBoxCore/ModuleData/items/head_armors.xml,SandBoxCore,2
kettle_helmet_over_arming_coif,Item,HeadArmor,,Kettle Helmet over Arming Coif,vlandia,SandBoxCore/ModuleData/items/head_armors.xml,SandBoxCore,2
kettle_helmet_over_laced_coif,Item,HeadArmor,,Kettle Helmet over Laced Coif,vlandia,SandBoxCore/ModuleData/items/head_armors.xml,SandBoxCore,2
kettle_helmet_over_mail,Item,HeadArmor,,Kettle Helmet over Mail,vlandia,SandBoxCore/ModuleData/items/head_armors.xml,SandBoxCore,2
kettle_helmet_over_padded_cap,Item,HeadArmor,,Kettle Helmet over Padded Cap,vlandia,SandBoxCore/ModuleData/items/head_armors.xml,SandBoxCore,2
kettle_helmet_over_padded_cloth,Item,HeadArmor,,Kettle Helmet over Padded Cloth,vlandia,SandBoxCore/ModuleData/items/head_armors.xml,SandBoxCore,2
kettle_helmet_over_padded_coif,Item,HeadArmor,,Kettle Helmet over Padded Coif,vlandia,SandBoxCore/ModuleData/items/head_armors.xml,SandBoxCore,2
kettle_helmet_with_leather,Item,HeadArmor,,Kettle Helmet with Leather,vlandia,SandBoxCore/ModuleData/items/head_armors.xml,SandBoxCore,2
kettle_helmet_with_mail,Item,HeadArmor,,Kettle Helmet with Mail,vlandia,SandBoxCore/ModuleData/items/head_armors.xml,SandBoxCore,2
khuzait_battle_crown,Item,HeadArmor,,Khuzait Battle Crown,khuzait,SandBoxCore/ModuleData/items/head_armors.xml,SandBoxCore,2
khuzait_belt_leather,Item,BodyArmor,,Coat with Mirrored Belt,khuzait,SandBoxCore/ModuleData/items/body_armors.xml,SandBoxCore,2
khuzait_civil_coat,Item,BodyArmor,,Luxury Coat,khuzait,SandBoxCore/ModuleData/items/body_armors.xml,SandBoxCore,2
khuzait_civil_coat_b,Item,BodyArmor,,Luxury Thick Coat,khuzait,SandBoxCore/ModuleData/items/body_armors.xml,SandBoxCore,2
khuzait_crown,Item,HeadArmor,,Ornate Silk Cap,khuzait,SandBoxCore/ModuleData/items/head_armors.xml,SandBoxCore,2
khuzait_curved_boots,Item,LegArmor,,Curved Boots,khuzait,SandBoxCore/ModuleData/items/leg_armors.xml,SandBoxCore,2
khuzait_dress,Item,BodyArmor,,Aproned Feminine Coat,khuzait,SandBoxCore/ModuleData/items/body_armors.xml,SandBoxCore,2
khuzait_dress_b,Item,BodyArmor,,Dress with Fur,khuzait,SandBoxCore/ModuleData/items/body_armors.xml,SandBoxCore,2
khuzait_fortified_armor,Item,BodyArmor,,Reinforced Mirror Armor,khuzait,SandBoxCore/ModuleData/items/body_armors.xml,SandBoxCore,2
khuzait_heavy_armor,Item,BodyArmor,,Khan's Coat of Plates,khuzait,SandBoxCore/ModuleData/items/body_armors.xml,SandBoxCore,2
khuzait_heavy_armor_bracer,Item,HandArmor,,Khan's Plated Bracers,khuzait,SandBoxCore/ModuleData/items/arm_armors.xml,SandBoxCore,2
khuzait_horse,Item,Horse,,Steppe Horse{@Plural}steppe horses{\@},khuzait,SandBoxCore/ModuleData/items/horses_and_others.xml,SandBoxCore,2
khuzait_horse_tournament,Item,Horse,,Steppe Horse{@Plural}steppe horses{\@},khuzait,SandBoxCore/ModuleData/items/horses_and_others.xml,SandBoxCore,2
khuzait_lamellar_strapped,Item,BodyArmor,,Reinforced Leather Armor,khuzait,SandBoxCore/ModuleData/items/body_armors.xml,SandBoxCore,2
khuzait_lance_1_t3,CraftedItem,CraftedWeapon,TwoHandedPolearm,Light Steppe Rider Lance,khuzait,SandBoxCore/ModuleData/items/weapons.xml,SandBoxCore,2
khuzait_lance_2_t4,CraftedItem,CraftedWeapon,TwoHandedPolearm,Heavy Cavalry Lance,khuzait,SandBoxCore/ModuleData/items/weapons.xml,SandBoxCore,2
khuzait_lance_3_t5,CraftedItem,CraftedWeapon,TwoHandedPolearm,Noble Cavalry Lance,khuzait,SandBoxCore/ModuleData/items/weapons.xml,SandBoxCore,2
khuzait_leather_pauldron,Item,Cape,,Reinforced Leather Pauldrons,khuzait,SandBoxCore/ModuleData/items/shoulder_armors.xml,SandBoxCore,2
khuzait_leather_stitched,Item,BodyArmor,,Thick Brigandine Vest,empire,SandBoxCore/ModuleData/items/body_armors.xml,SandBoxCore,2
khuzait_mace_1_t2,CraftedItem,CraftedWeapon,Mace,Steppe Light Mace,khuzait,SandBoxCore/ModuleData/items/weapons.xml,SandBoxCore,2
khuzait_mace_2_t4,CraftedItem,CraftedWeapon,Mace,Eastern Heavy Mace,khuzait,SandBoxCore/ModuleData/items/weapons.xml,SandBoxCore,2
khuzait_mace_3_t4,CraftedItem,CraftedWeapon,Mace,Fine Steel Mace,khuzait,SandBoxCore/ModuleData/items/weapons.xml,SandBoxCore,2
khuzait_mace_4_t5,CraftedItem,CraftedWeapon,Mace,Heavy Flanged Mace,khuzait,SandBoxCore/ModuleData/items/weapons.xml,SandBoxCore,2
khuzait_noble_helmet_with_feathers,Item,HeadArmor,,Noble Lancer Helmet,khuzait,SandBoxCore/ModuleData/items/head_armors.xml,SandBoxCore,2
khuzait_noble_helmet_with_fur,Item,HeadArmor,,Furred Noble Lancer Helmet,khuzait,SandBoxCore/ModuleData/items/head_armors.xml,SandBoxCore,2
khuzait_noble_helmet_with_neckguard,Item,HeadArmor,,Plumed Noble Lancer Helmet with Neckguard,khuzait,SandBoxCore/ModuleData/items/head_armors.xml,SandBoxCore,2
khuzait_noble_sword_1_t5,CraftedItem,CraftedWeapon,OneHandedSword,Decorated Saber,khuzait,SandBoxCore/ModuleData/items/weapons.xml,SandBoxCore,2
khuzait_noble_sword_2_t5,CraftedItem,CraftedWeapon,OneHandedSword,Lion Imprinted Saber,khuzait,SandBoxCore/ModuleData/items/weapons.xml,SandBoxCore,2
khuzait_noble_sword_3_t5,CraftedItem,CraftedWeapon,OneHandedSword,Tall Gripped Ild Sword,khuzait,SandBoxCore/ModuleData/items/weapons.xml,SandBoxCore,2
khuzait_polearm_1_t4,CraftedItem,CraftedWeapon,TwoHandedPolearm,Glaive,khuzait,SandBoxCore/ModuleData/items/weapons.xml,SandBoxCore,2
khuzait_polearm_1_t4_blunt,CraftedItem,CraftedWeapon,TwoHandedPolearm,Sparring Glaive,khuzait,SandBoxCore/ModuleData/items/tournament_weapons.xml,SandBoxCore,2
khuzait_polearm_2_t5,CraftedItem,CraftedWeapon,TwoHandedPolearm,Long Glaive,khuzait,SandBoxCore/ModuleData/items/weapons.xml,SandBoxCore,2
khuzait_sturdy_armor,Item,BodyArmor,,Mirrored Leather Armor,khuzait,SandBoxCore/ModuleData/items/body_armors.xml,SandBoxCore,2
khuzait_sword_1_t2,CraftedItem,CraftedWeapon,OneHandedSword,Iron Saber,khuzait,SandBoxCore/ModuleData/items/weapons.xml,SandBoxCore,2
khuzait_sword_1_t2_blunt,CraftedItem,CraftedWeapon,OneHandedSword,Sparring Saber,khuzait,SandBoxCore/ModuleData/items/tournament_weapons.xml,SandBoxCore,2
khuzait_sword_2_t3,CraftedItem,CraftedWeapon,OneHandedSword,Straight Saber,khuzait,SandBoxCore/ModuleData/items/weapons.xml,SandBoxCore,2
khuzait_sword_3_t3,CraftedItem,CraftedWeapon,OneHandedSword,Long Saber,khuzait,SandBoxCore/ModuleData/items/weapons.xml,SandBoxCore,2
khuzait_sword_4_t4,CraftedItem,CraftedWeapon,OneHandedSword,Fine Steel Saber,khuzait,SandBoxCore/ModuleData/items/weapons.xml,SandBoxCore,2
khuzait_sword_5_t4,CraftedItem,CraftedWeapon,OneHandedSword,Heavy Sabre,khuzait,SandBoxCore/ModuleData/items/weapons.xml,SandBoxCore,2
kilt_over_plated_leather,Item,BodyArmor,,Kilt over Plated Leather,battania,SandBoxCore/ModuleData/items/body_armors.xml,SandBoxCore,2
knights_fall_mace_t3,CraftedItem,CraftedWeapon,Mace,Knight's Fall,,SandBoxCore/ModuleData/items/weapons.xml,SandBoxCore,2
laced_cloth_coif,Item,HeadArmor,,Laced Cloth Coif,empire,SandBoxCore/ModuleData/items/head_armors.xml,SandBoxCore,2
laced_coif,Item,HeadArmor,,Laced Coif,vlandia,SandBoxCore/ModuleData/items/head_armors.xml,SandBoxCore,2
laced_dress,Item,BodyArmor,,Laced Dress,sturgia,SandBoxCore/ModuleData/items/body_armors.xml,SandBoxCore,2
ladys_shoe,Item,LegArmor,,Ladies Shoes,neutral_culture,SandBoxCore/ModuleData/items/leg_armors.xml,SandBoxCore,2
lamellar_plate_boots,Item,LegArmor,,Lamellar Plate Boots,empire,SandBoxCore/ModuleData/items/leg_armors.xml,SandBoxCore,2
lamellar_plate_gauntlets,Item,HandArmor,,Lamellar Plate Gauntlets,empire,SandBoxCore/ModuleData/items/arm_armors.xml,SandBoxCore,2
lamellar_shoulders,Item,Cape,,Lamellar Shoulder Pieces,khuzait,SandBoxCore/ModuleData/items/shoulder_armors.xml,SandBoxCore,2
lamellar_with_scale_skirt,Item,BodyArmor,,Lamellar with Scale Skirt,empire,SandBoxCore/ModuleData/items/body_armors.xml,SandBoxCore,2
large_adarga,Item,Shield,,Large Adarga,aserai,SandBoxCore/ModuleData/items/shields.xml,SandBoxCore,2
large_franziskaa_axe_t3,CraftedItem,CraftedWeapon,OneHandedAxe,Large Franziska Axe,,SandBoxCore/ModuleData/items/weapons.xml,SandBoxCore,2
layered_leather_tunic,Item,BodyArmor,,Layered Leather Tunic,sturgia,SandBoxCore/ModuleData/items/body_armors.xml,SandBoxCore,2
layered_robe,Item,BodyArmor,,Layered Robe,aserai,SandBoxCore/ModuleData/items/body_armors.xml,SandBoxCore,2
leafblade_throwing_knife,CraftedItem,CraftedWeapon,ThrowingKnife,Leafblade Throwing Knife,battania,SandBoxCore/ModuleData/items/weapons.xml,SandBoxCore,2
leather,Item,Goods,,Leather{@Plural}crates of leather{\@},,SandBoxCore/ModuleData/items/horses_and_others.xml,SandBoxCore,2
leather_and_iron_plate_armor,Item,BodyArmor,,Leather Armor with Iron Plates,sturgia,SandBoxCore/ModuleData/items/body_armors.xml,SandBoxCore,2
leather_apron,Item,BodyArmor,,Leather Apron,neutral_culture,SandBoxCore/ModuleData/items/body_armors.xml,SandBoxCore,2
leather_boots,Item,LegArmor,,Fur Rimmed Curved Boots,khuzait,SandBoxCore/ModuleData/items/leg_armors.xml,SandBoxCore,2
leather_bound_kite_shield,Item,Shield,,Leather Bound Kite Shield,sturgia,SandBoxCore/ModuleData/items/shields.xml,SandBoxCore,2
leather_cap,Item,HeadArmor,,Leather Cap,empire,SandBoxCore/ModuleData/items/head_armors.xml,SandBoxCore,2
leather_cavalier_boots,Item,LegArmor,,Leather Cavalier Boots,vlandia,SandBoxCore/ModuleData/items/leg_armors.xml,SandBoxCore,2
leather_coat,Item,BodyArmor,,Leather Tunic,vlandia,SandBoxCore/ModuleData/items/body_armors.xml,SandBoxCore,2
leather_coat_over_cloth,Item,BodyArmor,,Leather Coat over Cloth,vlandia,SandBoxCore/ModuleData/items/body_armors.xml,SandBoxCore,2
leather_gloves,Item,HandArmor,,Leather Gloves,neutral_culture,SandBoxCore/ModuleData/items/arm_armors.xml,SandBoxCore,2
leather_lamellar_armor,Item,BodyArmor,,Cured Leather Lamellar Armor,khuzait,SandBoxCore/ModuleData/items/body_armors.xml,SandBoxCore,2
leather_lamellar_shoulders,Item,Cape,,Leather Lamellar Shoulder Guards,khuzait,SandBoxCore/ModuleData/items/shoulder_armors.xml,SandBoxCore,2
leather_round_shield,Item,Shield,,Large Round Shield,sturgia,SandBoxCore/ModuleData/items/shields.xml,SandBoxCore,2
leather_scale_armor,Item,BodyArmor,,Leather Scale Armor,vlandia,SandBoxCore/ModuleData/items/body_armors.xml,SandBoxCore,2
leather_shoes,Item,LegArmor,,Leather Shoes,neutral_culture,SandBoxCore/ModuleData/items/leg_armors.xml,SandBoxCore,2
leather_strips_over_padded_robe,Item,BodyArmor,,Leather Strips over Padded Robe,aserai,SandBoxCore/ModuleData/items/body_armors.xml,SandBoxCore,2
leather_studdedhelm,Item,HeadArmor,,Leather Studded Helm,battania,SandBoxCore/ModuleData/items/head_armors.xml,SandBoxCore,2
leather_studdedhelm_over_headcloth,Item,HeadArmor,,Leather Studded Helm over Headcloth,battania,SandBoxCore/ModuleData/items/head_armors.xml,SandBoxCore,2
leather_studdedhelm_over_roughscale,Item,HeadArmor,,Leather Studded Helm over Roughscale,battania,SandBoxCore/ModuleData/items/head_armors.xml,SandBoxCore,2
leather_studdedhelm_over_thinhide,Item,HeadArmor,,Leather Studded Helm over Thinhide,battania,SandBoxCore/ModuleData/items/head_armors.xml,SandBoxCore,2
leather_tunic,Item,BodyArmor,,Leather Tunic,empire,SandBoxCore/ModuleData/items/body_armors.xml,SandBoxCore,2
leatherlame_feathered_spangenhelm_over_leather,Item,HeadArmor,,Spangenhelm over Leather,empire,SandBoxCore/ModuleData/items/head_armors.xml,SandBoxCore,2
leatherlame_feathered_spangenhelm_over_mail,Item,HeadArmor,,Feathered Spangenhelm over Mail,empire,SandBoxCore/ModuleData/items/head_armors.xml,SandBoxCore,2
leatherlame_nasalhelm_over_imperial_leather,Item,HeadArmor,,Iron Nasalhelm over Leather,empire,SandBoxCore/ModuleData/items/head_armors.xml,SandBoxCore,2
leatherlame_nasalhelm_over_imperial_mail,Item,HeadArmor,,Bronze Nasalhelm over Mail,empire,SandBoxCore/ModuleData/items/head_armors.xml,SandBoxCore,2
leatherlame_roundkettle,Item,HeadArmor,,Roundkettle Helmet,empire,SandBoxCore/ModuleData/items/head_armors.xml,SandBoxCore,2
leatherlame_roundkettle_over_imperial_leather,Item,HeadArmor,,Roundkettle over Leather,empire,SandBoxCore/ModuleData/items/head_armors.xml,SandBoxCore,2
leatherlame_roundkettle_over_imperial_mail,Item,HeadArmor,,Roundkettle over Mail,empire,SandBoxCore/ModuleData/items/head_armors.xml,SandBoxCore,2
legionary_mail,Item,BodyArmor,,Legionary Mail,empire,SandBoxCore/ModuleData/items/body_armors.xml,SandBoxCore,2
lendman_helmet_over_full_mail,Item,HeadArmor,,Warlord Helmet over Full Mail,sturgia,SandBoxCore/ModuleData/items/head_armors.xml,SandBoxCore,2
lendman_helmet_over_mail,Item,,,Warlord Helmet over Mail,nord,NavalDLC/ModuleData/items.xml,NavalDLC,4
leopard_pelt,Item,Cape,,Leopard Pelt,aserai,SandBoxCore/ModuleData/items/shoulder_armors.xml,SandBoxCore,2
light_harness,Item,HorseHarness,,Light Harness,,SandBoxCore/ModuleData/items/horses_and_others.xml,SandBoxCore,2
light_horsemans_kite_shield,Item,Shield,,Light Cavalry Kite Shield,,SandBoxCore/ModuleData/items/shields.xml,SandBoxCore,2
light_mace_t3,CraftedItem,CraftedWeapon,Mace,Light Mace,,SandBoxCore/ModuleData/items/weapons.xml,SandBoxCore,2
light_tunic,Item,BodyArmor,,Light Tunic,sturgia,SandBoxCore/ModuleData/items/body_armors.xml,SandBoxCore,2
linen,Item,Goods,,Linen{@Plural}rolls of linen{\@},,SandBoxCore/ModuleData/items/horses_and_others.xml,SandBoxCore,2
locked_shields_banner_t3,Item,Banner,,Locked Shields Banner,sturgia,SandBoxCore/ModuleData/items/banners.xml,SandBoxCore,2
long_desert_robe,Item,BodyArmor,,Long Simple Robe,aserai,SandBoxCore/ModuleData/items/body_armors.xml,SandBoxCore,2
long_fur_coat,Item,BodyArmor,,Long Fur Coat,battania,SandBoxCore/ModuleData/items/body_armors.xml,SandBoxCore,2
long_hemp_tunic,Item,BodyArmor,,Long Hemp Tunic,vlandia,SandBoxCore/ModuleData/items/body_armors.xml,SandBoxCore,2
long_padded_robe,Item,BodyArmor,,Long Padded Robe,aserai,SandBoxCore/ModuleData/items/body_armors.xml,SandBoxCore,2
long_woolen_tunic,Item,BodyArmor,,Long Woolen Tunic,vlandia,SandBoxCore/ModuleData/items/body_armors.xml,SandBoxCore,2
longbow_recurve_desert_bow,Item,Bow,,Strong Tribesman Bow,aserai,SandBoxCore/ModuleData/items/weapons.xml,SandBoxCore,2
loose_wrapped_desert_helmet,Item,HeadArmor,,Helmet with Open Turban ,aserai,SandBoxCore/ModuleData/items/head_armors.xml,SandBoxCore,2
lordly_mail_mitten,Item,HandArmor,,Heavy Mail Mittens,vlandia,SandBoxCore/ModuleData/items/arm_armors.xml,SandBoxCore,2
lordly_padded_mitten,Item,HandArmor,,Lordly Padded Mittens,empire,SandBoxCore/ModuleData/items/arm_armors.xml,SandBoxCore,2
lowland_longbow,Item,Bow,,Lowland Longbow,vlandia,SandBoxCore/ModuleData/items/weapons.xml,SandBoxCore,2
lowland_throwing_knife,CraftedItem,CraftedWeapon,ThrowingKnife,Lowland Throwing Knife,battania,SandBoxCore/ModuleData/items/weapons.xml,SandBoxCore,2
lowland_yew_bow,Item,Bow,,Yew Bow,vlandia,SandBoxCore/ModuleData/items/weapons.xml,SandBoxCore,2
mail_and_plate_barding,Item,HorseHarness,,Reinforced Plate Barding,aserai,SandBoxCore/ModuleData/items/horses_and_others.xml,SandBoxCore,2
mail_cavalier_boots,Item,LegArmor,,Mail Cavalier Boots,vlandia,SandBoxCore/ModuleData/items/leg_armors.xml,SandBoxCore,2
mail_chausses,Item,LegArmor,,Mail Chausses,vlandia,SandBoxCore/ModuleData/items/leg_armors.xml,SandBoxCore,2
mail_coif,Item,HeadArmor,,Mail Coif with Helmet Padding,empire,SandBoxCore/ModuleData/items/head_armors.xml,SandBoxCore,2
mail_mitten,Item,HandArmor,,Mail Mittens,vlandia,SandBoxCore/ModuleData/items/arm_armors.xml,SandBoxCore,2
mail_mitten_d,Item,HandArmor,,Reinforced Northern Mail Mittens,nord,NavalDLC/ModuleData/items.xml,NavalDLC,4
mail_mitten_e,Item,HandArmor,,Wrapped Mail Mittens,aserai,SandBoxCore/ModuleData/items/arm_armors.xml,SandBoxCore,2
mail_mitten_f,Item,HandArmor,,Mail Mittens with Bronze Plate,khuzait,SandBoxCore/ModuleData/items/arm_armors.xml,SandBoxCore,2
mail_mitten_g,Item,HandArmor,,Mail Mittens with Leather Reinforcement,nord,NavalDLC/ModuleData/items.xml,NavalDLC,4
mail_mitten_h,Item,HandArmor,,Mail Mittens with Plate Guard,sturgia,SandBoxCore/ModuleData/items/arm_armors.xml,SandBoxCore,2
mail_shirt,Item,BodyArmor,,Mail Shirt,vlandia,SandBoxCore/ModuleData/items/body_armors.xml,SandBoxCore,2
mail_shoulders,Item,Cape,,Mail Shoulder Guards,sturgia,SandBoxCore/ModuleData/items/shoulder_armors.xml,SandBoxCore,2
mangonel_c_boulder,Item,Thrown,,Boulder,,NavalDLC/ModuleData/items.xml,NavalDLC,4
mangonel_c_boulder_projectile,Item,Thrown,,Boulder,,NavalDLC/ModuleData/items.xml,NavalDLC,4
mangonel_c_grapeshot_fire_projectile,Item,Thrown,,Grapeshot Ammo,,NavalDLC/ModuleData/items.xml,NavalDLC,4
mangonel_c_grapeshot_fire_stack,Item,Thrown,,Grapeshot Stack,,NavalDLC/ModuleData/items.xml,NavalDLC,4
mangonel_c_grapeshot_projectile,Item,Thrown,,Grapeshot Ammo,,NavalDLC/ModuleData/items.xml,NavalDLC,4
mangonel_c_grapeshot_stack,Item,Thrown,,Grapeshot Stack,,NavalDLC/ModuleData/items.xml,NavalDLC,4
mangonel_c_pot,Item,Thrown,,Fire Pot,,NavalDLC/ModuleData/items.xml,NavalDLC,4
mangonel_c_pot_projectile,Item,Thrown,,Fire Pot,,NavalDLC/ModuleData/items.xml,NavalDLC,4
marksmans_flag_t3,Item,Banner,,Marksman's Flag,neutral_culture,SandBoxCore/ModuleData/items/banners.xml,SandBoxCore,2
merchants_fur_coat,Item,BodyArmor,,Merchant Fur Coat,neutral_culture,SandBoxCore/ModuleData/items/body_armors.xml,SandBoxCore,2
merchants_hat,Item,HeadArmor,,Merchant Hat,neutral_culture,SandBoxCore/ModuleData/items/head_armors.xml,SandBoxCore,2
military_fork_pike_t3,CraftedItem,CraftedWeapon,Pike,Notched Military Fork,,SandBoxCore/ModuleData/items/weapons.xml,SandBoxCore,2
military_fork_t2,CraftedItem,CraftedWeapon,TwoHandedPolearm,Military Fork,sturgia,SandBoxCore/ModuleData/items/weapons.xml,SandBoxCore,2
monk_robe,Item,BodyArmor,,Scholar Robe,vlandia,SandBoxCore/ModuleData/items/body_armors.xml,SandBoxCore,2
morningstar_mace_t3,CraftedItem,CraftedWeapon,Mace,Morningstar,,SandBoxCore/ModuleData/items/weapons.xml,SandBoxCore,2
mountain_hunting_bow,Item,Bow,,Mountain Hunting Bow,battania,SandBoxCore/ModuleData/items/weapons.xml,SandBoxCore,2
mp_a_aserai_scale_b_shoulder_d,Item,Cape,,Brass Scale Pauldrons,aserai,Native/ModuleData/mpitems.xml,Native,0
mp_a_battania_cloak_a,Item,Cape,,Simple Cape,battania,Native/ModuleData/mpitems.xml,Native,0
mp_aketon,Item,BodyArmor,,Aketon,neutral_culture,Native/ModuleData/mpitems.xml,Native,0
mp_arming_coif,Item,HeadArmor,,Leather Coif,vlandia,Native/ModuleData/mpitems.xml,Native,0
mp_armored_baggy_trunks,Item,,,,,Native/ModuleData/mpcosmetics.xml,Native,0
mp_armored_bearskin,Item,,,,,Native/ModuleData/mpcosmetics.xml,Native,0
mp_armwraps,Item,,,,,Native/ModuleData/mpcosmetics.xml,Native,0
mp_arrows_barbed,Item,Arrows,,Barbed Arrow,,Native/ModuleData/mpitems.xml,Native,0
mp_arrows_barbed_extra,Item,Arrows,,Barbed Arrow,,Native/ModuleData/mpitems.xml,Native,0
mp_arrows_barbed_mounted,Item,Arrows,,Barbed Arrow,,Native/ModuleData/mpitems.xml,Native,0
mp_arrows_barbed_strong,Item,Arrows,,Heavy Barbed Arrow,,Native/ModuleData/mpitems.xml,Native,0
mp_arrows_bodkin,Item,Arrows,,Bodkin Arrow,,Native/ModuleData/mpitems.xml,Native,0
mp_arrows_bodkin_extra,Item,Arrows,,Bodkin Arrow,,Native/ModuleData/mpitems.xml,Native,0
mp_arrows_bodkin_strong,Item,Arrows,,Heavy Bodkin Arrow,,Native/ModuleData/mpitems.xml,Native,0
mp_arrows_steppe,Item,Arrows,,Khuzait Arrow,khuzait,Native/ModuleData/mpitems.xml,Native,0
mp_arrows_steppe_extra,Item,Arrows,,Khuzait Arrow,khuzait,Native/ModuleData/mpitems.xml,Native,0
mp_arrows_steppe_extra_mounted,Item,Arrows,,Khuzait Arrow,khuzait,Native/ModuleData/mpitems.xml,Native,0
mp_arrows_steppe_mounted,Item,Arrows,,Khuzait Arrow,khuzait,Native/ModuleData/mpitems.xml,Native,0
mp_arrows_steppe_strong,Item,Arrows,,Heavy Khuzait Arrow,khuzait,Native/ModuleData/mpitems.xml,Native,0
mp_arrows_steppe_strong_mounted,Item,Arrows,,Heavy Khuzait Arrow,khuzait,Native/ModuleData/mpitems.xml,Native,0
mp_aserai_archer_armor,Item,BodyArmor,,Gambeson over Mail Armor,neutral_culture,Native/ModuleData/mpitems.xml,Native,0
mp_aserai_armor_02,Item,BodyArmor,,Aserai Chain Mail,aserai,Native/ModuleData/mpitems.xml,Native,0
mp_aserai_armor_02_b,Item,BodyArmor,,Aserai Decorated Chain Mail,aserai,Native/ModuleData/mpitems.xml,Native,0
mp_aserai_axe,CraftedItem,CraftedWeapon,OneHandedAxe,Aserai Axe,neutral_culture,Native/ModuleData/mpitems.xml,Native,0
mp_aserai_bamboo_spear,CraftedItem,CraftedWeapon,TwoHandedPolearm,Bamboo Spear,neutral_culture,Native/ModuleData/mpitems.xml,Native,0
mp_aserai_battle_crown,Item,HeadArmor,,Ornate Desert Battle Crown,neutral_culture,Native/ModuleData/mpitems.xml,Native,0
mp_aserai_camel,Item,Horse,,Husnphree,neutral_culture,Native/ModuleData/mpitems.xml,Native,0
mp_aserai_cavalry_mace,CraftedItem,CraftedWeapon,Mace,Aserai Cavalry Mace,neutral_culture,Native/ModuleData/mpitems.xml,Native,0
mp_aserai_civil_a,Item,BodyArmor,,Luxury Kaftan with Waistband,neutral_culture,Native/ModuleData/mpitems.xml,Native,0
mp_aserai_civil_b,Item,,,,,Native/ModuleData/mpcosmetics.xml,Native,0
mp_aserai_civil_c,Item,BodyArmor,,Colored Kaftan,aserai,Native/ModuleData/mpitems.xml,Native,0
mp_aserai_civil_c_head,Item,HeadArmor,,Keffiyeh with Silken Band,aserai,Native/ModuleData/mpitems.xml,Native,0
mp_aserai_civil_d,Item,BodyArmor,,Colored Bisht,aserai,Native/ModuleData/mpitems.xml,Native,0
mp_aserai_civil_d_hscarf,Item,HeadArmor,,Colored Turban,aserai,Native/ModuleData/mpitems.xml,Native,0
mp_aserai_civil_e,Item,,,,,Native/ModuleData/mpcosmetics.xml,Native,0
mp_aserai_civil_e_hscarf,Item,,,,,Native/ModuleData/mpcosmetics.xml,Native,0
mp_aserai_civil_hscarf_a,Item,,,,,Native/ModuleData/mpcosmetics.xml,Native,0
mp_aserai_civil_hscarf_b,Item,,,,,Native/ModuleData/mpcosmetics.xml,Native,0
mp_aserai_crown,Item,HeadArmor,,Luxury Turban Over Helmet,neutral_culture,Native/ModuleData/mpitems.xml,Native,0
mp_aserai_curved_long_sword,CraftedItem,CraftedWeapon,OneHandedSword,Scimitar,neutral_culture,Native/ModuleData/mpitems.xml,Native,0
mp_aserai_fast_sword,CraftedItem,CraftedWeapon,OneHandedSword,Aserai Noble Sword,neutral_culture,Native/ModuleData/mpitems.xml,Native,0
mp_aserai_heavy_lance,CraftedItem,CraftedWeapon,TwoHandedPolearm,Aserai Heavy Lance,neutral_culture,Native/ModuleData/mpitems.xml,Native,0
mp_aserai_heavy_mace,CraftedItem,CraftedWeapon,Mace,Aserai Heavy Mace,neutral_culture,Native/ModuleData/mpitems.xml,Native,0
mp_aserai_horse,Item,Horse,,Desert horse,,Native/ModuleData/mpitems.xml,Native,0
mp_aserai_horse_agile,Item,Horse,,Nahasan,,Native/ModuleData/mpitems.xml,Native,0
mp_aserai_horse_war,Item,Horse,,Barb Horse,,Native/ModuleData/mpitems.xml,Native,0
mp_aserai_horse_war_agile,Item,Horse,,Agile Barb Horse,,Native/ModuleData/mpitems.xml,Native,0
mp_aserai_horse_war_faster,Item,Horse,,Tough Nahasan,,Native/ModuleData/mpitems.xml,Native,0
mp_aserai_horseman_armor,Item,BodyArmor,,Ring Mail,neutral_culture,Native/ModuleData/mpitems.xml,Native,0
mp_aserai_horseman_shoulder,Item,,,,,Native/ModuleData/mpcosmetics.xml,Native,0
mp_aserai_long_lance,CraftedItem,CraftedWeapon,TwoHandedPolearm,Bamboo Lance,neutral_culture,Native/ModuleData/mpitems.xml,Native,0
mp_aserai_long_spear,CraftedItem,CraftedWeapon,TwoHandedPolearm,Aserai Long Spear,,Native/ModuleData/mpitems.xml,Native,0
mp_aserai_lord_helmet_a,Item,,,,,Native/ModuleData/mpcosmetics.xml,Native,0
mp_aserai_mace,CraftedItem,CraftedWeapon,Mace,Aserai Mace,neutral_culture,Native/ModuleData/mpitems.xml,Native,0
mp_aserai_noble_curved_long_sword,CraftedItem,CraftedWeapon,OneHandedSword,Heavy Scimitar,neutral_culture,Native/ModuleData/mpitems.xml,Native,0
mp_aserai_pike,CraftedItem,CraftedWeapon,Pike,Aserai Pike,neutral_culture,Native/ModuleData/mpitems.xml,Native,0
mp_aserai_ranger_sword,CraftedItem,CraftedWeapon,OneHandedSword,Kaskara,neutral_culture,Native/ModuleData/mpitems.xml,Native,0
mp_aserai_robe_c_chain,Item,,,,,Native/ModuleData/mpcosmetics.xml,Native,0
mp_aserai_scale_armor_on_cloth,Item,BodyArmor,,Mastercrafted Southern Scale Mail,aserai,Native/ModuleData/mpitems.xml,Native,0
mp_aserai_spear,CraftedItem,CraftedWeapon,TwoHandedPolearm,Aserai Spear,neutral_culture,Native/ModuleData/mpitems.xml,Native,0
mp_aserai_strong_twohanded_axe,CraftedItem,CraftedWeapon,TwoHandedAxe,Bardiche,neutral_culture,Native/ModuleData/mpitems.xml,Native,0
mp_aserai_sword,CraftedItem,CraftedWeapon,OneHandedSword,Flyssa,neutral_culture,Native/ModuleData/mpitems.xml,Native,0
mp_aserai_throwing_axe,CraftedItem,CraftedWeapon,ThrowingAxe,Aserai Throwing Axe,neutral_culture,Native/ModuleData/mpitems.xml,Native,0
mp_aserai_two_handed_sword,CraftedItem,CraftedWeapon,TwoHandedSword,Aserai Two Handed Sword,neutral_culture,Native/ModuleData/mpitems.xml,Native,0
mp_aserai_twohanded_axe,CraftedItem,CraftedWeapon,TwoHandedAxe,Tabar,neutral_culture,Native/ModuleData/mpitems.xml,Native,0
mp_aserai_twohanded_mace,CraftedItem,CraftedWeapon,TwoHandedMace,Twohanded Iron Mace,neutral_culture,Native/ModuleData/mpitems.xml,Native,0
mp_aseran_village_harness,Item,HorseHarness,,Desert Common Harness,neutral_culture,Native/ModuleData/mpitems.xml,Native,0
mp_ash_throwing_spear,CraftedItem,CraftedWeapon,TwoHandedPolearm,Ash Throwing Spear,neutral_culture,Native/ModuleData/mpitems.xml,Native,0
mp_ash_throwing_spear_extra,CraftedItem,CraftedWeapon,TwoHandedPolearm,Ash Throwing Spear,neutral_culture,Native/ModuleData/mpitems.xml,Native,0
mp_baggy_trunks,Item,,,,,Native/ModuleData/mpcosmetics.xml,Native,0
mp_banded_leather_over_mail,Item,,,,,Native/ModuleData/mpcosmetics.xml,Native,0
mp_bandit_envelope_dress_v1,Item,BodyArmor,,Commoner Tunic,neutral_culture,Native/ModuleData/mpitems.xml,Native,0
mp_bandit_envelope_dress_v2,Item,BodyArmor,,Sleeveless Enveloped Padded Garments,neutral_culture,Native/ModuleData/mpitems.xml,Native,0
mp_bandit_fur_a,Item,BodyArmor,,Loathsome Fur Armor,neutral_culture,Native/ModuleData/mpitems.xml,Native,0
mp_bandit_fur_b,Item,BodyArmor,,Fur Coat,neutral_culture,Native/ModuleData/mpitems.xml,Native,0
mp_bandit_gambeson,Item,BodyArmor,,Rugged Gambeson,neutral_culture,Native/ModuleData/mpitems.xml,Native,0
mp_bandit_leather_water_flask,Item,,,,,Native/ModuleData/mpcosmetics.xml,Native,0
mp_bandit_saddle_highland,Item,HorseHarness,,Rugged Highland Saddle,neutral_culture,Native/ModuleData/mpitems.xml,Native,0
mp_basic_imperial_leather_armor,Item,,,,,Native/ModuleData/mpcosmetics.xml,Native,0
mp_battania_axe,CraftedItem,CraftedWeapon,OneHandedAxe,Highland Axe,neutral_culture,Native/ModuleData/mpitems.xml,Native,0
mp_battania_bastard_sword,CraftedItem,CraftedWeapon,TwoHandedSword,Battanian Bastard Sword,neutral_culture,Native/ModuleData/mpitems.xml,Native,0
mp_battania_battle_crown,Item,HeadArmor,,Two Pronged Bronze Crown,neutral_culture,Native/ModuleData/mpitems.xml,Native,0
mp_battania_cavalry_spear,CraftedItem,CraftedWeapon,TwoHandedPolearm,Battanian Cavalry Spear,neutral_culture,Native/ModuleData/mpitems.xml,Native,0
mp_battania_cavalry_sword,CraftedItem,CraftedWeapon,OneHandedSword,Battanian Cavalry Sword,neutral_culture,Native/ModuleData/mpitems.xml,Native,0
mp_battania_civil_a,Item,,,,,Native/ModuleData/mpcosmetics.xml,Native,0
mp_battania_civil_b,Item,,,,,Native/ModuleData/mpcosmetics.xml,Native,0
mp_battania_civil_c,Item,BodyArmor,,Fur Coat over Tunic,battania,Native/ModuleData/mpitems.xml,Native,0
mp_battania_civil_cape,Item,Cape,,Highland Cape,neutral_culture,Native/ModuleData/mpitems.xml,Native,0
mp_battania_civil_cloak,Item,,,,,Native/ModuleData/mpcosmetics.xml,Native,0
mp_battania_civil_hood,Item,,,,,Native/ModuleData/mpcosmetics.xml,Native,0
mp_battania_cleaver,CraftedItem,CraftedWeapon,OneHandedSword,Cleaver,,Native/ModuleData/mpitems.xml,Native,0
mp_battania_cloak,Item,,,,,Native/ModuleData/mpcosmetics.xml,Native,0
mp_battania_cloak_b,Item,Cape,,Tartan Cape,battania,Native/ModuleData/mpitems.xml,Native,0
mp_battania_cloak_furr,Item,Cape,,Fur Cloak,neutral_culture,Native/ModuleData/mpitems.xml,Native,0
mp_battania_earmuff_helmet_a,Item,HeadArmor,,Fringed Steel Cap with Cheek Guards,battania,Native/ModuleData/mpitems.xml,Native,0
mp_battania_earmuff_helmet_a_brnz,Item,HeadArmor,,Fringed Bronze Cap with Cheek Guards,battania,Native/ModuleData/mpitems.xml,Native,0
mp_battania_earmuff_helmet_b,Item,HeadArmor,,Steel Cap with Cheek Guards,battania,Native/ModuleData/mpitems.xml,Native,0
mp_battania_earmuff_helmet_b_brnz,Item,HeadArmor,,Bronze Cap with Cheek Guards,battania,Native/ModuleData/mpitems.xml,Native,0
mp_battania_earmuff_helmet_c,Item,HeadArmor,,Fringed Decorated Steel Cap with Cheek Guards,battania,Native/ModuleData/mpitems.xml,Native,0
mp_battania_earmuff_helmet_c_brnz,Item,HeadArmor,,Fringed Decorated Bronze Cap with Cheek Guards,battania,Native/ModuleData/mpitems.xml,Native,0
mp_battania_earmuff_helmet_c_cpr,Item,HeadArmor,,Decorated Bronze Helmet with Cheek Guards,battania,Native/ModuleData/mpitems.xml,Native,0
mp_battania_earmuff_helmet_d,Item,HeadArmor,,Ridged Decorated Steel Cap with Cheek Guards,battania,Native/ModuleData/mpitems.xml,Native,0
mp_battania_earmuff_helmet_d_brnz,Item,HeadArmor,,Ridged Decorated Bronze Cap with Cheek Guards,battania,Native/ModuleData/mpitems.xml,Native,0
mp_battania_falx,CraftedItem,CraftedWeapon,TwoHandedSword,Falx,neutral_culture,Native/ModuleData/mpitems.xml,Native,0
mp_battania_fur_boots,Item,,,,,Native/ModuleData/mpcosmetics.xml,Native,0
mp_battania_fur_helmet,Item,,,,,Native/ModuleData/mpcosmetics.xml,Native,0
mp_battania_horse_harness,Item,HorseHarness,,Highland Horse Harness,neutral_culture,Native/ModuleData/mpitems.xml,Native,0
mp_battania_horse_harness_halfscaled,Item,HorseHarness,,Highland Half Scaled Horse Harness,neutral_culture,Native/ModuleData/mpitems.xml,Native,0
mp_battania_horse_harness_scaled,Item,HorseHarness,,Highland Scaled Horse Harness,neutral_culture,Native/ModuleData/mpitems.xml,Native,0
mp_battania_horse_war,Item,Horse,,Fell Pony,,Native/ModuleData/mpitems.xml,Native,0
mp_battania_javelin,CraftedItem,CraftedWeapon,Javelin,Battanian Javelin,neutral_culture,Native/ModuleData/mpitems.xml,Native,0
mp_battania_javelin_captain,CraftedItem,CraftedWeapon,Javelin,Highland Javelin,neutral_culture,Native/ModuleData/mpitems.xml,Native,0
mp_battania_javelin_extra,CraftedItem,CraftedWeapon,Javelin,Battanian Javelin,neutral_culture,Native/ModuleData/mpitems.xml,Native,0
mp_battania_javelin_extra_captain,CraftedItem,CraftedWeapon,Javelin,Highland Javelin,neutral_culture,Native/ModuleData/mpitems.xml,Native,0
mp_battania_lance,CraftedItem,CraftedWeapon,TwoHandedPolearm,Battanian Lance,neutral_culture,Native/ModuleData/mpitems.xml,Native,0
mp_battania_large_shield_a,Item,Shield,,Battanian Reinforced Large Shield,,Native/ModuleData/mpitems.xml,Native,0
mp_battania_large_shield_b,Item,Shield,,Battanian Large Bronze Shield,,Native/ModuleData/mpitems.xml,Native,0
mp_battania_leather_boots,Item,,,,,Native/ModuleData/mpcosmetics.xml,Native,0
mp_battania_light_armor_c,Item,BodyArmor,,Highland Long Tartan,battania,Native/ModuleData/mpitems.xml,Native,0
mp_battania_light_armor_d,Item,BodyArmor,,Highland Kilt over Tartan Trousers,battania,Native/ModuleData/mpitems.xml,Native,0
mp_battania_light_armor_e,Item,BodyArmor,,Tartan Toga,battania,Native/ModuleData/mpitems.xml,Native,0
mp_battania_long_falx,CraftedItem,CraftedWeapon,TwoHandedSword,Long Falx,neutral_culture,Native/ModuleData/mpitems.xml,Native,0
mp_battania_long_infantry_spear,CraftedItem,CraftedWeapon,TwoHandedPolearm,Battanian Long Infantry Spear,neutral_culture,Native/ModuleData/mpitems.xml,Native,0
mp_battania_long_spear,CraftedItem,CraftedWeapon,TwoHandedPolearm,Battanian Long Spear,neutral_culture,Native/ModuleData/mpitems.xml,Native,0
mp_battania_long_sword,CraftedItem,CraftedWeapon,OneHandedSword,Battanian Longsword,neutral_culture,Native/ModuleData/mpitems.xml,Native,0
mp_battania_mace,CraftedItem,CraftedWeapon,Mace,Battanian Mace,neutral_culture,Native/ModuleData/mpitems.xml,Native,0
mp_battania_mercenary_armor,Item,BodyArmor,,Luxury Brigandine,neutral_culture,Native/ModuleData/mpitems.xml,Native,0
mp_battania_noble_armor,Item,BodyArmor,,Highborn Mail Armor,neutral_culture,Native/ModuleData/mpitems.xml,Native,0
mp_battania_noble_bracers,Item,HandArmor,,Battania Noble Bracers,neutral_culture,Native/ModuleData/mpitems.xml,Native,0
mp_battania_noble_sword,CraftedItem,CraftedWeapon,OneHandedSword,Battanian Noble Sword,neutral_culture,Native/ModuleData/mpitems.xml,Native,0
mp_battania_noble_two_handed_sword,CraftedItem,CraftedWeapon,TwoHandedSword,Battanian Noble Two Handed Sword,neutral_culture,Native/ModuleData/mpitems.xml,Native,0
mp_battania_pike,CraftedItem,CraftedWeapon,Pike,Highland Pike,neutral_culture,Native/ModuleData/mpitems.xml,Native,0
mp_battania_polearm_falx,CraftedItem,CraftedWeapon,TwoHandedSword,Rhomphaia,neutral_culture,Native/ModuleData/mpitems.xml,Native,0
mp_battania_pony,Item,Horse,,Dale Pony,,Native/ModuleData/mpitems.xml,Native,0
mp_battania_pony_agile,Item,Horse,,Agile Dale Pony,,Native/ModuleData/mpitems.xml,Native,0
mp_battania_scarf_a,Item,Cape,,Heavy Tartan Cape,battania,Native/ModuleData/mpitems.xml,Native,0
mp_battania_short_sword,CraftedItem,CraftedWeapon,OneHandedSword,Battanian Short Sword,neutral_culture,Native/ModuleData/mpitems.xml,Native,0
mp_battania_shoulder_furr,Item,,,,,Native/ModuleData/mpcosmetics.xml,Native,0
mp_battania_shoulder_strap,Item,,,,,Native/ModuleData/mpcosmetics.xml,Native,0
mp_battania_shoulder_strap_cloak,Item,,,,,Native/ModuleData/mpcosmetics.xml,Native,0
mp_battania_spear,CraftedItem,CraftedWeapon,TwoHandedPolearm,Battanian Spear,neutral_culture,Native/ModuleData/mpitems.xml,Native,0
mp_battania_targe_b,Item,Shield,,Targe,neutral_culture,Native/ModuleData/mpitems.xml,Native,0
mp_battania_two_handed_sword,CraftedItem,CraftedWeapon,TwoHandedSword,Battanian Two Handed Sword,neutral_culture,Native/ModuleData/mpitems.xml,Native,0
mp_battania_twohanded_hammer,CraftedItem,CraftedWeapon,TwoHandedMace,Battanian Spiked Mace,neutral_culture,Native/ModuleData/mpitems.xml,Native,0
mp_battania_warlord_armor,Item,BodyArmor,,Scale Warlord Armor,neutral_culture,Native/ModuleData/mpitems.xml,Native,0
mp_battania_warlord_boots,Item,LegArmor,,Highland Warlord Boots,neutral_culture,Native/ModuleData/mpitems.xml,Native,0
mp_battania_warlord_bracers,Item,HandArmor,,Scale Warlord Bracers,neutral_culture,Native/ModuleData/mpitems.xml,Native,0
mp_battania_warlord_pauldrons,Item,Cape,,Highland Warlord Pauldrons,neutral_culture,Native/ModuleData/mpitems.xml,Native,0
mp_battania_woodcutters_axe,CraftedItem,CraftedWeapon,TwoHandedAxe,Two Handed Woodcutter Axe,neutral_culture,Native/ModuleData/mpitems.xml,Native,0
mp_battania_woodland_boots,Item,,,,,Native/ModuleData/mpcosmetics.xml,Native,0
mp_battania_woodland_chainmail,Item,,,,,Native/ModuleData/mpcosmetics.xml,Native,0
mp_battania_woodland_cloak,Item,,,,,Native/ModuleData/mpcosmetics.xml,Native,0
mp_battania_woodland_outfit,Item,BodyArmor,,Woodland Garments,neutral_culture,Native/ModuleData/mpitems.xml,Native,0
mp_battanian_chainmail_armor_a,Item,BodyArmor,,Heavy Mail Vest,battania,Native/ModuleData/mpitems.xml,Native,0
mp_battanian_chainmail_armor_b,Item,BodyArmor,,Highland Mail Shirt,battania,Native/ModuleData/mpitems.xml,Native,0
mp_battanian_chainmail_armor_c,Item,BodyArmor,,Highland Reinforced Mail over Tartan,battania,Native/ModuleData/mpitems.xml,Native,0
mp_battanian_chainmail_armor_d,Item,BodyArmor,,Highland Reinforced Fian Mail,battania,Native/ModuleData/mpitems.xml,Native,0
mp_battanian_chainmail_shoulder_a,Item,Cape,,Mail Shoulder Pieces,battania,Native/ModuleData/mpitems.xml,Native,0
mp_battanian_chainmail_shoulder_b,Item,Cape,,Mail Shoulder Reinforcements,battania,Native/ModuleData/mpitems.xml,Native,0
mp_battanian_crowned_helmet,Item,,,,,Native/ModuleData/mpcosmetics.xml,Native,0
mp_battanian_leather_shoulder_a,Item,Cape,,Cured Leather Shoulder Pieces,neutral_culture,Native/ModuleData/mpitems.xml,Native,0
mp_battanian_noble_helmet_with_feather,Item,headArmor,,Highland Noble Helmet with Feather,neutral_culture,Native/ModuleData/mpitems.xml,Native,0
mp_battanian_plated_noble_helmet,Item,headArmor,,Highland Plated Noble Helmet,neutral_culture,Native/ModuleData/mpitems.xml,Native,0
mp_battanian_savage_armor,Item,,,,,Native/ModuleData/mpcosmetics.xml,Native,0
mp_battanian_scale_armor_a,Item,BodyArmor,,Highland Scale Armor over Mail Armor,battania,Native/ModuleData/mpitems.xml,Native,0
mp_battanian_scale_armor_b,Item,BodyArmor,,Highland Scale Armor over Cloth,battania,Native/ModuleData/mpitems.xml,Native,0
mp_battanian_throwing_axe,CraftedItem,CraftedWeapon,ThrowingAxe,Battanian Throwing Axe,battania,Native/ModuleData/mpitems.xml,Native,0
mp_battnia_heavy_mace,CraftedItem,CraftedWeapon,Mace,Battanian Heavy Mace,neutral_culture,Native/ModuleData/mpitems.xml,Native,0
mp_bearhead,Item,HeadArmor,,Bear Head,battania,Native/ModuleData/mpitems.xml,Native,0
mp_bearskin,Item,Cape,,Bearskin,neutral_culture,Native/ModuleData/mpitems.xml,Native,0
mp_belted_leather_cuirass,Item,BodyArmor,,Belted Leather Cuirass,neutral_culture,Native/ModuleData/mpitems.xml,Native,0
mp_bolts_imperial,Item,Bolts,,Imperial Bolt,,Native/ModuleData/mpitems.xml,Native,0
mp_bolts_strong,Item,Bolts,,Strong Bolt,,Native/ModuleData/mpitems.xml,Native,0
mp_bolts_western,Item,Bolts,,Bolt,,Native/ModuleData/mpitems.xml,Native,0
mp_bolts_western_extra,Item,Bolts,,Bolt,,Native/ModuleData/mpitems.xml,Native,0
mp_bolts_western_extra_captain,Item,Bolts,,Bolt,,Native/ModuleData/mpitems.xml,Native,0
mp_bound_adarga,Item,Shield,,Bound Adarga,neutral_culture,Native/ModuleData/mpitems.xml,Native,0
mp_bound_desert_round_shield,Item,Shield,,Bound Desert Round Shield,neutral_culture,Native/ModuleData/mpitems.xml,Native,0
mp_brass_lamellar_over_mail,Item,BodyArmor,,Bronze Lamellar over Mail,neutral_culture,Native/ModuleData/mpitems.xml,Native,0
mp_brass_lamellar_shoulder,Item,Cape,,Bronze Lamellar Shoulders,neutral_culture,Native/ModuleData/mpitems.xml,Native,0
mp_brass_lamellar_shoulder_white,Item,Cape,,Northlander Lamellar Shoulders,sturgia,Native/ModuleData/mpitems.xml,Native,0
mp_brass_scale_shoulders,Item,,,,,Native/ModuleData/mpcosmetics.xml,Native,0
mp_buckled_wildsman_armor,Item,BodyArmor,,Buckled Brigandine Armor,neutral_culture,Native/ModuleData/mpitems.xml,Native,0
mp_burlap_sack_dress,Item,BodyArmor,,Burlap Dress,neutral_culture,Native/ModuleData/mpitems.xml,Native,0
mp_burlap_waistcoat,Item,BodyArmor,,Burlap Waistcoat,neutral_culture,Native/ModuleData/mpitems.xml,Native,0
mp_buttoned_leather_bracers,Item,,,,,Native/ModuleData/mpcosmetics.xml,Native,0
mp_camel_saddle,Item,HorseHarness,,Camel Saddle,neutral_culture,Native/ModuleData/mpitems.xml,Native,0
mp_cervelliere_over_arming_coif,Item,HeadArmor,,Cervelliere over Arming Coif,vlandia,Native/ModuleData/mpitems.xml,Native,0
mp_cervelliere_over_padded_cap,Item,HeadArmor,,Cervelliere over Padded Cap,vlandia,Native/ModuleData/mpitems.xml,Native,0
mp_chain_barding,Item,HorseHarness,,Chain Barding,neutral_culture,Native/ModuleData/mpitems.xml,Native,0
mp_chain_horse_harness,Item,HorseHarness,,Chain Horse Harness,neutral_culture,Native/ModuleData/mpitems.xml,Native,0
mp_closed_desert_helmet,Item,HeadArmor,,Closed Desert Helmet,neutral_culture,Native/ModuleData/mpitems.xml,Native,0
mp_closed_desert_helmet_with_mail,Item,HeadArmor,,Closed Desert Helmet with Mail,neutral_culture,Native/ModuleData/mpitems.xml,Native,0
mp_closed_goggled_helmet,Item,HeadArmor,,Closed Goggled Helmet,neutral_culture,Native/ModuleData/mpitems.xml,Native,0
mp_closed_head_scarf,Item,HeadArmor,,Closed Head Scarf,neutral_culture,Native/ModuleData/mpitems.xml,Native,0
mp_cloth_headwrap,Item,HeadArmor,,Cloth Headwrap,vlandia,Native/ModuleData/mpitems.xml,Native,0
mp_cloth_tunic,Item,BodyArmor,,Simple Cloth Tunic,vlandia,Native/ModuleData/mpitems.xml,Native,0
mp_coat_of_plates_over_mail,Item,BodyArmor,,Brigandine over Mail,neutral_culture,Native/ModuleData/mpitems.xml,Native,0
mp_crossbow,Item,Crossbow,,Crossbow,neutral_culture,Native/ModuleData/mpitems.xml,Native,0
mp_crossbow_faster_reload,Item,Crossbow,,Hickory Crossbow,neutral_culture,Native/ModuleData/mpitems.xml,Native,0
mp_crude_leather_armor,Item,BodyArmor,,Crude Hide Armor,neutral_culture,Native/ModuleData/mpitems.xml,Native,0
mp_curved_round_shield,Item,Shield,,Curved Round Shield,neutral_culture,Native/ModuleData/mpitems.xml,Native,0
mp_decorated_goggled_helmet,Item,HeadArmor,,Decorated Goggled Helmet,neutral_culture,Native/ModuleData/mpitems.xml,Native,0
mp_decorated_imperial_boots,Item,,,,,Native/ModuleData/mpcosmetics.xml,Native,0
mp_decorated_imperial_gauntlets,Item,HandArmor,,Decorated Imperial Gauntlets,empire,Native/ModuleData/mpitems.xml,Native,0
mp_decorated_nomad_cap,Item,HeadArmor,,Decorated Nomad Cap,khuzait,Native/ModuleData/mpitems.xml,Native,0
mp_decorated_nordic_hauberk,Item,BodyArmor,,Huscarl Decorated Mail Shirt,neutral_culture,Native/ModuleData/mpitems.xml,Native,0
mp_decorated_steppe_shield,Item,Shield,,Round Khuzait Shield,neutral_culture,Native/ModuleData/mpitems.xml,Native,0
mp_default_dagger,CraftedItem,CraftedWeapon,Dagger,Dagger,neutral_culture,Native/ModuleData/mpitems.xml,Native,0
mp_desert_cap,Item,,,,,Native/ModuleData/mpcosmetics.xml,Native,0
mp_desert_cloth_harness,Item,HorseHarness,,Desert Cloth Harness,neutral_culture,Native/ModuleData/mpitems.xml,Native,0
mp_desert_fabric_shoulderpad,Item,Cape,,Desert Fabric Shoulderpad,aserai,Native/ModuleData/mpitems.xml,Native,0
mp_desert_headdress,Item,HeadArmor,,Desert Headdress,neutral_culture,Native/ModuleData/mpitems.xml,Native,0
mp_desert_helmet,Item,HeadArmor,,Steel Cap,aserai,Native/ModuleData/mpitems.xml,Native,0
mp_desert_helmet_with_mail,Item,HeadArmor,,Desert Helmet with Mail,aserai,Native/ModuleData/mpitems.xml,Native,0
mp_desert_lamellar,Item,BodyArmor,,Aserai Lamellar Armor,neutral_culture,Native/ModuleData/mpitems.xml,Native,0
mp_desert_leather_shoulderpad,Item,,,,,Native/ModuleData/mpcosmetics.xml,Native,0
mp_desert_mail_coif,Item,,,,,Native/ModuleData/mpcosmetics.xml,Native,0
mp_desert_oval_shield,Item,Shield,,Aserai Oval Shield,neutral_culture,Native/ModuleData/mpitems.xml,Native,0
mp_desert_padded_cloth,Item,BodyArmor,,Light Long Padded Armor,neutral_culture,Native/ModuleData/mpitems.xml,Native,0
mp_desert_robe,Item,BodyArmor,,Long Simple Robe,neutral_culture,Native/ModuleData/mpitems.xml,Native,0
mp_desert_robe_over_mail,Item,BodyArmor,,Robe over Mail Hauberk,neutral_culture,Native/ModuleData/mpitems.xml,Native,0
mp_desert_round_shield,Item,Shield,,Round Shield,neutral_culture,Native/ModuleData/mpitems.xml,Native,0
mp_desert_scale_armor,Item,BodyArmor,,Luxury Scale Armor,aserai,Native/ModuleData/mpitems.xml,Native,0
mp_desert_scale_shoulders,Item,Cape,,Reinforced Scale Pauldrons,aserai,Native/ModuleData/mpitems.xml,Native,0
mp_dummy_armor_higher_average,Item,BodyArmor,,Dummy Higher Average,neutral_culture,Native/ModuleData/mpitems.xml,Native,0
mp_dummy_armor_lower_average,Item,BodyArmor,,Dummy Lower Average,neutral_culture,Native/ModuleData/mpitems.xml,Native,0
mp_dummy_armor_max,Item,BodyArmor,,Dummy Max Armor,neutral_culture,Native/ModuleData/mpitems.xml,Native,0
mp_dummy_armor_min,Item,BodyArmor,,Dummy Min Armor,neutral_culture,Native/ModuleData/mpitems.xml,Native,0
mp_eastern_cap,Item,,,,,Native/ModuleData/mpcosmetics.xml,Native,0
mp_eastern_lamellar_armor,Item,,,,,Native/ModuleData/mpcosmetics.xml,Native,0
mp_eastern_leather_boots,Item,,,,,Native/ModuleData/mpcosmetics.xml,Native,0
mp_eastern_plated_leather,Item,,,,,Native/ModuleData/mpcosmetics.xml,Native,0
mp_eastern_plated_leather_vambraces,Item,,,,,Native/ModuleData/mpcosmetics.xml,Native,0
mp_eastern_plated_leather_vest,Item,BodyArmor,,Brigandine Vest,neutral_culture,Native/ModuleData/mpitems.xml,Native,0
mp_eastern_silk_clothing,Item,BodyArmor,,Silk Kaftan,neutral_culture,Native/ModuleData/mpitems.xml,Native,0
mp_eastern_stitched_leather_coat,Item,,,,,Native/ModuleData/mpcosmetics.xml,Native,0
mp_eastern_studded_leather,Item,BodyArmor,,Steppe Studded Leather,neutral_culture,Native/ModuleData/mpitems.xml,Native,0
mp_eastern_studded_shoulders,Item,,,,,Native/ModuleData/mpcosmetics.xml,Native,0
mp_eastern_vendel_helmet,Item,,,,,Native/ModuleData/mpcosmetics.xml,Native,0
mp_eastern_wicker_shield,Item,Shield,,Wicker Square Shield,,Native/ModuleData/mpitems.xml,Native,0
mp_eastern_wrapped_armguards,Item,HandArmor,,Wrapped Armguards,neutral_culture,Native/ModuleData/mpitems.xml,Native,0
mp_emirs_helmet,Item,HeadArmor,,Emir Helmet,neutral_culture,Native/ModuleData/mpitems.xml,Native,0
mp_emirs_oval_shield,Item,Shield,,Decorated Oval Shield,neutral_culture,Native/ModuleData/mpitems.xml,Native,0
mp_empire_axe,CraftedItem,CraftedWeapon,OneHandedAxe,Imperial Axe,neutral_culture,Native/ModuleData/mpitems.xml,Native,0
mp_empire_battle_axe,CraftedItem,CraftedWeapon,TwoHandedAxe,Imperial Battle Axe,neutral_culture,Native/ModuleData/mpitems.xml,Native,0
mp_empire_battle_crown_north,Item,HeadArmor,,Jeweled Plumed Battle Crown,neutral_culture,Native/ModuleData/mpitems.xml,Native,0
mp_empire_battle_crown_west,Item,HeadArmor,,Imperial Plumed Helmet,neutral_culture,Native/ModuleData/mpitems.xml,Native,0
mp_empire_cavalry_mace,CraftedItem,CraftedWeapon,Mace,Imperial Cavalry Mace,neutral_culture,Native/ModuleData/mpitems.xml,Native,0
mp_empire_cavalry_menavlion,CraftedItem,CraftedWeapon,TwoHandedPolearm,Cavalry Menavlion,neutral_culture,Native/ModuleData/mpitems.xml,Native,0
mp_empire_gladius,CraftedItem,CraftedWeapon,OneHandedSword,Gladius,neutral_culture,Native/ModuleData/mpitems.xml,Native,0
mp_empire_guarded_lord_helmet,Item,,,,,Native/ModuleData/mpcosmetics.xml,Native,0
mp_empire_heavy_axe,CraftedItem,CraftedWeapon,OneHandedAxe,Imperial Heavy Axe,neutral_culture,Native/ModuleData/mpitems.xml,Native,0
mp_empire_heavy_lance,CraftedItem,CraftedWeapon,TwoHandedPolearm,Heavy Kontos,neutral_culture,Native/ModuleData/mpitems.xml,Native,0
mp_empire_heavy_mace,CraftedItem,CraftedWeapon,Mace,Imperial Heavy Mace,neutral_culture,Native/ModuleData/mpitems.xml,Native,0
mp_empire_heavy_menavlion,CraftedItem,CraftedWeapon,TwoHandedPolearm,Heavy Menavlion,neutral_culture,Native/ModuleData/mpitems.xml,Native,0
mp_empire_helmet_with_metal_strips,Item,headArmor,,Guarded Lord Helmet,empire,Native/ModuleData/mpitems.xml,Native,0
mp_empire_horse,Item,Horse,,Courser,,Native/ModuleData/mpitems.xml,Native,0
mp_empire_horse_agile,Item,Horse,,Midlands Palfrey,,Native/ModuleData/mpitems.xml,Native,0
mp_empire_horse_faster,Item,Horse,,Danustica Horse,,Native/ModuleData/mpitems.xml,Native,0
mp_empire_horse_war,Item,Horse,,Imperial Warhorse,,Native/ModuleData/mpitems.xml,Native,0
mp_empire_horse_war_agile,Item,Horse,,War Courser,,Native/ModuleData/mpitems.xml,Native,0
mp_empire_horse_war_charger,Item,Horse,,Imperial Charger,,Native/ModuleData/mpitems.xml,Native,0
mp_empire_horseman_boots,Item,,,,,Native/ModuleData/mpcosmetics.xml,Native,0
mp_empire_javelin,CraftedItem,CraftedWeapon,Javelin,Imperial Javelin,neutral_culture,Native/ModuleData/mpitems.xml,Native,0
mp_empire_javelin_captain,CraftedItem,CraftedWeapon,Javelin,Imperial Javelins,neutral_culture,Native/ModuleData/mpitems.xml,Native,0
mp_empire_lance,CraftedItem,CraftedWeapon,TwoHandedPolearm,Kontos,neutral_culture,Native/ModuleData/mpitems.xml,Native,0
mp_empire_legion_a,Item,BodyArmor,,Decorated Legionary Mail,empire,Native/ModuleData/mpitems.xml,Native,0
mp_empire_legion_b,Item,BodyArmor,,Ornate Legionary Scale Mail,empire,Native/ModuleData/mpitems.xml,Native,0
mp_empire_long_menavlion,CraftedItem,CraftedWeapon,TwoHandedPolearm,Long Menavlion,neutral_culture,Native/ModuleData/mpitems.xml,Native,0
mp_empire_long_paramerion,CraftedItem,CraftedWeapon,OneHandedSword,Long Paramerion,neutral_culture,Native/ModuleData/mpitems.xml,Native,0
mp_empire_long_spatha,CraftedItem,CraftedWeapon,OneHandedSword,Long Spatha,neutral_culture,Native/ModuleData/mpitems.xml,Native,0
mp_empire_long_twohandedaxe,CraftedItem,CraftedWeapon,TwoHandedAxe,Skoldern Twohanded Axe,neutral_culture,Native/ModuleData/mpitems.xml,Native,0
mp_empire_lord_helmet,Item,headArmor,,Lordly Helmet,empire,Native/ModuleData/mpitems.xml,Native,0
mp_empire_mace,CraftedItem,CraftedWeapon,Mace,Imperial Mace,neutral_culture,Native/ModuleData/mpitems.xml,Native,0
mp_empire_menavlion,CraftedItem,CraftedWeapon,TwoHandedPolearm,Menavlion,neutral_culture,Native/ModuleData/mpitems.xml,Native,0
mp_empire_paramerion,CraftedItem,CraftedWeapon,OneHandedSword,Paramerion,neutral_culture,Native/ModuleData/mpitems.xml,Native,0
mp_empire_polearm,CraftedItem,CraftedWeapon,TwoHandedPolearm,Imperial Polearm,,Native/ModuleData/mpitems.xml,Native,0
mp_empire_pugio,CraftedItem,CraftedWeapon,OneHandedSword,Pugio,neutral_culture,Native/ModuleData/mpitems.xml,Native,0
mp_empire_short_dress,Item,BodyArmor,,Short Tunic,empire,Native/ModuleData/mpitems.xml,Native,0
mp_empire_short_twohandedaxe,CraftedItem,CraftedWeapon,TwoHandedAxe,Short Skoldern Twohanded Axe,neutral_culture,Native/ModuleData/mpitems.xml,Native,0
mp_empire_spatha,CraftedItem,CraftedWeapon,OneHandedSword,Spatha,neutral_culture,Native/ModuleData/mpitems.xml,Native,0
mp_empire_warrior_padded_armor_a,Item,BodyArmor,,Infantryman Gambeson,neutral_culture,Native/ModuleData/mpitems.xml,Native,0
mp_empire_warrior_padded_armor_b,Item,BodyArmor,,Infantryman Gambeson over Leather Jacket,neutral_culture,Native/ModuleData/mpitems.xml,Native,0
mp_empire_warrior_padded_armor_c,Item,BodyArmor,,Infantryman Gambeson with Skirts,neutral_culture,Native/ModuleData/mpitems.xml,Native,0
mp_empire_warrior_padded_armor_d,Item,BodyArmor,,Infantryman Gambeson with Straps,neutral_culture,Native/ModuleData/mpitems.xml,Native,0
mp_empire_warrior_padded_armor_e,Item,BodyArmor,,Infantryman Long Gambeson,empire,Native/ModuleData/mpitems.xml,Native,0
mp_empire_warrior_padded_armor_f,Item,BodyArmor,,Auxiliary Armor,empire,Native/ModuleData/mpitems.xml,Native,0
mp_empire_warrior_padded_armor_g,Item,,,,,Native/ModuleData/mpcosmetics.xml,Native,0
mp_empire_warrior_padded_armor_shoulder,Item,,,,,Native/ModuleData/mpcosmetics.xml,Native,0
mp_fast_hunting_bow,Item,Bow,,Fast Hunting Bow,neutral_culture,Native/ModuleData/mpitems.xml,Native,0
mp_fast_short_bow,Item,Bow,,Fast Short Bow,neutral_culture,Native/ModuleData/mpitems.xml,Native,0
mp_feathered_spangenhelm_over_imperial_coif,Item,HeadArmor,,Feathered Spangenhelm over Coif,neutral_culture,Native/ModuleData/mpitems.xml,Native,0
mp_fine_town_boots,Item,,,,,Native/ModuleData/mpcosmetics.xml,Native,0
mp_fine_town_tunic,Item,BodyArmor,,Rich Tunic,empire,Native/ModuleData/mpitems.xml,Native,0
mp_folded_town_boots,Item,LegArmor,,Folded Town Boots,empire,Native/ModuleData/mpitems.xml,Native,0
mp_footmans_tunic,Item,,,,,Native/ModuleData/mpcosmetics.xml,Native,0
mp_footmans_wicker_shield,Item,Shield,,Footman Wicker Shield,neutral_culture,Native/ModuleData/mpitems.xml,Native,0
mp_full_helm_over_arming_coif,Item,HeadArmor,,Full Helm over Arming Coif,neutral_culture,Native/ModuleData/mpitems.xml,Native,0
mp_full_helm_over_cloth_headwrap,Item,HeadArmor,,Full Helm over Cloth Headwrap,neutral_culture,Native/ModuleData/mpitems.xml,Native,0
mp_full_helm_over_laced_coif,Item,HeadArmor,,Full Helm over Laced Coif,neutral_culture,Native/ModuleData/mpitems.xml,Native,0
mp_full_helm_over_mail_coif,Item,,,,,Native/ModuleData/mpcosmetics.xml,Native,0
mp_full_helm_over_padded_cap,Item,,,,,Native/ModuleData/mpcosmetics.xml,Native,0
mp_full_helm_over_padded_cloth,Item,HeadArmor,,Full Helm over Padded Cloth,vlandia,Native/ModuleData/mpitems.xml,Native,0
mp_fur_armor,Item,BodyArmor,,Fur Armor,neutral_culture,Native/ModuleData/mpitems.xml,Native,0
mp_fur_armor_with_strap,Item,BodyArmor,,Fur Armor with Strap,battania,Native/ModuleData/mpitems.xml,Native,0
mp_fur_hat,Item,,,,,Native/ModuleData/mpcosmetics.xml,Native,0
mp_fur_hood,Item,HeadArmor,,Fur Hood,neutral_culture,Native/ModuleData/mpitems.xml,Native,0
mp_fur_skirt,Item,BodyArmor,,Fur Skirt,neutral_culture,Native/ModuleData/mpitems.xml,Native,0
mp_fur_skirt_with_tunic,Item,BodyArmor,,Fur Skirt with Tunic,neutral_culture,Native/ModuleData/mpitems.xml,Native,0
mp_fur_waistcoat_over_tunic,Item,BodyArmor,,Fur Waistcoat over Tunic,neutral_culture,Native/ModuleData/mpitems.xml,Native,0
mp_gambeson_b,Item,BodyArmor,,Heavy Aketon,neutral_culture,Native/ModuleData/mpitems.xml,Native,0
mp_goggled_helmet_over_full_mail,Item,HeadArmor,,Closed Huscarl Helmet,neutral_culture,Native/ModuleData/mpitems.xml,Native,0
mp_goggled_helmet_over_leather,Item,HeadArmor,,Goggled Helmet over Leather,neutral_culture,Native/ModuleData/mpitems.xml,Native,0
mp_goggled_helmet_over_mail,Item,HeadArmor,,Goggled Helmet over Mail,neutral_culture,Native/ModuleData/mpitems.xml,Native,0
mp_green_hood,Item,Cape,,Green Hood,neutral_culture,Native/ModuleData/mpitems.xml,Native,0
mp_guarded_armwraps,Item,,,,,Native/ModuleData/mpcosmetics.xml,Native,0
mp_guarded_padded_vambrace,Item,HandArmor,,Guarded Padded Vambraces,neutral_culture,Native/ModuleData/mpitems.xml,Native,0
mp_guards_bow,Item,Bow,,Guard's Bow,neutral_culture,Native/ModuleData/mpitems.xml,Native,0
mp_guards_kettle_over_laced_coif,Item,HeadArmor,,Kettle over Laced Coif,neutral_culture,Native/ModuleData/mpitems.xml,Native,0
mp_guards_kettle_over_mail_coif,Item,HeadArmor,,Kettle over Mail Coif,vlandia,Native/ModuleData/mpitems.xml,Native,0
mp_guards_kettle_over_padded_coif,Item,HeadArmor,,Kettle over Padded Coif,vlandia,Native/ModuleData/mpitems.xml,Native,0
mp_half_mail_and_plate_barding,Item,HorseHarness,,Half Mail and Plate Barding,neutral_culture,Native/ModuleData/mpitems.xml,Native,0
mp_half_scale_barding,Item,HorseHarness,,Half Scale Barding,neutral_culture,Native/ModuleData/mpitems.xml,Native,0
mp_halfchain_barding,Item,HorseHarness,,Halfchain Barding,neutral_culture,Native/ModuleData/mpitems.xml,Native,0
mp_hatchet_axe,CraftedItem,CraftedWeapon,OneHandedAxe,Hatchet,neutral_culture,Native/ModuleData/mpitems.xml,Native,0
mp_hauberk,Item,,,,,Native/ModuleData/mpcosmetics.xml,Native,0
mp_heavier_crossbow,Item,Crossbow,,Arbalest,neutral_culture,Native/ModuleData/mpitems.xml,Native,0
mp_heavier_crossbow_faster_draw,Item,Crossbow,,Heavy Crossbow,neutral_culture,Native/ModuleData/mpitems.xml,Native,0
mp_heavy_heater_shield,Item,Shield,,Heavy Heater Shield,vlandia,Native/ModuleData/mpitems.xml,Native,0
mp_heavy_horsemans_kite_shield,Item,Shield,,Heavy Horseman Kite Shield,neutral_culture,Native/ModuleData/mpitems.xml,Native,0
mp_heavy_nasalhelm_over_imperial_leather,Item,HeadArmor,,Heavy Nasalhelm over Leather,empire,Native/ModuleData/mpitems.xml,Native,0
mp_heavy_nasalhelm_over_imperial_mail,Item,HeadArmor,,Heavy Nasalhelm over Mail,empire,Native/ModuleData/mpitems.xml,Native,0
mp_heavy_nasalhelm_over_laced_cloth,Item,HeadArmor,,Heavy Nasalhelm over Laced Cloth,empire,Native/ModuleData/mpitems.xml,Native,0
mp_heavy_nordic_coat,Item,,,,,Native/ModuleData/mpcosmetics.xml,Native,0
mp_heavy_nordic_tunic,Item,BodyArmor,,Heavy Tunic,neutral_culture,Native/ModuleData/mpitems.xml,Native,0
mp_heavy_oval_shield,Item,Shield,,Heavy Oval Shield,neutral_culture,Native/ModuleData/mpitems.xml,Native,0
mp_heavy_skirt,Item,BodyArmor,,Imperial Lamellar Armor,neutral_culture,Native/ModuleData/mpitems.xml,Native,0
mp_helmet_with_faceguard,Item,,,,,Native/ModuleData/mpcosmetics.xml,Native,0
mp_hemp_tunic,Item,BodyArmor,,Hemp Tunic,empire,Native/ModuleData/mpitems.xml,Native,0
mp_highland_boots,Item,,,,,Native/ModuleData/mpcosmetics.xml,Native,0
mp_highland_cloth,Item,BodyArmor,,Woodland Cloth Armor,neutral_culture,Native/ModuleData/mpitems.xml,Native,0
mp_highland_gloves,Item,,,,,Native/ModuleData/mpcosmetics.xml,Native,0
mp_highland_leg_wrappings,Item,,,,,Native/ModuleData/mpcosmetics.xml,Native,0
mp_highland_riders_shield,Item,Shield,,Battanian Cavalry Shield,neutral_culture,Native/ModuleData/mpitems.xml,Native,0
mp_highland_scouts_shield,Item,Shield,,Battanian Scout Shield,neutral_culture,Native/ModuleData/mpitems.xml,Native,0
mp_hood,Item,,,,,Native/ModuleData/mpcosmetics.xml,Native,0
mp_hunting_bow,Item,Bow,,Hunting Bow,neutral_culture,Native/ModuleData/mpitems.xml,Native,0
mp_hunting_bow_captain,Item,Bow,,Hunting Bow,neutral_culture,Native/ModuleData/mpitems.xml,Native,0
mp_hunting_bow_faster_arrows,Item,Bow,,Hunting Bow,neutral_culture,Native/ModuleData/mpitems.xml,Native,0
mp_hunting_long_bow,Item,Bow,,Hunting Longbow,neutral_culture,Native/ModuleData/mpitems.xml,Native,0
mp_imperial_cloth_coif,Item,HeadArmor,,Cloth Coif,neutral_culture,Native/ModuleData/mpitems.xml,Native,0
mp_imperial_goggled_helmet,Item,,,,,Native/ModuleData/mpcosmetics.xml,Native,0
mp_imperial_lamellar,Item,,,,,Native/ModuleData/mpcosmetics.xml,Native,0
mp_imperial_lamellar_over_leather,Item,,,,,Native/ModuleData/mpcosmetics.xml,Native,0
mp_imperial_lamellar_shoulders,Item,Cape,,Lamellar Shoulders,neutral_culture,Native/ModuleData/mpitems.xml,Native,0
mp_imperial_leather_coif,Item,,,,,Native/ModuleData/mpcosmetics.xml,Native,0
mp_imperial_mail_over_leather,Item,BodyArmor,,Infantryman Mail over Leather,neutral_culture,Native/ModuleData/mpitems.xml,Native,0
mp_imperial_mail_over_stripped_leather,Item,BodyArmor,,Infantryman Mail over Stripped Leather,neutral_culture,Native/ModuleData/mpitems.xml,Native,0
mp_imperial_mail_vest,Item,,,,,Native/ModuleData/mpcosmetics.xml,Native,0
mp_imperial_nasal_helm,Item,HeadArmor,,Legionary Helm,neutral_culture,Native/ModuleData/mpitems.xml,Native,0
mp_imperial_recurve_bow,Item,Bow,,Imperial Recurve Bow,neutral_culture,Native/ModuleData/mpitems.xml,Native,0
mp_imperial_riding_harness,Item,HorseHarness,,Imperial Riding Harness,neutral_culture,Native/ModuleData/mpitems.xml,Native,0
mp_imperial_robes,Item,BodyArmor,,Toga,empire,Native/ModuleData/mpitems.xml,Native,0
mp_imperial_scale_armor,Item,BodyArmor,,Heavy Scale Armor over Mail Hauberk,neutral_culture,Native/ModuleData/mpitems.xml,Native,0
mp_imperial_scale_barding,Item,HorseHarness,,Imperial Scale Barding,neutral_culture,Native/ModuleData/mpitems.xml,Native,0
mp_imperial_studded_strip_shoulders,Item,,,,,Native/ModuleData/mpcosmetics.xml,Native,0
mp_ironlame_feathered_spangenhelm,Item,HeadArmor,,Ironlame Feathered Spangenhelm,neutral_culture,Native/ModuleData/mpitems.xml,Native,0
mp_ironlame_feathered_spangenhelm_over_leather,Item,HeadArmor,,Ironlame Feathered Spangenhelm over Leather,neutral_culture,Native/ModuleData/mpitems.xml,Native,0
mp_ironlame_feathered_spangenhelm_over_mail,Item,HeadArmor,,Iron Feathered Spangenhelm over Mail,neutral_culture,Native/ModuleData/mpitems.xml,Native,0
mp_ironlame_nasalhelm_over_imperial_mail,Item,,,,,Native/ModuleData/mpcosmetics.xml,Native,0
mp_ironlame_roundkettle_over_imperial_mail,Item,HeadArmor,,Iron Roundkettle over Mail,empire,Native/ModuleData/mpitems.xml,Native,0
mp_ironlame_spiked_kettle_over_mail,Item,HeadArmor,,Iron Spiked Kettle over Mail,empire,Native/ModuleData/mpitems.xml,Native,0
mp_ironrim_kite_shield,Item,Shield,,Ironrimmed Kite Shield,neutral_culture,Native/ModuleData/mpitems.xml,Native,0
mp_ironrim_riders_kite_shield,Item,Shield,,Reinforced Iron Rimmed Kite Shield,,Native/ModuleData/mpitems.xml,Native,0
mp_javelin,CraftedItem,CraftedWeapon,Javelin,Javelin,neutral_culture,Native/ModuleData/mpitems.xml,Native,0
mp_javelin_captain,CraftedItem,CraftedWeapon,Javelin,Javelins,neutral_culture,Native/ModuleData/mpitems.xml,Native,0
mp_javelin_extraammo,CraftedItem,CraftedWeapon,Javelin,Javelin,neutral_culture,Native/ModuleData/mpitems.xml,Native,0
mp_javelin_extraammo_captain,CraftedItem,CraftedWeapon,Javelin,Javelins,neutral_culture,Native/ModuleData/mpitems.xml,Native,0
mp_jereed,CraftedItem,CraftedWeapon,Javelin,Jereed,neutral_culture,Native/ModuleData/mpitems.xml,Native,0
mp_jereed_captain,CraftedItem,CraftedWeapon,Javelin,Jereed,neutral_culture,Native/ModuleData/mpitems.xml,Native,0
mp_jereed_extra,CraftedItem,CraftedWeapon,Javelin,Jereed,neutral_culture,Native/ModuleData/mpitems.xml,Native,0
mp_jereed_extra_captain,CraftedItem,CraftedWeapon,Javelin,Jereed,neutral_culture,Native/ModuleData/mpitems.xml,Native,0
mp_kettle_hat_over_mail_coif,Item,,,,,Native/ModuleData/mpcosmetics.xml,Native,0
mp_kettle_hat_over_padded_cloth,Item,HeadArmor,,Kettle Hat over Padded Cloth,neutral_culture,Native/ModuleData/mpitems.xml,Native,0
mp_kettle_hat_over_padded_coif,Item,HeadArmor,,Kettle Hat over Padded Coif,vlandia,Native/ModuleData/mpitems.xml,Native,0
mp_kettle_helmet_over_arming_coif,Item,HeadArmor,,Kettle Helmet over Arming Coif,neutral_culture,Native/ModuleData/mpitems.xml,Native,0
mp_kettle_helmet_over_laced_coif,Item,HeadArmor,,Kettle Helmet over Laced Coif,neutral_culture,Native/ModuleData/mpitems.xml,Native,0
mp_kettle_helmet_over_mail,Item,,,,,Native/ModuleData/mpcosmetics.xml,Native,0
mp_kettle_helmet_over_padded_cap,Item,HeadArmor,,Kettle Helmet over Padded Cap,vlandia,Native/ModuleData/mpitems.xml,Native,0
mp_kettle_helmet_over_padded_cloth,Item,,,,,Native/ModuleData/mpcosmetics.xml,Native,0
mp_kettle_helmet_over_padded_coif,Item,HeadArmor,,Kettle Helmet over Padded Coif,vlandia,Native/ModuleData/mpitems.xml,Native,0
mp_kettle_helmet_with_leather,Item,HeadArmor,,Kettle Helmet with Leather,neutral_culture,Native/ModuleData/mpitems.xml,Native,0
mp_khuzait_battle_crown,Item,HeadArmor,,Khuzait Battle Crown,neutral_culture,Native/ModuleData/mpitems.xml,Native,0
mp_khuzait_belt_leather,Item,,,,,Native/ModuleData/mpcosmetics.xml,Native,0
mp_khuzait_cavalry_mace,CraftedItem,CraftedWeapon,Mace,Khuzait Cavalry Mace,neutral_culture,Native/ModuleData/mpitems.xml,Native,0
mp_khuzait_cavalry_sabre,CraftedItem,CraftedWeapon,OneHandedSword,Kilij,neutral_culture,Native/ModuleData/mpitems.xml,Native,0
mp_khuzait_cavalry_spear,CraftedItem,CraftedWeapon,TwoHandedPolearm,Khuzait Cavalry Spear,neutral_culture,Native/ModuleData/mpitems.xml,Native,0
mp_khuzait_civil_coat_b,Item,,,,,Native/ModuleData/mpcosmetics.xml,Native,0
mp_khuzait_curved_boots,Item,,,,,Native/ModuleData/mpcosmetics.xml,Native,0
mp_khuzait_extra_throwing_spear,CraftedItem,CraftedWeapon,TwoHandedPolearm,Khuzait Throwing Spear,neutral_culture,Native/ModuleData/mpitems.xml,Native,0
mp_khuzait_fortified_armor,Item,,,,,Native/ModuleData/mpcosmetics.xml,Native,0
mp_khuzait_glaive,CraftedItem,CraftedWeapon,TwoHandedPolearm,Glaive,neutral_culture,Native/ModuleData/mpitems.xml,Native,0
mp_khuzait_heavy_glaive,CraftedItem,CraftedWeapon,TwoHandedPolearm,Heavy Glaive,neutral_culture,Native/ModuleData/mpitems.xml,Native,0
mp_khuzait_heavy_mace,CraftedItem,CraftedWeapon,Mace,Khuzait Heavy Mace,neutral_culture,Native/ModuleData/mpitems.xml,Native,0
mp_khuzait_heavy_sabre,CraftedItem,CraftedWeapon,OneHandedSword,Heavy Ild,neutral_culture,Native/ModuleData/mpitems.xml,Native,0
mp_khuzait_horse,Item,Horse,,Steppe Horse,,Native/ModuleData/mpitems.xml,Native,0
mp_khuzait_horse_agile,Item,Horse,,Tarpan,,Native/ModuleData/mpitems.xml,Native,0
mp_khuzait_horse_charger,Item,Horse,,Steppe Charger,,Native/ModuleData/mpitems.xml,Native,0
mp_khuzait_horse_saddle,Item,Horse,,Steppe Saddle Horse,,Native/ModuleData/mpitems.xml,Native,0
mp_khuzait_horse_saddle_thougher,Item,Horse,,Steppe Tough Horse,,Native/ModuleData/mpitems.xml,Native,0
mp_khuzait_horse_tougher,Item,Horse,,Makeb Horse,,Native/ModuleData/mpitems.xml,Native,0
mp_khuzait_horse_war,Item,Horse,,Steppe Warhorse,,Native/ModuleData/mpitems.xml,Native,0
mp_khuzait_horse_war_light,Item,Horse,,Steppe Battlehorse,,Native/ModuleData/mpitems.xml,Native,0
mp_khuzait_lamellar_strapped,Item,BodyArmor,,Reinforced Leather Armor,khuzait,Native/ModuleData/mpitems.xml,Native,0
mp_khuzait_lance,CraftedItem,CraftedWeapon,TwoHandedPolearm,Khuzait Lance,neutral_culture,Native/ModuleData/mpitems.xml,Native,0
mp_khuzait_lance_heavy,CraftedItem,CraftedWeapon,TwoHandedPolearm,Khuzait Lance,neutral_culture,Native/ModuleData/mpitems.xml,Native,0
mp_khuzait_lance_long,CraftedItem,CraftedWeapon,TwoHandedPolearm,Khuzait Long Lance,neutral_culture,Native/ModuleData/mpitems.xml,Native,0
mp_khuzait_leather_pauldron,Item,Cape,,Steppe Leather Pauldron,neutral_culture,Native/ModuleData/mpitems.xml,Native,0
mp_khuzait_leather_stitched,Item,BodyArmor,,Steppe Stitched Leather,empire,Native/ModuleData/mpitems.xml,Native,0
mp_khuzait_light_axe,CraftedItem,CraftedWeapon,OneHandedAxe,Eastern Light Axe,neutral_culture,Native/ModuleData/mpitems.xml,Native,0
mp_khuzait_long_infantry_spear,CraftedItem,CraftedWeapon,TwoHandedPolearm,Khuzait Long Infantry Spear,neutral_culture,Native/ModuleData/mpitems.xml,Native,0
mp_khuzait_long_spear,CraftedItem,CraftedWeapon,TwoHandedPolearm,Khuzait Long Spear,neutral_culture,Native/ModuleData/mpitems.xml,Native,0
mp_khuzait_mace,CraftedItem,CraftedWeapon,Mace,Khuzait Infantry Club,neutral_culture,Native/ModuleData/mpitems.xml,Native,0
mp_khuzait_noble_helmet_with_feathers,Item,HeadArmor,,Noble Lancer Helmet,khuzait,Native/ModuleData/mpitems.xml,Native,0
mp_khuzait_noble_helmet_with_fur,Item,headArmor,,Noble Helmet with Fur,khuzait,Native/ModuleData/mpitems.xml,Native,0
mp_khuzait_noble_helmet_with_neckguard,Item,,,,,Native/ModuleData/mpcosmetics.xml,Native,0
mp_khuzait_pike,CraftedItem,CraftedWeapon,Pike,Khuzait Pike,neutral_culture,Native/ModuleData/mpitems.xml,Native,0
mp_khuzait_sabre,CraftedItem,CraftedWeapon,OneHandedSword,Ild,neutral_culture,Native/ModuleData/mpitems.xml,Native,0
mp_khuzait_short_spear,CraftedItem,CraftedWeapon,TwoHandedPolearm,Khuzait Short Spear,neutral_culture,Native/ModuleData/mpitems.xml,Native,0
mp_khuzait_sichel,CraftedItem,CraftedWeapon,OneHandedAxe,Eastern Sickle,neutral_culture,Native/ModuleData/mpitems.xml,Native,0
mp_khuzait_spear,CraftedItem,CraftedWeapon,TwoHandedPolearm,Khuzait Spear,neutral_culture,Native/ModuleData/mpitems.xml,Native,0
mp_khuzait_sturdy_armor,Item,,,,,Native/ModuleData/mpcosmetics.xml,Native,0
mp_khuzait_throwing_spear,CraftedItem,CraftedWeapon,TwoHandedPolearm,Khuzait Throwing Spear,neutral_culture,Native/ModuleData/mpitems.xml,Native,0
mp_kilt_over_plated_leather,Item,BodyArmor,,Kilt over Plated Leather,battania,Native/ModuleData/mpitems.xml,Native,0
mp_laced_cloth_coif,Item,HeadArmor,,Laced Cloth Coif,empire,Native/ModuleData/mpitems.xml,Native,0
mp_laced_coif,Item,,,,,Native/ModuleData/mpcosmetics.xml,Native,0
mp_lamellar_plate_boots,Item,,,,,Native/ModuleData/mpcosmetics.xml,Native,0
mp_lamellar_plate_gauntlets,Item,,,,,Native/ModuleData/mpcosmetics.xml,Native,0
mp_lamellar_shoulders,Item,,,,,Native/ModuleData/mpcosmetics.xml,Native,0
mp_lamellar_with_scale_skirt,Item,BodyArmor,,Lamellar with Scale Skirt,neutral_culture,Native/ModuleData/mpitems.xml,Native,0
mp_layered_leather_tunic,Item,,,,,Native/ModuleData/mpcosmetics.xml,Native,0
mp_layered_robe,Item,BodyArmor,,Layered Robe,neutral_culture,Native/ModuleData/mpitems.xml,Native,0
mp_leather_boots,Item,,,,,Native/ModuleData/mpcosmetics.xml,Native,0
mp_leather_bound_kite_shield,Item,Shield,,Leather Bound Kite Shield,,Native/ModuleData/mpitems.xml,Native,0
mp_leather_cap,Item,,,,,Native/ModuleData/mpcosmetics.xml,Native,0
mp_leather_cavalier_boots,Item,,,,,Native/ModuleData/mpcosmetics.xml,Native,0
mp_leather_coat,Item,BodyArmor,,Leather Tunic,neutral_culture,Native/ModuleData/mpitems.xml,Native,0
mp_leather_coat_over_cloth,Item,BodyArmor,,Leather Coat over Cloth,vlandia,Native/ModuleData/mpitems.xml,Native,0
mp_leather_gloves,Item,,,,,Native/ModuleData/mpcosmetics.xml,Native,0
mp_leather_lamellar_armor,Item,,,,,Native/ModuleData/mpcosmetics.xml,Native,0
mp_leather_lamellar_shoulders,Item,,,,,Native/ModuleData/mpcosmetics.xml,Native,0
mp_leather_round_shield,Item,Shield,,Large Round Shield,sturgia,Native/ModuleData/mpitems.xml,Native,0
mp_leather_round_shield_light,Item,Shield,,Light Round Shield,sturgia,Native/ModuleData/mpitems.xml,Native,0
mp_leather_scale_armor,Item,BodyArmor,,Leather Scale Armor,neutral_culture,Native/ModuleData/mpitems.xml,Native,0
mp_leather_shoes,Item,LegArmor,,Leather Shoes,neutral_culture,Native/ModuleData/mpitems.xml,Native,0
mp_leather_strips_over_padded_robe,Item,BodyArmor,,Leather Strips over Padded Robe,aserai,Native/ModuleData/mpitems.xml,Native,0
mp_leather_studdedhelm,Item,HeadArmor,,Leather Studded Helm,neutral_culture,Native/ModuleData/mpitems.xml,Native,0
mp_leather_studdedhelm_over_headcloth,Item,HeadArmor,,Leather Studded Helm over Headcloth,neutral_culture,Native/ModuleData/mpitems.xml,Native,0
mp_leather_studdedhelm_over_roughscale,Item,HeadArmor,,Leather Studded Helm over Roughscale,neutral_culture,Native/ModuleData/mpitems.xml,Native,0
mp_leather_studdedhelm_over_thinhide,Item,HeadArmor,,Leather Studded Helm over Thinhide,neutral_culture,Native/ModuleData/mpitems.xml,Native,0
mp_leather_tunic,Item,BodyArmor,,Leather Tunic,empire,Native/ModuleData/mpitems.xml,Native,0
mp_leatherlame_feathered_spangenhelm_over_leather,Item,HeadArmor,,Bronze Feathered Spangenhelm over Leather,empire,Native/ModuleData/mpitems.xml,Native,0
mp_leatherlame_feathered_spangenhelm_over_mail,Item,HeadArmor,,Feathered Spangenhelm over Mail,neutral_culture,Native/ModuleData/mpitems.xml,Native,0
mp_leatherlame_nasalhelm_over_imperial_leather,Item,HeadArmor,,Nasalhelm over Leather,neutral_culture,Native/ModuleData/mpitems.xml,Native,0
mp_leatherlame_nasalhelm_over_imperial_mail,Item,HeadArmor,,Bronze Nasalhelm over Mail,empire,Native/ModuleData/mpitems.xml,Native,0
mp_legionary_mail,Item,,,,,Native/ModuleData/mpcosmetics.xml,Native,0
mp_lendman_helmet_over_full_mail,Item,HeadArmor,,Lendman Helmet over Full Mail,neutral_culture,Native/ModuleData/mpitems.xml,Native,0
mp_lendman_helmet_over_mail,Item,HeadArmor,,Raider Helmet over Mail,neutral_culture,Native/ModuleData/mpitems.xml,Native,0
mp_leopard_pelt,Item,Cape,,Leopard Pelt,neutral_culture,Native/ModuleData/mpitems.xml,Native,0
mp_light_armor,Item,BodyArmor,,mp_light_armor,neutral_culture,Native/ModuleData/mpitems.xml,Native,0
mp_light_crossbow,Item,Crossbow,,Light Crossbow,neutral_culture,Native/ModuleData/mpitems.xml,Native,0
mp_light_harness,Item,HorseHarness,,Light Harness,neutral_culture,Native/ModuleData/mpitems.xml,Native,0
mp_light_javelin,CraftedItem,CraftedWeapon,Javelin,Light Javelin,neutral_culture,Native/ModuleData/mpitems.xml,Native,0
mp_light_oval_shield,Item,Shield,,Light Oval Shield,neutral_culture,Native/ModuleData/mpitems.xml,Native,0
mp_lighter_reinforced_kite_shield,Item,Shield,,Lighter Oaken Kite Shield,,Native/ModuleData/mpitems.xml,Native,0
mp_long_bow,Item,Bow,,Longbow,neutral_culture,Native/ModuleData/mpitems.xml,Native,0
mp_long_desert_robe,Item,BodyArmor,,Long Desert Robe,neutral_culture,Native/ModuleData/mpitems.xml,Native,0
mp_long_fur_coat,Item,BodyArmor,,Long Fur Coat,battania,Native/ModuleData/mpitems.xml,Native,0
mp_long_hemp_tunic,Item,BodyArmor,,Long Hemp Tunic,neutral_culture,Native/ModuleData/mpitems.xml,Native,0
mp_long_padded_robe,Item,,,,,Native/ModuleData/mpcosmetics.xml,Native,0
mp_long_woolen_tunic,Item,BodyArmor,,Long Woolen Tunic,vlandia,Native/ModuleData/mpitems.xml,Native,0
mp_loose_wrapped_desert_helmet,Item,HeadArmor,,Loose Wrapped Desert Helmet,neutral_culture,Native/ModuleData/mpitems.xml,Native,0
mp_lordly_mail_mitten,Item,HandArmor,,Heavy Mail Mittens,neutral_culture,Native/ModuleData/mpitems.xml,Native,0
mp_lowland_long_bow,Item,Bow,,Lowland Longbow,neutral_culture,Native/ModuleData/mpitems.xml,Native,0
mp_mail_and_plate_barding,Item,HorseHarness,,Mail and Plate Barding,neutral_culture,Native/ModuleData/mpitems.xml,Native,0
mp_mail_cavalier_boots,Item,,,,,Native/ModuleData/mpcosmetics.xml,Native,0
mp_mail_chausses,Item,,,,,Native/ModuleData/mpcosmetics.xml,Native,0
mp_mail_coif,Item,HeadArmor,,Mail Coif with Helmet Padding,empire,Native/ModuleData/mpitems.xml,Native,0
mp_mail_mitten,Item,,,,,Native/ModuleData/mpcosmetics.xml,Native,0
mp_mail_shirt,Item,,,,,Native/ModuleData/mpcosmetics.xml,Native,0
mp_mail_shoulders,Item,Cape,,Mail Shoulders,sturgia,Native/ModuleData/mpitems.xml,Native,0
mp_medium_skirt,Item,BodyArmor,,Thick Brigandine Vest,neutral_culture,Native/ModuleData/mpitems.xml,Native,0
mp_merchants_hat,Item,HeadArmor,,Merchant Hat,neutral_culture,Native/ModuleData/mpitems.xml,Native,0
mp_mountain_hunting_bow,Item,Bow,,Mountain Hunting Bow,neutral_culture,Native/ModuleData/mpitems.xml,Native,0
mp_nasal_cervelliere_over_laced_coif,Item,HeadArmor,,Nasal Cervelliere over Laced Coif,vlandia,Native/ModuleData/mpitems.xml,Native,0
mp_nasal_cervelliere_over_mail_coif,Item,HeadArmor,,Nasal Cervelliere over Mail Coif,vlandia,Native/ModuleData/mpitems.xml,Native,0
mp_nasal_cervelliere_over_padded_cap,Item,HeadArmor,,Nasal Cervelliere over Padded Cap,vlandia,Native/ModuleData/mpitems.xml,Native,0
mp_nasal_cervelliere_over_padded_coif,Item,HeadArmor,,Nasal Cervelliere over Padded Coif,vlandia,Native/ModuleData/mpitems.xml,Native,0
mp_nasal_helmet,Item,HeadArmor,,Nasal Helmet,neutral_culture,Native/ModuleData/mpitems.xml,Native,0
mp_nasal_helmet_over_cloth_headwrap,Item,HeadArmor,,Nasal Helmet over Cloth Headwrap,vlandia,Native/ModuleData/mpitems.xml,Native,0
mp_nasal_helmet_over_laced_coif,Item,,,,,Native/ModuleData/mpcosmetics.xml,Native,0
mp_nasal_helmet_over_mail,Item,HeadArmor,,Nasal Helmet over Mail,vlandia,Native/ModuleData/mpitems.xml,Native,0
mp_nasal_helmet_over_mail_coif,Item,,,,,Native/ModuleData/mpcosmetics.xml,Native,0
mp_nasal_helmet_over_padded_cloth,Item,HeadArmor,,Nasal Helmet over Padded Cloth,neutral_culture,Native/ModuleData/mpitems.xml,Native,0
mp_nasal_helmet_over_padded_coif,Item,HeadArmor,,Nasal Helmet over Padded Coif,vlandia,Native/ModuleData/mpitems.xml,Native,0
mp_nasal_helmet_with_leather,Item,HeadArmor,,Nasal Helmet with Leather,neutral_culture,Native/ModuleData/mpitems.xml,Native,0
mp_nasal_helmet_with_mail,Item,HeadArmor,,Nasal Helmet with Mail,,Native/ModuleData/mpitems.xml,Native,0
mp_nasalhelm_over_leather,Item,,,,,Native/ModuleData/mpcosmetics.xml,Native,0
mp_nasalhelm_over_mail,Item,,,,,Native/ModuleData/mpcosmetics.xml,Native,0
mp_nomad_bow,Item,Bow,,Nomad Short Bow,,Native/ModuleData/mpitems.xml,Native,0
mp_nomad_helmet,Item,,,,,Native/ModuleData/mpcosmetics.xml,Native,0
mp_nomad_padded_hood,Item,,,,,Native/ModuleData/mpcosmetics.xml,Native,0
mp_nordic_fur_cap,Item,,,,,Native/ModuleData/mpcosmetics.xml,Native,0
mp_nordic_hauberk,Item,,,,,Native/ModuleData/mpcosmetics.xml,Native,0
mp_nordic_helmet,Item,HeadArmor,,Northlander Helmet,neutral_culture,Native/ModuleData/mpitems.xml,Native,0
mp_nordic_lamellar_armor,Item,,,,,Native/ModuleData/mpcosmetics.xml,Native,0
mp_nordic_lamellar_vest,Item,BodyArmor,,Heavy Lamellar Vest,neutral_culture,Native/ModuleData/mpitems.xml,Native,0
mp_nordic_leather_cap,Item,,,,,Native/ModuleData/mpcosmetics.xml,Native,0
mp_nordic_padded_cloth,Item,,,,,Native/ModuleData/mpcosmetics.xml,Native,0
mp_nordic_short_bow,Item,Bow,,Nordic Shortbow,neutral_culture,Native/ModuleData/mpitems.xml,Native,0
mp_nordic_sloven_leather,Item,BodyArmor,,Sloven Leather,sturgia,Native/ModuleData/mpitems.xml,Native,0
mp_nordic_sloven_over_mail,Item,BodyArmor,,Leather Tabard over Mail,neutral_culture,Native/ModuleData/mpitems.xml,Native,0
mp_nordic_tunic,Item,BodyArmor,,Luxury Tunic,neutral_culture,Native/ModuleData/mpitems.xml,Native,0
mp_northern_brass_bracers,Item,,,,,Native/ModuleData/mpcosmetics.xml,Native,0
mp_northern_brass_lamellar_over_mail,Item,,,,,Native/ModuleData/mpcosmetics.xml,Native,0
mp_northern_coat_of_plates,Item,BodyArmor,,Coat Of Plates,neutral_culture,Native/ModuleData/mpitems.xml,Native,0
mp_northern_fur_cap,Item,HeadArmor,,Fur Cap,neutral_culture,Native/ModuleData/mpitems.xml,Native,0
mp_northern_goggled_helmet,Item,HeadArmor,,Goggled Helmet,neutral_culture,Native/ModuleData/mpitems.xml,Native,0
mp_northern_horsemans_shield,Item,Shield,,Sturgian Horseman Shield,neutral_culture,Native/ModuleData/mpitems.xml,Native,0
mp_northern_lamellar_armor,Item,,,,,Native/ModuleData/mpcosmetics.xml,Native,0
mp_northern_leather_tabard,Item,BodyArmor,,Leather Tabard,neutral_culture,Native/ModuleData/mpitems.xml,Native,0
mp_northern_leather_vest,Item,BodyArmor,,Tunic with Leather Vest,neutral_culture,Native/ModuleData/mpitems.xml,Native,0
mp_northern_light_harness,Item,HorseHarness,,Northlander Light Harness,,Native/ModuleData/mpitems.xml,Native,0
mp_northern_noble_harness,Item,HorseHarness,,Rough Cavalry Saddle,neutral_culture,Native/ModuleData/mpitems.xml,Native,0
mp_northern_padded_cloth,Item,BodyArmor,,Light Padded Armor,neutral_culture,Native/ModuleData/mpitems.xml,Native,0
mp_northern_padded_gambeson,Item,,,,,Native/ModuleData/mpcosmetics.xml,Native,0
mp_northern_plated_boots,Item,LegArmor,,Plated Boots,neutral_culture,Native/ModuleData/mpitems.xml,Native,0
mp_northern_plated_gloves,Item,HandArmor,,Plate Reinforced Gloves,neutral_culture,Native/ModuleData/mpitems.xml,Native,0
mp_northern_ring_barding,Item,HorseHarness,,Northlander Ring Barding,neutral_culture,Native/ModuleData/mpitems.xml,Native,0
mp_northern_round_shield,Item,Shield,,Sturgian Round Shield,neutral_culture,Native/ModuleData/mpitems.xml,Native,0
mp_northern_scouts_shield,Item,Shield,,Sturgian Kite Shield,,Native/ModuleData/mpitems.xml,Native,0
mp_northern_tunic,Item,BodyArmor,,Varyag Tunic,sturgia,Native/ModuleData/mpitems.xml,Native,0
mp_northern_warlord_helmet,Item,HeadArmor,,Sturgian Warlord Helmet,sturgia,Native/ModuleData/mpitems.xml,Native,0
mp_noyans_shield,Item,Shield,,Decorated Khuzait Shield,,Native/ModuleData/mpitems.xml,Native,0
mp_old_horsemans_kite_shield,Item,Shield,,Old Horseman Kite Shield,neutral_culture,Native/ModuleData/mpitems.xml,Native,0
mp_old_kite_sparring_shield,Item,Shield,,Makeshift Kite Sparring Shield,,Native/ModuleData/mpitems.xml,Native,0
mp_open_desert_helmet,Item,,,,,Native/ModuleData/mpcosmetics.xml,Native,0
mp_open_head_scarf,Item,HeadArmor,,Open Head Scarf,neutral_culture,Native/ModuleData/mpitems.xml,Native,0
mp_open_mail_coif,Item,,,,,Native/ModuleData/mpcosmetics.xml,Native,0
mp_open_padded_coif,Item,HeadArmor,,Open Padded Coif,vlandia,Native/ModuleData/mpitems.xml,Native,0
mp_oval_shield,Item,Shield,,Wooden Oval Shield,,Native/ModuleData/mpitems.xml,Native,0
mp_padded_cap,Item,HeadArmor,,Padded Cap,neutral_culture,Native/ModuleData/mpitems.xml,Native,0
mp_padded_cloth_with_strips,Item,BodyArmor,,Padded Cloth with Strips,empire,Native/ModuleData/mpitems.xml,Native,0
mp_padded_coat,Item,BodyArmor,,Padded Footman Coat,vlandia,Native/ModuleData/mpitems.xml,Native,0
mp_padded_coif,Item,HeadArmor,,Padded Half Coif,vlandia,Native/ModuleData/mpitems.xml,Native,0
mp_padded_leather_cape,Item,HeadArmor,,Padded Leather Cap,vlandia,Native/ModuleData/mpitems.xml,Native,0
mp_padded_leather_overcoat,Item,BodyArmor,,Padded Leather Overcoat,neutral_culture,Native/ModuleData/mpitems.xml,Native,0
mp_padded_leather_shirt,Item,BodyArmor,,Padded Leather Shirt,neutral_culture,Native/ModuleData/mpitems.xml,Native,0
mp_padded_leather_shoulders,Item,,,,,Native/ModuleData/mpcosmetics.xml,Native,0
mp_padded_mitten,Item,,,,,Native/ModuleData/mpcosmetics.xml,Native,0
mp_padded_short_coat,Item,BodyArmor,,Padded Short Coat,neutral_culture,Native/ModuleData/mpitems.xml,Native,0
mp_padded_vambrace,Item,HandArmor,,Padded Vambraces,neutral_culture,Native/ModuleData/mpitems.xml,Native,0
mp_patched_gambeson,Item,BodyArmor,,Patched Gambeson,empire,Native/ModuleData/mpitems.xml,Native,0
mp_pauldron_cape_a,Item,,,,,Native/ModuleData/mpcosmetics.xml,Native,0
mp_pauldron_cape_b,Item,Cape,,Vlandian Pauldron Cape,neutral_culture,Native/ModuleData/mpitems.xml,Native,0
mp_pavise_shield,Item,Shield,,Pavise Shield,neutral_culture,Native/ModuleData/mpitems.xml,Native,0
mp_peaked_fur_hood,Item,HeadArmor,,Peaked Fur Hood,neutral_culture,Native/ModuleData/mpitems.xml,Native,0
mp_peaked_helmet_over_laced_coif,Item,HeadArmor,,Peaked Helmet over Laced Coif,vlandia,Native/ModuleData/mpitems.xml,Native,0
mp_peaked_helmet_over_mail,Item,HeadArmor,,Peaked Helmet over Mail,vlandia,Native/ModuleData/mpitems.xml,Native,0
mp_peaked_helmet_over_mail_coif,Item,HeadArmor,,Peaked Helmet over Mail Coif,neutral_culture,Native/ModuleData/mpitems.xml,Native,0
mp_peaked_helmet_over_padded_cloth,Item,HeadArmor,,Peaked Helmet over Padded Cloth,neutral_culture,Native/ModuleData/mpitems.xml,Native,0
mp_peasant_hood,Item,,,,,Native/ModuleData/mpcosmetics.xml,Native,0
mp_pilgrim_hood,Item,headArmor,,Pilgrim Hood,neutral_culture,Native/ModuleData/mpitems.xml,Native,0
mp_pilum,CraftedItem,CraftedWeapon,TwoHandedPolearm,Pila,neutral_culture,Native/ModuleData/mpitems.xml,Native,0
mp_pilum_extraammo,CraftedItem,CraftedWeapon,TwoHandedPolearm,Pila,neutral_culture,Native/ModuleData/mpitems.xml,Native,0
mp_plated_leather_coat,Item,BodyArmor,,Rough Brigandine,neutral_culture,Native/ModuleData/mpitems.xml,Native,0
mp_plated_strip_boots,Item,,,,,Native/ModuleData/mpcosmetics.xml,Native,0
mp_plated_strip_gauntlets,Item,,,,,Native/ModuleData/mpcosmetics.xml,Native,0
mp_plumbata,CraftedItem,CraftedWeapon,Javelin,Plumbata,neutral_culture,Native/ModuleData/mpitems.xml,Native,0
mp_plumed_fur_lined_helmet,Item,HeadArmor,,Plumed Fur Lined Helmet,neutral_culture,Native/ModuleData/mpitems.xml,Native,0
mp_plumed_helmet,Item,,,,,Native/ModuleData/mpcosmetics.xml,Native,0
mp_plumed_lamellar_helmet,Item,,,,,Native/ModuleData/mpcosmetics.xml,Native,0
mp_plumed_nomad_helmet,Item,HeadArmor,,Plumed Nomad Helmet,neutral_culture,Native/ModuleData/mpitems.xml,Native,0
mp_pointed_skullcap_over_cloth_headwrap,Item,HeadArmor,,Pointed Skullcap over Cloth Headwrap,aserai,Native/ModuleData/mpitems.xml,Native,0
mp_pointed_skullcap_over_laced_coif,Item,HeadArmor,,Pointed Skullcap over Laced Coif,aserai,Native/ModuleData/mpitems.xml,Native,0
mp_pointed_skullcap_over_mail,Item,,,,,Native/ModuleData/mpcosmetics.xml,Native,0
mp_pointed_skullcap_with_mail,Item,HeadArmor,,Pointed Skullcap with Mail,neutral_culture,Native/ModuleData/mpitems.xml,Native,0
mp_ragged_armwraps,Item,HandArmor,,Ragged Armwraps,neutral_culture,Native/ModuleData/mpitems.xml,Native,0
mp_ragged_boots,Item,LegArmor,,Ragged Boots,battania,Native/ModuleData/mpitems.xml,Native,0
mp_ragged_robes,Item,BodyArmor,,Ragged Robes,neutral_culture,Native/ModuleData/mpitems.xml,Native,0
mp_ranger_mail,Item,,,,,Native/ModuleData/mpcosmetics.xml,Native,0
mp_recurve_bow,Item,Bow,,Recurve Bow,neutral_culture,Native/ModuleData/mpitems.xml,Native,0
mp_recurve_bow_captain,Item,Bow,,Recurve Bow,neutral_culture,Native/ModuleData/mpitems.xml,Native,0
mp_red_coat_over_mail,Item,BodyArmor,,Red Coat over Mail,vlandia,Native/ModuleData/mpitems.xml,Native,0
mp_reinforced_flat_kite_shield,Item,Shield,,Reinforced Flat Kite Shield,,Native/ModuleData/mpitems.xml,Native,0
mp_reinforced_horsemans_kite_shield,Item,Shield,,Reinforced Horseman Kite Shield,neutral_culture,Native/ModuleData/mpitems.xml,Native,0
mp_reinforced_leather_vambraces,Item,,,,,Native/ModuleData/mpcosmetics.xml,Native,0
mp_reinforced_mail_mitten,Item,,,,,Native/ModuleData/mpcosmetics.xml,Native,0
mp_reinforced_padded_mitten,Item,HandArmor,,Reinforced Padded Mittens,empire,Native/ModuleData/mpitems.xml,Native,0
mp_reinforced_suede_armor,Item,BodyArmor,,Reinforced Suede Armor,neutral_culture,Native/ModuleData/mpitems.xml,Native,0
mp_reinforced_suede_boots,Item,LegArmor,,Reinforced Suede Boots,neutral_culture,Native/ModuleData/mpitems.xml,Native,0
mp_reinforced_suede_shoulders,Item,Cape,,Reinforced Suede Shoulders,neutral_culture,Native/ModuleData/mpitems.xml,Native,0
mp_ridged_northernhelm,Item,,,,,Native/ModuleData/mpcosmetics.xml,Native,0
mp_ringed_desert_armor,Item,BodyArmor,,Heavy Ring Mail,aserai,Native/ModuleData/mpitems.xml,Native,0
mp_rough_bearskin,Item,,,,,Native/ModuleData/mpcosmetics.xml,Native,0
mp_rough_fur_armor,Item,BodyArmor,,Rough Fur Armor,neutral_culture,Native/ModuleData/mpitems.xml,Native,0
mp_rough_fur_over_chain,Item,BodyArmor,,Rough Fur over Chain,neutral_culture,Native/ModuleData/mpitems.xml,Native,0
mp_rough_tied_boots,Item,LegArmor,,Rough Tied Boots,battania,Native/ModuleData/mpitems.xml,Native,0
mp_rough_tied_bracers,Item,HandArmor,,Rough Tied Bracers,battania,Native/ModuleData/mpitems.xml,Native,0
mp_roughcloth_shortcoat,Item,BodyArmor,,Roughcloth Shortcoat,neutral_culture,Native/ModuleData/mpitems.xml,Native,0
mp_roughhide_cap,Item,,,,,Native/ModuleData/mpcosmetics.xml,Native,0
mp_roughscale_helmet,Item,HeadArmor,,Roughscale Helmet,neutral_culture,Native/ModuleData/mpitems.xml,Native,0
mp_roughtied_leather_bracers,Item,HandArmor,,Roughtied Leather Bracers,battania,Native/ModuleData/mpitems.xml,Native,0
mp_roundkettle_over_imperial_cloth,Item,HeadArmor,,Roundkettle over Cloth,neutral_culture,Native/ModuleData/mpitems.xml,Native,0
mp_roundkettle_over_imperial_leather,Item,HeadArmor,,Roundkettle over Leather,neutral_culture,Native/ModuleData/mpitems.xml,Native,0
mp_roundkettle_over_imperial_mail,Item,HeadArmor,,Roundkettle over Mail,neutral_culture,Native/ModuleData/mpitems.xml,Native,0
mp_roundkettle_over_laced_cloth,Item,HeadArmor,,Roundkettle over Laced Cloth,neutral_culture,Native/ModuleData/mpitems.xml,Native,0
mp_sackcloth_tunic,Item,BodyArmor,,Sackcloth Tunic,neutral_culture,Native/ModuleData/mpitems.xml,Native,0
mp_scale_armor,Item,BodyArmor,,Rugged Scale Armor,battania,Native/ModuleData/mpitems.xml,Native,0
mp_scarf,Item,Cape,,Scarf,neutral_culture,Native/ModuleData/mpitems.xml,Native,0
mp_segmented_cervelliere_over_laced_coif,Item,HeadArmor,,Segmented Cevelliere over Laced Coif,vlandia,Native/ModuleData/mpitems.xml,Native,0
mp_segmented_cervelliere_over_mail,Item,HeadArmor,,Segmented Cervelliere over Mail,vlandia,Native/ModuleData/mpitems.xml,Native,0
mp_segmented_cervelliere_over_mail_coif,Item,HeadArmor,,Segmented Cervelliere over Mail Coif,neutral_culture,Native/ModuleData/mpitems.xml,Native,0
mp_segmented_cervelliere_over_padded_cloth,Item,,,,,Native/ModuleData/mpcosmetics.xml,Native,0
mp_segmented_skullcap_over_laced_coif,Item,,,,,Native/ModuleData/mpcosmetics.xml,Native,0
mp_segmented_skullcap_over_mail_coif,Item,,,,,Native/ModuleData/mpcosmetics.xml,Native,0
mp_segmented_skullcap_over_padded_cloth,Item,HeadArmor,,Segmented Skullcap over Padded Cloth,neutral_culture,Native/ModuleData/mpitems.xml,Native,0
mp_segmented_skullcap_over_padded_coif,Item,HeadArmor,,Segmented Skullcap over Padded Coif,neutral_culture,Native/ModuleData/mpitems.xml,Native,0
mp_short_bow,Item,Bow,,Short Bow,neutral_culture,Native/ModuleData/mpitems.xml,Native,0
mp_short_padded_robe,Item,BodyArmor,,Short Padded Robe,neutral_culture,Native/ModuleData/mpitems.xml,Native,0
mp_sleeveless_fur_coat,Item,BodyArmor,,Sleeveless Fur Coat,neutral_culture,Native/ModuleData/mpitems.xml,Native,0
mp_sleeveless_padded_coat,Item,BodyArmor,,Sleeveless Padded Coat,vlandia,Native/ModuleData/mpitems.xml,Native,0
mp_sleeveless_padded_short_coat,Item,,,,,Native/ModuleData/mpcosmetics.xml,Native,0
mp_sleeveless_studded_fur_armor,Item,BodyArmor,,Sleeveless Studded Fur Armor,battania,Native/ModuleData/mpitems.xml,Native,0
mp_sling_stone,Item,Thrown,,Sling,,Native/ModuleData/mpitems.xml,Native,0
mp_small_flat_heater_shield,Item,Shield,,Small Heater Shield,neutral_culture,Native/ModuleData/mpitems.xml,Native,0
mp_southern_lamellar_armor,Item,,,,,Native/ModuleData/mpcosmetics.xml,Native,0
mp_southern_lord_helmet,Item,HeadArmor,,Aserai Lord Helmet,aserai,Native/ModuleData/mpitems.xml,Native,0
mp_southern_noble_helmet,Item,,,,,Native/ModuleData/mpcosmetics.xml,Native,0
mp_southern_oval_shield,Item,Shield,,Reinforced Oval Shield,,Native/ModuleData/mpitems.xml,Native,0
mp_spangenhelm_with_leather,Item,HeadArmor,,Spangenhelm with Leather,neutral_culture,Native/ModuleData/mpitems.xml,Native,0
mp_spangenhelm_with_padded_cloth,Item,HeadArmor,,Spangenhelm with Padded Cloth,sturgia,Native/ModuleData/mpitems.xml,Native,0
mp_spiked_helmet,Item,HeadArmor,,Spiked Helmet,khuzait,Native/ModuleData/mpitems.xml,Native,0
mp_spiked_helmet_with_facemask,Item,HeadArmor,,Spiked Helmet with Facemask,neutral_culture,Native/ModuleData/mpitems.xml,Native,0
mp_spiked_kettle_over_imperial_padding,Item,HeadArmor,,Spiked Kettle over Padding,empire,Native/ModuleData/mpitems.xml,Native,0
mp_steel_round_shield,Item,Shield,,Steel Round Shield,aserai,Native/ModuleData/mpitems.xml,Native,0
mp_steppe_armor,Item,,,,,Native/ModuleData/mpcosmetics.xml,Native,0
mp_steppe_fast_short_bow,Item,Bow,,Steppe Fast Short Bow,neutral_culture,Native/ModuleData/mpitems.xml,Native,0
mp_steppe_fur_harness,Item,HorseHarness,,Steppe Fur Saddle ,neutral_culture,Native/ModuleData/mpitems.xml,Native,0
mp_steppe_guardian_shield,Item,Shield,,Khuzait Cavalry Shield,,Native/ModuleData/mpitems.xml,Native,0
mp_steppe_half_barding,Item,HorseHarness,,Steppe Half Barding,neutral_culture,Native/ModuleData/mpitems.xml,Native,0
mp_steppe_harness,Item,HorseHarness,,Steppe Harness,neutral_culture,Native/ModuleData/mpitems.xml,Native,0
mp_steppe_helmet,Item,,,,,Native/ModuleData/mpcosmetics.xml,Native,0
mp_steppe_leather_boots,Item,,,,,Native/ModuleData/mpcosmetics.xml,Native,0
mp_steppe_leather_shoulders,Item,Cape,,Steppe Leather Shoulders,neutral_culture,Native/ModuleData/mpitems.xml,Native,0
mp_steppe_leather_vambraces,Item,HandArmor,,Steppe Leather Vambraces,neutral_culture,Native/ModuleData/mpitems.xml,Native,0
mp_steppe_robe,Item,BodyArmor,,Steppe Robe,neutral_culture,Native/ModuleData/mpitems.xml,Native,0
mp_steppe_short_bow,Item,Bow,,Steppe Short Bow,neutral_culture,Native/ModuleData/mpitems.xml,Native,0
mp_steppe_superior_bow,Item,Bow,,Steppe Superior Bow,,Native/ModuleData/mpitems.xml,Native,0
mp_stitched_leather_over_mail,Item,,,,,Native/ModuleData/mpcosmetics.xml,Native,0
mp_stitched_leather_shoulders,Item,Cape,,Stitched Leather Shoulders,neutral_culture,Native/ModuleData/mpitems.xml,Native,0
mp_stitched_leather_vest,Item,BodyArmor,,Stitched Leather Vest,neutral_culture,Native/ModuleData/mpitems.xml,Native,0
mp_strapped_leather_boots,Item,LegArmor,,Strapped Leather Boots,neutral_culture,Native/ModuleData/mpitems.xml,Native,0
mp_strapped_leather_bracers,Item,HandArmor,,Strapped Leather Bracers,battania,Native/ModuleData/mpitems.xml,Native,0
mp_strapped_mail_chausses,Item,LegArmor,,Strapped Mail Chausses,neutral_culture,Native/ModuleData/mpitems.xml,Native,0
mp_strapped_round_shield,Item,Shield,,Reinforced Large Round Shield,sturgia,Native/ModuleData/mpitems.xml,Native,0
mp_strapped_shoes,Item,LegArmor,,Strapped Shoes,neutral_culture,Native/ModuleData/mpitems.xml,Native,0
mp_stripped_leather_harness,Item,HorseHarness,,Striped Leather Harness,neutral_culture,Native/ModuleData/mpitems.xml,Native,0
mp_strong_recurve_bow,Item,Bow,,Composite Bow,neutral_culture,Native/ModuleData/mpitems.xml,Native,0
mp_stronger_eastern_wicker_shield,Item,Shield,,Reinforced Wicker Square Shield,,Native/ModuleData/mpitems.xml,Native,0
mp_stronger_reinforced_kite_shield,Item,Shield,,Reinforced Oaken Kite Shield,,Native/ModuleData/mpitems.xml,Native,0
mp_studded_fur_armor,Item,BodyArmor,,Studded Fur Armor,neutral_culture,Native/ModuleData/mpitems.xml,Native,0
mp_studded_imperial_neckguard,Item,,,,,Native/ModuleData/mpcosmetics.xml,Native,0
mp_studded_leather_coat,Item,BodyArmor,,Studded Leather Coat,neutral_culture,Native/ModuleData/mpitems.xml,Native,0
mp_studded_leather_over_aketon,Item,,,,,Native/ModuleData/mpcosmetics.xml,Native,0
mp_studded_leather_vambraces,Item,,,,,Native/ModuleData/mpcosmetics.xml,Native,0
mp_studded_round_shield,Item,Shield,,Studded Round Shield,neutral_culture,Native/ModuleData/mpitems.xml,Native,0
mp_studded_steppe_barding,Item,HorseHarness,,Studded Steppe Barding,neutral_culture,Native/ModuleData/mpitems.xml,Native,0
mp_studded_steppe_leather,Item,BodyArmor,,Studded Leather Armor,neutral_culture,Native/ModuleData/mpitems.xml,Native,0
mp_studded_vambraces,Item,HandArmor,,Studded Vambraces,khuzait,Native/ModuleData/mpitems.xml,Native,0
mp_sturgia_axe,CraftedItem,CraftedWeapon,OneHandedAxe,Raider Axe,neutral_culture,Native/ModuleData/mpitems.xml,Native,0
mp_sturgia_cavalry_axe,CraftedItem,CraftedWeapon,OneHandedAxe,Raider Cavalry Axe,neutral_culture,Native/ModuleData/mpitems.xml,Native,0
mp_sturgia_cavalry_sword,CraftedItem,CraftedWeapon,OneHandedSword,Sturgian Cavalry Sword,neutral_culture,Native/ModuleData/mpitems.xml,Native,0
mp_sturgia_great_spear,CraftedItem,CraftedWeapon,TwoHandedPolearm,Great Spear,neutral_culture,Native/ModuleData/mpitems.xml,Native,0
mp_sturgia_harpoon,CraftedItem,CraftedWeapon,Javelin,Sturgian Javelin,neutral_culture,Native/ModuleData/mpitems.xml,Native,0
mp_sturgia_harpoon_captain,CraftedItem,CraftedWeapon,Javelin,Northern Fish Harpoon,neutral_culture,Native/ModuleData/mpitems.xml,Native,0
mp_sturgia_harpoon_extra,CraftedItem,CraftedWeapon,Javelin,Sturgian Javelin,neutral_culture,Native/ModuleData/mpitems.xml,Native,0
mp_sturgia_harpoon_extra_captain,CraftedItem,CraftedWeapon,Javelin,Northern Fish Harpoon,neutral_culture,Native/ModuleData/mpitems.xml,Native,0
mp_sturgia_harpoon_strong,CraftedItem,CraftedWeapon,Javelin,Sturgian Heavy Javelin,neutral_culture,Native/ModuleData/mpitems.xml,Native,0
mp_sturgia_harpoon_strong_captain,CraftedItem,CraftedWeapon,Javelin,Reinforced Northern Fish Harpoon,neutral_culture,Native/ModuleData/mpitems.xml,Native,0
mp_sturgia_heavy_axe,CraftedItem,CraftedWeapon,OneHandedAxe,Raider Heavy Axe,neutral_culture,Native/ModuleData/mpitems.xml,Native,0
mp_sturgia_heavy_cavalry_helmet,Item,,,,,Native/ModuleData/mpcosmetics.xml,Native,0
mp_sturgia_heavy_lance,CraftedItem,CraftedWeapon,TwoHandedPolearm,Sturgian Heavy Lance,neutral_culture,Native/ModuleData/mpitems.xml,Native,0
mp_sturgia_horse,Item,Horse,,Trotter,,Native/ModuleData/mpitems.xml,Native,0
mp_sturgia_horse_agile,Item,Horse,,Sturgian Chaser,sturgia,Native/ModuleData/mpitems.xml,Native,0
mp_sturgia_horse_tougher,Item,Horse,,Tougher Tyal Horse,,Native/ModuleData/mpitems.xml,Native,0
mp_sturgia_horse_war,Item,Horse,,Tyal Horse,,Native/ModuleData/mpitems.xml,Native,0
mp_sturgia_lance,CraftedItem,CraftedWeapon,TwoHandedPolearm,Sturgian Lance,neutral_culture,Native/ModuleData/mpitems.xml,Native,0
mp_sturgia_light_armor_a,Item,BodyArmor,,Light Tunic,sturgia,Native/ModuleData/mpitems.xml,Native,0
mp_sturgia_light_armor_b,Item,BodyArmor,,Long Tunic,sturgia,Native/ModuleData/mpitems.xml,Native,0
mp_sturgia_light_armor_c,Item,BodyArmor,,Fur Trimmed Tunic,sturgia,Native/ModuleData/mpitems.xml,Native,0
mp_sturgia_light_armor_d,Item,BodyArmor,,Fur Trimmed Short Tunic,sturgia,Native/ModuleData/mpitems.xml,Native,0
mp_sturgia_light_armor_e,Item,BodyArmor,,Decorated Thick Tunic,sturgia,Native/ModuleData/mpitems.xml,Native,0
mp_sturgia_long_infantry_spear,CraftedItem,CraftedWeapon,TwoHandedPolearm,Sturgian Long Infantry Spear,neutral_culture,Native/ModuleData/mpitems.xml,Native,0
mp_sturgia_long_lance,CraftedItem,CraftedWeapon,TwoHandedPolearm,Sturgian Long Lance,neutral_culture,Native/ModuleData/mpitems.xml,Native,0
mp_sturgia_long_spear,CraftedItem,CraftedWeapon,TwoHandedPolearm,Sturgian Long Spear,neutral_culture,Native/ModuleData/mpitems.xml,Native,0
mp_sturgia_long_twohanded_axe,CraftedItem,CraftedWeapon,TwoHandedAxe,Long Twohanded Axe,neutral_culture,Native/ModuleData/mpitems.xml,Native,0
mp_sturgia_mace,CraftedItem,CraftedWeapon,Mace,Sturgian Light Mace,neutral_culture,Native/ModuleData/mpitems.xml,Native,0
mp_sturgia_noble_axe,CraftedItem,CraftedWeapon,OneHandedAxe,Noble Axe,neutral_culture,Native/ModuleData/mpitems.xml,Native,0
mp_sturgia_northern_sword,CraftedItem,CraftedWeapon,OneHandedSword,Sturgian Sword,neutral_culture,Native/ModuleData/mpitems.xml,Native,0
mp_sturgia_old_shield_a,Item,Shield,,Iron Rimmed Large Round Shield,sturgia,Native/ModuleData/mpitems.xml,Native,0
mp_sturgia_old_shield_b,Item,Shield,,Crude Large Round Shield,sturgia,Native/ModuleData/mpitems.xml,Native,0
mp_sturgia_short_spear,CraftedItem,CraftedWeapon,TwoHandedPolearm,Sturgian Short Spear,neutral_culture,Native/ModuleData/mpitems.xml,Native,0
mp_sturgia_spear,CraftedItem,CraftedWeapon,TwoHandedPolearm,Sturgian Spear,neutral_culture,Native/ModuleData/mpitems.xml,Native,0
mp_sturgia_sword,CraftedItem,CraftedWeapon,OneHandedSword,Sturgian Short Sword,neutral_culture,Native/ModuleData/mpitems.xml,Native,0
mp_sturgia_throwing_axe,CraftedItem,CraftedWeapon,ThrowingAxe,Sturgian Throwing Axe,neutral_culture,Native/ModuleData/mpitems.xml,Native,0
mp_sturgia_throwing_axe_captain,CraftedItem,CraftedWeapon,ThrowingAxe,Sturgian Throwing Axe,neutral_culture,Native/ModuleData/mpitems.xml,Native,0
mp_sturgia_twohanded_axe,CraftedItem,CraftedWeapon,TwoHandedAxe,Raider Twohanded Axe,neutral_culture,Native/ModuleData/mpitems.xml,Native,0
mp_sturgia_twohanded_hammer,CraftedItem,CraftedWeapon,TwoHandedMace,Maul,neutral_culture,Native/ModuleData/mpitems.xml,Native,0
mp_sturgia_woodsplitter_axe,CraftedItem,CraftedWeapon,OneHandedAxe,Woodsplitter Axe,neutral_culture,Native/ModuleData/mpitems.xml,Native,0
mp_sturgian_chainmale_longsleeve,Item,BodyArmor,,Decorated Hauberk,sturgia,Native/ModuleData/mpitems.xml,Native,0
mp_sturgian_chainmale_shortsleeve,Item,BodyArmor,,Huscarls Hauberk,sturgia,Native/ModuleData/mpitems.xml,Native,0
mp_sturgian_fortified_armor,Item,BodyArmor,,Brigandine over Hauberk,sturgia,Native/ModuleData/mpitems.xml,Native,0
mp_sturgian_helmet_b_close,Item,HeadArmor,,Closed Decorated Goggled Helmet,sturgia,Native/ModuleData/mpitems.xml,Native,0
mp_sturgian_helmet_b_open,Item,HeadArmor,,Plumed Decorated Mailed Nasal Helmet,sturgia,Native/ModuleData/mpitems.xml,Native,0
mp_sturgian_helmet_base,Item,HeadArmor,,Steel Nasal Cap,sturgia,Native/ModuleData/mpitems.xml,Native,0
mp_sturgian_helmet_closed,Item,HeadArmor,,Closed Warlord Helmet,sturgia,Native/ModuleData/mpitems.xml,Native,0
mp_sturgian_helmet_open,Item,HeadArmor,,Mailed Nasal Helmet,sturgia,Native/ModuleData/mpitems.xml,Native,0
mp_sturgian_lamellar_base,Item,BodyArmor,,Heavy Lamellar over Mail Armor,sturgia,Native/ModuleData/mpitems.xml,Native,0
mp_sturgian_lamellar_fortified,Item,BodyArmor,,Heavy Lamellar over Hauberk,sturgia,Native/ModuleData/mpitems.xml,Native,0
mp_sturgian_lamellar_gambeson,Item,BodyArmor,,Heavy Lamellar Vest,sturgia,Native/ModuleData/mpitems.xml,Native,0
mp_sturgian_lamellar_gambeson_heavy,Item,BodyArmor,,Heavy Lamellar Vest,sturgia,Native/ModuleData/mpitems.xml,Native,0
mp_sturgian_lord_helmet_a,Item,headArmor,,Northlander Lord Helmet,sturgia,Native/ModuleData/mpitems.xml,Native,0
mp_sturgian_lord_helmet_b,Item,headArmor,,Warlord Helmet with Nose Guard,neutral_culture,Native/ModuleData/mpitems.xml,Native,0
mp_sturgian_lord_helmet_c,Item,headArmor,,Decorated Helmet,neutral_culture,Native/ModuleData/mpitems.xml,Native,0
mp_superior_bow,Item,Bow,,Superior Bow,,Native/ModuleData/mpitems.xml,Native,0
mp_tall_heater_shield,Item,Shield,,Tall Heater Shield,neutral_culture,Native/ModuleData/mpitems.xml,Native,0
mp_tall_heater_shield_light,Item,Shield,,Light Tall Heater Shield,neutral_culture,Native/ModuleData/mpitems.xml,Native,0
mp_tall_helmet,Item,HeadArmor,,Tall Helmet,neutral_culture,Native/ModuleData/mpitems.xml,Native,0
mp_tassled_southern_robes,Item,,,,,Native/ModuleData/mpcosmetics.xml,Native,0
mp_test_axe,CraftedItem,CraftedWeapon,OneHandedAxe,MP Test Axe,neutral_culture,Native/ModuleData/mpitems.xml,Native,0
mp_test_lance,CraftedItem,CraftedWeapon,TwoHandedPolearm,Test Lance,,Native/ModuleData/mpitems.xml,Native,0
mp_test_mace,CraftedItem,CraftedWeapon,Mace,Mp Test Mace,neutral_culture,Native/ModuleData/mpitems.xml,Native,0
mp_test_pike,CraftedItem,CraftedWeapon,Pike,Test Pike,,Native/ModuleData/mpitems.xml,Native,0
mp_test_polearm,CraftedItem,CraftedWeapon,TwoHandedPolearm,MP Test Polearm,neutral_culture,Native/ModuleData/mpitems.xml,Native,0
mp_test_spear,CraftedItem,CraftedWeapon,TwoHandedPolearm,Test Spear,,Native/ModuleData/mpitems.xml,Native,0
mp_test_sword,CraftedItem,CraftedWeapon,OneHandedSword,Mp Testing Sword,,Native/ModuleData/mpitems.xml,Native,0
mp_test_twohandedaxe,CraftedItem,CraftedWeapon,TwoHandedAxe,MP Test 2h Axe,,Native/ModuleData/mpitems.xml,Native,0
mp_test_twohandedmace,CraftedItem,CraftedWeapon,TwoHandedMace,MP Test 2h Mace,,Native/ModuleData/mpitems.xml,Native,0
mp_test_twohandedsword,CraftedItem,CraftedWeapon,TwoHandedSword,MP Test 2h Sword,,Native/ModuleData/mpitems.xml,Native,0
mp_thick_sleeved_robe,Item,BodyArmor,,Thick Sleeved Robe,neutral_culture,Native/ModuleData/mpitems.xml,Native,0
mp_thinhide_coif,Item,HeadArmor,,Thinhide Coif,neutral_culture,Native/ModuleData/mpitems.xml,Native,0
mp_throwing_stone,Item,Thrown,,Stone,,Native/ModuleData/mpitems.xml,Native,0
mp_tied_cloth_tunic,Item,BodyArmor,,Tied Cloth Tunic,empire,Native/ModuleData/mpitems.xml,Native,0
mp_tied_head_wrapping,Item,HeadArmor,,Tied Head Wrapping,neutral_culture,Native/ModuleData/mpitems.xml,Native,0
mp_tight_head_scarf,Item,HeadArmor,,Tight Head Scarf,neutral_culture,Native/ModuleData/mpitems.xml,Native,0
mp_trailed_desert_helmet,Item,HeadArmor,,Helmet with Turban and Coif,aserai,Native/ModuleData/mpitems.xml,Native,0
mp_tribal_steppe_shield,Item,Shield,,Tribal Khuzait Shield,neutral_culture,Native/ModuleData/mpitems.xml,Native,0
mp_tribesman_long_bow,Item,Bow,,Tribesman Longbow,neutral_culture,Native/ModuleData/mpitems.xml,Native,0
mp_tuareg,Item,HeadArmor,,Tuareg,neutral_culture,Native/ModuleData/mpitems.xml,Native,0
mp_tundra_tunic,Item,BodyArmor,,Northlander Belted Tunic,sturgia,Native/ModuleData/mpitems.xml,Native,0
mp_tunic_with_rolled_cloth,Item,BodyArmor,,Tunic with Rolled Cloth,neutral_culture,Native/ModuleData/mpitems.xml,Native,0
mp_tunic_with_shoulder_pads,Item,,,,,Native/ModuleData/mpcosmetics.xml,Native,0
mp_turban,Item,HeadArmor,,Turban,neutral_culture,Native/ModuleData/mpitems.xml,Native,0
mp_upturned_fur_cap,Item,HeadArmor,,Upturned Fur Cap,neutral_culture,Native/ModuleData/mpitems.xml,Native,0
mp_varangian_bra_basic,Item,Cape,,Decorated Leather Harness,empire,Native/ModuleData/mpitems.xml,Native,0
mp_varangian_bra_padded,Item,Cape,,Decorated Leather Harness with Padding,empire,Native/ModuleData/mpitems.xml,Native,0
mp_varangian_bra_royal,Item,Cape,,Caped Leather Harness,empire,Native/ModuleData/mpitems.xml,Native,0
mp_varangian_bra_scale,Item,Cape,,Decorated Leather Harness over Scale,empire,Native/ModuleData/mpitems.xml,Native,0
mp_veteran_mercenary_armor,Item,BodyArmor,,Fortified Mercenary Armor,vlandia,Native/ModuleData/mpitems.xml,Native,0
mp_viking_round_shield,Item,Shield,,Sturgian Round Shield,neutral_culture,Native/ModuleData/mpitems.xml,Native,0
mp_visored_helmet_over_laced_coif,Item,HeadArmor,,Visored Helmet over Laced Coif,vlandia,Native/ModuleData/mpitems.xml,Native,0
mp_visored_helmet_over_mail_coif,Item,,,,,Native/ModuleData/mpcosmetics.xml,Native,0
mp_visored_helmet_over_padded_cloth,Item,HeadArmor,,Visored Helmet over Padded Cloth,vlandia,Native/ModuleData/mpitems.xml,Native,0
mp_visored_helmet_over_padded_coif,Item,HeadArmor,,Visored Helmet over Padded Coif,neutral_culture,Native/ModuleData/mpitems.xml,Native,0
mp_vlandia_bandit_a,Item,,,,,Native/ModuleData/mpcosmetics.xml,Native,0
mp_vlandia_bandit_b,Item,BodyArmor,,Cheap Colored Clothes,neutral_culture,Native/ModuleData/mpitems.xml,Native,0
mp_vlandia_bandit_c,Item,BodyArmor,,Torn Robe,neutral_culture,Native/ModuleData/mpitems.xml,Native,0
mp_vlandia_bandit_cape_a,Item,HeadArmor,,Rough Padded Cap,neutral_culture,Native/ModuleData/mpitems.xml,Native,0
mp_vlandia_bandit_cape_b,Item,HeadArmor,,Hide Cap,neutral_culture,Native/ModuleData/mpitems.xml,Native,0
mp_vlandia_cavalry_sword,CraftedItem,CraftedWeapon,OneHandedSword,Vlandian Cavalry Sword,neutral_culture,Native/ModuleData/mpitems.xml,Native,0
mp_vlandia_chainmail,Item,,,,,Native/ModuleData/mpcosmetics.xml,Native,0
mp_vlandia_fast_sword,CraftedItem,CraftedWeapon,OneHandedSword,Vlandian Noble Sword,neutral_culture,Native/ModuleData/mpitems.xml,Native,0
mp_vlandia_horse,Item,Horse,,Saddle Horse,,Native/ModuleData/mpitems.xml,Native,0
mp_vlandia_horse_agile,Item,Horse,,Jaculan Horse,,Native/ModuleData/mpitems.xml,Native,0
mp_vlandia_horse_faster,Item,Horse,,Hunter,,Native/ModuleData/mpitems.xml,Native,0
mp_vlandia_horse_war,Item,Horse,,Charger,,Native/ModuleData/mpitems.xml,Native,0
mp_vlandia_horse_war_faster,Item,Horse,,Faster Charger,,Native/ModuleData/mpitems.xml,Native,0
mp_vlandia_horse_war_tougher,Item,Horse,,Brawler,,Native/ModuleData/mpitems.xml,Native,0
mp_vlandian_arming_sword,CraftedItem,CraftedWeapon,OneHandedSword,Arming Sword,neutral_culture,Native/ModuleData/mpitems.xml,Native,0
mp_vlandian_axe,CraftedItem,CraftedWeapon,OneHandedAxe,Vlandian Axe,neutral_culture,Native/ModuleData/mpitems.xml,Native,0
mp_vlandian_bastard_axe,CraftedItem,CraftedWeapon,TwoHandedAxe,Bastard Axe,neutral_culture,Native/ModuleData/mpitems.xml,Native,0
mp_vlandian_billhook,CraftedItem,CraftedWeapon,TwoHandedAxe,Bill,neutral_culture,Native/ModuleData/mpitems.xml,Native,0
mp_vlandian_cavalry_mace,CraftedItem,CraftedWeapon,Mace,Vlandian Cavalry Mace,neutral_culture,Native/ModuleData/mpitems.xml,Native,0
mp_vlandian_faceguard_helmet_a,Item,HeadArmor,,Closed Knight Helmet,vlandia,Native/ModuleData/mpitems.xml,Native,0
mp_vlandian_faceguard_helmet_b,Item,HeadArmor,,Knight Helmet with Bronze Faceguard,vlandia,Native/ModuleData/mpitems.xml,Native,0
mp_vlandian_halberd_lol,CraftedItem,CraftedWeapon,TwoHandedAxe,Military Bill,neutral_culture,Native/ModuleData/mpitems.xml,Native,0
mp_vlandian_hammer,CraftedItem,CraftedWeapon,Mace,Hammer,neutral_culture,Native/ModuleData/mpitems.xml,Native,0
mp_vlandian_heavy_lance,CraftedItem,CraftedWeapon,TwoHandedPolearm,Vlandian Heavy Lance,neutral_culture,Native/ModuleData/mpitems.xml,Native,0
mp_vlandian_long_sword,CraftedItem,CraftedWeapon,OneHandedSword,Long Sword,neutral_culture,Native/ModuleData/mpitems.xml,Native,0
mp_vlandian_mace,CraftedItem,CraftedWeapon,Mace,Vlandian Mace,neutral_culture,Native/ModuleData/mpitems.xml,Native,0
mp_vlandian_military_pick,CraftedItem,CraftedWeapon,Mace,Vlandian Military Sickle,neutral_culture,Native/ModuleData/mpitems.xml,Native,0
mp_vlandian_noble_bastard_sword,CraftedItem,CraftedWeapon,TwoHandedSword,Bastard Sword,neutral_culture,Native/ModuleData/mpitems.xml,Native,0
mp_vlandian_noble_two_handed_sword,CraftedItem,CraftedWeapon,TwoHandedSword,Noble Great Sword,neutral_culture,Native/ModuleData/mpitems.xml,Native,0
mp_vlandian_pick_axe,CraftedItem,CraftedWeapon,OneHandedSword,Pickaxe,neutral_culture,Native/ModuleData/mpitems.xml,Native,0
mp_vlandian_pike,CraftedItem,CraftedWeapon,Pike,Awl Pike,neutral_culture,Native/ModuleData/mpitems.xml,Native,0
mp_vlandian_polearm,CraftedItem,CraftedWeapon,TwoHandedPolearm,Voulge,neutral_culture,Native/ModuleData/mpitems.xml,Native,0
mp_vlandian_short_sword,CraftedItem,CraftedWeapon,OneHandedSword,Vlandian Short Sword,neutral_culture,Native/ModuleData/mpitems.xml,Native,0
mp_vlandian_sickle,CraftedItem,CraftedWeapon,OneHandedSword,Sickle,neutral_culture,Native/ModuleData/mpitems.xml,Native,0
mp_vlandian_throwing_axe,CraftedItem,CraftedWeapon,ThrowingAxe,Francesca,neutral_culture,Native/ModuleData/mpitems.xml,Native,0
mp_vlandian_throwing_axe_extra,CraftedItem,CraftedWeapon,ThrowingAxe,Francesca,neutral_culture,Native/ModuleData/mpitems.xml,Native,0
mp_vlandian_two_handed_sword,CraftedItem,CraftedWeapon,TwoHandedSword,Great Sword,neutral_culture,Native/ModuleData/mpitems.xml,Native,0
mp_western_2h_shovel,CraftedItem,CraftedWeapon,TwoHandedPolearm,Shovel,,Native/ModuleData/mpitems.xml,Native,0
mp_western_2h_sickle,CraftedItem,CraftedWeapon,TwoHandedPolearm,Hay Sickle,,Native/ModuleData/mpitems.xml,Native,0
mp_western_bastard_sword,CraftedItem,CraftedWeapon,TwoHandedSword,Vlandian Bastard Sword,neutral_culture,Native/ModuleData/mpitems.xml,Native,0
mp_western_cavalry_spear,CraftedItem,CraftedWeapon,TwoHandedPolearm,Western Cavalry Spear,neutral_culture,Native/ModuleData/mpitems.xml,Native,0
mp_western_crowned_plated_helmet,Item,HeadArmor,,Crowned Plated Helmet,neutral_culture,Native/ModuleData/mpitems.xml,Native,0
mp_western_kite_shield,Item,Shield,,Kite Shield,neutral_culture,Native/ModuleData/mpitems.xml,Native,0
mp_western_lance,CraftedItem,CraftedWeapon,TwoHandedPolearm,Western Lance,neutral_culture,Native/ModuleData/mpitems.xml,Native,0
mp_western_long_lance,CraftedItem,CraftedWeapon,TwoHandedPolearm,Vlandian Long Lance,neutral_culture,Native/ModuleData/mpitems.xml,Native,0
mp_western_long_spear,CraftedItem,CraftedWeapon,TwoHandedPolearm,Western Long Spear,neutral_culture,Native/ModuleData/mpitems.xml,Native,0
mp_western_pitchfork_metal,CraftedItem,CraftedWeapon,TwoHandedPolearm,Metal Pitchfork,neutral_culture,Native/ModuleData/mpitems.xml,Native,0
mp_western_pitchfork_wood,CraftedItem,CraftedWeapon,TwoHandedPolearm,Pitchfork,neutral_culture,Native/ModuleData/mpitems.xml,Native,0
mp_western_riders_kite_shield,Item,Shield,,Cavalry Kite Shield,neutral_culture,Native/ModuleData/mpitems.xml,Native,0
mp_western_scale_mail,Item,BodyArmor,,Scale Mail,neutral_culture,Native/ModuleData/mpitems.xml,Native,0
mp_western_scythe,CraftedItem,CraftedWeapon,TwoHandedPolearm,Scythe,,Native/ModuleData/mpitems.xml,Native,0
mp_western_short_spear,CraftedItem,CraftedWeapon,TwoHandedPolearm,Short Spear,neutral_culture,Native/ModuleData/mpitems.xml,Native,0
mp_western_spear,CraftedItem,CraftedWeapon,TwoHandedPolearm,Western Spear,neutral_culture,Native/ModuleData/mpitems.xml,Native,0
mp_white_coat_over_mail,Item,,,,,Native/ModuleData/mpcosmetics.xml,Native,0
mp_wide_heater_shield,Item,Shield,,Wide Heater Shield,,Native/ModuleData/mpitems.xml,Native,0
mp_wolf_shoulder,Item,Cape,,Wolf Shoulder,neutral_culture,Native/ModuleData/mpitems.xml,Native,0
mp_wolfhead,Item,HeadArmor,,Wolfhead,neutral_culture,Native/ModuleData/mpitems.xml,Native,0
mp_woodland_long_bow,Item,Bow,,Woodland Longbow,neutral_culture,Native/ModuleData/mpitems.xml,Native,0
mp_worn_horsemans_kite_shield,Item,Shield,,Worn Horseman Kite Shield,neutral_culture,Native/ModuleData/mpitems.xml,Native,0
mp_worn_kite_shield,Item,Shield,,Worn Kite Shield,neutral_culture,Native/ModuleData/mpitems.xml,Native,0
mp_woven_leather_boots,Item,,,,,Native/ModuleData/mpcosmetics.xml,Native,0
mp_woven_leather_bracers,Item,HandArmor,,Woven Leather Bracers,neutral_culture,Native/ModuleData/mpitems.xml,Native,0
mp_woven_leather_coat,Item,BodyArmor,,Boarskin Leather Coat,neutral_culture,Native/ModuleData/mpitems.xml,Native,0
mp_woven_leather_shoulders,Item,Cape,,Woven Leather Shoulders,empire,Native/ModuleData/mpitems.xml,Native,0
mp_woven_leather_vest,Item,BodyArmor,,Woven Leather Vest,neutral_culture,Native/ModuleData/mpitems.xml,Native,0
mp_woven_turban,Item,HeadArmor,,Woven Turban,aserai,Native/ModuleData/mpitems.xml,Native,0
mp_wrapped_desert_cap,Item,HeadArmor,,Wrapped Leather Cap,aserai,Native/ModuleData/mpitems.xml,Native,0
mp_wrapped_headcloth,Item,HeadArmor,,Wrapped Headcloth,neutral_culture,Native/ModuleData/mpitems.xml,Native,0
mp_wrapped_leather_boots,Item,,,,,Native/ModuleData/mpcosmetics.xml,Native,0
mp_wrapped_scarf,Item,Cape,,Wrapped Scarf,neutral_culture,Native/ModuleData/mpitems.xml,Native,0
mp_wrapped_shoes,Item,,,,,Native/ModuleData/mpcosmetics.xml,Native,0
mp_yeow_long_bow,Item,Bow,,Yeow Longbow,neutral_culture,Native/ModuleData/mpitems.xml,Native,0
mule,Item,Horse,,Mule{@Plural}mules{\@},,SandBoxCore/ModuleData/items/horses_and_others.xml,SandBoxCore,2
mule_load_a,Item,HorseHarness,,Mule Harness with Pack,,SandBoxCore/ModuleData/items/horses_and_others.xml,SandBoxCore,2
mule_load_b,Item,HorseHarness,,Mule Harness with Baskets,,SandBoxCore/ModuleData/items/horses_and_others.xml,SandBoxCore,2
mule_load_c,Item,HorseHarness,,Mule Harness with Bags,,SandBoxCore/ModuleData/items/horses_and_others.xml,SandBoxCore,2
mule_unmountable,Item,Horse,,Mule,,SandBoxCore/ModuleData/items/horses_and_others.xml,SandBoxCore,2
narrow_sword_t3,CraftedItem,CraftedWeapon,OneHandedSword,Narrow Sword,,SandBoxCore/ModuleData/items/weapons.xml,SandBoxCore,2
nasal_cervelliere_over_laced_coif,Item,HeadArmor,,Nasal Cervelliere over Laced Coif,vlandia,SandBoxCore/ModuleData/items/head_armors.xml,SandBoxCore,2
nasal_cervelliere_over_mail_coif,Item,HeadArmor,,Nasal Cervelliere over Mail Coif,vlandia,SandBoxCore/ModuleData/items/head_armors.xml,SandBoxCore,2
nasal_cervelliere_over_padded_cap,Item,HeadArmor,,Nasal Cervelliere over Padded Cap,vlandia,SandBoxCore/ModuleData/items/head_armors.xml,SandBoxCore,2
nasal_cervelliere_over_padded_coif,Item,HeadArmor,,Nasal Cervelliere over Padded Coif,vlandia,SandBoxCore/ModuleData/items/head_armors.xml,SandBoxCore,2
nasal_helmet,Item,,,Steel Cap with Nose Guard,nord,NavalDLC/ModuleData/items.xml,NavalDLC,4
nasal_helmet_over_cloth_headwrap,Item,HeadArmor,,Nasal Helmet over Cloth Headwrap,vlandia,SandBoxCore/ModuleData/items/head_armors.xml,SandBoxCore,2
nasal_helmet_over_laced_coif,Item,HeadArmor,,Nasal Helmet over Laced Coif,vlandia,SandBoxCore/ModuleData/items/head_armors.xml,SandBoxCore,2
nasal_helmet_over_mail,Item,HeadArmor,,Nasal Helmet over Mail,vlandia,SandBoxCore/ModuleData/items/head_armors.xml,SandBoxCore,2
nasal_helmet_over_mail_coif,Item,HeadArmor,,Nasal Helmet over Mail Coif,vlandia,SandBoxCore/ModuleData/items/head_armors.xml,SandBoxCore,2
nasal_helmet_over_padded_cloth,Item,HeadArmor,,Nasal Helmet over Padded Cloth,vlandia,SandBoxCore/ModuleData/items/head_armors.xml,SandBoxCore,2
nasal_helmet_over_padded_coif,Item,HeadArmor,,Nasal Helmet over Padded Coif,vlandia,SandBoxCore/ModuleData/items/head_armors.xml,SandBoxCore,2
nasal_helmet_with_leather,Item,HeadArmor,,Nasal Helmet with Leather,sturgia,SandBoxCore/ModuleData/items/head_armors.xml,SandBoxCore,2
nasal_helmet_with_mail,Item,HeadArmor,,Nasal Helmet with Mail,sturgia,SandBoxCore/ModuleData/items/head_armors.xml,SandBoxCore,2
nasalhelm_over_leather,Item,HeadArmor,,Nasalhelm over Leather,sturgia,SandBoxCore/ModuleData/items/head_armors.xml,SandBoxCore,2
nasalhelm_over_mail,Item,HeadArmor,,Nasalhelm over Mail,sturgia,SandBoxCore/ModuleData/items/head_armors.xml,SandBoxCore,2
naval_one_handed_axe_t1,CraftedItem,CraftedWeapon,OneHandedAxe,Splitter Axe,nord,NavalDLC/ModuleData/naval_weapons.xml,NavalDLC,4
naval_strappy_tunic,Item,BodyArmor,,Nordic Luxury Tunic,nord,NavalDLC/ModuleData/items.xml,NavalDLC,4
noble_bow,Item,Bow,,Noble Bow,,SandBoxCore/ModuleData/items/weapons.xml,SandBoxCore,2
noble_camel,Item,Horse,,Nahasa Camel{@Plural}Nahasa camels{\@},aserai,SandBoxCore/ModuleData/items/horses_and_others.xml,SandBoxCore,2
noble_horse,Item,Horse,,Pureblood{@Plural}pureblood horses{\@},,SandBoxCore/ModuleData/items/horses_and_others.xml,SandBoxCore,2
noble_horse_battania,Item,Horse,,Battanian Thoroughbred{@Plural}Battanian thoroughbreds{\@},battania,SandBoxCore/ModuleData/items/horses_and_others.xml,SandBoxCore,2
noble_horse_eastern,Item,Horse,,Asaligat{@Plural}Asaligat horses{\@},khuzait,SandBoxCore/ModuleData/items/horses_and_others.xml,SandBoxCore,2
noble_horse_imperial,Item,Horse,,Cossian{@Plural}Cossian horses{\@},empire,SandBoxCore/ModuleData/items/horses_and_others.xml,SandBoxCore,2
noble_horse_khamseen,Item,Horse,,Khamseen{@Plural}Khamseen horses{\@},,SandBoxCore/ModuleData/items/horses_and_others.xml,SandBoxCore,2
noble_horse_northern,Item,Horse,,Tyal Horse{@Plural}Tyal horses{\@},sturgia,SandBoxCore/ModuleData/items/horses_and_others.xml,SandBoxCore,2
noble_horse_southern,Item,Horse,,Wadar Hotblood{@Plural}Wadar Hotbloods{\@},aserai,SandBoxCore/ModuleData/items/horses_and_others.xml,SandBoxCore,2
noble_horse_western,Item,Horse,,Royal Destrier{@Plural}Royal Destriers{\@},vlandia,SandBoxCore/ModuleData/items/horses_and_others.xml,SandBoxCore,2
noble_long_bow,Item,Bow,,Noble Long Bow,,SandBoxCore/ModuleData/items/weapons.xml,SandBoxCore,2
noble_pauldron,Item,Cape,,Ornate Pauldrons,vlandia,SandBoxCore/ModuleData/items/shoulder_armors.xml,SandBoxCore,2
noble_pauldron_with_cape,Item,Cape,,Ornate Pauldrons with Cape,vlandia,SandBoxCore/ModuleData/items/shoulder_armors.xml,SandBoxCore,2
noble_pauldron_with_scarf,Item,Cape,,Reinforced Ornate Pauldrons,vlandia,SandBoxCore/ModuleData/items/shoulder_armors.xml,SandBoxCore,2
nomad_bow,Item,Bow,,Nomad Bow,aserai,SandBoxCore/ModuleData/items/weapons.xml,SandBoxCore,2
nomad_cap,Item,HeadArmor,,Nomad Cap,khuzait,SandBoxCore/ModuleData/items/head_armors.xml,SandBoxCore,2
nomad_helmet,Item,HeadArmor,,Nomad Helmet,khuzait,SandBoxCore/ModuleData/items/head_armors.xml,SandBoxCore,2
nomad_padded_hood,Item,HeadArmor,,Nomad Padded Hood,khuzait,SandBoxCore/ModuleData/items/head_armors.xml,SandBoxCore,2
nord_1haxe_blunt,CraftedItem,CraftedWeapon,OneHandedAxe,Nord Etched Axe,nord,NavalDLC/ModuleData/naval_weapons.xml,NavalDLC,4
nord_1hsword_blunt,CraftedItem,CraftedWeapon,OneHandedSword,Embroidered Onehanded Sword,nord,NavalDLC/ModuleData/naval_weapons.xml,NavalDLC,4
nord_2haxe_blunt,CraftedItem,CraftedWeapon,TwoHandedAxe,Nord Hollow Two Handed Axe,nord,NavalDLC/ModuleData/naval_weapons.xml,NavalDLC,4
nord_atgeir_polearm_blunt,CraftedItem,CraftedWeapon,TwoHandedPolearm,Sparring Atgeir,nord,NavalDLC/ModuleData/naval_weapons.xml,NavalDLC,4
nord_banner_a_t1,Item,Banner,,Axe Breaker Banner,nord,NavalDLC/ModuleData/banners.xml,NavalDLC,4
nord_banner_a_t2,Item,Banner,,Sword Breaker Banner,nord,NavalDLC/ModuleData/banners.xml,NavalDLC,4
nord_banner_a_t3,Item,Banner,,Lance Breaker Banner,nord,NavalDLC/ModuleData/banners.xml,NavalDLC,4
nord_banner_b_t1,Item,Banner,,Land-Waster Banner,nord,NavalDLC/ModuleData/banners.xml,NavalDLC,4
nord_banner_b_t2,Item,Banner,,Shield-Splinterer Banner,nord,NavalDLC/ModuleData/banners.xml,NavalDLC,4
nord_banner_b_t3,Item,Banner,,Blood-Spiller Banner,nord,NavalDLC/ModuleData/banners.xml,NavalDLC,4
nord_battle_axe_1_t5,CraftedItem,CraftedWeapon,OneHandedAxe,Engraved Nord Battle Axe,nord,NavalDLC/ModuleData/naval_weapons.xml,NavalDLC,4
nord_battle_axe_2_t5,CraftedItem,CraftedWeapon,OneHandedAxe,Nord Battle Axe,nord,NavalDLC/ModuleData/naval_weapons.xml,NavalDLC,4
nord_battle_axe_3_t4,CraftedItem,CraftedWeapon,OneHandedAxe,Reinforced Leatherbound Battle Axe,nord,NavalDLC/ModuleData/naval_weapons.xml,NavalDLC,4
nord_battle_axe_4_t3,CraftedItem,CraftedWeapon,OneHandedAxe,Leatherbound Hardened Battle Axe,nord,NavalDLC/ModuleData/naval_weapons.xml,NavalDLC,4
nord_battle_axe_5_t3,CraftedItem,CraftedWeapon,OneHandedAxe,Leatherbound Nord Battle Axe,nord,NavalDLC/ModuleData/naval_weapons.xml,NavalDLC,4
nord_battle_axe_6_t2,CraftedItem,CraftedWeapon,OneHandedAxe,Drengr Long Axe,nord,NavalDLC/ModuleData/naval_weapons.xml,NavalDLC,4
nord_battle_axe_7_t2,CraftedItem,CraftedWeapon,OneHandedAxe,Drengr Axe,nord,NavalDLC/ModuleData/naval_weapons.xml,NavalDLC,4
nord_casual_boots,Item,LegArmor,,Short Flap Boots,nord,NavalDLC/ModuleData/items.xml,NavalDLC,4
nord_casual_bracers,Item,HandArmor,,Leather Bracers,nord,NavalDLC/ModuleData/items.xml,NavalDLC,4
nord_casual_cloak,Item,Cape,,Long Woolen Cloak,nord,NavalDLC/ModuleData/items.xml,NavalDLC,4
nord_casual_tunic,Item,BodyArmor,,Nordic Woolen Tunic,nord,NavalDLC/ModuleData/items.xml,NavalDLC,4
nord_chainmail_armor,Item,BodyArmor,,Nordic Heavy Mail Armor,nord,NavalDLC/ModuleData/items.xml,NavalDLC,4
nord_fur_shoulder,Item,Cape,,Long Linen Fur Cape,nord,NavalDLC/ModuleData/items.xml,NavalDLC,4
nord_hatchett_1_t2,CraftedItem,CraftedWeapon,OneHandedAxe,Nord Hatchett,nord,NavalDLC/ModuleData/naval_weapons.xml,NavalDLC,4
nord_hatchett_2_t2,CraftedItem,CraftedWeapon,OneHandedAxe,Leatherbound Nord Hatchett,nord,NavalDLC/ModuleData/naval_weapons.xml,NavalDLC,4
nord_hatchett_3_t1,CraftedItem,CraftedWeapon,OneHandedAxe,Nord Work Hatchett,nord,NavalDLC/ModuleData/naval_weapons.xml,NavalDLC,4
nord_helmet_a,Item,HeadArmor,,Ornate Vendel Helmet,nord,NavalDLC/ModuleData/items.xml,NavalDLC,4
nord_helmet_b,Item,HeadArmor,,Vendel Noble Helmet,nord,NavalDLC/ModuleData/items.xml,NavalDLC,4
nord_helmet_c,Item,HeadArmor,,Brass Vendel Helmet,nord,NavalDLC/ModuleData/items.xml,NavalDLC,4
nord_helmet_d,Item,HeadArmor,,Nordic Spectacle Helmet,nord,NavalDLC/ModuleData/items.xml,NavalDLC,4
nord_helmet_da,Item,HeadArmor,,Nordic Spectacle Helm over Padded,nord,NavalDLC/ModuleData/items.xml,NavalDLC,4
nord_helmet_e,Item,HeadArmor,,Nordic Nasal Helm over Mail,nord,NavalDLC/ModuleData/items.xml,NavalDLC,4
nord_helmet_ea,Item,HeadArmor,,Nordic Nasal Helmet,nord,NavalDLC/ModuleData/items.xml,NavalDLC,4
nord_helmet_f,Item,HeadArmor,,Nordic Iron Helm over Mail,nord,NavalDLC/ModuleData/items.xml,NavalDLC,4
nord_helmet_fa,Item,HeadArmor,,Nordic Iron Helmet,nord,NavalDLC/ModuleData/items.xml,NavalDLC,4
nord_javelin_blunt,CraftedItem,CraftedWeapon,Javelin,God's Ray,nord,NavalDLC/ModuleData/naval_weapons.xml,NavalDLC,4
nord_king_armor,Item,BodyArmor,,Heavy Mastercrafted Northern Armor,nord,NavalDLC/ModuleData/items.xml,NavalDLC,4
nord_king_armor_b,Item,BodyArmor,,Reinforced Huscarl Armor,nord,NavalDLC/ModuleData/items.xml,NavalDLC,4
nord_king_armor_c,Item,BodyArmor,,Gilded Shield-Companion Armor,nord,NavalDLC/ModuleData/items.xml,NavalDLC,4
nord_king_armor_d,Item,BodyArmor,,Mastercrafted Northern Armor,nord,NavalDLC/ModuleData/items.xml,NavalDLC,4
nord_king_crown,Item,HeadArmor,,Northern Majestic Crown,nord,NavalDLC/ModuleData/items.xml,NavalDLC,4
nord_king_shoulder_armor,Item,Cape,,Northern Majestic Shoulder,nord,NavalDLC/ModuleData/items.xml,NavalDLC,4
nord_king_shoulder_armor_b,Item,Cape,,Gilded Noble Shoulder,nord,NavalDLC/ModuleData/items.xml,NavalDLC,4
nord_long_two_handed_t3,CraftedItem,CraftedWeapon,OneHandedAxe,Swift Short Axe,nord,NavalDLC/ModuleData/naval_weapons.xml,NavalDLC,4
nord_long_two_handed_t6,CraftedItem,CraftedWeapon,TwoHandedAxe,Swift Wing Axe,nord,NavalDLC/ModuleData/naval_weapons.xml,NavalDLC,4
nord_polearm_blunt,CraftedItem,CraftedWeapon,TwoHandedPolearm,Decorated Sparring Spear,nord,NavalDLC/ModuleData/naval_weapons.xml,NavalDLC,4
nord_poor_boot,Item,LegArmor,,Worn Leather Boots,nord,NavalDLC/ModuleData/items.xml,NavalDLC,4
nord_poor_civil,Item,BodyArmor,,Old Linen Tunic,nord,NavalDLC/ModuleData/items.xml,NavalDLC,4
nord_shield_tier_2_d,Item,Shield,,Ropebound Shield,nord,NavalDLC/ModuleData/items.xml,NavalDLC,4
nord_shield_tier_3_a,Item,Shield,,Leather Round Shield,nord,NavalDLC/ModuleData/items.xml,NavalDLC,4
nord_shield_tier_3_b,Item,Shield,,Fur Round Shield,nord,NavalDLC/ModuleData/items.xml,NavalDLC,4
nord_shield_tier_4_a,Item,Shield,,Nordic Decorated Targe,nord,NavalDLC/ModuleData/items.xml,NavalDLC,4
nord_shield_tier_4_b,Item,Shield,,Nordic Targe,nord,NavalDLC/ModuleData/items.xml,NavalDLC,4
nord_shield_tier_5_a,Item,Shield,,Steel Cross Shield,nord,NavalDLC/ModuleData/items.xml,NavalDLC,4
nord_shield_tier_5_b,Item,Shield,,Steel Ornamented Shield,nord,NavalDLC/ModuleData/items.xml,NavalDLC,4
nord_shield_tier_6_a,Item,Shield,,Decorated Nordic Shield,nord,NavalDLC/ModuleData/items.xml,NavalDLC,4
nord_shield_tier_6_b,Item,Shield,,Ornamented Nordic Shield,nord,NavalDLC/ModuleData/items.xml,NavalDLC,4
nord_shoulder_a,Item,Cape,,Reinforced Lamellar Pauldrons,nord,NavalDLC/ModuleData/items.xml,NavalDLC,4
nord_shoulder_b,Item,Cape,,Northern Lamellar Pauldrons,nord,NavalDLC/ModuleData/items.xml,NavalDLC,4
nord_spear_1_t2,CraftedItem,CraftedWeapon,TwoHandedPolearm,Knobbed Short Spear,nord,NavalDLC/ModuleData/naval_weapons.xml,NavalDLC,4
nord_spear_1_t3,CraftedItem,CraftedWeapon,TwoHandedPolearm,Decorated Leaf Spear,nord,NavalDLC/ModuleData/naval_weapons.xml,NavalDLC,4
nord_spear_1_t4,CraftedItem,CraftedWeapon,TwoHandedPolearm,Thegn Long Spear ,nord,NavalDLC/ModuleData/naval_weapons.xml,NavalDLC,4
nord_spear_2_t2,CraftedItem,CraftedWeapon,TwoHandedPolearm,Drilled Leaf Short Spear,nord,NavalDLC/ModuleData/naval_weapons.xml,NavalDLC,4
nord_spear_2_t3,CraftedItem,CraftedWeapon,TwoHandedPolearm,Hirdmann Spear,nord,NavalDLC/ModuleData/naval_weapons.xml,NavalDLC,4
nord_spear_2_t5,CraftedItem,CraftedWeapon,TwoHandedPolearm,Jarlsmenn Spear,nord,NavalDLC/ModuleData/naval_weapons.xml,NavalDLC,4
nord_spear_3_t5,CraftedItem,CraftedWeapon,TwoHandedPolearm,Huscarl Spear,nord,NavalDLC/ModuleData/naval_weapons.xml,NavalDLC,4
nord_spear_4_t5,CraftedItem,CraftedWeapon,TwoHandedPolearm,Horse Guard Spear,nord,NavalDLC/ModuleData/naval_weapons.xml,NavalDLC,4
nord_spear_atgeir_1_t4,CraftedItem,CraftedWeapon,TwoHandedPolearm,Vargr Atgeir,nord,NavalDLC/ModuleData/naval_weapons.xml,NavalDLC,4
nord_spear_atgeir_1_t5,CraftedItem,CraftedWeapon,TwoHandedPolearm,Ulfhednar Atgeir,nord,NavalDLC/ModuleData/naval_weapons.xml,NavalDLC,4
nord_spear_javelin_1_t3,CraftedItem,CraftedWeapon,Javelin,Nord Javelin,nord,NavalDLC/ModuleData/naval_weapons.xml,NavalDLC,4
nord_sword_1_t2,CraftedItem,CraftedWeapon,OneHandedSword,Ungmann Sword,nord,NavalDLC/ModuleData/naval_weapons.xml,NavalDLC,4
nord_sword_1_t3,CraftedItem,CraftedWeapon,OneHandedSword,Hirdmann Sword,nord,NavalDLC/ModuleData/naval_weapons.xml,NavalDLC,4
nord_sword_1_t4,CraftedItem,CraftedWeapon,OneHandedSword,Vargr Decorated Sword,nord,NavalDLC/ModuleData/naval_weapons.xml,NavalDLC,4
nord_sword_1_t5,CraftedItem,CraftedWeapon,OneHandedSword,Berserkr Sword,nord,NavalDLC/ModuleData/naval_weapons.xml,NavalDLC,4
nord_sword_2_t3,CraftedItem,CraftedWeapon,OneHandedSword,Striped Nord Sword,nord,NavalDLC/ModuleData/naval_weapons.xml,NavalDLC,4
nord_sword_2_t4,CraftedItem,CraftedWeapon,OneHandedSword,Nord Decorated Sword,nord,NavalDLC/ModuleData/naval_weapons.xml,NavalDLC,4
nord_sword_2_t5,CraftedItem,CraftedWeapon,OneHandedSword,Huscarl Runed Sword,nord,NavalDLC/ModuleData/naval_weapons.xml,NavalDLC,4
nord_sword_3_t4,CraftedItem,CraftedWeapon,OneHandedSword,Ulfhednar Sword,nord,NavalDLC/ModuleData/naval_weapons.xml,NavalDLC,4
nord_sword_3_t5,CraftedItem,CraftedWeapon,OneHandedSword,Jarlsmenn Sword,nord,NavalDLC/ModuleData/naval_weapons.xml,NavalDLC,4
nord_sword_4_t4,CraftedItem,CraftedWeapon,OneHandedSword,Thegn Broadsword,nord,NavalDLC/ModuleData/naval_weapons.xml,NavalDLC,4
nord_throwing_axe_1_t2,CraftedItem,CraftedWeapon,ThrowingAxe,Nord Throwing Axe,nord,NavalDLC/ModuleData/naval_weapons.xml,NavalDLC,4
nord_throwing_axe_1_t3,CraftedItem,CraftedWeapon,ThrowingAxe,Northern Throwing Axe,nord,NavalDLC/ModuleData/naval_weapons.xml,NavalDLC,4
nord_throwing_axe_1_t4,CraftedItem,CraftedWeapon,ThrowingAxe,Engraved Throwing Axe,nord,NavalDLC/ModuleData/naval_weapons.xml,NavalDLC,4
nord_throwing_axe_1_t5,CraftedItem,CraftedWeapon,ThrowingAxe,Balanced Engraved Throwing Axe,nord,NavalDLC/ModuleData/naval_weapons.xml,NavalDLC,4
nord_throwing_axe_2_t4,CraftedItem,CraftedWeapon,ThrowingAxe,Hidebound Nord Throwing Axe,nord,NavalDLC/ModuleData/naval_weapons.xml,NavalDLC,4
nord_throwing_axe_2_t5,CraftedItem,CraftedWeapon,ThrowingAxe,Balanced Nord Throwing Axe,nord,NavalDLC/ModuleData/naval_weapons.xml,NavalDLC,4
nord_throwing_axe_blunt,CraftedItem,CraftedWeapon,ThrowingAxe,Nord Sparring Throwing Axe,nord,NavalDLC/ModuleData/naval_weapons.xml,NavalDLC,4
nord_twohanded_axe_1_t3,CraftedItem,CraftedWeapon,TwoHandedAxe,Nord Axe,nord,NavalDLC/ModuleData/naval_weapons.xml,NavalDLC,4
nord_twohanded_axe_2_t4,CraftedItem,CraftedWeapon,TwoHandedAxe,Hollowed Wing Axe,nord,NavalDLC/ModuleData/naval_weapons.xml,NavalDLC,4
nord_twohanded_axe_3_t5,CraftedItem,CraftedWeapon,TwoHandedAxe,Reinforced Ravens Wing Axe,nord,NavalDLC/ModuleData/naval_weapons.xml,NavalDLC,4
nord_twohanded_axe_4_t5,CraftedItem,CraftedWeapon,TwoHandedAxe,Ravens Wing Axe,nord,NavalDLC/ModuleData/naval_weapons.xml,NavalDLC,4
nord_twohanded_axe_5_t4,CraftedItem,CraftedWeapon,TwoHandedAxe,Reinforced Hollowed Wing Axe,nord,NavalDLC/ModuleData/naval_weapons.xml,NavalDLC,4
nord_twohanded_axe_6_t4,CraftedItem,CraftedWeapon,TwoHandedAxe,Reinforced Nord Axe,nord,NavalDLC/ModuleData/naval_weapons.xml,NavalDLC,4
nordic_chainmail_a,Item,BodyArmor,,Nordic Long Heavy Mail,nord,NavalDLC/ModuleData/items.xml,NavalDLC,4
nordic_chainmail_c,Item,BodyArmor,,Reinforced Mail Coat,nord,NavalDLC/ModuleData/items.xml,NavalDLC,4
nordic_civilian_dress,Item,BodyArmor,,Nordic Dress,nord,NavalDLC/ModuleData/items.xml,NavalDLC,4
nordic_civilian_dress_plaid,Item,BodyArmor,,Nordic Plaid Dress,nord,NavalDLC/ModuleData/items.xml,NavalDLC,4
nordic_civilian_hat,Item,HeadArmor,,Nordic Civilian Hat,nord,NavalDLC/ModuleData/items.xml,NavalDLC,4
nordic_civilian_hat_fur_brim,Item,HeadArmor,,Nordic Civilian Hat with Fur Brim,nord,NavalDLC/ModuleData/items.xml,NavalDLC,4
nordic_fur_cap,Item,HeadArmor,,Fur Rimmed Cap,sturgia,SandBoxCore/ModuleData/items/head_armors.xml,SandBoxCore,2
nordic_hauberk,Item,BodyArmor,,Reinforced Mail Shirt,sturgia,SandBoxCore/ModuleData/items/body_armors.xml,SandBoxCore,2
nordic_helmet,Item,,,Closed Mail Goggled Helmet,nord,NavalDLC/ModuleData/items.xml,NavalDLC,4
nordic_lamellar_armor,Item,BodyArmor,,Bronze Scale Vest over Gambeson,sturgia,SandBoxCore/ModuleData/items/body_armors.xml,SandBoxCore,2
nordic_lamellar_vest,Item,BodyArmor,,Bronze Scale Vest,sturgia,SandBoxCore/ModuleData/items/body_armors.xml,SandBoxCore,2
nordic_leather_cap,Item,HeadArmor,,Fur Cap with Ear Flaps,sturgia,SandBoxCore/ModuleData/items/head_armors.xml,SandBoxCore,2
nordic_padded_cloth,Item,BodyArmor,,Reinforced Thick Tunic,sturgia,SandBoxCore/ModuleData/items/body_armors.xml,SandBoxCore,2
nordic_shortbow,Item,Bow,,Sturgian Shortbow,sturgia,SandBoxCore/ModuleData/items/weapons.xml,SandBoxCore,2
nordic_sloven,Item,BodyArmor,,Leather Armor over Heavy Cloth,sturgia,SandBoxCore/ModuleData/items/body_armors.xml,SandBoxCore,2
nordic_sloven_leather,Item,BodyArmor,,Sloven Leather,sturgia,SandBoxCore/ModuleData/items/body_armors.xml,SandBoxCore,2
nordic_sloven_over_mail,Item,BodyArmor,,Leather Tabard over Mail,sturgia,SandBoxCore/ModuleData/items/body_armors.xml,SandBoxCore,2
nordic_tunic,Item,BodyArmor,,Luxury Tunic,sturgia,SandBoxCore/ModuleData/items/body_armors.xml,SandBoxCore,2
norse_chainmail_pleatedtrousers,Item,BodyArmor,,Norse Chainmail,nord,NavalDLC/ModuleData/items.xml,NavalDLC,4
northern_2hsword_t4,CraftedItem,CraftedWeapon,TwoHandedSword,Fine Steel Two Handed Sword,sturgia,SandBoxCore/ModuleData/items/weapons.xml,SandBoxCore,2
northern_axe_t3,CraftedItem,CraftedWeapon,TwoHandedAxe,Northlander Broad Axe,sturgia,SandBoxCore/ModuleData/items/weapons.xml,SandBoxCore,2
northern_battle_axe_t3,CraftedItem,CraftedWeapon,OneHandedAxe,Simple Raider Battle Axe,sturgia,SandBoxCore/ModuleData/items/weapons.xml,SandBoxCore,2
northern_brass_bracers,Item,HandArmor,,Bronze Bracers,sturgia,SandBoxCore/ModuleData/items/arm_armors.xml,SandBoxCore,2
northern_brass_lamellar_over_mail,Item,BodyArmor,,Heavy Lamellar over Mail,sturgia,SandBoxCore/ModuleData/items/body_armors.xml,SandBoxCore,2
northern_coat_of_plates,Item,BodyArmor,,Coat Of Plates,sturgia,SandBoxCore/ModuleData/items/body_armors.xml,SandBoxCore,2
northern_dress,Item,BodyArmor,,Cold Weather Dress,sturgia,SandBoxCore/ModuleData/items/body_armors.xml,SandBoxCore,2
northern_fur_cap,Item,HeadArmor,,Fur Cap,sturgia,SandBoxCore/ModuleData/items/head_armors.xml,SandBoxCore,2
northern_goggled_helmet,Item,,,Sea Raider Goggled Helmet,nord,NavalDLC/ModuleData/items.xml,NavalDLC,4
northern_horsemans_shield,Item,Shield,,Reinforced Cavalry Shield,sturgia,SandBoxCore/ModuleData/items/shields.xml,SandBoxCore,2
northern_javelin_1_t2,CraftedItem,CraftedWeapon,Javelin,Fish Harpoon,sturgia,SandBoxCore/ModuleData/items/weapons.xml,SandBoxCore,2
northern_javelin_2_t3,CraftedItem,CraftedWeapon,Javelin,Woodland Javelin,battania,SandBoxCore/ModuleData/items/weapons.xml,SandBoxCore,2
northern_javelin_3_t4,CraftedItem,CraftedWeapon,Javelin,Broad Blade Javelin,sturgia,SandBoxCore/ModuleData/items/weapons.xml,SandBoxCore,2
northern_lamellar_armor,Item,BodyArmor,,Cured Leather Lamellar Shirt ,sturgia,SandBoxCore/ModuleData/items/body_armors.xml,SandBoxCore,2
northern_leather_tabard,Item,BodyArmor,,Leather Tabard,sturgia,SandBoxCore/ModuleData/items/body_armors.xml,SandBoxCore,2
northern_leather_vest,Item,BodyArmor,,Tunic with Leather Vest,sturgia,SandBoxCore/ModuleData/items/body_armors.xml,SandBoxCore,2
northern_light_harness,Item,HorseHarness,,Light Saddle,sturgia,SandBoxCore/ModuleData/items/horses_and_others.xml,SandBoxCore,2
northern_noble_harness,Item,HorseHarness,,Rough Cavalry Saddle,sturgia,SandBoxCore/ModuleData/items/horses_and_others.xml,SandBoxCore,2
northern_padded_cloth,Item,BodyArmor,,Light Padded Armor,sturgia,SandBoxCore/ModuleData/items/body_armors.xml,SandBoxCore,2
northern_padded_gambeson,Item,BodyArmor,,Short Gambeson over Tunic,sturgia,SandBoxCore/ModuleData/items/body_armors.xml,SandBoxCore,2
northern_plated_boots,Item,LegArmor,,Plate Reinforced Boots,sturgia,SandBoxCore/ModuleData/items/leg_armors.xml,SandBoxCore,2
northern_plated_gloves,Item,HandArmor,,Plate Reinforced Gloves,sturgia,SandBoxCore/ModuleData/items/arm_armors.xml,SandBoxCore,2
northern_ring_barding,Item,HorseHarness,,Ring Mail Barding,sturgia,SandBoxCore/ModuleData/items/horses_and_others.xml,SandBoxCore,2
northern_round_shield,Item,,,Round Shield,nord,NavalDLC/ModuleData/items.xml,NavalDLC,4
northern_round_sparring_shield,Item,Shield,,Sparring Round Shield,,SandBoxCore/ModuleData/items/tournament_weapons.xml,SandBoxCore,2
northern_scouts_shield,Item,Shield,,Sturdy Cavalry Kite Shield,sturgia,SandBoxCore/ModuleData/items/shields.xml,SandBoxCore,2
northern_spear_1_t2,CraftedItem,CraftedWeapon,TwoHandedPolearm,Short Simple Raider Spear,sturgia,SandBoxCore/ModuleData/items/weapons.xml,SandBoxCore,2
northern_spear_1_t2_blunt,CraftedItem,CraftedWeapon,TwoHandedPolearm,Sparring Spear,sturgia,SandBoxCore/ModuleData/items/tournament_weapons.xml,SandBoxCore,2
northern_spear_2_t3,CraftedItem,CraftedWeapon,TwoHandedPolearm,Broad Leaf Shaped Spear,battania,SandBoxCore/ModuleData/items/weapons.xml,SandBoxCore,2
northern_spear_3_t4,CraftedItem,CraftedWeapon,TwoHandedPolearm,Jagged Fine Steel Spear,sturgia,SandBoxCore/ModuleData/items/weapons.xml,SandBoxCore,2
northern_spear_4_t4,CraftedItem,CraftedWeapon,TwoHandedPolearm,Northern Cavalry Spear,battania,SandBoxCore/ModuleData/items/weapons.xml,SandBoxCore,2
northern_spear_4_t5,CraftedItem,CraftedWeapon,TwoHandedPolearm,Fine Steel Hewing Spear,sturgia,SandBoxCore/ModuleData/items/weapons.xml,SandBoxCore,2
northern_throwing_axe_1_t1,CraftedItem,CraftedWeapon,ThrowingAxe,Raider Throwing Axe,sturgia,SandBoxCore/ModuleData/items/weapons.xml,SandBoxCore,2
northern_throwing_axe_1_t1_blunt,CraftedItem,CraftedWeapon,ThrowingAxe,Sparring Throwing Axe,sturgia,SandBoxCore/ModuleData/items/tournament_weapons.xml,SandBoxCore,2
northern_tunic,Item,BodyArmor,,Varyag Tunic,sturgia,SandBoxCore/ModuleData/items/body_armors.xml,SandBoxCore,2
northern_warlord_helmet,Item,HeadArmor,,Warlord Helmet with Cheek Guards,sturgia,SandBoxCore/ModuleData/items/head_armors.xml,SandBoxCore,2
northman_raider_armor,Item,BodyArmor,,Northern Raider Armor,nord,NavalDLC/ModuleData/items.xml,NavalDLC,4
northman_raider_boot,Item,LegArmor,,Northern Raider Boots,nord,NavalDLC/ModuleData/items.xml,NavalDLC,4
northman_raider_cape,Item,Cape,,Northmen Raider Heavy Fur Cape,nord,NavalDLC/ModuleData/items.xml,NavalDLC,4
northman_raider_shoulder,Item,Cape,,Nordic Armored Shoulder Pads,nord,NavalDLC/ModuleData/items.xml,NavalDLC,4
northman_wrist_armor,Item,HandArmor,,Northmen Raider Wrist Guards,nord,NavalDLC/ModuleData/items.xml,NavalDLC,4
noyans_shield,Item,Shield,,Decorated Eastern Shield,,SandBoxCore/ModuleData/items/shields.xml,SandBoxCore,2
oil,Item,Goods,,Oil{@Plural}amphorae of oil{\@},,SandBoxCore/ModuleData/items/horses_and_others.xml,SandBoxCore,2
old_horse,Item,Horse,,Work Horse{@Plural}work horses{\@},,SandBoxCore/ModuleData/items/horses_and_others.xml,SandBoxCore,2
old_horsemans_kite_shield,Item,Shield,,Wooden Kite Shield,,SandBoxCore/ModuleData/items/shields.xml,SandBoxCore,2
old_kite_shield,Item,Shield,,Makeshift Kite Shield,,SandBoxCore/ModuleData/items/shields.xml,SandBoxCore,2
old_kite_sparring_shield,Item,Shield,,Makeshift Kite Sparring Shield,,SandBoxCore/ModuleData/items/tournament_weapons.xml,SandBoxCore,2
olives,Item,Goods,,Olives{@Plural}barrels of olives{\@},,SandBoxCore/ModuleData/items/horses_and_others.xml,SandBoxCore,2
open_desert_helmet,Item,HeadArmor,,Spiked Helmet with Open Turban,aserai,SandBoxCore/ModuleData/items/head_armors.xml,SandBoxCore,2
open_head_scarf,Item,HeadArmor,,Open Head Scarf,aserai,SandBoxCore/ModuleData/items/head_armors.xml,SandBoxCore,2
open_mail_coif,Item,HeadArmor,,Open Mail Coif with Band,empire,SandBoxCore/ModuleData/items/head_armors.xml,SandBoxCore,2
open_padded_coif,Item,HeadArmor,,Open Padded Coif,vlandia,SandBoxCore/ModuleData/items/head_armors.xml,SandBoxCore,2
ornate_adarga,Item,Shield,,Ornate Adarga,aserai,SandBoxCore/ModuleData/items/shields.xml,SandBoxCore,2
oval_shield,Item,Shield,,Wooden Oval Shield,aserai,SandBoxCore/ModuleData/items/shields.xml,SandBoxCore,2
pack_camel,Item,Horse,,Pack Camel{@Plural}pack camels{\@},aserai,SandBoxCore/ModuleData/items/horses_and_others.xml,SandBoxCore,2
pack_camel_unmountable,Item,Horse,,Pack Camel{@Plural}pack camels{\@},aserai,SandBoxCore/ModuleData/items/horses_and_others.xml,SandBoxCore,2
padded_cap,Item,HeadArmor,,Padded Cap,vlandia,SandBoxCore/ModuleData/items/head_armors.xml,SandBoxCore,2
padded_cloth_with_strips,Item,BodyArmor,,Padded Cloth with Strips,empire,SandBoxCore/ModuleData/items/body_armors.xml,SandBoxCore,2
padded_coat,Item,BodyArmor,,Padded Footman Coat,vlandia,SandBoxCore/ModuleData/items/body_armors.xml,SandBoxCore,2
padded_coif,Item,HeadArmor,,Padded Half Coif,vlandia,SandBoxCore/ModuleData/items/head_armors.xml,SandBoxCore,2
padded_leather_cape,Item,HeadArmor,,Padded Leather Cap,vlandia,SandBoxCore/ModuleData/items/head_armors.xml,SandBoxCore,2
padded_leather_overcoat,Item,BodyArmor,,Padded Leather Overcoat,looters,SandBoxCore/ModuleData/items/body_armors.xml,SandBoxCore,2
padded_leather_shirt,Item,BodyArmor,,Padded Leather Shirt,vlandia,SandBoxCore/ModuleData/items/body_armors.xml,SandBoxCore,2
padded_leather_shoulders,Item,Cape,,Padded Leather Shoulders,vlandia,SandBoxCore/ModuleData/items/shoulder_armors.xml,SandBoxCore,2
padded_mitten,Item,HandArmor,,Padded Mittens,empire,SandBoxCore/ModuleData/items/arm_armors.xml,SandBoxCore,2
padded_short_coat,Item,BodyArmor,,Padded Short Coat,vlandia,SandBoxCore/ModuleData/items/body_armors.xml,SandBoxCore,2
padded_vambrace,Item,HandArmor,,Padded Vambraces,neutral_culture,SandBoxCore/ModuleData/items/arm_armors.xml,SandBoxCore,2
patched_gambeson,Item,BodyArmor,,Patched Gambeson,empire,SandBoxCore/ModuleData/items/body_armors.xml,SandBoxCore,2
pauldron_cape_a,Item,Cape,,Legionary Cape,empire,SandBoxCore/ModuleData/items/shoulder_armors.xml,SandBoxCore,2
pauldron_over_scale_armor,Item,Cape,,Reinforced Ornate Pauldrons over Scale,vlandia,SandBoxCore/ModuleData/items/shoulder_armors.xml,SandBoxCore,2
pauldron_with_cape,Item,Cape,,Pauldrons with Cape,vlandia,SandBoxCore/ModuleData/items/shoulder_armors.xml,SandBoxCore,2
pavise_shield,Item,Shield,,Pavise Shield,vlandia,SandBoxCore/ModuleData/items/shields.xml,SandBoxCore,2
peaked_fur_hood,Item,HeadArmor,,Peaked Fur Hood,khuzait,SandBoxCore/ModuleData/items/head_armors.xml,SandBoxCore,2
peaked_helmet_over_laced_coif,Item,HeadArmor,,Peaked Helmet over Laced Coif,vlandia,SandBoxCore/ModuleData/items/head_armors.xml,SandBoxCore,2
peaked_helmet_over_mail,Item,HeadArmor,,Peaked Helmet over Mail,vlandia,SandBoxCore/ModuleData/items/head_armors.xml,SandBoxCore,2
peaked_helmet_over_mail_coif,Item,HeadArmor,,Peaked Helmet over Mail Coif,vlandia,SandBoxCore/ModuleData/items/head_armors.xml,SandBoxCore,2
peaked_helmet_over_padded_cloth,Item,HeadArmor,,Peaked Helmet over Padded Cloth,vlandia,SandBoxCore/ModuleData/items/head_armors.xml,SandBoxCore,2
peasant_2haxe_1_t1,CraftedItem,CraftedWeapon,TwoHandedAxe,Hoe,,SandBoxCore/ModuleData/items/weapons.xml,SandBoxCore,2
peasant_costume,Item,BodyArmor,,Commoner Clothes,empire,SandBoxCore/ModuleData/items/body_armors.xml,SandBoxCore,2
peasant_hammer_1_t1,CraftedItem,CraftedWeapon,Mace,Blacksmith Hammer,,SandBoxCore/ModuleData/items/weapons.xml,SandBoxCore,2
peasant_hammer_2_t1,CraftedItem,CraftedWeapon,Mace,Wooden Hammer,,SandBoxCore/ModuleData/items/weapons.xml,SandBoxCore,2
peasant_hatchet_1_t1,CraftedItem,CraftedWeapon,OneHandedAxe,Hatchet,,SandBoxCore/ModuleData/items/weapons.xml,SandBoxCore,2
peasant_maul_t1,CraftedItem,CraftedWeapon,TwoHandedMace,Makeshift Maul,battania,SandBoxCore/ModuleData/items/weapons.xml,SandBoxCore,2
peasant_maul_t1_2,CraftedItem,CraftedWeapon,TwoHandedMace,Maul,battania,SandBoxCore/ModuleData/items/weapons.xml,SandBoxCore,2
peasant_pickaxe_1_t1,CraftedItem,CraftedWeapon,OneHandedAxe,Pickaxe,,SandBoxCore/ModuleData/items/weapons.xml,SandBoxCore,2
peasant_pitchfork_1_t1,CraftedItem,CraftedWeapon,TwoHandedPolearm,Iron Pitchfork,,SandBoxCore/ModuleData/items/weapons.xml,SandBoxCore,2
peasant_pitchfork_2_t1,CraftedItem,CraftedWeapon,TwoHandedPolearm,Pitchfork,,SandBoxCore/ModuleData/items/weapons.xml,SandBoxCore,2
peasant_polearm_1_t1,CraftedItem,CraftedWeapon,TwoHandedPolearm,Scythe,,SandBoxCore/ModuleData/items/weapons.xml,SandBoxCore,2
peasant_sickle_1_t1,CraftedItem,CraftedWeapon,OneHandedAxe,Sickle,,SandBoxCore/ModuleData/items/weapons.xml,SandBoxCore,2
pernach_mace_t3,CraftedItem,CraftedWeapon,Mace,Militia Pernach,,SandBoxCore/ModuleData/items/weapons.xml,SandBoxCore,2
phalanx_standard_t1,Item,Banner,,Phalanx Standard,empire,SandBoxCore/ModuleData/items/banners.xml,SandBoxCore,2
piercing_arrows,Item,Arrows,,Piercing Arrows,,SandBoxCore/ModuleData/items/weapons.xml,SandBoxCore,2
pike_wall_banner_t3,Item,Banner,,Pike Wall Banner,vlandia,SandBoxCore/ModuleData/items/banners.xml,SandBoxCore,2
pilgrim_hood,Item,HeadArmor,,Pilgrim Hood,empire,SandBoxCore/ModuleData/items/head_armors.xml,SandBoxCore,2
pirate_a,Item,BodyArmor,,Pirate Cloth Armor,nord,NavalDLC/ModuleData/items.xml,NavalDLC,4
pirate_a_head,Item,HeadArmor,,Pirate Turban,aserai,NavalDLC/ModuleData/items.xml,NavalDLC,4
pirate_axe,CraftedItem,CraftedWeapon,OneHandedAxe,Pirate Axe,,NavalDLC/ModuleData/naval_weapons.xml,NavalDLC,4
pirate_axe_2,CraftedItem,CraftedWeapon,OneHandedAxe,Pirate Tzikurion Axe,,NavalDLC/ModuleData/naval_weapons.xml,NavalDLC,4
pirate_sword_1,CraftedItem,CraftedWeapon,OneHandedSword,Pirate Sword,,NavalDLC/ModuleData/naval_weapons.xml,NavalDLC,4
pirate_sword_2,CraftedItem,CraftedWeapon,OneHandedSword,Pirate Hook Sword,,NavalDLC/ModuleData/naval_weapons.xml,NavalDLC,4
pirate_sword_3,CraftedItem,CraftedWeapon,OneHandedSword,Pirate Boarding Sword,,NavalDLC/ModuleData/naval_weapons.xml,NavalDLC,4
pirate_sword_4,CraftedItem,CraftedWeapon,OneHandedSword,Pirate Falchion Sword,,NavalDLC/ModuleData/naval_weapons.xml,NavalDLC,4
pirate_tier_2_body,Item,BodyArmor,,Pirate Leather Armor,nord,NavalDLC/ModuleData/items.xml,NavalDLC,4
pirate_tier_2_head,Item,HeadArmor,,Pirate Turban with Stone,aserai,NavalDLC/ModuleData/items.xml,NavalDLC,4
pirate_tier_3_armor,Item,BodyArmor,,Sky Chain Armor,nord,NavalDLC/ModuleData/items.xml,NavalDLC,4
pirate_tier_3_head,Item,HeadArmor,,Pirate Helmet with Turban,aserai,NavalDLC/ModuleData/items.xml,NavalDLC,4
plain_dress,Item,BodyArmor,,Plain Dress,sturgia,SandBoxCore/ModuleData/items/body_armors.xml,SandBoxCore,2
plated_leather_coat,Item,BodyArmor,,Rough Brigandine,vlandia,SandBoxCore/ModuleData/items/body_armors.xml,SandBoxCore,2
plated_strip_boots,Item,LegArmor,,Splint Boots,empire,SandBoxCore/ModuleData/items/leg_armors.xml,SandBoxCore,2
plated_strip_gauntlets,Item,HandArmor,,Plated Striped Vambraces,empire,SandBoxCore/ModuleData/items/arm_armors.xml,SandBoxCore,2
plumed_fur_lined_helmet,Item,HeadArmor,,Plumed Fur Lined Helmet,khuzait,SandBoxCore/ModuleData/items/head_armors.xml,SandBoxCore,2
plumed_helmet,Item,HeadArmor,,Plumed Helmet,empire,SandBoxCore/ModuleData/items/head_armors.xml,SandBoxCore,2
plumed_lamellar_helmet,Item,HeadArmor,,Plumed Lamellar Helmet,khuzait,SandBoxCore/ModuleData/items/head_armors.xml,SandBoxCore,2
plumed_nomad_helmet,Item,HeadArmor,,Plumed Nomad Helmet,khuzait,SandBoxCore/ModuleData/items/head_armors.xml,SandBoxCore,2
pointed_falchion_sword_t4,CraftedItem,CraftedWeapon,OneHandedSword,Pointed Falchion,,SandBoxCore/ModuleData/items/weapons.xml,SandBoxCore,2
pointed_skullcap_over_cloth_headwrap,Item,HeadArmor,,Pointed Skullcap over Cloth Headwrap,aserai,SandBoxCore/ModuleData/items/head_armors.xml,SandBoxCore,2
pointed_skullcap_over_laced_coif,Item,HeadArmor,,Pointed Skullcap over Laced Coif,aserai,SandBoxCore/ModuleData/items/head_armors.xml,SandBoxCore,2
pointed_skullcap_over_mail,Item,HeadArmor,,Pointed Skullcap over Gambeson,aserai,SandBoxCore/ModuleData/items/head_armors.xml,SandBoxCore,2
pointed_skullcap_over_mail_coif,Item,HeadArmor,,Pointed Skullcap over Mail Coif,aserai,SandBoxCore/ModuleData/items/head_armors.xml,SandBoxCore,2
pointed_skullcap_with_mail,Item,HeadArmor,,Pointed Skullcap with Mail,aserai,SandBoxCore/ModuleData/items/head_armors.xml,SandBoxCore,2
pot,Item,Thrown,,Fire Pot,,SandBoxCore/ModuleData/items/weapons.xml,SandBoxCore,2
pot_projectile,Item,Thrown,,Fire Pot,,SandBoxCore/ModuleData/items/weapons.xml,SandBoxCore,2
pottery,Item,Goods,,Pottery{@Plural}crates of pottery{\@},,SandBoxCore/ModuleData/items/horses_and_others.xml,SandBoxCore,2
practice_spear_t1,CraftedItem,CraftedWeapon,TwoHandedPolearm,Practice Spear,,SandBoxCore/ModuleData/items/weapons.xml,SandBoxCore,2
pugio,CraftedItem,CraftedWeapon,Dagger,Pugio,empire,SandBoxCore/ModuleData/items/weapons.xml,SandBoxCore,2
push_fork,Item,Polearm,,Push Fork,,SandBoxCore/ModuleData/items/weapons.xml,SandBoxCore,2
ragged_armwraps,Item,HandArmor,,Ragged Armwraps,battania,SandBoxCore/ModuleData/items/arm_armors.xml,SandBoxCore,2
ragged_boots,Item,LegArmor,,Ragged Boots,neutral_culture,SandBoxCore/ModuleData/items/leg_armors.xml,SandBoxCore,2
ragged_robes,Item,BodyArmor,,Ragged Robes,looters,SandBoxCore/ModuleData/items/body_armors.xml,SandBoxCore,2
range_arrows,Item,Arrows,,Range Arrows,,SandBoxCore/ModuleData/items/weapons.xml,SandBoxCore,2
ranger_mail,Item,BodyArmor,,Ranger Mail,battania,SandBoxCore/ModuleData/items/body_armors.xml,SandBoxCore,2
rangers_flag_t2,Item,Banner,,Ranger's Flag,battania,SandBoxCore/ModuleData/items/banners.xml,SandBoxCore,2
reaper_falx,CraftedItem,CraftedWeapon,TwoHandedSword,Reaper,,SandBoxCore/ModuleData/items/weapons.xml,SandBoxCore,2
red_coat_over_mail,Item,BodyArmor,,Red Tabard over Mail Hauberk,vlandia,SandBoxCore/ModuleData/items/body_armors.xml,SandBoxCore,2
reinforced_flat_kite_shield,Item,Shield,,Reinforced Flat Kite Shield,,SandBoxCore/ModuleData/items/shields.xml,SandBoxCore,2
reinforced_horsemans_kite_shield,Item,Shield,,Reinforced Cavalry Small Shield,,SandBoxCore/ModuleData/items/shields.xml,SandBoxCore,2
reinforced_kite_shield,Item,Shield,,Reinforced Kite Shield,,SandBoxCore/ModuleData/items/shields.xml,SandBoxCore,2
reinforced_leather_vambraces,Item,HandArmor,,Splint Vambraces,vlandia,SandBoxCore/ModuleData/items/arm_armors.xml,SandBoxCore,2
reinforced_mail_mitten,Item,HandArmor,,Reinforced Mail Mittens,vlandia,SandBoxCore/ModuleData/items/arm_armors.xml,SandBoxCore,2
reinforced_padded_mitten,Item,HandArmor,,Reinforced Padded Mittens,empire,SandBoxCore/ModuleData/items/arm_armors.xml,SandBoxCore,2
reinforced_suede_armor,Item,BodyArmor,,Reinforced Suede Armor,khuzait,SandBoxCore/ModuleData/items/body_armors.xml,SandBoxCore,2
reinforced_suede_boots,Item,LegArmor,,Reinforced Suede Boots,khuzait,SandBoxCore/ModuleData/items/leg_armors.xml,SandBoxCore,2
reinforced_suede_shoulders,Item,Cape,,Reinforced Suede Shoulder Guards,khuzait,SandBoxCore/ModuleData/items/shoulder_armors.xml,SandBoxCore,2
ridged_2hsword_t4,CraftedItem,CraftedWeapon,TwoHandedSword,Ridged Great Saber,khuzait,SandBoxCore/ModuleData/items/weapons.xml,SandBoxCore,2
ridged_northernhelm,Item,HeadArmor,,Ridged Helm,battania,SandBoxCore/ModuleData/items/head_armors.xml,SandBoxCore,2
ridged_sabre_sword_t4,CraftedItem,CraftedWeapon,OneHandedSword,Ridged Scimitar,aserai,SandBoxCore/ModuleData/items/weapons.xml,SandBoxCore,2
ringed_desert_armor,Item,BodyArmor,,Heavy Ring Mail,aserai,SandBoxCore/ModuleData/items/body_armors.xml,SandBoxCore,2
rough_bearskin,Item,Cape,,Rough Bearskin,battania,SandBoxCore/ModuleData/items/shoulder_armors.xml,SandBoxCore,2
rough_fur_armor,Item,BodyArmor,,Rough Fur Armor,looters,SandBoxCore/ModuleData/items/body_armors.xml,SandBoxCore,2
rough_fur_over_chain,Item,BodyArmor,,Rough Fur over Mail,looters,SandBoxCore/ModuleData/items/body_armors.xml,SandBoxCore,2
rough_tied_boots,Item,LegArmor,,Rough Tied Boots,battania,SandBoxCore/ModuleData/items/leg_armors.xml,SandBoxCore,2
rough_tied_bracers,Item,HandArmor,,Rough Tied Bracers,battania,SandBoxCore/ModuleData/items/arm_armors.xml,SandBoxCore,2
roughcloth_shortcoat,Item,BodyArmor,,Roughcloth Shortcoat,sturgia,SandBoxCore/ModuleData/items/body_armors.xml,SandBoxCore,2
roughhide_cap,Item,HeadArmor,,Roughhide Cap,sturgia,SandBoxCore/ModuleData/items/head_armors.xml,SandBoxCore,2
roughscale_helmet,Item,HeadArmor,,Roughscale Helmet,battania,SandBoxCore/ModuleData/items/head_armors.xml,SandBoxCore,2
roughtied_leather_bracers,Item,HandArmor,,Roughtied Leather Bracers,battania,SandBoxCore/ModuleData/items/arm_armors.xml,SandBoxCore,2
roundkettle_over_imperial_cloth,Item,HeadArmor,,Roundkettle over Cloth,empire,SandBoxCore/ModuleData/items/head_armors.xml,SandBoxCore,2
roundkettle_over_imperial_leather,Item,HeadArmor,,Light Roundkettle over Leather,empire,SandBoxCore/ModuleData/items/head_armors.xml,SandBoxCore,2
roundkettle_over_imperial_mail,Item,HeadArmor,,Roundkettle over Mail,empire,SandBoxCore/ModuleData/items/head_armors.xml,SandBoxCore,2
roundkettle_over_imperial_padding,Item,HeadArmor,,Roundkettle over Padding,empire,SandBoxCore/ModuleData/items/head_armors.xml,SandBoxCore,2
roundkettle_over_laced_cloth,Item,HeadArmor,,Roundkettle over Laced Cloth,empire,SandBoxCore/ModuleData/items/head_armors.xml,SandBoxCore,2
sackcloth_tunic,Item,BodyArmor,,Sackcloth Tunic,vlandia,SandBoxCore/ModuleData/items/body_armors.xml,SandBoxCore,2
saddle_horse,Item,Horse,,Saddle Horse{@Plural}saddle horses{\@},,SandBoxCore/ModuleData/items/horses_and_others.xml,SandBoxCore,2
saddle_of_aeneas,Item,HorseHarness,,Saddle of Aeneas,,SandBoxCore/ModuleData/items/horses_and_others.xml,SandBoxCore,2
salt,Item,Goods,,Salt{@Plural}sacks of salt{\@},,SandBoxCore/ModuleData/items/horses_and_others.xml,SandBoxCore,2
scale_armor,Item,BodyArmor,,Rugged Scale Armor,battania,SandBoxCore/ModuleData/items/body_armors.xml,SandBoxCore,2
scale_shoulder_armor,Item,Cape,,Scale Shoulderguards,vlandia,SandBoxCore/ModuleData/items/shoulder_armors.xml,SandBoxCore,2
scarf,Item,Cape,,Scarf,neutral_culture,SandBoxCore/ModuleData/items/shoulder_armors.xml,SandBoxCore,2
scouts_flag_t1,Item,Banner,,Scout's Flag,battania,SandBoxCore/ModuleData/items/banners.xml,SandBoxCore,2
seax,CraftedItem,CraftedWeapon,Dagger,Seax,sturgia,SandBoxCore/ModuleData/items/weapons.xml,SandBoxCore,2
seax_blunt,CraftedItem,CraftedWeapon,Dagger,Sparring Seax,sturgia,SandBoxCore/ModuleData/items/tournament_weapons.xml,SandBoxCore,2
segmented_cervelliere_over_laced_coif,Item,HeadArmor,,Segmented Cervelliere over Laced Coif,vlandia,SandBoxCore/ModuleData/items/head_armors.xml,SandBoxCore,2
segmented_cervelliere_over_mail,Item,HeadArmor,,Segmented Cervelliere over Mail,vlandia,SandBoxCore/ModuleData/items/head_armors.xml,SandBoxCore,2
segmented_cervelliere_over_mail_coif,Item,HeadArmor,,Segmented Cervelliere over Mail Coif,vlandia,SandBoxCore/ModuleData/items/head_armors.xml,SandBoxCore,2
segmented_cervelliere_over_padded_cloth,Item,HeadArmor,,Segmented Cervelliere over Padded Cloth,vlandia,SandBoxCore/ModuleData/items/head_armors.xml,SandBoxCore,2
segmented_skullcap_over_laced_coif,Item,HeadArmor,,Segmented Skullcap over Laced Coif,vlandia,SandBoxCore/ModuleData/items/head_armors.xml,SandBoxCore,2
segmented_skullcap_over_mail_coif,Item,HeadArmor,,Segmented Skullcap over Mail Coif,vlandia,SandBoxCore/ModuleData/items/head_armors.xml,SandBoxCore,2
segmented_skullcap_over_padded_cloth,Item,HeadArmor,,Segmented Skullcap over Padded Cloth,vlandia,SandBoxCore/ModuleData/items/head_armors.xml,SandBoxCore,2
segmented_skullcap_over_padded_coif,Item,HeadArmor,,Segmented Skullcap over Padded Coif,vlandia,SandBoxCore/ModuleData/items/head_armors.xml,SandBoxCore,2
sentinel_2hsword,CraftedItem,CraftedWeapon,TwoHandedSword,Sentinel,,SandBoxCore/ModuleData/items/weapons.xml,SandBoxCore,2
shackle,Item,OneHandedWeapon,,Shackle,empire,SandBoxCore/ModuleData/items/weapons.xml,SandBoxCore,2
sheep,Item,Animal,,Sheep{@Plural}sheep{\@},,SandBoxCore/ModuleData/items/horses_and_others.xml,SandBoxCore,2
shield_wall_banner_t2,Item,Banner,,Shield Wall Banner,sturgia,SandBoxCore/ModuleData/items/banners.xml,SandBoxCore,2
shishpar_mace_t4,CraftedItem,CraftedWeapon,Mace,Light Shishpar Mace,aserai,SandBoxCore/ModuleData/items/weapons.xml,SandBoxCore,2
short_padded_robe,Item,BodyArmor,,Short Padded Robe,aserai,SandBoxCore/ModuleData/items/body_armors.xml,SandBoxCore,2
short_sword_t3,CraftedItem,CraftedWeapon,OneHandedSword,Short Sword,,SandBoxCore/ModuleData/items/weapons.xml,SandBoxCore,2
silver,Item,Goods,,Silver Ore{@Plural}loads of silver ore{\@},,SandBoxCore/ModuleData/items/horses_and_others.xml,SandBoxCore,2
simple_back_sword_t2,CraftedItem,CraftedWeapon,OneHandedSword,Simple Scimitar,khuzait,SandBoxCore/ModuleData/items/weapons.xml,SandBoxCore,2
simple_pike_t2,CraftedItem,CraftedWeapon,Pike,Simple Pike,,SandBoxCore/ModuleData/items/weapons.xml,SandBoxCore,2
simple_sabre_sword_t2,CraftedItem,CraftedWeapon,OneHandedSword,Simple Saber ,khuzait,SandBoxCore/ModuleData/items/weapons.xml,SandBoxCore,2
simple_sparth_axe_t2,CraftedItem,CraftedWeapon,TwoHandedAxe,Simple Sparth Axe,,SandBoxCore/ModuleData/items/weapons.xml,SandBoxCore,2
sleeveless_fur_coat,Item,BodyArmor,,Sleeveless Fur Coat,looters,SandBoxCore/ModuleData/items/body_armors.xml,SandBoxCore,2
sleeveless_padded_coat,Item,BodyArmor,,Sleeveless Padded Coat,vlandia,SandBoxCore/ModuleData/items/body_armors.xml,SandBoxCore,2
sleeveless_padded_short_coat,Item,BodyArmor,,Sleeveless Padded Short Coat,vlandia,SandBoxCore/ModuleData/items/body_armors.xml,SandBoxCore,2
sleeveless_studded_fur_armor,Item,BodyArmor,,Sleeveless Studded Fur Armor,battania,SandBoxCore/ModuleData/items/body_armors.xml,SandBoxCore,2
sling_braided,Item,Thrown,,Braided Sling,,SandBoxCore/ModuleData/items/weapons.xml,SandBoxCore,2
sling_chiseledammo,Item,SlingStones,,Chiseled Sling Bullets,,SandBoxCore/ModuleData/items/weapons.xml,SandBoxCore,2
sling_leadammo,Item,SlingStones,,Lead Sling Bullets,,SandBoxCore/ModuleData/items/weapons.xml,SandBoxCore,2
sling_reinforced,Item,Thrown,,Reinforced Sling,,SandBoxCore/ModuleData/items/weapons.xml,SandBoxCore,2
sling_stoneammo,Item,SlingStones,,Stone Sling Bullets,,SandBoxCore/ModuleData/items/weapons.xml,SandBoxCore,2
sling_wool,Item,Thrown,,Wool Sling,,SandBoxCore/ModuleData/items/weapons.xml,SandBoxCore,2
small_bit_axe_t2,CraftedItem,CraftedWeapon,OneHandedAxe,Small Bit Axe,aserai,SandBoxCore/ModuleData/items/weapons.xml,SandBoxCore,2
small_flat_heater_shield,Item,Shield,,Small Flat Heater Shield,vlandia,SandBoxCore/ModuleData/items/shields.xml,SandBoxCore,2
small_heater_shield,Item,Shield,,Small Heater Shield,vlandia,SandBoxCore/ModuleData/items/shields.xml,SandBoxCore,2
small_spurred_axe_t2,CraftedItem,CraftedWeapon,OneHandedAxe,Small Spurred Axe,,SandBoxCore/ModuleData/items/weapons.xml,SandBoxCore,2
southern_broad_2hsword_t4,CraftedItem,CraftedWeapon,TwoHandedSword,Broad Kaskara,aserai,SandBoxCore/ModuleData/items/weapons.xml,SandBoxCore,2
southern_lamellar_armor,Item,BodyArmor,,Bronze Lamellar Vest over Gambeson,aserai,SandBoxCore/ModuleData/items/body_armors.xml,SandBoxCore,2
southern_lord_helmet,Item,HeadArmor,,Emir's Casque,aserai,SandBoxCore/ModuleData/items/head_armors.xml,SandBoxCore,2
southern_moccasins,Item,LegArmor,,Moccasins,aserai,SandBoxCore/ModuleData/items/leg_armors.xml,SandBoxCore,2
southern_noble_helmet,Item,HeadArmor,,Noble Steel Cap,aserai,SandBoxCore/ModuleData/items/head_armors.xml,SandBoxCore,2
southern_oval_shield,Item,Shield,,Reinforced Oval Shield,aserai,SandBoxCore/ModuleData/items/shields.xml,SandBoxCore,2
southern_pirate_armor,Item,BodyArmor,,Corsair Cloth Armor,neutral_culture,NavalDLC/ModuleData/items.xml,NavalDLC,4
southern_pirate_head,Item,HeadArmor,,Corsair Helmet,aserai,NavalDLC/ModuleData/items.xml,NavalDLC,4
southern_pirate_turban,Item,HeadArmor,,Corsair Feathered Helmet,aserai,NavalDLC/ModuleData/items.xml,NavalDLC,4
southern_shawl,Item,Cape,,Short Cloak,neutral_culture,SandBoxCore/ModuleData/items/shoulder_armors.xml,SandBoxCore,2
southern_small_axe_t2,CraftedItem,CraftedWeapon,OneHandedAxe,Bamboo Handled Axe,aserai,SandBoxCore/ModuleData/items/weapons.xml,SandBoxCore,2
southern_spear_3_t3,CraftedItem,CraftedWeapon,TwoHandedPolearm,Knob Headed Spear with Frills,aserai,SandBoxCore/ModuleData/items/weapons.xml,SandBoxCore,2
southern_spear_3_t4,CraftedItem,CraftedWeapon,TwoHandedPolearm,Long Thamaskene Tipped Spear,aserai,SandBoxCore/ModuleData/items/weapons.xml,SandBoxCore,2
southern_spear_4_t3,CraftedItem,CraftedWeapon,TwoHandedPolearm,Knob Headed Spear,aserai,SandBoxCore/ModuleData/items/weapons.xml,SandBoxCore,2
southern_throwing_axe_1_t4,CraftedItem,CraftedWeapon,ThrowingAxe,Tribesman Throwing Axe,aserai,SandBoxCore/ModuleData/items/weapons.xml,SandBoxCore,2
spangenhelm_with_leather,Item,HeadArmor,,Spangenhelm with Leather,sturgia,SandBoxCore/ModuleData/items/head_armors.xml,SandBoxCore,2
spangenhelm_with_padded_cloth,Item,HeadArmor,,Spangenhelm with Padded Cloth,sturgia,SandBoxCore/ModuleData/items/head_armors.xml,SandBoxCore,2
spear_bracing_banner_t1,Item,Banner,,Spear Bracing Banner,vlandia,SandBoxCore/ModuleData/items/banners.xml,SandBoxCore,2
spear_wall_banner_t2,Item,Banner,,Spear Wall Banner,vlandia,SandBoxCore/ModuleData/items/banners.xml,SandBoxCore,2
special_camel,Item,Horse,,Husnphree{@Plural}Husnphree camels{\@},aserai,SandBoxCore/ModuleData/items/horses_and_others.xml,SandBoxCore,2
spice,Item,Goods,,Spice{@Plural}sacks of spice{\@},,SandBoxCore/ModuleData/items/horses_and_others.xml,SandBoxCore,2
spiked_helmet,Item,HeadArmor,,Spiked Helmet,khuzait,SandBoxCore/ModuleData/items/head_armors.xml,SandBoxCore,2
spiked_helmet_with_facemask,Item,HeadArmor,,Spiked Helmet with Facemask,khuzait,SandBoxCore/ModuleData/items/head_armors.xml,SandBoxCore,2
spiked_kettle_over_imperial_mail,Item,HeadArmor,,Spiked Kettle over Mail,empire,SandBoxCore/ModuleData/items/head_armors.xml,SandBoxCore,2
spiked_kettle_over_imperial_padding,Item,HeadArmor,,Spiked Kettle over Padding,empire,SandBoxCore/ModuleData/items/head_armors.xml,SandBoxCore,2
splinted_bracers,Item,HandArmor,,Splinted Bracers,nord,NavalDLC/ModuleData/items.xml,NavalDLC,4
standard_of_courage_t2,Item,Banner,,Standard of Courage,empire,SandBoxCore/ModuleData/items/banners.xml,SandBoxCore,2
standard_of_discipline_t3,Item,Banner,,Standard of Discipline,empire,SandBoxCore/ModuleData/items/banners.xml,SandBoxCore,2
standard_of_duty_t1,Item,Banner,,Standard of Duty,empire,SandBoxCore/ModuleData/items/banners.xml,SandBoxCore,2
standard_of_fury_t1,Item,Banner,,Standard of Fury,neutral_culture,SandBoxCore/ModuleData/items/banners.xml,SandBoxCore,2
standard_of_rage_t2,Item,Banner,,Standard of Rage,neutral_culture,SandBoxCore/ModuleData/items/banners.xml,SandBoxCore,2
standard_of_wrath_t3,Item,Banner,,Standard of Wrath,neutral_culture,SandBoxCore/ModuleData/items/banners.xml,SandBoxCore,2
star_falchion_sword_t3,CraftedItem,CraftedWeapon,OneHandedSword,Star Falchion,,SandBoxCore/ModuleData/items/weapons.xml,SandBoxCore,2
stealth_arrow,Item,Arrows,,Whisper Arrows,,NavalDLC/ModuleData/items.xml,NavalDLC,4
stealth_bow,Item,Bow,,Whispering Shadow,,NavalDLC/ModuleData/items.xml,NavalDLC,4
stealth_throwing_stone,Item,Thrown,,Stone,,SandBoxCore/ModuleData/items/weapons.xml,SandBoxCore,2
steel_banner_t3,Item,Banner,,Steel Banner,neutral_culture,SandBoxCore/ModuleData/items/banners.xml,SandBoxCore,2
steel_druzhinnik_kite_shield,Item,Shield,,Druzhinnik Kite Shield,sturgia,SandBoxCore/ModuleData/items/shields.xml,SandBoxCore,2
steel_mace_t3,CraftedItem,CraftedWeapon,Mace,Steel Shestopyor,,SandBoxCore/ModuleData/items/weapons.xml,SandBoxCore,2
steel_round_shield,Item,Shield,,Steel Round Shield,khuzait,SandBoxCore/ModuleData/items/shields.xml,SandBoxCore,2
steppe_armor,Item,BodyArmor,,Striped Coat,khuzait,SandBoxCore/ModuleData/items/body_armors.xml,SandBoxCore,2
steppe_arrows,Item,Arrows,,Steppe Arrows,khuzait,SandBoxCore/ModuleData/items/weapons.xml,SandBoxCore,2
steppe_bow,Item,Bow,,Steppe Bow,khuzait,SandBoxCore/ModuleData/items/weapons.xml,SandBoxCore,2
steppe_dress,Item,BodyArmor,,Envelope Dress,khuzait,SandBoxCore/ModuleData/items/body_armors.xml,SandBoxCore,2
steppe_fur_harness,Item,HorseHarness,,Steppe Fur Harness,khuzait,SandBoxCore/ModuleData/items/horses_and_others.xml,SandBoxCore,2
steppe_guardian_shield,Item,Shield,,Eastern Cavalry Shield,,SandBoxCore/ModuleData/items/shields.xml,SandBoxCore,2
steppe_half_barding,Item,HorseHarness,,Lamellar Half Barding,khuzait,SandBoxCore/ModuleData/items/horses_and_others.xml,SandBoxCore,2
steppe_harness,Item,HorseHarness,,Steppe Saddle,khuzait,SandBoxCore/ModuleData/items/horses_and_others.xml,SandBoxCore,2
steppe_heavy_bow,Item,Bow,,Heavy Recurve Bow,khuzait,SandBoxCore/ModuleData/items/weapons.xml,SandBoxCore,2
steppe_helmet,Item,HeadArmor,,Infantry Steel Helmet,khuzait,SandBoxCore/ModuleData/items/head_armors.xml,SandBoxCore,2
steppe_leather_boots,Item,LegArmor,,Sturdy Leather Boots,khuzait,SandBoxCore/ModuleData/items/leg_armors.xml,SandBoxCore,2
steppe_leather_shoulders,Item,Cape,,Cured Leather Pauldrons,khuzait,SandBoxCore/ModuleData/items/shoulder_armors.xml,SandBoxCore,2
steppe_leather_vambraces,Item,HandArmor,,Leather Vambraces,khuzait,SandBoxCore/ModuleData/items/arm_armors.xml,SandBoxCore,2
steppe_robe,Item,BodyArmor,,Steppe Robe,khuzait,SandBoxCore/ModuleData/items/body_armors.xml,SandBoxCore,2
steppe_war_bow,Item,Bow,,Steppe War Bow,khuzait,SandBoxCore/ModuleData/items/weapons.xml,SandBoxCore,2
steppe_war_horse,Item,Horse,,Steppe Charger{@Plural}Steppe Chargers{\@},khuzait,SandBoxCore/ModuleData/items/horses_and_others.xml,SandBoxCore,2
stitched_leather_over_mail,Item,BodyArmor,,Stitched Leather over Mail,aserai,SandBoxCore/ModuleData/items/body_armors.xml,SandBoxCore,2
stitched_leather_shoulders,Item,Cape,,Stitched Leather Shoulders,sturgia,SandBoxCore/ModuleData/items/shoulder_armors.xml,SandBoxCore,2
stitched_leather_vest,Item,BodyArmor,,Stitched Leather Vest,sturgia,SandBoxCore/ModuleData/items/body_armors.xml,SandBoxCore,2
stolen_goods,Item,Goods,,Stolen Goods,,SandBoxCore/ModuleData/items/horses_and_others.xml,SandBoxCore,2
stone_banner_t1,Item,Banner,,Stone Banner,neutral_culture,SandBoxCore/ModuleData/items/banners.xml,SandBoxCore,2
storm_charger,Item,Horse,,Storm Charger{@Plural}Storm Chargers{\@},,SandBoxCore/ModuleData/items/horses_and_others.xml,SandBoxCore,2
strapped_jackboots,Item,LegArmor,,Strapped Jackboots,nord,NavalDLC/ModuleData/items.xml,NavalDLC,4
strapped_leather_boots,Item,LegArmor,,Strapped Leather Boots,empire,SandBoxCore/ModuleData/items/leg_armors.xml,SandBoxCore,2
strapped_leather_bracers,Item,HandArmor,,Strapped Leather Bracers,battania,SandBoxCore/ModuleData/items/arm_armors.xml,SandBoxCore,2
strapped_mail_chausses,Item,LegArmor,,Strapped Mail Chausses,vlandia,SandBoxCore/ModuleData/items/leg_armors.xml,SandBoxCore,2
strapped_round_shield,Item,Shield,,Reinforced Large Round Shield,sturgia,SandBoxCore/ModuleData/items/shields.xml,SandBoxCore,2
strapped_shoes,Item,LegArmor,,Strapped Shoes,neutral_culture,SandBoxCore/ModuleData/items/leg_armors.xml,SandBoxCore,2
striders_flag_t3,Item,Banner,,Strider's Flag,battania,SandBoxCore/ModuleData/items/banners.xml,SandBoxCore,2
stripped_leather_harness,Item,HorseHarness,,Striped Leather Harness,empire,SandBoxCore/ModuleData/items/horses_and_others.xml,SandBoxCore,2
stronger_eastern_wicker_shield,Item,Shield,,Reinforced Wicker Square Shield,khuzait,SandBoxCore/ModuleData/items/shields.xml,SandBoxCore,2
stronger_footmans_wicker_shield,Item,Shield,,Reinforced Wicker Shield,khuzait,SandBoxCore/ModuleData/items/shields.xml,SandBoxCore,2
stronger_reinforced_kite_shield,Item,Shield,,Reinforced Oaken Kite Shield,,SandBoxCore/ModuleData/items/shields.xml,SandBoxCore,2
studded_adarga,Item,Shield,,Studded Adarga,aserai,SandBoxCore/ModuleData/items/shields.xml,SandBoxCore,2
studded_arm_guards,Item,HandArmor,,Studded Arm Guards,nord,NavalDLC/ModuleData/items.xml,NavalDLC,4
studded_bound_kite_shield,Item,Shield,,Studded Bound Kite Shield,,SandBoxCore/ModuleData/items/shields.xml,SandBoxCore,2
studded_fur_armor,Item,BodyArmor,,Studded Fur Armor,looters,SandBoxCore/ModuleData/items/body_armors.xml,SandBoxCore,2
studded_imperial_neckguard,Item,Cape,,Neckguard with Bronze Plate Pauldrons,empire,SandBoxCore/ModuleData/items/shoulder_armors.xml,SandBoxCore,2
studded_leather_coat,Item,BodyArmor,,Studded Leather Coat,aserai,SandBoxCore/ModuleData/items/body_armors.xml,SandBoxCore,2
studded_leather_over_aketon,Item,BodyArmor,,Brigandine over Aketon,khuzait,SandBoxCore/ModuleData/items/body_armors.xml,SandBoxCore,2
studded_leather_vambraces,Item,HandArmor,,Studded Leather Vambraces,khuzait,SandBoxCore/ModuleData/items/arm_armors.xml,SandBoxCore,2
studded_leather_waistcoat,Item,BodyArmor,,Studded Leather Waistcoat,khuzait,SandBoxCore/ModuleData/items/body_armors.xml,SandBoxCore,2
studded_round_shield,Item,Shield,,Iron Round Shield,aserai,SandBoxCore/ModuleData/items/shields.xml,SandBoxCore,2
studded_steppe_barding,Item,HorseHarness,,Lamellar Barding,khuzait,SandBoxCore/ModuleData/items/horses_and_others.xml,SandBoxCore,2
studded_steppe_leather,Item,BodyArmor,,Studded Leather Armor,khuzait,SandBoxCore/ModuleData/items/body_armors.xml,SandBoxCore,2
studded_vambraces,Item,HandArmor,,Studded Vambraces,khuzait,SandBoxCore/ModuleData/items/arm_armors.xml,SandBoxCore,2
sturgia_2haxe_1_t4,CraftedItem,CraftedWeapon,TwoHandedAxe,Drilled Two Handed Axe,sturgia,SandBoxCore/ModuleData/items/weapons.xml,SandBoxCore,2
sturgia_2haxe_2_t5,CraftedItem,CraftedWeapon,TwoHandedAxe,Northlander Decorated Two Handed Axe,sturgia,SandBoxCore/ModuleData/items/weapons.xml,SandBoxCore,2
sturgia_axe_2_t2,CraftedItem,CraftedWeapon,OneHandedAxe,Galloglaich Axe,sturgia,SandBoxCore/ModuleData/items/weapons.xml,SandBoxCore,2
sturgia_axe_2_t2_blunt,CraftedItem,CraftedWeapon,OneHandedAxe,Sparring Galloglaich Axe,sturgia,SandBoxCore/ModuleData/items/tournament_weapons.xml,SandBoxCore,2
sturgia_axe_3_t3,CraftedItem,CraftedWeapon,OneHandedAxe,Commoner Axe,sturgia,SandBoxCore/ModuleData/items/weapons.xml,SandBoxCore,2
sturgia_axe_4_t4,CraftedItem,CraftedWeapon,OneHandedAxe,Veteran Warrior Axe,sturgia,SandBoxCore/ModuleData/items/weapons.xml,SandBoxCore,2
sturgia_axe_5_t5,CraftedItem,CraftedWeapon,OneHandedAxe,Rectangular Bitted Axe,sturgia,SandBoxCore/ModuleData/items/weapons.xml,SandBoxCore,2
sturgia_boots_a,Item,LegArmor,,Simple Leather Boots,sturgia,SandBoxCore/ModuleData/items/leg_armors.xml,SandBoxCore,2
sturgia_boots_b,Item,LegArmor,,Tied Leather Boots,sturgia,SandBoxCore/ModuleData/items/leg_armors.xml,SandBoxCore,2
sturgia_boots_c,Item,LegArmor,,Tied Boots,sturgia,SandBoxCore/ModuleData/items/leg_armors.xml,SandBoxCore,2
sturgia_boots_d,Item,LegArmor,,Wrapped Boots,sturgia,SandBoxCore/ModuleData/items/leg_armors.xml,SandBoxCore,2
sturgia_cavalry_armor,Item,BodyArmor,,Cavalry Lamellar Armor,aserai,SandBoxCore/ModuleData/items/body_armors.xml,SandBoxCore,2
sturgia_heavy_cavalary_helmet,Item,HeadArmor,,Heavy Cavalry Helmet,sturgia,SandBoxCore/ModuleData/items/head_armors.xml,SandBoxCore,2
sturgia_horse,Item,Horse,,Sturgian Native{@Plural}Sturgian native horses{\@},sturgia,SandBoxCore/ModuleData/items/horses_and_others.xml,SandBoxCore,2
sturgia_horse_tournament,Item,Horse,,Sturgian Trotter{@Plural}Sturgian trotters{\@},sturgia,SandBoxCore/ModuleData/items/horses_and_others.xml,SandBoxCore,2
sturgia_infantry_shield_a,Item,Shield,,Leaf-Point Kite Shield,sturgia,SandBoxCore/ModuleData/items/shields.xml,SandBoxCore,2
sturgia_infantry_shield_b,Item,Shield,,Reinforced Leaf-Point Kite Shield,sturgia,SandBoxCore/ModuleData/items/shields.xml,SandBoxCore,2
sturgia_lance_1_t4,CraftedItem,CraftedWeapon,TwoHandedPolearm,Druzhinnik Lance,sturgia,SandBoxCore/ModuleData/items/weapons.xml,SandBoxCore,2
sturgia_lance_2_t5,CraftedItem,CraftedWeapon,TwoHandedPolearm,Heavy Druzhinnik Lance,sturgia,SandBoxCore/ModuleData/items/weapons.xml,SandBoxCore,2
sturgia_light_tunic,Item,BodyArmor,,Long Tunic,sturgia,SandBoxCore/ModuleData/items/body_armors.xml,SandBoxCore,2
sturgia_mace_1_t3,CraftedItem,CraftedWeapon,TwoHandedMace,Northern Two Handed Mace,sturgia,SandBoxCore/ModuleData/items/weapons.xml,SandBoxCore,2
sturgia_mace_2_t4,CraftedItem,CraftedWeapon,TwoHandedMace,Northern Reinforced Two Handed Mace,sturgia,SandBoxCore/ModuleData/items/weapons.xml,SandBoxCore,2
sturgia_noble_sword_1_t5,CraftedItem,CraftedWeapon,OneHandedSword,Thamaskene Steel Warsword,sturgia,SandBoxCore/ModuleData/items/weapons.xml,SandBoxCore,2
sturgia_noble_sword_2_t5,CraftedItem,CraftedWeapon,OneHandedSword,Decorated Long Warsword,sturgia,SandBoxCore/ModuleData/items/weapons.xml,SandBoxCore,2
sturgia_noble_sword_3_t5,CraftedItem,CraftedWeapon,OneHandedSword,Decorated Fullered Sword,sturgia,SandBoxCore/ModuleData/items/weapons.xml,SandBoxCore,2
sturgia_noble_sword_4_t5,CraftedItem,CraftedWeapon,OneHandedSword,Gold Bound Short Warsword,sturgia,SandBoxCore/ModuleData/items/weapons.xml,SandBoxCore,2
sturgia_old_shield_a,Item,Shield,,Iron Rimmed Large Round Shield,sturgia,SandBoxCore/ModuleData/items/shields.xml,SandBoxCore,2
sturgia_old_shield_b,Item,Shield,,Simple Large Round Shield,sturgia,SandBoxCore/ModuleData/items/shields.xml,SandBoxCore,2
sturgia_old_shield_c,Item,Shield,,Reinforced Large Round Shield,sturgia,SandBoxCore/ModuleData/items/shields.xml,SandBoxCore,2
sturgia_polearm_1_t5,CraftedItem,CraftedWeapon,TwoHandedPolearm,Berdysh,sturgia,SandBoxCore/ModuleData/items/weapons.xml,SandBoxCore,2
sturgia_sword_1_t2,CraftedItem,CraftedWeapon,OneHandedSword,Tapered Blade,sturgia,SandBoxCore/ModuleData/items/weapons.xml,SandBoxCore,2
sturgia_sword_1_t2_blunt,CraftedItem,CraftedWeapon,OneHandedSword,Sparring Blade,sturgia,SandBoxCore/ModuleData/items/tournament_weapons.xml,SandBoxCore,2
sturgia_sword_2_t3,CraftedItem,CraftedWeapon,OneHandedSword,Backsword,sturgia,SandBoxCore/ModuleData/items/weapons.xml,SandBoxCore,2
sturgia_sword_3_t3,CraftedItem,CraftedWeapon,OneHandedSword,Pointy Warsword,sturgia,SandBoxCore/ModuleData/items/weapons.xml,SandBoxCore,2
sturgia_sword_4_t4,CraftedItem,CraftedWeapon,OneHandedSword,Long Warsword,sturgia,SandBoxCore/ModuleData/items/weapons.xml,SandBoxCore,2
sturgia_sword_5_t4,CraftedItem,CraftedWeapon,OneHandedSword,Fullered Narrow Warsword,sturgia,SandBoxCore/ModuleData/items/weapons.xml,SandBoxCore,2
sturgia_sword_5_t5,CraftedItem,CraftedWeapon,OneHandedSword,Fullered Long Warsword,sturgia,SandBoxCore/ModuleData/items/weapons.xml,SandBoxCore,2
sturgian_battle_crown,Item,HeadArmor,,Battle Crown,sturgia,SandBoxCore/ModuleData/items/head_armors.xml,SandBoxCore,2
sturgian_chainmale_longsleeve,Item,BodyArmor,,Decorated Hauberk,sturgia,SandBoxCore/ModuleData/items/body_armors.xml,SandBoxCore,2
sturgian_chainmale_shortsleeve,Item,BodyArmor,,Decorated Mail Shirt,sturgia,SandBoxCore/ModuleData/items/body_armors.xml,SandBoxCore,2
sturgian_crown,Item,HeadArmor,,Jeweled Fur Rimmed Helmet,sturgia,SandBoxCore/ModuleData/items/head_armors.xml,SandBoxCore,2
sturgian_fortified_armor,Item,BodyArmor,,Brigandine over Hauberk,vlandia,SandBoxCore/ModuleData/items/body_armors.xml,SandBoxCore,2
sturgian_helmet_b_close,Item,HeadArmor,,Closed Decorated Goggled Helmet,sturgia,SandBoxCore/ModuleData/items/head_armors.xml,SandBoxCore,2
sturgian_helmet_b_open,Item,HeadArmor,,Plumed Decorated Mailed Nasal Helmet,sturgia,SandBoxCore/ModuleData/items/head_armors.xml,SandBoxCore,2
sturgian_helmet_base,Item,HeadArmor,,Steel Nasal Cap,sturgia,SandBoxCore/ModuleData/items/head_armors.xml,SandBoxCore,2
sturgian_helmet_closed,Item,HeadArmor,,Closed Warlord Helmet,sturgia,SandBoxCore/ModuleData/items/head_armors.xml,SandBoxCore,2
sturgian_helmet_open,Item,HeadArmor,,Mailed Nasal Helmet,sturgia,SandBoxCore/ModuleData/items/head_armors.xml,SandBoxCore,2
sturgian_lamellar_base,Item,BodyArmor,,Heavy Lamellar over Mail Armor,sturgia,SandBoxCore/ModuleData/items/body_armors.xml,SandBoxCore,2
sturgian_lamellar_fortified,Item,BodyArmor,,Heavy Lamellar over Hauberk,sturgia,SandBoxCore/ModuleData/items/body_armors.xml,SandBoxCore,2
sturgian_lamellar_gambeson,Item,BodyArmor,,Heavy Long Lamellar Vest,sturgia,SandBoxCore/ModuleData/items/body_armors.xml,SandBoxCore,2
sturgian_lamellar_gambeson_heavy,Item,BodyArmor,,Heavy Lamellar Vest,sturgia,SandBoxCore/ModuleData/items/body_armors.xml,SandBoxCore,2
sturgian_lord_helmet_a,Item,HeadArmor,,Ridged Warlord Helmet,sturgia,SandBoxCore/ModuleData/items/head_armors.xml,SandBoxCore,2
sturgian_lord_helmet_b,Item,HeadArmor,,Warlord Helmet with Nose Guard,sturgia,SandBoxCore/ModuleData/items/head_armors.xml,SandBoxCore,2
sturgian_lord_helmet_c,Item,HeadArmor,,Plated Warlord Helmet,sturgia,SandBoxCore/ModuleData/items/head_armors.xml,SandBoxCore,2
sumpter_horse,Item,Horse,,Sumpter Horse{@Plural}sumpter horses{\@},,SandBoxCore/ModuleData/items/horses_and_others.xml,SandBoxCore,2
t2_aserai_horse,Item,Horse,,Darshi Horse{@Plural}Darshi horses{\@},aserai,SandBoxCore/ModuleData/items/horses_and_others.xml,SandBoxCore,2
t2_battania_horse,Item,Horse,,Glintor Pony{@Plural}Glintor ponies{\@},battania,SandBoxCore/ModuleData/items/horses_and_others.xml,SandBoxCore,2
t2_empire_horse,Item,Horse,,Canterion Charger{@Plural}Canterion chargers{\@},empire,SandBoxCore/ModuleData/items/horses_and_others.xml,SandBoxCore,2
t2_khuzait_horse,Item,Horse,,Steppe Hunter{@Plural}Steppe hunters{\@},khuzait,SandBoxCore/ModuleData/items/horses_and_others.xml,SandBoxCore,2
t2_sturgia_horse,Item,Horse,,Revyl Chaser,sturgia,SandBoxCore/ModuleData/items/horses_and_others.xml,SandBoxCore,2
t2_vlandia_horse,Item,Horse,,Valanby Courser{@Plural}Valanby coursers{\@},vlandia,SandBoxCore/ModuleData/items/horses_and_others.xml,SandBoxCore,2
t3_aserai_horse,Item,Horse,,Askarat{@Plural}Askarat horses{\@},aserai,SandBoxCore/ModuleData/items/horses_and_others.xml,SandBoxCore,2
t3_battania_horse,Item,Horse,,Swenryn Pony{@Plural}Swenryn ponies{\@},battania,SandBoxCore/ModuleData/items/horses_and_others.xml,SandBoxCore,2
t3_empire_horse,Item,Horse,,Palmatian{@Plural}Palmatian horses{\@},empire,SandBoxCore/ModuleData/items/horses_and_others.xml,SandBoxCore,2
t3_khuzait_horse,Item,Horse,,Karahan{@Plural}Karahan horses{\@},khuzait,SandBoxCore/ModuleData/items/horses_and_others.xml,SandBoxCore,2
t3_sturgia_horse,Item,Horse,,Omor Trotter{@Plural}Omor trotters{\@},sturgia,SandBoxCore/ModuleData/items/horses_and_others.xml,SandBoxCore,2
t3_vlandia_horse,Item,Horse,,Destrier{@Plural}destriers{\@},vlandia,SandBoxCore/ModuleData/items/horses_and_others.xml,SandBoxCore,2
tacky_bandit,Item,BodyArmor,,Gilded Raider Armor,aserai,NavalDLC/ModuleData/items.xml,NavalDLC,4
tacky_bandit_boot,Item,LegArmor,,Gilded Raider Boots,aserai,NavalDLC/ModuleData/items.xml,NavalDLC,4
tacky_bandit_bracer,Item,HandArmor,,Gilded Raider Bracers,aserai,NavalDLC/ModuleData/items.xml,NavalDLC,4
tacky_bandit_helmet,Item,HeadArmor,,Feathered Helmet,aserai,NavalDLC/ModuleData/items.xml,NavalDLC,4
tacky_bandit_helmet_b,Item,HeadArmor,,Plumed Bandit Helmet,khuzait,NavalDLC/ModuleData/items.xml,NavalDLC,4
tacky_bandit_helmet_c,Item,HeadArmor,,Serpenthide Plume Helmet,aserai,NavalDLC/ModuleData/items.xml,NavalDLC,4
tacky_bandit_shoulder,Item,Cape,,Gilded Raider Shoulder,aserai,NavalDLC/ModuleData/items.xml,NavalDLC,4
tacky_bandit_shoulder_b,Item,Cape,,Plumed Serpenthide Shoulder,aserai,NavalDLC/ModuleData/items.xml,NavalDLC,4
tall_heater_shield,Item,Shield,,Tall Heater Shield,vlandia,SandBoxCore/ModuleData/items/shields.xml,SandBoxCore,2
tall_helmet,Item,HeadArmor,,Tall Helmet,empire,SandBoxCore/ModuleData/items/head_armors.xml,SandBoxCore,2
tassled_southern_robes,Item,BodyArmor,,Tassled Robes,aserai,SandBoxCore/ModuleData/items/body_armors.xml,SandBoxCore,2
tattered_rags,Item,BodyArmor,,Tattered Rags,looters,SandBoxCore/ModuleData/items/body_armors.xml,SandBoxCore,2
testudo_standard_t3,Item,Banner,,Testudo Standard,empire,SandBoxCore/ModuleData/items/banners.xml,SandBoxCore,2
thamaskene_pike_t4,CraftedItem,CraftedWeapon,Pike,Thamaskene Pike,,SandBoxCore/ModuleData/items/weapons.xml,SandBoxCore,2
the_scalpel_sword_t3,CraftedItem,CraftedWeapon,OneHandedSword,Scalpel,,SandBoxCore/ModuleData/items/weapons.xml,SandBoxCore,2
thick_sleeved_robe,Item,BodyArmor,,Thick Sleeved Robe,aserai,SandBoxCore/ModuleData/items/body_armors.xml,SandBoxCore,2
thinhide_coif,Item,HeadArmor,,Thinhide Coif,battania,SandBoxCore/ModuleData/items/head_armors.xml,SandBoxCore,2
throwing_stone,Item,Thrown,,Stone,,SandBoxCore/ModuleData/items/weapons.xml,SandBoxCore,2
tied_cloth_tunic,Item,BodyArmor,,Tied Cloth Tunic,empire,SandBoxCore/ModuleData/items/body_armors.xml,SandBoxCore,2
tied_head_wrapping,Item,HeadArmor,,Tied Head Wrapping,aserai,SandBoxCore/ModuleData/items/head_armors.xml,SandBoxCore,2
tight_head_scarf,Item,HeadArmor,,Tight Head Scarf,aserai,SandBoxCore/ModuleData/items/head_armors.xml,SandBoxCore,2
torch,Item,OneHandedWeapon,,Torch,empire,SandBoxCore/ModuleData/items/weapons.xml,SandBoxCore,2
torn_bandit_clothes,Item,BodyArmor,,Torn Padded Garments,looters,SandBoxCore/ModuleData/items/body_armors.xml,SandBoxCore,2
tournament_arrows,Item,Arrows,,Tournament Arrows,,SandBoxCore/ModuleData/items/weapons.xml,SandBoxCore,2
tournament_bolts,Item,Bolts,,Tournament Bolts,,SandBoxCore/ModuleData/items/weapons.xml,SandBoxCore,2
trailed_desert_helmet,Item,HeadArmor,,Helmet with Turban and Coif,aserai,SandBoxCore/ModuleData/items/head_armors.xml,SandBoxCore,2
training_bow,Item,Bow,,Practice Bow,,SandBoxCore/ModuleData/items/weapons.xml,SandBoxCore,2
training_longbow,Item,Bow,,Practice Longbow,vlandia,SandBoxCore/ModuleData/items/weapons.xml,SandBoxCore,2
triangluar_spear_t3,CraftedItem,CraftedWeapon,TwoHandedPolearm,Triangular Headed Spear,,SandBoxCore/ModuleData/items/weapons.xml,SandBoxCore,2
tribal_bow,Item,Bow,,Tribesman Bow,aserai,SandBoxCore/ModuleData/items/weapons.xml,SandBoxCore,2
tribal_steppe_shield,Item,Shield,,Tribal Steppe Shield,khuzait,SandBoxCore/ModuleData/items/shields.xml,SandBoxCore,2
tuareg,Item,HeadArmor,,Tribal Turban,aserai,SandBoxCore/ModuleData/items/head_armors.xml,SandBoxCore,2
tug_of_bone_arrow_t2,Item,Banner,,Tug of Bone Arrow,khuzait,SandBoxCore/ModuleData/items/banners.xml,SandBoxCore,2
tug_of_the_boundless_horde_t2,Item,Banner,,Tug of the Boundless Horde,khuzait,SandBoxCore/ModuleData/items/banners.xml,SandBoxCore,2
tug_of_the_endless_steppe_t3,Item,Banner,,Tug of the Endless Steppe,khuzait,SandBoxCore/ModuleData/items/banners.xml,SandBoxCore,2
tug_of_the_roaming_horse_t1,Item,Banner,,Tug of the Roaming Horse,khuzait,SandBoxCore/ModuleData/items/banners.xml,SandBoxCore,2
tug_of_whistling_arrow_t3,Item,Banner,,Tug of Whistling Arrow,khuzait,SandBoxCore/ModuleData/items/banners.xml,SandBoxCore,2
tug_of_wooden_arrow_t1,Item,Banner,,Tug of Wooden Arrow,khuzait,SandBoxCore/ModuleData/items/banners.xml,SandBoxCore,2
tundra_tunic,Item,BodyArmor,,Belted Tunic,sturgia,SandBoxCore/ModuleData/items/body_armors.xml,SandBoxCore,2
tunic_with_rolled_cloth,Item,BodyArmor,,Tunic with Rolled Cloth,empire,SandBoxCore/ModuleData/items/body_armors.xml,SandBoxCore,2
tunic_with_shoulder_pads,Item,BodyArmor,,Tunic with Shoulder Pads,empire,SandBoxCore/ModuleData/items/body_armors.xml,SandBoxCore,2
turban,Item,HeadArmor,,Turban,aserai,SandBoxCore/ModuleData/items/head_armors.xml,SandBoxCore,2
turndown_leather_boots,Item,LegArmor,,Folded Leather Boots,battania,SandBoxCore/ModuleData/items/leg_armors.xml,SandBoxCore,2
tyrhung_sword_t3,CraftedItem,CraftedWeapon,OneHandedSword,Tyrhung,,SandBoxCore/ModuleData/items/weapons.xml,SandBoxCore,2
tzkurion_axe_t3,CraftedItem,CraftedWeapon,OneHandedAxe,Broad Tzikourion,empire,SandBoxCore/ModuleData/items/weapons.xml,SandBoxCore,2
upturned_fur_cap,Item,HeadArmor,,Upturned Fur Cap,khuzait,SandBoxCore/ModuleData/items/head_armors.xml,SandBoxCore,2
varangian_bra_basic,Item,Cape,,Decorated Leather Harness,empire,SandBoxCore/ModuleData/items/shoulder_armors.xml,SandBoxCore,2
varangian_bra_mail,Item,Cape,,Decorated Leather Harness over Mail,empire,SandBoxCore/ModuleData/items/shoulder_armors.xml,SandBoxCore,2
varangian_bra_padded,Item,Cape,,Decorated Leather Harness with Padding,empire,SandBoxCore/ModuleData/items/shoulder_armors.xml,SandBoxCore,2
varangian_bra_royal,Item,Cape,,Caped Leather Harness,empire,SandBoxCore/ModuleData/items/shoulder_armors.xml,SandBoxCore,2
varangian_bra_scale,Item,Cape,,Decorated Leather Harness over Scale,empire,SandBoxCore/ModuleData/items/shoulder_armors.xml,SandBoxCore,2
velvet,Item,Goods,,Velvet{@Plural}rolls of velvet{\@},,SandBoxCore/ModuleData/items/horses_and_others.xml,SandBoxCore,2
veteran_mercenary_armor,Item,BodyArmor,,Fortified Mercenary Armor,vlandia,SandBoxCore/ModuleData/items/body_armors.xml,SandBoxCore,2
viking_round_shield,Item,Shield,,Norse Round Shield,sturgia,SandBoxCore/ModuleData/items/shields.xml,SandBoxCore,2
visored_helmet_over_laced_coif,Item,HeadArmor,,Visored Helmet over Laced Coif,vlandia,SandBoxCore/ModuleData/items/head_armors.xml,SandBoxCore,2
visored_helmet_over_mail_coif,Item,HeadArmor,,Visored Helmet over Mail Coif,vlandia,SandBoxCore/ModuleData/items/head_armors.xml,SandBoxCore,2
visored_helmet_over_padded_cloth,Item,HeadArmor,,Visored Helmet over Padded Cloth,vlandia,SandBoxCore/ModuleData/items/head_armors.xml,SandBoxCore,2
visored_helmet_over_padded_coif,Item,HeadArmor,,Visored Helmet over Padded Coif,vlandia,SandBoxCore/ModuleData/items/head_armors.xml,SandBoxCore,2
vlandia_2haxe_1_t4,CraftedItem,CraftedWeapon,TwoHandedAxe,Short Bill,vlandia,SandBoxCore/ModuleData/items/weapons.xml,SandBoxCore,2
vlandia_2hsword_1_t5,CraftedItem,CraftedWeapon,TwoHandedSword,Wide Fullered Broad Two Hander,vlandia,SandBoxCore/ModuleData/items/weapons.xml,SandBoxCore,2
vlandia_2hsword_2_t5,CraftedItem,CraftedWeapon,TwoHandedSword,Thamaskene Steel Two Hander,vlandia,SandBoxCore/ModuleData/items/weapons.xml,SandBoxCore,2
vlandia_axe_1_t3,CraftedItem,CraftedWeapon,OneHandedAxe,Infantry Axe,vlandia,SandBoxCore/ModuleData/items/weapons.xml,SandBoxCore,2
vlandia_axe_2_t4,CraftedItem,CraftedWeapon,OneHandedAxe,Spiked Battle Axe,vlandia,SandBoxCore/ModuleData/items/weapons.xml,SandBoxCore,2
vlandia_bandit_a,Item,BodyArmor,,Cheap Paddings,looters,SandBoxCore/ModuleData/items/body_armors.xml,SandBoxCore,2
vlandia_bandit_b,Item,BodyArmor,,Cheap Colored Clothes,looters,SandBoxCore/ModuleData/items/body_armors.xml,SandBoxCore,2
vlandia_bandit_c,Item,BodyArmor,,Torn Robe,looters,SandBoxCore/ModuleData/items/body_armors.xml,SandBoxCore,2
vlandia_bandit_cape_a,Item,HeadArmor,,Rough Padded Cap,looters,SandBoxCore/ModuleData/items/head_armors.xml,SandBoxCore,2
vlandia_bandit_cape_b,Item,HeadArmor,,Hide Cap,looters,SandBoxCore/ModuleData/items/head_armors.xml,SandBoxCore,2
vlandia_chainmail,Item,BodyArmor,,Heavy Mail Hauberk,vlandia,SandBoxCore/ModuleData/items/body_armors.xml,SandBoxCore,2
vlandia_crown,Item,HeadArmor,,Austere Crown,empire,SandBoxCore/ModuleData/items/head_armors.xml,SandBoxCore,2
vlandia_horse,Item,Horse,,Rouncey{@Plural}rouncey horses{\@},vlandia,SandBoxCore/ModuleData/items/horses_and_others.xml,SandBoxCore,2
vlandia_horse_tournament,Item,Horse,,Saddle Horse{@Plural}saddle horses{\@},vlandia,SandBoxCore/ModuleData/items/horses_and_others.xml,SandBoxCore,2
vlandia_infantry_shield_a,Item,Shield,,Angular Kite Shield,vlandia,SandBoxCore/ModuleData/items/shields.xml,SandBoxCore,2
vlandia_lance_1_t3,CraftedItem,CraftedWeapon,TwoHandedPolearm,Light Lance,vlandia,SandBoxCore/ModuleData/items/weapons.xml,SandBoxCore,2
vlandia_lance_1_t3_blunt,CraftedItem,CraftedWeapon,TwoHandedPolearm,Sparring Lance,vlandia,SandBoxCore/ModuleData/items/tournament_weapons.xml,SandBoxCore,2
vlandia_lance_2_t4,CraftedItem,CraftedWeapon,TwoHandedPolearm,Knight Lance,vlandia,SandBoxCore/ModuleData/items/weapons.xml,SandBoxCore,2
vlandia_lance_3_t5,CraftedItem,CraftedWeapon,TwoHandedPolearm,Heavy Knight Lance,vlandia,SandBoxCore/ModuleData/items/weapons.xml,SandBoxCore,2
vlandia_lord_helmet_b2,Item,HeadArmor,,Plated Helmet,vlandia,SandBoxCore/ModuleData/items/head_armors.xml,SandBoxCore,2
vlandia_mace_1_t2,CraftedItem,CraftedWeapon,Mace,Spiked Mace,vlandia,SandBoxCore/ModuleData/items/weapons.xml,SandBoxCore,2
vlandia_mace_2_t4,CraftedItem,CraftedWeapon,Mace,Fullered Cavalry Mace,vlandia,SandBoxCore/ModuleData/items/weapons.xml,SandBoxCore,2
vlandia_mace_3_t5,CraftedItem,CraftedWeapon,Mace,Pernach,vlandia,SandBoxCore/ModuleData/items/weapons.xml,SandBoxCore,2
vlandia_noble_sword_1_t5,CraftedItem,CraftedWeapon,OneHandedSword,Decorated Arming Sword,vlandia,SandBoxCore/ModuleData/items/weapons.xml,SandBoxCore,2
vlandia_noble_sword_2_t5,CraftedItem,CraftedWeapon,OneHandedSword,Arming Sword with Circle,vlandia,SandBoxCore/ModuleData/items/weapons.xml,SandBoxCore,2
vlandia_noble_sword_3_t5,CraftedItem,CraftedWeapon,OneHandedSword,Gold Engraved Arming Sword,vlandia,SandBoxCore/ModuleData/items/weapons.xml,SandBoxCore,2
vlandia_noble_sword_4_t5,CraftedItem,CraftedWeapon,OneHandedSword,Crescent Guarded Arming Sword,vlandia,SandBoxCore/ModuleData/items/weapons.xml,SandBoxCore,2
vlandia_pike_1_t5,CraftedItem,CraftedWeapon,Pike,Pike,vlandia,SandBoxCore/ModuleData/items/weapons.xml,SandBoxCore,2
vlandia_polearm_1_t5,CraftedItem,CraftedWeapon,TwoHandedPolearm,Voulge,vlandia,SandBoxCore/ModuleData/items/weapons.xml,SandBoxCore,2
vlandia_sword_1_t2,CraftedItem,CraftedWeapon,OneHandedSword,Iron Arming Sword,vlandia,SandBoxCore/ModuleData/items/weapons.xml,SandBoxCore,2
vlandia_sword_1_t2_blunt,CraftedItem,CraftedWeapon,OneHandedSword,Sparring Arming Sword,vlandia,SandBoxCore/ModuleData/items/tournament_weapons.xml,SandBoxCore,2
vlandia_sword_2_t3,CraftedItem,CraftedWeapon,OneHandedSword,Ridged Tipped Arming Sword,vlandia,SandBoxCore/ModuleData/items/weapons.xml,SandBoxCore,2
vlandia_sword_3_t4,CraftedItem,CraftedWeapon,OneHandedSword,Knightly Arming Sword,vlandia,SandBoxCore/ModuleData/items/weapons.xml,SandBoxCore,2
vlandia_sword_4_t4,CraftedItem,CraftedWeapon,OneHandedSword,Ridged Arming Sword,vlandia,SandBoxCore/ModuleData/items/weapons.xml,SandBoxCore,2
vlandia_sword_5_t5,CraftedItem,CraftedWeapon,OneHandedSword,Wide Fullered Broad Arming Sword,vlandia,SandBoxCore/ModuleData/items/weapons.xml,SandBoxCore,2
vlandian_corset_dress,Item,BodyArmor,,Corseted Dress,vlandia,SandBoxCore/ModuleData/items/body_armors.xml,SandBoxCore,2
vlandian_dress,Item,BodyArmor,,Rich Dress,empire,SandBoxCore/ModuleData/items/body_armors.xml,SandBoxCore,2
vlandian_faceguard_helmet_a,Item,HeadArmor,,Closed Knight Helmet,vlandia,SandBoxCore/ModuleData/items/head_armors.xml,SandBoxCore,2
vlandian_faceguard_helmet_b,Item,HeadArmor,,Knight Helmet with Bronze Faceguard,vlandia,SandBoxCore/ModuleData/items/head_armors.xml,SandBoxCore,2
vlandian_noble_woman_dress,Item,BodyArmor,,Silken Noble Dress,vlandia,SandBoxCore/ModuleData/items/body_armors.xml,SandBoxCore,2
vlandian_woman_dress,Item,BodyArmor,,Aproned Dress,vlandia,SandBoxCore/ModuleData/items/body_armors.xml,SandBoxCore,2
vlandic_arrows,Item,Arrows,,Lowland Arrows,,SandBoxCore/ModuleData/items/weapons.xml,SandBoxCore,2
walrus_tusk,Item,Goods,,Walrus Tusk{@Plural}loads of walrus tusks{\@},,NavalDLC/ModuleData/items.xml,NavalDLC,4
war_camel,Item,Horse,,War Camel{@Plural}war camels{\@},aserai,SandBoxCore/ModuleData/items/horses_and_others.xml,SandBoxCore,2
war_horse,Item,Horse,,War Horse{@Plural}war horses{\@},,SandBoxCore/ModuleData/items/horses_and_others.xml,SandBoxCore,2
war_razor_2hsword_t4,CraftedItem,CraftedWeapon,TwoHandedSword,War Razor,vlandia,SandBoxCore/ModuleData/items/weapons.xml,SandBoxCore,2
warg_albino,Item,,,,,TAOM/ModuleData/culture_marketplace/culture_marketplace_config.xml,TAOM,6
warg_brown,Item,,,,,TAOM/ModuleData/culture_marketplace/culture_marketplace_config.xml,TAOM,6
warg_dark,Item,,,,,TAOM/ModuleData/culture_marketplace/culture_marketplace_config.xml,TAOM,6
warg_saddle,Item,,,,,TAOM/ModuleData/culture_marketplace/culture_marketplace_config.xml,TAOM,6
western_2hsword_t3,CraftedItem,CraftedWeapon,TwoHandedSword,Tapered Two-Hander,vlandia,SandBoxCore/ModuleData/items/weapons.xml,SandBoxCore,2
western_2hsword_t4,CraftedItem,CraftedWeapon,TwoHandedSword,Broad Two Hander,vlandia,SandBoxCore/ModuleData/items/weapons.xml,SandBoxCore,2
western_crowned_helmet,Item,HeadArmor,,Crowned Helmet,vlandia,SandBoxCore/ModuleData/items/head_armors.xml,SandBoxCore,2
western_crowned_plated_helmet,Item,HeadArmor,,Crowned Plate Helmet,vlandia,SandBoxCore/ModuleData/items/head_armors.xml,SandBoxCore,2
western_javelin_1_t2,CraftedItem,CraftedWeapon,Javelin,Simple Javelin,,SandBoxCore/ModuleData/items/weapons.xml,SandBoxCore,2
western_javelin_1_t2_blunt,CraftedItem,CraftedWeapon,Javelin,Sparring Blunt Javelin,,SandBoxCore/ModuleData/items/tournament_weapons.xml,SandBoxCore,2
western_javelin_2_t3,CraftedItem,CraftedWeapon,Javelin,Lowland Javelin,vlandia,SandBoxCore/ModuleData/items/weapons.xml,SandBoxCore,2
western_javelin_3_t4,CraftedItem,CraftedWeapon,Javelin,Hooked Javelin,vlandia,SandBoxCore/ModuleData/items/weapons.xml,SandBoxCore,2
western_kite_shield,Item,Shield,,Kite Shield,vlandia,SandBoxCore/ModuleData/items/shields.xml,SandBoxCore,2
western_kite_sparring_shield,Item,Shield,,Kite Sparring Shield,,SandBoxCore/ModuleData/items/tournament_weapons.xml,SandBoxCore,2
western_plated_helmet,Item,HeadArmor,,Plated Helmet with Sideguards,vlandia,SandBoxCore/ModuleData/items/head_armors.xml,SandBoxCore,2
western_riders_kite_shield,Item,Shield,,Horseman Kite Shield,vlandia,SandBoxCore/ModuleData/items/shields.xml,SandBoxCore,2
western_riders_kite_sparring_shield,Item,Shield,,Horseman Sparring Kite Shield,,SandBoxCore/ModuleData/items/tournament_weapons.xml,SandBoxCore,2
western_scale_mail,Item,BodyArmor,,Rough Scale Mail,battania,SandBoxCore/ModuleData/items/body_armors.xml,SandBoxCore,2
western_spear_1_t2,CraftedItem,CraftedWeapon,TwoHandedPolearm,Simple Commoner Spear,vlandia,SandBoxCore/ModuleData/items/weapons.xml,SandBoxCore,2
western_spear_2_t2,CraftedItem,CraftedWeapon,TwoHandedPolearm,Simple Short Spear,vlandia,SandBoxCore/ModuleData/items/weapons.xml,SandBoxCore,2
western_spear_3_t3,CraftedItem,CraftedWeapon,TwoHandedPolearm,Tall Tipped Long Spear,vlandia,SandBoxCore/ModuleData/items/weapons.xml,SandBoxCore,2
western_spear_4_t3,CraftedItem,CraftedWeapon,TwoHandedPolearm,Tall Tipped Spear,vlandia,SandBoxCore/ModuleData/items/weapons.xml,SandBoxCore,2
western_spear_4_t4,CraftedItem,CraftedWeapon,TwoHandedPolearm,Long Fine Steel Spear,empire,SandBoxCore/ModuleData/items/weapons.xml,SandBoxCore,2
western_spear_5_t4,CraftedItem,CraftedWeapon,TwoHandedPolearm,Fine Steel Spear,empire,SandBoxCore/ModuleData/items/weapons.xml,SandBoxCore,2
western_throwing_axe_1_t1,CraftedItem,CraftedWeapon,ThrowingAxe,Francesca,vlandia,SandBoxCore/ModuleData/items/weapons.xml,SandBoxCore,2
whale_oil,Item,Goods,,Whale Oil{@Plural}barrels of whale oil{\@},,NavalDLC/ModuleData/items.xml,NavalDLC,4
white_coat_over_mail,Item,BodyArmor,,Tabard over Mail Hauberk,vlandia,SandBoxCore/ModuleData/items/body_armors.xml,SandBoxCore,2
wide_heater_shield,Item,Shield,,Wide Heater Shield,vlandia,SandBoxCore/ModuleData/items/shields.xml,SandBoxCore,2
wide_leaf_spear_t4,CraftedItem,CraftedWeapon,TwoHandedPolearm,Wide Leaf Spear,,SandBoxCore/ModuleData/items/weapons.xml,SandBoxCore,2
winds_fury_sword_t3,CraftedItem,CraftedWeapon,OneHandedSword,Winds Fury,,SandBoxCore/ModuleData/items/weapons.xml,SandBoxCore,2
wine,Item,Goods,,Wine{@Plural}amphorae of wine{\@},,SandBoxCore/ModuleData/items/horses_and_others.xml,SandBoxCore,2
wolf_shoulder,Item,Cape,,Wolf Pelt Cape,battania,SandBoxCore/ModuleData/items/shoulder_armors.xml,SandBoxCore,2
wolf_shoulder_ulfhedinn,Item,Cape,,Wolf Pelt Cape,,NavalDLC/ModuleData/items.xml,NavalDLC,4
wolfhead,Item,HeadArmor,,Wolf Head,battania,SandBoxCore/ModuleData/items/head_armors.xml,SandBoxCore,2
wolfhead_ulfhedinn,Item,HeadArmor,,Reinforced Wolf Head,,NavalDLC/ModuleData/items.xml,NavalDLC,4
womens_headwrap_b,Item,HeadArmor,,Head Scarf,sturgia,SandBoxCore/ModuleData/items/head_armors.xml,SandBoxCore,2
womens_headwrap_c,Item,HeadArmor,,Rural Head Wrap,vlandia,SandBoxCore/ModuleData/items/head_armors.xml,SandBoxCore,2
wooden_2hsword_t1,CraftedItem,CraftedWeapon,TwoHandedSword,Wooden Twohander,,SandBoxCore/ModuleData/items/weapons.xml,SandBoxCore,2
wooden_sword_t1,CraftedItem,CraftedWeapon,OneHandedSword,Wooden Sword,,SandBoxCore/ModuleData/items/weapons.xml,SandBoxCore,2
wooden_sword_t2,CraftedItem,CraftedWeapon,OneHandedSword,Wooden Sword,,SandBoxCore/ModuleData/items/weapons.xml,SandBoxCore,2
woodland_axe_t3,CraftedItem,CraftedWeapon,OneHandedAxe,Woodland Axe,battania,SandBoxCore/ModuleData/items/weapons.xml,SandBoxCore,2
woodland_longbow,Item,Bow,,Woodland Longbow,battania,SandBoxCore/ModuleData/items/weapons.xml,SandBoxCore,2
woodland_throwing_axe_1_t1,CraftedItem,CraftedWeapon,ThrowingAxe,Woodland Throwing Axe,battania,SandBoxCore/ModuleData/items/weapons.xml,SandBoxCore,2
woodland_yew_bow,Item,Bow,,Woodland Yew Bow,battania,SandBoxCore/ModuleData/items/weapons.xml,SandBoxCore,2
wool,Item,Goods,,Wool{@Plural}loads of wool{\@},,SandBoxCore/ModuleData/items/horses_and_others.xml,SandBoxCore,2
world_chopper__1haxe,CraftedItem,CraftedWeapon,OneHandedAxe,World Chopper,,NavalDLC/ModuleData/naval_weapons.xml,NavalDLC,4
worn_horsemans_kite_shield,Item,Shield,,Makeshift Horseman Kite Shield,,SandBoxCore/ModuleData/items/shields.xml,SandBoxCore,2
worn_kite_shield,Item,Shield,,Worn Kite Shield,,SandBoxCore/ModuleData/items/shields.xml,SandBoxCore,2
woven_leather_boots,Item,LegArmor,,Woven Leather Boots,khuzait,SandBoxCore/ModuleData/items/leg_armors.xml,SandBoxCore,2
woven_leather_bracers,Item,HandArmor,,Woven Leather Bracers,empire,SandBoxCore/ModuleData/items/arm_armors.xml,SandBoxCore,2
woven_leather_coat,Item,BodyArmor,,Boarskin Leather Coat,empire,SandBoxCore/ModuleData/items/body_armors.xml,SandBoxCore,2
woven_leather_shoulders,Item,Cape,,Woven Leather Shoulders,empire,SandBoxCore/ModuleData/items/shoulder_armors.xml,SandBoxCore,2
woven_leather_vest,Item,BodyArmor,,Woven Leather Vest,vlandia,SandBoxCore/ModuleData/items/body_armors.xml,SandBoxCore,2
woven_turban,Item,HeadArmor,,Woven Turban,aserai,SandBoxCore/ModuleData/items/head_armors.xml,SandBoxCore,2
wrapped_desert_cap,Item,HeadArmor,,Wrapped Leather Cap,aserai,SandBoxCore/ModuleData/items/head_armors.xml,SandBoxCore,2
wrapped_headcloth,Item,HeadArmor,,Wrapped Headcloth,battania,SandBoxCore/ModuleData/items/head_armors.xml,SandBoxCore,2
wrapped_leather_boots,Item,LegArmor,,Wrapped Leather Boots,battania,SandBoxCore/ModuleData/items/leg_armors.xml,SandBoxCore,2
wrapped_scarf,Item,Cape,,Shawl,neutral_culture,SandBoxCore/ModuleData/items/shoulder_armors.xml,SandBoxCore,2
wrapped_shoes,Item,LegArmor,,Wrapped Shoes,aserai,SandBoxCore/ModuleData/items/leg_armors.xml,SandBoxCore,2
