item_id,name,item_kind,type,subtype,culture,weight,value,source_xml,weapon_class,stack_amount,speed_rating,missile_speed,accuracy,weapon_length,swing_damage,swing_damage_type,thrust_damage,thrust_damage_type,hit_points,shield_armor,head_armor,body_armor,arm_armor,leg_armor,horse_speed,horse_maneuver,horse_charge_damage,horse_extra_health
mp_white_coat_over_mail,,Item,,,,,,Native/ModuleData/mpcosmetics.xml,,,,,,,,,,,,,,,,,,,,
mp_vlandia_chainmail,,Item,,,,,,Native/ModuleData/mpcosmetics.xml,,,,,,,,,,,,,,,,,,,,
mp_white_coat_over_mail,,Item,,,,,,Native/ModuleData/mpcosmetics.xml,,,,,,,,,,,,,,,,,,,,
mp_bandit_leather_water_flask,,Item,,,,,,Native/ModuleData/mpcosmetics.xml,,,,,,,,,,,,,,,,,,,,
mp_bandit_leather_water_flask,,Item,,,,,,Native/ModuleData/mpcosmetics.xml,,,,,,,,,,,,,,,,,,,,
mp_vlandia_bandit_a,,Item,,,,,,Native/ModuleData/mpcosmetics.xml,,,,,,,,,,,,,,,,,,,,
mp_sleeveless_padded_short_coat,,Item,,,,,,Native/ModuleData/mpcosmetics.xml,,,,,,,,,,,,,,,,,,,,
mp_sleeveless_padded_short_coat,,Item,,,,,,Native/ModuleData/mpcosmetics.xml,,,,,,,,,,,,,,,,,,,,
mp_vlandia_bandit_a,,Item,,,,,,Native/ModuleData/mpcosmetics.xml,,,,,,,,,,,,,,,,,,,,
mp_mail_shirt,,Item,,,,,,Native/ModuleData/mpcosmetics.xml,,,,,,,,,,,,,,,,,,,,
mp_white_coat_over_mail,,Item,,,,,,Native/ModuleData/mpcosmetics.xml,,,,,,,,,,,,,,,,,,,,
mp_vlandia_chainmail,,Item,,,,,,Native/ModuleData/mpcosmetics.xml,,,,,,,,,,,,,,,,,,,,
mp_studded_leather_over_aketon,,Item,,,,,,Native/ModuleData/mpcosmetics.xml,,,,,,,,,,,,,,,,,,,,
mp_layered_leather_tunic,,Item,,,,,,Native/ModuleData/mpcosmetics.xml,,,,,,,,,,,,,,,,,,,,
mp_vlandia_bandit_a,,Item,,,,,,Native/ModuleData/mpcosmetics.xml,,,,,,,,,,,,,,,,,,,,
mp_sleeveless_padded_short_coat,,Item,,,,,,Native/ModuleData/mpcosmetics.xml,,,,,,,,,,,,,,,,,,,,
mp_sleeveless_padded_short_coat,,Item,,,,,,Native/ModuleData/mpcosmetics.xml,,,,,,,,,,,,,,,,,,,,
mp_bandit_leather_water_flask,,Item,,,,,,Native/ModuleData/mpcosmetics.xml,,,,,,,,,,,,,,,,,,,,
mp_sleeveless_padded_short_coat,,Item,,,,,,Native/ModuleData/mpcosmetics.xml,,,,,,,,,,,,,,,,,,,,
mp_layered_leather_tunic,,Item,,,,,,Native/ModuleData/mpcosmetics.xml,,,,,,,,,,,,,,,,,,,,
mp_heavy_nordic_coat,,Item,,,,,,Native/ModuleData/mpcosmetics.xml,,,,,,,,,,,,,,,,,,,,
mp_banded_leather_over_mail,,Item,,,,,,Native/ModuleData/mpcosmetics.xml,,,,,,,,,,,,,,,,,,,,
mp_mail_shirt,,Item,,,,,,Native/ModuleData/mpcosmetics.xml,,,,,,,,,,,,,,,,,,,,
mp_mail_shirt,,Item,,,,,,Native/ModuleData/mpcosmetics.xml,,,,,,,,,,,,,,,,,,,,
mp_layered_leather_tunic,,Item,,,,,,Native/ModuleData/mpcosmetics.xml,,,,,,,,,,,,,,,,,,,,
mp_mail_shirt,,Item,,,,,,Native/ModuleData/mpcosmetics.xml,,,,,,,,,,,,,,,,,,,,
mp_sleeveless_padded_short_coat,,Item,,,,,,Native/ModuleData/mpcosmetics.xml,,,,,,,,,,,,,,,,,,,,
mp_segmented_skullcap_over_laced_coif,,Item,,,,,,Native/ModuleData/mpcosmetics.xml,,,,,,,,,,,,,,,,,,,,
mp_segmented_skullcap_over_laced_coif,,Item,,,,,,Native/ModuleData/mpcosmetics.xml,,,,,,,,,,,,,,,,,,,,
mp_segmented_skullcap_over_laced_coif,,Item,,,,,,Native/ModuleData/mpcosmetics.xml,,,,,,,,,,,,,,,,,,,,
mp_segmented_skullcap_over_laced_coif,,Item,,,,,,Native/ModuleData/mpcosmetics.xml,,,,,,,,,,,,,,,,,,,,
mp_segmented_skullcap_over_laced_coif,,Item,,,,,,Native/ModuleData/mpcosmetics.xml,,,,,,,,,,,,,,,,,,,,
mp_leather_cap,,Item,,,,,,Native/ModuleData/mpcosmetics.xml,,,,,,,,,,,,,,,,,,,,
mp_segmented_skullcap_over_mail_coif,,Item,,,,,,Native/ModuleData/mpcosmetics.xml,,,,,,,,,,,,,,,,,,,,
mp_segmented_skullcap_over_laced_coif,,Item,,,,,,Native/ModuleData/mpcosmetics.xml,,,,,,,,,,,,,,,,,,,,
mp_segmented_skullcap_over_laced_coif,,Item,,,,,,Native/ModuleData/mpcosmetics.xml,,,,,,,,,,,,,,,,,,,,
mp_leather_cap,,Item,,,,,,Native/ModuleData/mpcosmetics.xml,,,,,,,,,,,,,,,,,,,,
mp_full_helm_over_mail_coif,,Item,,,,,,Native/ModuleData/mpcosmetics.xml,,,,,,,,,,,,,,,,,,,,
mp_full_helm_over_mail_coif,,Item,,,,,,Native/ModuleData/mpcosmetics.xml,,,,,,,,,,,,,,,,,,,,
mp_full_helm_over_mail_coif,,Item,,,,,,Native/ModuleData/mpcosmetics.xml,,,,,,,,,,,,,,,,,,,,
mp_full_helm_over_padded_cap,,Item,,,,,,Native/ModuleData/mpcosmetics.xml,,,,,,,,,,,,,,,,,,,,
mp_kettle_helmet_over_padded_cloth,,Item,,,,,,Native/ModuleData/mpcosmetics.xml,,,,,,,,,,,,,,,,,,,,
mp_kettle_helmet_over_mail,,Item,,,,,,Native/ModuleData/mpcosmetics.xml,,,,,,,,,,,,,,,,,,,,
mp_kettle_helmet_over_mail,,Item,,,,,,Native/ModuleData/mpcosmetics.xml,,,,,,,,,,,,,,,,,,,,
mp_kettle_helmet_over_padded_cloth,,Item,,,,,,Native/ModuleData/mpcosmetics.xml,,,,,,,,,,,,,,,,,,,,
mp_kettle_helmet_over_padded_cloth,,Item,,,,,,Native/ModuleData/mpcosmetics.xml,,,,,,,,,,,,,,,,,,,,
mp_kettle_helmet_over_padded_cloth,,Item,,,,,,Native/ModuleData/mpcosmetics.xml,,,,,,,,,,,,,,,,,,,,
mp_kettle_helmet_over_mail,,Item,,,,,,Native/ModuleData/mpcosmetics.xml,,,,,,,,,,,,,,,,,,,,
mp_kettle_helmet_over_padded_cloth,,Item,,,,,,Native/ModuleData/mpcosmetics.xml,,,,,,,,,,,,,,,,,,,,
mp_kettle_helmet_over_mail,,Item,,,,,,Native/ModuleData/mpcosmetics.xml,,,,,,,,,,,,,,,,,,,,
mp_kettle_helmet_over_padded_cloth,,Item,,,,,,Native/ModuleData/mpcosmetics.xml,,,,,,,,,,,,,,,,,,,,
mp_kettle_helmet_over_mail,,Item,,,,,,Native/ModuleData/mpcosmetics.xml,,,,,,,,,,,,,,,,,,,,
mp_kettle_helmet_over_padded_cloth,,Item,,,,,,Native/ModuleData/mpcosmetics.xml,,,,,,,,,,,,,,,,,,,,
mp_kettle_helmet_over_mail,,Item,,,,,,Native/ModuleData/mpcosmetics.xml,,,,,,,,,,,,,,,,,,,,
mp_kettle_hat_over_mail_coif,,Item,,,,,,Native/ModuleData/mpcosmetics.xml,,,,,,,,,,,,,,,,,,,,
mp_kettle_helmet_over_mail,,Item,,,,,,Native/ModuleData/mpcosmetics.xml,,,,,,,,,,,,,,,,,,,,
mp_kettle_helmet_over_mail,,Item,,,,,,Native/ModuleData/mpcosmetics.xml,,,,,,,,,,,,,,,,,,,,
mp_kettle_hat_over_mail_coif,,Item,,,,,,Native/ModuleData/mpcosmetics.xml,,,,,,,,,,,,,,,,,,,,
mp_kettle_helmet_over_mail,,Item,,,,,,Native/ModuleData/mpcosmetics.xml,,,,,,,,,,,,,,,,,,,,
mp_kettle_hat_over_mail_coif,,Item,,,,,,Native/ModuleData/mpcosmetics.xml,,,,,,,,,,,,,,,,,,,,
mp_kettle_helmet_over_mail,,Item,,,,,,Native/ModuleData/mpcosmetics.xml,,,,,,,,,,,,,,,,,,,,
mp_kettle_hat_over_mail_coif,,Item,,,,,,Native/ModuleData/mpcosmetics.xml,,,,,,,,,,,,,,,,,,,,
mp_kettle_helmet_over_mail,,Item,,,,,,Native/ModuleData/mpcosmetics.xml,,,,,,,,,,,,,,,,,,,,
mp_kettle_hat_over_mail_coif,,Item,,,,,,Native/ModuleData/mpcosmetics.xml,,,,,,,,,,,,,,,,,,,,
mp_kettle_helmet_over_mail,,Item,,,,,,Native/ModuleData/mpcosmetics.xml,,,,,,,,,,,,,,,,,,,,
mp_leather_cap,,Item,,,,,,Native/ModuleData/mpcosmetics.xml,,,,,,,,,,,,,,,,,,,,
mp_segmented_skullcap_over_laced_coif,,Item,,,,,,Native/ModuleData/mpcosmetics.xml,,,,,,,,,,,,,,,,,,,,
mp_segmented_skullcap_over_laced_coif,,Item,,,,,,Native/ModuleData/mpcosmetics.xml,,,,,,,,,,,,,,,,,,,,
mp_segmented_skullcap_over_mail_coif,,Item,,,,,,Native/ModuleData/mpcosmetics.xml,,,,,,,,,,,,,,,,,,,,
mp_segmented_skullcap_over_laced_coif,,Item,,,,,,Native/ModuleData/mpcosmetics.xml,,,,,,,,,,,,,,,,,,,,
mp_segmented_skullcap_over_mail_coif,,Item,,,,,,Native/ModuleData/mpcosmetics.xml,,,,,,,,,,,,,,,,,,,,
mp_segmented_skullcap_over_laced_coif,,Item,,,,,,Native/ModuleData/mpcosmetics.xml,,,,,,,,,,,,,,,,,,,,
mp_nasal_helmet_over_laced_coif,,Item,,,,,,Native/ModuleData/mpcosmetics.xml,,,,,,,,,,,,,,,,,,,,
mp_pointed_skullcap_over_mail,,Item,,,,,,Native/ModuleData/mpcosmetics.xml,,,,,,,,,,,,,,,,,,,,
mp_pointed_skullcap_over_mail,,Item,,,,,,Native/ModuleData/mpcosmetics.xml,,,,,,,,,,,,,,,,,,,,
mp_nasal_helmet_over_laced_coif,,Item,,,,,,Native/ModuleData/mpcosmetics.xml,,,,,,,,,,,,,,,,,,,,
mp_pointed_skullcap_over_mail,,Item,,,,,,Native/ModuleData/mpcosmetics.xml,,,,,,,,,,,,,,,,,,,,
mp_pointed_skullcap_over_mail,,Item,,,,,,Native/ModuleData/mpcosmetics.xml,,,,,,,,,,,,,,,,,,,,
mp_nasal_helmet_over_laced_coif,,Item,,,,,,Native/ModuleData/mpcosmetics.xml,,,,,,,,,,,,,,,,,,,,
mp_nasal_helmet_over_mail_coif,,Item,,,,,,Native/ModuleData/mpcosmetics.xml,,,,,,,,,,,,,,,,,,,,
mp_pointed_skullcap_over_mail,,Item,,,,,,Native/ModuleData/mpcosmetics.xml,,,,,,,,,,,,,,,,,,,,
mp_nasal_helmet_over_laced_coif,,Item,,,,,,Native/ModuleData/mpcosmetics.xml,,,,,,,,,,,,,,,,,,,,
mp_nasal_helmet_over_mail_coif,,Item,,,,,,Native/ModuleData/mpcosmetics.xml,,,,,,,,,,,,,,,,,,,,
mp_pointed_skullcap_over_mail,,Item,,,,,,Native/ModuleData/mpcosmetics.xml,,,,,,,,,,,,,,,,,,,,
mp_nasal_helmet_over_laced_coif,,Item,,,,,,Native/ModuleData/mpcosmetics.xml,,,,,,,,,,,,,,,,,,,,
mp_pointed_skullcap_over_mail,,Item,,,,,,Native/ModuleData/mpcosmetics.xml,,,,,,,,,,,,,,,,,,,,
mp_full_helm_over_padded_cap,,Item,,,,,,Native/ModuleData/mpcosmetics.xml,,,,,,,,,,,,,,,,,,,,
mp_leather_cap,,Item,,,,,,Native/ModuleData/mpcosmetics.xml,,,,,,,,,,,,,,,,,,,,
mp_leather_cap,,Item,,,,,,Native/ModuleData/mpcosmetics.xml,,,,,,,,,,,,,,,,,,,,
mp_leather_cap,,Item,,,,,,Native/ModuleData/mpcosmetics.xml,,,,,,,,,,,,,,,,,,,,
mp_leather_cap,,Item,,,,,,Native/ModuleData/mpcosmetics.xml,,,,,,,,,,,,,,,,,,,,
mp_segmented_skullcap_over_laced_coif,,Item,,,,,,Native/ModuleData/mpcosmetics.xml,,,,,,,,,,,,,,,,,,,,
mp_segmented_skullcap_over_laced_coif,,Item,,,,,,Native/ModuleData/mpcosmetics.xml,,,,,,,,,,,,,,,,,,,,
mp_segmented_skullcap_over_laced_coif,,Item,,,,,,Native/ModuleData/mpcosmetics.xml,,,,,,,,,,,,,,,,,,,,
mp_segmented_skullcap_over_mail_coif,,Item,,,,,,Native/ModuleData/mpcosmetics.xml,,,,,,,,,,,,,,,,,,,,
mp_segmented_skullcap_over_mail_coif,,Item,,,,,,Native/ModuleData/mpcosmetics.xml,,,,,,,,,,,,,,,,,,,,
mp_segmented_skullcap_over_laced_coif,,Item,,,,,,Native/ModuleData/mpcosmetics.xml,,,,,,,,,,,,,,,,,,,,
mp_segmented_skullcap_over_mail_coif,,Item,,,,,,Native/ModuleData/mpcosmetics.xml,,,,,,,,,,,,,,,,,,,,
mp_segmented_skullcap_over_laced_coif,,Item,,,,,,Native/ModuleData/mpcosmetics.xml,,,,,,,,,,,,,,,,,,,,
mp_pointed_skullcap_over_mail,,Item,,,,,,Native/ModuleData/mpcosmetics.xml,,,,,,,,,,,,,,,,,,,,
mp_full_helm_over_padded_cap,,Item,,,,,,Native/ModuleData/mpcosmetics.xml,,,,,,,,,,,,,,,,,,,,
mp_visored_helmet_over_mail_coif,,Item,,,,,,Native/ModuleData/mpcosmetics.xml,,,,,,,,,,,,,,,,,,,,
mp_pointed_skullcap_over_mail,,Item,,,,,,Native/ModuleData/mpcosmetics.xml,,,,,,,,,,,,,,,,,,,,
mp_visored_helmet_over_mail_coif,,Item,,,,,,Native/ModuleData/mpcosmetics.xml,,,,,,,,,,,,,,,,,,,,
mp_pointed_skullcap_over_mail,,Item,,,,,,Native/ModuleData/mpcosmetics.xml,,,,,,,,,,,,,,,,,,,,
mp_visored_helmet_over_mail_coif,,Item,,,,,,Native/ModuleData/mpcosmetics.xml,,,,,,,,,,,,,,,,,,,,
mp_pointed_skullcap_over_mail,,Item,,,,,,Native/ModuleData/mpcosmetics.xml,,,,,,,,,,,,,,,,,,,,
mp_visored_helmet_over_mail_coif,,Item,,,,,,Native/ModuleData/mpcosmetics.xml,,,,,,,,,,,,,,,,,,,,
mp_pointed_skullcap_over_mail,,Item,,,,,,Native/ModuleData/mpcosmetics.xml,,,,,,,,,,,,,,,,,,,,
mp_visored_helmet_over_mail_coif,,Item,,,,,,Native/ModuleData/mpcosmetics.xml,,,,,,,,,,,,,,,,,,,,
mp_pointed_skullcap_over_mail,,Item,,,,,,Native/ModuleData/mpcosmetics.xml,,,,,,,,,,,,,,,,,,,,
mp_padded_leather_shoulders,,Item,,,,,,Native/ModuleData/mpcosmetics.xml,,,,,,,,,,,,,,,,,,,,
mp_hood,,Item,,,,,,Native/ModuleData/mpcosmetics.xml,,,,,,,,,,,,,,,,,,,,
mp_peasant_hood,,Item,,,,,,Native/ModuleData/mpcosmetics.xml,,,,,,,,,,,,,,,,,,,,
mp_hood,,Item,,,,,,Native/ModuleData/mpcosmetics.xml,,,,,,,,,,,,,,,,,,,,
mp_peasant_hood,,Item,,,,,,Native/ModuleData/mpcosmetics.xml,,,,,,,,,,,,,,,,,,,,
mp_battania_civil_cloak,,Item,,,,,,Native/ModuleData/mpcosmetics.xml,,,,,,,,,,,,,,,,,,,,
mp_reinforced_mail_mitten,,Item,,,,,,Native/ModuleData/mpcosmetics.xml,,,,,,,,,,,,,,,,,,,,
mp_mail_mitten,,Item,,,,,,Native/ModuleData/mpcosmetics.xml,,,,,,,,,,,,,,,,,,,,
mp_mail_mitten,,Item,,,,,,Native/ModuleData/mpcosmetics.xml,,,,,,,,,,,,,,,,,,,,
mp_leather_boots,,Item,,,,,,Native/ModuleData/mpcosmetics.xml,,,,,,,,,,,,,,,,,,,,
mp_empire_horseman_boots,,Item,,,,,,Native/ModuleData/mpcosmetics.xml,,,,,,,,,,,,,,,,,,,,
mp_steppe_leather_boots,,Item,,,,,,Native/ModuleData/mpcosmetics.xml,,,,,,,,,,,,,,,,,,,,
mp_leather_boots,,Item,,,,,,Native/ModuleData/mpcosmetics.xml,,,,,,,,,,,,,,,,,,,,
mp_leather_cavalier_boots,,Item,,,,,,Native/ModuleData/mpcosmetics.xml,,,,,,,,,,,,,,,,,,,,
mp_mail_chausses,,Item,,,,,,Native/ModuleData/mpcosmetics.xml,,,,,,,,,,,,,,,,,,,,
mp_steppe_leather_boots,,Item,,,,,,Native/ModuleData/mpcosmetics.xml,,,,,,,,,,,,,,,,,,,,
mp_battanian_savage_armor,,Item,,,,,,Native/ModuleData/mpcosmetics.xml,,,,,,,,,,,,,,,,,,,,
mp_baggy_trunks,,Item,,,,,,Native/ModuleData/mpcosmetics.xml,,,,,,,,,,,,,,,,,,,,
mp_battanian_savage_armor,,Item,,,,,,Native/ModuleData/mpcosmetics.xml,,,,,,,,,,,,,,,,,,,,
mp_battanian_savage_armor,,Item,,,,,,Native/ModuleData/mpcosmetics.xml,,,,,,,,,,,,,,,,,,,,
mp_battanian_savage_armor,,Item,,,,,,Native/ModuleData/mpcosmetics.xml,,,,,,,,,,,,,,,,,,,,
mp_battania_civil_b,,Item,,,,,,Native/ModuleData/mpcosmetics.xml,,,,,,,,,,,,,,,,,,,,
mp_battania_civil_b,,Item,,,,,,Native/ModuleData/mpcosmetics.xml,,,,,,,,,,,,,,,,,,,,
mp_battania_civil_a,,Item,,,,,,Native/ModuleData/mpcosmetics.xml,,,,,,,,,,,,,,,,,,,,
mp_battania_civil_a,,Item,,,,,,Native/ModuleData/mpcosmetics.xml,,,,,,,,,,,,,,,,,,,,
mp_northern_padded_gambeson,,Item,,,,,,Native/ModuleData/mpcosmetics.xml,,,,,,,,,,,,,,,,,,,,
mp_hauberk,,Item,,,,,,Native/ModuleData/mpcosmetics.xml,,,,,,,,,,,,,,,,,,,,
mp_hauberk,,Item,,,,,,Native/ModuleData/mpcosmetics.xml,,,,,,,,,,,,,,,,,,,,
mp_battania_woodland_chainmail,,Item,,,,,,Native/ModuleData/mpcosmetics.xml,,,,,,,,,,,,,,,,,,,,
mp_hauberk,,Item,,,,,,Native/ModuleData/mpcosmetics.xml,,,,,,,,,,,,,,,,,,,,
mp_hauberk,,Item,,,,,,Native/ModuleData/mpcosmetics.xml,,,,,,,,,,,,,,,,,,,,
mp_ranger_mail,,Item,,,,,,Native/ModuleData/mpcosmetics.xml,,,,,,,,,,,,,,,,,,,,
mp_ranger_mail,,Item,,,,,,Native/ModuleData/mpcosmetics.xml,,,,,,,,,,,,,,,,,,,,
mp_ranger_mail,,Item,,,,,,Native/ModuleData/mpcosmetics.xml,,,,,,,,,,,,,,,,,,,,
mp_battania_woodland_chainmail,,Item,,,,,,Native/ModuleData/mpcosmetics.xml,,,,,,,,,,,,,,,,,,,,
mp_battania_woodland_chainmail,,Item,,,,,,Native/ModuleData/mpcosmetics.xml,,,,,,,,,,,,,,,,,,,,
mp_ranger_mail,,Item,,,,,,Native/ModuleData/mpcosmetics.xml,,,,,,,,,,,,,,,,,,,,
mp_battania_civil_a,,Item,,,,,,Native/ModuleData/mpcosmetics.xml,,,,,,,,,,,,,,,,,,,,
mp_battania_civil_a,,Item,,,,,,Native/ModuleData/mpcosmetics.xml,,,,,,,,,,,,,,,,,,,,
mp_battania_fur_helmet,,Item,,,,,,Native/ModuleData/mpcosmetics.xml,,,,,,,,,,,,,,,,,,,,
mp_battania_fur_helmet,,Item,,,,,,Native/ModuleData/mpcosmetics.xml,,,,,,,,,,,,,,,,,,,,
mp_ridged_northernhelm,,Item,,,,,,Native/ModuleData/mpcosmetics.xml,,,,,,,,,,,,,,,,,,,,
mp_ridged_northernhelm,,Item,,,,,,Native/ModuleData/mpcosmetics.xml,,,,,,,,,,,,,,,,,,,,
mp_plumed_helmet,,Item,,,,,,Native/ModuleData/mpcosmetics.xml,,,,,,,,,,,,,,,,,,,,
mp_plumed_helmet,,Item,,,,,,Native/ModuleData/mpcosmetics.xml,,,,,,,,,,,,,,,,,,,,
mp_plumed_helmet,,Item,,,,,,Native/ModuleData/mpcosmetics.xml,,,,,,,,,,,,,,,,,,,,
mp_helmet_with_faceguard,,Item,,,,,,Native/ModuleData/mpcosmetics.xml,,,,,,,,,,,,,,,,,,,,
mp_helmet_with_faceguard,,Item,,,,,,Native/ModuleData/mpcosmetics.xml,,,,,,,,,,,,,,,,,,,,
mp_battanian_crowned_helmet,,Item,,,,,,Native/ModuleData/mpcosmetics.xml,,,,,,,,,,,,,,,,,,,,
mp_helmet_with_faceguard,,Item,,,,,,Native/ModuleData/mpcosmetics.xml,,,,,,,,,,,,,,,,,,,,
mp_helmet_with_faceguard,,Item,,,,,,Native/ModuleData/mpcosmetics.xml,,,,,,,,,,,,,,,,,,,,
mp_battanian_crowned_helmet,,Item,,,,,,Native/ModuleData/mpcosmetics.xml,,,,,,,,,,,,,,,,,,,,
mp_battania_civil_hood,,Item,,,,,,Native/ModuleData/mpcosmetics.xml,,,,,,,,,,,,,,,,,,,,
mp_battania_civil_cloak,,Item,,,,,,Native/ModuleData/mpcosmetics.xml,,,,,,,,,,,,,,,,,,,,
mp_battania_cloak,,Item,,,,,,Native/ModuleData/mpcosmetics.xml,,,,,,,,,,,,,,,,,,,,
mp_battania_shoulder_strap_cloak,,Item,,,,,,Native/ModuleData/mpcosmetics.xml,,,,,,,,,,,,,,,,,,,,
mp_battania_civil_cloak,,Item,,,,,,Native/ModuleData/mpcosmetics.xml,,,,,,,,,,,,,,,,,,,,
mp_battania_shoulder_strap_cloak,,Item,,,,,,Native/ModuleData/mpcosmetics.xml,,,,,,,,,,,,,,,,,,,,
mp_battania_shoulder_strap,,Item,,,,,,Native/ModuleData/mpcosmetics.xml,,,,,,,,,,,,,,,,,,,,
mp_battania_shoulder_furr,,Item,,,,,,Native/ModuleData/mpcosmetics.xml,,,,,,,,,,,,,,,,,,,,
mp_battania_shoulder_strap_cloak,,Item,,,,,,Native/ModuleData/mpcosmetics.xml,,,,,,,,,,,,,,,,,,,,
mp_battania_civil_cloak,,Item,,,,,,Native/ModuleData/mpcosmetics.xml,,,,,,,,,,,,,,,,,,,,
mp_battania_cloak,,Item,,,,,,Native/ModuleData/mpcosmetics.xml,,,,,,,,,,,,,,,,,,,,
mp_battania_shoulder_strap_cloak,,Item,,,,,,Native/ModuleData/mpcosmetics.xml,,,,,,,,,,,,,,,,,,,,
mp_armored_bearskin,,Item,,,,,,Native/ModuleData/mpcosmetics.xml,,,,,,,,,,,,,,,,,,,,
mp_battania_shoulder_strap_cloak,,Item,,,,,,Native/ModuleData/mpcosmetics.xml,,,,,,,,,,,,,,,,,,,,
mp_armored_bearskin,,Item,,,,,,Native/ModuleData/mpcosmetics.xml,,,,,,,,,,,,,,,,,,,,
mp_battania_shoulder_strap,,Item,,,,,,Native/ModuleData/mpcosmetics.xml,,,,,,,,,,,,,,,,,,,,
mp_battania_shoulder_strap,,Item,,,,,,Native/ModuleData/mpcosmetics.xml,,,,,,,,,,,,,,,,,,,,
mp_battania_shoulder_strap,,Item,,,,,,Native/ModuleData/mpcosmetics.xml,,,,,,,,,,,,,,,,,,,,
mp_rough_bearskin,,Item,,,,,,Native/ModuleData/mpcosmetics.xml,,,,,,,,,,,,,,,,,,,,
mp_battania_shoulder_strap,,Item,,,,,,Native/ModuleData/mpcosmetics.xml,,,,,,,,,,,,,,,,,,,,
mp_highland_gloves,,Item,,,,,,Native/ModuleData/mpcosmetics.xml,,,,,,,,,,,,,,,,,,,,
mp_armwraps,,Item,,,,,,Native/ModuleData/mpcosmetics.xml,,,,,,,,,,,,,,,,,,,,
mp_armwraps,,Item,,,,,,Native/ModuleData/mpcosmetics.xml,,,,,,,,,,,,,,,,,,,,
mp_guarded_armwraps,,Item,,,,,,Native/ModuleData/mpcosmetics.xml,,,,,,,,,,,,,,,,,,,,
mp_highland_gloves,,Item,,,,,,Native/ModuleData/mpcosmetics.xml,,,,,,,,,,,,,,,,,,,,
mp_guarded_armwraps,,Item,,,,,,Native/ModuleData/mpcosmetics.xml,,,,,,,,,,,,,,,,,,,,
mp_guarded_armwraps,,Item,,,,,,Native/ModuleData/mpcosmetics.xml,,,,,,,,,,,,,,,,,,,,
mp_studded_leather_vambraces,,Item,,,,,,Native/ModuleData/mpcosmetics.xml,,,,,,,,,,,,,,,,,,,,
mp_plated_strip_gauntlets,,Item,,,,,,Native/ModuleData/mpcosmetics.xml,,,,,,,,,,,,,,,,,,,,
mp_eastern_plated_leather_vambraces,,Item,,,,,,Native/ModuleData/mpcosmetics.xml,,,,,,,,,,,,,,,,,,,,
mp_highland_leg_wrappings,,Item,,,,,,Native/ModuleData/mpcosmetics.xml,,,,,,,,,,,,,,,,,,,,
mp_battania_leather_boots,,Item,,,,,,Native/ModuleData/mpcosmetics.xml,,,,,,,,,,,,,,,,,,,,
mp_battania_fur_boots,,Item,,,,,,Native/ModuleData/mpcosmetics.xml,,,,,,,,,,,,,,,,,,,,
mp_battania_leather_boots,,Item,,,,,,Native/ModuleData/mpcosmetics.xml,,,,,,,,,,,,,,,,,,,,
mp_wrapped_leather_boots,,Item,,,,,,Native/ModuleData/mpcosmetics.xml,,,,,,,,,,,,,,,,,,,,
mp_highland_leg_wrappings,,Item,,,,,,Native/ModuleData/mpcosmetics.xml,,,,,,,,,,,,,,,,,,,,
mp_plated_strip_boots,,Item,,,,,,Native/ModuleData/mpcosmetics.xml,,,,,,,,,,,,,,,,,,,,
mp_highland_boots,,Item,,,,,,Native/ModuleData/mpcosmetics.xml,,,,,,,,,,,,,,,,,,,,
mp_wrapped_leather_boots,,Item,,,,,,Native/ModuleData/mpcosmetics.xml,,,,,,,,,,,,,,,,,,,,
mp_highland_leg_wrappings,,Item,,,,,,Native/ModuleData/mpcosmetics.xml,,,,,,,,,,,,,,,,,,,,
mp_battania_leather_boots,,Item,,,,,,Native/ModuleData/mpcosmetics.xml,,,,,,,,,,,,,,,,,,,,
mp_plated_strip_boots,,Item,,,,,,Native/ModuleData/mpcosmetics.xml,,,,,,,,,,,,,,,,,,,,
mp_highland_boots,,Item,,,,,,Native/ModuleData/mpcosmetics.xml,,,,,,,,,,,,,,,,,,,,
mp_wrapped_leather_boots,,Item,,,,,,Native/ModuleData/mpcosmetics.xml,,,,,,,,,,,,,,,,,,,,
mp_highland_leg_wrappings,,Item,,,,,,Native/ModuleData/mpcosmetics.xml,,,,,,,,,,,,,,,,,,,,
mp_battania_leather_boots,,Item,,,,,,Native/ModuleData/mpcosmetics.xml,,,,,,,,,,,,,,,,,,,,
mp_plated_strip_boots,,Item,,,,,,Native/ModuleData/mpcosmetics.xml,,,,,,,,,,,,,,,,,,,,
mp_highland_boots,,Item,,,,,,Native/ModuleData/mpcosmetics.xml,,,,,,,,,,,,,,,,,,,,
mp_wrapped_leather_boots,,Item,,,,,,Native/ModuleData/mpcosmetics.xml,,,,,,,,,,,,,,,,,,,,
mp_highland_leg_wrappings,,Item,,,,,,Native/ModuleData/mpcosmetics.xml,,,,,,,,,,,,,,,,,,,,
mp_plated_strip_boots,,Item,,,,,,Native/ModuleData/mpcosmetics.xml,,,,,,,,,,,,,,,,,,,,
mp_highland_boots,,Item,,,,,,Native/ModuleData/mpcosmetics.xml,,,,,,,,,,,,,,,,,,,,
mp_wrapped_leather_boots,,Item,,,,,,Native/ModuleData/mpcosmetics.xml,,,,,,,,,,,,,,,,,,,,
mp_highland_leg_wrappings,,Item,,,,,,Native/ModuleData/mpcosmetics.xml,,,,,,,,,,,,,,,,,,,,
mp_battania_leather_boots,,Item,,,,,,Native/ModuleData/mpcosmetics.xml,,,,,,,,,,,,,,,,,,,,
mp_battania_fur_boots,,Item,,,,,,Native/ModuleData/mpcosmetics.xml,,,,,,,,,,,,,,,,,,,,
mp_battania_woodland_boots,,Item,,,,,,Native/ModuleData/mpcosmetics.xml,,,,,,,,,,,,,,,,,,,,
mp_tunic_with_shoulder_pads,,Item,,,,,,Native/ModuleData/mpcosmetics.xml,,,,,,,,,,,,,,,,,,,,
mp_tunic_with_shoulder_pads,,Item,,,,,,Native/ModuleData/mpcosmetics.xml,,,,,,,,,,,,,,,,,,,,
mp_tunic_with_shoulder_pads,,Item,,,,,,Native/ModuleData/mpcosmetics.xml,,,,,,,,,,,,,,,,,,,,
mp_empire_warrior_padded_armor_g,,Item,,,,,,Native/ModuleData/mpcosmetics.xml,,,,,,,,,,,,,,,,,,,,
mp_empire_warrior_padded_armor_g,,Item,,,,,,Native/ModuleData/mpcosmetics.xml,,,,,,,,,,,,,,,,,,,,
mp_empire_warrior_padded_armor_g,,Item,,,,,,Native/ModuleData/mpcosmetics.xml,,,,,,,,,,,,,,,,,,,,
mp_legionary_mail,,Item,,,,,,Native/ModuleData/mpcosmetics.xml,,,,,,,,,,,,,,,,,,,,
mp_basic_imperial_leather_armor,,Item,,,,,,Native/ModuleData/mpcosmetics.xml,,,,,,,,,,,,,,,,,,,,
mp_imperial_lamellar_over_leather,,Item,,,,,,Native/ModuleData/mpcosmetics.xml,,,,,,,,,,,,,,,,,,,,
mp_legionary_mail,,Item,,,,,,Native/ModuleData/mpcosmetics.xml,,,,,,,,,,,,,,,,,,,,
mp_imperial_lamellar,,Item,,,,,,Native/ModuleData/mpcosmetics.xml,,,,,,,,,,,,,,,,,,,,
mp_nordic_hauberk,,Item,,,,,,Native/ModuleData/mpcosmetics.xml,,,,,,,,,,,,,,,,,,,,
mp_eastern_lamellar_armor,,Item,,,,,,Native/ModuleData/mpcosmetics.xml,,,,,,,,,,,,,,,,,,,,
mp_imperial_lamellar_over_leather,,Item,,,,,,Native/ModuleData/mpcosmetics.xml,,,,,,,,,,,,,,,,,,,,
mp_legionary_mail,,Item,,,,,,Native/ModuleData/mpcosmetics.xml,,,,,,,,,,,,,,,,,,,,
mp_imperial_lamellar,,Item,,,,,,Native/ModuleData/mpcosmetics.xml,,,,,,,,,,,,,,,,,,,,
mp_footmans_tunic,,Item,,,,,,Native/ModuleData/mpcosmetics.xml,,,,,,,,,,,,,,,,,,,,
mp_footmans_tunic,,Item,,,,,,Native/ModuleData/mpcosmetics.xml,,,,,,,,,,,,,,,,,,,,
mp_footmans_tunic,,Item,,,,,,Native/ModuleData/mpcosmetics.xml,,,,,,,,,,,,,,,,,,,,
mp_imperial_mail_vest,,Item,,,,,,Native/ModuleData/mpcosmetics.xml,,,,,,,,,,,,,,,,,,,,
mp_imperial_mail_vest,,Item,,,,,,Native/ModuleData/mpcosmetics.xml,,,,,,,,,,,,,,,,,,,,
mp_stitched_leather_over_mail,,Item,,,,,,Native/ModuleData/mpcosmetics.xml,,,,,,,,,,,,,,,,,,,,
mp_legionary_mail,,Item,,,,,,Native/ModuleData/mpcosmetics.xml,,,,,,,,,,,,,,,,,,,,
mp_basic_imperial_leather_armor,,Item,,,,,,Native/ModuleData/mpcosmetics.xml,,,,,,,,,,,,,,,,,,,,
mp_basic_imperial_leather_armor,,Item,,,,,,Native/ModuleData/mpcosmetics.xml,,,,,,,,,,,,,,,,,,,,
mp_laced_coif,,Item,,,,,,Native/ModuleData/mpcosmetics.xml,,,,,,,,,,,,,,,,,,,,
mp_laced_coif,,Item,,,,,,Native/ModuleData/mpcosmetics.xml,,,,,,,,,,,,,,,,,,,,
mp_battania_civil_hood,,Item,,,,,,Native/ModuleData/mpcosmetics.xml,,,,,,,,,,,,,,,,,,,,
mp_laced_coif,,Item,,,,,,Native/ModuleData/mpcosmetics.xml,,,,,,,,,,,,,,,,,,,,
mp_open_mail_coif,,Item,,,,,,Native/ModuleData/mpcosmetics.xml,,,,,,,,,,,,,,,,,,,,
mp_ironlame_nasalhelm_over_imperial_mail,,Item,,,,,,Native/ModuleData/mpcosmetics.xml,,,,,,,,,,,,,,,,,,,,
mp_ironlame_nasalhelm_over_imperial_mail,,Item,,,,,,Native/ModuleData/mpcosmetics.xml,,,,,,,,,,,,,,,,,,,,
mp_ironlame_nasalhelm_over_imperial_mail,,Item,,,,,,Native/ModuleData/mpcosmetics.xml,,,,,,,,,,,,,,,,,,,,
mp_segmented_skullcap_over_laced_coif,,Item,,,,,,Native/ModuleData/mpcosmetics.xml,,,,,,,,,,,,,,,,,,,,
mp_ironlame_nasalhelm_over_imperial_mail,,Item,,,,,,Native/ModuleData/mpcosmetics.xml,,,,,,,,,,,,,,,,,,,,
mp_imperial_leather_coif,,Item,,,,,,Native/ModuleData/mpcosmetics.xml,,,,,,,,,,,,,,,,,,,,
mp_segmented_cervelliere_over_padded_cloth,,Item,,,,,,Native/ModuleData/mpcosmetics.xml,,,,,,,,,,,,,,,,,,,,
mp_open_mail_coif,,Item,,,,,,Native/ModuleData/mpcosmetics.xml,,,,,,,,,,,,,,,,,,,,
mp_segmented_cervelliere_over_padded_cloth,,Item,,,,,,Native/ModuleData/mpcosmetics.xml,,,,,,,,,,,,,,,,,,,,
mp_open_mail_coif,,Item,,,,,,Native/ModuleData/mpcosmetics.xml,,,,,,,,,,,,,,,,,,,,
mp_empire_guarded_lord_helmet,,Item,,,,,,Native/ModuleData/mpcosmetics.xml,,,,,,,,,,,,,,,,,,,,
mp_segmented_cervelliere_over_padded_cloth,,Item,,,,,,Native/ModuleData/mpcosmetics.xml,,,,,,,,,,,,,,,,,,,,
mp_imperial_goggled_helmet,,Item,,,,,,Native/ModuleData/mpcosmetics.xml,,,,,,,,,,,,,,,,,,,,
mp_imperial_goggled_helmet,,Item,,,,,,Native/ModuleData/mpcosmetics.xml,,,,,,,,,,,,,,,,,,,,
mp_imperial_studded_strip_shoulders,,Item,,,,,,Native/ModuleData/mpcosmetics.xml,,,,,,,,,,,,,,,,,,,,
mp_pauldron_cape_a,,Item,,,,,,Native/ModuleData/mpcosmetics.xml,,,,,,,,,,,,,,,,,,,,
mp_studded_imperial_neckguard,,Item,,,,,,Native/ModuleData/mpcosmetics.xml,,,,,,,,,,,,,,,,,,,,
mp_empire_warrior_padded_armor_shoulder,,Item,,,,,,Native/ModuleData/mpcosmetics.xml,,,,,,,,,,,,,,,,,,,,
mp_empire_warrior_padded_armor_shoulder,,Item,,,,,,Native/ModuleData/mpcosmetics.xml,,,,,,,,,,,,,,,,,,,,
mp_empire_warrior_padded_armor_shoulder,,Item,,,,,,Native/ModuleData/mpcosmetics.xml,,,,,,,,,,,,,,,,,,,,
mp_studded_imperial_neckguard,,Item,,,,,,Native/ModuleData/mpcosmetics.xml,,,,,,,,,,,,,,,,,,,,
mp_empire_warrior_padded_armor_shoulder,,Item,,,,,,Native/ModuleData/mpcosmetics.xml,,,,,,,,,,,,,,,,,,,,
mp_studded_imperial_neckguard,,Item,,,,,,Native/ModuleData/mpcosmetics.xml,,,,,,,,,,,,,,,,,,,,
mp_empire_warrior_padded_armor_shoulder,,Item,,,,,,Native/ModuleData/mpcosmetics.xml,,,,,,,,,,,,,,,,,,,,
mp_studded_imperial_neckguard,,Item,,,,,,Native/ModuleData/mpcosmetics.xml,,,,,,,,,,,,,,,,,,,,
mp_padded_leather_shoulders,,Item,,,,,,Native/ModuleData/mpcosmetics.xml,,,,,,,,,,,,,,,,,,,,
mp_hood,,Item,,,,,,Native/ModuleData/mpcosmetics.xml,,,,,,,,,,,,,,,,,,,,
mp_leather_gloves,,Item,,,,,,Native/ModuleData/mpcosmetics.xml,,,,,,,,,,,,,,,,,,,,
mp_eastern_plated_leather_vambraces,,Item,,,,,,Native/ModuleData/mpcosmetics.xml,,,,,,,,,,,,,,,,,,,,
mp_leather_gloves,,Item,,,,,,Native/ModuleData/mpcosmetics.xml,,,,,,,,,,,,,,,,,,,,
mp_padded_mitten,,Item,,,,,,Native/ModuleData/mpcosmetics.xml,,,,,,,,,,,,,,,,,,,,
mp_padded_mitten,,Item,,,,,,Native/ModuleData/mpcosmetics.xml,,,,,,,,,,,,,,,,,,,,
mp_reinforced_leather_vambraces,,Item,,,,,,Native/ModuleData/mpcosmetics.xml,,,,,,,,,,,,,,,,,,,,
mp_reinforced_leather_vambraces,,Item,,,,,,Native/ModuleData/mpcosmetics.xml,,,,,,,,,,,,,,,,,,,,
mp_lamellar_plate_gauntlets,,Item,,,,,,Native/ModuleData/mpcosmetics.xml,,,,,,,,,,,,,,,,,,,,
mp_reinforced_leather_vambraces,,Item,,,,,,Native/ModuleData/mpcosmetics.xml,,,,,,,,,,,,,,,,,,,,
mp_lamellar_plate_gauntlets,,Item,,,,,,Native/ModuleData/mpcosmetics.xml,,,,,,,,,,,,,,,,,,,,
mp_studded_leather_vambraces,,Item,,,,,,Native/ModuleData/mpcosmetics.xml,,,,,,,,,,,,,,,,,,,,
mp_northern_brass_bracers,,Item,,,,,,Native/ModuleData/mpcosmetics.xml,,,,,,,,,,,,,,,,,,,,
mp_eastern_plated_leather_vambraces,,Item,,,,,,Native/ModuleData/mpcosmetics.xml,,,,,,,,,,,,,,,,,,,,
mp_empire_horseman_boots,,Item,,,,,,Native/ModuleData/mpcosmetics.xml,,,,,,,,,,,,,,,,,,,,
mp_leather_cavalier_boots,,Item,,,,,,Native/ModuleData/mpcosmetics.xml,,,,,,,,,,,,,,,,,,,,
mp_steppe_leather_boots,,Item,,,,,,Native/ModuleData/mpcosmetics.xml,,,,,,,,,,,,,,,,,,,,
mp_leather_cavalier_boots,,Item,,,,,,Native/ModuleData/mpcosmetics.xml,,,,,,,,,,,,,,,,,,,,
mp_steppe_leather_boots,,Item,,,,,,Native/ModuleData/mpcosmetics.xml,,,,,,,,,,,,,,,,,,,,
mp_empire_horseman_boots,,Item,,,,,,Native/ModuleData/mpcosmetics.xml,,,,,,,,,,,,,,,,,,,,
mp_leather_cavalier_boots,,Item,,,,,,Native/ModuleData/mpcosmetics.xml,,,,,,,,,,,,,,,,,,,,
mp_steppe_leather_boots,,Item,,,,,,Native/ModuleData/mpcosmetics.xml,,,,,,,,,,,,,,,,,,,,
mp_leather_cavalier_boots,,Item,,,,,,Native/ModuleData/mpcosmetics.xml,,,,,,,,,,,,,,,,,,,,
mp_decorated_imperial_boots,,Item,,,,,,Native/ModuleData/mpcosmetics.xml,,,,,,,,,,,,,,,,,,,,
mp_lamellar_plate_boots,,Item,,,,,,Native/ModuleData/mpcosmetics.xml,,,,,,,,,,,,,,,,,,,,
mp_wrapped_shoes,,Item,,,,,,Native/ModuleData/mpcosmetics.xml,,,,,,,,,,,,,,,,,,,,
mp_steppe_leather_boots,,Item,,,,,,Native/ModuleData/mpcosmetics.xml,,,,,,,,,,,,,,,,,,,,
mp_battania_leather_boots,,Item,,,,,,Native/ModuleData/mpcosmetics.xml,,,,,,,,,,,,,,,,,,,,
mp_lamellar_plate_boots,,Item,,,,,,Native/ModuleData/mpcosmetics.xml,,,,,,,,,,,,,,,,,,,,
mp_fine_town_boots,,Item,,,,,,Native/ModuleData/mpcosmetics.xml,,,,,,,,,,,,,,,,,,,,
mp_mail_chausses,,Item,,,,,,Native/ModuleData/mpcosmetics.xml,,,,,,,,,,,,,,,,,,,,
mp_mail_chausses,,Item,,,,,,Native/ModuleData/mpcosmetics.xml,,,,,,,,,,,,,,,,,,,,
mp_eastern_plated_leather,,Item,,,,,,Native/ModuleData/mpcosmetics.xml,,,,,,,,,,,,,,,,,,,,
mp_aserai_civil_e,,Item,,,,,,Native/ModuleData/mpcosmetics.xml,,,,,,,,,,,,,,,,,,,,
mp_aserai_civil_b,,Item,,,,,,Native/ModuleData/mpcosmetics.xml,,,,,,,,,,,,,,,,,,,,
mp_aserai_civil_b,,Item,,,,,,Native/ModuleData/mpcosmetics.xml,,,,,,,,,,,,,,,,,,,,
mp_southern_lamellar_armor,,Item,,,,,,Native/ModuleData/mpcosmetics.xml,,,,,,,,,,,,,,,,,,,,
mp_southern_lamellar_armor,,Item,,,,,,Native/ModuleData/mpcosmetics.xml,,,,,,,,,,,,,,,,,,,,
mp_southern_lamellar_armor,,Item,,,,,,Native/ModuleData/mpcosmetics.xml,,,,,,,,,,,,,,,,,,,,
mp_eastern_lamellar_armor,,Item,,,,,,Native/ModuleData/mpcosmetics.xml,,,,,,,,,,,,,,,,,,,,
mp_southern_lamellar_armor,,Item,,,,,,Native/ModuleData/mpcosmetics.xml,,,,,,,,,,,,,,,,,,,,
mp_stitched_leather_over_mail,,Item,,,,,,Native/ModuleData/mpcosmetics.xml,,,,,,,,,,,,,,,,,,,,
mp_khuzait_sturdy_armor,,Item,,,,,,Native/ModuleData/mpcosmetics.xml,,,,,,,,,,,,,,,,,,,,
mp_aserai_civil_e,,Item,,,,,,Native/ModuleData/mpcosmetics.xml,,,,,,,,,,,,,,,,,,,,
mp_tassled_southern_robes,,Item,,,,,,Native/ModuleData/mpcosmetics.xml,,,,,,,,,,,,,,,,,,,,
mp_tassled_southern_robes,,Item,,,,,,Native/ModuleData/mpcosmetics.xml,,,,,,,,,,,,,,,,,,,,
mp_khuzait_belt_leather,,Item,,,,,,Native/ModuleData/mpcosmetics.xml,,,,,,,,,,,,,,,,,,,,
mp_long_padded_robe,,Item,,,,,,Native/ModuleData/mpcosmetics.xml,,,,,,,,,,,,,,,,,,,,
mp_aserai_robe_c_chain,,Item,,,,,,Native/ModuleData/mpcosmetics.xml,,,,,,,,,,,,,,,,,,,,
mp_eastern_plated_leather,,Item,,,,,,Native/ModuleData/mpcosmetics.xml,,,,,,,,,,,,,,,,,,,,
mp_eastern_plated_leather,,Item,,,,,,Native/ModuleData/mpcosmetics.xml,,,,,,,,,,,,,,,,,,,,
mp_eastern_plated_leather,,Item,,,,,,Native/ModuleData/mpcosmetics.xml,,,,,,,,,,,,,,,,,,,,
mp_desert_cap,,Item,,,,,,Native/ModuleData/mpcosmetics.xml,,,,,,,,,,,,,,,,,,,,
mp_aserai_civil_hscarf_b,,Item,,,,,,Native/ModuleData/mpcosmetics.xml,,,,,,,,,,,,,,,,,,,,
mp_desert_mail_coif,,Item,,,,,,Native/ModuleData/mpcosmetics.xml,,,,,,,,,,,,,,,,,,,,
mp_desert_mail_coif,,Item,,,,,,Native/ModuleData/mpcosmetics.xml,,,,,,,,,,,,,,,,,,,,
mp_desert_mail_coif,,Item,,,,,,Native/ModuleData/mpcosmetics.xml,,,,,,,,,,,,,,,,,,,,
mp_aserai_civil_hscarf_a,,Item,,,,,,Native/ModuleData/mpcosmetics.xml,,,,,,,,,,,,,,,,,,,,
mp_aserai_civil_hscarf_a,,Item,,,,,,Native/ModuleData/mpcosmetics.xml,,,,,,,,,,,,,,,,,,,,
mp_open_desert_helmet,,Item,,,,,,Native/ModuleData/mpcosmetics.xml,,,,,,,,,,,,,,,,,,,,
mp_aserai_civil_hscarf_a,,Item,,,,,,Native/ModuleData/mpcosmetics.xml,,,,,,,,,,,,,,,,,,,,
mp_aserai_civil_hscarf_a,,Item,,,,,,Native/ModuleData/mpcosmetics.xml,,,,,,,,,,,,,,,,,,,,
mp_open_desert_helmet,,Item,,,,,,Native/ModuleData/mpcosmetics.xml,,,,,,,,,,,,,,,,,,,,
mp_aserai_civil_hscarf_a,,Item,,,,,,Native/ModuleData/mpcosmetics.xml,,,,,,,,,,,,,,,,,,,,
mp_aserai_civil_e_hscarf,,Item,,,,,,Native/ModuleData/mpcosmetics.xml,,,,,,,,,,,,,,,,,,,,
mp_southern_noble_helmet,,Item,,,,,,Native/ModuleData/mpcosmetics.xml,,,,,,,,,,,,,,,,,,,,
mp_desert_mail_coif,,Item,,,,,,Native/ModuleData/mpcosmetics.xml,,,,,,,,,,,,,,,,,,,,
mp_aserai_lord_helmet_a,,Item,,,,,,Native/ModuleData/mpcosmetics.xml,,,,,,,,,,,,,,,,,,,,
mp_brass_scale_shoulders,,Item,,,,,,Native/ModuleData/mpcosmetics.xml,,,,,,,,,,,,,,,,,,,,
mp_aserai_horseman_shoulder,,Item,,,,,,Native/ModuleData/mpcosmetics.xml,,,,,,,,,,,,,,,,,,,,
mp_empire_warrior_padded_armor_shoulder,,Item,,,,,,Native/ModuleData/mpcosmetics.xml,,,,,,,,,,,,,,,,,,,,
mp_studded_leather_vambraces,,Item,,,,,,Native/ModuleData/mpcosmetics.xml,,,,,,,,,,,,,,,,,,,,
mp_plated_strip_boots,,Item,,,,,,Native/ModuleData/mpcosmetics.xml,,,,,,,,,,,,,,,,,,,,
mp_leather_cavalier_boots,,Item,,,,,,Native/ModuleData/mpcosmetics.xml,,,,,,,,,,,,,,,,,,,,
mp_fine_town_boots,,Item,,,,,,Native/ModuleData/mpcosmetics.xml,,,,,,,,,,,,,,,,,,,,
mp_mail_cavalier_boots,,Item,,,,,,Native/ModuleData/mpcosmetics.xml,,,,,,,,,,,,,,,,,,,,
mp_khuzait_civil_coat_b,,Item,,,,,,Native/ModuleData/mpcosmetics.xml,,,,,,,,,,,,,,,,,,,,
mp_khuzait_sturdy_armor,,Item,,,,,,Native/ModuleData/mpcosmetics.xml,,,,,,,,,,,,,,,,,,,,
mp_khuzait_fortified_armor,,Item,,,,,,Native/ModuleData/mpcosmetics.xml,,,,,,,,,,,,,,,,,,,,
mp_eastern_stitched_leather_coat,,Item,,,,,,Native/ModuleData/mpcosmetics.xml,,,,,,,,,,,,,,,,,,,,
mp_khuzait_fortified_armor,,Item,,,,,,Native/ModuleData/mpcosmetics.xml,,,,,,,,,,,,,,,,,,,,
mp_eastern_stitched_leather_coat,,Item,,,,,,Native/ModuleData/mpcosmetics.xml,,,,,,,,,,,,,,,,,,,,
mp_khuzait_fortified_armor,,Item,,,,,,Native/ModuleData/mpcosmetics.xml,,,,,,,,,,,,,,,,,,,,
mp_khuzait_sturdy_armor,,Item,,,,,,Native/ModuleData/mpcosmetics.xml,,,,,,,,,,,,,,,,,,,,
mp_khuzait_belt_leather,,Item,,,,,,Native/ModuleData/mpcosmetics.xml,,,,,,,,,,,,,,,,,,,,
mp_eastern_stitched_leather_coat,,Item,,,,,,Native/ModuleData/mpcosmetics.xml,,,,,,,,,,,,,,,,,,,,
mp_khuzait_fortified_armor,,Item,,,,,,Native/ModuleData/mpcosmetics.xml,,,,,,,,,,,,,,,,,,,,
mp_layered_leather_tunic,,Item,,,,,,Native/ModuleData/mpcosmetics.xml,,,,,,,,,,,,,,,,,,,,
mp_steppe_armor,,Item,,,,,,Native/ModuleData/mpcosmetics.xml,,,,,,,,,,,,,,,,,,,,
mp_leather_lamellar_armor,,Item,,,,,,Native/ModuleData/mpcosmetics.xml,,,,,,,,,,,,,,,,,,,,
mp_leather_lamellar_armor,,Item,,,,,,Native/ModuleData/mpcosmetics.xml,,,,,,,,,,,,,,,,,,,,
mp_khuzait_belt_leather,,Item,,,,,,Native/ModuleData/mpcosmetics.xml,,,,,,,,,,,,,,,,,,,,
mp_steppe_helmet,,Item,,,,,,Native/ModuleData/mpcosmetics.xml,,,,,,,,,,,,,,,,,,,,
mp_nomad_helmet,,Item,,,,,,Native/ModuleData/mpcosmetics.xml,,,,,,,,,,,,,,,,,,,,
mp_steppe_helmet,,Item,,,,,,Native/ModuleData/mpcosmetics.xml,,,,,,,,,,,,,,,,,,,,
mp_nomad_helmet,,Item,,,,,,Native/ModuleData/mpcosmetics.xml,,,,,,,,,,,,,,,,,,,,
mp_plumed_lamellar_helmet,,Item,,,,,,Native/ModuleData/mpcosmetics.xml,,,,,,,,,,,,,,,,,,,,
mp_eastern_cap,,Item,,,,,,Native/ModuleData/mpcosmetics.xml,,,,,,,,,,,,,,,,,,,,
mp_eastern_cap,,Item,,,,,,Native/ModuleData/mpcosmetics.xml,,,,,,,,,,,,,,,,,,,,
mp_eastern_cap,,Item,,,,,,Native/ModuleData/mpcosmetics.xml,,,,,,,,,,,,,,,,,,,,
mp_khuzait_noble_helmet_with_neckguard,,Item,,,,,,Native/ModuleData/mpcosmetics.xml,,,,,,,,,,,,,,,,,,,,
mp_khuzait_noble_helmet_with_neckguard,,Item,,,,,,Native/ModuleData/mpcosmetics.xml,,,,,,,,,,,,,,,,,,,,
mp_khuzait_noble_helmet_with_neckguard,,Item,,,,,,Native/ModuleData/mpcosmetics.xml,,,,,,,,,,,,,,,,,,,,
mp_eastern_cap,,Item,,,,,,Native/ModuleData/mpcosmetics.xml,,,,,,,,,,,,,,,,,,,,
mp_nomad_padded_hood,,Item,,,,,,Native/ModuleData/mpcosmetics.xml,,,,,,,,,,,,,,,,,,,,
mp_nomad_padded_hood,,Item,,,,,,Native/ModuleData/mpcosmetics.xml,,,,,,,,,,,,,,,,,,,,
mp_leather_lamellar_shoulders,,Item,,,,,,Native/ModuleData/mpcosmetics.xml,,,,,,,,,,,,,,,,,,,,
mp_desert_leather_shoulderpad,,Item,,,,,,Native/ModuleData/mpcosmetics.xml,,,,,,,,,,,,,,,,,,,,
mp_eastern_studded_shoulders,,Item,,,,,,Native/ModuleData/mpcosmetics.xml,,,,,,,,,,,,,,,,,,,,
mp_eastern_studded_shoulders,,Item,,,,,,Native/ModuleData/mpcosmetics.xml,,,,,,,,,,,,,,,,,,,,
mp_eastern_studded_shoulders,,Item,,,,,,Native/ModuleData/mpcosmetics.xml,,,,,,,,,,,,,,,,,,,,
mp_lamellar_shoulders,,Item,,,,,,Native/ModuleData/mpcosmetics.xml,,,,,,,,,,,,,,,,,,,,
mp_buttoned_leather_bracers,,Item,,,,,,Native/ModuleData/mpcosmetics.xml,,,,,,,,,,,,,,,,,,,,
mp_buttoned_leather_bracers,,Item,,,,,,Native/ModuleData/mpcosmetics.xml,,,,,,,,,,,,,,,,,,,,
mp_buttoned_leather_bracers,,Item,,,,,,Native/ModuleData/mpcosmetics.xml,,,,,,,,,,,,,,,,,,,,
mp_eastern_plated_leather_vambraces,,Item,,,,,,Native/ModuleData/mpcosmetics.xml,,,,,,,,,,,,,,,,,,,,
mp_buttoned_leather_bracers,,Item,,,,,,Native/ModuleData/mpcosmetics.xml,,,,,,,,,,,,,,,,,,,,
mp_buttoned_leather_bracers,,Item,,,,,,Native/ModuleData/mpcosmetics.xml,,,,,,,,,,,,,,,,,,,,
mp_steppe_leather_boots,,Item,,,,,,Native/ModuleData/mpcosmetics.xml,,,,,,,,,,,,,,,,,,,,
mp_khuzait_curved_boots,,Item,,,,,,Native/ModuleData/mpcosmetics.xml,,,,,,,,,,,,,,,,,,,,
mp_steppe_leather_boots,,Item,,,,,,Native/ModuleData/mpcosmetics.xml,,,,,,,,,,,,,,,,,,,,
mp_leather_cavalier_boots,,Item,,,,,,Native/ModuleData/mpcosmetics.xml,,,,,,,,,,,,,,,,,,,,
mp_khuzait_curved_boots,,Item,,,,,,Native/ModuleData/mpcosmetics.xml,,,,,,,,,,,,,,,,,,,,
mp_woven_leather_boots,,Item,,,,,,Native/ModuleData/mpcosmetics.xml,,,,,,,,,,,,,,,,,,,,
mp_eastern_leather_boots,,Item,,,,,,Native/ModuleData/mpcosmetics.xml,,,,,,,,,,,,,,,,,,,,
mp_steppe_leather_boots,,Item,,,,,,Native/ModuleData/mpcosmetics.xml,,,,,,,,,,,,,,,,,,,,
mp_leather_cavalier_boots,,Item,,,,,,Native/ModuleData/mpcosmetics.xml,,,,,,,,,,,,,,,,,,,,
mp_woven_leather_boots,,Item,,,,,,Native/ModuleData/mpcosmetics.xml,,,,,,,,,,,,,,,,,,,,
mp_leather_boots,,Item,,,,,,Native/ModuleData/mpcosmetics.xml,,,,,,,,,,,,,,,,,,,,
mp_eastern_leather_boots,,Item,,,,,,Native/ModuleData/mpcosmetics.xml,,,,,,,,,,,,,,,,,,,,
mp_steppe_leather_boots,,Item,,,,,,Native/ModuleData/mpcosmetics.xml,,,,,,,,,,,,,,,,,,,,
mp_leather_cavalier_boots,,Item,,,,,,Native/ModuleData/mpcosmetics.xml,,,,,,,,,,,,,,,,,,,,
mp_khuzait_curved_boots,,Item,,,,,,Native/ModuleData/mpcosmetics.xml,,,,,,,,,,,,,,,,,,,,
mp_woven_leather_boots,,Item,,,,,,Native/ModuleData/mpcosmetics.xml,,,,,,,,,,,,,,,,,,,,
mp_eastern_leather_boots,,Item,,,,,,Native/ModuleData/mpcosmetics.xml,,,,,,,,,,,,,,,,,,,,
mp_leather_cavalier_boots,,Item,,,,,,Native/ModuleData/mpcosmetics.xml,,,,,,,,,,,,,,,,,,,,
mp_khuzait_curved_boots,,Item,,,,,,Native/ModuleData/mpcosmetics.xml,,,,,,,,,,,,,,,,,,,,
mp_woven_leather_boots,,Item,,,,,,Native/ModuleData/mpcosmetics.xml,,,,,,,,,,,,,,,,,,,,
mp_nordic_hauberk,,Item,,,,,,Native/ModuleData/mpcosmetics.xml,,,,,,,,,,,,,,,,,,,,
mp_nordic_padded_cloth,,Item,,,,,,Native/ModuleData/mpcosmetics.xml,,,,,,,,,,,,,,,,,,,,
mp_northern_padded_gambeson,,Item,,,,,,Native/ModuleData/mpcosmetics.xml,,,,,,,,,,,,,,,,,,,,
mp_heavy_nordic_coat,,Item,,,,,,Native/ModuleData/mpcosmetics.xml,,,,,,,,,,,,,,,,,,,,
mp_heavy_nordic_coat,,Item,,,,,,Native/ModuleData/mpcosmetics.xml,,,,,,,,,,,,,,,,,,,,
mp_northern_lamellar_armor,,Item,,,,,,Native/ModuleData/mpcosmetics.xml,,,,,,,,,,,,,,,,,,,,
mp_battania_civil_b,,Item,,,,,,Native/ModuleData/mpcosmetics.xml,,,,,,,,,,,,,,,,,,,,
mp_battania_civil_b,,Item,,,,,,Native/ModuleData/mpcosmetics.xml,,,,,,,,,,,,,,,,,,,,
mp_nordic_padded_cloth,,Item,,,,,,Native/ModuleData/mpcosmetics.xml,,,,,,,,,,,,,,,,,,,,
mp_northern_lamellar_armor,,Item,,,,,,Native/ModuleData/mpcosmetics.xml,,,,,,,,,,,,,,,,,,,,
mp_nordic_hauberk,,Item,,,,,,Native/ModuleData/mpcosmetics.xml,,,,,,,,,,,,,,,,,,,,
mp_battania_civil_a,,Item,,,,,,Native/ModuleData/mpcosmetics.xml,,,,,,,,,,,,,,,,,,,,
mp_nordic_hauberk,,Item,,,,,,Native/ModuleData/mpcosmetics.xml,,,,,,,,,,,,,,,,,,,,
mp_nordic_hauberk,,Item,,,,,,Native/ModuleData/mpcosmetics.xml,,,,,,,,,,,,,,,,,,,,
mp_northern_brass_lamellar_over_mail,,Item,,,,,,Native/ModuleData/mpcosmetics.xml,,,,,,,,,,,,,,,,,,,,
mp_nordic_lamellar_armor,,Item,,,,,,Native/ModuleData/mpcosmetics.xml,,,,,,,,,,,,,,,,,,,,
mp_nordic_hauberk,,Item,,,,,,Native/ModuleData/mpcosmetics.xml,,,,,,,,,,,,,,,,,,,,
mp_northern_brass_lamellar_over_mail,,Item,,,,,,Native/ModuleData/mpcosmetics.xml,,,,,,,,,,,,,,,,,,,,
mp_nordic_lamellar_armor,,Item,,,,,,Native/ModuleData/mpcosmetics.xml,,,,,,,,,,,,,,,,,,,,
mp_nordic_hauberk,,Item,,,,,,Native/ModuleData/mpcosmetics.xml,,,,,,,,,,,,,,,,,,,,
mp_northern_brass_lamellar_over_mail,,Item,,,,,,Native/ModuleData/mpcosmetics.xml,,,,,,,,,,,,,,,,,,,,
mp_nordic_hauberk,,Item,,,,,,Native/ModuleData/mpcosmetics.xml,,,,,,,,,,,,,,,,,,,,
mp_northern_brass_lamellar_over_mail,,Item,,,,,,Native/ModuleData/mpcosmetics.xml,,,,,,,,,,,,,,,,,,,,
mp_nordic_hauberk,,Item,,,,,,Native/ModuleData/mpcosmetics.xml,,,,,,,,,,,,,,,,,,,,
mp_baggy_trunks,,Item,,,,,,Native/ModuleData/mpcosmetics.xml,,,,,,,,,,,,,,,,,,,,
mp_armored_baggy_trunks,,Item,,,,,,Native/ModuleData/mpcosmetics.xml,,,,,,,,,,,,,,,,,,,,
mp_battanian_savage_armor,,Item,,,,,,Native/ModuleData/mpcosmetics.xml,,,,,,,,,,,,,,,,,,,,
mp_northern_padded_gambeson,,Item,,,,,,Native/ModuleData/mpcosmetics.xml,,,,,,,,,,,,,,,,,,,,
mp_heavy_nordic_coat,,Item,,,,,,Native/ModuleData/mpcosmetics.xml,,,,,,,,,,,,,,,,,,,,
mp_nordic_padded_cloth,,Item,,,,,,Native/ModuleData/mpcosmetics.xml,,,,,,,,,,,,,,,,,,,,
mp_heavy_nordic_coat,,Item,,,,,,Native/ModuleData/mpcosmetics.xml,,,,,,,,,,,,,,,,,,,,
mp_nordic_padded_cloth,,Item,,,,,,Native/ModuleData/mpcosmetics.xml,,,,,,,,,,,,,,,,,,,,
mp_roughhide_cap,,Item,,,,,,Native/ModuleData/mpcosmetics.xml,,,,,,,,,,,,,,,,,,,,
mp_fur_hat,,Item,,,,,,Native/ModuleData/mpcosmetics.xml,,,,,,,,,,,,,,,,,,,,
mp_nordic_leather_cap,,Item,,,,,,Native/ModuleData/mpcosmetics.xml,,,,,,,,,,,,,,,,,,,,
mp_roughhide_cap,,Item,,,,,,Native/ModuleData/mpcosmetics.xml,,,,,,,,,,,,,,,,,,,,
mp_nordic_leather_cap,,Item,,,,,,Native/ModuleData/mpcosmetics.xml,,,,,,,,,,,,,,,,,,,,
mp_nordic_fur_cap,,Item,,,,,,Native/ModuleData/mpcosmetics.xml,,,,,,,,,,,,,,,,,,,,
mp_fur_hat,,Item,,,,,,Native/ModuleData/mpcosmetics.xml,,,,,,,,,,,,,,,,,,,,
mp_fur_hat,,Item,,,,,,Native/ModuleData/mpcosmetics.xml,,,,,,,,,,,,,,,,,,,,
mp_nordic_leather_cap,,Item,,,,,,Native/ModuleData/mpcosmetics.xml,,,,,,,,,,,,,,,,,,,,
mp_nordic_fur_cap,,Item,,,,,,Native/ModuleData/mpcosmetics.xml,,,,,,,,,,,,,,,,,,,,
mp_roughhide_cap,,Item,,,,,,Native/ModuleData/mpcosmetics.xml,,,,,,,,,,,,,,,,,,,,
mp_nordic_fur_cap,,Item,,,,,,Native/ModuleData/mpcosmetics.xml,,,,,,,,,,,,,,,,,,,,
mp_nasalhelm_over_leather,,Item,,,,,,Native/ModuleData/mpcosmetics.xml,,,,,,,,,,,,,,,,,,,,
mp_nasalhelm_over_mail,,Item,,,,,,Native/ModuleData/mpcosmetics.xml,,,,,,,,,,,,,,,,,,,,
mp_roughhide_cap,,Item,,,,,,Native/ModuleData/mpcosmetics.xml,,,,,,,,,,,,,,,,,,,,
mp_sturgia_heavy_cavalry_helmet,,Item,,,,,,Native/ModuleData/mpcosmetics.xml,,,,,,,,,,,,,,,,,,,,
mp_sturgia_heavy_cavalry_helmet,,Item,,,,,,Native/ModuleData/mpcosmetics.xml,,,,,,,,,,,,,,,,,,,,
mp_sturgia_heavy_cavalry_helmet,,Item,,,,,,Native/ModuleData/mpcosmetics.xml,,,,,,,,,,,,,,,,,,,,
mp_sturgia_heavy_cavalry_helmet,,Item,,,,,,Native/ModuleData/mpcosmetics.xml,,,,,,,,,,,,,,,,,,,,
mp_sturgia_heavy_cavalry_helmet,,Item,,,,,,Native/ModuleData/mpcosmetics.xml,,,,,,,,,,,,,,,,,,,,
mp_nasalhelm_over_leather,,Item,,,,,,Native/ModuleData/mpcosmetics.xml,,,,,,,,,,,,,,,,,,,,
mp_sturgia_heavy_cavalry_helmet,,Item,,,,,,Native/ModuleData/mpcosmetics.xml,,,,,,,,,,,,,,,,,,,,
mp_eastern_vendel_helmet,,Item,,,,,,Native/ModuleData/mpcosmetics.xml,,,,,,,,,,,,,,,,,,,,
mp_nasalhelm_over_leather,,Item,,,,,,Native/ModuleData/mpcosmetics.xml,,,,,,,,,,,,,,,,,,,,
mp_eastern_vendel_helmet,,Item,,,,,,Native/ModuleData/mpcosmetics.xml,,,,,,,,,,,,,,,,,,,,
mp_eastern_vendel_helmet,,Item,,,,,,Native/ModuleData/mpcosmetics.xml,,,,,,,,,,,,,,,,,,,,
mp_eastern_vendel_helmet,,Item,,,,,,Native/ModuleData/mpcosmetics.xml,,,,,,,,,,,,,,,,,,,,
mp_battania_woodland_cloak,,Item,,,,,,Native/ModuleData/mpcosmetics.xml,,,,,,,,,,,,,,,,,,,,
mp_brass_scale_shoulders,,Item,,,,,,Native/ModuleData/mpcosmetics.xml,,,,,,,,,,,,,,,,,,,,
mp_lamellar_shoulders,,Item,,,,,,Native/ModuleData/mpcosmetics.xml,,,,,,,,,,,,,,,,,,,,
mp_rough_bearskin,,Item,,,,,,Native/ModuleData/mpcosmetics.xml,,,,,,,,,,,,,,,,,,,,
mp_battania_shoulder_strap,,Item,,,,,,Native/ModuleData/mpcosmetics.xml,,,,,,,,,,,,,,,,,,,,
mp_battania_shoulder_strap,,Item,,,,,,Native/ModuleData/mpcosmetics.xml,,,,,,,,,,,,,,,,,,,,
mp_plated_strip_gauntlets,,Item,,,,,,Native/ModuleData/mpcosmetics.xml,,,,,,,,,,,,,,,,,,,,
mp_guarded_armwraps,,Item,,,,,,Native/ModuleData/mpcosmetics.xml,,,,,,,,,,,,,,,,,,,,
mp_armwraps,,Item,,,,,,Native/ModuleData/mpcosmetics.xml,,,,,,,,,,,,,,,,,,,,
mp_plated_strip_boots,,Item,,,,,,Native/ModuleData/mpcosmetics.xml,,,,,,,,,,,,,,,,,,,,
mp_battania_leather_boots,,Item,,,,,,Native/ModuleData/mpcosmetics.xml,,,,,,,,,,,,,,,,,,,,
mp_plated_strip_boots,,Item,,,,,,Native/ModuleData/mpcosmetics.xml,,,,,,,,,,,,,,,,,,,,
mp_leather_cavalier_boots,,Item,,,,,,Native/ModuleData/mpcosmetics.xml,,,,,,,,,,,,,,,,,,,,
mp_mail_chausses,,Item,,,,,,Native/ModuleData/mpcosmetics.xml,,,,,,,,,,,,,,,,,,,,
mp_mail_cavalier_boots,,Item,,,,,,Native/ModuleData/mpcosmetics.xml,,,,,,,,,,,,,,,,,,,,
mp_pointed_skullcap_over_cloth_headwrap,Pointed Skullcap over Cloth Headwrap,Item,HeadArmor,head_armor,aserai,1.1,1.0,Native/ModuleData/mpitems.xml,,,,,,,,,,,,,16.0,,,,,,,
mp_aserai_civil_c_head,Keffiyeh with Silken Band,Item,HeadArmor,,aserai,0.1,1.0,Native/ModuleData/mpitems.xml,,,,,,,,,,,,,2.0,,,,,,,
mp_aserai_civil_d_hscarf,Colored Turban,Item,HeadArmor,,aserai,0.1,1.0,Native/ModuleData/mpitems.xml,,,,,,,,,,,,,4.0,,,,,,,
mp_aserai_civil_hscarf_b,Roughspun Keffiyeh,Item,HeadArmor,,aserai,0.1,1.0,Native/ModuleData/mpitems.xml,,,,,,,,,,,,,2.0,,,,,,,
mp_aserai_civil_hscarf_a,Keffiyeh with Cloth Band,Item,HeadArmor,,aserai,0.1,1.0,Native/ModuleData/mpitems.xml,,,,,,,,,,,,,2.0,,,,,,,
mp_aserai_civil_e_hscarf,Wrapped Keffiyeh,Item,HeadArmor,,aserai,0.1,1.0,Native/ModuleData/mpitems.xml,,,,,,,,,,,,,2.0,,,,,,,
mp_wrapped_desert_cap,Wrapped Leather Cap,Item,HeadArmor,,aserai,0.5,1.0,Native/ModuleData/mpitems.xml,,,,,,,,,,,,,6.0,,,,,,,
mp_desert_helmet,Steel Cap,Item,HeadArmor,,aserai,1.2,1.0,Native/ModuleData/mpitems.xml,,,,,,,,,,,,,17.0,,,,,,,
mp_aserai_lord_helmet_a,Aserai Lord Helmet,Item,HeadArmor,,aserai,3.7,1.0,Native/ModuleData/mpitems.xml,,,,,,,,,,,,,43.0,,,,,,,
mp_southern_noble_helmet,Aserai Noble Helmet,Item,HeadArmor,,aserai,3.7,1.0,Native/ModuleData/mpitems.xml,,,,,,,,,,,,,43.0,,,,,,,
mp_southern_lord_helmet,Aserai Lord Helmet,Item,HeadArmor,,aserai,3.7,1.0,Native/ModuleData/mpitems.xml,,,,,,,,,,,,,43.0,,,,,,,
mp_brass_scale_shoulders,Bronze Scale Shoulders,Item,Cape,,sturgia,2.2,1.0,Native/ModuleData/mpitems.xml,,,,,,,,,,,,,,12.0,,,,,,
mp_desert_fabric_shoulderpad,Desert Fabric Shoulderpad,Item,Cape,,aserai,1.8,1.0,Native/ModuleData/mpitems.xml,,,,,,,,,,,,,,8.0,,,,,,
mp_southern_lamellar_armor,Bronze Lamellar Vest over Gambeson,Item,BodyArmor,body_armor,aserai,8.8,1.0,Native/ModuleData/mpitems.xml,,,,,,,,,,,,,,25.0,1.0,4.0,,,,
mp_tassled_southern_robes,Tassled Robes,Item,BodyArmor,,aserai,0.9,1.0,Native/ModuleData/mpitems.xml,,,,,,,,,,,,,,3.0,2.0,2.0,,,,
mp_rough_bearskin,Rough Bearskin,Item,Cape,,battania,2.3,1.0,Native/ModuleData/mpitems.xml,,,,,,,,,,,,,,7.0,,,,,,
mp_kilt_over_plated_leather,Kilt over Plated Leather,Item,BodyArmor,body_armor,battania,7.8,1.0,Native/ModuleData/mpitems.xml,,,,,,,,,,,,,,30.0,2.0,16.0,,,,
mp_strapped_leather_bracers,Strapped Leather Bracers,Item,HandArmor,,battania,0.5,1.0,Native/ModuleData/mpitems.xml,,,,,,,,,,,,,,,3.0,,,,,
mp_ragged_boots,Ragged Boots,Item,LegArmor,,battania,0.8,1.0,Native/ModuleData/mpitems.xml,,,,,,,,,,,,,,,,8.0,,,,
mp_nomad_padded_hood,Nomad Padded Hood,Item,HeadArmor,head_armor,khuzait,0.4,1.0,Native/ModuleData/mpitems.xml,,,,,,,,,,,,,4.0,,,,,,,
mp_nordic_fur_cap,Fur Rimmed Cap,Item,HeadArmor,,sturgia,0.3,1.0,Native/ModuleData/mpitems.xml,,,,,,,,,,,,,10.0,,,,,,,
mp_northern_lamellar_armor,Cured Leather Lamellar Shirt ,Item,BodyArmor,body_armor,sturgia,1.9,1.0,Native/ModuleData/mpitems.xml,,,,,,,,,,,,,,25.0,1.0,3.0,,,,
mp_khuzait_civil_coat_b,Luxury Thick Coat,Item,BodyArmor,,khuzait,2.7,1.0,Native/ModuleData/mpitems.xml,,,,,,,,,,,,,,6.0,0.0,1.0,,,,
mp_pointed_skullcap_over_mail,Pointed Skullcap over Mail,Item,HeadArmor,,aserai,1.3,1.0,Native/ModuleData/mpitems.xml,,,,,,,,,,,,,19.0,,,,,,,
mp_nasal_cervelliere_over_padded_cap,Nasal Cervelliere over Padded Cap,Item,HeadArmor,head_armor,vlandia,1.0,1.0,Native/ModuleData/mpitems.xml,,,,,,,,,,,,,20.0,,,,,,,
mp_nasal_cervelliere_over_mail_coif,Nasal Cervelliere over Mail Coif,Item,HeadArmor,,vlandia,2.6,1.0,Native/ModuleData/mpitems.xml,,,,,,,,,,,,,21.0,,,,,,,
mp_padded_leather_cape,Padded Leather Cap,Item,HeadArmor,head_armor,vlandia,1.0,1.0,Native/ModuleData/mpitems.xml,,,,,,,,,,,,,15.0,,,,,,,
mp_nasal_cervelliere_over_padded_coif,Nasal Cervelliere over Padded Coif,Item,HeadArmor,,vlandia,1.2,1.0,Native/ModuleData/mpitems.xml,,,,,,,,,,,,,22.0,,,,,,,
mp_red_coat_over_mail,Red Coat over Mail,Item,BodyArmor,body_armor,vlandia,8.2,1.0,Native/ModuleData/mpitems.xml,,,,,,,,,,,,,,24.0,11.0,13.0,,,,
mp_mail_shoulders,Mail Shoulders,Item,Cape,body_armor,sturgia,2.7,1.0,Native/ModuleData/mpitems.xml,,,,,,,,,,,,,,11.0,,,,,,
mp_northern_brass_lamellar_over_mail,Heavy Bronze Lamellar over Mail,Item,BodyArmor,,sturgia,11.4,1.0,Native/ModuleData/mpitems.xml,,,,,,,,,,,,,,38.0,13.0,13.0,,,,
mp_merchants_hat,Merchant Hat,Item,HeadArmor,,neutral_culture,0.1,1.0,Native/ModuleData/mpitems.xml,,,,,,,,,,,,,2.0,,,,,,,
mp_segmented_cervelliere_over_padded_cloth,Segmented Cervelliere over Padded Cloth,Item,HeadArmor,head_armor,vlandia,1.2,1.0,Native/ModuleData/mpitems.xml,,,,,,,,,,,,,20.0,,,,,,,
mp_woven_leather_shoulders,Woven Leather Shoulders,Item,Cape,,empire,1.6,1.0,Native/ModuleData/mpitems.xml,,,,,,,,,,,,,,6.0,,,,,,
mp_imperial_mail_vest,Infantryman Mail Vest,Item,BodyArmor,body_armor,empire,7.8,1.0,Native/ModuleData/mpitems.xml,,,,,,,,,,,,,,23.0,1.0,1.0,,,,
mp_folded_town_boots,Folded Town Boots,Item,LegArmor,,empire,1.0,1.0,Native/ModuleData/mpitems.xml,,,,,,,,,,,,,,,,7.0,,,,
mp_heavy_nasalhelm_over_imperial_leather,Heavy Nasalhelm over Leather,Item,HeadArmor,,empire,3.0,1.0,Native/ModuleData/mpitems.xml,,,,,,,,,,,,,30.0,,,,,,,
mp_dummy_armor_min,Dummy Min Armor,Item,BodyArmor,,neutral_culture,10.0,1.0,Native/ModuleData/mpitems.xml,,,,,,,,,,,,,0.0,0.0,0.0,0.0,,,,
mp_dummy_armor_lower_average,Dummy Lower Average,Item,BodyArmor,,neutral_culture,20.0,1.0,Native/ModuleData/mpitems.xml,,,,,,,,,,,,,12.0,12.0,12.0,12.0,,,,
mp_dummy_armor_higher_average,Dummy Higher Average,Item,BodyArmor,,neutral_culture,30.0,1.0,Native/ModuleData/mpitems.xml,,,,,,,,,,,,,37.0,37.0,37.0,37.0,,,,
mp_dummy_armor_max,Dummy Max Armor,Item,BodyArmor,,neutral_culture,40.0,1.0,Native/ModuleData/mpitems.xml,,,,,,,,,,,,,55.0,55.0,55.0,55.0,,,,
mp_northern_tunic,Varyag Tunic,Item,BodyArmor,body_armor,sturgia,0.4,1.0,Native/ModuleData/mpitems.xml,,,,,,,,,,,,,,2.0,1.0,1.0,,,,
mp_studded_fur_armor,Studded Fur Armor,Item,BodyArmor,body_armor,neutral_culture,0.6,1.0,Native/ModuleData/mpitems.xml,,,,,,,,,,,,,,7.0,2.0,3.0,,,,
mp_vlandia_bandit_b,Cheap Colored Clothes,Item,BodyArmor,,neutral_culture,1.8,1.0,Native/ModuleData/mpitems.xml,,,,,,,,,,,,,,6.0,2.0,2.0,,,,
mp_bandit_fur_a,Loathsome Fur Armor,Item,BodyArmor,,neutral_culture,0.9,1.0,Native/ModuleData/mpitems.xml,,,,,,,,,,,,,,7.0,,1.0,,,,
mp_buckled_wildsman_armor,Buckled Brigandine Armor,Item,BodyArmor,body_armor,neutral_culture,12.3,1.0,Native/ModuleData/mpitems.xml,,,,,,,,,,,,,,29.0,2.0,2.0,,,,
mp_battania_civil_hood,Cloth Hood,Item,HeadArmor,head_armor,battania,0.5,1.0,Native/ModuleData/mpitems.xml,,,,,,,,,,,,,9.0,,,,,,,
mp_nasalhelm_over_mail,Nasalhelm over Mail,Item,HeadArmor,,sturgia,1.8,1.0,Native/ModuleData/mpitems.xml,,,,,,,,,,,,,29.0,,,,,,,
mp_khuzait_noble_helmet_with_neckguard,Noble Helmet with Neckguard,Item,headArmor,head_armor,khuzait,4.0,1.0,Native/ModuleData/mpitems.xml,,,,,,,,,,,,,39.0,,,,,,,
mp_laced_coif,Laced Coif,Item,HeadArmor,head_armor,neutral_culture,0.4,1.0,Native/ModuleData/mpitems.xml,,,,,,,,,,,,,9.0,,,,,,,
mp_arming_coif,Leather Coif,Item,HeadArmor,head_armor,vlandia,0.3,1.0,Native/ModuleData/mpitems.xml,,,,,,,,,,,,,11.0,,,,,,,
mp_imperial_leather_coif,Leather Coif,Item,HeadArmor,head_armor,neutral_culture,0.3,1.0,Native/ModuleData/mpitems.xml,,,,,,,,,,,,,3.0,,,,,,,
mp_khuzait_noble_helmet_with_fur,Noble Helmet with Fur,Item,headArmor,head_armor,khuzait,3.9,1.0,Native/ModuleData/mpitems.xml,,,,,,,,,,,,,38.0,,,,,,,
mp_fur_hood,Fur Hood,Item,HeadArmor,head_armor,neutral_culture,0.6,1.0,Native/ModuleData/mpitems.xml,,,,,,,,,,,,,9.0,,,,,,,
mp_peaked_fur_hood,Peaked Fur Hood,Item,HeadArmor,head_armor,neutral_culture,0.7,1.0,Native/ModuleData/mpitems.xml,,,,,,,,,,,,,10.0,,,,,,,
mp_closed_head_scarf,Closed Head Scarf,Item,HeadArmor,head_armor,neutral_culture,0.6,1.0,Native/ModuleData/mpitems.xml,,,,,,,,,,,,,9.0,,,,,,,
mp_trailed_desert_helmet,Helmet with Turban and Coif,Item,HeadArmor,head_armor,aserai,1.1,1.0,Native/ModuleData/mpitems.xml,,,,,,,,,,,,,14.0,,,,,,,
mp_desert_mail_coif,Desert Mail Coif,Item,HeadArmor,head_armor,aserai,3.0,1.0,Native/ModuleData/mpitems.xml,,,,,,,,,,,,,32.0,,,,,,,
mp_woven_turban,Woven Turban,Item,HeadArmor,head_armor,aserai,0.8,1.0,Native/ModuleData/mpitems.xml,,,,,,,,,,,,,8.0,,,,,,,
mp_desert_cap,Desert Cap,Item,HeadArmor,,neutral_culture,2.0,1.0,Native/ModuleData/mpitems.xml,,,,,,,,,,,,,4.0,,,,,,,
mp_open_head_scarf,Open Head Scarf,Item,HeadArmor,,neutral_culture,0.6,1.0,Native/ModuleData/mpitems.xml,,,,,,,,,,,,,8.0,,,,,,,
mp_turban,Turban,Item,HeadArmor,,neutral_culture,0.5,1.0,Native/ModuleData/mpitems.xml,,,,,,,,,,,,,7.0,,,,,,,
mp_desert_headdress,Desert Headdress,Item,HeadArmor,,neutral_culture,0.2,1.0,Native/ModuleData/mpitems.xml,,,,,,,,,,,,,3.0,,,,,,,
mp_tuareg,Tuareg,Item,HeadArmor,head_armor,neutral_culture,0.6,1.0,Native/ModuleData/mpitems.xml,,,,,,,,,,,,,5.0,,,,,,,
mp_kettle_helmet_over_mail,Kettle Helmet over Mail,Item,HeadArmor,,vlandia,3.1,1.0,Native/ModuleData/mpitems.xml,,,,,,,,,,,,,29.0,,,,,,,
mp_nordic_leather_cap,Fur Cap with Ear Flaps,Item,HeadArmor,head_armor,neutral_culture,0.4,1.0,Native/ModuleData/mpitems.xml,,,,,,,,,,,,,5.0,,,,,,,
mp_roughhide_cap,Roughhide Cap,Item,HeadArmor,,neutral_culture,0.5,1.0,Native/ModuleData/mpitems.xml,,,,,,,,,,,,,5.0,,,,,,,
mp_northern_fur_cap,Fur Cap,Item,HeadArmor,,neutral_culture,0.5,1.0,Native/ModuleData/mpitems.xml,,,,,,,,,,,,,4.0,,,,,,,
mp_thinhide_coif,Thinhide Coif,Item,HeadArmor,head_armor,neutral_culture,0.5,1.0,Native/ModuleData/mpitems.xml,,,,,,,,,,,,,5.0,,,,,,,
mp_wrapped_headcloth,Wrapped Headcloth,Item,HeadArmor,head_armor,neutral_culture,0.2,1.0,Native/ModuleData/mpitems.xml,,,,,,,,,,,,,3.0,,,,,,,
mp_leather_studdedhelm,Leather Studded Helm,Item,HeadArmor,head_armor,neutral_culture,0.5,1.0,Native/ModuleData/mpitems.xml,,,,,,,,,,,,,9.0,,,,,,,
mp_tied_head_wrapping,Tied Head Wrapping,Item,HeadArmor,head_armor,neutral_culture,0.5,1.0,Native/ModuleData/mpitems.xml,,,,,,,,,,,,,8.0,,,,,,,
mp_tight_head_scarf,Tight Head Scarf,Item,HeadArmor,head_armor,neutral_culture,0.7,1.0,Native/ModuleData/mpitems.xml,,,,,,,,,,,,,9.0,,,,,,,
mp_pilgrim_hood,Pilgrim Hood,Item,headArmor,,neutral_culture,1.0,1.0,Native/ModuleData/mpitems.xml,,,,,,,,,,,,,2.0,,,,,,,
mp_leather_cap,Leather Cap,Item,HeadArmor,head_armor,neutral_culture,2.0,1.0,Native/ModuleData/mpitems.xml,,,,,,,,,,,,,8.0,,,,,,,
mp_imperial_cloth_coif,Cloth Coif,Item,HeadArmor,head_armor,neutral_culture,3.2,1.0,Native/ModuleData/mpitems.xml,,,,,,,,,,,,,3.0,,,,,,,
mp_fur_hat,Fur Hat,Item,HeadArmor,head_armor,neutral_culture,3.0,1.0,Native/ModuleData/mpitems.xml,,,,,,,,,,,,,4.0,,,,,,,
mp_eastern_cap,Cap with Neck Flap,Item,HeadArmor,head_armor,neutral_culture,4.0,1.0,Native/ModuleData/mpitems.xml,,,,,,,,,,,,,5.0,,,,,,,
mp_steppe_helmet,Steppe Helmet,Item,HeadArmor,head_armor,neutral_culture,5.0,1.0,Native/ModuleData/mpitems.xml,,,,,,,,,,,,,18.0,,,,,,,
mp_upturned_fur_cap,Upturned Fur Cap,Item,HeadArmor,head_armor,neutral_culture,0.6,1.0,Native/ModuleData/mpitems.xml,,,,,,,,,,,,,8.0,,,,,,,
mp_padded_cap,Padded Cap,Item,HeadArmor,head_armor,neutral_culture,1.8,1.0,Native/ModuleData/mpitems.xml,,,,,,,,,,,,,5.0,,,,,,,
mp_ironlame_feathered_spangenhelm_over_leather,Ironlame Feathered Spangenhelm over Leather,Item,HeadArmor,,neutral_culture,2.8,1.0,Native/ModuleData/mpitems.xml,,,,,,,,,,,,,31.0,,,,,,,
mp_leatherlame_feathered_spangenhelm_over_leather,Bronze Feathered Spangenhelm over Leather,Item,HeadArmor,,empire,1.7,1.0,Native/ModuleData/mpitems.xml,,,,,,,,,,,,,29.0,,,,,,,
mp_ironlame_spiked_kettle_over_mail,Iron Spiked Kettle over Mail,Item,HeadArmor,head_armor,empire,3.8,1.0,Native/ModuleData/mpitems.xml,,,,,,,,,,,,,33.0,,,,,,,
mp_guards_kettle_over_laced_coif,Kettle over Laced Coif,Item,HeadArmor,head_armor,neutral_culture,1.4,1.0,Native/ModuleData/mpitems.xml,,,,,,,,,,,,,15.0,,,,,,,
mp_kettle_helmet_with_leather,Kettle Helmet with Leather,Item,HeadArmor,head_armor,neutral_culture,1.0,1.0,Native/ModuleData/mpitems.xml,,,,,,,,,,,,,16.0,,,,,,,
mp_peaked_helmet_over_laced_coif,Peaked Helmet over Laced Coif,Item,HeadArmor,head_armor,vlandia,2.8,1.0,Native/ModuleData/mpitems.xml,,,,,,,,,,,,,37.0,,,,,,,
mp_peaked_helmet_over_padded_cloth,Peaked Helmet over Padded Cloth,Item,HeadArmor,head_armor,neutral_culture,1.2,1.0,Native/ModuleData/mpitems.xml,,,,,,,,,,,,,16.0,,,,,,,
mp_peaked_helmet_over_mail_coif,Peaked Helmet over Mail Coif,Item,HeadArmor,head_armor,neutral_culture,2.7,1.0,Native/ModuleData/mpitems.xml,,,,,,,,,,,,,30.0,,,,,,,
mp_peaked_helmet_over_mail,Peaked Helmet over Mail,Item,HeadArmor,,vlandia,2.8,1.0,Native/ModuleData/mpitems.xml,,,,,,,,,,,,,40.0,,,,,,,
mp_nasal_helmet_over_padded_cloth,Nasal Helmet over Padded Cloth,Item,HeadArmor,,neutral_culture,1.2,1.0,Native/ModuleData/mpitems.xml,,,,,,,,,,,,,15.0,,,,,,,
mp_kettle_hat_over_padded_cloth,Kettle Hat over Padded Cloth,Item,HeadArmor,head_armor,neutral_culture,0.2,1.0,Native/ModuleData/mpitems.xml,,,,,,,,,,,,,16.0,,,,,,,
mp_segmented_skullcap_over_padded_cloth,Segmented Skullcap over Padded Cloth,Item,HeadArmor,head_armor,neutral_culture,0.5,1.0,Native/ModuleData/mpitems.xml,,,,,,,,,,,,,17.0,,,,,,,
mp_kettle_helmet_over_laced_coif,Kettle Helmet over Laced Coif,Item,HeadArmor,head_armor,neutral_culture,1.2,1.0,Native/ModuleData/mpitems.xml,,,,,,,,,,,,,17.0,,,,,,,
mp_decorated_nomad_cap,Decorated Nomad Cap,Item,HeadArmor,,khuzait,0.4,1.0,Native/ModuleData/mpitems.xml,,,,,,,,,,,,,6.0,,,,,,,
mp_spangenhelm_with_padded_cloth,Spangenhelm with Padded Cloth,Item,HeadArmor,head_armor,sturgia,1.9,1.0,Native/ModuleData/mpitems.xml,,,,,,,,,,,,,20.0,,,,,,,
mp_visored_helmet_over_padded_coif,Visored Helmet over Padded Coif,Item,HeadArmor,head_armor,neutral_culture,3.9,1.0,Native/ModuleData/mpitems.xml,,,,,,,,,,,,,27.0,,,,,,,
mp_plumed_nomad_helmet,Plumed Nomad Helmet,Item,HeadArmor,,neutral_culture,1.1,1.0,Native/ModuleData/mpitems.xml,,,,,,,,,,,,,18.0,,,,,,,
mp_wolfhead,Wolfhead,Item,HeadArmor,head_armor,neutral_culture,1.3,1.0,Native/ModuleData/mpitems.xml,,,,,,,,,,,,,15.0,,,,,,,
mp_roundkettle_over_laced_cloth,Roundkettle over Laced Cloth,Item,HeadArmor,head_armor,neutral_culture,1.3,1.0,Native/ModuleData/mpitems.xml,,,,,,,,,,,,,15.0,,,,,,,
mp_roundkettle_over_imperial_leather,Roundkettle over Leather,Item,HeadArmor,head_armor,neutral_culture,5.0,1.0,Native/ModuleData/mpitems.xml,,,,,,,,,,,,,15.0,,,,,,,
mp_sturgia_heavy_cavalry_helmet,Sturgia Heavy Cavalry Helmet,Item,HeadArmor,,sturgia,1.8,1.0,Native/ModuleData/mpitems.xml,,,,,,,,,,,,,30.0,,,,,,,
mp_imperial_nasal_helm,Legionary Helm,Item,HeadArmor,head_armor,neutral_culture,1.2,1.0,Native/ModuleData/mpitems.xml,,,,,,,,,,,,,21.0,,,,,,,
mp_tall_helmet,Tall Helmet,Item,HeadArmor,head_armor,neutral_culture,1.2,1.0,Native/ModuleData/mpitems.xml,,,,,,,,,,,,,19.0,,,,,,,
mp_nomad_helmet,Nomad Helmet,Item,HeadArmor,head_armor,neutral_culture,2.1,1.0,Native/ModuleData/mpitems.xml,,,,,,,,,,,,,17.0,,,,,,,
mp_plumed_fur_lined_helmet,Plumed Fur Lined Helmet,Item,HeadArmor,head_armor,neutral_culture,1.1,1.0,Native/ModuleData/mpitems.xml,,,,,,,,,,,,,15.0,,,,,,,
mp_northern_warlord_helmet,Sturgian Warlord Helmet,Item,HeadArmor,,sturgia,3.6,1.0,Native/ModuleData/mpitems.xml,,,,,,,,,,,,,32.0,,,,,,,
mp_open_desert_helmet,Open Desert Helmet,Item,HeadArmor,head_armor,neutral_culture,1.3,1.0,Native/ModuleData/mpitems.xml,,,,,,,,,,,,,18.0,,,,,,,
mp_loose_wrapped_desert_helmet,Loose Wrapped Desert Helmet,Item,HeadArmor,,neutral_culture,1.2,1.0,Native/ModuleData/mpitems.xml,,,,,,,,,,,,,15.0,,,,,,,
mp_closed_desert_helmet,Closed Desert Helmet,Item,HeadArmor,,neutral_culture,1.4,1.0,Native/ModuleData/mpitems.xml,,,,,,,,,,,,,19.0,,,,,,,
mp_battania_fur_helmet,Highland Hide Helmet,Item,HeadArmor,head_armor,neutral_culture,1.3,1.0,Native/ModuleData/mpitems.xml,,,,,,,,,,,,,18.0,,,,,,,
mp_leather_studdedhelm_over_thinhide,Leather Studded Helm over Thinhide,Item,HeadArmor,head_armor,neutral_culture,1.2,1.0,Native/ModuleData/mpitems.xml,,,,,,,,,,,,,15.0,,,,,,,
mp_leather_studdedhelm_over_headcloth,Leather Studded Helm over Headcloth,Item,HeadArmor,head_armor,neutral_culture,1.1,1.0,Native/ModuleData/mpitems.xml,,,,,,,,,,,,,14.0,,,,,,,
mp_leather_studdedhelm_over_roughscale,Leather Studded Helm over Roughscale,Item,HeadArmor,head_armor,neutral_culture,4.0,1.0,Native/ModuleData/mpitems.xml,,,,,,,,,,,,,34.0,,,,,,,
mp_ridged_northernhelm,Ridged Helm,Item,HeadArmor,head_armor,neutral_culture,3.4,1.0,Native/ModuleData/mpitems.xml,,,,,,,,,,,,,32.0,,,,,,,
mp_vlandia_bandit_cape_a,Rough Padded Cap,Item,HeadArmor,head_armor,neutral_culture,2.5,1.0,Native/ModuleData/mpitems.xml,,,,,,,,,,,,,16.0,,,,,,,
mp_vlandia_bandit_cape_b,Hide Cap,Item,HeadArmor,head_armor,neutral_culture,2.5,1.0,Native/ModuleData/mpitems.xml,,,,,,,,,,,,,16.0,,,,,,,
mp_leatherlame_nasalhelm_over_imperial_leather,Nasalhelm over Leather,Item,HeadArmor,head_armor,neutral_culture,1.9,1.0,Native/ModuleData/mpitems.xml,,,,,,,,,,,,,20.0,,,,,,,
mp_helmet_with_faceguard,Helmet with Faceguard,Item,HeadArmor,head_armor,neutral_culture,5.0,1.0,Native/ModuleData/mpitems.xml,,,,,,,,,,,,,33.0,,,,,,,
mp_roundkettle_over_imperial_cloth,Roundkettle over Cloth,Item,HeadArmor,,neutral_culture,5.0,1.0,Native/ModuleData/mpitems.xml,,,,,,,,,,,,,14.0,,,,,,,
mp_goggled_helmet_over_leather,Goggled Helmet over Leather,Item,HeadArmor,,neutral_culture,1.4,1.0,Native/ModuleData/mpitems.xml,,,,,,,,,,,,,19.0,,,,,,,
mp_nasal_helmet,Nasal Helmet,Item,HeadArmor,,neutral_culture,1.1,1.0,Native/ModuleData/mpitems.xml,,,,,,,,,,,,,14.0,,,,,,,
mp_nordic_helmet,Northlander Helmet,Item,HeadArmor,,neutral_culture,4.1,1.0,Native/ModuleData/mpitems.xml,,,,,,,,,,,,,37.0,,,,,,,
mp_nasal_helmet_over_laced_coif,Nasal Helmet over Laced Coif,Item,HeadArmor,head_armor,neutral_culture,6.0,1.0,Native/ModuleData/mpitems.xml,,,,,,,,,,,,,16.0,,,,,,,
mp_kettle_helmet_over_arming_coif,Kettle Helmet over Arming Coif,Item,HeadArmor,,neutral_culture,1.0,1.0,Native/ModuleData/mpitems.xml,,,,,,,,,,,,,28.0,,,,,,,
mp_kettle_helmet_over_padded_coif,Kettle Helmet over Padded Coif,Item,HeadArmor,head_armor,vlandia,1.3,1.0,Native/ModuleData/mpitems.xml,,,,,,,,,,,,,22.0,,,,,,,
mp_segmented_skullcap_over_laced_coif,Segmented Skullcap over Laced Coif,Item,HeadArmor,,neutral_culture,1.2,1.0,Native/ModuleData/mpitems.xml,,,,,,,,,,,,,18.0,,,,,,,
mp_cervelliere_over_arming_coif,Cervelliere over Arming Coif,Item,HeadArmor,,vlandia,0.9,1.0,Native/ModuleData/mpitems.xml,,,,,,,,,,,,,16.0,,,,,,,
mp_segmented_cervelliere_over_mail_coif,Segmented Cervelliere over Mail Coif,Item,HeadArmor,head_armor,neutral_culture,3.2,1.0,Native/ModuleData/mpitems.xml,,,,,,,,,,,,,32.0,,,,,,,
mp_full_helm_over_mail_coif,Full Helm over Mail Coif,Item,HeadArmor,head_armor,neutral_culture,4.7,1.0,Native/ModuleData/mpitems.xml,,,,,,,,,,,,,40.0,,,,,,,
mp_western_crowned_plated_helmet,Crowned Plated Helmet,Item,HeadArmor,head_armor,neutral_culture,3.9,1.0,Native/ModuleData/mpitems.xml,,,,,,,,,,,,,39.0,,,,,,,
mp_nasal_helmet_over_mail_coif,Nasal Helmet over Mail Coif,Item,HeadArmor,,neutral_culture,2.7,1.0,Native/ModuleData/mpitems.xml,,,,,,,,,,,,,30.0,,,,,,,
mp_kettle_hat_over_mail_coif,Kettle Hat over Mail Coif,Item,HeadArmor,,neutral_culture,2.9,1.0,Native/ModuleData/mpitems.xml,,,,,,,,,,,,,32.0,,,,,,,
mp_open_mail_coif,Open Mail Coif,Item,HeadArmor,head_armor,empire,1.6,1.0,Native/ModuleData/mpitems.xml,,,,,,,,,,,,,18.0,,,,,,,
mp_mail_coif,Mail Coif with Helmet Padding,Item,HeadArmor,head_armor,empire,1.7,1.0,Native/ModuleData/mpitems.xml,,,,,,,,,,,,,18.0,,,,,,,
mp_visored_helmet_over_mail_coif,Visored Helmet over Mail Coif,Item,HeadArmor,,neutral_culture,1.3,1.0,Native/ModuleData/mpitems.xml,,,,,,,,,,,,,36.0,,,,,,,
mp_segmented_skullcap_over_mail_coif,Segmented Skullcap over Mail Coif,Item,HeadArmor,,neutral_culture,3.5,1.0,Native/ModuleData/mpitems.xml,,,,,,,,,,,,,34.0,,,,,,,
mp_segmented_skullcap_over_padded_coif,Segmented Skullcap over Padded Coif,Item,HeadArmor,,neutral_culture,1.3,1.0,Native/ModuleData/mpitems.xml,,,,,,,,,,,,,19.0,,,,,,,
mp_plumed_helmet,Plumed Helmet,Item,HeadArmor,head_armor,neutral_culture,4.0,1.0,Native/ModuleData/mpitems.xml,,,,,,,,,,,,,31.0,,,,,,,
mp_imperial_goggled_helmet,Imperial Goggled Helmet,Item,HeadArmor,,neutral_culture,4.2,1.0,Native/ModuleData/mpitems.xml,,,,,,,,,,,,,38.0,,,,,,,
mp_decorated_goggled_helmet,Decorated Goggled Helmet,Item,HeadArmor,,neutral_culture,4.2,1.0,Native/ModuleData/mpitems.xml,,,,,,,,,,,,,37.0,,,,,,,
mp_roundkettle_over_imperial_mail,Roundkettle over Mail,Item,HeadArmor,head_armor,neutral_culture,3.3,1.0,Native/ModuleData/mpitems.xml,,,,,,,,,,,,,30.0,,,,,,,
mp_leatherlame_feathered_spangenhelm_over_mail,Feathered Spangenhelm over Mail,Item,HeadArmor,head_armor,neutral_culture,3.4,1.0,Native/ModuleData/mpitems.xml,,,,,,,,,,,,,36.0,,,,,,,
mp_plumed_lamellar_helmet,Plumed Lamellar Helmet,Item,HeadArmor,head_armor,neutral_culture,3.3,1.0,Native/ModuleData/mpitems.xml,,,,,,,,,,,,,33.0,,,,,,,
mp_eastern_vendel_helmet,Steppe Raider Helmet,Item,HeadArmor,,neutral_culture,6.7,1.0,Native/ModuleData/mpitems.xml,,,,,,,,,,,,,38.0,,,,,,,
mp_spiked_helmet,Spiked Helmet,Item,HeadArmor,head_armor,khuzait,4.5,1.0,Native/ModuleData/mpitems.xml,,,,,,,,,,,,,37.0,,,,,,,
mp_spiked_helmet_with_facemask,Spiked Helmet with Facemask,Item,HeadArmor,head_armor,neutral_culture,7.0,1.0,Native/ModuleData/mpitems.xml,,,,,,,,,,,,,40.0,,,,,,,
mp_pointed_skullcap_with_mail,Pointed Skullcap with Mail,Item,HeadArmor,head_armor,neutral_culture,2.8,1.0,Native/ModuleData/mpitems.xml,,,,,,,,,,,,,29.0,,,,,,,
mp_closed_desert_helmet_with_mail,Closed Desert Helmet with Mail,Item,HeadArmor,,neutral_culture,3.2,1.0,Native/ModuleData/mpitems.xml,,,,,,,,,,,,,34.0,,,,,,,
mp_emirs_helmet,Emir Helmet,Item,HeadArmor,head_armor,neutral_culture,3.0,1.0,Native/ModuleData/mpitems.xml,,,,,,,,,,,,,33.0,,,,,,,
mp_northern_goggled_helmet,Goggled Helmet,Item,HeadArmor,,neutral_culture,1.8,1.0,Native/ModuleData/mpitems.xml,,,,,,,,,,,,,31.0,,,,,,,
mp_lendman_helmet_over_mail,Raider Helmet over Mail,Item,HeadArmor,,neutral_culture,9.1,1.0,Native/ModuleData/mpitems.xml,,,,,,,,,,,,,32.0,,,,,,,
mp_sturgian_lord_helmet_b,Warlord Helmet with Nose Guard,Item,headArmor,head_armor,neutral_culture,3.4,1.0,Native/ModuleData/mpitems.xml,,,,,,,,,,,,,35.0,,,,,,,
mp_goggled_helmet_over_full_mail,Closed Huscarl Helmet,Item,HeadArmor,,neutral_culture,4.4,1.0,Native/ModuleData/mpitems.xml,,,,,,,,,,,,,51.0,,,,,,,
mp_empire_battle_crown_west,Imperial Plumed Helmet,Item,HeadArmor,head_armor,neutral_culture,3.1,1.0,Native/ModuleData/mpitems.xml,,,,,,,,,,,,,48.0,,,,,,,
mp_empire_battle_crown_north,Jeweled Plumed Battle Crown,Item,HeadArmor,head_armor,neutral_culture,2.1,1.0,Native/ModuleData/mpitems.xml,,,,,,,,,,,,,45.0,,,,,,,
mp_battania_battle_crown,Two Pronged Bronze Crown,Item,HeadArmor,head_armor,neutral_culture,2.3,1.0,Native/ModuleData/mpitems.xml,,,,,,,,,,,,,40.0,,,,,,,
mp_khuzait_battle_crown,Khuzait Battle Crown,Item,HeadArmor,head_armor,neutral_culture,2.7,1.0,Native/ModuleData/mpitems.xml,,,,,,,,,,,,,36.0,,,,,,,
mp_aserai_battle_crown,Ornate Desert Battle Crown,Item,HeadArmor,head_armor,neutral_culture,2.8,1.0,Native/ModuleData/mpitems.xml,,,,,,,,,,,,,44.0,,,,,,,
mp_aserai_crown,Luxury Turban Over Helmet,Item,HeadArmor,,neutral_culture,2.8,1.0,Native/ModuleData/mpitems.xml,,,,,,,,,,,,,42.0,,,,,,,
mp_sturgian_lord_helmet_c,Decorated Helmet,Item,headArmor,head_armor,neutral_culture,4.4,1.0,Native/ModuleData/mpitems.xml,,,,,,,,,,,,,40.0,,,,,,,
mp_battanian_plated_noble_helmet,Highland Plated Noble Helmet,Item,headArmor,head_armor,neutral_culture,2.9,1.0,Native/ModuleData/mpitems.xml,,,,,,,,,,,,,32.0,,,,,,,
mp_battanian_noble_helmet_with_feather,Highland Noble Helmet with Feather,Item,headArmor,head_armor,neutral_culture,3.1,1.0,Native/ModuleData/mpitems.xml,,,,,,,,,,,,,35.0,,,,,,,
mp_battanian_crowned_helmet,Highland Crowned Helmet,Item,headArmor,,battania,3.2,1.0,Native/ModuleData/mpitems.xml,,,,,,,,,,,,,42.0,,,,,,,
mp_roughscale_helmet,Roughscale Helmet,Item,HeadArmor,head_armor,neutral_culture,3.2,1.0,Native/ModuleData/mpitems.xml,,,,,,,,,,,,,31.0,,,,,,,
mp_closed_goggled_helmet,Closed Goggled Helmet,Item,HeadArmor,,neutral_culture,4.0,1.0,Native/ModuleData/mpitems.xml,,,,,,,,,,,,,41.0,,,,,,,
mp_goggled_helmet_over_mail,Goggled Helmet over Mail,Item,HeadArmor,,neutral_culture,1.8,1.0,Native/ModuleData/mpitems.xml,,,,,,,,,,,,,30.0,,,,,,,
mp_lendman_helmet_over_full_mail,Lendman Helmet over Full Mail,Item,HeadArmor,,neutral_culture,4.3,1.0,Native/ModuleData/mpitems.xml,,,,,,,,,,,,,39.0,,,,,,,
mp_ironlame_feathered_spangenhelm,Ironlame Feathered Spangenhelm,Item,HeadArmor,head_armor,neutral_culture,3.2,1.0,Native/ModuleData/mpitems.xml,,,,,,,,,,,,,34.0,,,,,,,
mp_ironlame_feathered_spangenhelm_over_mail,Iron Feathered Spangenhelm over Mail,Item,HeadArmor,head_armor,neutral_culture,3.3,1.0,Native/ModuleData/mpitems.xml,,,,,,,,,,,,,35.0,,,,,,,
mp_feathered_spangenhelm_over_imperial_coif,Feathered Spangenhelm over Coif,Item,HeadArmor,head_armor,neutral_culture,6.0,1.0,Native/ModuleData/mpitems.xml,,,,,,,,,,,,,33.0,,,,,,,
mp_spangenhelm_with_leather,Spangenhelm with Leather,Item,HeadArmor,head_armor,neutral_culture,1.2,1.0,Native/ModuleData/mpitems.xml,,,,,,,,,,,,,15.0,,,,,,,
mp_nasalhelm_over_leather,Nasalhelm over Leather,Item,HeadArmor,,neutral_culture,1.4,1.0,Native/ModuleData/mpitems.xml,,,,,,,,,,,,,16.0,,,,,,,
mp_nasal_helmet_with_leather,Nasal Helmet with Leather,Item,HeadArmor,head_armor,neutral_culture,1.2,1.0,Native/ModuleData/mpitems.xml,,,,,,,,,,,,,16.0,,,,,,,
mp_sturgian_lord_helmet_a,Northlander Lord Helmet,Item,headArmor,head_armor,sturgia,3.6,1.0,Native/ModuleData/mpitems.xml,,,,,,,,,,,,,37.0,,,,,,,
mp_nasal_helmet_with_mail,Nasal Helmet with Mail,Item,HeadArmor,head_armor,,1.5,1.0,Native/ModuleData/mpitems.xml,,,,,,,,,,,,,20.0,,,,,,,
mp_full_helm_over_cloth_headwrap,Full Helm over Cloth Headwrap,Item,HeadArmor,,neutral_culture,5.0,1.0,Native/ModuleData/mpitems.xml,,,,,,,,,,,,,28.0,,,,,,,
mp_full_helm_over_arming_coif,Full Helm over Arming Coif,Item,HeadArmor,,neutral_culture,6.0,1.0,Native/ModuleData/mpitems.xml,,,,,,,,,,,,,26.0,,,,,,,
mp_full_helm_over_padded_cap,Full Helm over Padded Cap,Item,HeadArmor,head_armor,neutral_culture,4.8,1.0,Native/ModuleData/mpitems.xml,,,,,,,,,,,,,48.0,,,,,,,
mp_full_helm_over_laced_coif,Full Helm over Laced Coif,Item,HeadArmor,head_armor,neutral_culture,6.5,1.0,Native/ModuleData/mpitems.xml,,,,,,,,,,,,,30.0,,,,,,,
mp_hood,Hood,Item,Cape,body_armor,neutral_culture,0.4,1.0,Native/ModuleData/mpitems.xml,,,,,,,,,,,,,,2.0,,,,,,
mp_peasant_hood,Hood,Item,Cape,body_armor,neutral_culture,0.4,1.0,Native/ModuleData/mpitems.xml,,,,,,,,,,,,,,2.0,,,,,,
mp_scarf,Scarf,Item,Cape,body_armor,neutral_culture,0.5,1.0,Native/ModuleData/mpitems.xml,,,,,,,,,,,,,,2.0,,,,,,
mp_padded_leather_shoulders,Padded Leather Shoulders,Item,Cape,,neutral_culture,1.4,1.0,Native/ModuleData/mpitems.xml,,,,,,,,,,,,,,5.0,,,,,,
mp_studded_imperial_neckguard,Studded Neckguard,Item,Cape,,neutral_culture,3.6,1.0,Native/ModuleData/mpitems.xml,,,,,,,,,,,,,,13.0,,,,,,
mp_wolf_shoulder,Wolf Shoulder,Item,Cape,body_armor,neutral_culture,1.8,1.0,Native/ModuleData/mpitems.xml,,,,,,,,,,,,,,8.0,,,,,,
mp_imperial_lamellar_shoulders,Lamellar Shoulders,Item,Cape,,neutral_culture,3.5,1.0,Native/ModuleData/mpitems.xml,,,,,,,,,,,,,,13.0,,,,,,
mp_eastern_studded_shoulders,Steppe Studded Shoulders,Item,Cape,,neutral_culture,2.3,1.0,Native/ModuleData/mpitems.xml,,,,,,,,,,,,,,5.0,,,,,,
mp_khuzait_leather_pauldron,Steppe Leather Pauldron,Item,Cape,,neutral_culture,1.5,1.0,Native/ModuleData/mpitems.xml,,,,,,,,,,,,,,4.0,,,,,,
mp_wrapped_scarf,Wrapped Scarf,Item,Cape,body_armor,neutral_culture,0.5,1.0,Native/ModuleData/mpitems.xml,,,,,,,,,,,,,,2.0,,,,,,
mp_desert_leather_shoulderpad,Desert Leather Shoulderpad,Item,Cape,,neutral_culture,1.8,1.0,Native/ModuleData/mpitems.xml,,,,,,,,,,,,,,5.0,,,,,,
mp_aserai_horseman_shoulder,Desert Ringmail Shoulder,Item,Cape,body_armor,neutral_culture,2.5,1.0,Native/ModuleData/mpitems.xml,,,,,,,,,,,,,,7.0,,,,,,
mp_stitched_leather_shoulders,Stitched Leather Shoulders,Item,Cape,,neutral_culture,3.0,1.0,Native/ModuleData/mpitems.xml,,,,,,,,,,,,,,8.0,,,,,,
mp_leopard_pelt,Leopard Pelt,Item,Cape,,neutral_culture,2.0,1.0,Native/ModuleData/mpitems.xml,,,,,,,,,,,,,,9.0,5.0,,,,,
mp_bearskin,Bearskin,Item,Cape,body_armor,neutral_culture,2.3,1.0,Native/ModuleData/mpitems.xml,,,,,,,,,,,,,,6.0,4.0,,,,,
mp_battania_cloak,Highland Cloak,Item,Cape,,neutral_culture,0.5,1.0,Native/ModuleData/mpitems.xml,,,,,,,,,,,,,,2.0,,,,,,
mp_battania_shoulder_furr,Highland Shoulder Furr,Item,Cape,,neutral_culture,3.6,1.0,Native/ModuleData/mpitems.xml,,,,,,,,,,,,,,6.0,,,,,,
mp_battania_woodland_cloak,Highland Woodland Cloak,Item,Cape,body_armor,neutral_culture,3.0,1.0,Native/ModuleData/mpitems.xml,,,,,,,,,,,,,,5.0,,,,,,
mp_battania_shoulder_strap_cloak,Battania Shoulder Strap Cloak,Item,Cape,,neutral_culture,1.3,1.0,Native/ModuleData/mpitems.xml,,,,,,,,,,,,,,4.0,,,,,,
mp_battania_cloak_furr,Fur Cloak,Item,Cape,,neutral_culture,1.5,1.0,Native/ModuleData/mpitems.xml,,,,,,,,,,,,,,5.0,,,,,,
mp_pauldron_cape_a,Empire Pauldron Cape,Item,Cape,,neutral_culture,5.5,1.0,Native/ModuleData/mpitems.xml,,,,,,,,,,,,,,11.0,,,,,,
mp_pauldron_cape_b,Vlandian Pauldron Cape,Item,Cape,,neutral_culture,5.5,1.0,Native/ModuleData/mpitems.xml,,,,,,,,,,,,,,11.0,,,,,,
mp_leather_lamellar_shoulders,Leather Lamellar Shoulders,Item,Cape,,neutral_culture,8.0,1.0,Native/ModuleData/mpitems.xml,,,,,,,,,,,,,,8.0,,,,,,
mp_steppe_leather_shoulders,Steppe Leather Shoulders,Item,Cape,body_armor,neutral_culture,0.7,1.0,Native/ModuleData/mpitems.xml,,,,,,,,,,,,,,2.0,,,,,,
mp_reinforced_suede_shoulders,Reinforced Suede Shoulders,Item,Cape,body_armor,neutral_culture,3.0,1.0,Native/ModuleData/mpitems.xml,,,,,,,,,,,,,,3.0,,,,,,
mp_green_hood,Green Hood,Item,Cape,,neutral_culture,4.0,1.0,Native/ModuleData/mpitems.xml,,,,,,,,,,,,,,3.0,,,,,,
mp_battania_civil_cape,Highland Cape,Item,Cape,body_armor,neutral_culture,4.0,1.0,Native/ModuleData/mpitems.xml,,,,,,,,,,,,,,15.0,,,,,,
mp_battanian_leather_shoulder_a,Cured Leather Shoulder Pieces,Item,Cape,body_armor,neutral_culture,1.2,1.0,Native/ModuleData/mpitems.xml,,,,,,,,,,,,,,5.0,,,,,,
mp_a_battania_cloak_a,Simple Cape,Item,Cape,,battania,0.5,1.0,Native/ModuleData/mpitems.xml,,,,,,,,,,,,,,1.0,1.0,,,,,
mp_battanian_chainmail_shoulder_b,Mail Shoulder Reinforcements,Item,Cape,body_armor,battania,4.5,1.0,Native/ModuleData/mpitems.xml,,,,,,,,,,,,,,7.0,,,,,,
mp_battanian_chainmail_shoulder_a,Mail Shoulder Pieces,Item,Cape,body_armor,battania,4.5,1.0,Native/ModuleData/mpitems.xml,,,,,,,,,,,,,,6.0,,,,,,
mp_imperial_studded_strip_shoulders,Studded Strip Shoulders,Item,Cape,,neutral_culture,4.1,1.0,Native/ModuleData/mpitems.xml,,,,,,,,,,,,,,14.0,,,,,,
mp_a_aserai_scale_b_shoulder_d,Brass Scale Pauldrons,Item,Cape,,aserai,2.2,1.0,Native/ModuleData/mpitems.xml,,,,,,,,,,,,,,2.0,7.0,,,,,
mp_empire_warrior_padded_armor_shoulder,Padded Warrior Shoulders,Item,Cape,,neutral_culture,1.6,1.0,Native/ModuleData/mpitems.xml,,,,,,,,,,,,,,6.0,,,,,,
mp_lamellar_shoulders,Lamellar Shoulders,Item,Cape,,neutral_culture,5.0,1.0,Native/ModuleData/mpitems.xml,,,,,,,,,,,,,,15.0,,,,,,
mp_brass_lamellar_shoulder,Bronze Lamellar Shoulders,Item,Cape,,neutral_culture,5.0,1.0,Native/ModuleData/mpitems.xml,,,,,,,,,,,,,,14.0,,,,,,
mp_brass_lamellar_shoulder_white,Northlander Lamellar Shoulders,Item,Cape,,sturgia,5.0,1.0,Native/ModuleData/mpitems.xml,,,,,,,,,,,,,,16.0,6.0,,,,,
mp_battania_warlord_pauldrons,Highland Warlord Pauldrons,Item,Cape,body_armor,neutral_culture,4.0,1.0,Native/ModuleData/mpitems.xml,,,,,,,,,,,,,,13.0,13.0,,,,,
mp_battania_civil_cloak,Highland Cloak,Item,Cape,body_armor,battania,4.0,1.0,Native/ModuleData/mpitems.xml,,,,,,,,,,,,,,13.0,13.0,,,,,
mp_armored_bearskin,Armored Bearskin,Item,Cape,body_armor,neutral_culture,7.0,1.0,Native/ModuleData/mpitems.xml,,,,,,,,,,,,,,15.0,,,,,,
mp_battania_civil_a,Tartan Tunic,Item,BodyArmor,,battania,0.6,1.0,Native/ModuleData/mpitems.xml,,,,,,,,,,,,,,1.0,1.0,1.0,,,,
mp_battania_civil_b,Villager Leather Tunic,Item,BodyArmor,,battania,0.4,1.0,Native/ModuleData/mpitems.xml,,,,,,,,,,,,,,2.0,1.0,1.0,,,,
mp_battania_civil_c,Fur Coat over Tunic,Item,BodyArmor,,battania,0.4,1.0,Native/ModuleData/mpitems.xml,,,,,,,,,,,,,,2.0,1.0,1.0,,,,
mp_guards_kettle_over_padded_coif,Kettle over Padded Coif,Item,HeadArmor,head_armor,vlandia,1.5,1.0,Native/ModuleData/mpitems.xml,,,,,,,,,,,,,22.0,,,,,,,
mp_kettle_helmet_over_padded_cloth,Kettle Helmet over Padded Cloth,Item,HeadArmor,head_armor,vlandia,1.1,1.0,Native/ModuleData/mpitems.xml,,,,,,,,,,,,,19.0,,,,,,,
mp_bandit_envelope_dress_v1,Commoner Tunic,Item,BodyArmor,,neutral_culture,5.0,1.0,Native/ModuleData/mpitems.xml,,,,,,,,,,,,,,4.0,1.0,1.0,,,,
mp_tundra_tunic,Northlander Belted Tunic,Item,BodyArmor,body_armor,sturgia,0.3,1.0,Native/ModuleData/mpitems.xml,,,,,,,,,,,,,,9.0,1.0,1.0,,,,
mp_bandit_envelope_dress_v2,Sleeveless Enveloped Padded Garments,Item,BodyArmor,,neutral_culture,6.5,1.0,Native/ModuleData/mpitems.xml,,,,,,,,,,,,,,4.0,,1.0,,,,
mp_thick_sleeved_robe,Thick Sleeved Robe,Item,BodyArmor,,neutral_culture,6.8,1.0,Native/ModuleData/mpitems.xml,,,,,,,,,,,,,,8.0,2.0,1.0,,,,
mp_layered_robe,Layered Robe,Item,BodyArmor,,neutral_culture,14.0,1.0,Native/ModuleData/mpitems.xml,,,,,,,,,,,,,,8.0,2.0,3.0,,,,
mp_hemp_tunic,Hemp Tunic,Item,BodyArmor,body_armor,empire,0.4,1.0,Native/ModuleData/mpitems.xml,,,,,,,,,,,,,,1.0,1.0,1.0,,,,
mp_long_hemp_tunic,Long Hemp Tunic,Item,BodyArmor,,neutral_culture,11.0,1.0,Native/ModuleData/mpitems.xml,,,,,,,,,,,,,,12.0,2.0,4.0,,,,
mp_northern_leather_vest,Tunic with Leather Vest,Item,BodyArmor,,neutral_culture,8.1,1.0,Native/ModuleData/mpitems.xml,,,,,,,,,,,,,,18.0,2.0,0.0,,,,
mp_empire_warrior_padded_armor_f,Auxiliary Armor,Item,BodyArmor,,empire,1.9,1.0,Native/ModuleData/mpitems.xml,,,,,,,,,,,,,,11.0,2.0,6.0,,,,
mp_battanian_savage_armor,Savage Armor,Item,BodyArmor,body_armor,battania,0.8,1.0,Native/ModuleData/mpitems.xml,,,,,,,,,,,,,,10.0,3.0,6.0,,,,
mp_empire_warrior_padded_armor_g,Auxiliary Armor with Straps,Item,BodyArmor,,empire,2.0,1.0,Native/ModuleData/mpitems.xml,,,,,,,,,,,,,,11.0,1.0,5.0,,,,
mp_nordic_padded_cloth,Reinforced Thick Tunic,Item,BodyArmor,,neutral_culture,11.0,1.0,Native/ModuleData/mpitems.xml,,,,,,,,,,,,,,21.0,2.0,5.0,,,,
mp_baggy_trunks,Baggy Trousers,Item,BodyArmor,body_armor,neutral_culture,1.4,1.0,Native/ModuleData/mpitems.xml,,,,,,,,,,,,,,2.0,,4.0,,,,
mp_fur_waistcoat_over_tunic,Fur Waistcoat over Tunic,Item,BodyArmor,body_armor,neutral_culture,2.3,1.0,Native/ModuleData/mpitems.xml,,,,,,,,,,,,,,8.0,2.0,2.0,,,,
mp_khuzait_fortified_armor,Reinforced Mirror Armor,Item,BodyArmor,,khuzait,2.4,1.0,Native/ModuleData/mpitems.xml,,,,,,,,,,,,,,12.0,2.0,7.0,,,,
mp_khuzait_sturdy_armor,Sturdy Steppe Armor,Item,BodyArmor,,khuzait,2.4,1.0,Native/ModuleData/mpitems.xml,,,,,,,,,,,,,,12.0,2.0,7.0,,,,
mp_sleeveless_studded_fur_armor,Sleeveless Studded Fur Armor,Item,BodyArmor,body_armor,battania,0.4,1.0,Native/ModuleData/mpitems.xml,,,,,,,,,,,,,,3.0,0.0,3.0,,,,
mp_aserai_civil_b,Kaftan with Leather Belt,Item,BodyArmor,,aserai,1.1,1.0,Native/ModuleData/mpitems.xml,,,,,,,,,,,,,,4.0,2.0,2.0,,,,
mp_aserai_civil_e,Thawb,Item,BodyArmor,,aserai,1.1,1.0,Native/ModuleData/mpitems.xml,,,,,,,,,,,,,,4.0,2.0,1.0,,,,
mp_aserai_civil_c,Colored Kaftan,Item,BodyArmor,,aserai,0.9,1.0,Native/ModuleData/mpitems.xml,,,,,,,,,,,,,,4.0,2.0,2.0,,,,
mp_fur_armor_with_strap,Fur Armor with Strap,Item,BodyArmor,body_armor,battania,2.1,1.0,Native/ModuleData/mpitems.xml,,,,,,,,,,,,,,8.0,2.0,2.0,,,,
mp_tied_cloth_tunic,Tied Cloth Tunic,Item,BodyArmor,body_armor,empire,0.4,1.0,Native/ModuleData/mpitems.xml,,,,,,,,,,,,,,1.0,1.0,1.0,,,,
mp_khuzait_belt_leather,Coat with Mirrored Belt,Item,BodyArmor,,khuzait,2.4,1.0,Native/ModuleData/mpitems.xml,,,,,,,,,,,,,,12.0,2.0,7.0,,,,
mp_rough_fur_over_chain,Rough Fur over Chain,Item,BodyArmor,,neutral_culture,12.0,1.0,Native/ModuleData/mpitems.xml,,,,,,,,,,,,,,30.0,11.0,11.0,,,,
mp_padded_leather_overcoat,Padded Leather Overcoat,Item,BodyArmor,,neutral_culture,3.2,1.0,Native/ModuleData/mpitems.xml,,,,,,,,,,,,,,13.0,3.0,7.0,,,,
mp_burlap_sack_dress,Burlap Dress,Item,BodyArmor,,neutral_culture,0.5,1.0,Native/ModuleData/mpitems.xml,,,,,,,,,,,,,,1.0,,1.0,,,,
mp_cloth_tunic,Simple Cloth Tunic,Item,BodyArmor,body_armor,vlandia,0.4,1.0,Native/ModuleData/mpitems.xml,,,,,,,,,,,,,,1.0,1.0,1.0,,,,
mp_long_fur_coat,Long Fur Coat,Item,BodyArmor,body_armor,battania,2.6,1.0,Native/ModuleData/mpitems.xml,,,,,,,,,,,,,,8.0,2.0,6.0,,,,
mp_sleeveless_fur_coat,Sleeveless Fur Coat,Item,BodyArmor,body_armor,neutral_culture,1.8,1.0,Native/ModuleData/mpitems.xml,,,,,,,,,,,,,,6.0,0.0,1.0,,,,
mp_armored_baggy_trunks,Armored Baggy Trousers,Item,BodyArmor,body_armor,neutral_culture,1.5,1.0,Native/ModuleData/mpitems.xml,,,,,,,,,,,,,,2.0,,4.0,,,,
mp_roughcloth_shortcoat,Roughcloth Shortcoat,Item,BodyArmor,body_armor,neutral_culture,9.0,1.0,Native/ModuleData/mpitems.xml,,,,,,,,,,,,,,7.0,1.0,3.0,,,,
mp_heavy_nordic_coat,Heavy Coat,Item,BodyArmor,body_armor,neutral_culture,11.3,1.0,Native/ModuleData/mpitems.xml,,,,,,,,,,,,,,14.0,2.0,3.0,,,,
mp_heavy_nordic_tunic,Heavy Tunic,Item,BodyArmor,,neutral_culture,7.2,1.0,Native/ModuleData/mpitems.xml,,,,,,,,,,,,,,12.0,2.0,0.0,,,,
mp_nordic_tunic,Luxury Tunic,Item,BodyArmor,body_armor,neutral_culture,12.0,1.0,Native/ModuleData/mpitems.xml,,,,,,,,,,,,,,9.0,2.0,0.0,,,,
mp_leather_tunic,Leather Tunic,Item,BodyArmor,,empire,2.1,1.0,Native/ModuleData/mpitems.xml,,,,,,,,,,,,,,12.0,2.0,7.0,,,,
mp_layered_leather_tunic,Layered Leather Tunic,Item,BodyArmor,body_armor,neutral_culture,11.4,1.0,Native/ModuleData/mpitems.xml,,,,,,,,,,,,,,18.0,4.0,6.0,,,,
mp_highland_cloth,Woodland Cloth Armor,Item,BodyArmor,body_armor,neutral_culture,9.0,1.0,Native/ModuleData/mpitems.xml,,,,,,,,,,,,,,18.0,3.0,6.0,,,,
mp_fur_armor,Fur Armor,Item,BodyArmor,body_armor,neutral_culture,13.6,1.0,Native/ModuleData/mpitems.xml,,,,,,,,,,,,,,15.0,1.0,2.0,,,,
mp_desert_robe,Long Simple Robe,Item,BodyArmor,body_armor,neutral_culture,9.0,1.0,Native/ModuleData/mpitems.xml,,,,,,,,,,,,,,7.0,1.0,1.0,,,,
mp_long_desert_robe,Long Desert Robe,Item,BodyArmor,,neutral_culture,10.0,1.0,Native/ModuleData/mpitems.xml,,,,,,,,,,,,,,7.0,2.0,1.0,,,,
mp_burlap_waistcoat,Burlap Waistcoat,Item,BodyArmor,body_armor,neutral_culture,12.0,1.0,Native/ModuleData/mpitems.xml,,,,,,,,,,,,,,8.0,2.0,2.0,,,,
mp_fur_skirt,Fur Skirt,Item,BodyArmor,body_armor,neutral_culture,5.0,1.0,Native/ModuleData/mpitems.xml,,,,,,,,,,,,,,2.0,,3.0,,,,
mp_ragged_robes,Ragged Robes,Item,BodyArmor,body_armor,neutral_culture,5.0,1.0,Native/ModuleData/mpitems.xml,,,,,,,,,,,,,,4.0,2.0,2.0,,,,
mp_bandit_leather_water_flask,Commoner Shirt,Item,BodyArmor,,neutral_culture,7.0,1.0,Native/ModuleData/mpitems.xml,,,,,,,,,,,,,,4.0,1.0,1.0,,,,
mp_vlandia_bandit_c,Torn Robe,Item,BodyArmor,,neutral_culture,7.0,1.0,Native/ModuleData/mpitems.xml,,,,,,,,,,,,,,23.0,,10.0,,,,
mp_footmans_tunic,Military Tunic,Item,BodyArmor,body_armor,neutral_culture,8.0,1.0,Native/ModuleData/mpitems.xml,,,,,,,,,,,,,,11.0,2.0,3.0,,,,
mp_tunic_with_shoulder_pads,Tunic with Shoulder Pads,Item,BodyArmor,,neutral_culture,8.0,1.0,Native/ModuleData/mpitems.xml,,,,,,,,,,,,,,13.0,2.0,4.0,,,,
mp_steppe_armor,Striped Coat,Item,BodyArmor,body_armor,neutral_culture,14.0,1.0,Native/ModuleData/mpitems.xml,,,,,,,,,,,,,,8.0,2.0,2.0,,,,
mp_khuzait_leather_stitched,Steppe Stitched Leather,Item,BodyArmor,,empire,2.5,1.0,Native/ModuleData/mpitems.xml,,,,,,,,,,,,,,12.0,2.0,2.0,,,,
mp_steppe_robe,Steppe Robe,Item,BodyArmor,body_armor,neutral_culture,14.0,1.0,Native/ModuleData/mpitems.xml,,,,,,,,,,,,,,9.0,2.0,4.0,,,,
mp_northern_padded_cloth,Light Padded Armor,Item,BodyArmor,body_armor,neutral_culture,9.0,1.0,Native/ModuleData/mpitems.xml,,,,,,,,,,,,,,22.0,5.0,7.0,,,,
mp_bandit_gambeson,Rugged Gambeson,Item,BodyArmor,,neutral_culture,2.2,1.0,Native/ModuleData/mpitems.xml,,,,,,,,,,,,,,14.0,3.0,7.0,,,,
mp_northern_padded_gambeson,Short Gambeson over Tunic,Item,BodyArmor,,neutral_culture,11.0,1.0,Native/ModuleData/mpitems.xml,,,,,,,,,,,,,,19.0,3.0,6.0,,,,
mp_vlandia_bandit_a,Cheap Paddings,Item,BodyArmor,,neutral_culture,2.9,1.0,Native/ModuleData/mpitems.xml,,,,,,,,,,,,,,10.0,1.0,2.0,,,,
mp_stitched_leather_vest,Stitched Leather Vest,Item,BodyArmor,body_armor,neutral_culture,10.8,1.0,Native/ModuleData/mpitems.xml,,,,,,,,,,,,,,25.0,2.0,7.0,,,,
mp_sleeveless_padded_short_coat,Sleeveless Padded Short Coat,Item,BodyArmor,body_armor,neutral_culture,11.5,1.0,Native/ModuleData/mpitems.xml,,,,,,,,,,,,,,19.0,2.0,6.0,,,,
mp_padded_coat,Padded Footman Coat,Item,BodyArmor,body_armor,vlandia,2.4,1.0,Native/ModuleData/mpitems.xml,,,,,,,,,,,,,,12.0,2.0,7.0,,,,
mp_sleeveless_padded_coat,Sleeveless Padded Coat,Item,BodyArmor,body_armor,vlandia,2.2,1.0,Native/ModuleData/mpitems.xml,,,,,,,,,,,,,,11.0,2.0,7.0,,,,
mp_sackcloth_tunic,Sackcloth Tunic,Item,BodyArmor,body_armor,neutral_culture,0.6,1.0,Native/ModuleData/mpitems.xml,,,,,,,,,,,,,,2.0,1.0,1.0,,,,
mp_aserai_civil_a,Luxury Kaftan with Waistband,Item,BodyArmor,,neutral_culture,0.8,1.0,Native/ModuleData/mpitems.xml,,,,,,,,,,,,,,3.0,1.0,1.0,,,,
mp_imperial_mail_over_leather,Infantryman Mail over Leather,Item,BodyArmor,,neutral_culture,8.6,1.0,Native/ModuleData/mpitems.xml,,,,,,,,,,,,,,28.0,2.0,7.0,,,,
mp_empire_warrior_padded_armor_e,Infantryman Long Gambeson,Item,BodyArmor,,empire,1.8,1.0,Native/ModuleData/mpitems.xml,,,,,,,,,,,,,,9.0,1.0,5.0,,,,
mp_plated_leather_coat,Rough Brigandine,Item,BodyArmor,body_armor,neutral_culture,10.7,1.0,Native/ModuleData/mpitems.xml,,,,,,,,,,,,,,37.0,1.0,1.0,,,,
mp_legionary_mail,Legionary Mail,Item,BodyArmor,body_armor,neutral_culture,9.5,1.0,Native/ModuleData/mpitems.xml,,,,,,,,,,,,,,29.0,2.0,7.0,,,,
mp_battania_woodland_outfit,Woodland Garments,Item,BodyArmor,body_armor,neutral_culture,1.2,1.0,Native/ModuleData/mpitems.xml,,,,,,,,,,,,,,4.0,2.0,2.0,,,,
mp_padded_short_coat,Padded Short Coat,Item,BodyArmor,,neutral_culture,11.6,1.0,Native/ModuleData/mpitems.xml,,,,,,,,,,,,,,27.0,,9.0,,,,
mp_gambeson_b,Heavy Aketon,Item,BodyArmor,,neutral_culture,10.8,1.0,Native/ModuleData/mpitems.xml,,,,,,,,,,,,,,19.0,4.0,7.0,,,,
mp_patched_gambeson,Patched Gambeson,Item,BodyArmor,,empire,3.6,1.0,Native/ModuleData/mpitems.xml,,,,,,,,,,,,,,8.0,1.0,1.0,,,,
mp_woven_leather_vest,Woven Leather Vest,Item,BodyArmor,body_armor,neutral_culture,13.1,1.0,Native/ModuleData/mpitems.xml,,,,,,,,,,,,,,25.0,2.0,9.0,,,,
mp_long_woolen_tunic,Long Woolen Tunic,Item,BodyArmor,body_armor,vlandia,0.4,1.0,Native/ModuleData/mpitems.xml,,,,,,,,,,,,,,2.0,1.0,1.0,,,,
mp_leather_scale_armor,Leather Scale Armor,Item,BodyArmor,body_armor,neutral_culture,8.6,1.0,Native/ModuleData/mpitems.xml,,,,,,,,,,,,,,18.0,7.0,5.0,,,,
mp_tunic_with_rolled_cloth,Tunic with Rolled Cloth,Item,BodyArmor,body_armor,neutral_culture,8.7,1.0,Native/ModuleData/mpitems.xml,,,,,,,,,,,,,,15.0,2.0,3.0,,,,
mp_belted_leather_cuirass,Belted Leather Cuirass,Item,BodyArmor,,neutral_culture,11.8,1.0,Native/ModuleData/mpitems.xml,,,,,,,,,,,,,,22.0,5.0,8.0,,,,
mp_crude_leather_armor,Crude Hide Armor,Item,BodyArmor,,neutral_culture,12.3,1.0,Native/ModuleData/mpitems.xml,,,,,,,,,,,,,,20.0,5.0,5.0,,,,
mp_khuzait_lamellar_strapped,Reinforced Leather Armor,Item,BodyArmor,,khuzait,7.3,1.0,Native/ModuleData/mpitems.xml,,,,,,,,,,,,,,24.0,2.0,2.0,,,,
mp_reinforced_suede_armor,Reinforced Suede Armor,Item,BodyArmor,body_armor,neutral_culture,7.9,1.0,Native/ModuleData/mpitems.xml,,,,,,,,,,,,,,19.0,2.0,7.0,,,,
mp_eastern_silk_clothing,Silk Kaftan,Item,BodyArmor,,neutral_culture,11.3,1.0,Native/ModuleData/mpitems.xml,,,,,,,,,,,,,,14.0,1.0,0.0,,,,
mp_studded_leather_coat,Studded Leather Coat,Item,BodyArmor,,neutral_culture,10.6,1.0,Native/ModuleData/mpitems.xml,,,,,,,,,,,,,,19.0,2.0,7.0,,,,
mp_light_armor,mp_light_armor,Item,BodyArmor,body_armor,neutral_culture,1.9,1.0,Native/ModuleData/mpitems.xml,,,,,,,,,,,,,18.0,18.0,18.0,18.0,,,,
mp_battania_mercenary_armor,Luxury Brigandine,Item,BodyArmor,body_armor,neutral_culture,18.6,1.0,Native/ModuleData/mpitems.xml,,,,,,,,,,,,,,38.0,4.0,16.0,,,,
mp_aserai_robe_c_chain,Layered Desert Robe,Item,BodyArmor,,neutral_culture,24.3,1.0,Native/ModuleData/mpitems.xml,,,,,,,,,,,,,,22.0,3.0,7.0,,,,
mp_short_padded_robe,Short Padded Robe,Item,BodyArmor,body_armor,neutral_culture,21.3,1.0,Native/ModuleData/mpitems.xml,,,,,,,,,,,,,,18.0,2.0,5.0,,,,
mp_long_padded_robe,Long Padded Robe,Item,BodyArmor,,neutral_culture,22.3,1.0,Native/ModuleData/mpitems.xml,,,,,,,,,,,,,,22.0,3.0,7.0,,,,
mp_desert_padded_cloth,Light Long Padded Armor,Item,BodyArmor,,neutral_culture,7.6,1.0,Native/ModuleData/mpitems.xml,,,,,,,,,,,,,,18.0,3.0,7.0,,,,
mp_ringed_desert_armor,Heavy Ring Mail,Item,BodyArmor,,aserai,10.5,1.0,Native/ModuleData/mpitems.xml,,,,,,,,,,,,,,25.0,1.0,11.0,,,,
mp_battania_woodland_chainmail,Heavy Mail Shirt with Wide Belt,Item,BodyArmor,body_armor,neutral_culture,23.0,1.0,Native/ModuleData/mpitems.xml,,,,,,,,,,,,,,36.0,4.0,15.0,,,,
mp_ranger_mail,Ranger Mail,Item,BodyArmor,body_armor,neutral_culture,25.0,1.0,Native/ModuleData/mpitems.xml,,,,,,,,,,,,,,37.0,2.0,20.0,,,,
mp_bandit_fur_b,Fur Coat,Item,BodyArmor,,neutral_culture,1.0,1.0,Native/ModuleData/mpitems.xml,,,,,,,,,,,,,,6.0,,0.0,,,,
mp_rough_fur_armor,Rough Fur Armor,Item,BodyArmor,,neutral_culture,3.3,1.0,Native/ModuleData/mpitems.xml,,,,,,,,,,,,,,11.0,2.0,4.0,,,,
mp_scale_armor,Rugged Scale Armor,Item,BodyArmor,body_armor,battania,8.7,1.0,Native/ModuleData/mpitems.xml,,,,,,,,,,,,,,19.0,0.0,1.0,,,,
mp_empire_warrior_padded_armor_a,Infantryman Gambeson,Item,BodyArmor,,neutral_culture,13.4,1.0,Native/ModuleData/mpitems.xml,,,,,,,,,,,,,,29.0,4.0,9.0,,,,
mp_empire_warrior_padded_armor_b,Infantryman Gambeson over Leather Jacket,Item,BodyArmor,,neutral_culture,15.1,1.0,Native/ModuleData/mpitems.xml,,,,,,,,,,,,,,29.0,4.0,9.0,,,,
mp_nordic_sloven_leather,Sloven Leather,Item,BodyArmor,,sturgia,2.9,1.0,Native/ModuleData/mpitems.xml,,,,,,,,,,,,,,12.0,2.0,2.0,,,,
mp_nordic_sloven_over_mail,Leather Tabard over Mail,Item,BodyArmor,,neutral_culture,21.5,1.0,Native/ModuleData/mpitems.xml,,,,,,,,,,,,,,37.0,2.0,13.0,,,,
mp_decorated_nordic_hauberk,Huscarl Decorated Mail Shirt,Item,BodyArmor,body_armor,neutral_culture,20.5,1.0,Native/ModuleData/mpitems.xml,,,,,,,,,,,,,,34.0,2.0,15.0,,,,
mp_empire_warrior_padded_armor_d,Infantryman Gambeson with Straps,Item,BodyArmor,,neutral_culture,12.3,1.0,Native/ModuleData/mpitems.xml,,,,,,,,,,,,,,29.0,4.0,9.0,,,,
mp_eastern_studded_leather,Steppe Studded Leather,Item,BodyArmor,,neutral_culture,14.0,1.0,Native/ModuleData/mpitems.xml,,,,,,,,,,,,,,27.0,3.0,8.0,,,,
mp_eastern_plated_leather,Mirrored Brigandine Armor,Item,BodyArmor,,neutral_culture,21.5,1.0,Native/ModuleData/mpitems.xml,,,,,,,,,,,,,,39.0,2.0,15.0,,,,
mp_leather_lamellar_armor,Cured Leather Lamellar Armor,Item,BodyArmor,,neutral_culture,14.0,1.0,Native/ModuleData/mpitems.xml,,,,,,,,,,,,,,31.0,4.0,8.0,,,,
mp_empire_short_dress,Short Tunic,Item,BodyArmor,,empire,1.0,1.0,Native/ModuleData/mpitems.xml,,,,,,,,,,,,,,6.0,,0.0,,,,
mp_leather_strips_over_padded_robe,Leather Strips over Padded Robe,Item,BodyArmor,body_armor,aserai,4.1,1.0,Native/ModuleData/mpitems.xml,,,,,,,,,,,,,,34.0,1.0,9.0,,,,
mp_studded_steppe_leather,Studded Leather Armor,Item,BodyArmor,body_armor,neutral_culture,14.0,1.0,Native/ModuleData/mpitems.xml,,,,,,,,,,,,,,21.0,3.0,6.0,,,,
mp_nasal_helmet_over_cloth_headwrap,Nasal Helmet over Cloth Headwrap,Item,HeadArmor,head_armor,vlandia,1.1,1.0,Native/ModuleData/mpitems.xml,,,,,,,,,,,,,20.0,,,,,,,
mp_nasal_helmet_over_mail,Nasal Helmet over Mail,Item,HeadArmor,,vlandia,3.1,1.0,Native/ModuleData/mpitems.xml,,,,,,,,,,,,,42.0,,,,,,,
mp_studded_leather_over_aketon,Studded Leather over Aketon,Item,BodyArmor,,neutral_culture,13.7,1.0,Native/ModuleData/mpitems.xml,,,,,,,,,,,,,,29.0,6.0,11.0,,,,
mp_eastern_stitched_leather_coat,Stitched Cured Leather Coat,Item,BodyArmor,,neutral_culture,13.9,1.0,Native/ModuleData/mpitems.xml,,,,,,,,,,,,,,30.0,3.0,12.0,,,,
mp_northern_leather_tabard,Leather Tabard,Item,BodyArmor,,neutral_culture,20.6,1.0,Native/ModuleData/mpitems.xml,,,,,,,,,,,,,,20.0,2.0,5.0,,,,
mp_aketon,Aketon,Item,BodyArmor,,neutral_culture,12.4,1.0,Native/ModuleData/mpitems.xml,,,,,,,,,,,,,,10.0,6.0,6.0,,,,
mp_white_coat_over_mail,White Tabard over Mail Hauberk,Item,BodyArmor,body_armor,neutral_culture,23.5,1.0,Native/ModuleData/mpitems.xml,,,,,,,,,,,,,,43.0,11.0,18.0,,,,
mp_leather_coat,Leather Tunic,Item,BodyArmor,body_armor,neutral_culture,13.9,1.0,Native/ModuleData/mpitems.xml,,,,,,,,,,,,,,26.0,2.0,9.0,,,,
mp_leather_coat_over_cloth,Leather Coat over Cloth,Item,BodyArmor,body_armor,vlandia,0.7,1.0,Native/ModuleData/mpitems.xml,,,,,,,,,,,,,,17.0,1.0,1.0,,,,
mp_padded_leather_shirt,Padded Leather Shirt,Item,BodyArmor,,neutral_culture,14.9,1.0,Native/ModuleData/mpitems.xml,,,,,,,,,,,,,,28.0,2.0,8.0,,,,
mp_desert_scale_armor,Luxury Scale Armor,Item,BodyArmor,,aserai,14.4,1.0,Native/ModuleData/mpitems.xml,,,,,,,,,,,,,,32.0,11.0,11.0,,,,
mp_banded_leather_over_mail,Banded Leather over Mail,Item,BodyArmor,,neutral_culture,24.7,1.0,Native/ModuleData/mpitems.xml,,,,,,,,,,,,,,39.0,3.0,17.0,,,,
mp_western_scale_mail,Scale Mail,Item,BodyArmor,,neutral_culture,27.7,1.0,Native/ModuleData/mpitems.xml,,,,,,,,,,,,,,43.0,2.0,19.0,,,,
mp_vlandia_chainmail,Vlandia Chainmail,Item,BodyArmor,,neutral_culture,23.0,1.0,Native/ModuleData/mpitems.xml,,,,,,,,,,,,,,37.0,4.0,12.0,,,,
mp_mail_shirt,Mail Shirt,Item,BodyArmor,body_armor,neutral_culture,22.0,1.0,Native/ModuleData/mpitems.xml,,,,,,,,,,,,,,35.0,3.0,8.0,,,,
mp_fur_skirt_with_tunic,Fur Skirt with Tunic,Item,BodyArmor,body_armor,neutral_culture,0.9,1.0,Native/ModuleData/mpitems.xml,,,,,,,,,,,,,,3.0,1.0,3.0,,,,
mp_spiked_kettle_over_imperial_padding,Spiked Kettle over Padding,Item,HeadArmor,,empire,1.5,1.0,Native/ModuleData/mpitems.xml,,,,,,,,,,,,,20.0,,,,,,,
mp_bearhead,Bear Head,Item,HeadArmor,head_armor,battania,1.4,1.0,Native/ModuleData/mpitems.xml,,,,,,,,,,,,,16.0,,,,,,,
mp_kettle_helmet_over_padded_cap,Kettle Helmet over Padded Cap,Item,HeadArmor,head_armor,vlandia,1.2,1.0,Native/ModuleData/mpitems.xml,,,,,,,,,,,,,20.0,,,,,,,
mp_empire_helmet_with_metal_strips,Guarded Lord Helmet,Item,headArmor,head_armor,empire,3.7,1.0,Native/ModuleData/mpitems.xml,,,,,,,,,,,,,38.0,,,,,,,
mp_pointed_skullcap_over_laced_coif,Pointed Skullcap over Laced Coif,Item,HeadArmor,head_armor,aserai,1.2,1.0,Native/ModuleData/mpitems.xml,,,,,,,,,,,,,22.0,,,,,,,
mp_empire_guarded_lord_helmet,Guarded Lord Helmet,Item,headArmor,head_armor,empire,3.7,1.0,Native/ModuleData/mpitems.xml,,,,,,,,,,,,,38.0,,,,,,,
mp_heavy_nasalhelm_over_imperial_mail,Heavy Nasalhelm over Mail,Item,HeadArmor,head_armor,empire,3.6,1.0,Native/ModuleData/mpitems.xml,,,,,,,,,,,,,34.0,,,,,,,
mp_leatherlame_nasalhelm_over_imperial_mail,Bronze Nasalhelm over Mail,Item,HeadArmor,,empire,3.7,1.0,Native/ModuleData/mpitems.xml,,,,,,,,,,,,,35.0,,,,,,,
mp_heavy_nasalhelm_over_laced_cloth,Heavy Nasalhelm over Laced Cloth,Item,HeadArmor,,empire,3.1,1.0,Native/ModuleData/mpitems.xml,,,,,,,,,,,,,13.0,,,,,,,
mp_empire_lord_helmet,Lordly Helmet,Item,headArmor,head_armor,empire,3.5,1.0,Native/ModuleData/mpitems.xml,,,,,,,,,,,,,37.0,,,,,,,
mp_laced_cloth_coif,Laced Cloth Coif,Item,HeadArmor,head_armor,empire,0.4,1.0,Native/ModuleData/mpitems.xml,,,,,,,,,,,,,4.0,,,,,,,
mp_coat_of_plates_over_mail,Brigandine over Mail,Item,BodyArmor,body_armor,neutral_culture,25.1,1.0,Native/ModuleData/mpitems.xml,,,,,,,,,,,,,,45.0,11.0,19.0,,,,
mp_sturgian_fortified_armor,Brigandine over Hauberk,Item,BodyArmor,body_armor,sturgia,28.6,1.0,Native/ModuleData/mpitems.xml,,,,,,,,,,,,,,49.0,20.0,25.0,,,,
mp_battanian_chainmail_armor_d,Highland Reinforced Fian Mail,Item,BodyArmor,body_armor,battania,16.6,1.0,Native/ModuleData/mpitems.xml,,,,,,,,,,,,,,34.0,4.0,8.0,,,,
mp_battanian_chainmail_armor_c,Highland Reinforced Mail over Tartan,Item,BodyArmor,body_armor,battania,14.7,1.0,Native/ModuleData/mpitems.xml,,,,,,,,,,,,,,32.0,4.0,8.0,,,,
mp_veteran_mercenary_armor,Fortified Mercenary Armor,Item,BodyArmor,body_armor,vlandia,8.2,1.0,Native/ModuleData/mpitems.xml,,,,,,,,,,,,,,24.0,12.0,13.0,,,,
mp_aserai_armor_02,Aserai Chain Mail,Item,BodyArmor,,aserai,17.0,1.0,Native/ModuleData/mpitems.xml,,,,,,,,,,,,,,31.0,15.0,14.0,,,,
mp_aserai_armor_02_b,Aserai Decorated Chain Mail,Item,BodyArmor,,aserai,18.0,1.0,Native/ModuleData/mpitems.xml,,,,,,,,,,,,,,32.0,15.0,14.0,,,,
mp_imperial_robes,Toga,Item,BodyArmor,,empire,0.9,1.0,Native/ModuleData/mpitems.xml,,,,,,,,,,,,,,8.0,4.0,3.0,,,,
mp_hauberk,Hauberk,Item,BodyArmor,body_armor,neutral_culture,23.7,1.0,Native/ModuleData/mpitems.xml,,,,,,,,,,,,,,34.0,3.0,12.0,,,,
mp_padded_cloth_with_strips,Padded Cloth with Strips,Item,BodyArmor,body_armor,empire,2.2,1.0,Native/ModuleData/mpitems.xml,,,,,,,,,,,,,,10.0,2.0,11.0,,,,
mp_empire_warrior_padded_armor_c,Infantryman Gambeson with Skirts,Item,BodyArmor,,neutral_culture,12.3,1.0,Native/ModuleData/mpitems.xml,,,,,,,,,,,,,,29.0,4.0,9.0,,,,
mp_fine_town_tunic,Rich Tunic,Item,BodyArmor,,empire,0.4,1.0,Native/ModuleData/mpitems.xml,,,,,,,,,,,,,,2.0,1.0,1.0,,,,
mp_imperial_lamellar_over_leather,Luxury Lamellar Vest over Leather,Item,BodyArmor,,neutral_culture,24.0,1.0,Native/ModuleData/mpitems.xml,,,,,,,,,,,,,,41.0,3.0,14.0,,,,
mp_nordic_hauberk,Huscarl Mail Shirt,Item,BodyArmor,body_armor,neutral_culture,19.7,1.0,Native/ModuleData/mpitems.xml,,,,,,,,,,,,,,33.0,3.0,12.0,,,,
mp_northern_coat_of_plates,Coat Of Plates,Item,BodyArmor,,neutral_culture,21.5,1.0,Native/ModuleData/mpitems.xml,,,,,,,,,,,,,,45.0,3.0,15.0,,,,
mp_woven_leather_coat,Boarskin Leather Coat,Item,BodyArmor,,neutral_culture,12.2,1.0,Native/ModuleData/mpitems.xml,,,,,,,,,,,,,,31.0,2.0,11.0,,,,
mp_imperial_mail_over_stripped_leather,Infantryman Mail over Stripped Leather,Item,BodyArmor,body_armor,neutral_culture,18.6,1.0,Native/ModuleData/mpitems.xml,,,,,,,,,,,,,,37.0,3.0,14.0,,,,
mp_battanian_chainmail_armor_a,Heavy Mail Vest,Item,BodyArmor,body_armor,battania,10.7,1.0,Native/ModuleData/mpitems.xml,,,,,,,,,,,,,,28.0,2.0,8.0,,,,
mp_battania_light_armor_c,Highland Long Tartan,Item,BodyArmor,body_armor,battania,2.4,1.0,Native/ModuleData/mpitems.xml,,,,,,,,,,,,,,7.0,0.0,3.0,,,,
mp_aserai_scale_armor_on_cloth,Mastercrafted Southern Scale Mail,Item,BodyArmor,,aserai,18.0,1.0,Native/ModuleData/mpitems.xml,,,,,,,,,,,,,,35.0,7.0,6.0,,,,
mp_empire_legion_b,Ornate Legionary Scale Mail,Item,BodyArmor,body_armor,empire,28.0,1.0,Native/ModuleData/mpitems.xml,,,,,,,,,,,,,,36.0,8.0,18.0,,,,
mp_empire_legion_a,Decorated Legionary Mail,Item,BodyArmor,body_armor,empire,22.0,1.0,Native/ModuleData/mpitems.xml,,,,,,,,,,,,,,30.0,8.0,18.0,,,,
mp_battania_light_armor_e,Tartan Toga,Item,BodyArmor,body_armor,battania,0.7,1.0,Native/ModuleData/mpitems.xml,,,,,,,,,,,,,,4.0,0.0,9.0,,,,
mp_battania_light_armor_d,Highland Kilt over Tartan Trousers,Item,BodyArmor,body_armor,battania,0.8,1.0,Native/ModuleData/mpitems.xml,,,,,,,,,,,,,,0.0,0.0,4.0,,,,
mp_varangian_bra_basic,Decorated Leather Harness,Item,Cape,,empire,2.5,1.0,Native/ModuleData/mpitems.xml,,,,,,,,,,,,,,4.0,7.0,,,,,
mp_varangian_bra_royal,Caped Leather Harness,Item,Cape,,empire,2.7,1.0,Native/ModuleData/mpitems.xml,,,,,,,,,,,,,,5.0,7.0,,,,,
mp_varangian_bra_padded,Decorated Leather Harness with Padding,Item,Cape,,empire,3.2,1.0,Native/ModuleData/mpitems.xml,,,,,,,,,,,,,,10.0,8.0,,,,,
mp_varangian_bra_scale,Decorated Leather Harness over Scale,Item,Cape,,empire,14.0,1.0,Native/ModuleData/mpitems.xml,,,,,,,,,,,,,,19.0,12.0,,,,,
mp_basic_imperial_leather_armor,Imperial Leather Armor,Item,BodyArmor,,neutral_culture,9.5,1.0,Native/ModuleData/mpitems.xml,,,,,,,,,,,,,,29.0,4.0,9.0,,,,
mp_imperial_lamellar,Cataphract Lamellar Armor,Item,BodyArmor,body_armor,neutral_culture,22.1,1.0,Native/ModuleData/mpitems.xml,,,,,,,,,,,,,,43.0,11.0,17.0,,,,
mp_eastern_lamellar_armor,Lancer Lamellar Armor,Item,BodyArmor,,neutral_culture,20.3,1.0,Native/ModuleData/mpitems.xml,,,,,,,,,,,,,,37.0,4.0,16.0,,,,
mp_eastern_plated_leather_vest,Brigandine Vest,Item,BodyArmor,,neutral_culture,25.5,1.0,Native/ModuleData/mpitems.xml,,,,,,,,,,,,,,36.0,2.0,8.0,,,,
mp_brass_lamellar_over_mail,Bronze Lamellar over Mail,Item,BodyArmor,,neutral_culture,22.5,1.0,Native/ModuleData/mpitems.xml,,,,,,,,,,,,,,44.0,11.0,19.0,,,,
mp_desert_lamellar,Aserai Lamellar Armor,Item,BodyArmor,body_armor,neutral_culture,25.8,1.0,Native/ModuleData/mpitems.xml,,,,,,,,,,,,,,40.0,4.0,10.0,,,,
mp_aserai_archer_armor,Gambeson over Mail Armor,Item,BodyArmor,body_armor,neutral_culture,18.6,1.0,Native/ModuleData/mpitems.xml,,,,,,,,,,,,,,36.0,11.0,14.0,,,,
mp_aserai_horseman_armor,Ring Mail,Item,BodyArmor,body_armor,neutral_culture,9.0,1.0,Native/ModuleData/mpitems.xml,,,,,,,,,,,,,,30.0,,8.0,,,,
mp_stitched_leather_over_mail,Stitched Leather over Mail,Item,BodyArmor,,neutral_culture,23.8,1.0,Native/ModuleData/mpitems.xml,,,,,,,,,,,,,,43.0,7.0,20.0,,,,
mp_desert_robe_over_mail,Robe over Mail Hauberk,Item,BodyArmor,,neutral_culture,18.9,1.0,Native/ModuleData/mpitems.xml,,,,,,,,,,,,,,33.0,4.0,15.0,,,,
mp_heavy_skirt,Imperial Lamellar Armor,Item,BodyArmor,,neutral_culture,22.7,1.0,Native/ModuleData/mpitems.xml,,,,,,,,,,,,,54.0,54.0,54.0,54.0,,,,
mp_medium_skirt,Thick Brigandine Vest,Item,BodyArmor,,neutral_culture,10.6,1.0,Native/ModuleData/mpitems.xml,,,,,,,,,,,,,33.0,33.0,33.0,33.0,,,,
mp_nordic_lamellar_vest,Heavy Lamellar Vest,Item,BodyArmor,,neutral_culture,16.7,1.0,Native/ModuleData/mpitems.xml,,,,,,,,,,,,,,44.0,2.0,12.0,,,,
mp_nordic_lamellar_armor,Sturgian Lamellar Armor,Item,BodyArmor,body_armor,neutral_culture,22.2,1.0,Native/ModuleData/mpitems.xml,,,,,,,,,,,,,,42.0,2.0,13.0,,,,
mp_battania_noble_armor,Highborn Mail Armor,Item,BodyArmor,body_armor,neutral_culture,25.0,1.0,Native/ModuleData/mpitems.xml,,,,,,,,,,,,,,43.0,4.0,18.0,,,,
mp_battanian_chainmail_armor_b,Highland Mail Shirt,Item,BodyArmor,body_armor,battania,10.7,1.0,Native/ModuleData/mpitems.xml,,,,,,,,,,,,,,23.0,4.0,4.0,,,,
mp_battania_warlord_armor,Scale Warlord Armor,Item,BodyArmor,body_armor,neutral_culture,20.9,1.0,Native/ModuleData/mpitems.xml,,,,,,,,,,,,,,41.0,4.0,16.0,,,,
mp_imperial_scale_armor,Heavy Scale Armor over Mail Hauberk,Item,BodyArmor,body_armor,neutral_culture,27.2,1.0,Native/ModuleData/mpitems.xml,,,,,,,,,,,,,,44.0,11.0,18.0,,,,
mp_lamellar_with_scale_skirt,Lamellar with Scale Skirt,Item,BodyArmor,,neutral_culture,26.0,1.0,Native/ModuleData/mpitems.xml,,,,,,,,,,,,,,45.0,11.0,20.0,,,,
mp_reinforced_leather_vambraces,Reinforced Leather Vambraces,Item,HandArmor,,neutral_culture,0.3,1.0,Native/ModuleData/mpitems.xml,,,,,,,,,,,,,,,11.0,,,,,
mp_buttoned_leather_bracers,Buttoned Leather Bracers,Item,HandArmor,,neutral_culture,0.5,1.0,Native/ModuleData/mpitems.xml,,,,,,,,,,,,,,,5.0,,,,,
mp_decorated_imperial_gauntlets,Decorated Imperial Gauntlets,Item,HandArmor,,empire,1.5,1.0,Native/ModuleData/mpitems.xml,,,,,,,,,,,,,,,29.0,,,,,
mp_padded_vambrace,Padded Vambraces,Item,HandArmor,,neutral_culture,0.1,1.0,Native/ModuleData/mpitems.xml,,,,,,,,,,,,,,,2.0,,,,,
mp_leather_gloves,Leather Gloves,Item,HandArmor,,neutral_culture,0.4,1.0,Native/ModuleData/mpitems.xml,,,,,,,,,,,,,,,5.0,,,,,
mp_reinforced_mail_mitten,Reinforced Mail Mittens,Item,HandArmor,,vlandia,1.6,1.0,Native/ModuleData/mpitems.xml,,,,,,,,,,,,,,,18.0,,,,,
mp_mail_mitten,Mail Mittens,Item,HandArmor,,neutral_culture,0.4,1.0,Native/ModuleData/mpitems.xml,,,,,,,,,,,,,,,8.0,,,,,
mp_reinforced_padded_mitten,Reinforced Padded Mittens,Item,HandArmor,,empire,0.9,1.0,Native/ModuleData/mpitems.xml,,,,,,,,,,,,,,,9.0,,,,,
mp_padded_mitten,Padded Mittens,Item,HandArmor,,empire,0.6,1.0,Native/ModuleData/mpitems.xml,,,,,,,,,,,,,,,7.0,,,,,
mp_woven_leather_bracers,Woven Leather Bracers,Item,HandArmor,,neutral_culture,1.0,1.0,Native/ModuleData/mpitems.xml,,,,,,,,,,,,,,,10.0,,,,,
mp_guarded_padded_vambrace,Guarded Padded Vambraces,Item,HandArmor,,neutral_culture,0.6,1.0,Native/ModuleData/mpitems.xml,,,,,,,,,,,,,,,6.0,,,,,
mp_eastern_wrapped_armguards,Wrapped Armguards,Item,HandArmor,,neutral_culture,0.5,1.0,Native/ModuleData/mpitems.xml,,,,,,,,,,,,,,,3.0,,,,,
mp_rough_tied_bracers,Rough Tied Bracers,Item,HandArmor,,battania,0.6,1.0,Native/ModuleData/mpitems.xml,,,,,,,,,,,,,,,4.0,,,,,
mp_studded_leather_vambraces,Studded Leather Vambraces,Item,HandArmor,,neutral_culture,0.9,1.0,Native/ModuleData/mpitems.xml,,,,,,,,,,,,,,,10.0,,,,,
mp_steppe_leather_vambraces,Steppe Leather Vambraces,Item,HandArmor,,neutral_culture,0.5,1.0,Native/ModuleData/mpitems.xml,,,,,,,,,,,,,,,4.0,,,,,
mp_armwraps,Armwraps,Item,HandArmor,,neutral_culture,0.2,1.0,Native/ModuleData/mpitems.xml,,,,,,,,,,,,,,,2.0,,,,,
mp_studded_vambraces,Studded Vambraces,Item,HandArmor,,khuzait,0.7,1.0,Native/ModuleData/mpitems.xml,,,,,,,,,,,,,,,9.0,,,,,
mp_highland_gloves,Fur Rimmed Leather Gloves,Item,HandArmor,,neutral_culture,1.0,1.0,Native/ModuleData/mpitems.xml,,,,,,,,,,,,,,,7.0,,,,,
mp_guarded_armwraps,Guarded Armwraps,Item,HandArmor,,neutral_culture,0.4,1.0,Native/ModuleData/mpitems.xml,,,,,,,,,,,,,,,3.0,,,,,
mp_ragged_armwraps,Ragged Armwraps,Item,HandArmor,,neutral_culture,0.4,1.0,Native/ModuleData/mpitems.xml,,,,,,,,,,,,,,,4.0,,,,,
mp_battania_noble_bracers,Battania Noble Bracers,Item,HandArmor,,neutral_culture,4.0,1.0,Native/ModuleData/mpitems.xml,,,,,,,,,,,,,,,10.0,,,,,
mp_lordly_mail_mitten,Heavy Mail Mittens,Item,HandArmor,,neutral_culture,1.7,1.0,Native/ModuleData/mpitems.xml,,,,,,,,,,,,,,,19.0,,,,,
mp_decorated_imperial_boots,Decorated Imperial Boots,Item,LegArmor,,neutral_culture,2.3,1.0,Native/ModuleData/mpitems.xml,,,,,,,,,,,,,,,,16.0,,,,
mp_northern_brass_bracers,Bronze Bracers,Item,HandArmor,,neutral_culture,1.3,1.0,Native/ModuleData/mpitems.xml,,,,,,,,,,,,,,,16.0,,,,,
mp_northern_plated_gloves,Plate Reinforced Gloves,Item,HandArmor,,neutral_culture,1.5,1.0,Native/ModuleData/mpitems.xml,,,,,,,,,,,,,,,17.0,,,,,
mp_lamellar_plate_gauntlets,Lamellar Plate Gauntlets,Item,HandArmor,,neutral_culture,1.8,1.0,Native/ModuleData/mpitems.xml,,,,,,,,,,,,,,,20.0,,,,,
mp_eastern_plated_leather_vambraces,Plated Leather Vambraces,Item,HandArmor,,neutral_culture,1.7,1.0,Native/ModuleData/mpitems.xml,,,,,,,,,,,,,,,18.0,,,,,
mp_battania_warlord_bracers,Scale Warlord Bracers,Item,HandArmor,,neutral_culture,1.5,1.0,Native/ModuleData/mpitems.xml,,,,,,,,,,,,,,,18.0,,,,,
mp_plated_strip_gauntlets,Plated Strip Gauntlets,Item,HandArmor,,neutral_culture,1.4,1.0,Native/ModuleData/mpitems.xml,,,,,,,,,,,,,,,15.0,,,,,
mp_ironlame_roundkettle_over_imperial_mail,Iron Roundkettle over Mail,Item,HeadArmor,head_armor,empire,2.85,1.0,Native/ModuleData/mpitems.xml,,,,,,,,,,,,,36.0,,,,,,,
mp_ironlame_nasalhelm_over_imperial_mail,Iron Nasalhelm over Mail,Item,HeadArmor,head_armor,empire,3.3,1.0,Native/ModuleData/mpitems.xml,,,,,,,,,,,,,48.0,,,,,,,
mp_desert_helmet_with_mail,Desert Helmet with Mail,Item,HeadArmor,head_armor,aserai,1.9,1.0,Native/ModuleData/mpitems.xml,,,,,,,,,,,,,22.0,,,,,,,
mp_strapped_shoes,Strapped Shoes,Item,LegArmor,,neutral_culture,0.7,1.0,Native/ModuleData/mpitems.xml,,,,,,,,,,,,,,,,4.0,,,,
mp_leather_cavalier_boots,Leather Cavalier Boots,Item,LegArmor,,neutral_culture,0.9,1.0,Native/ModuleData/mpitems.xml,,,,,,,,,,,,,,,,10.0,,,,
mp_woven_leather_boots,Woven Leather Boots,Item,LegArmor,,neutral_culture,0.3,1.0,Native/ModuleData/mpitems.xml,,,,,,,,,,,,,,,,8.0,,,,
mp_strapped_leather_boots,Strapped Leather Boots,Item,LegArmor,,neutral_culture,0.9,1.0,Native/ModuleData/mpitems.xml,,,,,,,,,,,,,,,,5.0,,,,
mp_leather_shoes,Leather Shoes,Item,LegArmor,,neutral_culture,0.7,1.0,Native/ModuleData/mpitems.xml,,,,,,,,,,,,,,,,3.0,,,,
mp_empire_horseman_boots,Courser Boots,Item,LegArmor,,neutral_culture,1.4,1.0,Native/ModuleData/mpitems.xml,,,,,,,,,,,,,,,,9.0,,,,
mp_steppe_leather_boots,Steppe Leather Boots,Item,LegArmor,,neutral_culture,0.8,1.0,Native/ModuleData/mpitems.xml,,,,,,,,,,,,,,,,7.0,,,,
mp_eastern_leather_boots,Curved Boots,Item,LegArmor,,neutral_culture,1.1,1.0,Native/ModuleData/mpitems.xml,,,,,,,,,,,,,,,,11.0,,,,
mp_reinforced_suede_boots,Reinforced Suede Boots,Item,LegArmor,,neutral_culture,4.0,1.0,Native/ModuleData/mpitems.xml,,,,,,,,,,,,,,,,9.0,,,,
mp_khuzait_curved_boots,Stapped Curved Boots,Item,LegArmor,,neutral_culture,0.1,1.0,Native/ModuleData/mpitems.xml,,,,,,,,,,,,,,,,10.0,,,,
mp_leather_boots,Leather Boots,Item,LegArmor,,neutral_culture,0.8,1.0,Native/ModuleData/mpitems.xml,,,,,,,,,,,,,,,,7.0,,,,
mp_wrapped_shoes,Wrapped Shoes,Item,LegArmor,,neutral_culture,2.0,1.0,Native/ModuleData/mpitems.xml,,,,,,,,,,,,,,,,4.0,,,,
mp_fine_town_boots,Fine Town Boots,Item,LegArmor,,neutral_culture,0.5,1.0,Native/ModuleData/mpitems.xml,,,,,,,,,,,,,,,,7.0,,,,
mp_battania_fur_boots,Highland Fur Boots,Item,LegArmor,,neutral_culture,1.5,1.0,Native/ModuleData/mpitems.xml,,,,,,,,,,,,,,,,12.0,,,,
mp_rough_tied_boots,Rough Tied Boots,Item,LegArmor,,battania,0.9,1.0,Native/ModuleData/mpitems.xml,,,,,,,,,,,,,,,,9.0,,,,
mp_highland_leg_wrappings,Highland Leg Wrappings,Item,LegArmor,,neutral_culture,1.0,1.0,Native/ModuleData/mpitems.xml,,,,,,,,,,,,,,,,6.0,,,,
mp_highland_boots,Highland Boots,Item,LegArmor,,neutral_culture,1.0,1.0,Native/ModuleData/mpitems.xml,,,,,,,,,,,,,,,,9.0,,,,
mp_wrapped_leather_boots,Wrapped Leather Boots,Item,LegArmor,,neutral_culture,1.0,1.0,Native/ModuleData/mpitems.xml,,,,,,,,,,,,,,,,9.0,,,,
mp_battania_warlord_boots,Highland Warlord Boots,Item,LegArmor,,neutral_culture,2.6,1.0,Native/ModuleData/mpitems.xml,,,,,,,,,,,,,,,,16.0,,,,
mp_battania_woodland_boots,Highland Woodland Boots,Item,LegArmor,,neutral_culture,1.0,1.0,Native/ModuleData/mpitems.xml,,,,,,,,,,,,,,,,10.0,,,,
mp_mail_cavalier_boots,Mail Cavalier Boots,Item,LegArmor,,neutral_culture,1.8,1.0,Native/ModuleData/mpitems.xml,,,,,,,,,,,,,,,,15.0,,,,
mp_lamellar_plate_boots,Lamellar Plate Boots,Item,LegArmor,,neutral_culture,3.5,1.0,Native/ModuleData/mpitems.xml,,,,,,,,,,,,,,,,20.0,,,,
mp_northern_plated_boots,Plated Boots,Item,LegArmor,,neutral_culture,2.9,1.0,Native/ModuleData/mpitems.xml,,,,,,,,,,,,,,,,17.0,,,,
mp_strapped_mail_chausses,Strapped Mail Chausses,Item,LegArmor,,neutral_culture,3.0,1.0,Native/ModuleData/mpitems.xml,,,,,,,,,,,,,,,,15.0,,,,
mp_battania_leather_boots,Highland Leather Boots,Item,LegArmor,,battania,1.0,1.0,Native/ModuleData/mpitems.xml,,,,,,,,,,,,,,,,11.0,,,,
mp_mail_chausses,Mail Chausses,Item,LegArmor,,neutral_culture,2.9,1.0,Native/ModuleData/mpitems.xml,,,,,,,,,,,,,,,,13.0,,,,
mp_plated_strip_boots,Splint Boots,Item,LegArmor,,neutral_culture,2.7,1.0,Native/ModuleData/mpitems.xml,,,,,,,,,,,,,,,,14.0,,,,
push_fork,Push Fork,Item,Polearm,two_handed_wpn,,2.0,,Native/ModuleData/mpitems.xml,TwoHandedPolearm,,70.0,,,200.0,5.0,Blunt,2.0,Blunt,,,,,,,,,,
mp_crossbow,Crossbow,Item,Crossbow,,neutral_culture,2.2,1.0,Native/ModuleData/mpitems.xml,Crossbow,,60.0,100.0,98.0,95.0,,,76.0,Pierce,,,,,,,,,,
mp_crossbow_faster_reload,Hickory Crossbow,Item,Crossbow,,neutral_culture,2.2,1.0,Native/ModuleData/mpitems.xml,Crossbow,,63.0,82.0,97.0,95.0,,,76.0,Pierce,,,,,,,,,,
mp_light_crossbow,Light Crossbow,Item,Crossbow,,neutral_culture,1.0,1.0,Native/ModuleData/mpitems.xml,Crossbow,,77.0,77.0,95.0,95.0,,,67.0,Pierce,,,,,,,,,,
mp_heavier_crossbow_faster_draw,Heavy Crossbow,Item,Crossbow,,neutral_culture,2.7,1.0,Native/ModuleData/mpitems.xml,Crossbow,,61.0,110.0,99.0,95.0,,,84.0,Pierce,,,,,,,,,,
mp_heavier_crossbow,Arbalest,Item,Crossbow,,neutral_culture,3.0,1.0,Native/ModuleData/mpitems.xml,Crossbow,,57.0,110.0,100.0,100.0,,,84.0,Pierce,,,,,,,,,,
mp_steppe_short_bow,Steppe Short Bow,Item,Bow,,neutral_culture,1.1,1.0,Native/ModuleData/mpitems.xml,Bow,,86.0,70.0,94.0,93.0,,,52.0,Pierce,,,,,,,,,,
mp_steppe_fast_short_bow,Steppe Fast Short Bow,Item,Bow,,neutral_culture,1.2,1.0,Native/ModuleData/mpitems.xml,Bow,,96.0,64.0,90.0,95.0,,,50.0,Pierce,,,,,,,,,,
mp_steppe_superior_bow,Steppe Superior Bow,Item,Bow,,,1.4,1.0,Native/ModuleData/mpitems.xml,Bow,,90.0,65.0,98.0,95.0,,,48.0,Pierce,,,,,,,,,,
mp_hunting_bow,Hunting Bow,Item,Bow,,neutral_culture,1.0,1.0,Native/ModuleData/mpitems.xml,Bow,,91.0,64.0,80.0,95.0,,,40.0,Pierce,,,,,,,,,,
mp_hunting_bow_faster_arrows,Hunting Bow,Item,Bow,,neutral_culture,1.0,1.0,Native/ModuleData/mpitems.xml,Bow,,91.0,85.0,89.0,95.0,,,42.0,Pierce,,,,,,,,,,
mp_fast_hunting_bow,Fast Hunting Bow,Item,Bow,,neutral_culture,1.0,1.0,Native/ModuleData/mpitems.xml,Bow,,91.0,64.0,70.0,95.0,,,30.0,Pierce,,,,,,,,,,
mp_nomad_bow,Nomad Short Bow,Item,Bow,,,0.7,1.0,Native/ModuleData/mpitems.xml,Bow,,89.0,75.0,95.0,110.0,,,45.0,Pierce,,,,,,,,,,
mp_short_bow,Short Bow,Item,Bow,,neutral_culture,1.2,1.0,Native/ModuleData/mpitems.xml,Bow,,89.0,70.0,90.0,95.0,,,48.0,Pierce,,,,,,,,,,
mp_hunting_long_bow,Hunting Longbow,Item,Bow,,neutral_culture,2.0,1.0,Native/ModuleData/mpitems.xml,Bow,,86.0,68.0,94.0,95.0,,,55.0,Pierce,,,,,,,,,,
mp_recurve_bow,Recurve Bow,Item,Bow,,neutral_culture,1.6,1.0,Native/ModuleData/mpitems.xml,Bow,,88.0,73.0,95.0,95.0,,,50.0,Pierce,,,,,,,,,,
mp_guards_bow,Guard's Bow,Item,Bow,,neutral_culture,1.6,1.0,Native/ModuleData/mpitems.xml,Bow,,88.0,73.0,95.0,95.0,,,63.0,Pierce,,,,,,,,,,
mp_superior_bow,Superior Bow,Item,Bow,,,1.5,1.0,Native/ModuleData/mpitems.xml,Bow,,89.0,65.0,98.0,95.0,,,45.0,Pierce,,,,,,,,,,
mp_mountain_hunting_bow,Mountain Hunting Bow,Item,Bow,,neutral_culture,0.5,1.0,Native/ModuleData/mpitems.xml,Bow,,92.0,65.0,83.0,108.0,,,40.0,Pierce,,,,,,,,,,
mp_nordic_short_bow,Nordic Shortbow,Item,Bow,,neutral_culture,0.5,1.0,Native/ModuleData/mpitems.xml,Bow,,93.0,60.0,80.0,108.0,,,45.0,Pierce,,,,,,,,,,
mp_fast_short_bow,Fast Short Bow,Item,Bow,,neutral_culture,1.2,1.0,Native/ModuleData/mpitems.xml,Bow,,93.0,61.0,88.0,95.0,,,48.0,Pierce,,,,,,,,,,
mp_strong_recurve_bow,Composite Bow,Item,Bow,,neutral_culture,1.8,1.0,Native/ModuleData/mpitems.xml,Bow,,89.0,70.0,96.0,95.0,,,59.0,Pierce,,,,,,,,,,
mp_long_bow,Longbow,Item,Bow,,neutral_culture,2.0,1.0,Native/ModuleData/mpitems.xml,Bow,,85.0,80.0,96.0,95.0,,,58.0,Pierce,,,,,,,,,,
mp_imperial_recurve_bow,Imperial Recurve Bow,Item,Bow,,neutral_culture,0.8,1.0,Native/ModuleData/mpitems.xml,Bow,,88.0,60.0,98.0,95.0,,,51.0,Pierce,,,,,,,,,,
mp_lowland_long_bow,Lowland Longbow,Item,Bow,bow,neutral_culture,1.0,1.0,Native/ModuleData/mpitems.xml,Bow,,83.0,80.0,95.0,95.0,,,55.0,Pierce,,,,,,,,,,
mp_woodland_long_bow,Woodland Longbow,Item,Bow,,neutral_culture,1.0,1.0,Native/ModuleData/mpitems.xml,Bow,,86.0,75.0,97.0,95.0,,,67.0,Pierce,,,,,,,,,,
mp_tribesman_long_bow,Tribesman Longbow,Item,Bow,,neutral_culture,1.0,1.0,Native/ModuleData/mpitems.xml,Bow,,86.0,90.0,97.0,95.0,,,65.0,Pierce,,,,,,,,,,
mp_yeow_long_bow,Yeow Longbow,Item,Bow,,neutral_culture,2.4,1.0,Native/ModuleData/mpitems.xml,Bow,,84.0,90.0,98.0,95.0,,,67.0,Pierce,,,,,,,,,,
mp_hunting_bow_captain,Hunting Bow,Item,Bow,,neutral_culture,1.0,1.0,Native/ModuleData/mpitems.xml,Bow,,91.0,64.0,90.0,95.0,,,38.0,Pierce,,,,,,,,,,
mp_recurve_bow_captain,Recurve Bow,Item,Bow,,neutral_culture,1.6,1.0,Native/ModuleData/mpitems.xml,Bow,,88.0,73.0,96.0,95.0,,,50.0,Pierce,,,,,,,,,,
mp_bolts_western,Bolt,Item,Bolts,,,0.05,1.0,Native/ModuleData/mpitems.xml,Bolt,25.0,0.0,10.0,,37.0,,,0.0,Pierce,,,,,,,,,,
mp_bolts_western_extra,Bolt,Item,Bolts,,,0.05,1.0,Native/ModuleData/mpitems.xml,Bolt,35.0,0.0,10.0,,37.0,,,0.0,Pierce,,,,,,,,,,
mp_bolts_western_extra_captain,Bolt,Item,Bolts,,,0.05,1.0,Native/ModuleData/mpitems.xml,Bolt,45.0,0.0,10.0,,37.0,,,0.0,Pierce,,,,,,,,,,
mp_bolts_strong,Strong Bolt,Item,Bolts,,,0.06,1.0,Native/ModuleData/mpitems.xml,Bolt,25.0,0.0,10.0,,47.0,,,4.0,Pierce,,,,,,,,,,
mp_bolts_imperial,Imperial Bolt,Item,Bolts,,,0.05,1.0,Native/ModuleData/mpitems.xml,Bolt,25.0,0.0,10.0,,37.0,,,0.0,Pierce,,,,,,,,,,
mp_arrows_steppe,Khuzait Arrow,Item,Arrows,,khuzait,0.05,1.0,Native/ModuleData/mpitems.xml,Arrow,35.0,0.0,10.0,,97.0,,,0.0,Pierce,,,,,,,,,,
mp_arrows_steppe_extra,Khuzait Arrow,Item,Arrows,,khuzait,0.05,1.0,Native/ModuleData/mpitems.xml,Arrow,50.0,0.0,10.0,,97.0,,,0.0,Pierce,,,,,,,,,,
mp_arrows_steppe_strong,Heavy Khuzait Arrow,Item,Arrows,,khuzait,0.06,1.0,Native/ModuleData/mpitems.xml,Arrow,35.0,0.0,10.0,,97.0,,,4.0,Pierce,,,,,,,,,,
mp_arrows_steppe_mounted,Khuzait Arrow,Item,Arrows,,khuzait,0.05,1.0,Native/ModuleData/mpitems.xml,Arrow,32.0,0.0,10.0,,97.0,,,0.0,Pierce,,,,,,,,,,
mp_arrows_steppe_extra_mounted,Khuzait Arrow,Item,Arrows,,khuzait,0.05,1.0,Native/ModuleData/mpitems.xml,Arrow,47.0,0.0,10.0,,97.0,,,0.0,Pierce,,,,,,,,,,
mp_arrows_steppe_strong_mounted,Heavy Khuzait Arrow,Item,Arrows,,khuzait,0.06,1.0,Native/ModuleData/mpitems.xml,Arrow,32.0,0.0,10.0,,97.0,,,4.0,Pierce,,,,,,,,,,
mp_arrows_bodkin,Bodkin Arrow,Item,Arrows,,,0.05,1.0,Native/ModuleData/mpitems.xml,Arrow,35.0,0.0,10.0,,97.0,,,0.0,Pierce,,,,,,,,,,
mp_arrows_bodkin_extra,Bodkin Arrow,Item,Arrows,,,0.05,1.0,Native/ModuleData/mpitems.xml,Arrow,50.0,0.0,10.0,,97.0,,,0.0,Pierce,,,,,,,,,,
mp_arrows_bodkin_strong,Heavy Bodkin Arrow,Item,Arrows,,,0.06,1.0,Native/ModuleData/mpitems.xml,Arrow,35.0,0.0,10.0,,97.0,,,4.0,Pierce,,,,,,,,,,
mp_arrows_barbed,Barbed Arrow,Item,Arrows,arrows,,0.05,1.0,Native/ModuleData/mpitems.xml,Arrow,35.0,0.0,10.0,,97.0,,,0.0,Pierce,,,,,,,,,,
mp_arrows_barbed_extra,Barbed Arrow,Item,Arrows,arrows,,0.05,1.0,Native/ModuleData/mpitems.xml,Arrow,50.0,0.0,10.0,,97.0,,,0.0,Pierce,,,,,,,,,,
mp_arrows_barbed_mounted,Barbed Arrow,Item,Arrows,arrows,,0.05,1.0,Native/ModuleData/mpitems.xml,Arrow,32.0,0.0,10.0,,97.0,,,0.0,Pierce,,,,,,,,,,
mp_arrows_barbed_strong,Heavy Barbed Arrow,Item,Arrows,,,0.06,1.0,Native/ModuleData/mpitems.xml,Arrow,35.0,0.0,10.0,,97.0,,,4.0,Pierce,,,,,,,,,,
mp_strapped_round_shield,Reinforced Large Round Shield,Item,Shield,,sturgia,4.7,1.0,Native/ModuleData/mpitems.xml,LargeShield,,82.0,,,70.0,,,5.0,Blunt,150.0,5.0,,,,,,,,
mp_noyans_shield,Decorated Khuzait Shield,Item,Shield,,,4.7,1.0,Native/ModuleData/mpitems.xml,LargeShield,,82.0,,,60.0,,,,Blunt,105.0,25.0,,,,,,,,
mp_wide_heater_shield,Wide Heater Shield,Item,Shield,,,4.7,1.0,Native/ModuleData/mpitems.xml,LargeShield,,82.0,,,90.0,,,,Blunt,140.0,15.0,,,,,,,,
mp_worn_kite_shield,Worn Kite Shield,Item,Shield,,neutral_culture,1.2,1.0,Native/ModuleData/mpitems.xml,LargeShield,,82.0,,,128.0,,,,Blunt,80.0,5.0,,,,,,,,
mp_old_kite_sparring_shield,Makeshift Kite Sparring Shield,Item,Shield,,,1.0,1.0,Native/ModuleData/mpitems.xml,LargeShield,,82.0,,,170.0,,,,Blunt,130.0,1.0,,,,,,,,
mp_heavy_heater_shield,Heavy Heater Shield,Item,Shield,,vlandia,2.0,1.0,Native/ModuleData/mpitems.xml,LargeShield,,82.0,,,100.0,,,,Blunt,310.0,20.0,,,,,,,,
mp_western_kite_shield,Kite Shield,Item,Shield,,neutral_culture,2.0,1.0,Native/ModuleData/mpitems.xml,LargeShield,,82.0,,,110.0,,,,Blunt,120.0,5.0,,,,,,,,
mp_tall_heater_shield,Tall Heater Shield,Item,Shield,,neutral_culture,2.1,1.0,Native/ModuleData/mpitems.xml,LargeShield,,82.0,,,105.0,,,,Blunt,245.0,20.0,,,,,,,,
mp_tall_heater_shield_light,Light Tall Heater Shield,Item,Shield,,neutral_culture,2.1,1.0,Native/ModuleData/mpitems.xml,LargeShield,,82.0,,,105.0,,,,Blunt,135.0,9.0,,,,,,,,
mp_pavise_shield,Pavise Shield,Item,Shield,,neutral_culture,2.0,1.0,Native/ModuleData/mpitems.xml,LargeShield,,82.0,,,118.0,,,,Blunt,160.0,15.0,,,,,,,,
mp_western_riders_kite_shield,Cavalry Kite Shield,Item,Shield,,neutral_culture,4.7,1.0,Native/ModuleData/mpitems.xml,LargeShield,,82.0,,,85.0,,,,Blunt,105.0,5.0,,,,,,,,
mp_heavy_horsemans_kite_shield,Heavy Horseman Kite Shield,Item,Shield,,neutral_culture,4.9,1.0,Native/ModuleData/mpitems.xml,LargeShield,,82.0,,,78.0,,,,Blunt,130.0,15.0,,,,,,,,
mp_viking_round_shield,Sturgian Round Shield,Item,Shield,,neutral_culture,3.5,1.0,Native/ModuleData/mpitems.xml,LargeShield,,82.0,,,70.0,,,5.0,Blunt,125.0,15.0,,,,,,,,
mp_worn_horsemans_kite_shield,Worn Horseman Kite Shield,Item,Shield,,neutral_culture,4.0,1.0,Native/ModuleData/mpitems.xml,LargeShield,,82.0,,,78.0,,,,Blunt,105.0,5.0,,,,,,,,
mp_ironrim_kite_shield,Ironrimmed Kite Shield,Item,Shield,,neutral_culture,4.7,1.0,Native/ModuleData/mpitems.xml,LargeShield,,82.0,,,110.0,,,,Blunt,140.0,10.0,,,,,,,,
mp_highland_scouts_shield,Battanian Scout Shield,Item,Shield,,neutral_culture,2.5,1.0,Native/ModuleData/mpitems.xml,LargeShield,,82.0,,,60.0,,,,Blunt,140.0,5.0,,,,,,,,
mp_leather_round_shield,Large Round Shield,Item,Shield,,sturgia,2.1,1.0,Native/ModuleData/mpitems.xml,LargeShield,,82.0,,,70.0,,,5.0,Blunt,250.0,20.0,,,,,,,,
mp_leather_round_shield_light,Light Round Shield,Item,Shield,,sturgia,2.8,1.0,Native/ModuleData/mpitems.xml,LargeShield,,82.0,,,70.0,,,5.0,Blunt,190.0,8.0,,,,,,,,
mp_curved_round_shield,Curved Round Shield,Item,Shield,,neutral_culture,5.0,1.0,Native/ModuleData/mpitems.xml,LargeShield,,82.0,,,66.0,,,,Blunt,100.0,15.0,,,,,,,,
mp_decorated_steppe_shield,Round Khuzait Shield,Item,Shield,,neutral_culture,4.7,1.0,Native/ModuleData/mpitems.xml,LargeShield,,82.0,,,60.0,,,,Blunt,105.0,20.0,,,,,,,,
mp_studded_round_shield,Studded Round Shield,Item,Shield,,neutral_culture,4.5,1.0,Native/ModuleData/mpitems.xml,LargeShield,,82.0,,,60.0,,,,Blunt,105.0,5.0,,,,,,,,
mp_northern_scouts_shield,Sturgian Kite Shield,Item,Shield,,,2.5,1.0,Native/ModuleData/mpitems.xml,LargeShield,,82.0,,,78.0,,,,Blunt,100.0,5.0,,,,,,,,
mp_ironrim_riders_kite_shield,Reinforced Iron Rimmed Kite Shield,Item,Shield,,,4.7,1.0,Native/ModuleData/mpitems.xml,LargeShield,,82.0,,,85.0,,,,Blunt,105.0,5.0,,,,,,,,
mp_leather_bound_kite_shield,Leather Bound Kite Shield,Item,Shield,,,1.2,1.0,Native/ModuleData/mpitems.xml,LargeShield,,82.0,,,128.0,,,,Blunt,80.0,5.0,,,,,,,,
mp_tribal_steppe_shield,Tribal Khuzait Shield,Item,Shield,,neutral_culture,4.7,1.0,Native/ModuleData/mpitems.xml,LargeShield,,82.0,,,60.0,,,,Blunt,105.0,20.0,,,,,,,,
mp_footmans_wicker_shield,Footman Wicker Shield,Item,Shield,,neutral_culture,2.7,1.0,Native/ModuleData/mpitems.xml,LargeShield,,82.0,,,95.0,,,,Blunt,230.0,15.0,,,,,,,,
mp_battania_targe_b,Targe,Item,Shield,,neutral_culture,2.5,1.0,Native/ModuleData/mpitems.xml,LargeShield,,82.0,,,77.0,,,,Blunt,130.0,8.0,,,,,,,,
mp_small_flat_heater_shield,Small Heater Shield,Item,Shield,,neutral_culture,1.0,1.0,Native/ModuleData/mpitems.xml,LargeShield,,82.0,,,77.0,,,,Blunt,20.0,1.0,,,,,,,,
mp_bound_desert_round_shield,Bound Desert Round Shield,Item,Shield,,neutral_culture,2.0,1.0,Native/ModuleData/mpitems.xml,LargeShield,,82.0,,,60.0,,,,Blunt,140.0,5.0,,,,,,,,
mp_battania_large_shield_a,Battanian Reinforced Large Shield,Item,Shield,,,1.2,1.0,Native/ModuleData/mpitems.xml,LargeShield,,82.0,,,150.0,,,,Blunt,140.0,5.0,,,,,,,,
mp_battania_large_shield_b,Battanian Large Bronze Shield,Item,Shield,,,1.2,1.0,Native/ModuleData/mpitems.xml,LargeShield,,82.0,,,150.0,,,,Blunt,90.0,5.0,,,,,,,,
mp_desert_oval_shield,Aserai Oval Shield,Item,Shield,,neutral_culture,1.2,1.0,Native/ModuleData/mpitems.xml,LargeShield,,82.0,,,110.0,,,,Blunt,100.0,5.0,,,,,,,,
mp_oval_shield,Wooden Oval Shield,Item,Shield,,,2.1,1.0,Native/ModuleData/mpitems.xml,LargeShield,,82.0,,,132.0,,,,Blunt,140.0,10.0,,,,,,,,
mp_bound_adarga,Bound Adarga,Item,Shield,,neutral_culture,3.7,1.0,Native/ModuleData/mpitems.xml,LargeShield,,82.0,,,60.0,,,,Blunt,105.0,5.0,,,,,,,,
mp_desert_round_shield,Round Shield,Item,Shield,,neutral_culture,4.0,1.0,Native/ModuleData/mpitems.xml,LargeShield,,82.0,,,70.0,,,,Blunt,105.0,15.0,,,,,,,,
mp_old_horsemans_kite_shield,Old Horseman Kite Shield,Item,Shield,,neutral_culture,3.6,1.0,Native/ModuleData/mpitems.xml,LargeShield,,82.0,,,78.0,,,,Blunt,100.0,5.0,,,,,,,,
mp_northern_round_shield,Sturgian Round Shield,Item,Shield,,neutral_culture,3.2,1.0,Native/ModuleData/mpitems.xml,LargeShield,,82.0,,,70.0,,,5.0,Blunt,130.0,5.0,,,,,,,,
mp_sturgia_old_shield_a,Iron Rimmed Large Round Shield,Item,Shield,,sturgia,2.0,1.0,Native/ModuleData/mpitems.xml,LargeShield,,82.0,,,70.0,,,5.0,Blunt,200.0,10.0,,,,,,,,
mp_sturgia_old_shield_b,Crude Large Round Shield,Item,Shield,,sturgia,2.0,1.0,Native/ModuleData/mpitems.xml,LargeShield,,82.0,,,70.0,,,5.0,Blunt,200.0,0.0,,,,,,,,
mp_reinforced_horsemans_kite_shield,Reinforced Horseman Kite Shield,Item,Shield,,neutral_culture,5.8,1.0,Native/ModuleData/mpitems.xml,LargeShield,,82.0,,,78.0,,,5.0,Blunt,105.0,5.0,,,,,,,,
mp_steel_round_shield,Steel Round Shield,Item,Shield,,aserai,4.0,1.0,Native/ModuleData/mpitems.xml,LargeShield,,82.0,,,60.0,,,,Blunt,200.0,30.0,,,,,,,,
mp_heavy_oval_shield,Heavy Oval Shield,Item,Shield,,neutral_culture,2.2,1.0,Native/ModuleData/mpitems.xml,LargeShield,,82.0,,,135.0,,,,Blunt,240.0,20.0,,,,,,,,
mp_light_oval_shield,Light Oval Shield,Item,Shield,,neutral_culture,2.0,1.0,Native/ModuleData/mpitems.xml,LargeShield,,89.0,,,135.0,,,,Blunt,160.0,10.0,,,,,,,,
mp_highland_riders_shield,Battanian Cavalry Shield,Item,Shield,,neutral_culture,4.7,1.0,Native/ModuleData/mpitems.xml,LargeShield,,82.0,,,60.0,,,,Blunt,105.0,15.0,,,,,,,,
mp_northern_horsemans_shield,Sturgian Horseman Shield,Item,Shield,,neutral_culture,4.7,1.0,Native/ModuleData/mpitems.xml,LargeShield,,82.0,,,78.0,,,,Blunt,105.0,10.0,,,,,,,,
mp_emirs_oval_shield,Decorated Oval Shield,Item,Shield,,neutral_culture,2.3,1.0,Native/ModuleData/mpitems.xml,LargeShield,,82.0,,,110.0,,,,Blunt,160.0,20.0,,,,,,,,
mp_southern_oval_shield,Reinforced Oval Shield,Item,Shield,,,4.7,1.0,Native/ModuleData/mpitems.xml,LargeShield,,82.0,,,110.0,,,,Blunt,125.0,10.0,,,,,,,,
mp_stronger_reinforced_kite_shield,Reinforced Oaken Kite Shield,Item,Shield,,,2.2,1.0,Native/ModuleData/mpitems.xml,LargeShield,,82.0,,,128.0,,,,Blunt,240.0,20.0,,,,,,,,
mp_reinforced_flat_kite_shield,Reinforced Flat Kite Shield,Item,Shield,,,2.2,1.0,Native/ModuleData/mpitems.xml,LargeShield,,82.0,,,110.0,,,,Blunt,150.0,10.0,,,,,,,,
mp_lighter_reinforced_kite_shield,Lighter Oaken Kite Shield,Item,Shield,,,3.2,1.0,Native/ModuleData/mpitems.xml,LargeShield,,82.0,,,128.0,,,,Blunt,130.0,10.0,,,,,,,,
mp_steppe_guardian_shield,Khuzait Cavalry Shield,Item,Shield,,,2.7,1.0,Native/ModuleData/mpitems.xml,LargeShield,,82.0,,,60.0,,,,Blunt,100.0,25.0,,,,,,,,
mp_eastern_wicker_shield,Wicker Square Shield,Item,Shield,,,2.7,1.0,Native/ModuleData/mpitems.xml,LargeShield,,82.0,,,90.0,,,,Blunt,150.0,10.0,,,,,,,,
mp_stronger_eastern_wicker_shield,Reinforced Wicker Square Shield,Item,Shield,,,2.7,1.0,Native/ModuleData/mpitems.xml,LargeShield,,82.0,,,90.0,,,,Blunt,230.0,15.0,,,,,,,,
mp_vlandia_horse,Saddle Horse,Item,Horse,horse,,400.0,1.0,Native/ModuleData/mpitems.xml,,,,,,,,,,,,,,,,,41.0,61.0,4.0,15.0
mp_vlandia_horse_faster,Hunter,Item,Horse,horse,,390.0,1.0,Native/ModuleData/mpitems.xml,,,,,,,,,,,,,,,,,46.0,65.0,3.0,15.0
mp_vlandia_horse_agile,Jaculan Horse,Item,Horse,horse,,385.0,1.0,Native/ModuleData/mpitems.xml,,,,,,,,,,,,,,,,,43.0,72.0,3.0,15.0
mp_vlandia_horse_war,Charger,Item,Horse,horse,,420.0,1.0,Native/ModuleData/mpitems.xml,,,,,,,,,,,,,,,,,38.0,65.0,7.0,60.0
mp_vlandia_horse_war_tougher,Brawler,Item,Horse,horse,,420.0,1.0,Native/ModuleData/mpitems.xml,,,,,,,,,,,,,,,,,38.0,63.0,9.0,100.0
mp_vlandia_horse_war_faster,Faster Charger,Item,Horse,horse,,410.0,1.0,Native/ModuleData/mpitems.xml,,,,,,,,,,,,,,,,,42.0,69.0,7.0,75.0
mp_sturgia_horse,Trotter,Item,Horse,horse,,400.0,1.0,Native/ModuleData/mpitems.xml,,,,,,,,,,,,,,,,,44.0,60.0,4.0,5.0
mp_sturgia_horse_agile,Sturgian Chaser,Item,Horse,horse,sturgia,405.0,1.0,Native/ModuleData/mpitems.xml,,,,,,,,,,,,,,,,,41.0,74.0,6.0,80.0
mp_sturgia_horse_war,Tyal Horse,Item,Horse,horse,,420.0,1.0,Native/ModuleData/mpitems.xml,,,,,,,,,,,,,,,,,40.0,66.0,6.0,80.0
mp_sturgia_horse_tougher,Tougher Tyal Horse,Item,Horse,horse,,420.0,1.0,Native/ModuleData/mpitems.xml,,,,,,,,,,,,,,,,,39.0,64.0,9.0,100.0
mp_khuzait_horse_saddle,Steppe Saddle Horse,Item,Horse,horse,,430.0,1.0,Native/ModuleData/mpitems.xml,,,,,,,,,,,,,,,,,38.0,64.0,2.0,-5.0
mp_khuzait_horse_saddle_thougher,Steppe Tough Horse,Item,Horse,horse,,435.0,1.0,Native/ModuleData/mpitems.xml,,,,,,,,,,,,,,,,,38.0,65.0,5.0,30.0
mp_khuzait_horse,Steppe Horse,Item,Horse,horse,,380.0,1.0,Native/ModuleData/mpitems.xml,,,,,,,,,,,,,,,,,41.0,68.0,4.0,-15.0
mp_khuzait_horse_agile,Tarpan,Item,Horse,horse,,370.0,1.0,Native/ModuleData/mpitems.xml,,,,,,,,,,,,,,,,,42.0,74.0,6.0,-15.0
mp_khuzait_horse_war,Steppe Warhorse,Item,Horse,horse,,390.0,1.0,Native/ModuleData/mpitems.xml,,,,,,,,,,,,,,,,,39.0,69.0,6.0,50.0
mp_khuzait_horse_war_light,Steppe Battlehorse,Item,Horse,horse,,375.0,1.0,Native/ModuleData/mpitems.xml,,,,,,,,,,,,,,,,,40.0,68.0,6.0,60.0
mp_khuzait_horse_tougher,Makeb Horse,Item,Horse,horse,,395.0,1.0,Native/ModuleData/mpitems.xml,,,,,,,,,,,,,,,,,39.0,72.0,8.0,95.0
mp_khuzait_horse_charger,Steppe Charger,Item,Horse,horse,,390.0,1.0,Native/ModuleData/mpitems.xml,,,,,,,,,,,,,,,,,41.0,68.0,9.0,-15.0
mp_empire_horse,Courser,Item,Horse,horse,,405.0,1.0,Native/ModuleData/mpitems.xml,,,,,,,,,,,,,,,,,44.0,61.0,4.0,15.0
mp_empire_horse_agile,Midlands Palfrey,Item,Horse,horse,,390.0,1.0,Native/ModuleData/mpitems.xml,,,,,,,,,,,,,,,,,45.0,69.0,4.0,15.0
mp_empire_horse_faster,Danustica Horse,Item,Horse,horse,,395.0,1.0,Native/ModuleData/mpitems.xml,,,,,,,,,,,,,,,,,48.0,63.0,4.0,15.0
mp_empire_horse_war,Imperial Warhorse,Item,Horse,horse,,425.0,1.0,Native/ModuleData/mpitems.xml,,,,,,,,,,,,,,,,,38.0,62.0,7.0,95.0
mp_empire_horse_war_agile,War Courser,Item,Horse,horse,,410.0,1.0,Native/ModuleData/mpitems.xml,,,,,,,,,,,,,,,,,44.0,69.0,7.0,90.0
mp_empire_horse_war_charger,Imperial Charger,Item,Horse,horse,,425.0,1.0,Native/ModuleData/mpitems.xml,,,,,,,,,,,,,,,,,40.0,62.0,10.0,95.0
mp_aserai_horse,Desert horse,Item,Horse,horse,,400.0,1.0,Native/ModuleData/mpitems.xml,,,,,,,,,,,,,,,,,49.0,55.0,4.0,-5.0
mp_aserai_horse_agile,Nahasan,Item,Horse,horse,,400.0,1.0,Native/ModuleData/mpitems.xml,,,,,,,,,,,,,,,,,50.0,68.0,4.0,0.0
mp_aserai_horse_war,Barb Horse,Item,Horse,horse,,420.0,1.0,Native/ModuleData/mpitems.xml,,,,,,,,,,,,,,,,,45.0,57.0,7.0,65.0
mp_aserai_horse_war_faster,Tough Nahasan,Item,Horse,horse,,410.0,1.0,Native/ModuleData/mpitems.xml,,,,,,,,,,,,,,,,,49.0,59.0,6.0,60.0
mp_aserai_horse_war_agile,Agile Barb Horse,Item,Horse,horse,,405.0,1.0,Native/ModuleData/mpitems.xml,,,,,,,,,,,,,,,,,46.0,65.0,6.0,60.0
mp_aserai_camel,Husnphree,Item,Horse,,neutral_culture,500.0,1.0,Native/ModuleData/mpitems.xml,,,,,,,,,,,,,,,,,40.0,70.0,7.0,70.0
mp_battania_pony,Dale Pony,Item,Horse,horse,,370.0,1.0,Native/ModuleData/mpitems.xml,,,,,,,,,,,,,,,,,42.0,62.0,4.0,25.0
mp_battania_pony_agile,Agile Dale Pony,Item,Horse,horse,,360.0,1.0,Native/ModuleData/mpitems.xml,,,,,,,,,,,,,,,,,44.0,72.0,4.0,25.0
mp_battania_horse_war,Fell Pony,Item,Horse,horse,,390.0,1.0,Native/ModuleData/mpitems.xml,,,,,,,,,,,,,,,,,40.0,67.0,8.0,70.0
mp_light_harness,Light Harness,Item,HorseHarness,,neutral_culture,20.0,1.0,Native/ModuleData/mpitems.xml,,,,,,,,,,,,,,0.0,,,,,,
mp_chain_barding,Chain Barding,Item,HorseHarness,,neutral_culture,95.0,1.0,Native/ModuleData/mpitems.xml,,,,,,,,,,,,,,25.0,,,,,,
mp_northern_light_harness,Northlander Light Harness,Item,HorseHarness,,,30.0,,Native/ModuleData/mpitems.xml,,,,,,,,,,,,,,0.0,,,,,,
mp_steppe_fur_harness,Steppe Fur Saddle ,Item,HorseHarness,body_armor,neutral_culture,20.0,1.0,Native/ModuleData/mpitems.xml,,,,,,,,,,,,,,0.0,,,,,,
mp_steppe_half_barding,Steppe Half Barding,Item,HorseHarness,body_armor,neutral_culture,70.0,1.0,Native/ModuleData/mpitems.xml,,,,,,,,,,,,,,15.0,,,,,,
mp_steppe_harness,Steppe Harness,Item,HorseHarness,body_armor,neutral_culture,30.0,1.0,Native/ModuleData/mpitems.xml,,,,,,,,,,,,,,0.0,,,,,,
mp_studded_steppe_barding,Studded Steppe Barding,Item,HorseHarness,body_armor,neutral_culture,90.0,1.0,Native/ModuleData/mpitems.xml,,,,,,,,,,,,,,26.0,,,,,,
mp_stripped_leather_harness,Striped Leather Harness,Item,HorseHarness,body_armor,neutral_culture,20.0,1.0,Native/ModuleData/mpitems.xml,,,,,,,,,,,,,,0.0,,,,,,
mp_imperial_scale_barding,Imperial Scale Barding,Item,HorseHarness,body_armor,neutral_culture,95.0,1.0,Native/ModuleData/mpitems.xml,,,,,,,,,,,,,,26.0,,,,,,
mp_half_scale_barding,Half Scale Barding,Item,HorseHarness,body_armor,neutral_culture,70.0,1.0,Native/ModuleData/mpitems.xml,,,,,,,,,,,,,,16.0,,,,,,
mp_desert_cloth_harness,Desert Cloth Harness,Item,HorseHarness,body_armor,neutral_culture,20.0,1.0,Native/ModuleData/mpitems.xml,,,,,,,,,,,,,,4.0,,,,,,
mp_aseran_village_harness,Desert Common Harness,Item,HorseHarness,body_armor,neutral_culture,20.0,1.0,Native/ModuleData/mpitems.xml,,,,,,,,,,,,,,4.0,,,,,,
mp_half_mail_and_plate_barding,Half Mail and Plate Barding,Item,HorseHarness,body_armor,neutral_culture,70.0,1.0,Native/ModuleData/mpitems.xml,,,,,,,,,,,,,,15.0,,,,,,
mp_mail_and_plate_barding,Mail and Plate Barding,Item,HorseHarness,body_armor,neutral_culture,95.0,1.0,Native/ModuleData/mpitems.xml,,,,,,,,,,,,,,28.0,,,,,,
mp_camel_saddle,Camel Saddle,Item,HorseHarness,,neutral_culture,30.0,1.0,Native/ModuleData/mpitems.xml,,,,,,,,,,,,,,0.0,,,,,,
mp_northern_ring_barding,Northlander Ring Barding,Item,HorseHarness,,neutral_culture,70.0,1.0,Native/ModuleData/mpitems.xml,,,,,,,,,,,,,,15.0,,,,,,
mp_bandit_saddle_highland,Rugged Highland Saddle,Item,HorseHarness,body_armor,neutral_culture,30.0,1.0,Native/ModuleData/mpitems.xml,,,,,,,,,,,,,,4.0,,,,,,
mp_northern_noble_harness,Rough Cavalry Saddle,Item,HorseHarness,,neutral_culture,20.0,1.0,Native/ModuleData/mpitems.xml,,,,,,,,,,,,,,4.0,,,,,,
mp_battania_horse_harness,Highland Horse Harness,Item,HorseHarness,,neutral_culture,25.0,1.0,Native/ModuleData/mpitems.xml,,,,,,,,,,,,,,3.0,,,,,,
mp_battania_horse_harness_halfscaled,Highland Half Scaled Horse Harness,Item,HorseHarness,,neutral_culture,65.0,1.0,Native/ModuleData/mpitems.xml,,,,,,,,,,,,,,20.0,,,,,,
mp_battania_horse_harness_scaled,Highland Scaled Horse Harness,Item,HorseHarness,,neutral_culture,120.0,1.0,Native/ModuleData/mpitems.xml,,,,,,,,,,,,,,20.0,,,,,,
mp_imperial_riding_harness,Imperial Riding Harness,Item,HorseHarness,,neutral_culture,20.0,1.0,Native/ModuleData/mpitems.xml,,,,,,,,,,,,,,4.0,,,,,,
mp_chain_horse_harness,Chain Horse Harness,Item,HorseHarness,body_armor,neutral_culture,95.0,1.0,Native/ModuleData/mpitems.xml,,,,,,,,,,,,,,28.0,,,,,,
mp_halfchain_barding,Halfchain Barding,Item,HorseHarness,,neutral_culture,65.0,1.0,Native/ModuleData/mpitems.xml,,,,,,,,,,,,,,20.0,,,,,,
mp_throwing_stone,Stone,Item,Thrown,,,0.1,1.0,Native/ModuleData/mpitems.xml,Stone,15.0,102.0,40.0,50.0,10.0,,,15.0,,,,,,,,,,,
ballista_projectile,Ballista Arrows,Item,Arrows,arrows,,3.0,1.0,Native/ModuleData/mpitems.xml,Arrow,20.0,0.0,80.0,,95.0,,,2000.0,Pierce,,,,,,,,,,
ballista_projectile_burning,Ballista Arrows,Item,Arrows,arrows,,3.0,1.0,Native/ModuleData/mpitems.xml,Arrow,20.0,0.0,80.0,,95.0,,,2000.0,Pierce,,,,,,,,,,
boulder,Boulder,Item,Thrown,arrows,,15.0,1.0,Native/ModuleData/mpitems.xml,Boulder,1.0,0.0,8.0,,95.0,,,130.0,,,,,,,,,,,
boulder_projectile,Boulder,Item,Thrown,arrows,,15.0,1.0,Native/ModuleData/mpitems.xml,Boulder,1.0,0.0,8.0,,95.0,,,3250.0,,,,,,,,,,,
pot,Pot,Item,Thrown,arrows,,15.0,1.0,Native/ModuleData/mpitems.xml,Boulder,1.0,0.0,8.0,,95.0,,,200.0,,,,,,,,,,,
pot_projectile,Pot,Item,Thrown,arrows,,15.0,1.0,Native/ModuleData/mpitems.xml,Boulder,1.0,0.0,8.0,,95.0,,,2300.0,,,,,,,,,,,
grapeshot_stack,Grapeshot Stack,Item,Thrown,arrows,,15.0,1.0,Native/ModuleData/mpitems.xml,Boulder,1.0,0.0,8.0,,95.0,,,120.0,,,,,,,,,,,
grapeshot_fire_stack,Grapeshot Stack,Item,Thrown,arrows,,15.0,1.0,Native/ModuleData/mpitems.xml,Boulder,1.0,0.0,8.0,,95.0,,,120.0,,,,,,,,,,,
grapeshot_projectile,Grapeshot Ammo,Item,Thrown,arrows,,15.0,1.0,Native/ModuleData/mpitems.xml,Boulder,1.0,0.0,8.0,,95.0,,,570.0,,,,,,,,,,,
grapeshot_fire_projectile,Grapeshot Ammo,Item,Thrown,arrows,,15.0,1.0,Native/ModuleData/mpitems.xml,Boulder,1.0,0.0,8.0,,95.0,,,570.0,,,,,,,,,,,
mp_sling_stone,Sling,Item,Thrown,,,0.1,1.0,Native/ModuleData/mpitems.xml,Stone,20.0,102.0,45.0,88.0,10.0,,,16.0,,,,,,,,,,,
mp_cervelliere_over_padded_cap,Cervelliere over Padded Cap,Item,HeadArmor,,vlandia,2.1,1.0,Native/ModuleData/mpitems.xml,,,,,,,,,,,,,20.0,,,,,,,
mp_cloth_headwrap,Cloth Headwrap,Item,HeadArmor,head_armor,vlandia,0.4,1.0,Native/ModuleData/mpitems.xml,,,,,,,,,,,,,6.0,,,,,,,
mp_full_helm_over_padded_cloth,Full Helm over Padded Cloth,Item,HeadArmor,,vlandia,3.6,1.0,Native/ModuleData/mpitems.xml,,,,,,,,,,,,,48.0,,,,,,,
mp_guards_kettle_over_mail_coif,Kettle over Mail Coif,Item,HeadArmor,,vlandia,3.6,1.0,Native/ModuleData/mpitems.xml,,,,,,,,,,,,,38.0,,,,,,,
mp_kettle_hat_over_padded_coif,Kettle Hat over Padded Coif,Item,HeadArmor,,vlandia,2.6,1.0,Native/ModuleData/mpitems.xml,,,,,,,,,,,,,36.0,,,,,,,
mp_nasal_cervelliere_over_laced_coif,Nasal Cervelliere over Laced Coif,Item,HeadArmor,,vlandia,2.1,1.0,Native/ModuleData/mpitems.xml,,,,,,,,,,,,,28.0,,,,,,,
mp_nasal_helmet_over_padded_coif,Nasal Helmet over Padded Coif,Item,HeadArmor,head_armor,vlandia,2.4,1.0,Native/ModuleData/mpitems.xml,,,,,,,,,,,,,36.0,,,,,,,
mp_open_padded_coif,Open Padded Coif,Item,HeadArmor,head_armor,vlandia,0.6,1.0,Native/ModuleData/mpitems.xml,,,,,,,,,,,,,14.0,,,,,,,
mp_padded_coif,Padded Half Coif,Item,HeadArmor,head_armor,vlandia,0.7,1.0,Native/ModuleData/mpitems.xml,,,,,,,,,,,,,14.0,,,,,,,
mp_segmented_cervelliere_over_laced_coif,Segmented Cevelliere over Laced Coif,Item,HeadArmor,,vlandia,2.3,1.0,Native/ModuleData/mpitems.xml,,,,,,,,,,,,,24.0,,,,,,,
mp_segmented_cervelliere_over_mail,Segmented Cervelliere over Mail,Item,HeadArmor,,vlandia,2.85,1.0,Native/ModuleData/mpitems.xml,,,,,,,,,,,,,26.0,,,,,,,
mp_visored_helmet_over_laced_coif,Visored Helmet over Laced Coif,Item,HeadArmor,,vlandia,3.2,1.0,Native/ModuleData/mpitems.xml,,,,,,,,,,,,,46.0,,,,,,,
mp_visored_helmet_over_padded_cloth,Visored Helmet over Padded Cloth,Item,HeadArmor,head_armor,vlandia,3.3,1.0,Native/ModuleData/mpitems.xml,,,,,,,,,,,,,46.0,,,,,,,
mp_vlandian_faceguard_helmet_a,Closed Knight Helmet,Item,HeadArmor,head_armor,vlandia,2.2,1.0,Native/ModuleData/mpitems.xml,,,,,,,,,,,,,45.0,,,,,,,
mp_vlandian_faceguard_helmet_b,Knight Helmet with Bronze Faceguard,Item,HeadArmor,head_armor,vlandia,2.3,1.0,Native/ModuleData/mpitems.xml,,,,,,,,,,,,,44.0,,,,,,,
mp_battanian_scale_armor_a,Highland Scale Armor over Mail Armor,Item,BodyArmor,body_armor,battania,22.4,1.0,Native/ModuleData/mpitems.xml,,,,,,,,,,,,,,42.0,12.0,15.0,,,,
mp_battanian_scale_armor_b,Highland Scale Armor over Cloth,Item,BodyArmor,body_armor,battania,11.4,1.0,Native/ModuleData/mpitems.xml,,,,,,,,,,,,,,31.0,3.0,6.0,,,,
mp_battania_earmuff_helmet_a,Fringed Steel Cap with Cheek Guards,Item,HeadArmor,head_armor,battania,3.0,1.0,Native/ModuleData/mpitems.xml,,,,,,,,,,,,,36.0,,,,,,,
mp_battania_earmuff_helmet_a_brnz,Fringed Bronze Cap with Cheek Guards,Item,HeadArmor,head_armor,battania,3.2,1.0,Native/ModuleData/mpitems.xml,,,,,,,,,,,,,35.0,,,,,,,
mp_battania_earmuff_helmet_b,Steel Cap with Cheek Guards,Item,HeadArmor,head_armor,battania,2.9,1.0,Native/ModuleData/mpitems.xml,,,,,,,,,,,,,32.0,,,,,,,
mp_battania_earmuff_helmet_b_brnz,Bronze Cap with Cheek Guards,Item,HeadArmor,head_armor,battania,3.0,1.0,Native/ModuleData/mpitems.xml,,,,,,,,,,,,,31.0,,,,,,,
mp_battania_earmuff_helmet_c,Fringed Decorated Steel Cap with Cheek Guards,Item,HeadArmor,head_armor,battania,3.1,1.0,Native/ModuleData/mpitems.xml,,,,,,,,,,,,,38.0,,,,,,,
mp_battania_earmuff_helmet_c_brnz,Fringed Decorated Bronze Cap with Cheek Guards,Item,HeadArmor,head_armor,battania,3.3,1.0,Native/ModuleData/mpitems.xml,,,,,,,,,,,,,37.0,,,,,,,
mp_battania_earmuff_helmet_c_cpr,Decorated Bronze Helmet with Cheek Guards,Item,HeadArmor,head_armor,battania,3.3,1.0,Native/ModuleData/mpitems.xml,,,,,,,,,,,,,35.0,,,,,,,
mp_battania_earmuff_helmet_d,Ridged Decorated Steel Cap with Cheek Guards,Item,HeadArmor,head_armor,battania,3.2,1.0,Native/ModuleData/mpitems.xml,,,,,,,,,,,,,41.0,,,,,,,
mp_battania_earmuff_helmet_d_brnz,Ridged Decorated Bronze Cap with Cheek Guards,Item,HeadArmor,head_armor,battania,3.3,1.0,Native/ModuleData/mpitems.xml,,,,,,,,,,,,,40.0,,,,,,,
mp_battania_scarf_a,Heavy Tartan Cape,Item,Cape,body_armor,battania,0.55,1.0,Native/ModuleData/mpitems.xml,,,,,,,,,,,,,,3.0,1.0,,,,,
mp_battania_cloak_b,Tartan Cape,Item,Cape,body_armor,battania,0.8,1.0,Native/ModuleData/mpitems.xml,,,,,,,,,,,,,,4.0,,,,,,
mp_battania_shoulder_strap,Shoulder Harness,Item,Cape,,battania,1.0,1.0,Native/ModuleData/mpitems.xml,,,,,,,,,,,,,,4.0,,,,,,
mp_aserai_civil_d,Colored Bisht,Item,BodyArmor,,aserai,1.0,1.0,Native/ModuleData/mpitems.xml,,,,,,,,,,,,,,5.0,2.0,2.0,,,,
mp_desert_scale_shoulders,Reinforced Scale Pauldrons,Item,Cape,,aserai,4.2,1.0,Native/ModuleData/mpitems.xml,,,,,,,,,,,,,,18.0,8.0,,,,,
mp_khuzait_noble_helmet_with_feathers,Noble Lancer Helmet,Item,HeadArmor,head_armor,khuzait,3.4,1.0,Native/ModuleData/mpitems.xml,,,,,,,,,,,,,48.0,,,,,,,
mp_sturgian_chainmale_longsleeve,Decorated Hauberk,Item,BodyArmor,body_armor,sturgia,14.5,1.0,Native/ModuleData/mpitems.xml,,,,,,,,,,,,,,32.0,15.0,15.0,,,,
mp_sturgian_chainmale_shortsleeve,Huscarls Hauberk,Item,BodyArmor,body_armor,sturgia,8.3,1.0,Native/ModuleData/mpitems.xml,,,,,,,,,,,,,,25.0,10.0,12.0,,,,
mp_sturgian_lamellar_base,Heavy Lamellar over Mail Armor,Item,BodyArmor,,sturgia,24.0,1.0,Native/ModuleData/mpitems.xml,,,,,,,,,,,,,,50.0,7.0,21.0,,,,
mp_sturgian_lamellar_gambeson,Heavy Lamellar Vest,Item,BodyArmor,body_armor,sturgia,6.2,1.0,Native/ModuleData/mpitems.xml,,,,,,,,,,,,,,28.0,2.0,2.0,,,,
mp_sturgian_lamellar_fortified,Heavy Lamellar over Hauberk,Item,BodyArmor,,sturgia,28.0,1.0,Native/ModuleData/mpitems.xml,,,,,,,,,,,,,,50.0,15.0,25.0,,,,
mp_sturgian_lamellar_gambeson_heavy,Heavy Lamellar Vest,Item,BodyArmor,body_armor,sturgia,8.3,1.0,Native/ModuleData/mpitems.xml,,,,,,,,,,,,,,35.0,2.0,18.0,,,,
mp_sturgia_light_armor_a,Light Tunic,Item,BodyArmor,body_armor,sturgia,0.4,1.0,Native/ModuleData/mpitems.xml,,,,,,,,,,,,,,2.0,1.0,1.0,,,,
mp_sturgia_light_armor_b,Long Tunic,Item,BodyArmor,body_armor,sturgia,0.4,1.0,Native/ModuleData/mpitems.xml,,,,,,,,,,,,,,2.0,1.0,1.0,,,,
mp_sturgia_light_armor_c,Fur Trimmed Tunic,Item,BodyArmor,body_armor,sturgia,0.8,1.0,Native/ModuleData/mpitems.xml,,,,,,,,,,,,,,6.0,3.0,3.0,,,,
mp_sturgia_light_armor_d,Fur Trimmed Short Tunic,Item,BodyArmor,body_armor,sturgia,0.4,1.0,Native/ModuleData/mpitems.xml,,,,,,,,,,,,,,2.0,1.0,1.0,,,,
mp_sturgia_light_armor_e,Decorated Thick Tunic,Item,BodyArmor,body_armor,sturgia,0.6,1.0,Native/ModuleData/mpitems.xml,,,,,,,,,,,,,,6.0,3.0,3.0,,,,
mp_sturgian_helmet_base,Steel Nasal Cap,Item,HeadArmor,,sturgia,2.4,1.0,Native/ModuleData/mpitems.xml,,,,,,,,,,,,,35.0,,,,,,,
mp_sturgian_helmet_b_open,Plumed Decorated Mailed Nasal Helmet,Item,HeadArmor,,sturgia,3.2,1.0,Native/ModuleData/mpitems.xml,,,,,,,,,,,,,49.0,,,,,,,
mp_sturgian_helmet_b_close,Closed Decorated Goggled Helmet,Item,HeadArmor,,sturgia,3.8,1.0,Native/ModuleData/mpitems.xml,,,,,,,,,,,,,54.0,,,,,,,
mp_sturgian_helmet_open,Mailed Nasal Helmet,Item,HeadArmor,,sturgia,3.15,1.0,Native/ModuleData/mpitems.xml,,,,,,,,,,,,,49.0,,,,,,,
mp_sturgian_helmet_closed,Closed Warlord Helmet,Item,HeadArmor,,sturgia,3.8,1.0,Native/ModuleData/mpitems.xml,,,,,,,,,,,,,53.0,,,,,,,
mp_roughtied_leather_bracers,Roughtied Leather Bracers,Item,HandArmor,,battania,0.5,1.0,Native/ModuleData/mpitems.xml,,,,,,,,,,,,,,,3.0,,,,,
guarded_padded_vambrace,Guarded Padded Vambraces,Item,HandArmor,,aserai,0.6,,SandBoxCore/ModuleData/items/arm_armors.xml,,,,,,,,,,,,,,,9.0,,,,,
ragged_armwraps,Ragged Armwraps,Item,HandArmor,,battania,0.4,,SandBoxCore/ModuleData/items/arm_armors.xml,,,,,,,,,,,,,,,3.0,,,,,
armwraps,Armwraps,Item,HandArmor,,battania,0.2,,SandBoxCore/ModuleData/items/arm_armors.xml,,,,,,,,,,,,,,,3.0,,,,,
guarded_armwraps,Guarded Armwraps,Item,HandArmor,,battania,0.4,,SandBoxCore/ModuleData/items/arm_armors.xml,,,,,,,,,,,,,,,7.0,,,,,
rough_tied_bracers,Rough Tied Bracers,Item,HandArmor,,battania,0.6,,SandBoxCore/ModuleData/items/arm_armors.xml,,,,,,,,,,,,,,,9.0,,,,,
buttoned_leather_bracers,Buttoned Leather Bracers,Item,HandArmor,,battania,0.5,,SandBoxCore/ModuleData/items/arm_armors.xml,,,,,,,,,,,,,,,4.0,,,,,
strapped_leather_bracers,Strapped Leather Bracers,Item,HandArmor,,battania,0.5,,SandBoxCore/ModuleData/items/arm_armors.xml,,,,,,,,,,,,,,,5.0,,,,,
roughtied_leather_bracers,Roughtied Leather Bracers,Item,HandArmor,,battania,0.5,,SandBoxCore/ModuleData/items/arm_armors.xml,,,,,,,,,,,,,,,3.0,,,,,
battania_noble_bracers,Fian Bracers,Item,HandArmor,,battania,0.6,,SandBoxCore/ModuleData/items/arm_armors.xml,,,,,,,,,,,,,,,18.0,,,,,
highland_gloves,Fur Rimmed Leather Gloves,Item,HandArmor,,battania,0.8,,SandBoxCore/ModuleData/items/arm_armors.xml,,,,,,,,,,,,,,,8.0,,,,,
battania_warlord_bracers,Scale Warlord Bracers,Item,HandArmor,,battania,1.5,,SandBoxCore/ModuleData/items/arm_armors.xml,,,,,,,,,,,,,,,25.0,,,,,
eastern_wrapped_armguards,Wrapped Armguards,Item,HandArmor,,khuzait,0.3,,SandBoxCore/ModuleData/items/arm_armors.xml,,,,,,,,,,,,,,,3.0,,,,,
steppe_leather_vambraces,Leather Vambraces,Item,HandArmor,,khuzait,0.5,,SandBoxCore/ModuleData/items/arm_armors.xml,,,,,,,,,,,,,,,12.0,,,,,
studded_leather_vambraces,Studded Leather Vambraces,Item,HandArmor,,khuzait,0.9,,SandBoxCore/ModuleData/items/arm_armors.xml,,,,,,,,,,,,,,,11.0,,,,,
studded_vambraces,Studded Vambraces,Item,HandArmor,,khuzait,0.7,,SandBoxCore/ModuleData/items/arm_armors.xml,,,,,,,,,,,,,,,5.0,,,,,
eastern_plated_leather_vambraces,Plated Leather Vambraces,Item,HandArmor,,khuzait,1.7,,SandBoxCore/ModuleData/items/arm_armors.xml,,,,,,,,,,,,,,,24.0,,,,,
mail_mitten,Mail Mittens,Item,HandArmor,,vlandia,1.4,,SandBoxCore/ModuleData/items/arm_armors.xml,,,,,,,,,,,,,,,20.0,,,,,
reinforced_mail_mitten,Reinforced Mail Mittens,Item,HandArmor,,vlandia,1.6,,SandBoxCore/ModuleData/items/arm_armors.xml,,,,,,,,,,,,,,,23.0,,,,,
lordly_mail_mitten,Heavy Mail Mittens,Item,HandArmor,,vlandia,1.7,,SandBoxCore/ModuleData/items/arm_armors.xml,,,,,,,,,,,,,,,24.0,,,,,
mail_mitten_e,Wrapped Mail Mittens,Item,HandArmor,,aserai,1.5,,SandBoxCore/ModuleData/items/arm_armors.xml,,,,,,,,,,,,,,,21.0,,,,,
mail_mitten_f,Mail Mittens with Bronze Plate,Item,HandArmor,,khuzait,1.8,,SandBoxCore/ModuleData/items/arm_armors.xml,,,,,,,,,,,,,,,26.0,,,,,
mail_mitten_h,Mail Mittens with Plate Guard,Item,HandArmor,,sturgia,1.7,,SandBoxCore/ModuleData/items/arm_armors.xml,,,,,,,,,,,,,,,28.0,,,,,
reinforced_leather_vambraces,Splint Vambraces,Item,HandArmor,,vlandia,1.0,,SandBoxCore/ModuleData/items/arm_armors.xml,,,,,,,,,,,,,,,20.0,,,,,
khuzait_heavy_armor_bracer,Khan's Plated Bracers,Item,HandArmor,,khuzait,2.2,,SandBoxCore/ModuleData/items/arm_armors.xml,,,,,,,,,,,,,,,23.0,,,,,
northern_plated_gloves,Plate Reinforced Gloves,Item,HandArmor,,sturgia,1.5,,SandBoxCore/ModuleData/items/arm_armors.xml,,,,,,,,,,,,,,,18.0,,,,,
northern_brass_bracers,Bronze Bracers,Item,HandArmor,,sturgia,1.3,,SandBoxCore/ModuleData/items/arm_armors.xml,,,,,,,,,,,,,,,22.0,,,,,
woven_leather_bracers,Woven Leather Bracers,Item,HandArmor,,empire,0.8,,SandBoxCore/ModuleData/items/arm_armors.xml,,,,,,,,,,,,,,,6.0,,,,,
padded_mitten,Padded Mittens,Item,HandArmor,,empire,0.6,,SandBoxCore/ModuleData/items/arm_armors.xml,,,,,,,,,,,,,,,9.0,,,,,
plated_strip_gauntlets,Plated Striped Vambraces,Item,HandArmor,,empire,1.4,,SandBoxCore/ModuleData/items/arm_armors.xml,,,,,,,,,,,,,,,22.0,,,,,
lamellar_plate_gauntlets,Lamellar Plate Gauntlets,Item,HandArmor,,empire,1.8,,SandBoxCore/ModuleData/items/arm_armors.xml,,,,,,,,,,,,,,,23.0,,,,,
decorated_imperial_gauntlets,Decorated Imperial Gauntlets,Item,HandArmor,,empire,1.5,,SandBoxCore/ModuleData/items/arm_armors.xml,,,,,,,,,,,,,,,20.0,,,,,
lordly_padded_mitten,Lordly Padded Mittens,Item,HandArmor,,empire,1.3,,SandBoxCore/ModuleData/items/arm_armors.xml,,,,,,,,,,,,,,,18.0,,,,,
reinforced_padded_mitten,Reinforced Padded Mittens,Item,HandArmor,,empire,0.9,,SandBoxCore/ModuleData/items/arm_armors.xml,,,,,,,,,,,,,,,18.0,,,,,
leather_gloves,Leather Gloves,Item,HandArmor,,neutral_culture,0.4,,SandBoxCore/ModuleData/items/arm_armors.xml,,,,,,,,,,,,,,,4.0,,,,,
padded_vambrace,Padded Vambraces,Item,HandArmor,,neutral_culture,0.1,,SandBoxCore/ModuleData/items/arm_armors.xml,,,,,,,,,,,,,,,7.0,,,,,
standard_of_fury_t1,Standard of Fury,Item,Banner,,neutral_culture,0.2,,SandBoxCore/ModuleData/items/banners.xml,,,,,,,,,,,,,,,,,,,,
standard_of_rage_t2,Standard of Rage,Item,Banner,,neutral_culture,0.2,,SandBoxCore/ModuleData/items/banners.xml,,,,,,,,,,,,,,,,,,,,
standard_of_wrath_t3,Standard of Wrath,Item,Banner,,neutral_culture,0.2,,SandBoxCore/ModuleData/items/banners.xml,,,,,,,,,,,,,,,,,,,,
deer_bane_flag_t1,Deer Bane Flag,Item,Banner,,battania,0.2,,SandBoxCore/ModuleData/items/banners.xml,,,,,,,,,,,,,,,,,,,,
boar_bane_flag_t2,Boar Bane Flag,Item,Banner,,battania,0.2,,SandBoxCore/ModuleData/items/banners.xml,,,,,,,,,,,,,,,,,,,,
horse_bane_flag_t3,Horse Bane Flag,Item,Banner,,battania,0.2,,SandBoxCore/ModuleData/items/banners.xml,,,,,,,,,,,,,,,,,,,,
spear_bracing_banner_t1,Spear Bracing Banner,Item,Banner,,vlandia,0.2,,SandBoxCore/ModuleData/items/banners.xml,,,,,,,,,,,,,,,,,,,,
spear_wall_banner_t2,Spear Wall Banner,Item,Banner,,vlandia,0.2,,SandBoxCore/ModuleData/items/banners.xml,,,,,,,,,,,,,,,,,,,,
pike_wall_banner_t3,Pike Wall Banner,Item,Banner,,vlandia,0.2,,SandBoxCore/ModuleData/items/banners.xml,,,,,,,,,,,,,,,,,,,,
archers_flag_t1,Archer's Flag,Item,Banner,,neutral_culture,0.2,,SandBoxCore/ModuleData/items/banners.xml,,,,,,,,,,,,,,,,,,,,
bowmans_flag_t2,Bowman's Flag,Item,Banner,,neutral_culture,0.2,,SandBoxCore/ModuleData/items/banners.xml,,,,,,,,,,,,,,,,,,,,
marksmans_flag_t3,Marksman's Flag,Item,Banner,,neutral_culture,0.2,,SandBoxCore/ModuleData/items/banners.xml,,,,,,,,,,,,,,,,,,,,
banner_of_faris_falcon_t1,Banner of Faris' Falcon,Item,Banner,,aserai,0.2,,SandBoxCore/ModuleData/items/banners.xml,,,,,,,,,,,,,,,,,,,,
banner_of_emirs_hawk_t2,Banner of Emir's Hawk,Item,Banner,,aserai,0.2,,SandBoxCore/ModuleData/items/banners.xml,,,,,,,,,,,,,,,,,,,,
banner_of_sultans_eagle_t3,Banner of Sultan's Eagle,Item,Banner,,aserai,0.2,,SandBoxCore/ModuleData/items/banners.xml,,,,,,,,,,,,,,,,,,,,
tug_of_wooden_arrow_t1,Tug of Wooden Arrow,Item,Banner,,khuzait,0.2,,SandBoxCore/ModuleData/items/banners.xml,,,,,,,,,,,,,,,,,,,,
tug_of_bone_arrow_t2,Tug of Bone Arrow,Item,Banner,,khuzait,0.2,,SandBoxCore/ModuleData/items/banners.xml,,,,,,,,,,,,,,,,,,,,
tug_of_whistling_arrow_t3,Tug of Whistling Arrow,Item,Banner,,khuzait,0.2,,SandBoxCore/ModuleData/items/banners.xml,,,,,,,,,,,,,,,,,,,,
banner_of_the_horseman_t1,Banner of the Horseman,Item,Banner,,vlandia,0.2,,SandBoxCore/ModuleData/items/banners.xml,,,,,,,,,,,,,,,,,,,,
banner_of_the_squire_t2,Banner of the Squire,Item,Banner,,vlandia,0.2,,SandBoxCore/ModuleData/items/banners.xml,,,,,,,,,,,,,,,,,,,,
banner_of_the_knight_t3,Banner of the Knight,Item,Banner,,vlandia,0.2,,SandBoxCore/ModuleData/items/banners.xml,,,,,,,,,,,,,,,,,,,,
standard_of_duty_t1,Standard of Duty,Item,Banner,,empire,0.2,,SandBoxCore/ModuleData/items/banners.xml,,,,,,,,,,,,,,,,,,,,
standard_of_courage_t2,Standard of Courage,Item,Banner,,empire,0.2,,SandBoxCore/ModuleData/items/banners.xml,,,,,,,,,,,,,,,,,,,,
standard_of_discipline_t3,Standard of Discipline,Item,Banner,,empire,0.2,,SandBoxCore/ModuleData/items/banners.xml,,,,,,,,,,,,,,,,,,,,
stone_banner_t1,Stone Banner,Item,Banner,,neutral_culture,0.2,,SandBoxCore/ModuleData/items/banners.xml,,,,,,,,,,,,,,,,,,,,
iron_banner_t2,Iron Banner,Item,Banner,,neutral_culture,0.2,,SandBoxCore/ModuleData/items/banners.xml,,,,,,,,,,,,,,,,,,,,
steel_banner_t3,Steel Banner,Item,Banner,,neutral_culture,0.2,,SandBoxCore/ModuleData/items/banners.xml,,,,,,,,,,,,,,,,,,,,
phalanx_standard_t1,Phalanx Standard,Item,Banner,,empire,0.2,,SandBoxCore/ModuleData/items/banners.xml,,,,,,,,,,,,,,,,,,,,
fulcum_standard_t2,Fulcum Standard,Item,Banner,,empire,0.2,,SandBoxCore/ModuleData/items/banners.xml,,,,,,,,,,,,,,,,,,,,
testudo_standard_t3,Testudo Standard,Item,Banner,,empire,0.2,,SandBoxCore/ModuleData/items/banners.xml,,,,,,,,,,,,,,,,,,,,
close_shields_banner_t1,Close Shields Banner,Item,Banner,,sturgia,0.2,,SandBoxCore/ModuleData/items/banners.xml,,,,,,,,,,,,,,,,,,,,
shield_wall_banner_t2,Shield Wall Banner,Item,Banner,,sturgia,0.2,,SandBoxCore/ModuleData/items/banners.xml,,,,,,,,,,,,,,,,,,,,
locked_shields_banner_t3,Locked Shields Banner,Item,Banner,,sturgia,0.2,,SandBoxCore/ModuleData/items/banners.xml,,,,,,,,,,,,,,,,,,,,
banner_of_oaken_shields_t1,Banner of Oaken Shields,Item,Banner,,sturgia,0.2,,SandBoxCore/ModuleData/items/banners.xml,,,,,,,,,,,,,,,,,,,,
banner_of_iron_shields_t2,Banner of Iron Shields,Item,Banner,,sturgia,0.2,,SandBoxCore/ModuleData/items/banners.xml,,,,,,,,,,,,,,,,,,,,
banner_of_steel_shields_t3,Banner of Steel Shields,Item,Banner,,sturgia,0.2,,SandBoxCore/ModuleData/items/banners.xml,,,,,,,,,,,,,,,,,,,,
banner_of_desert_winds_t1,Banner of Desert Winds,Item,Banner,,aserai,0.2,,SandBoxCore/ModuleData/items/banners.xml,,,,,,,,,,,,,,,,,,,,
banner_of_shifting_sands_t2,Banner of Shifting Sands,Item,Banner,,aserai,0.2,,SandBoxCore/ModuleData/items/banners.xml,,,,,,,,,,,,,,,,,,,,
banner_of_dust_devils_t3,Banner of Dust Devils,Item,Banner,,aserai,0.2,,SandBoxCore/ModuleData/items/banners.xml,,,,,,,,,,,,,,,,,,,,
scouts_flag_t1,Scout's Flag,Item,Banner,,battania,0.2,,SandBoxCore/ModuleData/items/banners.xml,,,,,,,,,,,,,,,,,,,,
rangers_flag_t2,Ranger's Flag,Item,Banner,,battania,0.2,,SandBoxCore/ModuleData/items/banners.xml,,,,,,,,,,,,,,,,,,,,
striders_flag_t3,Strider's Flag,Item,Banner,,battania,0.2,,SandBoxCore/ModuleData/items/banners.xml,,,,,,,,,,,,,,,,,,,,
tug_of_the_roaming_horse_t1,Tug of the Roaming Horse,Item,Banner,,khuzait,0.2,,SandBoxCore/ModuleData/items/banners.xml,,,,,,,,,,,,,,,,,,,,
tug_of_the_boundless_horde_t2,Tug of the Boundless Horde,Item,Banner,,khuzait,0.2,,SandBoxCore/ModuleData/items/banners.xml,,,,,,,,,,,,,,,,,,,,
tug_of_the_endless_steppe_t3,Tug of the Endless Steppe,Item,Banner,,khuzait,0.2,,SandBoxCore/ModuleData/items/banners.xml,,,,,,,,,,,,,,,,,,,,
long_desert_robe,Long Simple Robe,Item,BodyArmor,,aserai,1.6,,SandBoxCore/ModuleData/items/body_armors.xml,,,,,,,,,,,,,,2.0,1.0,2.0,,,,
layered_robe,Layered Robe,Item,BodyArmor,,aserai,2.0,,SandBoxCore/ModuleData/items/body_armors.xml,,,,,,,,,,,,,,5.0,1.0,2.0,,,,
desert_robe,Simple Kaftan,Item,BodyArmor,body_armor,aserai,1.6,,SandBoxCore/ModuleData/items/body_armors.xml,,,,,,,,,,,,,,5.0,1.0,2.0,,,,
aserai_tunic_waistcoat,Luxury Kaftan,Item,BodyArmor,,aserai,0.8,,SandBoxCore/ModuleData/items/body_armors.xml,,,,,,,,,,,,,,7.0,2.0,4.0,,,,
thick_sleeved_robe,Thick Sleeved Robe,Item,BodyArmor,,aserai,1.0,,SandBoxCore/ModuleData/items/body_armors.xml,,,,,,,,,,,,,,5.0,2.0,3.0,,,,
aserai_villager_female_dress,Villager Short Dress,Item,BodyArmor,,aserai,0.5,,SandBoxCore/ModuleData/items/body_armors.xml,,,,,,,,,,,,,,2.0,1.0,1.0,,,,
fine_southern_dress,Tailored Dress,Item,BodyArmor,,aserai,0.7,,SandBoxCore/ModuleData/items/body_armors.xml,,,,,,,,,,,,,,5.0,2.0,2.0,,,,
aserai_female_civil_a,Feminine Kaftan,Item,BodyArmor,,aserai,0.9,,SandBoxCore/ModuleData/items/body_armors.xml,,,,,,,,,,,,,,5.0,3.0,3.0,,,,
aserai_female_civil_b,Kaftan with Waistband,Item,BodyArmor,,aserai,0.8,,SandBoxCore/ModuleData/items/body_armors.xml,,,,,,,,,,,,,,3.0,1.0,2.0,,,,
aserai_civil_a,Luxury Kaftan with Waistband,Item,BodyArmor,,aserai,0.8,,SandBoxCore/ModuleData/items/body_armors.xml,,,,,,,,,,,,,,8.0,4.0,4.0,,,,
aserai_civil_b,Kaftan with Leather Belt,Item,BodyArmor,,aserai,1.1,,SandBoxCore/ModuleData/items/body_armors.xml,,,,,,,,,,,,,,5.0,2.0,3.0,,,,
aserai_civil_c,Colored Kaftan,Item,BodyArmor,,aserai,0.9,,SandBoxCore/ModuleData/items/body_armors.xml,,,,,,,,,,,,,,4.0,2.0,2.0,,,,
aserai_civil_d,Colored Bisht,Item,BodyArmor,,aserai,1.0,,SandBoxCore/ModuleData/items/body_armors.xml,,,,,,,,,,,,,,5.0,2.0,2.0,,,,
aserai_civil_e,Thawb,Item,BodyArmor,,aserai,1.1,,SandBoxCore/ModuleData/items/body_armors.xml,,,,,,,,,,,,,,4.0,2.0,2.0,,,,
aserai_civil_f,Simple Peasant Robe,Item,BodyArmor,,aserai,1.1,,SandBoxCore/ModuleData/items/body_armors.xml,,,,,,,,,,,,,,5.0,2.0,2.0,,,,
tassled_southern_robes,Tassled Robes,Item,BodyArmor,,aserai,0.9,,SandBoxCore/ModuleData/items/body_armors.xml,,,,,,,,,,,,,,6.0,2.0,2.0,,,,
eastern_silk_clothing,Silk Kaftan,Item,BodyArmor,,aserai,0.4,,SandBoxCore/ModuleData/items/body_armors.xml,,,,,,,,,,,,,,6.0,3.0,3.0,,,,
short_padded_robe,Short Padded Robe,Item,BodyArmor,body_armor,aserai,1.3,,SandBoxCore/ModuleData/items/body_armors.xml,,,,,,,,,,,,,,14.0,2.0,6.0,,,,
desert_padded_cloth,Light Long Padded Armor,Item,BodyArmor,,aserai,1.3,,SandBoxCore/ModuleData/items/body_armors.xml,,,,,,,,,,,,,,16.0,6.0,8.0,,,,
studded_leather_coat,Studded Leather Coat,Item,BodyArmor,,aserai,1.6,,SandBoxCore/ModuleData/items/body_armors.xml,,,,,,,,,,,,,,10.0,2.0,5.0,,,,
leather_strips_over_padded_robe,Leather Strips over Padded Robe,Item,BodyArmor,body_armor,aserai,5.5,,SandBoxCore/ModuleData/items/body_armors.xml,,,,,,,,,,,,,,36.0,7.0,6.0,,,,
aserai_robe_c_chain,Robe over Mail Shirt,Item,BodyArmor,,aserai,8.2,,SandBoxCore/ModuleData/items/body_armors.xml,,,,,,,,,,,,,,25.0,12.0,12.0,,,,
long_padded_robe,Long Padded Robe,Item,BodyArmor,,aserai,3.9,,SandBoxCore/ModuleData/items/body_armors.xml,,,,,,,,,,,,,,14.0,2.0,7.0,,,,
aserai_horseman_armor,Ring Mail,Item,BodyArmor,body_armor,aserai,4.4,,SandBoxCore/ModuleData/items/body_armors.xml,,,,,,,,,,,,,,13.0,3.0,2.0,,,,
ringed_desert_armor,Heavy Ring Mail,Item,BodyArmor,,aserai,10.5,,SandBoxCore/ModuleData/items/body_armors.xml,,,,,,,,,,,,,,20.0,8.0,10.0,,,,
aserai_archer_armor,Gambeson over Mail Armor,Item,BodyArmor,body_armor,aserai,11.0,,SandBoxCore/ModuleData/items/body_armors.xml,,,,,,,,,,,,,,29.0,8.0,15.0,,,,
desert_robe_over_mail,Robe over Mail Hauberk,Item,BodyArmor,,aserai,8.9,,SandBoxCore/ModuleData/items/body_armors.xml,,,,,,,,,,,,,,25.0,12.0,12.0,,,,
desert_lamellar,Light Lamellar Armor,Item,BodyArmor,body_armor,aserai,16.5,,SandBoxCore/ModuleData/items/body_armors.xml,,,,,,,,,,,,,,48.0,14.0,,,,,
sturgia_cavalry_armor,Cavalry Lamellar Armor,Item,BodyArmor,body_armor,aserai,18.0,,SandBoxCore/ModuleData/items/body_armors.xml,,,,,,,,,,,,,,46.0,14.0,16.0,,,,
desert_scale_armor,Luxury Scale Armor,Item,BodyArmor,,aserai,20.0,,SandBoxCore/ModuleData/items/body_armors.xml,,,,,,,,,,,,,,47.0,14.0,23.0,,,,
stitched_leather_over_mail,Stitched Leather over Mail,Item,BodyArmor,,aserai,15.1,,SandBoxCore/ModuleData/items/body_armors.xml,,,,,,,,,,,,,,36.0,14.0,14.0,,,,
southern_lamellar_armor,Bronze Lamellar Vest over Gambeson,Item,BodyArmor,body_armor,aserai,9.5,,SandBoxCore/ModuleData/items/body_armors.xml,,,,,,,,,,,,,,37.0,2.0,8.0,,,,
aserai_armor_02,Southern Chain Mail,Item,BodyArmor,,aserai,17.0,,SandBoxCore/ModuleData/items/body_armors.xml,,,,,,,,,,,,,,25.0,13.0,13.0,,,,
aserai_armor_02_b,Southern Decorated Chain Mail,Item,BodyArmor,,aserai,18.0,,SandBoxCore/ModuleData/items/body_armors.xml,,,,,,,,,,,,,,27.0,13.0,13.0,,,,
aserai_scale_armor_on_cloth,Mastercrafted Southern Scale Mail,Item,BodyArmor,,aserai,18.0,,SandBoxCore/ModuleData/items/body_armors.xml,,,,,,,,,,,,,,36.0,7.0,6.0,,,,
aserai_full_scale_armor_on_chain,Mastercrafted Southern Scale over Chain Hauberk,Item,BodyArmor,,aserai,28.0,,SandBoxCore/ModuleData/items/body_armors.xml,,,,,,,,,,,,,,51.0,16.0,25.0,,,,
aserai_scale_armor_on_chain,Mastercrafted Southern Scale over Chain Mail,Item,BodyArmor,,aserai,22.0,,SandBoxCore/ModuleData/items/body_armors.xml,,,,,,,,,,,,,,51.0,16.0,16.0,,,,
aserai_chain_plate_armor_a,Southern Reinforced Mail Armor,Item,BodyArmor,,aserai,22.0,,SandBoxCore/ModuleData/items/body_armors.xml,,,,,,,,,,,,,,31.0,16.0,16.0,,,,
aserai_chain_plate_armor_b,Southern Reinforced Sleeveless Mail Armor,Item,BodyArmor,,aserai,19.0,,SandBoxCore/ModuleData/items/body_armors.xml,,,,,,,,,,,,,,31.0,6.0,16.0,,,,
aserai_chain_plate_armor_c,Southern Reinforced Mail Vest,Item,BodyArmor,,aserai,15.0,,SandBoxCore/ModuleData/items/body_armors.xml,,,,,,,,,,,,,,28.0,6.0,6.0,,,,
aserai_chain_plate_armor_d,Southern Reinforced Short Mail Armor,Item,BodyArmor,,aserai,18.0,,SandBoxCore/ModuleData/items/body_armors.xml,,,,,,,,,,,,,,31.0,16.0,6.0,,,,
aserai_brass_plate_a,Southern Mail Shirt with Brass Plates,Item,BodyArmor,,aserai,18.0,,SandBoxCore/ModuleData/items/body_armors.xml,,,,,,,,,,,,,,34.0,18.0,16.0,,,,
aserai_brass_plate_b,Southern Sleeveless Mail Shirt with Brass Plates,Item,BodyArmor,,aserai,15.0,,SandBoxCore/ModuleData/items/body_armors.xml,,,,,,,,,,,,,,34.0,6.0,16.0,,,,
baggy_trunks,Baggy Trunks,Item,BodyArmor,body_armor,battania,0.2,,SandBoxCore/ModuleData/items/body_armors.xml,,,,,,,,,,,,,,3.0,,3.0,,,,
armored_baggy_trunks,Armored Baggy Trunks,Item,BodyArmor,body_armor,battania,0.3,,SandBoxCore/ModuleData/items/body_armors.xml,,,,,,,,,,,,,,3.0,0.0,6.0,,,,
sleeveless_studded_fur_armor,Sleeveless Studded Fur Armor,Item,BodyArmor,body_armor,battania,0.4,,SandBoxCore/ModuleData/items/body_armors.xml,,,,,,,,,,,,,,11.0,0.0,5.0,,,,
studded_fur_armor,Studded Fur Armor,Item,BodyArmor,body_armor,looters,1.2,,SandBoxCore/ModuleData/items/body_armors.xml,,,,,,,,,,,,,,11.0,3.0,5.0,,,,
burlap_waistcoat,Burlap Waistcoat,Item,BodyArmor,body_armor,battania,0.4,,SandBoxCore/ModuleData/items/body_armors.xml,,,,,,,,,,,,,,3.0,1.0,2.0,,,,
battania_woodland_outfit,Woodland Garments,Item,BodyArmor,body_armor,battania,1.2,,SandBoxCore/ModuleData/items/body_armors.xml,,,,,,,,,,,,,,14.0,4.0,6.0,,,,
battania_dress_a,Plaid Dress,Item,BodyArmor,,battania,0.9,,SandBoxCore/ModuleData/items/body_armors.xml,,,,,,,,,,,,,,6.0,3.0,3.0,,,,
battania_dress_b,Woodland Commoner Dress,Item,BodyArmor,,battania,0.8,,SandBoxCore/ModuleData/items/body_armors.xml,,,,,,,,,,,,,,4.0,2.0,2.0,,,,
battania_dress_c,Patched Long Dress,Item,BodyArmor,,battania,0.7,,SandBoxCore/ModuleData/items/body_armors.xml,,,,,,,,,,,,,,6.0,2.0,2.0,,,,
battania_civil_a,Tartan Tunic,Item,BodyArmor,,battania,0.6,,SandBoxCore/ModuleData/items/body_armors.xml,,,,,,,,,,,,,,6.0,3.0,2.0,,,,
battania_civil_b,Villager Leather Tunic,Item,BodyArmor,,battania,0.4,,SandBoxCore/ModuleData/items/body_armors.xml,,,,,,,,,,,,,,10.0,2.0,4.0,,,,
battania_civil_c,Townsman Luxury Coat,Item,BodyArmor,,battania,0.6,,SandBoxCore/ModuleData/items/body_armors.xml,,,,,,,,,,,,,,8.0,6.0,4.0,,,,
battania_female_civil_a,Tartan Dress,Item,BodyArmor,,battania,0.7,,SandBoxCore/ModuleData/items/body_armors.xml,,,,,,,,,,,,,,4.0,2.0,2.0,,,,
battania_female_civil_b,Villager Thick Dress,Item,BodyArmor,,battania,0.7,,SandBoxCore/ModuleData/items/body_armors.xml,,,,,,,,,,,,,,4.0,2.0,2.0,,,,
fur_armor_with_strap,Fur Armor with Strap,Item,BodyArmor,body_armor,battania,3.1,,SandBoxCore/ModuleData/items/body_armors.xml,,,,,,,,,,,,,,12.0,2.0,5.0,,,,
fur_armor,Fur Armor,Item,BodyArmor,body_armor,battania,4.0,,SandBoxCore/ModuleData/items/body_armors.xml,,,,,,,,,,,,,,14.0,3.0,3.0,,,,
long_fur_coat,Long Fur Coat,Item,BodyArmor,body_armor,battania,2.6,,SandBoxCore/ModuleData/items/body_armors.xml,,,,,,,,,,,,,,12.0,2.0,6.0,,,,
highland_cloth,Woodland Cloth Armor,Item,BodyArmor,body_armor,battania,1.5,,SandBoxCore/ModuleData/items/body_armors.xml,,,,,,,,,,,,,,9.0,2.0,4.0,,,,
battanian_savage_armor,Wildling Armor,Item,BodyArmor,body_armor,battania,0.8,,SandBoxCore/ModuleData/items/body_armors.xml,,,,,,,,,,,,,,2.0,1.0,5.0,,,,
western_scale_mail,Rough Scale Mail,Item,BodyArmor,,battania,15.0,,SandBoxCore/ModuleData/items/body_armors.xml,,,,,,,,,,,,,,32.0,14.0,16.0,,,,
kilt_over_plated_leather,Kilt over Plated Leather,Item,BodyArmor,body_armor,battania,16.0,,SandBoxCore/ModuleData/items/body_armors.xml,,,,,,,,,,,,,,42.0,3.0,23.0,,,,
battania_woodland_chainmail,Heavy Mail Shirt with Wide Belt,Item,BodyArmor,body_armor,battania,14.0,,SandBoxCore/ModuleData/items/body_armors.xml,,,,,,,,,,,,,,31.0,10.0,13.0,,,,
ranger_mail,Ranger Mail,Item,BodyArmor,body_armor,battania,12.0,,SandBoxCore/ModuleData/items/body_armors.xml,,,,,,,,,,,,,,32.0,8.0,8.0,,,,
battania_mercenary_armor,Luxury Brigandine,Item,BodyArmor,body_armor,battania,24.0,,SandBoxCore/ModuleData/items/body_armors.xml,,,,,,,,,,,,,,53.0,10.0,18.0,,,,
scale_armor,Rugged Scale Armor,Item,BodyArmor,body_armor,battania,10.7,,SandBoxCore/ModuleData/items/body_armors.xml,,,,,,,,,,,,,,31.0,0.0,7.0,,,,
battanian_chainmail_armor_a,Heavy Mail Vest,Item,BodyArmor,body_armor,battania,10.7,,SandBoxCore/ModuleData/items/body_armors.xml,,,,,,,,,,,,,,20.0,2.0,8.0,,,,
battanian_chainmail_armor_b,Highland Mail Shirt,Item,BodyArmor,body_armor,battania,10.7,,SandBoxCore/ModuleData/items/body_armors.xml,,,,,,,,,,,,,,23.0,4.0,4.0,,,,
battanian_chainmail_armor_c,Highland Reinforced Mail over Tartan,Item,BodyArmor,body_armor,battania,14.7,,SandBoxCore/ModuleData/items/body_armors.xml,,,,,,,,,,,,,,32.0,4.0,8.0,,,,
battanian_chainmail_armor_d,Highland Reinforced Mail,Item,BodyArmor,body_armor,battania,16.6,,SandBoxCore/ModuleData/items/body_armors.xml,,,,,,,,,,,,,,28.0,4.0,8.0,,,,
battania_noble_armor,Highborn Mail Armor,Item,BodyArmor,body_armor,battania,23.0,,SandBoxCore/ModuleData/items/body_armors.xml,,,,,,,,,,,,,,48.0,12.0,22.0,,,,
battania_warlord_armor,Scale Warlord Armor,Item,BodyArmor,body_armor,battania,19.0,,SandBoxCore/ModuleData/items/body_armors.xml,,,,,,,,,,,,,,37.0,16.0,18.0,,,,
battanian_scale_armor_a,Highland Scale Armor over Mail Armor,Item,BodyArmor,body_armor,battania,22.4,,SandBoxCore/ModuleData/items/body_armors.xml,,,,,,,,,,,,,,42.0,12.0,15.0,,,,
battanian_scale_armor_b,Highland Scale Armor over Cloth,Item,BodyArmor,body_armor,battania,11.4,,SandBoxCore/ModuleData/items/body_armors.xml,,,,,,,,,,,,,,31.0,3.0,6.0,,,,
battania_light_armor_a,Highland Tartan with Chest Plate,Item,BodyArmor,body_armor,battania,6.5,,SandBoxCore/ModuleData/items/body_armors.xml,,,,,,,,,,,,,,15.0,3.0,5.0,,,,
battania_light_armor_b,Highland Tartan,Item,BodyArmor,body_armor,battania,3.2,,SandBoxCore/ModuleData/items/body_armors.xml,,,,,,,,,,,,,,6.0,3.0,5.0,,,,
battania_light_armor_c,Highland Long Tartan,Item,BodyArmor,body_armor,battania,2.4,,SandBoxCore/ModuleData/items/body_armors.xml,,,,,,,,,,,,,,7.0,0.0,3.0,,,,
battania_light_armor_d,Highland Kilt over Tartan Trousers,Item,BodyArmor,body_armor,battania,0.8,,SandBoxCore/ModuleData/items/body_armors.xml,,,,,,,,,,,,,,0.0,0.0,4.0,,,,
battania_light_armor_e,Tartan Toga,Item,BodyArmor,body_armor,battania,0.7,,SandBoxCore/ModuleData/items/body_armors.xml,,,,,,,,,,,,,,4.0,0.0,9.0,,,,
battania_brass_plate_armor,Bronze Breastplate,Item,BodyArmor,body_armor,battania,10.0,,SandBoxCore/ModuleData/items/body_armors.xml,,,,,,,,,,,,,,42.0,5.0,8.0,,,,
steppe_armor,Striped Coat,Item,BodyArmor,body_armor,khuzait,0.6,,SandBoxCore/ModuleData/items/body_armors.xml,,,,,,,,,,,,,,6.0,1.0,2.0,,,,
steppe_robe,Steppe Robe,Item,BodyArmor,body_armor,khuzait,0.4,,SandBoxCore/ModuleData/items/body_armors.xml,,,,,,,,,,,,,,4.0,2.0,2.0,,,,
studded_leather_waistcoat,Studded Leather Waistcoat,Item,BodyArmor,,khuzait,0.7,,SandBoxCore/ModuleData/items/body_armors.xml,,,,,,,,,,,,,,8.0,0.0,3.0,,,,
khuzait_dress,Aproned Feminine Coat,Item,BodyArmor,,khuzait,0.8,,SandBoxCore/ModuleData/items/body_armors.xml,,,,,,,,,,,,,,6.0,3.0,3.0,,,,
khuzait_dress_b,Dress with Fur,Item,BodyArmor,,khuzait,0.9,,SandBoxCore/ModuleData/items/body_armors.xml,,,,,,,,,,,,,,8.0,2.0,3.0,,,,
steppe_dress,Envelope Dress,Item,BodyArmor,,khuzait,0.6,,SandBoxCore/ModuleData/items/body_armors.xml,,,,,,,,,,,,,,8.0,4.0,4.0,,,,
khuzait_civil_coat,Luxury Coat,Item,BodyArmor,,khuzait,2.7,,SandBoxCore/ModuleData/items/body_armors.xml,,,,,,,,,,,,,,6.0,3.0,3.0,,,,
khuzait_civil_coat_b,Luxury Thick Coat,Item,BodyArmor,,khuzait,2.7,,SandBoxCore/ModuleData/items/body_armors.xml,,,,,,,,,,,,,,6.0,3.0,3.0,,,,
reinforced_suede_armor,Reinforced Suede Armor,Item,BodyArmor,body_armor,khuzait,2.3,,SandBoxCore/ModuleData/items/body_armors.xml,,,,,,,,,,,,,,16.0,2.0,5.0,,,,
studded_steppe_leather,Studded Leather Armor,Item,BodyArmor,body_armor,khuzait,2.4,,SandBoxCore/ModuleData/items/body_armors.xml,,,,,,,,,,,,,,14.0,6.0,7.0,,,,
belted_leather_cuirass,Belted Leather Cuirass,Item,BodyArmor,,khuzait,1.9,,SandBoxCore/ModuleData/items/body_armors.xml,,,,,,,,,,,,,,19.0,3.0,4.0,,,,
crude_leather_armor,Crude Hide Armor,Item,BodyArmor,,khuzait,2.4,,SandBoxCore/ModuleData/items/body_armors.xml,,,,,,,,,,,,,,13.0,6.0,6.0,,,,
khuzait_belt_leather,Coat with Mirrored Belt,Item,BodyArmor,,khuzait,2.4,,SandBoxCore/ModuleData/items/body_armors.xml,,,,,,,,,,,,,,8.0,3.0,3.0,,,,
khuzait_fortified_armor,Reinforced Mirror Armor,Item,BodyArmor,,khuzait,2.4,,SandBoxCore/ModuleData/items/body_armors.xml,,,,,,,,,,,,,,16.0,2.0,5.0,,,,
khuzait_sturdy_armor,Mirrored Leather Armor,Item,BodyArmor,,khuzait,2.4,,SandBoxCore/ModuleData/items/body_armors.xml,,,,,,,,,,,,,,15.0,2.0,7.0,,,,
eastern_stitched_leather_coat,Stitched Cured Leather Coat,Item,BodyArmor,,khuzait,8.4,,SandBoxCore/ModuleData/items/body_armors.xml,,,,,,,,,,,,,,20.0,6.0,10.0,,,,
leather_lamellar_armor,Cured Leather Lamellar Armor,Item,BodyArmor,,khuzait,14.0,,SandBoxCore/ModuleData/items/body_armors.xml,,,,,,,,,,,,,,24.0,6.0,12.0,,,,
studded_leather_over_aketon,Brigandine over Aketon,Item,BodyArmor,,khuzait,22.4,,SandBoxCore/ModuleData/items/body_armors.xml,,,,,,,,,,,,,,38.0,19.0,15.0,,,,
eastern_lamellar_armor,Lancer Lamellar Armor,Item,BodyArmor,,khuzait,13.0,,SandBoxCore/ModuleData/items/body_armors.xml,,,,,,,,,,,,,,39.0,7.0,10.0,,,,
khuzait_lamellar_strapped,Reinforced Leather Armor,Item,BodyArmor,,khuzait,11.1,,SandBoxCore/ModuleData/items/body_armors.xml,,,,,,,,,,,,,,24.0,2.0,8.0,,,,
eastern_plated_leather_vest,Brigandine Vest,Item,BodyArmor,,khuzait,14.2,,SandBoxCore/ModuleData/items/body_armors.xml,,,,,,,,,,,,,,34.0,2.0,4.0,,,,
brass_lamellar_over_mail,Bronze Lamellar over Mail,Item,BodyArmor,,khuzait,22.0,,SandBoxCore/ModuleData/items/body_armors.xml,,,,,,,,,,,,,,46.0,14.0,14.0,,,,
eastern_plated_leather,Mirrored Brigandine Armor,Item,BodyArmor,,khuzait,18.6,,SandBoxCore/ModuleData/items/body_armors.xml,,,,,,,,,,,,,,36.0,14.0,14.0,,,,
khuzait_heavy_armor,Khan's Coat of Plates,Item,BodyArmor,,khuzait,26.5,,SandBoxCore/ModuleData/items/body_armors.xml,,,,,,,,,,,,,,46.0,23.0,26.0,,,,
sackcloth_tunic,Sackcloth Tunic,Item,BodyArmor,body_armor,vlandia,0.6,,SandBoxCore/ModuleData/items/body_armors.xml,,,,,,,,,,,,,,3.0,1.0,1.0,,,,
cloth_tunic,Simple Cloth Tunic,Item,BodyArmor,body_armor,vlandia,0.4,,SandBoxCore/ModuleData/items/body_armors.xml,,,,,,,,,,,,,,2.0,1.0,1.0,,,,
long_hemp_tunic,Long Hemp Tunic,Item,BodyArmor,,vlandia,0.6,,SandBoxCore/ModuleData/items/body_armors.xml,,,,,,,,,,,,,,4.0,2.0,2.0,,,,
long_woolen_tunic,Long Woolen Tunic,Item,BodyArmor,body_armor,vlandia,0.4,,SandBoxCore/ModuleData/items/body_armors.xml,,,,,,,,,,,,,,2.0,1.0,1.0,,,,
vlandian_noble_woman_dress,Silken Noble Dress,Item,BodyArmor,,vlandia,0.6,,SandBoxCore/ModuleData/items/body_armors.xml,,,,,,,,,,,,,,2.0,1.0,1.0,,,,
vlandian_woman_dress,Aproned Dress,Item,BodyArmor,,vlandia,0.7,,SandBoxCore/ModuleData/items/body_armors.xml,,,,,,,,,,,,,,2.0,1.0,1.0,,,,
vlandian_corset_dress,Corseted Dress,Item,BodyArmor,,vlandia,0.5,,SandBoxCore/ModuleData/items/body_armors.xml,,,,,,,,,,,,,,2.0,1.0,2.0,,,,
monk_robe,Scholar Robe,Item,BodyArmor,,vlandia,0.5,,SandBoxCore/ModuleData/items/body_armors.xml,,,,,,,,,,,,,,5.0,1.0,2.0,,,,
padded_leather_shirt,Padded Leather Shirt,Item,BodyArmor,,vlandia,1.8,,SandBoxCore/ModuleData/items/body_armors.xml,,,,,,,,,,,,,,16.0,4.0,8.0,,,,
padded_coat,Padded Footman Coat,Item,BodyArmor,body_armor,vlandia,2.4,,SandBoxCore/ModuleData/items/body_armors.xml,,,,,,,,,,,,,,16.0,7.0,7.0,,,,
leather_coat_over_cloth,Leather Coat over Cloth,Item,BodyArmor,body_armor,vlandia,0.7,,SandBoxCore/ModuleData/items/body_armors.xml,,,,,,,,,,,,,,8.0,2.0,4.0,,,,
gambeson_b,Heavy Aketon,Item,BodyArmor,,vlandia,2.0,,SandBoxCore/ModuleData/items/body_armors.xml,,,,,,,,,,,,,,18.0,9.0,9.0,,,,
aketon,Aketon,Item,BodyArmor,,vlandia,3.4,,SandBoxCore/ModuleData/items/body_armors.xml,,,,,,,,,,,,,,13.0,3.0,3.0,,,,
leather_coat,Leather Tunic,Item,BodyArmor,body_armor,vlandia,2.3,,SandBoxCore/ModuleData/items/body_armors.xml,,,,,,,,,,,,,,10.0,3.0,5.0,,,,
sleeveless_padded_short_coat,Sleeveless Padded Short Coat,Item,BodyArmor,body_armor,vlandia,2.0,,SandBoxCore/ModuleData/items/body_armors.xml,,,,,,,,,,,,,,15.0,2.0,7.0,,,,
sleeveless_padded_coat,Sleeveless Padded Coat,Item,BodyArmor,body_armor,vlandia,2.2,,SandBoxCore/ModuleData/items/body_armors.xml,,,,,,,,,,,,,,18.0,2.0,9.0,,,,
padded_short_coat,Padded Short Coat,Item,BodyArmor,,vlandia,2.2,,SandBoxCore/ModuleData/items/body_armors.xml,,,,,,,,,,,,,,15.0,7.0,2.0,,,,
leather_scale_armor,Leather Scale Armor,Item,BodyArmor,body_armor,vlandia,6.9,,SandBoxCore/ModuleData/items/body_armors.xml,,,,,,,,,,,,,,16.0,6.0,6.0,,,,
woven_leather_vest,Woven Leather Vest,Item,BodyArmor,body_armor,vlandia,4.7,,SandBoxCore/ModuleData/items/body_armors.xml,,,,,,,,,,,,,,11.0,3.0,5.0,,,,
vlandia_chainmail,Heavy Mail Hauberk,Item,BodyArmor,,vlandia,12.0,,SandBoxCore/ModuleData/items/body_armors.xml,,,,,,,,,,,,,,35.0,14.0,14.0,,,,
hauberk,Heavy Mail Shirt,Item,BodyArmor,body_armor,vlandia,9.5,,SandBoxCore/ModuleData/items/body_armors.xml,,,,,,,,,,,,,,27.0,12.0,14.0,,,,
white_coat_over_mail,Tabard over Mail Hauberk,Item,BodyArmor,body_armor,vlandia,15.0,,SandBoxCore/ModuleData/items/body_armors.xml,,,,,,,,,,,,,,34.0,12.0,12.0,,,,
red_coat_over_mail,Red Tabard over Mail Hauberk,Item,BodyArmor,body_armor,vlandia,15.0,,SandBoxCore/ModuleData/items/body_armors.xml,,,,,,,,,,,,,,34.0,12.0,12.0,,,,
veteran_mercenary_armor,Fortified Mercenary Armor,Item,BodyArmor,body_armor,vlandia,8.2,,SandBoxCore/ModuleData/items/body_armors.xml,,,,,,,,,,,,,,24.0,12.0,13.0,,,,
mail_shirt,Mail Shirt,Item,BodyArmor,body_armor,vlandia,7.5,,SandBoxCore/ModuleData/items/body_armors.xml,,,,,,,,,,,,,,25.0,11.0,13.0,,,,
plated_leather_coat,Rough Brigandine,Item,BodyArmor,body_armor,vlandia,19.0,,SandBoxCore/ModuleData/items/body_armors.xml,,,,,,,,,,,,,,38.0,19.0,19.0,,,,
coat_of_plates_over_mail,Brigandine over Mail,Item,BodyArmor,body_armor,vlandia,23.2,,SandBoxCore/ModuleData/items/body_armors.xml,,,,,,,,,,,,,,50.0,14.0,16.0,,,,
banded_leather_over_mail,Banded Leather over Mail,Item,BodyArmor,,vlandia,8.6,,SandBoxCore/ModuleData/items/body_armors.xml,,,,,,,,,,,,,,29.0,8.0,10.0,,,,
northern_tunic,Varyag Tunic,Item,BodyArmor,body_armor,sturgia,0.4,,SandBoxCore/ModuleData/items/body_armors.xml,,,,,,,,,,,,,,6.0,2.0,3.0,,,,
nordic_tunic,Luxury Tunic,Item,BodyArmor,body_armor,sturgia,0.6,,SandBoxCore/ModuleData/items/body_armors.xml,,,,,,,,,,,,,,4.0,2.0,3.0,,,,
tundra_tunic,Belted Tunic,Item,BodyArmor,body_armor,sturgia,0.3,,SandBoxCore/ModuleData/items/body_armors.xml,,,,,,,,,,,,,,4.0,2.0,2.0,,,,
roughcloth_shortcoat,Roughcloth Shortcoat,Item,BodyArmor,body_armor,sturgia,0.4,,SandBoxCore/ModuleData/items/body_armors.xml,,,,,,,,,,,,,,5.0,1.0,2.0,,,,
northern_dress,Cold Weather Dress,Item,BodyArmor,,sturgia,0.7,,SandBoxCore/ModuleData/items/body_armors.xml,,,,,,,,,,,,,,3.0,1.0,2.0,,,,
laced_dress,Laced Dress,Item,BodyArmor,,sturgia,0.6,,SandBoxCore/ModuleData/items/body_armors.xml,,,,,,,,,,,,,,2.0,1.0,1.0,,,,
cut_dress,Frilled Dress,Item,BodyArmor,,sturgia,0.6,,SandBoxCore/ModuleData/items/body_armors.xml,,,,,,,,,,,,,,6.0,1.0,3.0,,,,
cut_dress_with_pouch,Cut Dress with Pouch,Item,BodyArmor,,sturgia,0.5,,SandBoxCore/ModuleData/items/body_armors.xml,,,,,,,,,,,,,,3.0,,2.0,,,,
dress_with_overall,Dress,Item,BodyArmor,,sturgia,0.5,,SandBoxCore/ModuleData/items/body_armors.xml,,,,,,,,,,,,,,5.0,1.0,1.0,,,,
plain_dress,Plain Dress,Item,BodyArmor,,sturgia,0.5,,SandBoxCore/ModuleData/items/body_armors.xml,,,,,,,,,,,,,,2.0,1.0,1.0,,,,
heavy_nordic_tunic,Heavy Tunic,Item,BodyArmor,,sturgia,1.0,,SandBoxCore/ModuleData/items/body_armors.xml,,,,,,,,,,,,,,7.0,1.0,2.0,,,,
light_tunic,Light Tunic,Item,BodyArmor,body_armor,sturgia,0.4,,SandBoxCore/ModuleData/items/body_armors.xml,,,,,,,,,,,,,,2.0,1.0,1.0,,,,
fur_trimmed_tunic,Fur Trimmed Tunic,Item,BodyArmor,body_armor,sturgia,0.8,,SandBoxCore/ModuleData/items/body_armors.xml,,,,,,,,,,,,,,6.0,3.0,3.0,,,,
fur_trimmed_short_tunic,Fur Trimmed Short Tunic,Item,BodyArmor,body_armor,sturgia,0.4,,SandBoxCore/ModuleData/items/body_armors.xml,,,,,,,,,,,,,,6.0,1.0,1.0,,,,
decorated_short_tunic,Decorated Thick Tunic,Item,BodyArmor,body_armor,sturgia,0.6,,SandBoxCore/ModuleData/items/body_armors.xml,,,,,,,,,,,,,,6.0,3.0,3.0,,,,
sturgia_light_tunic,Long Tunic,Item,BodyArmor,body_armor,sturgia,0.4,,SandBoxCore/ModuleData/items/body_armors.xml,,,,,,,,,,,,,,2.0,1.0,1.0,,,,
nordic_sloven_leather,Sloven Leather,Item,BodyArmor,,sturgia,2.9,,SandBoxCore/ModuleData/items/body_armors.xml,,,,,,,,,,,,,,12.0,3.0,4.0,,,,
heavy_nordic_coat,Sleeved Heavy Tunic,Item,BodyArmor,body_armor,sturgia,0.9,,SandBoxCore/ModuleData/items/body_armors.xml,,,,,,,,,,,,,,7.0,1.0,2.0,,,,
northern_padded_gambeson,Short Gambeson over Tunic,Item,BodyArmor,,sturgia,1.5,,SandBoxCore/ModuleData/items/body_armors.xml,,,,,,,,,,,,,,16.0,3.0,6.0,,,,
northern_padded_cloth,Light Padded Armor,Item,BodyArmor,body_armor,sturgia,1.6,,SandBoxCore/ModuleData/items/body_armors.xml,,,,,,,,,,,,,,15.0,7.0,7.0,,,,
nordic_padded_cloth,Reinforced Thick Tunic,Item,BodyArmor,,sturgia,1.1,,SandBoxCore/ModuleData/items/body_armors.xml,,,,,,,,,,,,,,7.0,2.0,3.0,,,,
northern_leather_vest,Tunic with Leather Vest,Item,BodyArmor,,sturgia,0.9,,SandBoxCore/ModuleData/items/body_armors.xml,,,,,,,,,,,,,,9.0,2.0,4.0,,,,
stitched_leather_vest,Stitched Leather Vest,Item,BodyArmor,body_armor,sturgia,1.5,,SandBoxCore/ModuleData/items/body_armors.xml,,,,,,,,,,,,,,12.0,3.0,5.0,,,,
nordic_sloven,Leather Armor over Heavy Cloth,Item,BodyArmor,body_armor,sturgia,1.8,,SandBoxCore/ModuleData/items/body_armors.xml,,,,,,,,,,,,,,11.0,3.0,3.0,,,,
layered_leather_tunic,Layered Leather Tunic,Item,BodyArmor,body_armor,sturgia,1.2,,SandBoxCore/ModuleData/items/body_armors.xml,,,,,,,,,,,,,,11.0,2.0,6.0,,,,
northern_leather_tabard,Leather Tabard,Item,BodyArmor,,sturgia,4.4,,SandBoxCore/ModuleData/items/body_armors.xml,,,,,,,,,,,,,,18.0,6.0,9.0,,,,
northern_lamellar_armor,Cured Leather Lamellar Shirt ,Item,BodyArmor,body_armor,sturgia,8.9,,SandBoxCore/ModuleData/items/body_armors.xml,,,,,,,,,,,,,,26.0,2.0,3.0,,,,
decorated_nordic_hauberk,Northern Ring Mail Shirt,Item,BodyArmor,body_armor,sturgia,10.7,,SandBoxCore/ModuleData/items/body_armors.xml,,,,,,,,,,,,,,25.0,8.0,8.0,,,,
nordic_sloven_over_mail,Leather Tabard over Mail,Item,BodyArmor,,sturgia,10.0,,SandBoxCore/ModuleData/items/body_armors.xml,,,,,,,,,,,,,,30.0,12.0,14.0,,,,
nordic_hauberk,Reinforced Mail Shirt,Item,BodyArmor,body_armor,sturgia,10.7,,SandBoxCore/ModuleData/items/body_armors.xml,,,,,,,,,,,,,,40.0,20.0,20.0,,,,
leather_and_iron_plate_armor,Leather Armor with Iron Plates,Item,BodyArmor,body_armor,sturgia,9.6,,SandBoxCore/ModuleData/items/body_armors.xml,,,,,,,,,,,,,,22.0,4.0,4.0,,,,
northern_coat_of_plates,Coat Of Plates,Item,BodyArmor,,sturgia,21.0,,SandBoxCore/ModuleData/items/body_armors.xml,,,,,,,,,,,,,,45.0,6.0,19.0,,,,
nordic_lamellar_armor,Bronze Scale Vest over Gambeson,Item,BodyArmor,body_armor,sturgia,15.0,,SandBoxCore/ModuleData/items/body_armors.xml,,,,,,,,,,,,,,28.0,6.0,12.0,,,,
nordic_lamellar_vest,Bronze Scale Vest,Item,BodyArmor,,sturgia,14.0,,SandBoxCore/ModuleData/items/body_armors.xml,,,,,,,,,,,,,,28.0,2.0,4.0,,,,
sturgian_fortified_armor,Brigandine over Hauberk,Item,BodyArmor,body_armor,vlandia,28.6,,SandBoxCore/ModuleData/items/body_armors.xml,,,,,,,,,,,,,,51.0,19.0,18.0,,,,
northern_brass_lamellar_over_mail,Heavy Lamellar over Mail,Item,BodyArmor,,sturgia,23.6,,SandBoxCore/ModuleData/items/body_armors.xml,,,,,,,,,,,,,,51.0,16.0,16.0,,,,
sturgian_lamellar_base,Heavy Lamellar over Mail Armor,Item,BodyArmor,,sturgia,24.0,,SandBoxCore/ModuleData/items/body_armors.xml,,,,,,,,,,,,,,50.0,7.0,21.0,,,,
sturgian_lamellar_fortified,Heavy Lamellar over Hauberk,Item,BodyArmor,,sturgia,28.0,,SandBoxCore/ModuleData/items/body_armors.xml,,,,,,,,,,,,,,50.0,15.0,25.0,,,,
sturgian_chainmale_longsleeve,Decorated Hauberk,Item,BodyArmor,body_armor,sturgia,14.5,,SandBoxCore/ModuleData/items/body_armors.xml,,,,,,,,,,,,,,42.0,26.0,26.0,,,,
sturgian_chainmale_shortsleeve,Decorated Mail Shirt,Item,BodyArmor,body_armor,sturgia,8.3,,SandBoxCore/ModuleData/items/body_armors.xml,,,,,,,,,,,,,,25.0,10.0,12.0,,,,
sturgian_lamellar_gambeson_heavy,Heavy Lamellar Vest,Item,BodyArmor,body_armor,sturgia,8.3,,SandBoxCore/ModuleData/items/body_armors.xml,,,,,,,,,,,,,,35.0,2.0,18.0,,,,
sturgian_lamellar_gambeson,Heavy Long Lamellar Vest,Item,BodyArmor,body_armor,sturgia,6.2,,SandBoxCore/ModuleData/items/body_armors.xml,,,,,,,,,,,,,,28.0,2.0,2.0,,,,
peasant_costume,Commoner Clothes,Item,BodyArmor,,empire,0.5,,SandBoxCore/ModuleData/items/body_armors.xml,,,,,,,,,,,,,,4.0,1.0,2.0,,,,
fine_town_tunic,Rich Tunic,Item,BodyArmor,,empire,0.4,,SandBoxCore/ModuleData/items/body_armors.xml,,,,,,,,,,,,,,2.0,1.0,1.0,,,,
hemp_tunic,Hemp Tunic,Item,BodyArmor,body_armor,empire,0.4,,SandBoxCore/ModuleData/items/body_armors.xml,,,,,,,,,,,,,,4.0,1.0,2.0,,,,
tied_cloth_tunic,Tied Cloth Tunic,Item,BodyArmor,body_armor,empire,0.4,,SandBoxCore/ModuleData/items/body_armors.xml,,,,,,,,,,,,,,4.0,1.0,1.0,,,,
vlandian_dress,Rich Dress,Item,BodyArmor,,empire,0.5,,SandBoxCore/ModuleData/items/body_armors.xml,,,,,,,,,,,,,,3.0,1.0,1.0,,,,
empire_dress,Ladies Dress,Item,BodyArmor,,empire,0.7,,SandBoxCore/ModuleData/items/body_armors.xml,,,,,,,,,,,,,,7.0,2.0,4.0,,,,
empire_dress_b,Red Dress,Item,BodyArmor,,empire,0.6,,SandBoxCore/ModuleData/items/body_armors.xml,,,,,,,,,,,,,,6.0,2.0,2.0,,,,
footmans_tunic,Military Tunic,Item,BodyArmor,body_armor,empire,0.6,,SandBoxCore/ModuleData/items/body_armors.xml,,,,,,,,,,,,,,4.0,1.0,2.0,,,,
tunic_with_shoulder_pads,Tunic with Shoulder Pads,Item,BodyArmor,,empire,0.6,,SandBoxCore/ModuleData/items/body_armors.xml,,,,,,,,,,,,,,5.0,2.0,2.0,,,,
tunic_with_rolled_cloth,Tunic with Rolled Cloth,Item,BodyArmor,body_armor,empire,0.7,,SandBoxCore/ModuleData/items/body_armors.xml,,,,,,,,,,,,,,6.0,2.0,3.0,,,,
imperial_robes,Toga,Item,BodyArmor,,empire,0.9,,SandBoxCore/ModuleData/items/body_armors.xml,,,,,,,,,,,,,,8.0,4.0,3.0,,,,
padded_cloth_with_strips,Padded Cloth with Strips,Item,BodyArmor,body_armor,empire,2.2,,SandBoxCore/ModuleData/items/body_armors.xml,,,,,,,,,,,,,,14.0,2.0,7.0,,,,
leather_tunic,Leather Tunic,Item,BodyArmor,,empire,2.1,,SandBoxCore/ModuleData/items/body_armors.xml,,,,,,,,,,,,,,12.0,2.0,7.0,,,,
patched_gambeson,Patched Gambeson,Item,BodyArmor,,empire,2.4,,SandBoxCore/ModuleData/items/body_armors.xml,,,,,,,,,,,,,,14.0,3.0,7.0,,,,
imperial_padded_cloth,Infantryman Rough Gambeson,Item,BodyArmor,,empire,2.8,,SandBoxCore/ModuleData/items/body_armors.xml,,,,,,,,,,,,,,16.0,6.0,8.0,,,,
khuzait_leather_stitched,Thick Brigandine Vest,Item,BodyArmor,,empire,4.5,,SandBoxCore/ModuleData/items/body_armors.xml,,,,,,,,,,,,,,34.0,2.0,8.0,,,,
empire_warrior_padded_armor_a,Infantryman Gambeson,Item,BodyArmor,,empire,2.1,,SandBoxCore/ModuleData/items/body_armors.xml,,,,,,,,,,,,,,15.0,4.0,7.0,,,,
empire_warrior_padded_armor_c,Infantryman Gambeson with Skirts,Item,BodyArmor,,empire,2.0,,SandBoxCore/ModuleData/items/body_armors.xml,,,,,,,,,,,,,,16.0,4.0,8.0,,,,
empire_warrior_padded_armor_d,Infantryman Gambeson with Straps,Item,BodyArmor,,empire,1.6,,SandBoxCore/ModuleData/items/body_armors.xml,,,,,,,,,,,,,,16.0,4.0,8.0,,,,
empire_warrior_padded_armor_e,Infantryman Long Gambeson,Item,BodyArmor,,empire,1.5,,SandBoxCore/ModuleData/items/body_armors.xml,,,,,,,,,,,,,,16.0,5.0,8.0,,,,
empire_warrior_padded_armor_f,Auxiliary Armor,Item,BodyArmor,,empire,1.9,,SandBoxCore/ModuleData/items/body_armors.xml,,,,,,,,,,,,,,17.0,4.0,8.0,,,,
empire_warrior_padded_armor_g,Auxiliary Armor with Straps,Item,BodyArmor,,empire,2.0,,SandBoxCore/ModuleData/items/body_armors.xml,,,,,,,,,,,,,,18.0,4.0,8.0,,,,
eastern_studded_leather,Cured Studded Leather Armor,Item,BodyArmor,,empire,3.0,,SandBoxCore/ModuleData/items/body_armors.xml,,,,,,,,,,,,,,18.0,6.0,8.0,,,,
basic_imperial_leather_armor,Leather Armor,Item,BodyArmor,,empire,3.1,,SandBoxCore/ModuleData/items/body_armors.xml,,,,,,,,,,,,,,22.0,6.0,6.0,,,,
woven_leather_coat,Boarskin Leather Coat,Item,BodyArmor,,empire,5.1,,SandBoxCore/ModuleData/items/body_armors.xml,,,,,,,,,,,,,,14.0,4.0,7.0,,,,
empire_warrior_padded_armor_b,Infantryman Gambeson over Leather Jacket,Item,BodyArmor,,empire,1.8,,SandBoxCore/ModuleData/items/body_armors.xml,,,,,,,,,,,,,,16.0,4.0,8.0,,,,
imperial_mail_over_stripped_leather,Infantryman Mail over Striped Leather,Item,BodyArmor,body_armor,empire,10.2,,SandBoxCore/ModuleData/items/body_armors.xml,,,,,,,,,,,,,,31.0,6.0,6.0,,,,
empire_horseman_armor,Cavalryman Mail Shirt,Item,BodyArmor,body_armor,empire,8.3,,SandBoxCore/ModuleData/items/body_armors.xml,,,,,,,,,,,,,,27.0,10.0,11.0,,,,
imperial_mail_over_leather,Infantryman Mail over Leather,Item,BodyArmor,,empire,8.6,,SandBoxCore/ModuleData/items/body_armors.xml,,,,,,,,,,,,,,31.0,6.0,6.0,,,,
imperial_mail_vest,Infantryman Mail Vest,Item,BodyArmor,body_armor,empire,9.8,,SandBoxCore/ModuleData/items/body_armors.xml,,,,,,,,,,,,,,26.0,12.0,12.0,,,,
imperial_scale_armor,Heavy Scale Armor over Mail Hauberk,Item,BodyArmor,body_armor,empire,21.4,,SandBoxCore/ModuleData/items/body_armors.xml,,,,,,,,,,,,,,57.0,16.0,20.0,,,,
imperial_lamellar_over_leather,Luxury Lamellar Vest over Leather,Item,BodyArmor,,empire,15.0,,SandBoxCore/ModuleData/items/body_armors.xml,,,,,,,,,,,,,,33.0,6.0,7.0,,,,
lamellar_with_scale_skirt,Lamellar with Scale Skirt,Item,BodyArmor,,empire,24.1,,SandBoxCore/ModuleData/items/body_armors.xml,,,,,,,,,,,,,,52.0,16.0,23.0,,,,
legionary_mail,Legionary Mail,Item,BodyArmor,body_armor,empire,19.0,,SandBoxCore/ModuleData/items/body_armors.xml,,,,,,,,,,,,,,34.0,15.0,18.0,,,,
imperial_lamellar,Cataphract Lamellar Armor,Item,BodyArmor,body_armor,empire,22.1,,SandBoxCore/ModuleData/items/body_armors.xml,,,,,,,,,,,,,,48.0,14.0,24.0,,,,
empire_legion_a,Decorated Legionary Mail,Item,BodyArmor,body_armor,empire,22.0,,SandBoxCore/ModuleData/items/body_armors.xml,,,,,,,,,,,,,,30.0,8.0,18.0,,,,
empire_legion_b,Ornate Legionary Scale Mail,Item,BodyArmor,body_armor,empire,28.0,,SandBoxCore/ModuleData/items/body_armors.xml,,,,,,,,,,,,,,36.0,8.0,18.0,,,,
empire_plate_vest_armor,Ornate Scale Armor,Item,BodyArmor,body_armor,empire,16.0,,SandBoxCore/ModuleData/items/body_armors.xml,,,,,,,,,,,,,,39.0,8.0,19.0,,,,
dummy_armor_min,Dummy Min Armor,Item,BodyArmor,,looters,10.0,,SandBoxCore/ModuleData/items/body_armors.xml,,,,,,,,,,,,,0.0,0.0,0.0,0.0,,,,
dummy_armor_lower_average,Dummy Lower Average,Item,BodyArmor,,looters,20.0,,SandBoxCore/ModuleData/items/body_armors.xml,,,,,,,,,,,,,12.0,12.0,12.0,12.0,,,,
dummy_armor_higher_average,Dummy Higher Average,Item,BodyArmor,,looters,30.0,,SandBoxCore/ModuleData/items/body_armors.xml,,,,,,,,,,,,,37.0,37.0,37.0,37.0,,,,
dummy_armor_max,Dummy Max Armor,Item,BodyArmor,,looters,40.0,,SandBoxCore/ModuleData/items/body_armors.xml,,,,,,,,,,,,,55.0,55.0,55.0,55.0,,,,
burlap_sack_dress,Burlap Tunic,Item,BodyArmor,,looters,0.5,,SandBoxCore/ModuleData/items/body_armors.xml,,,,,,,,,,,,,,2.0,1.0,1.0,,,,
tattered_rags,Tattered Rags,Item,BodyArmor,body_armor,looters,0.3,,SandBoxCore/ModuleData/items/body_armors.xml,,,,,,,,,,,,,,3.0,0.0,1.0,,,,
bandit_leather_water_flask,Commoner Shirt,Item,BodyArmor,,looters,0.5,,SandBoxCore/ModuleData/items/body_armors.xml,,,,,,,,,,,,,,3.0,2.0,2.0,,,,
torn_bandit_clothes,Torn Padded Garments,Item,BodyArmor,,looters,0.5,,SandBoxCore/ModuleData/items/body_armors.xml,,,,,,,,,,,,,,6.0,1.0,2.0,,,,
bandit_envelope_dress_v1,Commoner Tunic,Item,BodyArmor,,looters,0.6,,SandBoxCore/ModuleData/items/body_armors.xml,,,,,,,,,,,,,,4.0,2.0,2.0,,,,
bandit_envelope_dress_v2,Sleeveless Enveloped Padded Garments,Item,BodyArmor,,looters,0.5,,SandBoxCore/ModuleData/items/body_armors.xml,,,,,,,,,,,,,,2.0,1.0,1.0,,,,
bandit_fur_a,Old Fur Armor,Item,BodyArmor,,looters,0.9,,SandBoxCore/ModuleData/items/body_armors.xml,,,,,,,,,,,,,,12.0,,6.0,,,,
bandit_fur_b,Old Fur Coat,Item,BodyArmor,,looters,1.0,,SandBoxCore/ModuleData/items/body_armors.xml,,,,,,,,,,,,,,12.0,,4.0,,,,
empire_short_dress,Short Tunic,Item,BodyArmor,,empire,1.0,,SandBoxCore/ModuleData/items/body_armors.xml,,,,,,,,,,,,,,4.0,,0.0,,,,
fur_skirt,Kaunakes,Item,BodyArmor,body_armor,looters,0.6,,SandBoxCore/ModuleData/items/body_armors.xml,,,,,,,,,,,,,,2.0,,6.0,,,,
fur_skirt_with_tunic,Kaunakes with Tunic,Item,BodyArmor,body_armor,looters,0.9,,SandBoxCore/ModuleData/items/body_armors.xml,,,,,,,,,,,,,,4.0,2.0,6.0,,,,
ragged_robes,Ragged Robes,Item,BodyArmor,body_armor,looters,0.9,,SandBoxCore/ModuleData/items/body_armors.xml,,,,,,,,,,,,,,3.0,1.0,2.0,,,,
fur_waistcoat_over_tunic,Fur Waistcoat over Tunic,Item,BodyArmor,body_armor,looters,2.3,,SandBoxCore/ModuleData/items/body_armors.xml,,,,,,,,,,,,,,6.0,2.0,2.0,,,,
sleeveless_fur_coat,Sleeveless Fur Coat,Item,BodyArmor,body_armor,looters,1.8,,SandBoxCore/ModuleData/items/body_armors.xml,,,,,,,,,,,,,,12.0,2.0,5.0,,,,
fur_coat_over_tunic,Fur Coat over Tunic,Item,BodyArmor,,looters,2.1,,SandBoxCore/ModuleData/items/body_armors.xml,,,,,,,,,,,,,,12.0,2.0,5.0,,,,
bandit_gambeson,Rugged Gambeson,Item,BodyArmor,,looters,2.2,,SandBoxCore/ModuleData/items/body_armors.xml,,,,,,,,,,,,,,14.0,3.0,7.0,,,,
rough_fur_armor,Rough Fur Armor,Item,BodyArmor,,looters,1.3,,SandBoxCore/ModuleData/items/body_armors.xml,,,,,,,,,,,,,,14.0,3.0,5.0,,,,
padded_leather_overcoat,Padded Leather Overcoat,Item,BodyArmor,,looters,3.2,,SandBoxCore/ModuleData/items/body_armors.xml,,,,,,,,,,,,,,14.0,3.0,4.0,,,,
vlandia_bandit_a,Cheap Paddings,Item,BodyArmor,,looters,2.9,,SandBoxCore/ModuleData/items/body_armors.xml,,,,,,,,,,,,,,14.0,2.0,3.0,,,,
vlandia_bandit_b,Cheap Colored Clothes,Item,BodyArmor,,looters,1.8,,SandBoxCore/ModuleData/items/body_armors.xml,,,,,,,,,,,,,,4.0,2.0,1.0,,,,
vlandia_bandit_c,Torn Robe,Item,BodyArmor,,looters,0.4,,SandBoxCore/ModuleData/items/body_armors.xml,,,,,,,,,,,,,,1.0,,1.0,,,,
rough_fur_over_chain,Rough Fur over Mail,Item,BodyArmor,,looters,14.0,,SandBoxCore/ModuleData/items/body_armors.xml,,,,,,,,,,,,,,36.0,8.0,10.0,,,,
buckled_wildsman_armor,Buckled Mail Armor,Item,BodyArmor,body_armor,looters,12.3,,SandBoxCore/ModuleData/items/body_armors.xml,,,,,,,,,,,,,,28.0,8.0,4.0,,,,
cloth_apron,Cloth Apron,Item,BodyArmor,,neutral_culture,0.8,,SandBoxCore/ModuleData/items/body_armors.xml,,,,,,,,,,,,,,8.0,2.0,5.0,,,,
half_apron,Half Apron,Item,BodyArmor,,neutral_culture,0.7,,SandBoxCore/ModuleData/items/body_armors.xml,,,,,,,,,,,,,,3.0,1.0,1.0,,,,
merchants_fur_coat,Merchant Fur Coat,Item,BodyArmor,,neutral_culture,2.9,,SandBoxCore/ModuleData/items/body_armors.xml,,,,,,,,,,,,,,8.0,4.0,4.0,,,,
leather_apron,Leather Apron,Item,BodyArmor,body_armor,neutral_culture,2.5,,SandBoxCore/ModuleData/items/body_armors.xml,,,,,,,,,,,,,,4.0,2.0,2.0,,,,
assassin_armor,Blackened Armor,Item,BodyArmor,body_armor,neutral_culture,5.0,,SandBoxCore/ModuleData/items/body_armors.xml,,,,,,,,,,,,,,18.0,4.0,6.0,,,,
headscarf_d,Hijab,Item,HeadArmor,,aserai,0.5,,SandBoxCore/ModuleData/items/head_armors.xml,,,,,,,,,,,,,3.0,,,,,,,
open_head_scarf,Open Head Scarf,Item,HeadArmor,,aserai,0.5,,SandBoxCore/ModuleData/items/head_armors.xml,,,,,,,,,,,,,6.0,,,,,,,
woven_turban,Woven Turban,Item,HeadArmor,head_armor,aserai,0.8,,SandBoxCore/ModuleData/items/head_armors.xml,,,,,,,,,,,,,6.0,,,,,,,
turban,Turban,Item,HeadArmor,,aserai,0.5,,SandBoxCore/ModuleData/items/head_armors.xml,,,,,,,,,,,,,4.0,,,,,,,
desert_cap,Wrapped Cap,Item,HeadArmor,,aserai,0.4,,SandBoxCore/ModuleData/items/head_armors.xml,,,,,,,,,,,,,6.0,,,,,,,
wrapped_desert_cap,Wrapped Leather Cap,Item,HeadArmor,,aserai,0.5,,SandBoxCore/ModuleData/items/head_armors.xml,,,,,,,,,,,,,12.0,,,,,,,
aserai_villager_female_headdress,Rural Headdress,Item,HeadArmor,,aserai,0.2,,SandBoxCore/ModuleData/items/head_armors.xml,,,,,,,,,,,,,3.0,,,,,,,
tuareg,Tribal Turban,Item,HeadArmor,head_armor,aserai,0.6,,SandBoxCore/ModuleData/items/head_armors.xml,,,,,,,,,,,,,7.0,,,,,,,
head_scarf,Colored Hijab,Item,HeadArmor,,aserai,0.1,,SandBoxCore/ModuleData/items/head_armors.xml,,,,,,,,,,,,,2.0,,,,,,,
desert_headdress,Desert Headdress,Item,HeadArmor,,aserai,0.2,,SandBoxCore/ModuleData/items/head_armors.xml,,,,,,,,,,,,,6.0,,,,,,,
female_head_wrap,Female Headwrap,Item,HeadArmor,,aserai,0.1,,SandBoxCore/ModuleData/items/head_armors.xml,,,,,,,,,,,,,2.0,,,,,,,
aserai_female_civil_hscarf,Desert Headscarf,Item,HeadArmor,,aserai,0.3,,SandBoxCore/ModuleData/items/head_armors.xml,,,,,,,,,,,,,3.0,,,,,,,
aserai_female_civil_hscarf_b,Headscarf with Fez,Item,HeadArmor,,aserai,0.4,,SandBoxCore/ModuleData/items/head_armors.xml,,,,,,,,,,,,,4.0,,,,,,,
aserai_civil_c_head,Keffiyeh with Silken Band,Item,HeadArmor,,aserai,0.2,,SandBoxCore/ModuleData/items/head_armors.xml,,,,,,,,,,,,,4.0,,,,,,,
aserai_civil_f_cape,Bandit Leather Hood,Item,HeadArmor,,aserai,0.1,,SandBoxCore/ModuleData/items/head_armors.xml,,,,,,,,,,,,,5.0,,,,,,,
aserai_civil_d_hscarf,Colored Turban,Item,HeadArmor,,aserai,0.2,,SandBoxCore/ModuleData/items/head_armors.xml,,,,,,,,,,,,,5.0,,,,,,,
aserai_civil_e_hscarf,Colored Keffiyeh,Item,HeadArmor,,aserai,0.1,,SandBoxCore/ModuleData/items/head_armors.xml,,,,,,,,,,,,,5.0,,,,,,,
aserai_civil_hscarf_b,Roughspun Keffiyeh,Item,HeadArmor,,aserai,0.2,,SandBoxCore/ModuleData/items/head_armors.xml,,,,,,,,,,,,,6.0,,,,,,,
aserai_civil_hscarf_a,Keffiyeh with Brown Band,Item,HeadArmor,,aserai,0.2,,SandBoxCore/ModuleData/items/head_armors.xml,,,,,,,,,,,,,4.0,,,,,,,
tied_head_wrapping,Tied Head Wrapping,Item,HeadArmor,head_armor,aserai,0.5,,SandBoxCore/ModuleData/items/head_armors.xml,,,,,,,,,,,,,5.0,,,,,,,
tight_head_scarf,Tight Head Scarf,Item,HeadArmor,head_armor,aserai,0.7,,SandBoxCore/ModuleData/items/head_armors.xml,,,,,,,,,,,,,7.0,,,,,,,
closed_head_scarf,Closed Head Scarf,Item,HeadArmor,head_armor,aserai,0.6,,SandBoxCore/ModuleData/items/head_armors.xml,,,,,,,,,,,,,6.0,,,,,,,
open_desert_helmet,Spiked Helmet with Open Turban,Item,HeadArmor,head_armor,aserai,1.3,,SandBoxCore/ModuleData/items/head_armors.xml,,,,,,,,,,,,,22.0,,,,,,,
closed_desert_helmet,Spiked Helmet with Closed Turban ,Item,HeadArmor,,aserai,2.4,,SandBoxCore/ModuleData/items/head_armors.xml,,,,,,,,,,,,,23.0,,,,,,,
loose_wrapped_desert_helmet,Helmet with Open Turban ,Item,HeadArmor,,aserai,2.1,,SandBoxCore/ModuleData/items/head_armors.xml,,,,,,,,,,,,,26.0,,,,,,,
trailed_desert_helmet,Helmet with Turban and Coif,Item,HeadArmor,head_armor,aserai,2.2,,SandBoxCore/ModuleData/items/head_armors.xml,,,,,,,,,,,,,20.0,,,,,,,
desert_helmet_with_mail,Mamluke Helmet with Mail,Item,HeadArmor,head_armor,aserai,2.9,,SandBoxCore/ModuleData/items/head_armors.xml,,,,,,,,,,,,,45.0,,,,,,,
desert_helmet,Steel Cap,Item,HeadArmor,,aserai,1.2,,SandBoxCore/ModuleData/items/head_armors.xml,,,,,,,,,,,,,18.0,,,,,,,
pointed_skullcap_over_mail,Pointed Skullcap over Gambeson,Item,HeadArmor,,aserai,2.2,,SandBoxCore/ModuleData/items/head_armors.xml,,,,,,,,,,,,,32.0,,,,,,,
pointed_skullcap_over_laced_coif,Pointed Skullcap over Laced Coif,Item,HeadArmor,head_armor,aserai,2.2,,SandBoxCore/ModuleData/items/head_armors.xml,,,,,,,,,,,,,32.0,,,,,,,
pointed_skullcap_over_cloth_headwrap,Pointed Skullcap over Cloth Headwrap,Item,HeadArmor,head_armor,aserai,2.1,,SandBoxCore/ModuleData/items/head_armors.xml,,,,,,,,,,,,,30.0,,,,,,,
aserai_crown,Luxury Turban Over Helmet,Item,HeadArmor,,aserai,2.8,,SandBoxCore/ModuleData/items/head_armors.xml,,,,,,,,,,,,,42.0,,,,,,,
pointed_skullcap_over_mail_coif,Pointed Skullcap over Mail Coif,Item,HeadArmor,,aserai,2.8,,SandBoxCore/ModuleData/items/head_armors.xml,,,,,,,,,,,,,37.0,,,,,,,
closed_desert_helmet_with_mail,Closed Steel Cap,Item,HeadArmor,,aserai,3.2,,SandBoxCore/ModuleData/items/head_armors.xml,,,,,,,,,,,,,52.0,,,,,,,
emirs_helmet,Emir Helmet,Item,HeadArmor,head_armor,aserai,3.0,,SandBoxCore/ModuleData/items/head_armors.xml,,,,,,,,,,,,,46.0,,,,,,,
desert_mail_coif,Wrapped Helmet with Mail Coif,Item,HeadArmor,head_armor,aserai,3.0,,SandBoxCore/ModuleData/items/head_armors.xml,,,,,,,,,,,,,46.0,,,,,,,
aserai_lord_helmet_a,Noble Crowned Lord Helmet,Item,HeadArmor,head_armor,aserai,3.4,,SandBoxCore/ModuleData/items/head_armors.xml,,,,,,,,,,,,,45.0,,,,,,,
southern_noble_helmet,Noble Steel Cap,Item,HeadArmor,head_armor,aserai,3.5,,SandBoxCore/ModuleData/items/head_armors.xml,,,,,,,,,,,,,46.0,,,,,,,
southern_lord_helmet,Emir's Casque,Item,HeadArmor,head_armor,aserai,2.9,,SandBoxCore/ModuleData/items/head_armors.xml,,,,,,,,,,,,,46.0,,,,,,,
pointed_skullcap_with_mail,Pointed Skullcap with Mail,Item,HeadArmor,head_armor,aserai,2.6,,SandBoxCore/ModuleData/items/head_armors.xml,,,,,,,,,,,,,35.0,,,,,,,
aserai_battle_crown,Ornate Desert Battle Crown,Item,HeadArmor,head_armor,aserai,2.8,,SandBoxCore/ModuleData/items/head_armors.xml,,,,,,,,,,,,,44.0,,,,,,,
brass_aserai_helmet_closed,Brass Southern Closed Helmet,Item,HeadArmor,head_armor,aserai,2.5,,SandBoxCore/ModuleData/items/head_armors.xml,,,,,,,,,,,,,42.0,,,,,,,
brass_aserai_helmet_b_closed,Brass Southern Closed Helmet with Turban,Item,HeadArmor,head_armor,aserai,2.55,,SandBoxCore/ModuleData/items/head_armors.xml,,,,,,,,,,,,,43.0,,,,,,,
brass_aserai_helmet_open,Brass Southern Helmet,Item,HeadArmor,head_armor,aserai,2.2,,SandBoxCore/ModuleData/items/head_armors.xml,,,,,,,,,,,,,38.0,,,,,,,
brass_aserai_helmet_b_open,Brass Southern Helmet with Turban,Item,HeadArmor,head_armor,aserai,2.3,,SandBoxCore/ModuleData/items/head_armors.xml,,,,,,,,,,,,,39.0,,,,,,,
brass_aserai_helmet_leather,Brass Southern Helmet with Leather Flaps,Item,HeadArmor,head_armor,aserai,1.8,,SandBoxCore/ModuleData/items/head_armors.xml,,,,,,,,,,,,,36.0,,,,,,,
brass_aserai_helmet_b_leather,Brass Turbaned Helmet with Leather Flaps,Item,HeadArmor,head_armor,aserai,1.9,,SandBoxCore/ModuleData/items/head_armors.xml,,,,,,,,,,,,,37.0,,,,,,,
thinhide_coif,Thinhide Coif,Item,HeadArmor,head_armor,battania,0.5,,SandBoxCore/ModuleData/items/head_armors.xml,,,,,,,,,,,,,9.0,,,,,,,
wrapped_headcloth,Wrapped Headcloth,Item,HeadArmor,head_armor,battania,0.2,,SandBoxCore/ModuleData/items/head_armors.xml,,,,,,,,,,,,,5.0,,,,,,,
leather_studdedhelm,Leather Studded Helm,Item,HeadArmor,head_armor,battania,0.5,,SandBoxCore/ModuleData/items/head_armors.xml,,,,,,,,,,,,,8.0,,,,,,,
battania_civil_hood,Cloth Hood,Item,HeadArmor,head_armor,battania,0.3,,SandBoxCore/ModuleData/items/head_armors.xml,,,,,,,,,,,,,6.0,,,,,,,
wolfhead,Wolf Head,Item,HeadArmor,head_armor,battania,1.3,,SandBoxCore/ModuleData/items/head_armors.xml,,,,,,,,,,,,,16.0,,,,,,,
battania_fur_helmet,Cap with Fur Coif,Item,HeadArmor,head_armor,battania,1.3,,SandBoxCore/ModuleData/items/head_armors.xml,,,,,,,,,,,,,20.0,,,,,,,
bearhead,Bear Head,Item,HeadArmor,head_armor,battania,1.4,,SandBoxCore/ModuleData/items/head_armors.xml,,,,,,,,,,,,,24.0,,,,,,,
leather_studdedhelm_over_thinhide,Leather Studded Helm over Thinhide,Item,HeadArmor,head_armor,battania,0.8,,SandBoxCore/ModuleData/items/head_armors.xml,,,,,,,,,,,,,12.0,,,,,,,
leather_studdedhelm_over_headcloth,Leather Studded Helm over Headcloth,Item,HeadArmor,head_armor,battania,0.7,,SandBoxCore/ModuleData/items/head_armors.xml,,,,,,,,,,,,,10.0,,,,,,,
roughscale_helmet,Roughscale Helmet,Item,HeadArmor,head_armor,battania,2.2,,SandBoxCore/ModuleData/items/head_armors.xml,,,,,,,,,,,,,26.0,,,,,,,
battania_crown,Highland Ceremonial Crown,Item,HeadArmor,head_armor,battania,0.5,,SandBoxCore/ModuleData/items/head_armors.xml,,,,,,,,,,,,,8.0,,,,,,,
ridged_northernhelm,Ridged Helm,Item,HeadArmor,head_armor,battania,3.2,,SandBoxCore/ModuleData/items/head_armors.xml,,,,,,,,,,,,,46.0,,,,,,,
leather_studdedhelm_over_roughscale,Leather Studded Helm over Roughscale,Item,HeadArmor,head_armor,battania,2.1,,SandBoxCore/ModuleData/items/head_armors.xml,,,,,,,,,,,,,22.0,,,,,,,
battanian_crowned_helmet,Highland Crowned Helmet,Item,HeadArmor,head_armor,battania,3.4,,SandBoxCore/ModuleData/items/head_armors.xml,,,,,,,,,,,,,50.0,,,,,,,
battanian_noble_helmet_with_feather,Warlord Helmet ,Item,HeadArmor,head_armor,battania,3.1,,SandBoxCore/ModuleData/items/head_armors.xml,,,,,,,,,,,,,53.0,,,,,,,
battanian_plated_noble_helmet,Warlord Helmet with Feathers,Item,HeadArmor,head_armor,battania,3.3,,SandBoxCore/ModuleData/items/head_armors.xml,,,,,,,,,,,,,46.0,,,,,,,
battania_earmuff_helmet_a,Fringed Steel Cap with Cheek Guards,Item,HeadArmor,head_armor,battania,3.0,,SandBoxCore/ModuleData/items/head_armors.xml,,,,,,,,,,,,,36.0,,,,,,,
battania_earmuff_helmet_a_brnz,Fringed Bronze Cap with Cheek Guards,Item,HeadArmor,head_armor,battania,3.2,,SandBoxCore/ModuleData/items/head_armors.xml,,,,,,,,,,,,,35.0,,,,,,,
battania_earmuff_helmet_b,Steel Cap with Cheek Guards,Item,HeadArmor,head_armor,battania,2.9,,SandBoxCore/ModuleData/items/head_armors.xml,,,,,,,,,,,,,32.0,,,,,,,
battania_earmuff_helmet_b_brnz,Bronze Cap with Cheek Guards,Item,HeadArmor,head_armor,battania,3.0,,SandBoxCore/ModuleData/items/head_armors.xml,,,,,,,,,,,,,31.0,,,,,,,
battania_earmuff_helmet_c,Fringed Decorated Steel Cap with Cheek Guards,Item,HeadArmor,head_armor,battania,3.1,,SandBoxCore/ModuleData/items/head_armors.xml,,,,,,,,,,,,,38.0,,,,,,,
battania_earmuff_helmet_c_brnz,Fringed Decorated Bronze Cap with Cheek Guards,Item,HeadArmor,head_armor,battania,3.3,,SandBoxCore/ModuleData/items/head_armors.xml,,,,,,,,,,,,,37.0,,,,,,,
battania_earmuff_helmet_c_cpr,Decorated Bronze Helmet with Cheek Guards,Item,HeadArmor,head_armor,battania,3.3,,SandBoxCore/ModuleData/items/head_armors.xml,,,,,,,,,,,,,35.0,,,,,,,
battania_earmuff_helmet_d,Ridged Decorated Steel Cap with Cheek Guards,Item,HeadArmor,head_armor,battania,3.2,,SandBoxCore/ModuleData/items/head_armors.xml,,,,,,,,,,,,,41.0,,,,,,,
battania_earmuff_helmet_d_brnz,Ridged Decorated Bronze Cap with Cheek Guards,Item,HeadArmor,head_armor,battania,3.3,,SandBoxCore/ModuleData/items/head_armors.xml,,,,,,,,,,,,,40.0,,,,,,,
battania_battle_crown,Two Pronged Bronze Crown,Item,HeadArmor,head_armor,battania,2.3,,SandBoxCore/ModuleData/items/head_armors.xml,,,,,,,,,,,,,40.0,,,,,,,
upturned_fur_cap,Upturned Fur Cap,Item,HeadArmor,head_armor,khuzait,0.6,,SandBoxCore/ModuleData/items/head_armors.xml,,,,,,,,,,,,,10.0,,,,,,,
fur_hood,Thick Fur Hood,Item,HeadArmor,head_armor,khuzait,0.6,,SandBoxCore/ModuleData/items/head_armors.xml,,,,,,,,,,,,,12.0,,,,,,,
peaked_fur_hood,Peaked Fur Hood,Item,HeadArmor,head_armor,khuzait,0.7,,SandBoxCore/ModuleData/items/head_armors.xml,,,,,,,,,,,,,13.0,,,,,,,
nomad_cap,Nomad Cap,Item,HeadArmor,,khuzait,0.3,,SandBoxCore/ModuleData/items/head_armors.xml,,,,,,,,,,,,,4.0,,,,,,,
decorated_nomad_cap,Decorated Nomad Cap,Item,HeadArmor,,khuzait,0.4,,SandBoxCore/ModuleData/items/head_armors.xml,,,,,,,,,,,,,6.0,,,,,,,
eastern_cap,Cap with Neck Flap,Item,HeadArmor,head_armor,khuzait,0.3,,SandBoxCore/ModuleData/items/head_armors.xml,,,,,,,,,,,,,6.0,,,,,,,
fur_hat,Nomad Fur Cap,Item,HeadArmor,head_armor,khuzait,0.35,,SandBoxCore/ModuleData/items/head_armors.xml,,,,,,,,,,,,,7.0,,,,,,,
nomad_padded_hood,Nomad Padded Hood,Item,HeadArmor,head_armor,khuzait,0.6,,SandBoxCore/ModuleData/items/head_armors.xml,,,,,,,,,,,,,12.0,,,,,,,
khuzait_crown,Ornate Silk Cap,Item,HeadArmor,head_armor,khuzait,1.4,,SandBoxCore/ModuleData/items/head_armors.xml,,,,,,,,,,,,,6.0,,,,,,,
plumed_fur_lined_helmet,Plumed Fur Lined Helmet,Item,HeadArmor,head_armor,khuzait,2.1,,SandBoxCore/ModuleData/items/head_armors.xml,,,,,,,,,,,,,24.0,,,,,,,
nomad_helmet,Nomad Helmet,Item,HeadArmor,head_armor,khuzait,2.1,,SandBoxCore/ModuleData/items/head_armors.xml,,,,,,,,,,,,,31.0,,,,,,,
plumed_nomad_helmet,Plumed Nomad Helmet,Item,HeadArmor,,khuzait,2.6,,SandBoxCore/ModuleData/items/head_armors.xml,,,,,,,,,,,,,32.0,,,,,,,
steppe_helmet,Infantry Steel Helmet,Item,HeadArmor,head_armor,khuzait,2.2,,SandBoxCore/ModuleData/items/head_armors.xml,,,,,,,,,,,,,33.0,,,,,,,
plumed_lamellar_helmet,Plumed Lamellar Helmet,Item,HeadArmor,head_armor,khuzait,2.8,,SandBoxCore/ModuleData/items/head_armors.xml,,,,,,,,,,,,,36.0,,,,,,,
spiked_helmet_with_facemask,Spiked Helmet with Facemask,Item,HeadArmor,head_armor,khuzait,4.5,,SandBoxCore/ModuleData/items/head_armors.xml,,,,,,,,,,,,,51.0,,,,,,,
spiked_helmet,Spiked Helmet,Item,HeadArmor,head_armor,khuzait,3.5,,SandBoxCore/ModuleData/items/head_armors.xml,,,,,,,,,,,,,48.0,,,,,,,
eastern_vendel_helmet,Heavy Lancer Helmet,Item,HeadArmor,,khuzait,4.0,,SandBoxCore/ModuleData/items/head_armors.xml,,,,,,,,,,,,,51.0,,,,,,,
khuzait_noble_helmet_with_feathers,Noble Lancer Helmet,Item,HeadArmor,head_armor,khuzait,3.4,,SandBoxCore/ModuleData/items/head_armors.xml,,,,,,,,,,,,,48.0,,,,,,,
khuzait_noble_helmet_with_fur,Furred Noble Lancer Helmet,Item,HeadArmor,head_armor,khuzait,3.4,,SandBoxCore/ModuleData/items/head_armors.xml,,,,,,,,,,,,,45.0,,,,,,,
khuzait_noble_helmet_with_neckguard,Plumed Noble Lancer Helmet with Neckguard,Item,HeadArmor,head_armor,khuzait,3.6,,SandBoxCore/ModuleData/items/head_armors.xml,,,,,,,,,,,,,48.0,,,,,,,
khuzait_battle_crown,Khuzait Battle Crown,Item,HeadArmor,head_armor,khuzait,2.7,,SandBoxCore/ModuleData/items/head_armors.xml,,,,,,,,,,,,,36.0,,,,,,,
arming_cap,Padded Coif,Item,HeadArmor,,vlandia,0.4,,SandBoxCore/ModuleData/items/head_armors.xml,,,,,,,,,,,,,18.0,,,,,,,
padded_coif,Padded Half Coif,Item,HeadArmor,head_armor,vlandia,0.7,,SandBoxCore/ModuleData/items/head_armors.xml,,,,,,,,,,,,,14.0,,,,,,,
laced_coif,Laced Coif,Item,HeadArmor,head_armor,vlandia,0.6,,SandBoxCore/ModuleData/items/head_armors.xml,,,,,,,,,,,,,14.0,,,,,,,
cloth_headwrap,Cloth Headwrap,Item,HeadArmor,head_armor,vlandia,0.4,,SandBoxCore/ModuleData/items/head_armors.xml,,,,,,,,,,,,,6.0,,,,,,,
padded_cap,Padded Cap,Item,HeadArmor,head_armor,vlandia,0.2,,SandBoxCore/ModuleData/items/head_armors.xml,,,,,,,,,,,,,11.0,,,,,,,
arming_coif,Leather Coif,Item,HeadArmor,head_armor,vlandia,0.3,,SandBoxCore/ModuleData/items/head_armors.xml,,,,,,,,,,,,,9.0,,,,,,,
open_padded_coif,Open Padded Coif,Item,HeadArmor,head_armor,vlandia,0.6,,SandBoxCore/ModuleData/items/head_armors.xml,,,,,,,,,,,,,14.0,,,,,,,
head_piece,Female Rural Scarf,Item,HeadArmor,,vlandia,0.2,,SandBoxCore/ModuleData/items/head_armors.xml,,,,,,,,,,,,,3.0,,,,,,,
head_wrapped,Female Rural Headwrap,Item,HeadArmor,,vlandia,0.3,,SandBoxCore/ModuleData/items/head_armors.xml,,,,,,,,,,,,,1.0,,,,,,,
headscarf,Loose Head Scarf,Item,HeadArmor,,vlandia,0.5,,SandBoxCore/ModuleData/items/head_armors.xml,,,,,,,,,,,,,3.0,,,,,,,
headscarf_c,Luxurious Head Scarf,Item,HeadArmor,,vlandia,0.3,,SandBoxCore/ModuleData/items/head_armors.xml,,,,,,,,,,,,,3.0,,,,,,,
womens_headwrap_c,Rural Head Wrap,Item,HeadArmor,,vlandia,0.1,,SandBoxCore/ModuleData/items/head_armors.xml,,,,,,,,,,,,,1.0,,,,,,,
head_wrapping,Peasant Head Wrapping,Item,HeadArmor,,vlandia,0.05,,SandBoxCore/ModuleData/items/head_armors.xml,,,,,,,,,,,,,1.0,,,,,,,
cervelliere_over_arming_coif,Cervelliere over Arming Coif,Item,HeadArmor,,vlandia,1.9,,SandBoxCore/ModuleData/items/head_armors.xml,,,,,,,,,,,,,19.0,,,,,,,
kettle_helmet_with_leather,Kettle Helmet with Leather,Item,HeadArmor,head_armor,vlandia,2.4,,SandBoxCore/ModuleData/items/head_armors.xml,,,,,,,,,,,,,33.0,,,,,,,
kettle_helmet_over_padded_coif,Kettle Helmet over Padded Coif,Item,HeadArmor,head_armor,vlandia,2.68,,SandBoxCore/ModuleData/items/head_armors.xml,,,,,,,,,,,,,36.0,,,,,,,
kettle_helmet_over_laced_coif,Kettle Helmet over Laced Coif,Item,HeadArmor,head_armor,vlandia,2.5,,SandBoxCore/ModuleData/items/head_armors.xml,,,,,,,,,,,,,35.0,,,,,,,
kettle_helmet_over_padded_cap,Kettle Helmet over Padded Cap,Item,HeadArmor,head_armor,vlandia,2.25,,SandBoxCore/ModuleData/items/head_armors.xml,,,,,,,,,,,,,33.0,,,,,,,
kettle_helmet_over_padded_cloth,Kettle Helmet over Padded Cloth,Item,HeadArmor,head_armor,vlandia,2.6,,SandBoxCore/ModuleData/items/head_armors.xml,,,,,,,,,,,,,33.0,,,,,,,
kettle_hat_over_padded_coif,Kettle Hat over Padded Coif,Item,HeadArmor,,vlandia,2.6,,SandBoxCore/ModuleData/items/head_armors.xml,,,,,,,,,,,,,36.0,,,,,,,
guards_kettle_over_padded_coif,Kettle over Padded Coif,Item,HeadArmor,head_armor,vlandia,3.0,,SandBoxCore/ModuleData/items/head_armors.xml,,,,,,,,,,,,,34.0,,,,,,,
guards_kettle_over_laced_coif,Kettle over Laced Coif,Item,HeadArmor,head_armor,vlandia,3.0,,SandBoxCore/ModuleData/items/head_armors.xml,,,,,,,,,,,,,33.0,,,,,,,
nasal_helmet_over_padded_coif,Nasal Helmet over Padded Coif,Item,HeadArmor,head_armor,vlandia,2.4,,SandBoxCore/ModuleData/items/head_armors.xml,,,,,,,,,,,,,36.0,,,,,,,
nasal_helmet_over_laced_coif,Nasal Helmet over Laced Coif,Item,HeadArmor,head_armor,vlandia,2.3,,SandBoxCore/ModuleData/items/head_armors.xml,,,,,,,,,,,,,32.0,,,,,,,
nasal_helmet_over_cloth_headwrap,Nasal Helmet over Cloth Headwrap,Item,HeadArmor,head_armor,vlandia,2.0,,SandBoxCore/ModuleData/items/head_armors.xml,,,,,,,,,,,,,26.0,,,,,,,
nasal_helmet_over_padded_cloth,Nasal Helmet over Padded Cloth,Item,HeadArmor,,vlandia,2.2,,SandBoxCore/ModuleData/items/head_armors.xml,,,,,,,,,,,,,29.0,,,,,,,
segmented_skullcap_over_padded_coif,Segmented Skullcap over Padded Coif,Item,HeadArmor,,vlandia,2.3,,SandBoxCore/ModuleData/items/head_armors.xml,,,,,,,,,,,,,29.0,,,,,,,
segmented_skullcap_over_laced_coif,Segmented Skullcap over Laced Coif,Item,HeadArmor,,vlandia,1.2,,SandBoxCore/ModuleData/items/head_armors.xml,,,,,,,,,,,,,17.0,,,,,,,
segmented_skullcap_over_padded_cloth,Segmented Skullcap over Padded Cloth,Item,HeadArmor,head_armor,vlandia,2.6,,SandBoxCore/ModuleData/items/head_armors.xml,,,,,,,,,,,,,28.0,,,,,,,
peaked_helmet_over_laced_coif,Peaked Helmet over Laced Coif,Item,HeadArmor,head_armor,vlandia,2.8,,SandBoxCore/ModuleData/items/head_armors.xml,,,,,,,,,,,,,37.0,,,,,,,
peaked_helmet_over_padded_cloth,Peaked Helmet over Padded Cloth,Item,HeadArmor,head_armor,vlandia,2.5,,SandBoxCore/ModuleData/items/head_armors.xml,,,,,,,,,,,,,36.0,,,,,,,
segmented_cervelliere_over_padded_cloth,Segmented Cervelliere over Padded Cloth,Item,HeadArmor,head_armor,vlandia,2.8,,SandBoxCore/ModuleData/items/head_armors.xml,,,,,,,,,,,,,28.0,,,,,,,
cervelliere_over_cloth_headwrap,Cervelliere over Cloth Headwrap,Item,HeadArmor,head_armor,vlandia,2.0,,SandBoxCore/ModuleData/items/head_armors.xml,,,,,,,,,,,,,20.0,,,,,,,
cervelliere_over_laced_coif,Cervelliere over Laced Coif,Item,HeadArmor,head_armor,vlandia,2.1,,SandBoxCore/ModuleData/items/head_armors.xml,,,,,,,,,,,,,29.0,,,,,,,
cervelliere_over_padded_cap,Cervelliere over Padded Cap,Item,HeadArmor,,vlandia,2.1,,SandBoxCore/ModuleData/items/head_armors.xml,,,,,,,,,,,,,20.0,,,,,,,
nasal_cervelliere_over_padded_coif,Nasal Cervelliere over Padded Coif,Item,HeadArmor,,vlandia,2.2,,SandBoxCore/ModuleData/items/head_armors.xml,,,,,,,,,,,,,25.0,,,,,,,
nasal_cervelliere_over_laced_coif,Nasal Cervelliere over Laced Coif,Item,HeadArmor,,vlandia,2.1,,SandBoxCore/ModuleData/items/head_armors.xml,,,,,,,,,,,,,28.0,,,,,,,
nasal_cervelliere_over_padded_cap,Nasal Cervelliere over Padded Cap,Item,HeadArmor,head_armor,vlandia,2.0,,SandBoxCore/ModuleData/items/head_armors.xml,,,,,,,,,,,,,22.0,,,,,,,
padded_leather_cape,Padded Leather Cap,Item,HeadArmor,head_armor,vlandia,0.4,,SandBoxCore/ModuleData/items/head_armors.xml,,,,,,,,,,,,,11.0,,,,,,,
kettle_helmet_over_arming_coif,Kettle Helmet over Arming Coif,Item,HeadArmor,,vlandia,2.3,,SandBoxCore/ModuleData/items/head_armors.xml,,,,,,,,,,,,,32.0,,,,,,,
peaked_helmet_over_mail_coif,Peaked Helmet over Mail Coif,Item,HeadArmor,head_armor,vlandia,3.0,,SandBoxCore/ModuleData/items/head_armors.xml,,,,,,,,,,,,,42.0,,,,,,,
nasal_cervelliere_over_mail_coif,Nasal Cervelliere over Mail Coif,Item,HeadArmor,,vlandia,2.6,,SandBoxCore/ModuleData/items/head_armors.xml,,,,,,,,,,,,,36.0,,,,,,,
guards_kettle_over_mail_coif,Kettle over Mail Coif,Item,HeadArmor,,vlandia,3.6,,SandBoxCore/ModuleData/items/head_armors.xml,,,,,,,,,,,,,38.0,,,,,,,
full_helm_over_arming_coif,Full Helm over Arming Coif,Item,HeadArmor,,vlandia,3.0,,SandBoxCore/ModuleData/items/head_armors.xml,,,,,,,,,,,,,46.0,,,,,,,
visored_helmet_over_padded_cloth,Visored Helmet over Padded Cloth,Item,HeadArmor,head_armor,vlandia,3.3,,SandBoxCore/ModuleData/items/head_armors.xml,,,,,,,,,,,,,46.0,,,,,,,
visored_helmet_over_padded_coif,Visored Helmet over Padded Coif,Item,HeadArmor,head_armor,vlandia,3.3,,SandBoxCore/ModuleData/items/head_armors.xml,,,,,,,,,,,,,48.0,,,,,,,
segmented_cervelliere_over_laced_coif,Segmented Cervelliere over Laced Coif,Item,HeadArmor,,vlandia,2.3,,SandBoxCore/ModuleData/items/head_armors.xml,,,,,,,,,,,,,24.0,,,,,,,
kettle_hat_over_padded_cloth,Kettle Hat over Padded Cloth,Item,HeadArmor,head_armor,vlandia,2.4,,SandBoxCore/ModuleData/items/head_armors.xml,,,,,,,,,,,,,34.0,,,,,,,
kettle_hat_over_mail_coif,Kettle Hat over Mail Coif,Item,HeadArmor,,vlandia,2.9,,SandBoxCore/ModuleData/items/head_armors.xml,,,,,,,,,,,,,42.0,,,,,,,
visored_helmet_over_mail_coif,Visored Helmet over Mail Coif,Item,HeadArmor,,vlandia,3.6,,SandBoxCore/ModuleData/items/head_armors.xml,,,,,,,,,,,,,52.0,,,,,,,
visored_helmet_over_laced_coif,Visored Helmet over Laced Coif,Item,HeadArmor,,vlandia,3.2,,SandBoxCore/ModuleData/items/head_armors.xml,,,,,,,,,,,,,46.0,,,,,,,
nasal_helmet_over_mail_coif,Nasal Helmet over Mail Coif,Item,HeadArmor,,vlandia,3.3,,SandBoxCore/ModuleData/items/head_armors.xml,,,,,,,,,,,,,38.0,,,,,,,
full_helm_over_mail_coif,Full Helm over Mail Coif,Item,HeadArmor,head_armor,vlandia,3.7,,SandBoxCore/ModuleData/items/head_armors.xml,,,,,,,,,,,,,50.0,,,,,,,
full_helm_over_laced_coif,Full Helm over Laced Coif,Item,HeadArmor,head_armor,vlandia,3.25,,SandBoxCore/ModuleData/items/head_armors.xml,,,,,,,,,,,,,45.0,,,,,,,
full_helm_over_cloth_headwrap,Full Helm over Cloth Headwrap,Item,HeadArmor,,vlandia,3.2,,SandBoxCore/ModuleData/items/head_armors.xml,,,,,,,,,,,,,46.0,,,,,,,
full_helm_over_padded_cap,Full Helm over Padded Cap,Item,HeadArmor,head_armor,vlandia,3.1,,SandBoxCore/ModuleData/items/head_armors.xml,,,,,,,,,,,,,47.0,,,,,,,
full_helm_over_padded_cloth,Full Helm over Padded Cloth,Item,HeadArmor,,vlandia,3.6,,SandBoxCore/ModuleData/items/head_armors.xml,,,,,,,,,,,,,48.0,,,,,,,
segmented_cervelliere_over_mail_coif,Segmented Cervelliere over Mail Coif,Item,HeadArmor,head_armor,vlandia,2.9,,SandBoxCore/ModuleData/items/head_armors.xml,,,,,,,,,,,,,28.0,,,,,,,
kettle_helmet_over_mail,Kettle Helmet over Mail,Item,HeadArmor,,vlandia,2.8,,SandBoxCore/ModuleData/items/head_armors.xml,,,,,,,,,,,,,40.0,,,,,,,
nasal_helmet_over_mail,Nasal Helmet over Mail,Item,HeadArmor,,vlandia,3.1,,SandBoxCore/ModuleData/items/head_armors.xml,,,,,,,,,,,,,36.0,,,,,,,
segmented_skullcap_over_mail_coif,Segmented Skullcap over Mail Coif,Item,HeadArmor,,vlandia,3.2,,SandBoxCore/ModuleData/items/head_armors.xml,,,,,,,,,,,,,42.0,,,,,,,
peaked_helmet_over_mail,Peaked Helmet over Mail,Item,HeadArmor,,vlandia,2.8,,SandBoxCore/ModuleData/items/head_armors.xml,,,,,,,,,,,,,40.0,,,,,,,
segmented_cervelliere_over_mail,Segmented Cervelliere over Mail,Item,HeadArmor,,vlandia,2.85,,SandBoxCore/ModuleData/items/head_armors.xml,,,,,,,,,,,,,26.0,,,,,,,
western_crowned_helmet,Crowned Helmet,Item,HeadArmor,head_armor,vlandia,3.4,,SandBoxCore/ModuleData/items/head_armors.xml,,,,,,,,,,,,,46.0,,,,,,,
western_plated_helmet,Plated Helmet with Sideguards,Item,HeadArmor,head_armor,vlandia,3.9,,SandBoxCore/ModuleData/items/head_armors.xml,,,,,,,,,,,,,52.0,,,,,,,
vlandia_lord_helmet_b2,Plated Helmet,Item,HeadArmor,head_armor,vlandia,3.0,,SandBoxCore/ModuleData/items/head_armors.xml,,,,,,,,,,,,,30.0,,,,,,,
western_crowned_plated_helmet,Crowned Plate Helmet,Item,HeadArmor,head_armor,vlandia,3.6,,SandBoxCore/ModuleData/items/head_armors.xml,,,,,,,,,,,,,48.0,,,,,,,
kettle_helmet_with_mail,Kettle Helmet with Mail,Item,HeadArmor,head_armor,vlandia,2.9,,SandBoxCore/ModuleData/items/head_armors.xml,,,,,,,,,,,,,36.0,,,,,,,
vlandian_faceguard_helmet_a,Closed Knight Helmet,Item,HeadArmor,head_armor,vlandia,2.2,,SandBoxCore/ModuleData/items/head_armors.xml,,,,,,,,,,,,,45.0,,,,,,,
vlandian_faceguard_helmet_b,Knight Helmet with Bronze Faceguard,Item,HeadArmor,head_armor,vlandia,2.3,,SandBoxCore/ModuleData/items/head_armors.xml,,,,,,,,,,,,,44.0,,,,,,,
womens_headwrap_b,Head Scarf,Item,HeadArmor,,sturgia,0.2,,SandBoxCore/ModuleData/items/head_armors.xml,,,,,,,,,,,,,1.0,,,,,,,
nordic_leather_cap,Fur Cap with Ear Flaps,Item,HeadArmor,head_armor,sturgia,0.4,,SandBoxCore/ModuleData/items/head_armors.xml,,,,,,,,,,,,,7.0,,,,,,,
nordic_fur_cap,Fur Rimmed Cap,Item,HeadArmor,,sturgia,0.3,,SandBoxCore/ModuleData/items/head_armors.xml,,,,,,,,,,,,,8.0,,,,,,,
northern_fur_cap,Fur Cap,Item,HeadArmor,,sturgia,0.5,,SandBoxCore/ModuleData/items/head_armors.xml,,,,,,,,,,,,,9.0,,,,,,,
roughhide_cap,Roughhide Cap,Item,HeadArmor,,sturgia,0.5,,SandBoxCore/ModuleData/items/head_armors.xml,,,,,,,,,,,,,7.0,,,,,,,
goggled_helmet_over_leather,Goggled Helmet over Leather,Item,HeadArmor,,sturgia,3.1,,SandBoxCore/ModuleData/items/head_armors.xml,,,,,,,,,,,,,46.0,,,,,,,
nasalhelm_over_leather,Nasalhelm over Leather,Item,HeadArmor,,sturgia,1.9,,SandBoxCore/ModuleData/items/head_armors.xml,,,,,,,,,,,,,23.0,,,,,,,
sturgia_heavy_cavalary_helmet,Heavy Cavalry Helmet,Item,HeadArmor,,sturgia,3.8,,SandBoxCore/ModuleData/items/head_armors.xml,,,,,,,,,,,,,46.0,,,,,,,
nasal_helmet,Steel Cap with Nose Guard,Item,HeadArmor,,sturgia,1.8,,SandBoxCore/ModuleData/items/head_armors.xml,,,,,,,,,,,,,18.0,,,,,,,
spangenhelm_with_leather,Spangenhelm with Leather,Item,HeadArmor,head_armor,sturgia,1.2,,SandBoxCore/ModuleData/items/head_armors.xml,,,,,,,,,,,,,20.0,,,,,,,
nasal_helmet_with_leather,Nasal Helmet with Leather,Item,HeadArmor,head_armor,sturgia,2.2,,SandBoxCore/ModuleData/items/head_armors.xml,,,,,,,,,,,,,37.0,,,,,,,
nasal_helmet_with_mail,Nasal Helmet with Mail,Item,HeadArmor,head_armor,sturgia,2.5,,SandBoxCore/ModuleData/items/head_armors.xml,,,,,,,,,,,,,39.0,,,,,,,
spangenhelm_with_padded_cloth,Spangenhelm with Padded Cloth,Item,HeadArmor,head_armor,sturgia,1.9,,SandBoxCore/ModuleData/items/head_armors.xml,,,,,,,,,,,,,18.0,,,,,,,
sturgian_crown,Jeweled Fur Rimmed Helmet,Item,HeadArmor,head_armor,sturgia,2.4,,SandBoxCore/ModuleData/items/head_armors.xml,,,,,,,,,,,,,41.0,,,,,,,
nordic_helmet,Closed Mail Goggled Helmet,Item,HeadArmor,,sturgia,3.65,,SandBoxCore/ModuleData/items/head_armors.xml,,,,,,,,,,,,,51.0,,,,,,,
decorated_goggled_helmet,Reinforced Closed Goggled Helmet,Item,HeadArmor,,sturgia,3.2,,SandBoxCore/ModuleData/items/head_armors.xml,,,,,,,,,,,,,52.0,,,,,,,
closed_goggled_helmet,Northern Closed Warlord Helmet,Item,HeadArmor,,sturgia,3.7,,SandBoxCore/ModuleData/items/head_armors.xml,,,,,,,,,,,,,51.0,,,,,,,
goggled_helmet_over_full_mail,Closed Huscarl Helmet,Item,HeadArmor,,sturgia,4.4,,SandBoxCore/ModuleData/items/head_armors.xml,,,,,,,,,,,,,55.0,,,,,,,
lendman_helmet_over_full_mail,Warlord Helmet over Full Mail,Item,HeadArmor,,sturgia,3.8,,SandBoxCore/ModuleData/items/head_armors.xml,,,,,,,,,,,,,54.0,,,,,,,
northern_warlord_helmet,Warlord Helmet with Cheek Guards,Item,HeadArmor,,sturgia,3.6,,SandBoxCore/ModuleData/items/head_armors.xml,,,,,,,,,,,,,47.0,,,,,,,
sturgian_lord_helmet_a,Ridged Warlord Helmet,Item,HeadArmor,head_armor,sturgia,3.6,,SandBoxCore/ModuleData/items/head_armors.xml,,,,,,,,,,,,,50.0,,,,,,,
sturgian_lord_helmet_b,Warlord Helmet with Nose Guard,Item,HeadArmor,head_armor,sturgia,3.5,,SandBoxCore/ModuleData/items/head_armors.xml,,,,,,,,,,,,,41.0,,,,,,,
sturgian_lord_helmet_c,Plated Warlord Helmet,Item,HeadArmor,head_armor,sturgia,3.8,,SandBoxCore/ModuleData/items/head_armors.xml,,,,,,,,,,,,,53.0,,,,,,,
nasalhelm_over_mail,Nasalhelm over Mail,Item,HeadArmor,,sturgia,2.8,,SandBoxCore/ModuleData/items/head_armors.xml,,,,,,,,,,,,,33.0,,,,,,,
goggled_helmet_over_mail,Goggled Helmet over Mail,Item,HeadArmor,,sturgia,3.3,,SandBoxCore/ModuleData/items/head_armors.xml,,,,,,,,,,,,,40.0,,,,,,,
lendman_helmet_over_mail,Warlord Helmet over Mail,Item,HeadArmor,,sturgia,3.1,,SandBoxCore/ModuleData/items/head_armors.xml,,,,,,,,,,,,,42.0,,,,,,,
northern_goggled_helmet,Sea Raider Goggled Helmet,Item,HeadArmor,,sturgia,3.2,,SandBoxCore/ModuleData/items/head_armors.xml,,,,,,,,,,,,,38.0,,,,,,,
sturgian_helmet_closed,Closed Warlord Helmet,Item,HeadArmor,,sturgia,3.8,,SandBoxCore/ModuleData/items/head_armors.xml,,,,,,,,,,,,,53.0,,,,,,,
sturgian_helmet_open,Mailed Nasal Helmet,Item,HeadArmor,,sturgia,3.15,,SandBoxCore/ModuleData/items/head_armors.xml,,,,,,,,,,,,,49.0,,,,,,,
sturgian_helmet_base,Steel Nasal Cap,Item,HeadArmor,,sturgia,2.4,,SandBoxCore/ModuleData/items/head_armors.xml,,,,,,,,,,,,,35.0,,,,,,,
sturgian_helmet_b_open,Plumed Decorated Mailed Nasal Helmet,Item,HeadArmor,,sturgia,3.2,,SandBoxCore/ModuleData/items/head_armors.xml,,,,,,,,,,,,,49.0,,,,,,,
sturgian_helmet_b_close,Closed Decorated Goggled Helmet,Item,HeadArmor,,sturgia,3.8,,SandBoxCore/ModuleData/items/head_armors.xml,,,,,,,,,,,,,54.0,,,,,,,
sturgian_battle_crown,Battle Crown,Item,HeadArmor,,sturgia,2.2,,SandBoxCore/ModuleData/items/head_armors.xml,,,,,,,,,,,,,47.0,,,,,,,
imperial_padded_coif,Lightweight Padded Coif,Item,HeadArmor,head_armor,empire,0.5,,SandBoxCore/ModuleData/items/head_armors.xml,,,,,,,,,,,,,14.0,,,,,,,
laced_cloth_coif,Laced Cloth Coif,Item,HeadArmor,head_armor,empire,0.4,,SandBoxCore/ModuleData/items/head_armors.xml,,,,,,,,,,,,,6.0,,,,,,,
imperial_leather_coif,Leather Coif,Item,HeadArmor,head_armor,empire,0.3,,SandBoxCore/ModuleData/items/head_armors.xml,,,,,,,,,,,,,6.0,,,,,,,
imperial_cloth_coif,Cloth Coif,Item,HeadArmor,head_armor,empire,0.2,,SandBoxCore/ModuleData/items/head_armors.xml,,,,,,,,,,,,,2.0,,,,,,,
leather_cap,Leather Cap,Item,HeadArmor,head_armor,empire,0.4,,SandBoxCore/ModuleData/items/head_armors.xml,,,,,,,,,,,,,8.0,,,,,,,
pilgrim_hood,Pilgrim Hood,Item,HeadArmor,,empire,0.2,,SandBoxCore/ModuleData/items/head_armors.xml,,,,,,,,,,,,,3.0,,,,,,,
tall_helmet,Tall Helmet,Item,HeadArmor,head_armor,empire,2.2,,SandBoxCore/ModuleData/items/head_armors.xml,,,,,,,,,,,,,38.0,,,,,,,
imperial_mail_coif,Mail Coif,Item,HeadArmor,head_armor,empire,1.7,,SandBoxCore/ModuleData/items/head_armors.xml,,,,,,,,,,,,,19.0,,,,,,,
imperial_nasal_helm,Legionary Helm,Item,HeadArmor,head_armor,empire,3.2,,SandBoxCore/ModuleData/items/head_armors.xml,,,,,,,,,,,,,36.0,,,,,,,
leatherlame_nasalhelm_over_imperial_leather,Iron Nasalhelm over Leather,Item,HeadArmor,head_armor,empire,3.5,,SandBoxCore/ModuleData/items/head_armors.xml,,,,,,,,,,,,,43.0,,,,,,,
leatherlame_feathered_spangenhelm_over_leather,Spangenhelm over Leather,Item,HeadArmor,,empire,2.7,,SandBoxCore/ModuleData/items/head_armors.xml,,,,,,,,,,,,,40.0,,,,,,,
leatherlame_roundkettle,Roundkettle Helmet,Item,HeadArmor,head_armor,empire,2.8,,SandBoxCore/ModuleData/items/head_armors.xml,,,,,,,,,,,,,36.0,,,,,,,
roundkettle_over_imperial_padding,Roundkettle over Padding,Item,HeadArmor,head_armor,empire,2.4,,SandBoxCore/ModuleData/items/head_armors.xml,,,,,,,,,,,,,31.0,,,,,,,
roundkettle_over_laced_cloth,Roundkettle over Laced Cloth,Item,HeadArmor,head_armor,empire,2.0,,SandBoxCore/ModuleData/items/head_armors.xml,,,,,,,,,,,,,26.0,,,,,,,
roundkettle_over_imperial_leather,Light Roundkettle over Leather,Item,HeadArmor,head_armor,empire,2.2,,SandBoxCore/ModuleData/items/head_armors.xml,,,,,,,,,,,,,22.0,,,,,,,
leatherlame_roundkettle_over_imperial_leather,Roundkettle over Leather,Item,HeadArmor,,empire,2.2,,SandBoxCore/ModuleData/items/head_armors.xml,,,,,,,,,,,,,30.0,,,,,,,
roundkettle_over_imperial_cloth,Roundkettle over Cloth,Item,HeadArmor,,empire,2.0,,SandBoxCore/ModuleData/items/head_armors.xml,,,,,,,,,,,,,28.0,,,,,,,
spiked_kettle_over_imperial_padding,Spiked Kettle over Padding,Item,HeadArmor,,empire,2.5,,SandBoxCore/ModuleData/items/head_armors.xml,,,,,,,,,,,,,39.0,,,,,,,
imperial_open_mail_coif,Open Mail Coif,Item,HeadArmor,head_armor,empire,1.5,,SandBoxCore/ModuleData/items/head_armors.xml,,,,,,,,,,,,,20.0,,,,,,,
mail_coif,Mail Coif with Helmet Padding,Item,HeadArmor,head_armor,empire,1.7,,SandBoxCore/ModuleData/items/head_armors.xml,,,,,,,,,,,,,18.0,,,,,,,
open_mail_coif,Open Mail Coif with Band,Item,HeadArmor,head_armor,empire,1.6,,SandBoxCore/ModuleData/items/head_armors.xml,,,,,,,,,,,,,18.0,,,,,,,
ironlame_roundkettle_over_imperial_leather,Iron Roundkettle over Leather,Item,HeadArmor,,empire,2.2,,SandBoxCore/ModuleData/items/head_armors.xml,,,,,,,,,,,,,30.0,,,,,,,
empire_crown,Jeweled Crown,Item,HeadArmor,,empire,2.1,,SandBoxCore/ModuleData/items/head_armors.xml,,,,,,,,,,,,,34.0,,,,,,,
empire_crown_v2,Imperial Jeweled Band,Item,HeadArmor,,empire,0.85,,SandBoxCore/ModuleData/items/head_armors.xml,,,,,,,,,,,,,7.0,,,,,,,
empire_crown_north,Golden Laurel Crown,Item,HeadArmor,,empire,0.3,,SandBoxCore/ModuleData/items/head_armors.xml,,,,,,,,,,,,,5.0,,,,,,,
empire_crown_west,Imperial Jeweled Band,Item,HeadArmor,,empire,0.5,,SandBoxCore/ModuleData/items/head_armors.xml,,,,,,,,,,,,,6.0,,,,,,,
vlandia_crown,Austere Crown,Item,HeadArmor,,empire,0.35,,SandBoxCore/ModuleData/items/head_armors.xml,,,,,,,,,,,,,4.0,,,,,,,
imperial_goggled_helmet,Goggled Cataphract Helmet,Item,HeadArmor,,empire,3.2,,SandBoxCore/ModuleData/items/head_armors.xml,,,,,,,,,,,,,52.0,,,,,,,
heavy_nasalhelm_over_imperial_mail,Heavy Nasalhelm over Mail,Item,HeadArmor,head_armor,empire,3.6,,SandBoxCore/ModuleData/items/head_armors.xml,,,,,,,,,,,,,51.0,,,,,,,
ironlame_nasalhelm_over_imperial_coif,Iron Nasalhelm over Coif,Item,HeadArmor,,empire,3.6,,SandBoxCore/ModuleData/items/head_armors.xml,,,,,,,,,,,,,48.0,,,,,,,
leatherlame_nasalhelm_over_imperial_mail,Bronze Nasalhelm over Mail,Item,HeadArmor,,empire,3.7,,SandBoxCore/ModuleData/items/head_armors.xml,,,,,,,,,,,,,38.0,,,,,,,
ironlame_nasalhelm_over_imperial_mail,Iron Nasalhelm over Mail,Item,HeadArmor,head_armor,empire,3.3,,SandBoxCore/ModuleData/items/head_armors.xml,,,,,,,,,,,,,48.0,,,,,,,
ironlame_feathered_spangenhelm,Feathered Spangenhelm,Item,HeadArmor,head_armor,empire,3.2,,SandBoxCore/ModuleData/items/head_armors.xml,,,,,,,,,,,,,33.0,,,,,,,
feathered_spangenhelm_over_imperial_coif,Feathered Spangenhelm over Coif,Item,HeadArmor,head_armor,empire,3.1,,SandBoxCore/ModuleData/items/head_armors.xml,,,,,,,,,,,,,42.0,,,,,,,
leatherlame_feathered_spangenhelm_over_mail,Feathered Spangenhelm over Mail,Item,HeadArmor,head_armor,empire,3.4,,SandBoxCore/ModuleData/items/head_armors.xml,,,,,,,,,,,,,42.0,,,,,,,
ironlame_feathered_spangenhelm_over_mail,Spangenhelm over Mail,Item,HeadArmor,head_armor,empire,3.3,,SandBoxCore/ModuleData/items/head_armors.xml,,,,,,,,,,,,,45.0,,,,,,,
roundkettle_over_imperial_mail,Roundkettle over Mail,Item,HeadArmor,head_armor,empire,2.8,,SandBoxCore/ModuleData/items/head_armors.xml,,,,,,,,,,,,,34.0,,,,,,,
helmet_with_faceguard,Helmet with Faceguard,Item,HeadArmor,head_armor,empire,2.5,,SandBoxCore/ModuleData/items/head_armors.xml,,,,,,,,,,,,,25.0,,,,,,,
heavy_nasalhelm_over_imperial_padding,Heavy Nasalhelm over Padding,Item,HeadArmor,head_armor,empire,3.0,,SandBoxCore/ModuleData/items/head_armors.xml,,,,,,,,,,,,,48.0,,,,,,,
heavy_nasalhelm_over_laced_cloth,Heavy Nasalhelm over Laced Cloth,Item,HeadArmor,,empire,3.1,,SandBoxCore/ModuleData/items/head_armors.xml,,,,,,,,,,,,,46.0,,,,,,,
heavy_nasalhelm_over_imperial_leather,Heavy Nasalhelm over Leather,Item,HeadArmor,,empire,3.4,,SandBoxCore/ModuleData/items/head_armors.xml,,,,,,,,,,,,,48.0,,,,,,,
ironlame_feathered_spangenhelm_over_leather,Feathered Spangenhelm over Leather,Item,HeadArmor,,empire,3.2,,SandBoxCore/ModuleData/items/head_armors.xml,,,,,,,,,,,,,38.0,,,,,,,
leatherlame_roundkettle_over_imperial_mail,Roundkettle over Mail,Item,HeadArmor,head_armor,empire,3.1,,SandBoxCore/ModuleData/items/head_armors.xml,,,,,,,,,,,,,42.0,,,,,,,
ironlame_roundkettle_over_imperial_mail,Iron Roundkettle over Mail,Item,HeadArmor,head_armor,empire,2.85,,SandBoxCore/ModuleData/items/head_armors.xml,,,,,,,,,,,,,36.0,,,,,,,
spiked_kettle_over_imperial_mail,Spiked Kettle over Mail,Item,HeadArmor,,empire,3.1,,SandBoxCore/ModuleData/items/head_armors.xml,,,,,,,,,,,,,27.0,,,,,,,
ironlame_spiked_kettle_over_mail,Iron Spiked Kettle over Mail,Item,HeadArmor,head_armor,empire,2.85,,SandBoxCore/ModuleData/items/head_armors.xml,,,,,,,,,,,,,33.0,,,,,,,
empire_lord_helmet,Palatine Guard Helmet,Item,HeadArmor,head_armor,empire,3.2,,SandBoxCore/ModuleData/items/head_armors.xml,,,,,,,,,,,,,46.0,,,,,,,
empire_guarded_lord_helmet,Royal Cataphract Helmet,Item,HeadArmor,head_armor,empire,3.7,,SandBoxCore/ModuleData/items/head_armors.xml,,,,,,,,,,,,,51.0,,,,,,,
empire_jewelled_helmet,Imperial Jeweled Helmet,Item,HeadArmor,head_armor,empire,3.4,,SandBoxCore/ModuleData/items/head_armors.xml,,,,,,,,,,,,,47.0,,,,,,,
empire_helmet_with_metal_strips,Lord Helmet with Metal Strips,Item,HeadArmor,head_armor,empire,3.4,,SandBoxCore/ModuleData/items/head_armors.xml,,,,,,,,,,,,,47.0,,,,,,,
ironlame_nasalhelm_over_imperial_padding,Iron Nasalhelm over Padding,Item,HeadArmor,head_armor,empire,3.1,,SandBoxCore/ModuleData/items/head_armors.xml,,,,,,,,,,,,,46.0,,,,,,,
ironlame_nasalhelm_over_imperial_cloth,Iron Legionary Helm over Cloth,Item,HeadArmor,,empire,3.2,,SandBoxCore/ModuleData/items/head_armors.xml,,,,,,,,,,,,,46.0,,,,,,,
plumed_helmet,Plumed Helmet,Item,HeadArmor,head_armor,empire,2.9,,SandBoxCore/ModuleData/items/head_armors.xml,,,,,,,,,,,,,47.0,,,,,,,
empire_battle_crown_west,Imperial Plumed Helmet,Item,HeadArmor,head_armor,empire,3.1,,SandBoxCore/ModuleData/items/head_armors.xml,,,,,,,,,,,,,48.0,,,,,,,
empire_battle_crown_north,Jeweled Plumed Battle Crown,Item,HeadArmor,head_armor,empire,2.1,,SandBoxCore/ModuleData/items/head_armors.xml,,,,,,,,,,,,,45.0,,,,,,,
vlandia_bandit_cape_a,Rough Padded Cap,Item,HeadArmor,head_armor,looters,0.5,,SandBoxCore/ModuleData/items/head_armors.xml,,,,,,,,,,,,,12.0,,,,,,,
vlandia_bandit_cape_b,Hide Cap,Item,HeadArmor,head_armor,looters,0.45,,SandBoxCore/ModuleData/items/head_armors.xml,,,,,,,,,,,,,8.0,,,,,,,
merchants_hat,Merchant Hat,Item,HeadArmor,,neutral_culture,0.1,,SandBoxCore/ModuleData/items/head_armors.xml,,,,,,,,,,,,,1.0,,,,,,,
assassin_hood,Blackened Hood,Item,HeadArmor,head_armor,neutral_culture,0.4,,SandBoxCore/ModuleData/items/head_armors.xml,,,,,,,,,,,,,4.0,,,,,,,
aserai_horse_tournament,Desert Horse{@Plural}desert horses{\@},Item,Horse,horse,aserai,370.0,,SandBoxCore/ModuleData/items/horses_and_others.xml,,,,,,,,,,,,,,,,,52.0,56.0,10.0,0.0
battania_horse_tournament,Battanian Pony{@Plural}Battanian ponies{\@},Item,Horse,horse,battania,410.0,,SandBoxCore/ModuleData/items/horses_and_others.xml,,,,,,,,,,,,,,,,,42.0,56.0,10.0,50.0
empire_horse_tournament,Midlands Palfrey{@Plural}Midland palfreys{\@},Item,Horse,horse,empire,370.0,,SandBoxCore/ModuleData/items/horses_and_others.xml,,,,,,,,,,,,,,,,,45.0,61.0,10.0,0.0
khuzait_horse_tournament,Steppe Horse{@Plural}steppe horses{\@},Item,Horse,horse,khuzait,365.0,,SandBoxCore/ModuleData/items/horses_and_others.xml,,,,,,,,,,,,,,,,,44.0,69.0,8.0,10.0
sturgia_horse_tournament,Sturgian Trotter{@Plural}Sturgian trotters{\@},Item,Horse,horse,sturgia,405.0,,SandBoxCore/ModuleData/items/horses_and_others.xml,,,,,,,,,,,,,,,,,42.0,62.0,10.0,20.0
vlandia_horse_tournament,Saddle Horse{@Plural}saddle horses{\@},Item,Horse,horse,vlandia,390.0,,SandBoxCore/ModuleData/items/horses_and_others.xml,,,,,,,,,,,,,,,,,44.0,61.0,22.0,
camel_tournament,Camel{@Plural}camels{\@},Item,Horse,,aserai,500.0,,SandBoxCore/ModuleData/items/horses_and_others.xml,,,,,,,,,,,,,,,,,43.0,65.0,10.0,15.0
sumpter_horse,Sumpter Horse{@Plural}sumpter horses{\@},Item,Horse,,,430.0,110.0,SandBoxCore/ModuleData/items/horses_and_others.xml,,,,,,,,,,,,,,,,,34.0,41.0,8.0,40.0
mule,Mule{@Plural}mules{\@},Item,Horse,,,300.0,120.0,SandBoxCore/ModuleData/items/horses_and_others.xml,,,,,,,,,,,,,,,,,31.0,48.0,3.0,0.0
mule_unmountable,Mule,Item,Horse,,,300.0,120.0,SandBoxCore/ModuleData/items/horses_and_others.xml,,,,,,,,,,,,,,,,,31.0,48.0,3.0,0.0
pack_camel,Pack Camel{@Plural}pack camels{\@},Item,Horse,,aserai,520.0,220.0,SandBoxCore/ModuleData/items/horses_and_others.xml,,,,,,,,,,,,,,,,,35.0,39.0,4.0,30.0
pack_camel_unmountable,Pack Camel{@Plural}pack camels{\@},Item,Horse,,aserai,520.0,,SandBoxCore/ModuleData/items/horses_and_others.xml,,,,,,,,,,,,,,,,,35.0,39.0,4.0,30.0
saddle_horse,Saddle Horse{@Plural}saddle horses{\@},Item,Horse,,,420.0,140.0,SandBoxCore/ModuleData/items/horses_and_others.xml,,,,,,,,,,,,,,,,,37.0,52.0,12.0,60.0
old_horse,Work Horse{@Plural}work horses{\@},Item,Horse,,,490.0,130.0,SandBoxCore/ModuleData/items/horses_and_others.xml,,,,,,,,,,,,,,,,,35.0,50.0,9.0,20.0
aserai_horse,Nahasawi{@Plural}Nahasawi horses{\@},Item,Horse,horse,aserai,400.0,,SandBoxCore/ModuleData/items/horses_and_others.xml,,,,,,,,,,,,,,,,,54.0,59.0,14.0,0.0
battania_horse,Battanian Hobby{@Plural}Battanian hobbies{\@},Item,Horse,horse,battania,380.0,,SandBoxCore/ModuleData/items/horses_and_others.xml,,,,,,,,,,,,,,,,,46.0,57.0,20.0,50.0
empire_horse,Midlands Palfrey{@Plural}Midlands palfreys{\@},Item,Horse,horse,empire,390.0,,SandBoxCore/ModuleData/items/horses_and_others.xml,,,,,,,,,,,,,,,,,47.0,55.0,20.0,10.0
khuzait_horse,Steppe Horse{@Plural}steppe horses{\@},Item,Horse,horse,khuzait,320.0,,SandBoxCore/ModuleData/items/horses_and_others.xml,,,,,,,,,,,,,,,,,45.0,67.0,16.0,0.0
sturgia_horse,Sturgian Native{@Plural}Sturgian native horses{\@},Item,Horse,horse,sturgia,440.0,,SandBoxCore/ModuleData/items/horses_and_others.xml,,,,,,,,,,,,,,,,,49.0,63.0,18.0,0.0
vlandia_horse,Rouncey{@Plural}rouncey horses{\@},Item,Horse,horse,vlandia,425.0,,SandBoxCore/ModuleData/items/horses_and_others.xml,,,,,,,,,,,,,,,,,44.0,61.0,22.0,0.0
camel,Camel{@Plural}camels{\@},Item,Horse,,aserai,500.0,,SandBoxCore/ModuleData/items/horses_and_others.xml,,,,,,,,,,,,,,,,,44.0,60.0,20.0,25.0
t2_aserai_horse,Darshi Horse{@Plural}Darshi horses{\@},Item,Horse,horse,aserai,360.0,,SandBoxCore/ModuleData/items/horses_and_others.xml,,,,,,,,,,,,,,,,,51.0,73.0,18.0,0.0
t2_battania_horse,Glintor Pony{@Plural}Glintor ponies{\@},Item,Horse,horse,battania,450.0,,SandBoxCore/ModuleData/items/horses_and_others.xml,,,,,,,,,,,,,,,,,45.0,66.0,22.0,70.0
t2_empire_horse,Canterion Charger{@Plural}Canterion chargers{\@},Item,Horse,horse,empire,460.0,,SandBoxCore/ModuleData/items/horses_and_others.xml,,,,,,,,,,,,,,,,,50.0,60.0,26.0,10.0
t2_khuzait_horse,Steppe Hunter{@Plural}Steppe hunters{\@},Item,Horse,horse,khuzait,300.0,,SandBoxCore/ModuleData/items/horses_and_others.xml,,,,,,,,,,,,,,,,,47.0,69.0,19.0,60.0
t2_sturgia_horse,Revyl Chaser,Item,Horse,horse,sturgia,450.0,,SandBoxCore/ModuleData/items/horses_and_others.xml,,,,,,,,,,,,,,,,,57.0,63.0,20.0,0.0
t2_vlandia_horse,Valanby Courser{@Plural}Valanby coursers{\@},Item,Horse,horse,vlandia,475.0,,SandBoxCore/ModuleData/items/horses_and_others.xml,,,,,,,,,,,,,,,,,46.0,58.0,30.0,40.0
war_camel,War Camel{@Plural}war camels{\@},Item,Horse,,aserai,500.0,,SandBoxCore/ModuleData/items/horses_and_others.xml,,,,,,,,,,,,,,,,,48.0,67.0,24.0,30.0
hunter,Hunter,Item,Horse,,,390.0,,SandBoxCore/ModuleData/items/horses_and_others.xml,,,,,,,,,,,,,,,,,48.0,65.0,16.0,15.0
charger,Charger{@Plural}chargers{\@},Item,Horse,,,430.0,,SandBoxCore/ModuleData/items/horses_and_others.xml,,,,,,,,,,,,,,,,,48.0,67.0,22.0,20.0
t3_aserai_horse,Askarat{@Plural}Askarat horses{\@},Item,Horse,horse,aserai,500.0,,SandBoxCore/ModuleData/items/horses_and_others.xml,,,,,,,,,,,,,,,,,65.0,73.0,20.0,20.0
t3_battania_horse,Swenryn Pony{@Plural}Swenryn ponies{\@},Item,Horse,horse,battania,430.0,,SandBoxCore/ModuleData/items/horses_and_others.xml,,,,,,,,,,,,,,,,,52.0,69.0,23.0,90.0
t3_empire_horse,Palmatian{@Plural}Palmatian horses{\@},Item,Horse,horse,empire,520.0,,SandBoxCore/ModuleData/items/horses_and_others.xml,,,,,,,,,,,,,,,,,59.0,66.0,28.0,20.0
t3_khuzait_horse,Karahan{@Plural}Karahan horses{\@},Item,Horse,horse,khuzait,460.0,,SandBoxCore/ModuleData/items/horses_and_others.xml,,,,,,,,,,,,,,,,,60.0,77.0,20.0,35.0
t3_sturgia_horse,Omor Trotter{@Plural}Omor trotters{\@},Item,Horse,horse,sturgia,500.0,,SandBoxCore/ModuleData/items/horses_and_others.xml,,,,,,,,,,,,,,,,,53.0,71.0,27.0,40.0
t3_vlandia_horse,Destrier{@Plural}destriers{\@},Item,Horse,horse,vlandia,550.0,,SandBoxCore/ModuleData/items/horses_and_others.xml,,,,,,,,,,,,,,,,,49.0,68.0,32.0,60.0
noble_horse_southern,Wadar Hotblood{@Plural}Wadar Hotbloods{\@},Item,Horse,horse,aserai,485.0,,SandBoxCore/ModuleData/items/horses_and_others.xml,,,,,,,,,,,,,,,,,68.0,78.0,24.0,30.0
noble_horse_imperial,Cossian{@Plural}Cossian horses{\@},Item,Horse,horse,empire,500.0,,SandBoxCore/ModuleData/items/horses_and_others.xml,,,,,,,,,,,,,,,,,62.0,71.0,31.0,30.0
noble_horse_eastern,Asaligat{@Plural}Asaligat horses{\@},Item,Horse,horse,khuzait,450.0,,SandBoxCore/ModuleData/items/horses_and_others.xml,,,,,,,,,,,,,,,,,63.0,82.0,24.0,45.0
noble_horse_northern,Tyal Horse{@Plural}Tyal horses{\@},Item,Horse,horse,sturgia,490.0,,SandBoxCore/ModuleData/items/horses_and_others.xml,,,,,,,,,,,,,,,,,56.0,76.0,31.0,50.0
noble_horse_western,Royal Destrier{@Plural}Royal Destriers{\@},Item,Horse,horse,vlandia,540.0,,SandBoxCore/ModuleData/items/horses_and_others.xml,,,,,,,,,,,,,,,,,52.0,73.0,36.0,70.0
special_camel,Husnphree{@Plural}Husnphree camels{\@},Item,Horse,,aserai,550.0,,SandBoxCore/ModuleData/items/horses_and_others.xml,,,,,,,,,,,,,,,,,48.0,69.0,28.0,90.0
noble_camel,Nahasa Camel{@Plural}Nahasa camels{\@},Item,Horse,,aserai,540.0,,SandBoxCore/ModuleData/items/horses_and_others.xml,,,,,,,,,,,,,,,,,49.0,72.0,15.0,70.0
noble_horse_battania,Battanian Thoroughbred{@Plural}Battanian thoroughbreds{\@},Item,Horse,horse,battania,420.0,,SandBoxCore/ModuleData/items/horses_and_others.xml,,,,,,,,,,,,,,,,,55.0,72.0,26.0,120.0
noble_horse_khamseen,Khamseen{@Plural}Khamseen horses{\@},Item,Horse,horse,,480.0,,SandBoxCore/ModuleData/items/horses_and_others.xml,,,,,,,,,,,,,,,,,65.0,65.0,28.0,35.0
noble_horse,Pureblood{@Plural}pureblood horses{\@},Item,Horse,horse,,470.0,,SandBoxCore/ModuleData/items/horses_and_others.xml,,,,,,,,,,,,,,,,,65.0,65.0,35.0,70.0
storm_charger,Storm Charger{@Plural}Storm Chargers{\@},Item,Horse,,,430.0,,SandBoxCore/ModuleData/items/horses_and_others.xml,,,,,,,,,,,,,,,,,60.0,55.0,20.0,30.0
war_horse,War Horse{@Plural}war horses{\@},Item,Horse,,,500.0,,SandBoxCore/ModuleData/items/horses_and_others.xml,,,,,,,,,,,,,,,,,40.0,50.0,25.0,0.0
steppe_war_horse,Steppe Charger{@Plural}Steppe Chargers{\@},Item,Horse,,khuzait,460.0,,SandBoxCore/ModuleData/items/horses_and_others.xml,,,,,,,,,,,,,,,,,45.0,50.0,20.0,
desert_war_horse,Desert War Horse{@Plural}desert war horses{\@},Item,Horse,,aserai,480.0,,SandBoxCore/ModuleData/items/horses_and_others.xml,,,,,,,,,,,,,,,,,60.0,50.0,25.0,
bandit_saddle_desert,Rugged Bedouin Saddle,Item,HorseHarness,body_armor,aserai,21.0,,SandBoxCore/ModuleData/items/horses_and_others.xml,,,,,,,,,,,,,,9.0,,,,,,
bandit_saddle_steppe,Rugged Saddle,Item,HorseHarness,body_armor,,24.0,,SandBoxCore/ModuleData/items/horses_and_others.xml,,,,,,,,,,,,,,8.0,,,,,,
bandit_saddle_highland,Rugged Fur Saddle,Item,HorseHarness,body_armor,battania,23.0,,SandBoxCore/ModuleData/items/horses_and_others.xml,,,,,,,,,,,,,,10.0,,,,,,
light_harness,Light Harness,Item,HorseHarness,,,20.0,,SandBoxCore/ModuleData/items/horses_and_others.xml,,,,,,,,,,,,,,10.0,,,,,,
halfchain_barding,Half Mail Barding,Item,HorseHarness,,vlandia,65.0,,SandBoxCore/ModuleData/items/horses_and_others.xml,,,,,,,,,,,,,,52.0,,,,,,
celtic_frost,Fur Saddle,Item,HorseHarness,,,16.0,,SandBoxCore/ModuleData/items/horses_and_others.xml,,,,,,,,,,,,,,12.0,,,,,,
chain_barding,Reinforced Chainmail Barding,Item,HorseHarness,,vlandia,130.0,,SandBoxCore/ModuleData/items/horses_and_others.xml,,,,,,,,,,,,,,64.0,,,,,,
saddle_of_aeneas,Saddle of Aeneas,Item,HorseHarness,,,26.0,,SandBoxCore/ModuleData/items/horses_and_others.xml,,,,,,,,,,,,,,76.0,,,,,,
fortunas_choice,Fortunas Choice,Item,HorseHarness,,,26.0,,SandBoxCore/ModuleData/items/horses_and_others.xml,,,,,,,,,,,,,,77.0,,,,,,
chain_horse_harness,Chain Mail Horse Armor,Item,HorseHarness,body_armor,,120.0,,SandBoxCore/ModuleData/items/horses_and_others.xml,,,,,,,,,,,,,,55.0,,,,,,
stripped_leather_harness,Striped Leather Harness,Item,HorseHarness,body_armor,empire,26.0,,SandBoxCore/ModuleData/items/horses_and_others.xml,,,,,,,,,,,,,,15.0,,,,,,
imperial_riding_harness,Imperial Riding Harness,Item,HorseHarness,,empire,22.0,,SandBoxCore/ModuleData/items/horses_and_others.xml,,,,,,,,,,,,,,9.0,,,,,,
half_scale_barding,Cataphract Half Scale Barding,Item,HorseHarness,body_armor,empire,80.0,,SandBoxCore/ModuleData/items/horses_and_others.xml,,,,,,,,,,,,,,60.0,,,,,,
imperial_scale_barding,Cataphract Scale Barding,Item,HorseHarness,body_armor,empire,135.0,,SandBoxCore/ModuleData/items/horses_and_others.xml,,,,,,,,,,,,,,75.0,,,,,,
studded_steppe_barding,Lamellar Barding,Item,HorseHarness,body_armor,khuzait,85.0,,SandBoxCore/ModuleData/items/horses_and_others.xml,,,,,,,,,,,,,,52.0,,,,,,
desert_cloth_harness,Bedouin Cloth Saddle,Item,HorseHarness,body_armor,aserai,22.5,,SandBoxCore/ModuleData/items/horses_and_others.xml,,,,,,,,,,,,,,12.0,,,,,,
aseran_village_harness,Bedouin Common Saddle,Item,HorseHarness,body_armor,aserai,27.0,,SandBoxCore/ModuleData/items/horses_and_others.xml,,,,,,,,,,,,,,12.0,,,,,,
half_mail_and_plate_barding,Reinforced Half Plate Barding,Item,HorseHarness,body_armor,aserai,90.0,,SandBoxCore/ModuleData/items/horses_and_others.xml,,,,,,,,,,,,,,58.0,,,,,,
mail_and_plate_barding,Reinforced Plate Barding,Item,HorseHarness,body_armor,aserai,145.0,,SandBoxCore/ModuleData/items/horses_and_others.xml,,,,,,,,,,,,,,68.0,,,,,,
steppe_harness,Steppe Saddle,Item,HorseHarness,body_armor,khuzait,23.5,,SandBoxCore/ModuleData/items/horses_and_others.xml,,,,,,,,,,,,,,12.0,,,,,,
steppe_fur_harness,Steppe Fur Harness,Item,HorseHarness,body_armor,khuzait,25.5,,SandBoxCore/ModuleData/items/horses_and_others.xml,,,,,,,,,,,,,,16.0,,,,,,
steppe_half_barding,Lamellar Half Barding,Item,HorseHarness,body_armor,khuzait,70.0,,SandBoxCore/ModuleData/items/horses_and_others.xml,,,,,,,,,,,,,,38.0,,,,,,
northern_light_harness,Light Saddle,Item,HorseHarness,,sturgia,30.0,,SandBoxCore/ModuleData/items/horses_and_others.xml,,,,,,,,,,,,,,18.0,,,,,,
northern_noble_harness,Rough Cavalry Saddle,Item,HorseHarness,,sturgia,35.0,,SandBoxCore/ModuleData/items/horses_and_others.xml,,,,,,,,,,,,,,25.0,,,,,,
northern_ring_barding,Ring Mail Barding,Item,HorseHarness,,sturgia,82.0,,SandBoxCore/ModuleData/items/horses_and_others.xml,,,,,,,,,,,,,,41.0,,,,,,
battania_horse_harness,Battania Horse Harness,Item,HorseHarness,,battania,30.0,,SandBoxCore/ModuleData/items/horses_and_others.xml,,,,,,,,,,,,,,15.0,,,,,,
battania_horse_harness_halfscaled,Half Scaled Barding,Item,HorseHarness,,battania,76.0,,SandBoxCore/ModuleData/items/horses_and_others.xml,,,,,,,,,,,,,,40.0,,,,,,
battania_horse_harness_scaled,Scale Barding,Item,HorseHarness,,battania,125.0,,SandBoxCore/ModuleData/items/horses_and_others.xml,,,,,,,,,,,,,,50.0,,,,,,
mule_load_a,Mule Harness with Pack,Item,HorseHarness,,,120.0,,SandBoxCore/ModuleData/items/horses_and_others.xml,,,,,,,,,,,,,,10.0,,,,,,
mule_load_b,Mule Harness with Baskets,Item,HorseHarness,,,120.0,,SandBoxCore/ModuleData/items/horses_and_others.xml,,,,,,,,,,,,,,10.0,,,,,,
mule_load_c,Mule Harness with Bags,Item,HorseHarness,,,120.0,,SandBoxCore/ModuleData/items/horses_and_others.xml,,,,,,,,,,,,,,10.0,,,,,,
camel_saddle,Camel Saddle,Item,HorseHarness,,aserai,130.0,,SandBoxCore/ModuleData/items/horses_and_others.xml,,,,,,,,,,,,,,10.0,,,,,,
camel_saddle_a,Camel Saddle with Heavy Load,Item,HorseHarness,,aserai,130.0,,SandBoxCore/ModuleData/items/horses_and_others.xml,,,,,,,,,,,,,,10.0,,,,,,
camel_saddle_b,Camel Saddle with Light Load,Item,HorseHarness,,aserai,130.0,,SandBoxCore/ModuleData/items/horses_and_others.xml,,,,,,,,,,,,,,10.0,,,,,,
wool,Wool{@Plural}loads of wool{\@},Item,Goods,,,10.0,22.0,SandBoxCore/ModuleData/items/horses_and_others.xml,,,,,,,,,,,,,,,,,,,,
silver,Silver Ore{@Plural}loads of silver ore{\@},Item,Goods,,,10.0,100.0,SandBoxCore/ModuleData/items/horses_and_others.xml,,,,,,,,,,,,,,,,,,,,
jewelry,Jewelry{@Plural}items of jewelry{\@},Item,Goods,,,10.0,675.0,SandBoxCore/ModuleData/items/horses_and_others.xml,,,,,,,,,,,,,,,,,,,,
salt,Salt{@Plural}sacks of salt{\@},Item,Goods,,,10.0,40.0,SandBoxCore/ModuleData/items/horses_and_others.xml,,,,,,,,,,,,,,,,,,,,
spice,Spice{@Plural}sacks of spice{\@},Item,Goods,,,10.0,300.0,SandBoxCore/ModuleData/items/horses_and_others.xml,,,,,,,,,,,,,,,,,,,,
cotton,Raw Silk{@Plural}bolts of silk{\@},Item,Goods,,,10.0,80.0,SandBoxCore/ModuleData/items/horses_and_others.xml,,,,,,,,,,,,,,,,,,,,
flax,Flax{@Plural}sacks of flax{\@},Item,Goods,,,10.0,15.0,SandBoxCore/ModuleData/items/horses_and_others.xml,,,,,,,,,,,,,,,,,,,,
clay,Clay{@Plural}loads of clay{\@},Item,Goods,,,10.0,18.0,SandBoxCore/ModuleData/items/horses_and_others.xml,,,,,,,,,,,,,,,,,,,,
pottery,Pottery{@Plural}crates of pottery{\@},Item,Goods,,,10.0,210.0,SandBoxCore/ModuleData/items/horses_and_others.xml,,,,,,,,,,,,,,,,,,,,
linen,Linen{@Plural}rolls of linen{\@},Item,Goods,,,10.0,245.0,SandBoxCore/ModuleData/items/horses_and_others.xml,,,,,,,,,,,,,,,,,,,,
leather,Leather{@Plural}crates of leather{\@},Item,Goods,,,10.0,230.0,SandBoxCore/ModuleData/items/horses_and_others.xml,,,,,,,,,,,,,,,,,,,,
velvet,Velvet{@Plural}rolls of velvet{\@},Item,Goods,,,10.0,575.0,SandBoxCore/ModuleData/items/horses_and_others.xml,,,,,,,,,,,,,,,,,,,,
cheese,Cheese{@Plural}barrels of cheese{\@},Item,Goods,,,10.0,40.0,SandBoxCore/ModuleData/items/horses_and_others.xml,,,,,,,,,,,,,,,,,,,,
butter,Butter{@Plural}casks of butter{\@},Item,Goods,,,10.0,25.0,SandBoxCore/ModuleData/items/horses_and_others.xml,,,,,,,,,,,,,,,,,,,,
fish,Fish{@Plural}barrels of fish{\@},Item,Goods,,,10.0,12.0,SandBoxCore/ModuleData/items/horses_and_others.xml,,,,,,,,,,,,,,,,,,,,
grape,Grapes{@Plural}sacks of grapes{\@},Item,Goods,,,10.0,20.0,SandBoxCore/ModuleData/items/horses_and_others.xml,,,,,,,,,,,,,,,,,,,,
date_fruit,Date Fruit{@Plural}sacks of date fruit{\@},Item,Goods,,,10.0,50.0,SandBoxCore/ModuleData/items/horses_and_others.xml,,,,,,,,,,,,,,,,,,,,
olives,Olives{@Plural}barrels of olives{\@},Item,Goods,,,10.0,30.0,SandBoxCore/ModuleData/items/horses_and_others.xml,,,,,,,,,,,,,,,,,,,,
beer,Beer{@Plural}casks of beer{\@},Item,Goods,,,10.0,50.0,SandBoxCore/ModuleData/items/horses_and_others.xml,,,,,,,,,,,,,,,,,,,,
wine,Wine{@Plural}amphorae of wine{\@},Item,Goods,,,10.0,90.0,SandBoxCore/ModuleData/items/horses_and_others.xml,,,,,,,,,,,,,,,,,,,,
oil,Oil{@Plural}amphorae of oil{\@},Item,Goods,,,10.0,290.0,SandBoxCore/ModuleData/items/horses_and_others.xml,,,,,,,,,,,,,,,,,,,,
fur,Fur{@Plural}packs of fur{\@},Item,Goods,,,10.0,400.0,SandBoxCore/ModuleData/items/horses_and_others.xml,,,,,,,,,,,,,,,,,,,,
stolen_goods,Stolen Goods,Item,Goods,,,20.0,,SandBoxCore/ModuleData/items/horses_and_others.xml,,,,,,,,,,,,,,,,,,,,
campaign_banner_small,Campaign Banner Small,Item,Banner,,neutral_culture,0.2,,SandBoxCore/ModuleData/items/horses_and_others.xml,,,,,,,,,,,,,,,,,,,,
bo_staff,Bo staff,Item,Polearm,two_handed_wpn,,1.0,5.0,SandBoxCore/ModuleData/items/horses_and_others.xml,TwoHandedPolearm,,100.0,,,100.0,5.0,Blunt,2.0,Blunt,,,,,,,,,,
cat,Cat,Item,Animal,,,40.0,20.0,SandBoxCore/ModuleData/items/horses_and_others.xml,,,,,,,,,,,,,,,,,18.0,70.0,0.0,
dog,Dog,Item,Animal,,,20.0,20.0,SandBoxCore/ModuleData/items/horses_and_others.xml,,,,,,,,,,,,,,,,,28.0,60.0,0.0,
sheep,Sheep{@Plural}sheep{\@},Item,Animal,,,40.0,80.0,SandBoxCore/ModuleData/items/horses_and_others.xml,,,,,,,,,,,,,,,,,12.0,40.0,0.0,
cow,Cow{@Plural}head of cattle{\@},Item,Animal,,,200.0,200.0,SandBoxCore/ModuleData/items/horses_and_others.xml,,,,,,,,,,,,,,,,,22.0,30.0,5.0,
hog,Hog,Item,Animal,,,120.0,60.0,SandBoxCore/ModuleData/items/horses_and_others.xml,,,,,,,,,,,,,,,,,10.0,40.0,5.0,
goose,Goose,Item,Animal,,,5.0,50.0,SandBoxCore/ModuleData/items/horses_and_others.xml,,,,,,,,,,,,,,,,,10.0,50.0,5.0,
chicken,Chicken,Item,Animal,,,5.0,50.0,SandBoxCore/ModuleData/items/horses_and_others.xml,,,,,,,,,,,,,,,,,10.0,50.0,5.0,
southern_moccasins,Moccasins,Item,LegArmor,,aserai,0.5,,SandBoxCore/ModuleData/items/leg_armors.xml,,,,,,,,,,,,,,,,2.0,,,,
wrapped_shoes,Wrapped Shoes,Item,LegArmor,,aserai,0.8,,SandBoxCore/ModuleData/items/leg_armors.xml,,,,,,,,,,,,,,,,4.0,,,,
highland_leg_wrappings,Woodland Leg Wrappings,Item,LegArmor,,battania,1.0,,SandBoxCore/ModuleData/items/leg_armors.xml,,,,,,,,,,,,,,,,8.0,,,,
rough_tied_boots,Rough Tied Boots,Item,LegArmor,,battania,0.9,,SandBoxCore/ModuleData/items/leg_armors.xml,,,,,,,,,,,,,,,,6.0,,,,
battania_leather_boots,Highborn Leather Boots,Item,LegArmor,,battania,1.0,,SandBoxCore/ModuleData/items/leg_armors.xml,,,,,,,,,,,,,,,,5.0,,,,
battania_woodland_boots,Woodland Boots,Item,LegArmor,,battania,1.0,,SandBoxCore/ModuleData/items/leg_armors.xml,,,,,,,,,,,,,,,,6.0,,,,
battania_fur_boots,Fur Boots,Item,LegArmor,,battania,1.5,,SandBoxCore/ModuleData/items/leg_armors.xml,,,,,,,,,,,,,,,,6.0,,,,
highland_boots,Forester Boots,Item,LegArmor,,battania,1.0,,SandBoxCore/ModuleData/items/leg_armors.xml,,,,,,,,,,,,,,,,5.0,,,,
wrapped_leather_boots,Wrapped Leather Boots,Item,LegArmor,,battania,1.0,,SandBoxCore/ModuleData/items/leg_armors.xml,,,,,,,,,,,,,,,,7.0,,,,
belted_leather_boots,Belted Leather Boots,Item,LegArmor,,battania,1.1,,SandBoxCore/ModuleData/items/leg_armors.xml,,,,,,,,,,,,,,,,5.0,,,,
turndown_leather_boots,Folded Leather Boots,Item,LegArmor,,battania,0.9,,SandBoxCore/ModuleData/items/leg_armors.xml,,,,,,,,,,,,,,,,9.0,,,,
battania_warlord_boots,Scaled Boots,Item,LegArmor,,battania,2.6,,SandBoxCore/ModuleData/items/leg_armors.xml,,,,,,,,,,,,,,,,26.0,,,,
eastern_leather_boots,Leather Riding Boots,Item,LegArmor,,khuzait,1.1,,SandBoxCore/ModuleData/items/leg_armors.xml,,,,,,,,,,,,,,,,6.0,,,,
khuzait_curved_boots,Curved Boots,Item,LegArmor,,khuzait,0.9,,SandBoxCore/ModuleData/items/leg_armors.xml,,,,,,,,,,,,,,,,5.0,,,,
woven_leather_boots,Woven Leather Boots,Item,LegArmor,,khuzait,0.7,,SandBoxCore/ModuleData/items/leg_armors.xml,,,,,,,,,,,,,,,,5.0,,,,
steppe_leather_boots,Sturdy Leather Boots,Item,LegArmor,,khuzait,0.8,,SandBoxCore/ModuleData/items/leg_armors.xml,,,,,,,,,,,,,,,,4.0,,,,
reinforced_suede_boots,Reinforced Suede Boots,Item,LegArmor,,khuzait,1.0,,SandBoxCore/ModuleData/items/leg_armors.xml,,,,,,,,,,,,,,,,20.0,,,,
leather_boots,Fur Rimmed Curved Boots,Item,LegArmor,,khuzait,0.8,,SandBoxCore/ModuleData/items/leg_armors.xml,,,,,,,,,,,,,,,,4.0,,,,
mail_chausses,Mail Chausses,Item,LegArmor,,vlandia,2.9,,SandBoxCore/ModuleData/items/leg_armors.xml,,,,,,,,,,,,,,,,22.0,,,,
strapped_mail_chausses,Strapped Mail Chausses,Item,LegArmor,,vlandia,3.0,,SandBoxCore/ModuleData/items/leg_armors.xml,,,,,,,,,,,,,,,,23.0,,,,
leather_cavalier_boots,Leather Cavalier Boots,Item,LegArmor,,vlandia,0.9,,SandBoxCore/ModuleData/items/leg_armors.xml,,,,,,,,,,,,,,,,6.0,,,,
mail_cavalier_boots,Mail Cavalier Boots,Item,LegArmor,,vlandia,1.8,,SandBoxCore/ModuleData/items/leg_armors.xml,,,,,,,,,,,,,,,,12.0,,,,
sturgia_boots_a,Simple Leather Boots,Item,LegArmor,,sturgia,1.55,,SandBoxCore/ModuleData/items/leg_armors.xml,,,,,,,,,,,,,,,,5.0,,,,
sturgia_boots_b,Tied Leather Boots,Item,LegArmor,,sturgia,1.8,,SandBoxCore/ModuleData/items/leg_armors.xml,,,,,,,,,,,,,,,,6.0,,,,
sturgia_boots_c,Tied Boots,Item,LegArmor,,sturgia,1.2,,SandBoxCore/ModuleData/items/leg_armors.xml,,,,,,,,,,,,,,,,4.0,,,,
sturgia_boots_d,Wrapped Boots,Item,LegArmor,,sturgia,1.0,,SandBoxCore/ModuleData/items/leg_armors.xml,,,,,,,,,,,,,,,,3.0,,,,
northern_plated_boots,Plate Reinforced Boots,Item,LegArmor,,sturgia,2.9,,SandBoxCore/ModuleData/items/leg_armors.xml,,,,,,,,,,,,,,,,18.0,,,,
fine_town_boots,Fine Town Boots,Item,LegArmor,,empire,0.5,,SandBoxCore/ModuleData/items/leg_armors.xml,,,,,,,,,,,,,,,,4.0,,,,
folded_town_boots,Folded Town Boots,Item,LegArmor,,empire,1.0,,SandBoxCore/ModuleData/items/leg_armors.xml,,,,,,,,,,,,,,,,4.0,,,,
empire_horseman_boots,Horseman Boots,Item,LegArmor,,empire,0.8,,SandBoxCore/ModuleData/items/leg_armors.xml,,,,,,,,,,,,,,,,5.0,,,,
strapped_leather_boots,Strapped Leather Boots,Item,LegArmor,,empire,0.9,,SandBoxCore/ModuleData/items/leg_armors.xml,,,,,,,,,,,,,,,,5.0,,,,
plated_strip_boots,Splint Boots,Item,LegArmor,,empire,2.7,,SandBoxCore/ModuleData/items/leg_armors.xml,,,,,,,,,,,,,,,,22.0,,,,
decorated_imperial_boots,Decorated Plate Boots,Item,LegArmor,,empire,2.3,,SandBoxCore/ModuleData/items/leg_armors.xml,,,,,,,,,,,,,,,,20.0,,,,
lamellar_plate_boots,Lamellar Plate Boots,Item,LegArmor,,empire,3.5,,SandBoxCore/ModuleData/items/leg_armors.xml,,,,,,,,,,,,,,,,19.0,,,,
ladys_shoe,Ladies Shoes,Item,LegArmor,,neutral_culture,0.6,,SandBoxCore/ModuleData/items/leg_armors.xml,,,,,,,,,,,,,,,,1.0,,,,
leather_shoes,Leather Shoes,Item,LegArmor,,neutral_culture,0.7,,SandBoxCore/ModuleData/items/leg_armors.xml,,,,,,,,,,,,,,,,3.0,,,,
ragged_boots,Ragged Boots,Item,LegArmor,,neutral_culture,0.8,,SandBoxCore/ModuleData/items/leg_armors.xml,,,,,,,,,,,,,,,,5.0,,,,
strapped_shoes,Strapped Shoes,Item,LegArmor,,neutral_culture,0.7,,SandBoxCore/ModuleData/items/leg_armors.xml,,,,,,,,,,,,,,,,5.0,,,,
assassin_boot,Blackened Boots,Item,LegArmor,,neutral_culture,1.0,,SandBoxCore/ModuleData/items/leg_armors.xml,,,,,,,,,,,,,,,,5.0,,,,
heavy_round_shield,Heavy Round Shield,Item,Shield,,sturgia,4.7,,SandBoxCore/ModuleData/items/shields.xml,LargeShield,,86.0,,,70.0,,,5.0,Blunt,500.0,9.0,,,,,,,,
leather_round_shield,Large Round Shield,Item,Shield,,sturgia,6.9,,SandBoxCore/ModuleData/items/shields.xml,LargeShield,,89.0,,,70.0,,,5.0,Blunt,480.0,7.0,,,,,,,,
strapped_round_shield,Reinforced Large Round Shield,Item,Shield,,sturgia,7.3,,SandBoxCore/ModuleData/items/shields.xml,LargeShield,,82.0,,,70.0,,,5.0,Blunt,490.0,1.0,,,,,,,,
sturgia_old_shield_a,Iron Rimmed Large Round Shield,Item,Shield,,sturgia,4.2,,SandBoxCore/ModuleData/items/shields.xml,LargeShield,,82.0,,,70.0,,,5.0,Blunt,380.0,1.0,,,,,,,,
sturgia_old_shield_b,Simple Large Round Shield,Item,Shield,,sturgia,7.3,,SandBoxCore/ModuleData/items/shields.xml,LargeShield,,82.0,,,70.0,,,5.0,Blunt,280.0,0.0,,,,,,,,
sturgia_old_shield_c,Reinforced Large Round Shield,Item,Shield,,sturgia,7.3,,SandBoxCore/ModuleData/items/shields.xml,LargeShield,,82.0,,,70.0,,,5.0,Blunt,430.0,1.0,,,,,,,,
oval_shield,Wooden Oval Shield,Item,Shield,,aserai,5.6,,SandBoxCore/ModuleData/items/shields.xml,LargeShield,,82.0,,,132.0,,,,Blunt,430.0,1.0,,,,,,,,
desert_round_shield,Reinforced Desert Round Shield,Item,Shield,,aserai,3.2,,SandBoxCore/ModuleData/items/shields.xml,LargeShield,,82.0,,,70.0,,,,Blunt,360.0,1.0,,,,,,,,
bound_desert_round_shield,Desert Round Shield,Item,Shield,,aserai,2.3,,SandBoxCore/ModuleData/items/shields.xml,LargeShield,,82.0,,,60.0,,,,Blunt,240.0,1.0,,,,,,,,
curved_round_shield,Curved Round Shield,Item,Shield,,aserai,3.4,,SandBoxCore/ModuleData/items/shields.xml,LargeShield,,82.0,,,66.0,,,,Blunt,345.0,1.0,,,,,,,,
studded_round_shield,Iron Round Shield,Item,Shield,,aserai,2.7,,SandBoxCore/ModuleData/items/shields.xml,LargeShield,,82.0,,,60.0,,,,Blunt,300.0,1.0,,,,,,,,
steel_round_shield,Steel Round Shield,Item,Shield,,khuzait,4.4,,SandBoxCore/ModuleData/items/shields.xml,LargeShield,,82.0,,,60.0,,,,Blunt,540.0,1.0,,,,,,,,
bound_adarga,Wooden Adarga,Item,Shield,,aserai,2.2,,SandBoxCore/ModuleData/items/shields.xml,LargeShield,,82.0,,,60.0,,,,Blunt,245.0,1.0,,,,,,,,
battania_targe_b,Targe,Item,Shield,,battania,1.6,,SandBoxCore/ModuleData/items/shields.xml,LargeShield,,82.0,,,70.0,,,,Blunt,215.0,1.0,,,,,,,,
battania_shield_targe_a,Reinforced Targe,Item,Shield,,battania,2.0,,SandBoxCore/ModuleData/items/shields.xml,LargeShield,,82.0,,,70.0,,,,Blunt,250.0,1.0,,,,,,,,
large_adarga,Large Adarga,Item,Shield,,aserai,2.5,,SandBoxCore/ModuleData/items/shields.xml,LargeShield,,82.0,,,60.0,,,,Blunt,290.0,1.0,,,,,,,,
battania_large_shield_a,Iron Reinforced Highland Large Shield,Item,Shield,,battania,4.2,,SandBoxCore/ModuleData/items/shields.xml,LargeShield,,82.0,,,70.0,,,5.0,Blunt,430.0,1.0,,,,,,,,
battania_large_shield_b,Bronze Reinforced Highland Large Shield,Item,Shield,,battania,3.6,,SandBoxCore/ModuleData/items/shields.xml,LargeShield,,82.0,,,70.0,,,5.0,Blunt,410.0,1.0,,,,,,,,
battania_large_shield_c,Highland Large Shield,Item,Shield,,battania,2.7,,SandBoxCore/ModuleData/items/shields.xml,LargeShield,,82.0,,,70.0,,,5.0,Blunt,300.0,1.0,,,,,,,,
old_kite_shield,Makeshift Kite Shield,Item,Shield,,,2.8,,SandBoxCore/ModuleData/items/shields.xml,LargeShield,,82.0,,,170.0,,,,Blunt,200.0,1.0,,,,,,,,
worn_kite_shield,Worn Kite Shield,Item,Shield,,,2.8,,SandBoxCore/ModuleData/items/shields.xml,LargeShield,,83.0,,,128.0,,,5.0,Blunt,230.0,3.0,,,,,,,,
leather_bound_kite_shield,Leather Bound Kite Shield,Item,Shield,,sturgia,3.4,,SandBoxCore/ModuleData/items/shields.xml,LargeShield,,82.0,,,128.0,,,,Blunt,305.0,1.0,,,,,,,,
reinforced_kite_shield,Reinforced Kite Shield,Item,Shield,,,6.2,,SandBoxCore/ModuleData/items/shields.xml,LargeShield,,82.0,,,128.0,,,,Blunt,500.0,1.0,,,,,,,,
stronger_reinforced_kite_shield,Reinforced Oaken Kite Shield,Item,Shield,,,6.8,,SandBoxCore/ModuleData/items/shields.xml,LargeShield,,82.0,,,128.0,,,,Blunt,530.0,1.0,,,,,,,,
pavise_shield,Pavise Shield,Item,Shield,,vlandia,10.0,,SandBoxCore/ModuleData/items/shields.xml,LargeShield,,82.0,,,118.0,,,,Blunt,750.0,1.0,,,,,,,,
old_horsemans_kite_shield,Wooden Kite Shield,Item,Shield,,,1.7,,SandBoxCore/ModuleData/items/shields.xml,LargeShield,,82.0,,,78.0,,,,Blunt,170.0,1.0,,,,,,,,
worn_horsemans_kite_shield,Makeshift Horseman Kite Shield,Item,Shield,,,2.0,,SandBoxCore/ModuleData/items/shields.xml,LargeShield,,82.0,,,78.0,,,,Blunt,210.0,1.0,,,,,,,,
bound_horsemans_kite_shield,Cavalry Kite Shield,Item,Shield,,,3.0,,SandBoxCore/ModuleData/items/shields.xml,LargeShield,,94.0,,,78.0,,,,Blunt,280.0,8.0,,,,,,,,
reinforced_horsemans_kite_shield,Reinforced Cavalry Small Shield,Item,Shield,,,2.5,,SandBoxCore/ModuleData/items/shields.xml,LargeShield,,82.0,,,78.0,,,5.0,Blunt,280.0,1.0,,,,,,,,
battered_horsemans_kite_shield,Simple Horseman Kite Shield,Item,Shield,,,2.0,,SandBoxCore/ModuleData/items/shields.xml,LargeShield,,82.0,,,78.0,,,,Blunt,170.0,1.0,,,,,,,,
light_horsemans_kite_shield,Light Cavalry Kite Shield,Item,Shield,,,2.2,,SandBoxCore/ModuleData/items/shields.xml,LargeShield,,103.0,,,78.0,,,,Blunt,225.0,2.0,,,,,,,,
heavy_horsemans_kite_shield,Reinforced Cavalry Kite Shield,Item,Shield,,,3.2,,SandBoxCore/ModuleData/items/shields.xml,LargeShield,,82.0,,,78.0,,,,Blunt,350.0,1.0,,,,,,,,
battered_kite_shield,Simple Kite Shield,Item,Shield,,,2.6,,SandBoxCore/ModuleData/items/shields.xml,LargeShield,,82.0,,,110.0,,,,Blunt,220.0,1.0,,,,,,,,
reinforced_flat_kite_shield,Reinforced Flat Kite Shield,Item,Shield,,,5.0,,SandBoxCore/ModuleData/items/shields.xml,LargeShield,,82.0,,,110.0,,,,Blunt,400.0,1.0,,,,,,,,
studded_bound_kite_shield,Studded Bound Kite Shield,Item,Shield,,,3.6,,SandBoxCore/ModuleData/items/shields.xml,LargeShield,,91.0,,,110.0,,,,Blunt,315.0,9.0,,,,,,,,
fortified_kite_shield,Fortified Kite Shield,Item,Shield,,,3.8,,SandBoxCore/ModuleData/items/shields.xml,LargeShield,,82.0,,,110.0,,,,Blunt,400.0,1.0,,,,,,,,
horsemans_heater_shield,Small Cavalry Heater Shield,Item,Shield,,vlandia,1.9,,SandBoxCore/ModuleData/items/shields.xml,LargeShield,,97.0,,,65.0,,,,Blunt,205.0,10.0,,,,,,,,
small_heater_shield,Small Heater Shield,Item,Shield,,vlandia,2.2,,SandBoxCore/ModuleData/items/shields.xml,LargeShield,,82.0,,,70.0,,,,Blunt,225.0,1.0,,,,,,,,
jousting_shield,Knights Shield,Item,Shield,,vlandia,2.4,,SandBoxCore/ModuleData/items/shields.xml,LargeShield,,82.0,,,90.0,,,,Blunt,235.0,1.0,,,,,,,,
heater_shield_with_cutout,Heater Shield with Cutout,Item,Shield,,vlandia,2.1,,SandBoxCore/ModuleData/items/shields.xml,LargeShield,,82.0,,,80.0,,,,Blunt,220.0,1.0,,,,,,,,
flat_heater_shield,Flat Heater Shield,Item,Shield,,vlandia,3.1,,SandBoxCore/ModuleData/items/shields.xml,LargeShield,,93.0,,,90.0,,,,Blunt,300.0,10.0,,,,,,,,
heavy_heater_shield,Heavy Heater Shield,Item,Shield,,vlandia,5.6,,SandBoxCore/ModuleData/items/shields.xml,LargeShield,,87.0,,,100.0,,,,Blunt,470.0,17.0,,,,,,,,
small_flat_heater_shield,Small Flat Heater Shield,Item,Shield,,vlandia,2.3,,SandBoxCore/ModuleData/items/shields.xml,LargeShield,,95.0,,,70.0,,,,Blunt,240.0,7.0,,,,,,,,
wide_heater_shield,Wide Heater Shield,Item,Shield,,vlandia,5.2,,SandBoxCore/ModuleData/items/shields.xml,LargeShield,,82.0,,,90.0,,,,Blunt,430.0,1.0,,,,,,,,
bracketed_heater_shield,Bracketed Heater Shield,Item,Shield,,vlandia,4.4,,SandBoxCore/ModuleData/items/shields.xml,LargeShield,,82.0,,,95.0,,,,Blunt,370.0,1.0,,,,,,,,
tall_heater_shield,Tall Heater Shield,Item,Shield,,vlandia,7.0,,SandBoxCore/ModuleData/items/shields.xml,LargeShield,,85.0,,,105.0,,,,Blunt,560.0,13.0,,,,,,,,
adarga,Adarga,Item,Shield,,aserai,1.3,,SandBoxCore/ModuleData/items/shields.xml,LargeShield,,82.0,,,60.0,,,,Blunt,160.0,1.0,,,,,,,,
studded_adarga,Studded Adarga,Item,Shield,,aserai,1.5,,SandBoxCore/ModuleData/items/shields.xml,LargeShield,,82.0,,,60.0,,,,Blunt,195.0,1.0,,,,,,,,
ornate_adarga,Ornate Adarga,Item,Shield,,aserai,2.4,,SandBoxCore/ModuleData/items/shields.xml,LargeShield,,120.0,,,60.0,,,,Blunt,360.0,1.0,,,,,,,,
desert_oval_shield,Desert Oval Shield,Item,Shield,,aserai,4.0,,SandBoxCore/ModuleData/items/shields.xml,LargeShield,,82.0,,,110.0,,,,Blunt,350.0,1.0,,,,,,,,
southern_oval_shield,Reinforced Oval Shield,Item,Shield,,aserai,4.9,,SandBoxCore/ModuleData/items/shields.xml,LargeShield,,82.0,,,435.0,,,,Blunt,360.0,1.0,,,,,,,,
emirs_oval_shield,Decorated Oval Shield,Item,Shield,,aserai,5.1,,SandBoxCore/ModuleData/items/shields.xml,LargeShield,,82.0,,,110.0,,,,Blunt,480.0,1.0,,,,,,,,
highland_scouts_shield,Decorated Round Shield,Item,Shield,,battania,4.8,,SandBoxCore/ModuleData/items/shields.xml,LargeShield,,82.0,,,60.0,,,,Blunt,390.0,1.0,,,,,,,,
highland_riders_shield,Highland Round Shield,Item,Shield,,battania,5.4,,SandBoxCore/ModuleData/items/shields.xml,LargeShield,,82.0,,,60.0,,,,Blunt,520.0,1.0,,,,,,,,
tribal_steppe_shield,Tribal Steppe Shield,Item,Shield,,khuzait,3.0,,SandBoxCore/ModuleData/items/shields.xml,LargeShield,,82.0,,,60.0,,,,Blunt,310.0,1.0,,,,,,,,
decorated_steppe_shield,Round Steppe Shield,Item,Shield,,khuzait,3.2,,SandBoxCore/ModuleData/items/shields.xml,LargeShield,,82.0,,,60.0,,,,Blunt,340.0,1.0,,,,,,,,
noyans_shield,Decorated Eastern Shield,Item,Shield,,,4.2,,SandBoxCore/ModuleData/items/shields.xml,LargeShield,,82.0,,,60.0,,,,Blunt,460.0,1.0,,,,,,,,
steppe_guardian_shield,Eastern Cavalry Shield,Item,Shield,,,3.4,,SandBoxCore/ModuleData/items/shields.xml,LargeShield,,82.0,,,60.0,,,,Blunt,340.0,1.0,,,,,,,,
eastern_wicker_shield,Wicker Square Shield,Item,Shield,,khuzait,2.7,,SandBoxCore/ModuleData/items/shields.xml,LargeShield,,82.0,,,90.0,,,,Blunt,260.0,1.0,,,,,,,,
stronger_eastern_wicker_shield,Reinforced Wicker Square Shield,Item,Shield,,khuzait,5.6,,SandBoxCore/ModuleData/items/shields.xml,LargeShield,,82.0,,,90.0,,,,Blunt,510.0,1.0,,,,,,,,
footmans_wicker_shield,Wicker Shield,Item,Shield,,khuzait,4.2,,SandBoxCore/ModuleData/items/shields.xml,LargeShield,,82.0,,,95.0,,,,Blunt,365.0,1.0,,,,,,,,
stronger_footmans_wicker_shield,Reinforced Wicker Shield,Item,Shield,,khuzait,5.6,,SandBoxCore/ModuleData/items/shields.xml,LargeShield,,82.0,,,95.0,,,,Blunt,510.0,1.0,,,,,,,,
northern_scouts_shield,Sturdy Cavalry Kite Shield,Item,Shield,,sturgia,2.2,,SandBoxCore/ModuleData/items/shields.xml,LargeShield,,101.0,,,78.0,,,,Blunt,260.0,6.0,,,,,,,,
northern_horsemans_shield,Reinforced Cavalry Shield,Item,Shield,,sturgia,3.8,,SandBoxCore/ModuleData/items/shields.xml,LargeShield,,82.0,,,78.0,,,,Blunt,380.0,1.0,,,,,,,,
viking_round_shield,Norse Round Shield,Item,Shield,,sturgia,3.5,,SandBoxCore/ModuleData/items/shields.xml,LargeShield,,82.0,,,70.0,,,5.0,Blunt,360.0,6.0,,,,,,,,
northern_round_shield,Round Shield,Item,Shield,,sturgia,3.0,,SandBoxCore/ModuleData/items/shields.xml,LargeShield,,87.0,,,70.0,,,5.0,Blunt,300.0,5.0,,,,,,,,
western_riders_kite_shield,Horseman Kite Shield,Item,Shield,,vlandia,2.8,,SandBoxCore/ModuleData/items/shields.xml,LargeShield,,82.0,,,85.0,,,,Blunt,270.0,1.0,,,,,,,,
ironrim_riders_kite_shield,Reinforced Iron Rimmed Kite Shield,Item,Shield,,vlandia,3.2,,SandBoxCore/ModuleData/items/shields.xml,LargeShield,,82.0,,,85.0,,,,Blunt,320.0,1.0,,,,,,,,
chivalric_kite_shield,Knights Kite Shield,Item,Shield,,vlandia,4.2,,SandBoxCore/ModuleData/items/shields.xml,LargeShield,,82.0,,,110.0,,,5.0,Blunt,430.0,1.0,,,,,,,,
western_kite_shield,Kite Shield,Item,Shield,,vlandia,4.0,,SandBoxCore/ModuleData/items/shields.xml,LargeShield,,82.0,,,110.0,,,,Blunt,340.0,1.0,,,,,,,,
ironrim_kite_shield,Iron Rimmed Kite Shield,Item,Shield,,vlandia,4.2,,SandBoxCore/ModuleData/items/shields.xml,LargeShield,,82.0,,,110.0,,,,Blunt,360.0,1.0,,,,,,,,
sturgia_infantry_shield_a,Leaf-Point Kite Shield,Item,Shield,,sturgia,6.0,,SandBoxCore/ModuleData/items/shields.xml,LargeShield,,82.0,,,133.0,,,,Blunt,520.0,7.0,,,,,,,,
sturgia_infantry_shield_b,Reinforced Leaf-Point Kite Shield,Item,Shield,,sturgia,6.8,,SandBoxCore/ModuleData/items/shields.xml,LargeShield,,82.0,,,133.0,,,,Blunt,600.0,7.0,,,,,,,,
vlandia_infantry_shield_a,Angular Kite Shield,Item,Shield,,vlandia,4.9,,SandBoxCore/ModuleData/items/shields.xml,LargeShield,,85.0,,,133.0,,,,Blunt,490.0,5.0,,,,,,,,
steel_druzhinnik_kite_shield,Druzhinnik Kite Shield,Item,Shield,,sturgia,5.4,,SandBoxCore/ModuleData/items/shields.xml,LargeShield,,87.0,,,133.0,,,,Blunt,610.0,5.0,,,,,,,,
southern_shawl,Short Cloak,Item,Cape,,neutral_culture,0.2,,SandBoxCore/ModuleData/items/shoulder_armors.xml,,,,,,,,,,,,,,2.0,,,,,,
desert_fabric_shoulderpad,Woven Shoulder Pad,Item,Cape,,neutral_culture,0.3,,SandBoxCore/ModuleData/items/shoulder_armors.xml,,,,,,,,,,,,,,3.0,1.0,,,,,
aserai_horseman_shoulder,Ringmail Shoulder Guard,Item,Cape,body_armor,aserai,2.9,,SandBoxCore/ModuleData/items/shoulder_armors.xml,,,,,,,,,,,,,,7.0,4.0,,,,,
leopard_pelt,Leopard Pelt,Item,Cape,,aserai,2.0,,SandBoxCore/ModuleData/items/shoulder_armors.xml,,,,,,,,,,,,,,5.0,2.0,,,,,
desert_leather_shoulderpad,Leather Shoulder Guard,Item,Cape,,neutral_culture,0.6,,SandBoxCore/ModuleData/items/shoulder_armors.xml,,,,,,,,,,,,,,4.0,2.0,,,,,
desert_scale_shoulders,Reinforced Scale Pauldrons,Item,Cape,,aserai,8.2,,SandBoxCore/ModuleData/items/shoulder_armors.xml,,,,,,,,,,,,,,14.0,10.0,,,,,
a_aserai_scale_b_shoulder_a,Scale Shoulder Guards,Item,Cape,,aserai,5.0,,SandBoxCore/ModuleData/items/shoulder_armors.xml,,,,,,,,,,,,,,15.0,7.0,,,,,
a_aserai_scale_b_shoulder_b,Scale Pauldrons,Item,Cape,,aserai,2.8,,SandBoxCore/ModuleData/items/shoulder_armors.xml,,,,,,,,,,,,,,2.0,8.0,,,,,
a_aserai_scale_b_shoulder_c,Bronze Scale Shoulder Guards,Item,Cape,,aserai,6.0,,SandBoxCore/ModuleData/items/shoulder_armors.xml,,,,,,,,,,,,,,14.0,7.0,,,,,
a_aserai_scale_b_shoulder_d,Bronze Scale Pauldrons,Item,Cape,,aserai,3.6,,SandBoxCore/ModuleData/items/shoulder_armors.xml,,,,,,,,,,,,,,1.0,8.0,,,,,
a_aserai_scale_b_shoulder_e,Reinforced Bronze Scale Shoulder Guards,Item,Cape,,aserai,9.2,,SandBoxCore/ModuleData/items/shoulder_armors.xml,,,,,,,,,,,,,,13.0,9.0,,,,,
aserai_scale_shoulder_a,Bronze Scale Shoulder Guards,Item,Cape,,aserai,5.8,,SandBoxCore/ModuleData/items/shoulder_armors.xml,,,,,,,,,,,,,,9.0,8.0,,,,,
aserai_scale_shoulder_b,Long Sleeved Bronze Scale Shoulder Guards,Item,Cape,,aserai,2.2,,SandBoxCore/ModuleData/items/shoulder_armors.xml,,,,,,,,,,,,,,16.0,8.0,,,,,
aserai_scale_shoulder_c,Bronze Scale Pauldrons,Item,Cape,,aserai,2.6,,SandBoxCore/ModuleData/items/shoulder_armors.xml,,,,,,,,,,,,,,5.0,11.0,,,,,
aserai_scale_shoulder_d,Decorated Bronze Scale Pauldrons,Item,Cape,,aserai,5.8,,SandBoxCore/ModuleData/items/shoulder_armors.xml,,,,,,,,,,,,,,9.0,9.0,,,,,
aserai_scale_shoulder_e,Decorated Long Sleeve Bronze Scale Pauldrons,Item,Cape,,aserai,12.4,,SandBoxCore/ModuleData/items/shoulder_armors.xml,,,,,,,,,,,,,,9.0,12.0,,,,,
battania_shoulder_strap,Shoulder Harness,Item,Cape,,battania,0.65,,SandBoxCore/ModuleData/items/shoulder_armors.xml,,,,,,,,,,,,,,1.0,8.0,,,,,
battania_shoulder_strap_cloak,Tartan Shoulder Harness,Item,Cape,,battania,1.3,,SandBoxCore/ModuleData/items/shoulder_armors.xml,,,,,,,,,,,,,,3.0,6.0,,,,,
battania_cloak,Tartan Cloak,Item,Cape,,battania,0.25,,SandBoxCore/ModuleData/items/shoulder_armors.xml,,,,,,,,,,,,,,2.0,,,,,,
a_battania_cloak_a,Simple Cape,Item,Cape,,battania,0.2,,SandBoxCore/ModuleData/items/shoulder_armors.xml,,,,,,,,,,,,,,2.0,,,,,,
wolf_shoulder,Wolf Pelt Cape,Item,Cape,body_armor,battania,2.8,,SandBoxCore/ModuleData/items/shoulder_armors.xml,,,,,,,,,,,,,,6.0,3.0,,,,,
battania_woodland_cloak,Woodland Cape,Item,Cape,body_armor,battania,0.85,,SandBoxCore/ModuleData/items/shoulder_armors.xml,,,,,,,,,,,,,,5.0,2.0,,,,,
bearskin,Bear Pelt,Item,Cape,body_armor,battania,3.3,,SandBoxCore/ModuleData/items/shoulder_armors.xml,,,,,,,,,,,,,,9.0,3.0,,,,,
armored_bearskin,Armored Bearskin,Item,Cape,body_armor,battania,5.0,,SandBoxCore/ModuleData/items/shoulder_armors.xml,,,,,,,,,,,,,,12.0,,,,,,
battania_cloak_furr,Chained Fur Cloak,Item,Cape,,battania,4.5,,SandBoxCore/ModuleData/items/shoulder_armors.xml,,,,,,,,,,,,,,7.0,4.0,,,,,
battania_warlord_pauldrons,Heavy Warlord Pauldrons,Item,Cape,body_armor,battania,8.0,,SandBoxCore/ModuleData/items/shoulder_armors.xml,,,,,,,,,,,,,,10.0,14.0,,,,,
battania_civil_cloak,Fringed Cape,Item,Cape,body_armor,battania,0.25,,SandBoxCore/ModuleData/items/shoulder_armors.xml,,,,,,,,,,,,,,2.0,2.0,,,,,
battania_cloak_b,Tartan Cape,Item,Cape,body_armor,battania,0.5,,SandBoxCore/ModuleData/items/shoulder_armors.xml,,,,,,,,,,,,,,2.0,1.0,,,,,
battania_scarf_a,Heavy Tartan Scarf,Item,Cape,body_armor,battania,0.55,,SandBoxCore/ModuleData/items/shoulder_armors.xml,,,,,,,,,,,,,,3.0,1.0,,,,,
battania_shoulder_furr,Reinforced Harness with Cape,Item,Cape,,battania,3.5,,SandBoxCore/ModuleData/items/shoulder_armors.xml,,,,,,,,,,,,,,7.0,4.0,,,,,
rough_bearskin,Rough Bearskin,Item,Cape,,battania,5.3,,SandBoxCore/ModuleData/items/shoulder_armors.xml,,,,,,,,,,,,,,9.0,5.0,,,,,
battania_civil_cape,Woodland Fur Cloak,Item,Cape,body_armor,battania,1.2,,SandBoxCore/ModuleData/items/shoulder_armors.xml,,,,,,,,,,,,,,5.0,3.0,,,,,
battanian_chainmail_shoulder_b,Mail Shoulder Reinforcements,Item,Cape,body_armor,battania,3.5,,SandBoxCore/ModuleData/items/shoulder_armors.xml,,,,,,,,,,,,,,8.0,3.0,,,,,
battanian_chainmail_shoulder_a,Mail Shoulder Pieces,Item,Cape,body_armor,battania,2.3,,SandBoxCore/ModuleData/items/shoulder_armors.xml,,,,,,,,,,,,,,7.0,1.0,,,,,
battanian_leather_shoulder_a,Cured Leather Shoulder Pieces,Item,Cape,body_armor,battania,0.85,,SandBoxCore/ModuleData/items/shoulder_armors.xml,,,,,,,,,,,,,,4.0,2.0,,,,,
bolted_leather_strips,Bolted Leather Strips,Item,Cape,,khuzait,0.8,,SandBoxCore/ModuleData/items/shoulder_armors.xml,,,,,,,,,,,,,,8.0,1.0,,,,,
steppe_leather_shoulders,Cured Leather Pauldrons,Item,Cape,body_armor,khuzait,0.8,,SandBoxCore/ModuleData/items/shoulder_armors.xml,,,,,,,,,,,,,,1.0,8.0,,,,,
reinforced_suede_shoulders,Reinforced Suede Shoulder Guards,Item,Cape,body_armor,khuzait,0.75,,SandBoxCore/ModuleData/items/shoulder_armors.xml,,,,,,,,,,,,,,1.0,7.0,,,,,
eastern_studded_shoulders,Reinforced Studded Shoulder Guards,Item,Cape,,khuzait,9.9,,SandBoxCore/ModuleData/items/shoulder_armors.xml,,,,,,,,,,,,,,9.0,6.0,,,,,
a_khuzait_leather_shoulder_b_a,Cured Studded Leather Shoulders,Item,Cape,,khuzait,2.5,,SandBoxCore/ModuleData/items/shoulder_armors.xml,,,,,,,,,,,,,,4.0,7.0,,,,,
a_khuzait_leather_shoulder_b_b,Reinforced Studded Neckguard,Item,Cape,,khuzait,3.5,,SandBoxCore/ModuleData/items/shoulder_armors.xml,,,,,,,,,,,,,,8.0,,,,,,
khuzait_leather_pauldron,Reinforced Leather Pauldrons,Item,Cape,,khuzait,3.5,,SandBoxCore/ModuleData/items/shoulder_armors.xml,,,,,,,,,,,,,,2.0,8.0,,,,,
lamellar_shoulders,Lamellar Shoulder Pieces,Item,Cape,,khuzait,9.0,,SandBoxCore/ModuleData/items/shoulder_armors.xml,,,,,,,,,,,,,,12.0,12.0,,,,,
a_metal_lamellar_armor_shoulder_a,Decorated Steel Lamellar Shoulder Pieces,Item,Cape,,khuzait,3.8,,SandBoxCore/ModuleData/items/shoulder_armors.xml,,,,,,,,,,,,,,2.0,12.0,,,,,
brass_lamellar_shoulder,Bronze Lamellar Shoulder Pieces,Item,Cape,,khuzait,5.0,,SandBoxCore/ModuleData/items/shoulder_armors.xml,,,,,,,,,,,,,,5.0,11.0,,,,,
a_brass_lamellar_shoulder_a,Bronze Lamellar Shoulder Guards,Item,Cape,,khuzait,1.6,,SandBoxCore/ModuleData/items/shoulder_armors.xml,,,,,,,,,,,,,,1.0,5.0,,,,,
a_brass_lamellar_shoulder_b,Reinforced Bronze Lamellar Shoulder Guards,Item,Cape,,khuzait,3.0,,SandBoxCore/ModuleData/items/shoulder_armors.xml,,,,,,,,,,,,,,1.0,10.0,,,,,
brass_lamellar_shoulder_white,Lamellar Pauldrons,Item,Cape,,sturgia,4.5,,SandBoxCore/ModuleData/items/shoulder_armors.xml,,,,,,,,,,,,,,6.0,12.0,,,,,
a_brass_lamellar_shoulder_white_a,Lamellar Shoulder Guards,Item,Cape,,sturgia,1.8,,SandBoxCore/ModuleData/items/shoulder_armors.xml,,,,,,,,,,,,,,5.0,1.0,,,,,
a_brass_lamellar_shoulder_white_b,Reinforced Lamellar Shoulder Guards,Item,Cape,,sturgia,2.4,,SandBoxCore/ModuleData/items/shoulder_armors.xml,,,,,,,,,,,,,,1.0,11.0,,,,,
green_hood,Green Hood,Item,Cape,,vlandia,0.35,,SandBoxCore/ModuleData/items/shoulder_armors.xml,,,,,,,,,,,,,,3.0,1.0,,,,,
leather_lamellar_shoulders,Leather Lamellar Shoulder Guards,Item,Cape,,khuzait,3.5,,SandBoxCore/ModuleData/items/shoulder_armors.xml,,,,,,,,,,,,,,6.0,6.0,,,,,
a_leather_lamellar_armor_shoulder_a,Decorated Lamellar Leather Shoulder Guards,Item,Cape,,khuzait,1.3,,SandBoxCore/ModuleData/items/shoulder_armors.xml,,,,,,,,,,,,,,2.0,7.0,,,,,
hood,Hood,Item,Cape,body_armor,vlandia,0.35,,SandBoxCore/ModuleData/items/shoulder_armors.xml,,,,,,,,,,,,,,3.0,1.0,,,,,
padded_leather_shoulders,Padded Leather Shoulders,Item,Cape,,vlandia,2.4,,SandBoxCore/ModuleData/items/shoulder_armors.xml,,,,,,,,,,,,,,9.0,4.0,,,,,
chainmail_shoulder_armor,Reinforced Mail Shoulders,Item,Cape,,vlandia,3.2,,SandBoxCore/ModuleData/items/shoulder_armors.xml,,,,,,,,,,,,,,9.0,4.0,,,,,
noble_pauldron,Ornate Pauldrons,Item,Cape,,vlandia,2.2,,SandBoxCore/ModuleData/items/shoulder_armors.xml,,,,,,,,,,,,,,10.0,12.0,,,,,
noble_pauldron_with_cape,Ornate Pauldrons with Cape,Item,Cape,,vlandia,4.4,,SandBoxCore/ModuleData/items/shoulder_armors.xml,,,,,,,,,,,,,,11.0,12.0,,,,,
noble_pauldron_with_scarf,Reinforced Ornate Pauldrons,Item,Cape,,vlandia,6.4,,SandBoxCore/ModuleData/items/shoulder_armors.xml,,,,,,,,,,,,,,13.0,12.0,,,,,
pauldron_over_scale_armor,Reinforced Ornate Pauldrons over Scale,Item,Cape,,vlandia,11.4,,SandBoxCore/ModuleData/items/shoulder_armors.xml,,,,,,,,,,,,,,15.0,12.0,,,,,
pauldron_with_cape,Pauldrons with Cape,Item,Cape,,vlandia,5.6,,SandBoxCore/ModuleData/items/shoulder_armors.xml,,,,,,,,,,,,,,4.0,11.0,,,,,
scale_shoulder_armor,Scale Shoulderguards,Item,Cape,,vlandia,1.7,,SandBoxCore/ModuleData/items/shoulder_armors.xml,,,,,,,,,,,,,,16.0,8.0,,,,,
stitched_leather_shoulders,Stitched Leather Shoulders,Item,Cape,,sturgia,0.9,,SandBoxCore/ModuleData/items/shoulder_armors.xml,,,,,,,,,,,,,,1.0,4.0,,,,,
mail_shoulders,Mail Shoulder Guards,Item,Cape,body_armor,sturgia,3.3,,SandBoxCore/ModuleData/items/shoulder_armors.xml,,,,,,,,,,,,,,9.0,5.0,,,,,
brass_scale_shoulders,Decorated Scale Shoulder Guards,Item,Cape,,sturgia,4.2,,SandBoxCore/ModuleData/items/shoulder_armors.xml,,,,,,,,,,,,,,4.0,7.0,,,,,
pauldron_cape_a,Legionary Cape,Item,Cape,,empire,6.9,,SandBoxCore/ModuleData/items/shoulder_armors.xml,,,,,,,,,,,,,,7.0,9.0,,,,,
a_pauldron_cape_b,Bronze Pauldrons with Neck Guard,Item,Cape,,empire,6.5,,SandBoxCore/ModuleData/items/shoulder_armors.xml,,,,,,,,,,,,,,5.0,9.0,,,,,
a_pauldron_cape_c,Bronze Pauldrons,Item,Cape,,empire,3.5,,SandBoxCore/ModuleData/items/shoulder_armors.xml,,,,,,,,,,,,,,1.0,9.0,,,,,
empire_warrior_padded_armor_shoulder,Legionary Padded Straps,Item,Cape,,empire,3.2,,SandBoxCore/ModuleData/items/shoulder_armors.xml,,,,,,,,,,,,,,6.0,4.0,,,,,
woven_leather_shoulders,Woven Leather Shoulders,Item,Cape,,empire,2.8,,SandBoxCore/ModuleData/items/shoulder_armors.xml,,,,,,,,,,,,,,2.0,6.0,,,,,
imperial_studded_strip_shoulders,Legionary Reinforced Studded Harness,Item,Cape,,empire,3.9,,SandBoxCore/ModuleData/items/shoulder_armors.xml,,,,,,,,,,,,,,6.0,11.0,,,,,
a_empire_plated_shoulder_a,Legionary Studded Harness,Item,Cape,,empire,2.8,,SandBoxCore/ModuleData/items/shoulder_armors.xml,,,,,,,,,,,,,,5.0,4.0,,,,,
a_empire_plated_shoulder_b,Lamellar Pauldrons,Item,Cape,,empire,2.2,,SandBoxCore/ModuleData/items/shoulder_armors.xml,,,,,,,,,,,,,,1.0,8.0,,,,,
varangian_bra_basic,Decorated Leather Harness,Item,Cape,,empire,4.5,,SandBoxCore/ModuleData/items/shoulder_armors.xml,,,,,,,,,,,,,,6.0,7.0,,,,,
varangian_bra_royal,Caped Leather Harness,Item,Cape,,empire,4.9,,SandBoxCore/ModuleData/items/shoulder_armors.xml,,,,,,,,,,,,,,7.0,7.0,,,,,
varangian_bra_padded,Decorated Leather Harness with Padding,Item,Cape,,empire,8.5,,SandBoxCore/ModuleData/items/shoulder_armors.xml,,,,,,,,,,,,,,12.0,9.0,,,,,
imperial_lamellar_shoulders,Heavy Lamellar Pauldrons,Item,Cape,,empire,3.5,,SandBoxCore/ModuleData/items/shoulder_armors.xml,,,,,,,,,,,,,,7.0,12.0,,,,,
studded_imperial_neckguard,Neckguard with Bronze Plate Pauldrons,Item,Cape,,empire,7.8,,SandBoxCore/ModuleData/items/shoulder_armors.xml,,,,,,,,,,,,,,8.0,11.0,,,,,
empire_plate_armor_shoulder_a,Bronze Plate Pauldrons,Item,Cape,,empire,2.4,,SandBoxCore/ModuleData/items/shoulder_armors.xml,,,,,,,,,,,,,,2.0,10.0,,,,,
empire_plate_armor_shoulder_b,Iron Plate Pauldrons,Item,Cape,,empire,2.2,,SandBoxCore/ModuleData/items/shoulder_armors.xml,,,,,,,,,,,,,,2.0,11.0,,,,,
varangian_bra_mail,Decorated Leather Harness over Mail,Item,Cape,,empire,11.5,,SandBoxCore/ModuleData/items/shoulder_armors.xml,,,,,,,,,,,,,,14.0,9.0,,,,,
varangian_bra_scale,Decorated Leather Harness over Scale,Item,Cape,,empire,13.5,,SandBoxCore/ModuleData/items/shoulder_armors.xml,,,,,,,,,,,,,,15.0,9.0,,,,,
female_hood,Cotton Hood,Item,Cape,,neutral_culture,0.2,,SandBoxCore/ModuleData/items/shoulder_armors.xml,,,,,,,,,,,,,,2.0,1.0,,,,,
female_scarf,Thick Scarf,Item,Cape,,neutral_culture,0.3,,SandBoxCore/ModuleData/items/shoulder_armors.xml,,,,,,,,,,,,,,3.0,,,,,,
scarf,Scarf,Item,Cape,body_armor,neutral_culture,0.3,,SandBoxCore/ModuleData/items/shoulder_armors.xml,,,,,,,,,,,,,,3.0,,,,,,
wrapped_scarf,Shawl,Item,Cape,body_armor,neutral_culture,0.2,,SandBoxCore/ModuleData/items/shoulder_armors.xml,,,,,,,,,,,,,,2.0,,,,,,
empire_cape_a,Heavy Cloak,Item,Cape,body_armor,neutral_culture,0.5,,SandBoxCore/ModuleData/items/shoulder_armors.xml,,,,,,,,,,,,,,3.0,2.0,,,,,
fur_cloak_a,Fur Cloak With Round Plate,Item,Cape,,battania,7.6,,SandBoxCore/ModuleData/items/shoulder_armors.xml,,,,,,,,,,,,,,13.0,6.0,,,,,
fur_cloak_b,Fur Cloak,Item,Cape,,battania,2.7,,SandBoxCore/ModuleData/items/shoulder_armors.xml,,,,,,,,,,,,,,5.0,1.0,,,,,
fur_cloak_c,Large Fur Cloak With Round Plate,Item,Cape,,battania,8.3,,SandBoxCore/ModuleData/items/shoulder_armors.xml,,,,,,,,,,,,,,14.0,7.0,,,,,
assassin_shoulder,Blackened Cape,Item,Cape,body_armor,neutral_culture,0.85,,SandBoxCore/ModuleData/items/shoulder_armors.xml,,,,,,,,,,,,,,4.0,2.0,,,,,
crossbow_a_blunt,Sparring Crossbow,Item,Crossbow,,vlandia,1.0,,SandBoxCore/ModuleData/items/tournament_weapons.xml,Crossbow,,62.0,77.0,95.0,95.0,,,75.0,Pierce,,,,,,,,,,
bound_desert_round_sparring_shield,Desert Round Sparring Shield,Item,Shield,,aserai,7.3,,SandBoxCore/ModuleData/items/tournament_weapons.xml,LargeShield,,82.0,,,60.0,,,,Blunt,210.0,1.0,,,,,,,,
battania_targe_b_sparring,Sparring Targe,Item,Shield,,battania,2.5,,SandBoxCore/ModuleData/items/tournament_weapons.xml,LargeShield,,82.0,,,70.0,,,,Blunt,260.0,1.0,,,,,,,,
old_kite_sparring_shield,Makeshift Kite Sparring Shield,Item,Shield,,,4.2,,SandBoxCore/ModuleData/items/tournament_weapons.xml,LargeShield,,82.0,,,170.0,,,,Blunt,145.0,1.0,,,,,,,,
eastern_wicker_sparring_shield,Wicker Square Tournament Shield,Item,Shield,,khuzait,2.7,,SandBoxCore/ModuleData/items/tournament_weapons.xml,LargeShield,,82.0,,,90.0,,,,Blunt,220.0,1.0,,,,,,,,
northern_round_sparring_shield,Sparring Round Shield,Item,Shield,,,3.3,,SandBoxCore/ModuleData/items/tournament_weapons.xml,LargeShield,,87.0,,,70.0,,,5.0,Blunt,240.0,5.0,,,,,,,,
western_riders_kite_sparring_shield,Horseman Sparring Kite Shield,Item,Shield,,,4.7,,SandBoxCore/ModuleData/items/tournament_weapons.xml,LargeShield,,82.0,,,85.0,,,,Blunt,235.0,1.0,,,,,,,,
western_kite_sparring_shield,Kite Sparring Shield,Item,Shield,,,4.7,,SandBoxCore/ModuleData/items/tournament_weapons.xml,LargeShield,,82.0,,,110.0,,,,Blunt,265.0,1.0,,,,,,,,
torch,Torch,Item,OneHandedWeapon,,empire,0.2,4.0,SandBoxCore/ModuleData/items/weapons.xml,OneHandedAxe,,97.0,0.0,,65.0,6.0,Blunt,,,,,,,,,,,,
training_bow,Practice Bow,Item,Bow,,,0.3,,SandBoxCore/ModuleData/items/weapons.xml,Bow,,87.0,84.0,99.0,106.0,,,30.0,Pierce,,,,,,,,,,
training_longbow,Practice Longbow,Item,Bow,bow,vlandia,0.5,,SandBoxCore/ModuleData/items/weapons.xml,Bow,,80.0,84.0,100.0,120.0,,,30.0,Pierce,,,,,,,,,,
horse_whip,Horse Whip,Item,OneHandedWeapon,,,0.2,1.0,SandBoxCore/ModuleData/items/weapons.xml,OneHandedSword,,99.0,0.0,,95.0,5.0,Blunt,6.0,Blunt,,,,,,,,,,
push_fork,Push Fork,Item,Polearm,two_handed_wpn,,2.0,,SandBoxCore/ModuleData/items/weapons.xml,TwoHandedPolearm,,70.0,,,200.0,5.0,Blunt,2.0,Blunt,,,,,,,,,,
hunting_bow,Hunting Bow,Item,Bow,,battania,0.3,,SandBoxCore/ModuleData/items/weapons.xml,Bow,,87.0,64.0,85.0,110.0,,,40.0,Pierce,,,,,,,,,,
mountain_hunting_bow,Mountain Hunting Bow,Item,Bow,,battania,0.3,,SandBoxCore/ModuleData/items/weapons.xml,Bow,,86.0,67.0,82.0,108.0,,,41.0,Pierce,,,,,,,,,,
steppe_bow,Steppe Bow,Item,Bow,,khuzait,0.3,,SandBoxCore/ModuleData/items/weapons.xml,Bow,,86.0,68.0,80.0,110.0,,,41.0,Pierce,,,,,,,,,,
glen_ranger_bow,Longbow,Item,Bow,,battania,0.4,,SandBoxCore/ModuleData/items/weapons.xml,Bow,,85.0,70.0,88.0,111.0,,,51.0,Pierce,,,,,,,,,,
highland_ranger_bow,Ranger Bow,Item,Bow,,battania,0.4,,SandBoxCore/ModuleData/items/weapons.xml,Bow,,86.0,65.0,83.0,113.0,,,47.0,Pierce,,,,,,,,,,
composite_bow,Recurve Bow,Item,Bow,,,0.3,,SandBoxCore/ModuleData/items/weapons.xml,Bow,,90.0,77.0,94.0,110.0,,,51.0,Pierce,,,,,,,,,,
composite_steppe_bow,Steppe Recurve Bow,Item,Bow,,khuzait,0.3,,SandBoxCore/ModuleData/items/weapons.xml,Bow,,89.0,78.0,94.0,108.0,,,52.0,Pierce,,,,,,,,,,
steppe_heavy_bow,Heavy Recurve Bow,Item,Bow,,khuzait,0.3,,SandBoxCore/ModuleData/items/weapons.xml,Bow,,87.0,76.0,91.0,106.0,,,52.0,Pierce,,,,,,,,,,
nordic_shortbow,Sturgian Shortbow,Item,Bow,,sturgia,0.3,,SandBoxCore/ModuleData/items/weapons.xml,Bow,,89.0,71.0,95.0,108.0,,,46.0,Pierce,,,,,,,,,,
lowland_longbow,Lowland Longbow,Item,Bow,bow,vlandia,0.5,,SandBoxCore/ModuleData/items/weapons.xml,Bow,,80.0,74.0,94.0,120.0,,,57.0,Pierce,,,,,,,,,,
tribal_bow,Tribesman Bow,Item,Bow,,aserai,0.5,,SandBoxCore/ModuleData/items/weapons.xml,Bow,,89.0,73.0,94.0,115.0,,,58.0,Pierce,,,,,,,,,,
steppe_war_bow,Steppe War Bow,Item,Bow,,khuzait,0.3,,SandBoxCore/ModuleData/items/weapons.xml,Bow,,89.0,80.0,95.0,107.0,,,54.0,Pierce,,,,,,,,,,
woodland_yew_bow,Woodland Yew Bow,Item,Bow,,battania,0.5,,SandBoxCore/ModuleData/items/weapons.xml,Bow,,91.0,76.0,92.0,115.0,,,61.0,Pierce,,,,,,,,,,
woodland_longbow,Woodland Longbow,Item,Bow,,battania,0.1,,SandBoxCore/ModuleData/items/weapons.xml,Bow,,88.0,82.0,94.0,118.0,,,64.0,Pierce,,,,,,,,,,
longbow_recurve_desert_bow,Strong Tribesman Bow,Item,Bow,,aserai,0.3,,SandBoxCore/ModuleData/items/weapons.xml,Bow,,88.0,86.0,95.0,116.0,,,79.0,Pierce,,,,,,,,,,
nomad_bow,Nomad Bow,Item,Bow,,aserai,0.5,,SandBoxCore/ModuleData/items/weapons.xml,Bow,,89.0,77.0,91.0,114.0,,,70.0,Pierce,,,,,,,,,,
lowland_yew_bow,Yew Bow,Item,Bow,,vlandia,0.5,,SandBoxCore/ModuleData/items/weapons.xml,Bow,,90.0,79.0,94.0,117.0,,,69.0,Pierce,,,,,,,,,,
noble_bow,Noble Bow,Item,Bow,,,0.8,,SandBoxCore/ModuleData/items/weapons.xml,Bow,,94.0,90.0,100.0,116.0,,,80.0,Pierce,,,,,,,,,,
noble_long_bow,Noble Long Bow,Item,Bow,,,0.8,,SandBoxCore/ModuleData/items/weapons.xml,Bow,,91.0,85.0,98.0,118.0,,,95.0,Pierce,,,,,,,,,,
crossbow_a,Simple Light Crossbow,Item,Crossbow,,empire,1.0,,SandBoxCore/ModuleData/items/weapons.xml,Crossbow,,70.0,60.0,80.0,95.0,,,67.0,Pierce,,,,,,,,,,
crossbow_h,Light Peasant Crossbow,Item,Crossbow,,vlandia,1.0,,SandBoxCore/ModuleData/items/weapons.xml,Crossbow,,65.0,55.0,75.0,95.0,,,57.0,Pierce,,,,,,,,,,
crossbow_b,Heavy Crossbow,Item,Crossbow,,empire,2.7,,SandBoxCore/ModuleData/items/weapons.xml,Crossbow,,61.0,80.0,96.0,95.0,,,82.0,Pierce,,,,,,,,,,
crossbow_i,Heavy Peasant Crossbow,Item,Crossbow,,empire,3.0,,SandBoxCore/ModuleData/items/weapons.xml,Crossbow,,60.0,65.0,85.0,95.0,,,70.0,Pierce,,,,,,,,,,
crossbow_c,Arbalest,Item,Crossbow,,vlandia,3.0,,SandBoxCore/ModuleData/items/weapons.xml,Crossbow,,60.0,87.0,98.0,95.0,,,89.0,Pierce,,,,,,,,,,
crossbow_e,Light Crossbow,Item,Crossbow,,vlandia,2.2,,SandBoxCore/ModuleData/items/weapons.xml,Crossbow,,75.0,65.0,85.0,95.0,,,77.0,Pierce,,,,,,,,,,
crossbow_d,Hickory Crossbow,Item,Crossbow,,empire,2.2,,SandBoxCore/ModuleData/items/weapons.xml,Crossbow,,62.0,90.0,99.0,95.0,,,93.0,Pierce,,,,,,,,,,
crossbow_g,Fine Light Crossbow,Item,Crossbow,,vlandia,2.2,,SandBoxCore/ModuleData/items/weapons.xml,Crossbow,,80.0,70.0,90.0,95.0,,,85.0,Pierce,,,,,,,,,,
crossbow_f,Bound Crossbow,Item,Crossbow,,vlandia,2.0,,SandBoxCore/ModuleData/items/weapons.xml,Crossbow,,63.0,97.0,100.0,90.0,,,100.0,Pierce,,,,,,,,,,
sling_wool,Wool Sling,Item,Thrown,,,0.1,300.0,SandBoxCore/ModuleData/items/weapons.xml,Sling,,105.0,40.0,45.0,20.0,,,25.0,Blunt,,,,,,,,,,
sling_braided,Braided Sling,Item,Thrown,,,0.1,2750.0,SandBoxCore/ModuleData/items/weapons.xml,Sling,,100.0,35.0,55.0,20.0,,,45.0,Blunt,,,,,,,,,,
sling_reinforced,Reinforced Sling,Item,Thrown,,,0.1,6000.0,SandBoxCore/ModuleData/items/weapons.xml,Sling,,120.0,50.0,65.0,20.0,,,57.0,Blunt,,,,,,,,,,
throwing_stone,Stone,Item,Thrown,,,0.1,2.0,SandBoxCore/ModuleData/items/weapons.xml,Stone,14.0,102.0,55.0,45.0,10.0,,,10.0,,,,,,,,,,,
stealth_throwing_stone,Stone,Item,Thrown,,,0.01,0.0,SandBoxCore/ModuleData/items/weapons.xml,Stone,5.0,102.0,20.0,45.0,10.0,,,15.0,,,,,,,,,,,
sling_stoneammo,Stone Sling Bullets,Item,SlingStones,,,0.1,,SandBoxCore/ModuleData/items/weapons.xml,SlingStone,18.0,0.0,10.0,45.0,10.0,,,4.0,Blunt,,,,,,,,,,
sling_chiseledammo,Chiseled Sling Bullets,Item,SlingStones,,,0.13,,SandBoxCore/ModuleData/items/weapons.xml,SlingStone,16.0,0.0,10.0,45.0,10.0,,,5.0,Blunt,,,,,,,,,,
sling_leadammo,Lead Sling Bullets,Item,SlingStones,,,0.04,3100.0,SandBoxCore/ModuleData/items/weapons.xml,SlingStone,15.0,0.0,10.0,45.0,10.0,,,9.0,Blunt,,,,,,,,,,
ballista_projectile,Ballista Arrows,Item,Arrows,arrows,,0.8,,SandBoxCore/ModuleData/items/weapons.xml,Arrow,20.0,0.0,80.0,,95.0,,,2200.0,Pierce,,,,,,,,,,
ballista_projectile_burning,Ballista Arrows,Item,Arrows,arrows,,0.8,,SandBoxCore/ModuleData/items/weapons.xml,Arrow,20.0,0.0,80.0,,95.0,,,2200.0,Pierce,,,,,,,,,,
boulder,Boulder,Item,Thrown,arrows,,15.0,,SandBoxCore/ModuleData/items/weapons.xml,Boulder,1.0,0.0,8.0,,95.0,,,100.0,,,,,,,,,,,
boulder_projectile,Boulder,Item,Thrown,arrows,,15.0,,SandBoxCore/ModuleData/items/weapons.xml,Boulder,1.0,0.0,8.0,,95.0,,,2500.0,,,,,,,,,,,
pot_projectile,Fire Pot,Item,Thrown,arrows,,15.0,,SandBoxCore/ModuleData/items/weapons.xml,Boulder,1.0,0.0,8.0,,95.0,,,2300.0,,,,,,,,,,,
pot,Fire Pot,Item,Thrown,arrows,,15.0,,SandBoxCore/ModuleData/items/weapons.xml,Boulder,1.0,0.0,8.0,,95.0,,,200.0,,,,,,,,,,,
grapeshot_stack,Grapeshot Stack,Item,Thrown,arrows,,15.0,,SandBoxCore/ModuleData/items/weapons.xml,Boulder,1.0,0.0,8.0,,95.0,,,120.0,,,,,,,,,,,
grapeshot_fire_stack,Grapeshot Stack,Item,Thrown,arrows,,15.0,,SandBoxCore/ModuleData/items/weapons.xml,Boulder,1.0,0.0,8.0,,95.0,,,120.0,,,,,,,,,,,
grapeshot_projectile,Grapeshot Ammo,Item,Thrown,arrows,,15.0,,SandBoxCore/ModuleData/items/weapons.xml,Boulder,1.0,0.0,8.0,,95.0,,,250.0,,,,,,,,,,,
grapeshot_fire_projectile,Grapeshot Ammo,Item,Thrown,arrows,,15.0,,SandBoxCore/ModuleData/items/weapons.xml,Boulder,1.0,0.0,8.0,,95.0,,,250.0,,,,,,,,,,,
vlandic_arrows,Lowland Arrows,Item,Arrows,arrows,,0.06,,SandBoxCore/ModuleData/items/weapons.xml,Arrow,25.0,0.0,10.0,,97.0,,,2.0,Pierce,,,,,,,,,,
arrow_emp_1_a,Imperial Arrows,Item,Arrows,,empire,0.05,,SandBoxCore/ModuleData/items/weapons.xml,Arrow,30.0,0.0,10.0,,97.0,,,0.0,Pierce,,,,,,,,,,
piercing_arrows,Piercing Arrows,Item,Arrows,,,0.041,,SandBoxCore/ModuleData/items/weapons.xml,Arrow,23.0,0.0,10.0,,97.0,,,4.0,Pierce,,,,,,,,,,
bodkin_arrows_a,Stacked Bodkin Arrows,Item,Arrows,,,0.048,,SandBoxCore/ModuleData/items/weapons.xml,Arrow,32.0,0.0,10.0,,97.0,,,3.0,Pierce,,,,,,,,,,
bodkin_arrows_b,Bodkin Arrows,Item,Arrows,,,0.048,,SandBoxCore/ModuleData/items/weapons.xml,Arrow,24.0,0.0,10.0,,97.0,,,3.0,Pierce,,,,,,,,,,
bodkin_arrows_c,Light Bodkin Arrows,Item,Arrows,,,0.048,,SandBoxCore/ModuleData/items/weapons.xml,Arrow,21.0,0.0,10.0,,97.0,,,3.0,Pierce,,,,,,,,,,
steppe_arrows,Steppe Arrows,Item,Arrows,,khuzait,0.036,,SandBoxCore/ModuleData/items/weapons.xml,Arrow,24.0,0.0,10.0,,97.0,,,2.0,Pierce,,,,,,,,,,
heavy_steppe_arrows,Stacked Steppe Arrows,Item,Arrows,,khuzait,0.036,,SandBoxCore/ModuleData/items/weapons.xml,Arrow,36.0,0.0,10.0,,97.0,,,2.0,Pierce,,,,,,,,,,
barbed_arrows,Barbed Arrows,Item,Arrows,,,0.05,,SandBoxCore/ModuleData/items/weapons.xml,Arrow,20.0,0.0,10.0,,97.0,,,1.0,Pierce,,,,,,,,,,
range_arrows,Range Arrows,Item,Arrows,,,0.043,,SandBoxCore/ModuleData/items/weapons.xml,Arrow,27.0,0.0,10.0,,97.0,,,1.0,Pierce,,,,,,,,,,
tournament_arrows,Tournament Arrows,Item,Arrows,,,0.043,,SandBoxCore/ModuleData/items/weapons.xml,Arrow,30.0,0.0,10.0,,97.0,,,0.0,Blunt,,,,,,,,,,
default_arrows,Arrows,Item,Arrows,,,0.043,,SandBoxCore/ModuleData/items/weapons.xml,Arrow,27.0,0.0,10.0,,97.0,,,0.0,Pierce,,,,,,,,,,
tournament_bolts,Tournament Bolts,Item,Bolts,,,0.05,,SandBoxCore/ModuleData/items/weapons.xml,Bolt,20.0,0.0,10.0,,47.0,,,,Blunt,,,,,,,,,,
bolt_a,Light Bolts,Item,Bolts,,,0.05,,SandBoxCore/ModuleData/items/weapons.xml,Bolt,20.0,0.0,10.0,,47.0,,,2.0,Pierce,,,,,,,,,,
bolt_b,Bolts,Item,Bolts,,vlandia,0.08,,SandBoxCore/ModuleData/items/weapons.xml,Bolt,18.0,0.0,10.0,,47.0,,,4.0,Pierce,,,,,,,,,,
bolt_c,Heavy Bolts,Item,Bolts,,vlandia,0.04,,SandBoxCore/ModuleData/items/weapons.xml,Bolt,18.0,0.0,10.0,,37.0,,,5.0,Pierce,,,,,,,,,,
bolt_d,Heavy Quarrels,Item,Bolts,,empire,0.06,,SandBoxCore/ModuleData/items/weapons.xml,Bolt,18.0,0.0,10.0,,37.0,,,3.0,Pierce,,,,,,,,,,
bolt_e,Light Quarrels,Item,Bolts,,empire,0.04,,SandBoxCore/ModuleData/items/weapons.xml,Bolt,18.0,0.0,10.0,,37.0,,,1.0,Pierce,,,,,,,,,,
blunt_arrows,Blunt Arrows,Item,Arrows,,khuzait,0.05,,SandBoxCore/ModuleData/items/weapons.xml,Arrow,30.0,0.0,10.0,,95.0,,,2.0,Blunt,,,,,,,,,,
flail,Spiked Flail,Item,OneHandedWeapon,,empire,4.0,4.0,SandBoxCore/ModuleData/items/weapons.xml,Mace,,97.0,0.0,,65.0,6.0,Blunt,,,,,,,,,,,,
flail_b,War Flail,Item,OneHandedWeapon,,empire,4.0,4.0,SandBoxCore/ModuleData/items/weapons.xml,Mace,,97.0,0.0,,65.0,6.0,Blunt,,,,,,,,,,,,
shackle,Shackle,Item,OneHandedWeapon,,empire,4.0,4.0,SandBoxCore/ModuleData/items/weapons.xml,Mace,,160.0,0.0,,65.0,56.0,Blunt,,,,,,,,,,,,
dragon_banner,Dragon Banner,Item,Banner,,empire,0.2,4.0,StoryMode/ModuleData/story_mode_items.xml,,,,,,,,,,,,,,,,,,,,
dragon_banner_center,Dragon Banner First Piece,Item,Banner,,empire,0.2,4.0,StoryMode/ModuleData/story_mode_items.xml,,,,,,,,,,,,,,,,,,,,
dragon_banner_dragonhead,Dragon Banner Second Piece,Item,Banner,,empire,0.2,4.0,StoryMode/ModuleData/story_mode_items.xml,,,,,,,,,,,,,,,,,,,,
dragon_banner_handle,Dragon Banner Third Piece,Item,Banner,,empire,0.2,4.0,StoryMode/ModuleData/story_mode_items.xml,,,,,,,,,,,,,,,,,,,,
nord_banner_a_t1,Axe Breaker Banner,Item,Banner,,nord,0.2,,NavalDLC/ModuleData/banners.xml,,,,,,,,,,,,,,,,,,,,
nord_banner_a_t2,Sword Breaker Banner,Item,Banner,,nord,0.2,,NavalDLC/ModuleData/banners.xml,,,,,,,,,,,,,,,,,,,,
nord_banner_a_t3,Lance Breaker Banner,Item,Banner,,nord,0.2,,NavalDLC/ModuleData/banners.xml,,,,,,,,,,,,,,,,,,,,
nord_banner_b_t1,Land-Waster Banner,Item,Banner,,nord,0.2,,NavalDLC/ModuleData/banners.xml,,,,,,,,,,,,,,,,,,,,
nord_banner_b_t2,Shield-Splinterer Banner,Item,Banner,,nord,0.2,,NavalDLC/ModuleData/banners.xml,,,,,,,,,,,,,,,,,,,,
nord_banner_b_t3,Blood-Spiller Banner,Item,Banner,,nord,0.2,,NavalDLC/ModuleData/banners.xml,,,,,,,,,,,,,,,,,,,,
northman_raider_armor,Northern Raider Armor,Item,BodyArmor,,nord,23.0,,NavalDLC/ModuleData/items.xml,,,,,,,,,,,,,,45.0,12.0,22.0,,,,
naval_strappy_tunic,Nordic Luxury Tunic,Item,BodyArmor,,nord,5.0,,NavalDLC/ModuleData/items.xml,,,,,,,,,,,,,,18.0,4.0,6.0,,,,
nord_chainmail_armor,Nordic Heavy Mail Armor,Item,BodyArmor,,nord,22.0,,NavalDLC/ModuleData/items.xml,,,,,,,,,,,,,,42.0,20.0,20.0,,,,
double_belted_leather_armor,Long Leather Vest,Item,BodyArmor,,nord,6.0,,NavalDLC/ModuleData/items.xml,,,,,,,,,,,,,,18.0,4.0,8.0,,,,
norse_chainmail_pleatedtrousers,Norse Chainmail,Item,BodyArmor,,nord,16.0,,NavalDLC/ModuleData/items.xml,,,,,,,,,,,,,,40.0,6.0,17.0,,,,
heavy_gambeson_armor,Mariner Heavy Gambeson,Item,BodyArmor,,nord,6.5,,NavalDLC/ModuleData/items.xml,,,,,,,,,,,,,,22.0,8.0,8.0,,,,
pirate_tier_3_armor,Sky Chain Armor,Item,BodyArmor,,nord,20.0,,NavalDLC/ModuleData/items.xml,,,,,,,,,,,,,,40.0,6.0,6.0,,,,
heavy_gambeson_armor_plain,Mariner Gambeson,Item,BodyArmor,,nord,5.0,,NavalDLC/ModuleData/items.xml,,,,,,,,,,,,,,15.0,4.0,4.0,,,,
nordic_chainmail_a,Nordic Long Heavy Mail,Item,BodyArmor,body_armor,nord,18.0,,NavalDLC/ModuleData/items.xml,,,,,,,,,,,,,,35.0,10.0,12.0,,,,
nordic_chainmail_c,Reinforced Mail Coat,Item,BodyArmor,body_armor,nord,18.0,,NavalDLC/ModuleData/items.xml,,,,,,,,,,,,,,37.0,10.0,15.0,,,,
strapped_jackboots,Strapped Jackboots,Item,LegArmor,,nord,0.7,,NavalDLC/ModuleData/items.xml,,,,,,,,,,,,,,,,7.0,,,,
northman_raider_boot,Northern Raider Boots,Item,LegArmor,,nord,0.4,,NavalDLC/ModuleData/items.xml,,,,,,,,,,,,,,,,7.0,,,,
splinted_bracers,Splinted Bracers,Item,HandArmor,,nord,1.1,,NavalDLC/ModuleData/items.xml,,,,,,,,,,,,,,,7.0,,,,,
mail_mitten_d,Reinforced Northern Mail Mittens,Item,HandArmor,,nord,1.7,,NavalDLC/ModuleData/items.xml,,,,,,,,,,,,,,,28.0,,,,,
mail_mitten_g,Mail Mittens with Leather Reinforcement,Item,HandArmor,,nord,1.7,,NavalDLC/ModuleData/items.xml,,,,,,,,,,,,,,,26.0,,,,,
northman_wrist_armor,Northmen Raider Wrist Guards,Item,HandArmor,,nord,1.2,,NavalDLC/ModuleData/items.xml,,,,,,,,,,,,,,,15.0,,,,,
studded_arm_guards,Studded Arm Guards,Item,HandArmor,,nord,1.1,,NavalDLC/ModuleData/items.xml,,,,,,,,,,,,,,,10.0,,,,,
fur_cape_a,Nordic Furry Mail Cape,Item,Cape,,nord,1.5,,NavalDLC/ModuleData/items.xml,,,,,,,,,,,,,,17.0,8.0,,,,,
fur_cape_b,Nordic Furry Cape,Item,Cape,,nord,1.2,,NavalDLC/ModuleData/items.xml,,,,,,,,,,,,,,8.0,6.0,,,,,
northman_raider_cape,Northmen Raider Heavy Fur Cape,Item,Cape,,nord,2.3,,NavalDLC/ModuleData/items.xml,,,,,,,,,,,,,,19.0,10.0,,,,,
northman_raider_shoulder,Nordic Armored Shoulder Pads,Item,Cape,,nord,4.0,,NavalDLC/ModuleData/items.xml,,,,,,,,,,,,,,16.0,8.0,,,,,
nord_shoulder_b,Northern Lamellar Pauldrons,Item,Cape,,nord,2.7,,NavalDLC/ModuleData/items.xml,,,,,,,,,,,,,,8.0,12.0,,,,,
nord_shoulder_a,Reinforced Lamellar Pauldrons,Item,Cape,,nord,2.5,,NavalDLC/ModuleData/items.xml,,,,,,,,,,,,,,7.0,10.0,,,,,
nord_fur_shoulder,Long Linen Fur Cape,Item,Cape,,nord,3.0,,NavalDLC/ModuleData/items.xml,,,,,,,,,,,,,,13.0,4.0,,,,,
berserker_cloak,Berserker Cloak,Item,Cape,,nord,3.8,,NavalDLC/ModuleData/items.xml,,,,,,,,,,,,,,20.0,5.0,,,,,
chainmail_shoulder_armor_b,Chainmail Shoulder Guards,Item,Cape,,nord,3.0,,NavalDLC/ModuleData/items.xml,,,,,,,,,,,,,,10.0,2.0,,,,,
wolf_shoulder_ulfhedinn,Wolf Pelt Cape,Item,Cape,body_armor,,3.0,,NavalDLC/ModuleData/items.xml,,,,,,,,,,,,,,15.0,6.0,,,,,
berserker_helmet,Berserker Helmet,Item,HeadArmor,berserker_helmet,nord,2.0,,NavalDLC/ModuleData/items.xml,,,,,,,,,,,,,42.0,,,,,,,
wolfhead_ulfhedinn,Reinforced Wolf Head,Item,HeadArmor,head_armor,,3.0,,NavalDLC/ModuleData/items.xml,,,,,,,,,,,,,46.0,,,,,,,
berserker_helmet_reinforced,Berserker Reinforced Helmet,Item,HeadArmor,berserker_helmet_reinforced,nord,3.5,,NavalDLC/ModuleData/items.xml,,,,,,,,,,,,,45.0,,,,,,,
celtic_helmet,Old Guard Helmet,Item,HeadArmor,head_armor,battania,2.5,,NavalDLC/ModuleData/items.xml,,,,,,,,,,,,,35.0,,,,,,,
nord_helmet_a,Ornate Vendel Helmet,Item,HeadArmor,head_armor,nord,3.3,,NavalDLC/ModuleData/items.xml,,,,,,,,,,,,,42.0,,,,,,,
nord_helmet_b,Vendel Noble Helmet,Item,HeadArmor,head_armor,nord,3.2,,NavalDLC/ModuleData/items.xml,,,,,,,,,,,,,40.0,,,,,,,
nord_helmet_c,Brass Vendel Helmet,Item,HeadArmor,head_armor,nord,3.2,,NavalDLC/ModuleData/items.xml,,,,,,,,,,,,,42.0,,,,,,,
nord_helmet_d,Nordic Spectacle Helmet,Item,HeadArmor,head_armor,nord,2.8,,NavalDLC/ModuleData/items.xml,,,,,,,,,,,,,36.0,,,,,,,
nord_helmet_da,Nordic Spectacle Helm over Padded,Item,HeadArmor,head_armor,nord,2.5,,NavalDLC/ModuleData/items.xml,,,,,,,,,,,,,32.0,,,,,,,
nord_helmet_e,Nordic Nasal Helm over Mail,Item,HeadArmor,head_armor,nord,2.3,,NavalDLC/ModuleData/items.xml,,,,,,,,,,,,,33.0,,,,,,,
nord_helmet_ea,Nordic Nasal Helmet,Item,HeadArmor,head_armor,nord,2.2,,NavalDLC/ModuleData/items.xml,,,,,,,,,,,,,26.0,,,,,,,
nord_helmet_f,Nordic Iron Helm over Mail,Item,HeadArmor,head_armor,nord,2.1,,NavalDLC/ModuleData/items.xml,,,,,,,,,,,,,28.0,,,,,,,
nord_helmet_fa,Nordic Iron Helmet,Item,HeadArmor,head_armor,nord,2.0,,NavalDLC/ModuleData/items.xml,,,,,,,,,,,,,24.0,,,,,,,
nasal_helmet,Steel Cap with Nose Guard,Item,,,nord,1.8,,NavalDLC/ModuleData/items.xml,,,,,,,,,,,,,,,,,,,,
lendman_helmet_over_mail,Warlord Helmet over Mail,Item,,,nord,3.1,,NavalDLC/ModuleData/items.xml,,,,,,,,,,,,,,,,,,,,
northern_goggled_helmet,Sea Raider Goggled Helmet,Item,,,nord,3.2,,NavalDLC/ModuleData/items.xml,,,,,,,,,,,,,,,,,,,,
nordic_helmet,Closed Mail Goggled Helmet,Item,,,nord,3.65,,NavalDLC/ModuleData/items.xml,,,,,,,,,,,,,,,,,,,,
goggled_helmet_over_full_mail,Closed Huscarl Helmet,Item,,,nord,4.4,,NavalDLC/ModuleData/items.xml,,,,,,,,,,,,,,,,,,,,
closed_goggled_helmet,Northern Closed Warlord Helmet,Item,,,nord,3.7,,NavalDLC/ModuleData/items.xml,,,,,,,,,,,,,,,,,,,,
goggled_helmet_over_mail,Goggled Helmet over Mail,Item,,,nord,3.4,,NavalDLC/ModuleData/items.xml,,,,,,,,,,,,,,,,,,,,
nordic_civilian_hat,Nordic Civilian Hat,Item,HeadArmor,nordic_civilian_hat,nord,0.5,,NavalDLC/ModuleData/items.xml,,,,,,,,,,,,,7.0,,,,,,,
nordic_civilian_hat_fur_brim,Nordic Civilian Hat with Fur Brim,Item,HeadArmor,nordic_civilian_hat_fur_brim,nord,0.6,,NavalDLC/ModuleData/items.xml,,,,,,,,,,,,,11.0,,,,,,,
nordic_civilian_dress,Nordic Dress,Item,BodyArmor,,nord,4.0,,NavalDLC/ModuleData/items.xml,,,,,,,,,,,,,,8.0,2.0,2.0,,,,
nordic_civilian_dress_plaid,Nordic Plaid Dress,Item,BodyArmor,,nord,4.0,,NavalDLC/ModuleData/items.xml,,,,,,,,,,,,,,8.0,2.0,2.0,,,,
dress_norse_lady,Northern Knotwork Tunic,Item,BodyArmor,,nord,2.0,,NavalDLC/ModuleData/items.xml,,,,,,,,,,,,,,6.0,3.0,3.0,,,,
cape_norse_lady,Northern Fur Cape,Item,Cape,body_armor,nord,1.0,,NavalDLC/ModuleData/items.xml,,,,,,,,,,,,,,6.0,3.0,,,,,
nord_casual_tunic,Nordic Woolen Tunic,Item,BodyArmor,body_armor,nord,2.0,,NavalDLC/ModuleData/items.xml,,,,,,,,,,,,,,9.0,3.0,4.0,,,,
nord_casual_cloak,Long Woolen Cloak,Item,Cape,body_armor,nord,0.5,,NavalDLC/ModuleData/items.xml,,,,,,,,,,,,,,5.0,2.0,,,,,
nord_casual_boots,Short Flap Boots,Item,LegArmor,,nord,0.5,,NavalDLC/ModuleData/items.xml,,,,,,,,,,,,,,,,4.0,,,,
nord_casual_bracers,Leather Bracers,Item,HandArmor,,nord,0.6,,NavalDLC/ModuleData/items.xml,,,,,,,,,,,,,,,9.0,,,,,
nord_poor_civil,Old Linen Tunic,Item,BodyArmor,body_armor,nord,3.0,,NavalDLC/ModuleData/items.xml,,,,,,,,,,,,,,4.0,1.0,1.0,,,,
nord_poor_boot,Worn Leather Boots,Item,LegArmor,,nord,0.5,,NavalDLC/ModuleData/items.xml,,,,,,,,,,,,,,,,3.0,,,,
pirate_a_head,Pirate Turban,Item,HeadArmor,head_armor,aserai,0.5,,NavalDLC/ModuleData/items.xml,,,,,,,,,,,,,4.0,,,,,,,
pirate_tier_2_head,Pirate Turban with Stone,Item,HeadArmor,pirate_tier_2_head,aserai,0.6,,NavalDLC/ModuleData/items.xml,,,,,,,,,,,,,8.0,,,,,,,
pirate_tier_3_head,Pirate Helmet with Turban,Item,HeadArmor,pirate_tier_3_head,aserai,2.3,,NavalDLC/ModuleData/items.xml,,,,,,,,,,,,,30.0,,,,,,,
southern_pirate_head,Corsair Helmet,Item,HeadArmor,southern_pirate_head,aserai,1.3,,NavalDLC/ModuleData/items.xml,,,,,,,,,,,,,7.0,,,,,,,
southern_pirate_turban,Corsair Feathered Helmet,Item,HeadArmor,head_armor,aserai,1.0,,NavalDLC/ModuleData/items.xml,,,,,,,,,,,,,9.0,,,,,,,
pirate_a,Pirate Cloth Armor,Item,BodyArmor,,nord,3.0,,NavalDLC/ModuleData/items.xml,,,,,,,,,,,,,,10.0,4.0,4.0,,,,
pirate_tier_2_body,Pirate Leather Armor,Item,BodyArmor,,nord,5.0,,NavalDLC/ModuleData/items.xml,,,,,,,,,,,,,,15.0,6.0,6.0,,,,
southern_pirate_armor,Corsair Cloth Armor,Item,BodyArmor,,neutral_culture,4.0,,NavalDLC/ModuleData/items.xml,,,,,,,,,,,,,,10.0,5.0,4.0,,,,
tacky_bandit,Gilded Raider Armor,Item,BodyArmor,,aserai,18.0,,NavalDLC/ModuleData/items.xml,,,,,,,,,,,,,,40.0,8.0,8.0,,,,
tacky_bandit_helmet,Feathered Helmet,Item,HeadArmor,tacky_bandit_helmet,aserai,2.5,,NavalDLC/ModuleData/items.xml,,,,,,,,,,,,,29.0,,,,,,,
tacky_bandit_helmet_b,Plumed Bandit Helmet,Item,HeadArmor,tacky_bandit_helmet_b,khuzait,3.0,,NavalDLC/ModuleData/items.xml,,,,,,,,,,,,,35.0,,,,,,,
tacky_bandit_helmet_c,Serpenthide Plume Helmet,Item,HeadArmor,tacky_bandit_helmet_c,aserai,2.0,,NavalDLC/ModuleData/items.xml,,,,,,,,,,,,,22.0,,,,,,,
tacky_bandit_shoulder,Gilded Raider Shoulder,Item,Cape,,aserai,3.0,,NavalDLC/ModuleData/items.xml,,,,,,,,,,,,,,10.0,9.0,,,,,
tacky_bandit_shoulder_b,Plumed Serpenthide Shoulder,Item,Cape,,aserai,2.0,,NavalDLC/ModuleData/items.xml,,,,,,,,,,,,,,7.0,4.0,,,,,
tacky_bandit_bracer,Gilded Raider Bracers,Item,HandArmor,,aserai,1.4,,NavalDLC/ModuleData/items.xml,,,,,,,,,,,,,,,20.0,,,,,
tacky_bandit_boot,Gilded Raider Boots,Item,LegArmor,,aserai,2.6,,NavalDLC/ModuleData/items.xml,,,,,,,,,,,,,,,,18.0,,,,
bandit_hybrid_armor_helmet_a,Raider Fur Helmet,Item,HeadArmor,head_armor,khuzait,0.8,,NavalDLC/ModuleData/items.xml,,,,,,,,,,,,,13.0,,,,,,,
bandit_hybrid_armor_helmet_b,Raider Reinforced Fur Helmet,Item,HeadArmor,head_armor,khuzait,2.1,,NavalDLC/ModuleData/items.xml,,,,,,,,,,,,,22.0,,,,,,,
bandit_hybrid_armor_shoulder_a,Raider Fur Shoulderguard,Item,Cape,body_armor,khuzait,0.85,,NavalDLC/ModuleData/items.xml,,,,,,,,,,,,,,5.0,2.0,,,,,
bandit_hybrid_armor_shoulder_b,Raider Reinforced Shoulderguard,Item,Cape,body_armor,nord,4.0,,NavalDLC/ModuleData/items.xml,,,,,,,,,,,,,,16.0,8.0,,,,,
bandit_hybrid_armor_a,Raider Bronze Clothing,Item,BodyArmor,body_armor,aserai,4.0,,NavalDLC/ModuleData/items.xml,,,,,,,,,,,,,,14.0,2.0,,,,,
bandit_hybrid_armor_b,Raider Iron Clothing,Item,BodyArmor,body_armor,aserai,4.0,,NavalDLC/ModuleData/items.xml,,,,,,,,,,,,,,22.0,2.0,,,,,
bandit_hybrid_armor_c,Raider Clothes,Item,BodyArmor,body_armor,aserai,3.0,,NavalDLC/ModuleData/items.xml,,,,,,,,,,,,,,6.0,2.0,,,,,
bandit_hybrid_armor_gloves_a,Raider Bronze Gloves,Item,HandArmor,,neutral_culture,2.0,,NavalDLC/ModuleData/items.xml,,,,,,,,,,,,,,,18.0,,,,,
bandit_hybrid_armor_boots_a,Raider Bronze Boots,Item,LegArmor,,neutral_culture,2.4,,NavalDLC/ModuleData/items.xml,,,,,,,,,,,,,,,,18.0,,,,
nord_king_armor,Heavy Mastercrafted Northern Armor,Item,BodyArmor,,nord,26.0,,NavalDLC/ModuleData/items.xml,,,,,,,,,,,,,,55.0,18.0,20.0,,,,
nord_king_armor_c,Gilded Shield-Companion Armor,Item,BodyArmor,,nord,21.0,,NavalDLC/ModuleData/items.xml,,,,,,,,,,,,,,40.0,6.0,14.0,,,,
nord_king_armor_d,Mastercrafted Northern Armor,Item,BodyArmor,,nord,25.0,,NavalDLC/ModuleData/items.xml,,,,,,,,,,,,,,50.0,15.0,15.0,,,,
nord_king_armor_b,Reinforced Huscarl Armor,Item,BodyArmor,,nord,24.0,,NavalDLC/ModuleData/items.xml,,,,,,,,,,,,,,48.0,10.0,12.0,,,,
nord_king_crown,Northern Majestic Crown,Item,HeadArmor,head_armor,nord,0.3,,NavalDLC/ModuleData/items.xml,,,,,,,,,,,,,4.0,,,,,,,
nord_king_shoulder_armor,Northern Majestic Shoulder,Item,Cape,,nord,1.0,,NavalDLC/ModuleData/items.xml,,,,,,,,,,,,,,10.0,4.0,,,,,
hybrid_armor_boots_b,Majestic Iron Boots,Item,LegArmor,,nord,2.0,,NavalDLC/ModuleData/items.xml,,,,,,,,,,,,,,,,22.0,,,,
hybrid_armor_gloves_b,Majestic Gloves,Item,HandArmor,,nord,1.8,,NavalDLC/ModuleData/items.xml,,,,,,,,,,,,,,,22.0,,,,,
nord_king_shoulder_armor_b,Gilded Noble Shoulder,Item,Cape,,nord,2.5,,NavalDLC/ModuleData/items.xml,,,,,,,,,,,,,,10.0,2.0,,,,,
stealth_bow,Whispering Shadow,Item,Bow,,,0.45,,NavalDLC/ModuleData/items.xml,Bow,,67.0,54.0,99.0,106.0,,,30.0,Pierce,,,,,,,,,,
stealth_arrow,Whisper Arrows,Item,Arrows,arrows,,0.06,,NavalDLC/ModuleData/items.xml,Arrow,20.0,0.0,5.0,,97.0,,,2.0,Pierce,,,,,,,,,,
nord_shield_tier_2_d,Ropebound Shield,Item,Shield,,nord,4.0,,NavalDLC/ModuleData/items.xml,LargeShield,,85.0,,,70.0,,,5.0,Blunt,390.0,4.0,,,,,,,,
nord_shield_tier_3_a,Leather Round Shield,Item,Shield,,nord,3.2,,NavalDLC/ModuleData/items.xml,LargeShield,,82.0,,,70.0,,,5.0,Blunt,320.0,4.0,,,,,,,,
nord_shield_tier_3_b,Fur Round Shield,Item,Shield,,nord,3.1,,NavalDLC/ModuleData/items.xml,LargeShield,,82.0,,,70.0,,,5.0,Blunt,300.0,4.0,,,,,,,,
nord_shield_tier_4_a,Nordic Decorated Targe,Item,Shield,,nord,4.7,,NavalDLC/ModuleData/items.xml,LargeShield,,82.0,,,70.0,,,5.0,Blunt,440.0,5.0,,,,,,,,
nord_shield_tier_4_b,Nordic Targe,Item,Shield,,nord,4.6,,NavalDLC/ModuleData/items.xml,LargeShield,,82.0,,,70.0,,,5.0,Blunt,435.0,5.0,,,,,,,,
nord_shield_tier_5_a,Steel Cross Shield,Item,Shield,,nord,5.3,,NavalDLC/ModuleData/items.xml,LargeShield,,86.0,,,70.0,,,5.0,Blunt,510.0,5.0,,,,,,,,
nord_shield_tier_5_b,Steel Ornamented Shield,Item,Shield,,nord,5.4,,NavalDLC/ModuleData/items.xml,LargeShield,,86.0,,,70.0,,,5.0,Blunt,520.0,5.0,,,,,,,,
nord_shield_tier_6_a,Decorated Nordic Shield,Item,Shield,,nord,6.2,,NavalDLC/ModuleData/items.xml,LargeShield,,86.0,,,70.0,,,5.0,Blunt,620.0,5.0,,,,,,,,
nord_shield_tier_6_b,Ornamented Nordic Shield,Item,Shield,,nord,6.4,,NavalDLC/ModuleData/items.xml,LargeShield,,88.0,,,70.0,,,5.0,Blunt,660.0,5.0,,,,,,,,
northern_round_shield,Round Shield,Item,,,nord,3.3,,NavalDLC/ModuleData/items.xml,,,,,,,,,,,,,,,,,,,,
ballista_c_projectile,Ballista Arrows,Item,Arrows,arrows,,0.8,,NavalDLC/ModuleData/items.xml,Arrow,20.0,0.0,80.0,,95.0,,,3550.0,Pierce,,,,,,,,,,
ballista_c_projectile_burning,Ballista Arrows,Item,Arrows,arrows,,0.8,,NavalDLC/ModuleData/items.xml,Arrow,20.0,0.0,80.0,,95.0,,,2350.0,Pierce,,,,,,,,,,
burning_arrows,Burning Arrows,Item,Arrows,,,0.043,,NavalDLC/ModuleData/items.xml,Arrow,27.0,0.0,10.0,,97.0,,,1.0,Pierce,,,,,,,,,,
burning_bolts,Burning Bolts,Item,Bolts,,,0.05,1.0,NavalDLC/ModuleData/items.xml,Bolt,25.0,0.0,10.0,,37.0,,,0.0,Pierce,,,,,,,,,,
ballista_c_projectile_pot,Fire Pot,Item,Thrown,arrows,,15.0,,NavalDLC/ModuleData/items.xml,BallistaBoulder,1.0,0.0,8.0,,95.0,,,250.0,,,,,,,,,,,
ballista_c_projectile_stone,Boulder,Item,Thrown,arrows,,15.0,,NavalDLC/ModuleData/items.xml,BallistaBoulder,1.0,0.0,8.0,,95.0,,,1285.0,,,,,,,,,,,
ballista_c_projectile_iron,Iron,Item,Thrown,arrows,,15.0,,NavalDLC/ModuleData/items.xml,BallistaBoulder,1.0,0.0,8.0,,95.0,,,2400.0,,,,,,,,,,,
ballista_c_projectile_grape,Grapeshot Stack,Item,Thrown,arrows,,15.0,,NavalDLC/ModuleData/items.xml,BallistaBoulder,1.0,0.0,8.0,,95.0,,,120.0,,,,,,,,,,,
ballista_c_projectile_grape_projectile,Grapeshot Ammo,Item,Thrown,arrows,,15.0,,NavalDLC/ModuleData/items.xml,BallistaStone,1.0,0.0,8.0,,95.0,,,95.0,,,,,,,,,,,
ballista_c_projectile_grape_fire,Fire Grapeshot Stack,Item,Thrown,arrows,,15.0,,NavalDLC/ModuleData/items.xml,BallistaBoulder,1.0,0.0,8.0,,95.0,,,120.0,,,,,,,,,,,
ballista_c_projectile_grape_fire_projectile,Fire Grapeshot Ammo,Item,Thrown,arrows,,15.0,,NavalDLC/ModuleData/items.xml,BallistaStone,1.0,0.0,8.0,,95.0,,,68.0,,,,,,,,,,,
mangonel_c_boulder,Boulder,Item,Thrown,arrows,,15.0,,NavalDLC/ModuleData/items.xml,BallistaBoulder,1.0,0.0,8.0,,95.0,,,100.0,,,,,,,,,,,
mangonel_c_boulder_projectile,Boulder,Item,Thrown,arrows,,15.0,,NavalDLC/ModuleData/items.xml,BallistaBoulder,1.0,0.0,8.0,,95.0,,,2500.0,,,,,,,,,,,
mangonel_c_pot,Fire Pot,Item,Thrown,arrows,,15.0,,NavalDLC/ModuleData/items.xml,BallistaBoulder,1.0,0.0,8.0,,95.0,,,200.0,,,,,,,,,,,
mangonel_c_pot_projectile,Fire Pot,Item,Thrown,arrows,,15.0,,NavalDLC/ModuleData/items.xml,BallistaBoulder,1.0,0.0,8.0,,95.0,,,2300.0,,,,,,,,,,,
mangonel_c_grapeshot_stack,Grapeshot Stack,Item,Thrown,arrows,,15.0,,NavalDLC/ModuleData/items.xml,BallistaBoulder,1.0,0.0,8.0,,95.0,,,120.0,,,,,,,,,,,
mangonel_c_grapeshot_fire_stack,Grapeshot Stack,Item,Thrown,arrows,,15.0,,NavalDLC/ModuleData/items.xml,BallistaBoulder,1.0,0.0,8.0,,95.0,,,120.0,,,,,,,,,,,
mangonel_c_grapeshot_projectile,Grapeshot Ammo,Item,Thrown,arrows,,15.0,,NavalDLC/ModuleData/items.xml,BallistaBoulder,1.0,0.0,8.0,,95.0,,,250.0,,,,,,,,,,,
mangonel_c_grapeshot_fire_projectile,Grapeshot Ammo,Item,Thrown,arrows,,15.0,,NavalDLC/ModuleData/items.xml,BallistaBoulder,1.0,0.0,8.0,,95.0,,,250.0,,,,,,,,,,,
walrus_tusk,Walrus Tusk{@Plural}loads of walrus tusks{\@},Item,Goods,,,10.0,400.0,NavalDLC/ModuleData/items.xml,,,,,,,,,,,,,,,,,,,,
whale_oil,Whale Oil{@Plural}barrels of whale oil{\@},Item,Goods,,,10.0,200.0,NavalDLC/ModuleData/items.xml,,,,,,,,,,,,,,,,,,,,
improved_assassin_boot_q5,Blackened Boots,Item,LegArmor,,nord,1.0,,NavalDLC/ModuleData/items.xml,,,,,,,,,,,,,,,,25.0,,,,
improved_assassin_armor_q5,Blackened Armor,Item,BodyArmor,body_armor,nord,5.0,,NavalDLC/ModuleData/items.xml,,,,,,,,,,,,,,45.0,20.0,15.0,,,,
improved_assassin_shoulder_q5,Blackened Cape,Item,Cape,body_armor,nord,0.85,,NavalDLC/ModuleData/items.xml,,,,,,,,,,,,,,36.0,12.0,,,,,
improved_assassin_hood_q5,Blackened Hood,Item,HeadArmor,head_armor,nord,0.4,,NavalDLC/ModuleData/items.xml,,,,,,,,,,,,,48.0,,,,,,,
ballista_c_projectile_pot_storyline,Fire Pot,Item,Thrown,arrows,,15.0,,NavalDLC/ModuleData/items.xml,BallistaBoulder,1.0,0.0,8.0,,95.0,,,3500.0,,,,,,,,,,,
hook,Hook,Item,Thrown,,,1.0,,NavalDLC/ModuleData/naval_weapons.xml,Stone,1.0,100.0,20.0,100.0,100.0,,Blunt,0.0,Blunt,,,,,,,,,,
aserai_horse,Dornish Rounsey{@Plural}dornish rounseys{\@},Item,Horse,horse,aserai,400.0,,ROT-Content/ModuleData/items.xml,,,,,,,,,,,,,,,,,54.0,59.0,14.0,10.0
battania_horse,Northern Palfrey{@Plural}northern palfreys{\@},Item,Horse,horse,battania,380.0,,ROT-Content/ModuleData/items.xml,,,,,,,,,,,,,,,,,52.0,57.0,20.0,20.0
empire_horse,Andalos Palfrey{@Plural}andalos palfreys{\@},Item,Horse,horse,empire,390.0,,ROT-Content/ModuleData/items.xml,,,,,,,,,,,,,,,,,53.0,55.0,20.0,10.0
khuzait_horse,Dothraki Palfrey{@Plural}dothraki palfreys{\@},Item,Horse,horse,khuzait,320.0,,ROT-Content/ModuleData/items.xml,,,,,,,,,,,,,,,,,54.0,67.0,16.0,0.0
sturgia_horse,Northern Garron{@Plural}northern garrons{\@},Item,Horse,horse,sturgia,440.0,,ROT-Content/ModuleData/items.xml,,,,,,,,,,,,,,,,,51.0,63.0,18.0,20.0
vlandia_horse,Western Rounsey{@Plural}western rounseys{\@},Item,Horse,horse,vlandia,425.0,,ROT-Content/ModuleData/items.xml,,,,,,,,,,,,,,,,,53.0,61.0,22.0,10.0
t2_aserai_horse,Sand Steed{@Plural}sand steeds{\@},Item,Horse,horse,aserai,360.0,,ROT-Content/ModuleData/items.xml,,,,,,,,,,,,,,,,,60.0,73.0,18.0,20.0
t2_battania_horse,Northern Courser{@Plural}Northern coursers{\@},Item,Horse,horse,battania,450.0,,ROT-Content/ModuleData/items.xml,,,,,,,,,,,,,,,,,55.0,66.0,22.0,70.0
t2_empire_horse,Essosi Charger{@Plural}Essosi chargers{\@},Item,Horse,horse,empire,460.0,,ROT-Content/ModuleData/items.xml,,,,,,,,,,,,,,,,,54.0,60.0,26.0,20.0
t2_khuzait_horse,Dothraki Courser{@Plural}Dothraki coursers{\@},Item,Horse,horse,khuzait,300.0,,ROT-Content/ModuleData/items.xml,,,,,,,,,,,,,,,,,59.0,69.0,19.0,40.0
t2_sturgia_horse,Mountain Garron{@Plural}mountain garrons{\@},Item,Horse,horse,sturgia,450.0,,ROT-Content/ModuleData/items.xml,,,,,,,,,,,,,,,,,57.0,63.0,20.0,30.0
t2_vlandia_horse,Western Courser{@Plural}Western coursers{\@},Item,Horse,horse,vlandia,475.0,,ROT-Content/ModuleData/items.xml,,,,,,,,,,,,,,,,,58.0,58.0,30.0,40.0
t3_aserai_horse,Thoroughbred Sand Steed{@Plural}thoroughbred sand steeds{\@},Item,Horse,horse,aserai,500.0,10000.0,ROT-Content/ModuleData/items.xml,,,,,,,,,,,,,,,,,68.0,73.0,20.0,20.0
t3_battania_horse,Northern Destrier{@Plural}northern destriers{\@},Item,Horse,horse,battania,430.0,10000.0,ROT-Content/ModuleData/items.xml,,,,,,,,,,,,,,,,,62.0,69.0,23.0,90.0
t3_empire_horse,Essosi Thoroughbred Charger{@Plural}Essosi thoroughbred chargers{\@},Item,Horse,horse,empire,520.0,10000.0,ROT-Content/ModuleData/items.xml,,,,,,,,,,,,,,,,,61.0,66.0,28.0,20.0
t3_khuzait_horse,Grass Sea Steed{@Plural}grass sea steeds{\@},Item,Horse,horse,khuzait,460.0,10000.0,ROT-Content/ModuleData/items.xml,,,,,,,,,,,,,,,,,60.0,77.0,20.0,35.0
t3_sturgia_horse,Mountain Destrier{@Plural}mountain destriers{\@},Item,Horse,horse,sturgia,500.0,10000.0,ROT-Content/ModuleData/items.xml,,,,,,,,,,,,,,,,,62.0,71.0,27.0,40.0
t3_vlandia_horse,Western Destrier{@Plural}western destriers{\@},Item,Horse,horse,vlandia,550.0,10000.0,ROT-Content/ModuleData/items.xml,,,,,,,,,,,,,,,,,64.0,68.0,32.0,60.0
noble_horse_southern,Rhyonar Pureblood{@Plural}Rhyonar purebloods{\@},Item,Horse,horse,aserai,485.0,20000.0,ROT-Content/ModuleData/items.xml,,,,,,,,,,,,,,,,,70.0,78.0,34.0,90.0
noble_horse_imperial,Andalos Destrier{@Plural}Andalos destriers{\@},Item,Horse,horse,empire,500.0,20000.0,ROT-Content/ModuleData/items.xml,,,,,,,,,,,,,,,,,68.0,71.0,36.0,90.0
noble_horse_eastern,Khal's Steed{@Plural}Khal's steeds{\@},Item,Horse,horse,khuzait,450.0,20000.0,ROT-Content/ModuleData/items.xml,,,,,,,,,,,,,,,,,70.0,82.0,30.0,100.0
noble_horse_northern,Iceblood Garron{@Plural}iceblood garrons{\@},Item,Horse,horse,sturgia,490.0,20000.0,ROT-Content/ModuleData/items.xml,,,,,,,,,,,,,,,,,68.0,76.0,31.0,90.0
noble_horse_western,King's Destrier{@Plural}king's destriers{\@},Item,Horse,horse,vlandia,540.0,20000.0,ROT-Content/ModuleData/items.xml,,,,,,,,,,,,,,,,,69.0,73.0,36.0,200.0
noble_horse_battania,Northern Thoroughbred Destrier{@Plural}Northern thoroughbred destriers{\@},Item,Horse,horse,battania,420.0,20000.0,ROT-Content/ModuleData/items.xml,,,,,,,,,,,,,,,,,68.0,72.0,37.0,120.0
chariot1,Brown Horse Chariot,Item,Horse,,aserai,370.0,22000.0,ROT-Content/ModuleData/items.xml,,,,,,,,,,,,,,,,,55.0,25.0,200.0,
chariot2,Advanced Brown Horse Chariot,Item,Horse,,aserai,370.0,22000.0,ROT-Content/ModuleData/items.xml,,,,,,,,,,,,,,,,,55.0,25.0,250.0,
chariot3,Black Horse Chariot,Item,Horse,,aserai,370.0,22000.0,ROT-Content/ModuleData/items.xml,,,,,,,,,,,,,,,,,55.0,25.0,200.0,
chariot4,Advanced Black Horse Chariot,Item,Horse,,aserai,370.0,22000.0,ROT-Content/ModuleData/items.xml,,,,,,,,,,,,,,,,,55.0,25.0,250.0,
chariot5,White Horse Chariot,Item,Horse,,aserai,370.0,22000.0,ROT-Content/ModuleData/items.xml,,,,,,,,,,,,,,,,,55.0,25.0,200.0,
chariot6,Advanced White Horse Chariot,Item,Horse,,aserai,150.0,22000.0,ROT-Content/ModuleData/items.xml,,,,,,,,,,,,,,,,,55.0,25.0,250.0,
dual_blades,Dual Blades,Item,OneHandedWeapon,,,0.2,1.0,ROT-Content/ModuleData/items.xml,OneHandedSword,,99.0,0.0,,95.0,50.0,Cut,6.0,Pierce,,,,,,,,,,
dual_blades2,Dual Wield Blade Left,Item,OneHandedWeapon,,,0.2,1.0,ROT-Content/ModuleData/items.xml,OneHandedSword,,99.0,0.0,,95.0,50.0,Cut,6.0,Pierce,,,,,,,,,,
lannister_boots,Lannister Boots,Item,LegArmor,,vlandia,1.5,,ROT-Content/ModuleData/ROTassets.xml,,,,,,,,,,,,,,,,20.0,,,,
lannister_armor,Lannister Armor,Item,BodyArmor,body_armor,vlandia,32.0,,ROT-Content/ModuleData/ROTassets.xml,,,,,,,,,,,,,,45.0,10.0,10.0,,,,
lannister_helmet,Lannister Helmet,Item,HeadArmor,,vlandia,2.5,,ROT-Content/ModuleData/ROTassets.xml,,,,,,,,,,,,,36.0,,,,,,,
north_helmet1,Northern Militia Helmet,Item,HeadArmor,,battania,1.5,,ROT-Content/ModuleData/ROTassets.xml,,,,,,,,,,,,,30.0,,,,,,,
stark_armor,Northern Militia Armor,Item,BodyArmor,body_armor,battania,10.0,,ROT-Content/ModuleData/ROTassets.xml,,,,,,,,,,,,,,25.0,5.0,5.0,,,,
stark_boots,Northern Militia Boots,Item,LegArmor,,battania,1.5,,ROT-Content/ModuleData/ROTassets.xml,,,,,,,,,,,,,,,,15.0,,,,
stark_helmet,Stark Helmet,Item,HeadArmor,,battania,1.5,,ROT-Content/ModuleData/ROTassets.xml,,,,,,,,,,,,,34.0,,,,,,,
unsullied_armor,Unsullied Elite Armor,Item,BodyArmor,body_armor,ghiscari,6.0,,ROT-Content/ModuleData/ROTassets.xml,,,,,,,,,,,,,,45.0,10.0,10.0,,,,
unsullied_soldier_armor,Unsullied Armor,Item,BodyArmor,body_armor,ghiscari,6.0,,ROT-Content/ModuleData/ROTassets.xml,,,,,,,,,,,,,,42.0,10.0,10.0,,,,
unsullied_helmet,Unsullied Helmet,Item,HeadArmor,,ghiscari,1.3,,ROT-Content/ModuleData/ROTassets.xml,,,,,,,,,,,,,38.0,,,,,,,
unsullied_pikeman_helmet,Unsullied Pikeman Helmet,Item,HeadArmor,,ghiscari,1.3,,ROT-Content/ModuleData/ROTassets.xml,,,,,,,,,,,,,36.0,,,,,,,
unsullied_boots,Unsullied Boots,Item,LegArmor,,ghiscari,0.5,,ROT-Content/ModuleData/ROTassets.xml,,,,,,,,,,,,,,,,22.0,,,,
lannister_vambraces,Westerlands Bracers,Item,HandArmor,,vlandia,2.0,,ROT-Content/ModuleData/ROTassets.xml,,,,,,,,,,,,,,,21.0,,,,,
stark_shield,Stark Shield,Item,Shield,,battania,4.7,,ROT-Content/ModuleData/ROTassets.xml,LargeShield,,86.0,,,70.0,,,5.0,Blunt,420.0,9.0,,,,,,,,
dragonstone_helmet,Dragonstone Helmet,Item,HeadArmor,,dragonstone,1.5,,ROT-Content/ModuleData/ROTassets.xml,,,,,,,,,,,,,37.0,,,,,,,
reach_armor,Mercenary Armor,Item,BodyArmor,body_armor,vale,35.0,,ROT-Content/ModuleData/ROTassets.xml,,,,,,,,,,,,,,45.0,9.0,9.0,,,,
nightswatch_boots,Night's Watch Boots,Item,LegArmor,,nightswatch,1.5,,ROT-Content/ModuleData/ROTassets.xml,,,,,,,,,,,,,,,,21.0,,,,
nightswatch_armor2,Night's Watch Armor,Item,BodyArmor,body_armor,nightswatch,15.0,,ROT-Content/ModuleData/ROTassets.xml,,,,,,,,,,,,,,37.0,8.0,8.0,,,,
northern_heavy_helmet,Northern Heavy Helmet,Item,HeadArmor,,battania,2.6,,ROT-Content/ModuleData/ROTassets.xml,,,,,,,,,,,,,36.0,,,,,,,
bolton_armor,Bolton Archer's Leathers,Item,BodyArmor,body_armor,battania,15.0,,ROT-Content/ModuleData/ROTassets.xml,,,,,,,,,,,,,,34.0,9.0,9.0,,,,
karstark_armor,Karstark Armor,Item,BodyArmor,body_armor,battania,15.0,,ROT-Content/ModuleData/ROTassets.xml,,,,,,,,,,,,,,38.0,10.0,10.0,,,,
karstark_lord_armor,Karstark Lord Armor,Item,BodyArmor,body_armor,battania,14.0,,ROT-Content/ModuleData/ROTassets.xml,,,,,,,,,,,,,,45.0,12.0,12.0,,,,
bolton_helmet,Bolton Archer's Helmet,Item,HeadArmor,,battania,2.0,,ROT-Content/ModuleData/ROTassets.xml,,,,,,,,,,,,,31.0,,,,,,,
dany_hair,Danaerys Hair,Item,HeadArmor,,ghiscari,0.2,,ROT-Content/ModuleData/ROTassets.xml,,,,,,,,,,,,,60.0,,,,,,,
dany_dress,Danaerys Dress,Item,BodyArmor,body_armor,ghiscari,3.0,,ROT-Content/ModuleData/ROTassets.xml,,,,,,,,,,,,,,60.0,25.0,15.0,,,,
dany_boots,Danaerys Boots,Item,LegArmor,,ghiscari,1.0,,ROT-Content/ModuleData/ROTassets.xml,,,,,,,,,,,,,,,,22.0,,,,
wildling_medium_armor,Tormund's Fur Armor,Item,BodyArmor,body_armor,freefolk,12.0,,ROT-Content/ModuleData/ROTassets.xml,,,,,,,,,,,,,,43.0,14.0,14.0,,,,
ygritte_armor,Ygritte's Fur Armor,Item,BodyArmor,body_armor,freefolk,12.0,,ROT-Content/ModuleData/ROTassets.xml,,,,,,,,,,,,,,43.0,14.0,14.0,,,,
wight_armor2,Wight Armor 2,Item,BodyArmor,body_armor,looters,15.0,,ROT-Content/ModuleData/ROTassets.xml,,,,,,,,,,,,,,24.0,6.0,6.0,,,,
wight_armor3,Wight Armor 3,Item,BodyArmor,body_armor,looters,15.0,,ROT-Content/ModuleData/ROTassets.xml,,,,,,,,,,,,,,30.0,8.0,8.0,,,,
northern_helmet2,Northern Helmet 2,Item,HeadArmor,,battania,2.0,,ROT-Content/ModuleData/ROTassets.xml,,,,,,,,,,,,,35.0,,,,,,,
northern_shoulder,Northern Shoulders,Item,Cape,,battania,4.0,,ROT-Content/ModuleData/ROTassets.xml,,,,,,,,,,,,,,14.0,7.0,,,,,
unsullied_shield,Unsullied Shield,Item,Shield,,ghiscari,2.0,,ROT-Content/ModuleData/ROTassets.xml,LargeShield,,92.0,,,70.0,,,,Blunt,500.0,1.0,,,,,,,,
unsullied_pikeman_shield,Unsullied Pikeman Shield,Item,Shield,,ghiscari,2.0,,ROT-Content/ModuleData/ROTassets.xml,LargeShield,,92.0,,,40.0,,,,Blunt,400.0,1.0,,,,,,,,
lannister_cape,Lannister Cape,Item,Cape,body_armor,vlandia,1.5,,ROT-Content/ModuleData/ROTassets.xml,,,,,,,,,,,,,,10.0,,,,,,
nw_cloak,Night's Watch Cloak,Item,Cape,body_armor,nightswatch,,1200.0,ROT-Content/ModuleData/ROTassets.xml,,,,,,,,,,,,,,13.0,,,,,,
nw_cloak2,Night's Watch Cloak 2,Item,Cape,body_armor,nightswatch,2.2,,ROT-Content/ModuleData/ROTassets.xml,,,,,,,,,,,,,,13.0,,,,,,
northern_gorget,Northern Gorget,Item,Cape,,battania,3.0,,ROT-Content/ModuleData/ROTassets.xml,,,,,,,,,,,,,,14.0,,,,,,
stark_armor_female,Northern Woman's Armor,Item,BodyArmor,body_armor,battania,15.0,,ROT-Content/ModuleData/ROTassets.xml,,,,,,,,,,,,,,35.0,10.0,10.0,,,,
reach_cape,Reach Cape,Item,Cape,body_armor,reach,1.5,,ROT-Content/ModuleData/ROTassets.xml,,,,,,,,,,,,,,10.0,,,,,,
storm_cape,Stormland's Cape,Item,Cape,body_armor,stormlands,1.5,,ROT-Content/ModuleData/ROTassets.xml,,,,,,,,,,,,,,10.0,,,,,,
wild_gloves,Wildling Gloves,Item,HandArmor,,freefolk,1.5,,ROT-Content/ModuleData/ROTassets.xml,,,,,,,,,,,,,,,20.0,,,,,
reach_armor3,House Tyrell Armor,Item,BodyArmor,body_armor,reach,35.0,,ROT-Content/ModuleData/ROTassets.xml,,,,,,,,,,,,,,50.0,10.0,10.0,,,,
dayne_helmet,Targaryen Kingsguard Helmet,Item,HeadArmor,,crownlands,2.0,,ROT-Content/ModuleData/ROTassets.xml,,,,,,,,,,,,,45.0,,,,,,,
northern_pauldrons,Northern Pauldrons,Item,Cape,,battania,5.0,,ROT-Content/ModuleData/ROTassets.xml,,,,,,,,,,,,,,17.0,12.0,,,,,
dayne_armor,Targaryen Kingsguard Armor,Item,BodyArmor,body_armor,crownlands,34.0,,ROT-Content/ModuleData/ROTassets.xml,,,,,,,,,,,,,,52.0,10.0,10.0,,,,
targ_kingsguard_shoulders,Targaryen Kingsguard Pauldrons,Item,Cape,,crownlands,5.0,,ROT-Content/ModuleData/ROTassets.xml,,,,,,,,,,,,,,16.0,8.0,,,,,
kg_boots,Kingsguard Boots,Item,LegArmor,,crownlands,2.0,,ROT-Content/ModuleData/ROTassets.xml,,,,,,,,,,,,,,,,23.0,,,,
kg_armor,Kingsguard Armor,Item,BodyArmor,body_armor,crownlands,36.0,,ROT-Content/ModuleData/ROTassets.xml,,,,,,,,,,,,,,55.0,12.0,12.0,,,,
kg_helmet,Kingsguard Helmet,Item,HeadArmor,,crownlands,3.0,,ROT-Content/ModuleData/ROTassets.xml,,,,,,,,,,,,,55.0,,,,,,,
kingsguard_gloves,Kingsguard Gloves,Item,HandArmor,,crownlands,1.5,,ROT-Content/ModuleData/ROTassets.xml,,,,,,,,,,,,,,,20.0,,,,,
kingsguard_bracers,Kingsguard Bracers,Item,HandArmor,,crownlands,2.0,,ROT-Content/ModuleData/ROTassets.xml,,,,,,,,,,,,,,,22.0,,,,,
kingsguard_gloves_with_bracers,Kingsguard Bracers with Gloves,Item,HandArmor,,crownlands,2.2,,ROT-Content/ModuleData/ROTassets.xml,,,,,,,,,,,,,,,24.0,,,,,
kingsguard_pauldrons,Kingsguard Pauldrons,Item,Cape,,crownlands,5.0,,ROT-Content/ModuleData/ROTassets.xml,,,,,,,,,,,,,,16.0,12.0,,,,,
kingsguard_pauldrons_with_cloak,Kingsguard Pauldrons with Cloak,Item,Cape,,crownlands,5.5,,ROT-Content/ModuleData/ROTassets.xml,,,,,,,,,,,,,,18.0,12.0,,,,,
kg_boots2,Kingsguard Boots 2,Item,LegArmor,,crownlands,1.0,,ROT-Content/ModuleData/ROTassets.xml,,,,,,,,,,,,,,,,23.0,,,,
kg_armor2,Kingsguard Armor 2,Item,BodyArmor,body_armor,crownlands,36.0,,ROT-Content/ModuleData/ROTassets.xml,,,,,,,,,,,,,,55.0,12.0,12.0,,,,
kg_helmet2,Kingsguard Helmet 2,Item,HeadArmor,,crownlands,3.0,,ROT-Content/ModuleData/ROTassets.xml,,,,,,,,,,,,,55.0,,,,,,,
kingsguard_pauldrons_with_cloak2,Kingsguard Pauldrons with Cloak 2,Item,Cape,,crownlands,5.5,,ROT-Content/ModuleData/ROTassets.xml,,,,,,,,,,,,,,18.0,12.0,,,,,
kingsguard_bracers2,Kingsguard Bracers 2,Item,HandArmor,,crownlands,2.0,,ROT-Content/ModuleData/ROTassets.xml,,,,,,,,,,,,,,,22.0,,,,,
kingsguard_pauldrons2,Kingsguard Pauldrons 2,Item,Cape,,crownlands,5.0,,ROT-Content/ModuleData/ROTassets.xml,,,,,,,,,,,,,,16.0,12.0,,,,,
stormlands_helmet,Stormlands Helmet,Item,HeadArmor,,stormlands,1.5,,ROT-Content/ModuleData/ROTassets.xml,,,,,,,,,,,,,37.0,,,,,,,
reach_helmet,Reach Archer's Helmet,Item,HeadArmor,,reach,1.2,,ROT-Content/ModuleData/ROTassets.xml,,,,,,,,,,,,,30.0,,,,,,,
riverlands_armor,Riverlands Armor,Item,BodyArmor,body_armor,river,12.0,,ROT-Content/ModuleData/ROTassets.xml,,,,,,,,,,,,,,37.0,13.0,13.0,,,,
tully_shoulders,Tully Shoulders,Item,Cape,,river,2.0,,ROT-Content/ModuleData/ROTassets.xml,,,,,,,,,,,,,,15.0,7.0,,,,,
riverlands_shoulders,Riverlands Shoulders,Item,Cape,,river,2.0,,ROT-Content/ModuleData/ROTassets.xml,,,,,,,,,,,,,,14.0,6.0,,,,,
riverlands_shoulders2,Riverlands Shoulders 2,Item,Cape,,river,2.0,,ROT-Content/ModuleData/ROTassets.xml,,,,,,,,,,,,,,14.0,6.0,,,,,
riverlands_coif,Riverlands Coif,Item,HeadArmor,,river,0.8,,ROT-Content/ModuleData/ROTassets.xml,,,,,,,,,,,,,31.0,,,,,,,
riverlands_boots,Riverlands Boots,Item,LegArmor,,river,1.5,,ROT-Content/ModuleData/ROTassets.xml,,,,,,,,,,,,,,,,21.0,,,,
blackfish_shoulders,Blackfish Shoulders,Item,Cape,,river,2.0,,ROT-Content/ModuleData/ROTassets.xml,,,,,,,,,,,,,,15.0,7.0,,,,,
riverlands_noble_armor,Riverlands Noble Armor,Item,BodyArmor,body_armor,river,11.0,,ROT-Content/ModuleData/ROTassets.xml,,,,,,,,,,,,,,44.0,14.0,14.0,,,,
blackfish_armor,Blackfish Armor,Item,BodyArmor,body_armor,river,11.0,,ROT-Content/ModuleData/ROTassets.xml,,,,,,,,,,,,,,44.0,14.0,14.0,,,,
dragonstone_helmet_strap,Dragonstone Helmet with Strap,Item,HeadArmor,,dragonstone,1.6,,ROT-Content/ModuleData/ROTassets.xml,,,,,,,,,,,,,38.0,,,,,,,
jon_snow_gorget,Stark Gorget,Item,Cape,,battania,2.5,,ROT-Content/ModuleData/ROTassets.xml,,,,,,,,,,,,,,15.0,,,,,,
jon_snow_boots,Northern Leather Boots,Item,LegArmor,,battania,1.4,,ROT-Content/ModuleData/ROTassets.xml,,,,,,,,,,,,,,,,20.0,,,,
westerlands_armor,Westerlands Armor,Item,BodyArmor,body_armor,vlandia,32.0,,ROT-Content/ModuleData/ROTassets.xml,,,,,,,,,,,,,,45.0,9.0,9.0,,,,
westerlands_gorget,Westerlands Gorget,Item,Cape,,vlandia,3.0,,ROT-Content/ModuleData/ROTassets.xml,,,,,,,,,,,,,,14.0,,,,,,
lannister_shield,Lannister Shield,Item,Shield,,vlandia,5.0,,ROT-Content/ModuleData/ROTassets.xml,LargeShield,,86.0,,,70.0,,,5.0,Blunt,400.0,8.0,,,,,,,,
targ_shield,Targaryen Shield,Item,Shield,,valyrian,4.7,,ROT-Content/ModuleData/ROTassets.xml,LargeShield,,86.0,,,70.0,,,5.0,Blunt,400.0,7.0,,,,,,,,
wildling_shield1,Wildling Shield,Item,Shield,,freefolk,4.7,,ROT-Content/ModuleData/ROTassets.xml,LargeShield,,86.0,,,70.0,,,5.0,Blunt,300.0,4.0,,,,,,,,
wildling_shield2,Wildling Shield 2,Item,Shield,,battania,4.7,,ROT-Content/ModuleData/ROTassets.xml,LargeShield,,86.0,,,70.0,,,5.0,Blunt,420.0,9.0,,,,,,,,
targaryen_shield3,Targaryen Shield 3,Item,Shield,,valyrian,4.7,,ROT-Content/ModuleData/ROTassets.xml,LargeShield,,82.0,,,95.0,,,,Blunt,370.0,1.0,,,,,,,,
targaryen_shield2,Targaryen Shield 2,Item,Shield,,ghiscari,4.7,,ROT-Content/ModuleData/ROTassets.xml,LargeShield,,82.0,,,95.0,,,,Blunt,370.0,1.0,,,,,,,,
stark_helmet_2,Stark Helmet 2,Item,HeadArmor,,battania,1.5,,ROT-Content/ModuleData/ROTassets.xml,,,,,,,,,,,,,36.0,,,,,,,
stark_helmet_3,Stark Helmet 3,Item,HeadArmor,,battania,2.5,,ROT-Content/ModuleData/ROTassets.xml,,,,,,,,,,,,,38.0,6.0,,,,,,
stark_armor_1,Northern Armor 1,Item,BodyArmor,body_armor,battania,14.0,,ROT-Content/ModuleData/ROTassets.xml,,,,,,,,,,,,,,38.0,10.0,10.0,,,,
stark_armor_2,Stark Armor 1,Item,BodyArmor,body_armor,battania,14.0,,ROT-Content/ModuleData/ROTassets.xml,,,,,,,,,,,,,,38.0,10.0,10.0,,,,
stark_armor_3,Northern Armor 2,Item,BodyArmor,body_armor,battania,14.0,,ROT-Content/ModuleData/ROTassets.xml,,,,,,,,,,,,,,38.0,10.0,10.0,,,,
stark_armor_4,Stark Armor 2,Item,BodyArmor,body_armor,battania,14.0,,ROT-Content/ModuleData/ROTassets.xml,,,,,,,,,,,,,,38.0,10.0,10.0,,,,
stark_boots_1,Stark Boots 1,Item,LegArmor,,battania,1.5,,ROT-Content/ModuleData/ROTassets.xml,,,,,,,,,,,,,,,,20.0,,,,
stark_boots_2,Stark Boots 2,Item,LegArmor,,battania,1.5,,ROT-Content/ModuleData/ROTassets.xml,,,,,,,,,,,,,,,,20.0,,,,
stannis_cape,Stannis Cape,Item,Cape,body_armor,dragonstone,1.5,,ROT-Content/ModuleData/ROTassets.xml,,,,,,,,,,,,,,12.0,,,,,,
dragonstone_boots,Dragonstone Boots,Item,LegArmor,,dragonstone,1.5,,ROT-Content/ModuleData/ROTassets.xml,,,,,,,,,,,,,,,,20.0,,,,
dragonstone_armor,Dragonstone Armor,Item,BodyArmor,body_armor,dragonstone,23.0,,ROT-Content/ModuleData/ROTassets.xml,,,,,,,,,,,,,,40.0,8.0,10.0,,,,
stannis_armor,Stannis Armor,Item,BodyArmor,body_armor,dragonstone,22.0,,ROT-Content/ModuleData/ROTassets.xml,,,,,,,,,,,,,,54.0,15.0,15.0,,,,
jonsnow_armor,Northern Elite Leathers,Item,BodyArmor,body_armor,battania,13.0,,ROT-Content/ModuleData/ROTassets.xml,,,,,,,,,,,,,,40.0,10.0,12.0,,,,
hughes_armor,Northern Elite Leathers 2,Item,BodyArmor,body_armor,battania,12.0,,ROT-Content/ModuleData/ROTassets.xml,,,,,,,,,,,,,,40.0,10.0,12.0,,,,
jonsnow_vambraces,Northern Vambraces,Item,HandArmor,,battania,2.0,,ROT-Content/ModuleData/ROTassets.xml,,,,,,,,,,,,,,,22.0,,,,,
hughes_vambraces,Northern Vambraces 2,Item,HandArmor,,battania,2.0,,ROT-Content/ModuleData/ROTassets.xml,,,,,,,,,,,,,,,24.0,,,,,
bolton_boots,Bolton Boots,Item,LegArmor,,battania,1.5,,ROT-Content/ModuleData/ROTassets.xml,,,,,,,,,,,,,,,,20.0,,,,
dayne_boots,Targaryen Kingsguard Boots,Item,LegArmor,,crownlands,1.5,,ROT-Content/ModuleData/ROTassets.xml,,,,,,,,,,,,,,,,21.0,,,,
ironborn_armor,Ironborn Armor,Item,BodyArmor,body_armor,sturgia,32.0,,ROT-Content/ModuleData/ROTassets.xml,,,,,,,,,,,,,,45.0,10.0,10.0,,,,
greyjoy_armor,Greyjoy Armor,Item,BodyArmor,body_armor,sturgia,32.0,,ROT-Content/ModuleData/ROTassets.xml,,,,,,,,,,,,,,45.0,10.0,10.0,,,,
ironborn_boots,Ironborn Boots,Item,LegArmor,,sturgia,2.0,,ROT-Content/ModuleData/ROTassets.xml,,,,,,,,,,,,,,,,22.0,,,,
ironborn_helmet,Ironborn Helmet,Item,HeadArmor,,sturgia,1.5,,ROT-Content/ModuleData/ROTassets.xml,,,,,,,,,,,,,35.0,,,,,,,
ironborn_pauldrons,Ironborn Pauldrons,Item,Cape,,sturgia,4.0,,ROT-Content/ModuleData/ROTassets.xml,,,,,,,,,,,,,,14.0,7.0,,,,,
dorne_helmet,Dornish Turban,Item,HeadArmor,,aserai,1.0,,ROT-Content/ModuleData/ROTassets.xml,,,,,,,,,,,,,25.0,,,,,,,
dorne_armor,Martell Cloth Armor,Item,BodyArmor,body_armor,aserai,8.0,,ROT-Content/ModuleData/ROTassets.xml,,,,,,,,,,,,,,28.0,6.0,6.0,,,,
greyjoy_shield,Greyjoy Shield,Item,Shield,,sturgia,6.5,,ROT-Content/ModuleData/ROTassets.xml,LargeShield,,82.0,,,70.0,,,5.0,Blunt,510.0,1.0,,,,,,,,
nightking_armor,Night King Armor,Item,BodyArmor,body_armor,looters,2.0,,ROT-Content/ModuleData/ROTassets.xml,,,,,,,,,,,,,,70.0,30.0,30.0,,,,
nightking_boots,White Walker Boots,Item,LegArmor,,looters,1.0,,ROT-Content/ModuleData/ROTassets.xml,,,,,,,,,,,,,,,,25.0,,,,
nightking_bracers,White Walker Bracers,Item,HandArmor,,looters,1.0,,ROT-Content/ModuleData/ROTassets.xml,,,,,,,,,,,,,,,25.0,,,,,
thenn_boots,Thenn Boots,Item,LegArmor,,freefolk,1.5,,ROT-Content/ModuleData/ROTassets.xml,,,,,,,,,,,,,,,,21.0,,,,
thenn_pauldrons,Wildling Pauldrons,Item,Cape,,freefolk,4.0,,ROT-Content/ModuleData/ROTassets.xml,,,,,,,,,,,,,,14.0,6.0,,,,,
sarnor_armor,Sarnori Armor,Item,BodyArmor,body_armor,empire,20.0,,ROT-Content/ModuleData/ROTassets.xml,,,,,,,,,,,,,,40.0,9.0,9.0,,,,
sarnor_boots,Sarnor Sandals,Item,LegArmor,,empire,0.5,,ROT-Content/ModuleData/ROTassets.xml,,,,,,,,,,,,,,,,15.0,,,,
hound_armor,Hound Armor,Item,BodyArmor,body_armor,vlandia,38.0,,ROT-Content/ModuleData/ROTassets.xml,,,,,,,,,,,,,,54.0,15.0,12.0,,,,
hound_boots,Hound Boots,Item,LegArmor,,vlandia,3.0,,ROT-Content/ModuleData/ROTassets.xml,,,,,,,,,,,,,,,,24.0,,,,
melisandre_dress,Melisandre Dress,Item,BodyArmor,body_armor,dragonstone,3.0,,ROT-Content/ModuleData/ROTassets.xml,,,,,,,,,,,,,,50.0,25.0,15.0,,,,
giant_garb,Giant King Armor,Item,BodyArmor,body_armor,freefolk,50.0,,ROT-Content/ModuleData/ROTassets.xml,,,,,,,,,,,,,,80.0,20.0,20.0,,,,
giant_boots,Giant Boots,Item,LegArmor,,freefolk,7.0,,ROT-Content/ModuleData/ROTassets.xml,,,,,,,,,,,,,,,,40.0,,,,
giant_handwraps,Giant Handwraps,Item,HandArmor,,freefolk,4.0,,ROT-Content/ModuleData/ROTassets.xml,,,,,,,,,,,,,,,30.0,,,,,
vale_knight_armor,Plate Armor 2,Item,BodyArmor,body_armor,vale,35.0,,ROT-Content/ModuleData/ROTassets.xml,,,,,,,,,,,,,,48.0,11.0,11.0,,,,
vale_helmet,Vale Helmet,Item,HeadArmor,,vale,1.5,,ROT-Content/ModuleData/ROTassets.xml,,,,,,,,,,,,,37.0,,,,,,,
vale_shoulders,Plate Pauldrons 2,Item,Cape,,vale,5.0,,ROT-Content/ModuleData/ROTassets.xml,,,,,,,,,,,,,,15.0,8.0,,,,,
reach_armor2,Reach Soldier Armor,Item,BodyArmor,body_armor,reach,20.0,,ROT-Content/ModuleData/ROTassets.xml,,,,,,,,,,,,,,37.0,11.0,11.0,,,,
reach_pauldrons,Reach Pauldrons,Item,Cape,,reach,4.0,,ROT-Content/ModuleData/ROTassets.xml,,,,,,,,,,,,,,14.0,6.0,,,,,
reach_helmet2,Reach Helmet,Item,HeadArmor,,reach,1.5,,ROT-Content/ModuleData/ROTassets.xml,,,,,,,,,,,,,37.0,,,,,,,
cersei_crown,Cersei's Crown,Item,HeadArmor,,crownlands,0.35,,ROT-Content/ModuleData/ROTassets.xml,,,,,,,,,,,,,75.0,,,,,,,
cersei_dress,Cersei's Dress,Item,BodyArmor,body_armor,crownlands,3.0,,ROT-Content/ModuleData/ROTassets.xml,,,,,,,,,,,,,,50.0,25.0,15.0,,,,
margaery_dress,Margaery's Dress,Item,BodyArmor,body_armor,reach,3.0,,ROT-Content/ModuleData/ROTassets.xml,,,,,,,,,,,,,,50.0,25.0,15.0,,,,
stormlands_shoulders,Stormlands Shoulders,Item,Cape,,stormlands,4.0,,ROT-Content/ModuleData/ROTassets.xml,,,,,,,,,,,,,,14.0,7.0,,,,,
stormlands_shoulders2,Stormlands Shoulders 2,Item,Cape,,stormlands,4.0,,ROT-Content/ModuleData/ROTassets.xml,,,,,,,,,,,,,,14.0,7.0,,,,,
stormlands_gorget,Stormlands Gorget,Item,Cape,,stormlands,3.0,,ROT-Content/ModuleData/ROTassets.xml,,,,,,,,,,,,,,14.0,,,,,,
stormlands_gorget2,Stormlands Gorget 2,Item,Cape,,stormlands,3.0,,ROT-Content/ModuleData/ROTassets.xml,,,,,,,,,,,,,,14.0,,,,,,
stormlands_armor,Stormlands Armor,Item,BodyArmor,body_armor,stormlands,15.0,,ROT-Content/ModuleData/ROTassets.xml,,,,,,,,,,,,,,38.0,11.0,11.0,,,,
tyrion_clothes,Tyrion's Clothes,Item,BodyArmor,body_armor,ghiscari,4.0,,ROT-Content/ModuleData/ROTassets.xml,,,,,,,,,,,,,,45.0,15.0,15.0,,,,
tyrion_boots,Tyrion's Boots,Item,LegArmor,,ghiscari,1.0,,ROT-Content/ModuleData/ROTassets.xml,,,,,,,,,,,,,,,,15.0,,,,
varys_clothes,Varys Clothes,Item,BodyArmor,body_armor,crownlands,4.0,,ROT-Content/ModuleData/ROTassets.xml,,,,,,,,,,,,,,45.0,15.0,15.0,,,,
varys_shoes,Varys Shoes,Item,LegArmor,,crownlands,1.0,,ROT-Content/ModuleData/ROTassets.xml,,,,,,,,,,,,,,,,15.0,,,,
baelish_clothes,Baelish Clothes,Item,BodyArmor,body_armor,crownlands,4.0,,ROT-Content/ModuleData/ROTassets.xml,,,,,,,,,,,,,,45.0,15.0,15.0,,,,
baelish_boots,Baelish Boots,Item,LegArmor,,baelish,1.0,,ROT-Content/ModuleData/ROTassets.xml,,,,,,,,,,,,,,,,15.0,,,,
stark_plate_boots,Stark Plate Boots,Item,LegArmor,,battania,3.5,,ROT-Content/ModuleData/ROTassets.xml,,,,,,,,,,,,,,,,26.0,,,,
baratheon_gambeson,Baratheon Gambeson,Item,BodyArmor,body_armor,stormlands,10.0,,ROT-Content/ModuleData/ROTassets.xml,,,,,,,,,,,,,,28.0,12.0,8.0,,,,
stormlands_gambeson,Beige Gambeson,Item,BodyArmor,body_armor,stormlands,10.0,,ROT-Content/ModuleData/ROTassets.xml,,,,,,,,,,,,,,28.0,12.0,8.0,,,,
stark_gambeson,Stark Gambeson,Item,BodyArmor,body_armor,battania,10.0,,ROT-Content/ModuleData/ROTassets.xml,,,,,,,,,,,,,,28.0,12.0,8.0,,,,
baratheon_helmet,Baratheon Helmet,Item,HeadArmor,,stormlands,1.5,,ROT-Content/ModuleData/ROTassets.xml,,,,,,,,,,,,,33.0,,,,,,,
baratheon_helmet_with_mail,Baratheon Helmet with Mail,Item,HeadArmor,,stormlands,2.2,,ROT-Content/ModuleData/ROTassets.xml,,,,,,,,,,,,,37.0,6.0,,,,,,
north_gambeson,Grey Gambeson,Item,BodyArmor,body_armor,battania,10.0,,ROT-Content/ModuleData/ROTassets.xml,,,,,,,,,,,,,,28.0,12.0,8.0,,,,
lannister_gambeson,Lannister Gambeson,Item,BodyArmor,body_armor,vlandia,10.0,,ROT-Content/ModuleData/ROTassets.xml,,,,,,,,,,,,,,28.0,12.0,8.0,,,,
west_gambeson,Red Gambeson,Item,BodyArmor,body_armor,vlandia,10.0,,ROT-Content/ModuleData/ROTassets.xml,,,,,,,,,,,,,,28.0,12.0,8.0,,,,
vale_gambeson,Blue Gambeson,Item,BodyArmor,body_armor,vale,10.0,,ROT-Content/ModuleData/ROTassets.xml,,,,,,,,,,,,,,28.0,12.0,8.0,,,,
reach_gambeson,Green Gambeson,Item,BodyArmor,body_armor,reach,10.0,,ROT-Content/ModuleData/ROTassets.xml,,,,,,,,,,,,,,28.0,12.0,8.0,,,,
tarly_gambeson,Tarly Gambeson,Item,BodyArmor,body_armor,reach,10.0,,ROT-Content/ModuleData/ROTassets.xml,,,,,,,,,,,,,,28.0,12.0,8.0,,,,
dragonstone_gambeson,Black Gambeson,Item,BodyArmor,body_armor,dragonstone,10.0,,ROT-Content/ModuleData/ROTassets.xml,,,,,,,,,,,,,,28.0,12.0,8.0,,,,
riverlands_gambeson,Navy Gambeson,Item,BodyArmor,body_armor,river,10.0,,ROT-Content/ModuleData/ROTassets.xml,,,,,,,,,,,,,,28.0,12.0,8.0,,,,
baratheon_helmet3,Baratheon Helmet 3,Item,HeadArmor,,stormlands,1.8,,ROT-Content/ModuleData/ROTassets.xml,,,,,,,,,,,,,37.0,,,,,,,
tyrell_shield,Tyrell Shield,Item,Shield,,reach,6.0,,ROT-Content/ModuleData/ROTassets.xml,LargeShield,,82.0,,,70.0,,,5.0,Blunt,430.0,1.0,,,,,,,,
tyrell_helmet,Tyrell Helmet,Item,HeadArmor,,reach,2.2,,ROT-Content/ModuleData/ROTassets.xml,,,,,,,,,,,,,37.0,,,,,,,
mace_helmet,Mace Tyrell Helmet,Item,HeadArmor,,reach,2.1,,ROT-Content/ModuleData/ROTassets.xml,,,,,,,,,,,,,55.0,,,,,,,
norvos_armor,Norvoshi Armor,Item,BodyArmor,body_armor,norvos,18.0,,ROT-Content/ModuleData/ROTassets.xml,,,,,,,,,,,,,,38.0,10.0,10.0,,,,
norvoshi_priest_armor,Bearded Priest Armor,Item,BodyArmor,body_armor,norvos,24.0,,ROT-Content/ModuleData/ROTassets.xml,,,,,,,,,,,,,,44.0,11.0,11.0,,,,
norvos_helmet,Norvoshi Helmet,Item,HeadArmor,,norvos,1.5,,ROT-Content/ModuleData/ROTassets.xml,,,,,,,,,,,,,35.0,,,,,,,
norvoshi_archers_helmet,Norvoshi Archer's Helmet,Item,HeadArmor,,norvos,1.2,,ROT-Content/ModuleData/ROTassets.xml,,,,,,,,,,,,,31.0,,,,,,,
norvoshi_steel_cap,Norvoshi Steel Cap,Item,HeadArmor,,norvos,1.0,,ROT-Content/ModuleData/ROTassets.xml,,,,,,,,,,,,,29.0,,,,,,,
norvoshi_guard_helmet,Norvoshi Acolyte Helmet,Item,HeadArmor,,norvos,1.5,,ROT-Content/ModuleData/ROTassets.xml,,,,,,,,,,,,,37.0,,,,,,,
norvoshi_priest_helmet,Bearded Priest Helmet,Item,HeadArmor,,norvos,1.5,,ROT-Content/ModuleData/ROTassets.xml,,,,,,,,,,,,,45.0,,,,,,,
norvoshi_bracers,Norvoshi Bracers,Item,HandArmor,,norvos,2.0,,ROT-Content/ModuleData/ROTassets.xml,,,,,,,,,,,,,,,20.0,,,,,
norvoshi_priest_bracers,Bearded Priest Bracers,Item,HandArmor,,norvos,2.0,,ROT-Content/ModuleData/ROTassets.xml,,,,,,,,,,,,,,,23.0,,,,,
norvoshi_shoulders,Norvoshi Shoulders,Item,Cape,,norvos,4.0,,ROT-Content/ModuleData/ROTassets.xml,,,,,,,,,,,,,,13.0,8.0,,,,,
norvoshi_priest_shoulders,Bearded Priest Shoulders,Item,Cape,,norvos,4.0,,ROT-Content/ModuleData/ROTassets.xml,,,,,,,,,,,,,,14.0,8.0,,,,,
norvoshi_priest_shoulders_cape,Bearded Priest Shoulders with Cape,Item,Cape,,norvos,4.0,,ROT-Content/ModuleData/ROTassets.xml,,,,,,,,,,,,,,17.0,12.0,,,,,
norvoshi_boots,Norvoshi Boots,Item,LegArmor,,norvos,1.5,,ROT-Content/ModuleData/ROTassets.xml,,,,,,,,,,,,,,,,20.0,,,,
norvoshi_priest_boots,Bearded Priest Boots,Item,LegArmor,,norvos,1.5,,ROT-Content/ModuleData/ROTassets.xml,,,,,,,,,,,,,,,,22.0,,,,
tyrell_bracers,Tyrell Bracers,Item,HandArmor,,reach,2.0,,ROT-Content/ModuleData/ROTassets.xml,,,,,,,,,,,,,,,22.0,,,,,
mace_armor,Mace Tyrell Armor,Item,BodyArmor,body_armor,reach,34.0,,ROT-Content/ModuleData/ROTassets.xml,,,,,,,,,,,,,,55.0,10.0,12.0,,,,
westerlands_pauldrons,Westerlands Pauldrons,Item,Cape,,vlandia,4.0,,ROT-Content/ModuleData/ROTassets.xml,,,,,,,,,,,,,,14.0,7.0,,,,,
mace_bracers,Mace Tyrell Bracers,Item,HandArmor,,reach,2.0,,ROT-Content/ModuleData/ROTassets.xml,,,,,,,,,,,,,,,22.0,,,,,
targ_armor,Valyrian Soldier Armor,Item,BodyArmor,body_armor,valyrian,16.0,,ROT-Content/ModuleData/ROTassets.xml,,,,,,,,,,,,,,37.0,10.0,10.0,,,,
targ_bracers,Valyrian Soldier Bracers,Item,HandArmor,,valyrian,2.0,,ROT-Content/ModuleData/ROTassets.xml,,,,,,,,,,,,,,,22.0,,,,,
targ_pauldrons,Valyrian Soldier Pauldrons,Item,Cape,,valyrian,4.0,,ROT-Content/ModuleData/ROTassets.xml,,,,,,,,,,,,,,14.0,7.0,,,,,
targ_gorget,Valyrian Soldier Gorget,Item,Cape,,valyrian,3.0,,ROT-Content/ModuleData/ROTassets.xml,,,,,,,,,,,,,,14.0,,,,,,
targ_helmet,Valyrian Soldier Helmet,Item,HeadArmor,,valyrian,1.5,,ROT-Content/ModuleData/ROTassets.xml,,,,,,,,,,,,,36.0,,,,,,,
targ_boots,Valyrian Boots,Item,LegArmor,,valyrian,1.5,,ROT-Content/ModuleData/ROTassets.xml,,,,,,,,,,,,,,,,20.0,,,,
manderly_armor,Manderly Armor,Item,BodyArmor,body_armor,battania,35.0,,ROT-Content/ModuleData/ROTassets.xml,,,,,,,,,,,,,,50.0,12.0,12.0,,,,
manderly_helmet,Manderly Helmet,Item,HeadArmor,,battania,1.6,,ROT-Content/ModuleData/ROTassets.xml,,,,,,,,,,,,,44.0,,,,,,,
casterly_armor,Casterly Rock Armor,Item,BodyArmor,body_armor,vlandia,36.0,,ROT-Content/ModuleData/ROTassets.xml,,,,,,,,,,,,,,52.0,12.0,12.0,,,,
casterly_armor2,Casterly Rock Armor 2,Item,BodyArmor,body_armor,vlandia,36.0,,ROT-Content/ModuleData/ROTassets.xml,,,,,,,,,,,,,,52.0,12.0,12.0,,,,
casterly_pauldrons,Casterly Rock Pauldrons,Item,Cape,,vlandia,5.0,,ROT-Content/ModuleData/ROTassets.xml,,,,,,,,,,,,,,16.0,11.0,,,,,
casterly_pauldrons2,Casterly Rock Pauldrons 2,Item,Cape,,vlandia,5.0,,ROT-Content/ModuleData/ROTassets.xml,,,,,,,,,,,,,,16.0,11.0,,,,,
manderly_bracers,House Manderly Bracers,Item,HandArmor,,battania,2.0,,ROT-Content/ModuleData/ROTassets.xml,,,,,,,,,,,,,,,24.0,,,,,
casterly_bracers,Casterly Rock Bracers,Item,HandArmor,,vlandia,2.0,,ROT-Content/ModuleData/ROTassets.xml,,,,,,,,,,,,,,,24.0,,,,,
casterly_bracers2,Casterly Rock Bracers 2,Item,HandArmor,,vlandia,2.0,,ROT-Content/ModuleData/ROTassets.xml,,,,,,,,,,,,,,,24.0,,,,,
casterly_boots,Casterly Rock Boots,Item,LegArmor,,vlandia,3.4,,ROT-Content/ModuleData/ROTassets.xml,,,,,,,,,,,,,,,,26.0,,,,
casterly_boots2,Casterly Rock Boots 2,Item,LegArmor,,vlandia,3.4,,ROT-Content/ModuleData/ROTassets.xml,,,,,,,,,,,,,,,,26.0,,,,
noble_default,Noble Default,Item,HeadArmor,,battania,1.0,,ROT-Content/ModuleData/ROTassets.xml,,,,,,,,,,,,,50.0,,,,,,,
casterly_helmet,Casterly Rock Helmet,Item,HeadArmor,,vlandia,3.0,,ROT-Content/ModuleData/ROTassets.xml,,,,,,,,,,,,,44.0,,,,,,,
casterly_helmet2,Casterly Rock Helmet 2,Item,HeadArmor,,vlandia,3.0,10000.0,ROT-Content/ModuleData/ROTassets.xml,,,,,,,,,,,,,44.0,,,,,,,
mormont_helmet,Mormont Helmet,Item,HeadArmor,,battania,1.5,,ROT-Content/ModuleData/ROTassets.xml,,,,,,,,,,,,,35.0,,,,,,,
dorne_plate,Dornish Plate Armor,Item,BodyArmor,body_armor,aserai,32.0,,ROT-Content/ModuleData/ROTassets.xml,,,,,,,,,,,,,,46.0,8.0,12.0,,,,
martell_plate,Martell Plate Armor,Item,BodyArmor,body_armor,aserai,32.0,,ROT-Content/ModuleData/ROTassets.xml,,,,,,,,,,,,,,46.0,9.0,13.0,,,,
yronwood_plate,Yronwood Plate Armor,Item,BodyArmor,body_armor,aserai,32.0,,ROT-Content/ModuleData/ROTassets.xml,,,,,,,,,,,,,,46.0,9.0,13.0,,,,
dorne_plate_helmet,Dornish Plate Helmet,Item,HeadArmor,,aserai,1.6,,ROT-Content/ModuleData/ROTassets.xml,,,,,,,,,,,,,37.0,,,,,,,
dorne_bracers,Dornish Bracers,Item,HandArmor,,aserai,2.0,,ROT-Content/ModuleData/ROTassets.xml,,,,,,,,,,,,,,,22.0,,,,,
dorne_pauldrons,Dornish Pauldrons,Item,Cape,,aserai,4.0,,ROT-Content/ModuleData/ROTassets.xml,,,,,,,,,,,,,,14.0,7.0,,,,,
dorne_pauldrons2,Dornish Pauldrons 2,Item,Cape,,aserai,4.0,,ROT-Content/ModuleData/ROTassets.xml,,,,,,,,,,,,,,14.0,7.0,,,,,
west_archer_armor,Westerlands Archer Armor,Item,BodyArmor,body_armor,vlandia,10.0,,ROT-Content/ModuleData/ROTassets.xml,,,,,,,,,,,,,,25.0,8.0,8.0,,,,
west_archer_gorget,Lannister Archer's Gorget,Item,Cape,,vlandia,2.0,,ROT-Content/ModuleData/ROTassets.xml,,,,,,,,,,,,,,11.0,,,,,,
west_archers_helmet,Westerlands Archer Helmet,Item,HeadArmor,,vlandia,1.3,,ROT-Content/ModuleData/ROTassets.xml,,,,,,,,,,,,,26.0,,,,,,,
archer_boots,Archer Boots,Item,LegArmor,,vlandia,1.4,,ROT-Content/ModuleData/ROTassets.xml,,,,,,,,,,,,,,,,19.0,,,,
archer_gorget,Archer's Gorget,Item,Cape,,vlandia,2.0,,ROT-Content/ModuleData/ROTassets.xml,,,,,,,,,,,,,,10.0,,,,,,
lannister_helm_open,Lannister Helmet open,Item,HeadArmor,,vlandia,2.4,,ROT-Content/ModuleData/ROTassets.xml,,,,,,,,,,,,,37.0,,,,,,,
lannister_helm_light,Lannister Light Helmet,Item,HeadArmor,,vlandia,2.0,,ROT-Content/ModuleData/ROTassets.xml,,,,,,,,,,,,,32.0,,,,,,,
lannister_gloves,Lannister Gloves,Item,HandArmor,,vlandia,1.5,,ROT-Content/ModuleData/ROTassets.xml,,,,,,,,,,,,,,,20.0,,,,,
lannister_noble_top,Lannister Noble Pauldrons,Item,Cape,,vlandia,5.0,,ROT-Content/ModuleData/ROTassets.xml,,,,,,,,,,,,,,18.0,11.0,,,,,
lannister_noble_armor,Lannister Noble Armor,Item,BodyArmor,body_armor,vlandia,32.0,,ROT-Content/ModuleData/ROTassets.xml,,,,,,,,,,,,,,52.0,12.0,12.0,,,,
lannister_soldier_armor,Lannister Soldier Armor,Item,BodyArmor,body_armor,vlandia,33.0,,ROT-Content/ModuleData/ROTassets.xml,,,,,,,,,,,,,,44.0,12.0,12.0,,,,
lannister_soldier_armor2,Lannister Soldier Armor 2,Item,BodyArmor,body_armor,vlandia,33.0,,ROT-Content/ModuleData/ROTassets.xml,,,,,,,,,,,,,,44.0,12.0,12.0,,,,
lannister_scout_armor,Lannister Scout Armor,Item,BodyArmor,body_armor,vlandia,32.0,,ROT-Content/ModuleData/ROTassets.xml,,,,,,,,,,,,,,43.0,6.0,8.0,,,,
lannister_light_armor,Lannister Light Armor,Item,BodyArmor,body_armor,vlandia,30.0,,ROT-Content/ModuleData/ROTassets.xml,,,,,,,,,,,,,,42.0,6.0,8.0,,,,
lannister_officer_armor,Lannister Officer Armor,Item,BodyArmor,body_armor,vlandia,23.0,,ROT-Content/ModuleData/ROTassets.xml,,,,,,,,,,,,,,51.0,10.0,12.0,,,,
lannister_officer_paul,Lannister Officer Pauldrons,Item,Cape,,vlandia,5.0,,ROT-Content/ModuleData/ROTassets.xml,,,,,,,,,,,,,,17.0,11.0,,,,,
lannister_paul,Lannister Pauldrons,Item,Cape,,vlandia,4.0,,ROT-Content/ModuleData/ROTassets.xml,,,,,,,,,,,,,,14.0,7.0,,,,,
lannister_top,Lannister Heavy Pauldrons,Item,Cape,,vlandia,5.0,,ROT-Content/ModuleData/ROTassets.xml,,,,,,,,,,,,,,17.0,11.0,,,,,
lannister_lion_top,Lannister House Pauldrons,Item,Cape,,vlandia,5.0,,ROT-Content/ModuleData/ROTassets.xml,,,,,,,,,,,,,,18.0,11.0,,,,,
lannister_noble_gorget,Lannister Gorget,Item,Cape,,vlandia,3.0,,ROT-Content/ModuleData/ROTassets.xml,,,,,,,,,,,,,,15.0,,,,,,
west_top,Westerland Heavy Pauldrons,Item,Cape,,vlandia,5.0,,ROT-Content/ModuleData/ROTassets.xml,,,,,,,,,,,,,,17.0,10.0,,,,,
lannister_plate_gloves,Lannister Plate Gloves,Item,HandArmor,,vlandia,2.5,,ROT-Content/ModuleData/ROTassets.xml,,,,,,,,,,,,,,,26.0,,,,,
lannister_noble_vam,Lannister Bracers,Item,HandArmor,,vlandia,2.0,,ROT-Content/ModuleData/ROTassets.xml,,,,,,,,,,,,,,,22.0,,,,,
casterly_helm_light,Light Casterly Helmet,Item,HeadArmor,,vlandia,2.0,,ROT-Content/ModuleData/ROTassets.xml,,,,,,,,,,,,,37.0,,,,,,,
casterly_helm_light2,Light Casterly Helmet 2,Item,HeadArmor,,vlandia,2.0,,ROT-Content/ModuleData/ROTassets.xml,,,,,,,,,,,,,37.0,,,,,,,
bolton_shield,Bolton Shield,Item,Shield,,battania,5.7,,ROT-Content/ModuleData/ROTassets.xml,LargeShield,,82.0,,,70.0,,,5.0,Blunt,510.0,1.0,,,,,,,,
karstark_gorget,Karstark Gorget,Item,Cape,,battania,2.8,,ROT-Content/ModuleData/ROTassets.xml,,,,,,,,,,,,,8.0,14.0,,,,,,
targ_armor2,Valyrian Lord Armor,Item,BodyArmor,body_armor,valyrian,33.0,,ROT-Content/ModuleData/ROTassets.xml,,,,,,,,,,,,,,56.0,10.0,12.0,,,,
targ_gauntlets,Valyrian Plate Gloves,Item,HandArmor,,valyrian,2.4,,ROT-Content/ModuleData/ROTassets.xml,,,,,,,,,,,,,,,26.0,,,,,
targ_lord_pauldrons,Valyrian Lord Pauldrons,Item,Cape,,valyrian,5.0,,ROT-Content/ModuleData/ROTassets.xml,,,,,,,,,,,,,,18.0,12.0,,,,,
targ_lord_helmet,Valyrian Lord Helmet,Item,HeadArmor,,valyrian,3.5,,ROT-Content/ModuleData/ROTassets.xml,,,,,,,,,,,,,60.0,,,,,,,
targ_plate_boots,Valyrian Plate Boots,Item,LegArmor,,valyrian,3.4,,ROT-Content/ModuleData/ROTassets.xml,,,,,,,,,,,,,,,,26.0,,,,
tully_coif,Tully Coif,Item,HeadArmor,,river,0.8,,ROT-Content/ModuleData/ROTassets.xml,,,,,,,,,,,,,35.0,,,,,,,
spiked_sallet,Spiked Sallet,Item,HeadArmor,,battania,2.1,,ROT-Content/ModuleData/ROTassets.xml,,,,,,,,,,,,,40.0,,,,,,,
mormont_shield,Mormont Shield,Item,Shield,,battania,5.7,,ROT-Content/ModuleData/ROTassets.xml,LargeShield,,82.0,,,70.0,,,5.0,Blunt,510.0,1.0,,,,,,,,
bandit_garb,Bandit Garb,Item,BodyArmor,body_armor,neutral_culture,10.0,,ROT-Content/ModuleData/ROTassets.xml,,,,,,,,,,,,,,25.0,8.0,8.0,,,,
bandit_cap,Bandit Cap,Item,HeadArmor,,neutral_culture,0.8,,ROT-Content/ModuleData/ROTassets.xml,,,,,,,,,,,,,24.0,,,,,,,
bandit_shoes,Bandit Shoes,Item,LegArmor,,neutral_culture,0.9,,ROT-Content/ModuleData/ROTassets.xml,,,,,,,,,,,,,,,,17.0,,,,
lannister_pauldrons_cape,Lannister Noble Pauldrons with Cape,Item,Cape,,vlandia,5.5,,ROT-Content/ModuleData/ROTassets.xml,,,,,,,,,,,,,,18.0,12.0,,,,,
lannister_pauldrons_with_cape,Lannister Pauldrons with Cape,Item,Cape,,vlandia,5.5,,ROT-Content/ModuleData/ROTassets.xml,,,,,,,,,,,,,,17.0,11.0,,,,,
open_bascinet,Open Bascinet,Item,HeadArmor,,river,1.6,,ROT-Content/ModuleData/ROTassets.xml,,,,,,,,,,,,,37.0,,,,,,,
targ_lord_gorget,Valyrian Gorget,Item,Cape,,valyrian,3.0,,ROT-Content/ModuleData/ROTassets.xml,,,,,,,,,,,,,,15.0,,,,,,
valyrian_helmet,Valyrian Helmet,Item,HeadArmor,,valyrian,2.8,,ROT-Content/ModuleData/ROTassets.xml,,,,,,,,,,,,,45.0,,,,,,,
west_militia_armor,Western Militia Armor,Item,BodyArmor,body_armor,vlandia,15.0,,ROT-Content/ModuleData/ROTassets.xml,,,,,,,,,,,,,,25.0,5.0,5.0,,,,
gold_cloak_armor,Clegane Armor,Item,BodyArmor,body_armor,vlandia,16.0,,ROT-Content/ModuleData/ROTassets.xml,,,,,,,,,,,,,,38.0,8.0,8.0,,,,
gold_cloak_helmet,House Clegane Helmet,Item,HeadArmor,,vlandia,1.5,,ROT-Content/ModuleData/ROTassets.xml,,,,,,,,,,,,,37.0,,,,,,,
gold_cloak_pauldrons,Clegane Pauldrons,Item,Cape,,vlandia,5.0,,ROT-Content/ModuleData/ROTassets.xml,,,,,,,,,,,,,,16.0,10.0,,,,,
gold_cloak_boots,Clegane Boots,Item,LegArmor,,vlandia,2.0,,ROT-Content/ModuleData/ROTassets.xml,,,,,,,,,,,,,,,,22.0,,,,
gold_cloak_bracers,Clegane Bracers,Item,HandArmor,,vlandia,2.0,,ROT-Content/ModuleData/ROTassets.xml,,,,,,,,,,,,,,,22.0,,,,,
gold_cloak,Arm Cloak,Item,Cape,body_armor,vlandia,1.5,,ROT-Content/ModuleData/ROTassets.xml,,,,,,,,,,,,,,10.0,,,,,,
baratheon_cloak,Baratheon Cloak,Item,Cape,body_armor,stormlands,1.5,,ROT-Content/ModuleData/ROTassets.xml,,,,,,,,,,,,,,12.0,,,,,,
valyrian_plate,Valyrian Plate Armor,Item,BodyArmor,body_armor,valyrian,33.0,,ROT-Content/ModuleData/ROTassets.xml,,,,,,,,,,,,,,54.0,10.0,12.0,,,,
gold_cloak_pauldrons_with_cape,Gold Cloak Pauldrons with Cloak,Item,Cape,,crownlands,5.5,,ROT-Content/ModuleData/ROTassets.xml,,,,,,,,,,,,,,18.0,12.0,,,,,
harpy_mask,Harpy Mask,Item,HeadArmor,,ghiscari,1.0,,ROT-Content/ModuleData/ROTassets.xml,,,,,,,,,,,,,30.0,8.0,2.0,,,,,
wight_head4,Rusted Northern Helmet,Item,HeadArmor,,looters,1.8,,ROT-Content/ModuleData/ROTassets.xml,,,,,,,,,,,,,35.0,,,,,,,
braavosi_plate,Braavosi Plate Armor,Item,BodyArmor,body_armor,empire,34.0,,ROT-Content/ModuleData/ROTassets.xml,,,,,,,,,,,,,,46.0,10.0,10.0,,,,
braavosi_pauldrons,Braavosi Pauldrons,Item,Cape,,empire,4.0,,ROT-Content/ModuleData/ROTassets.xml,,,,,,,,,,,,,,13.0,8.0,,,,,
braavosi_helmet,Braavosi Helmet,Item,HeadArmor,,empire,1.6,,ROT-Content/ModuleData/ROTassets.xml,,,,,,,,,,,,,36.0,,,,,,,
braavosi_plate_gloves,Braavosi Plate Gloves,Item,HandArmor,,empire,2.4,,ROT-Content/ModuleData/ROTassets.xml,,,,,,,,,,,,,,,25.0,,,,,
valyrian_surcoat,Valyrian Surcoat,Item,BodyArmor,body_armor,valyrian,8.0,,ROT-Content/ModuleData/ROTassets.xml,,,,,,,,,,,,,,20.0,6.0,6.0,,,,
valyrian_pauldrons,Valyrian Pauldrons,Item,Cape,,valyrian,5.0,,ROT-Content/ModuleData/ROTassets.xml,,,,,,,,,,,,,,18.0,12.0,,,,,
valyrian_plate_boots,Valyrian Plate Boots 2,Item,LegArmor,,valyrian,2.4,,ROT-Content/ModuleData/ROTassets.xml,,,,,,,,,,,,,,,,26.0,,,,
targ_plate,Targaryen Plate Armor,Item,BodyArmor,body_armor,valyrian,33.0,,ROT-Content/ModuleData/ROTassets.xml,,,,,,,,,,,,,,55.0,10.0,12.0,,,,
braavosi_curiass,Braavosi Curiass,Item,BodyArmor,body_armor,empire,28.0,,ROT-Content/ModuleData/ROTassets.xml,,,,,,,,,,,,,,42.0,8.0,8.0,,,,
volantis_armor,Volantene Heavy Armor,Item,BodyArmor,body_armor,volantine,31.0,,ROT-Content/ModuleData/ROTassets.xml,,,,,,,,,,,,,,47.0,10.0,10.0,,,,
volantis_pauldrons,Volantene Pauldrons,Item,Cape,,volantine,4.0,,ROT-Content/ModuleData/ROTassets.xml,,,,,,,,,,,,,,13.0,8.0,,,,,
volantis_tiger_pauldrons,Tigercloak Pauldrons,Item,Cape,,volantine,4.5,,ROT-Content/ModuleData/ROTassets.xml,,,,,,,,,,,,,,15.0,8.0,,,,,
volantis_helmet,Volantene Helmet,Item,HeadArmor,,volantine,3.0,,ROT-Content/ModuleData/ROTassets.xml,,,,,,,,,,,,,44.0,,,,,,,
volantis_light_helmet,Volantene Light Helmet,Item,HeadArmor,,volantine,2.0,,ROT-Content/ModuleData/ROTassets.xml,,,,,,,,,,,,,35.0,,,,,,,
volantis_bracers,Volantene Bracers,Item,HandArmor,,volantine,2.0,,ROT-Content/ModuleData/ROTassets.xml,,,,,,,,,,,,,,,22.0,,,,,
volantis_heavy_tunic,Volantene Heavy Tunic,Item,BodyArmor,body_armor,volantine,10.0,,ROT-Content/ModuleData/ROTassets.xml,,,,,,,,,,,,,,20.0,7.0,7.0,,,,
volantis_light_armor,Volantene Light Armor,Item,BodyArmor,body_armor,volantine,28.0,,ROT-Content/ModuleData/ROTassets.xml,,,,,,,,,,,,,,43.0,7.0,7.0,,,,
volantis_tunic,Volantene Tunic,Item,BodyArmor,body_armor,volantine,7.0,,ROT-Content/ModuleData/ROTassets.xml,,,,,,,,,,,,,,20.0,5.0,5.0,,,,
unsullied_gloves,Unsullied Gloves,Item,HandArmor,,ghiscari,1.0,,ROT-Content/ModuleData/ROTassets.xml,,,,,,,,,,,,,,,20.0,,,,,
hughes_gloves,Northern Elite Gloves,Item,HandArmor,,battania,2.2,,ROT-Content/ModuleData/ROTassets.xml,,,,,,,,,,,,,,,25.0,,,,,
targ_gloves,Valyrian Gloves with Bracers,Item,HandArmor,,valyrian,2.0,,ROT-Content/ModuleData/ROTassets.xml,,,,,,,,,,,,,,,23.0,,,,,
tigercloak_helmet,Tigercloak Helmet,Item,HeadArmor,,volantine,3.0,,ROT-Content/ModuleData/ROTassets.xml,,,,,,,,,,,,,54.0,,,,,,,
tigercloak_helmet2,Tigercloak Helmet 2,Item,HeadArmor,,volantine,3.0,,ROT-Content/ModuleData/ROTassets.xml,,,,,,,,,,,,,54.0,,,,,,,
tigercloak,Tiger Cloak,Item,Cape,body_armor,volantine,1.5,,ROT-Content/ModuleData/ROTassets.xml,,,,,,,,,,,,,,10.0,,,,,,
mormont_bracers,Mormont Bracers,Item,HandArmor,,battania,2.0,,ROT-Content/ModuleData/ROTassets.xml,,,,,,,,,,,,,,,22.0,,,,,
mormont_boots,Mormont Boots,Item,LegArmor,,battania,1.0,,ROT-Content/ModuleData/ROTassets.xml,,,,,,,,,,,,,,,,22.0,,,,
mormont_pauldrons,Mormont Pauldrons,Item,Cape,,battania,4.0,,ROT-Content/ModuleData/ROTassets.xml,,,,,,,,,,,,,,15.0,7.0,,,,,
mormont_lord_helmet,Mormont Lord Helmet,Item,HeadArmor,,battania,2.0,,ROT-Content/ModuleData/ROTassets.xml,,,,,,,,,,,,,51.0,,,,,,,
mormont_armor,Mormont Armor,Item,BodyArmor,body_armor,battania,27.0,,ROT-Content/ModuleData/ROTassets.xml,,,,,,,,,,,,,,48.0,10.0,11.0,,,,
bolton_sallet,Bolton Sallet,Item,HeadArmor,,battania,1.8,,ROT-Content/ModuleData/ROTassets.xml,,,,,,,,,,,,,38.0,,,,,,,
spiked_shield,Spiked Shield,Item,Shield,,battania,4.7,,ROT-Content/ModuleData/ROTassets.xml,LargeShield,,82.0,,,95.0,,,,Blunt,370.0,1.0,,,,,,,,
karstark_coif,Karstark Coif,Item,HeadArmor,,battania,0.8,,ROT-Content/ModuleData/ROTassets.xml,,,,,,,,,,,,,31.0,5.0,,,,,,
karstark_coif_down,Karstark Coif Down,Item,HeadArmor,,battania,0.8,,ROT-Content/ModuleData/ROTassets.xml,,,,,,,,,,,,,25.0,5.0,,,,,,
karstark_boots,Karstark Boots,Item,LegArmor,,battania,1.5,,ROT-Content/ModuleData/ROTassets.xml,,,,,,,,,,,,,,,,21.0,,,,
karstark_gloves,Northern Gloves,Item,HandArmor,,battania,1.5,,ROT-Content/ModuleData/ROTassets.xml,,,,,,,,,,,,,,,21.0,,,,,
ironborn_heavy_helmet,Ironborn Heavy Helmet,Item,HeadArmor,,sturgia,3.0,,ROT-Content/ModuleData/ROTassets.xml,,,,,,,,,,,,,51.0,,,,,,,
reach_heavy_helmet,Reach Heavy Helmet,Item,HeadArmor,,reach,3.0,,ROT-Content/ModuleData/ROTassets.xml,,,,,,,,,,,,,51.0,,,,,,,
ironborn_gauntlets,Ironborn Gauntlets,Item,HandArmor,,sturgia,2.5,,ROT-Content/ModuleData/ROTassets.xml,,,,,,,,,,,,,,,24.0,,,,,
reach_gauntlets,Reach Gauntlets,Item,HandArmor,,reach,2.5,,ROT-Content/ModuleData/ROTassets.xml,,,,,,,,,,,,,,,24.0,,,,,
ironborn_plate_boots,Ironborn Plate Boots,Item,LegArmor,,sturgia,3.5,,ROT-Content/ModuleData/ROTassets.xml,,,,,,,,,,,,,,,,24.0,,,,
reach_plate_boots,Reach Plate Boots,Item,LegArmor,,reach,3.5,,ROT-Content/ModuleData/ROTassets.xml,,,,,,,,,,,,,,,,24.0,,,,
ironborn_heavy_shoulders,Ironborn Heavy Shoulders,Item,Cape,,sturgia,5.0,,ROT-Content/ModuleData/ROTassets.xml,,,,,,,,,,,,,,15.0,6.0,,,,,
reach_heavy_shoulders,Reach Heavy Shoulders,Item,Cape,,reach,5.0,,ROT-Content/ModuleData/ROTassets.xml,,,,,,,,,,,,,,15.0,6.0,,,,,
volantis_armor2,Volantene Armor 2,Item,BodyArmor,body_armor,volantine,30.0,,ROT-Content/ModuleData/ROTassets.xml,,,,,,,,,,,,,,45.0,8.0,8.0,,,,
ironborn_heavy_armor,Ironborn Heavy Armor,Item,BodyArmor,body_armor,sturgia,36.0,,ROT-Content/ModuleData/ROTassets.xml,,,,,,,,,,,,,,50.0,9.0,9.0,,,,
reach_heavy_armor,Reach Heavy Armor,Item,BodyArmor,body_armor,reach,36.0,,ROT-Content/ModuleData/ROTassets.xml,,,,,,,,,,,,,,50.0,9.0,9.0,,,,
ironborn_leather_armor,Ironborn Leather Armor,Item,BodyArmor,body_armor,sturgia,29.0,,ROT-Content/ModuleData/ROTassets.xml,,,,,,,,,,,,,,44.0,8.0,8.0,,,,
rainbow_cloak,Rainbow Guard Cloak,Item,Cape,body_armor,stormlands,1.5,,ROT-Content/ModuleData/ROTassets.xml,,,,,,,,,,,,,,12.0,,,,,,
manderly_light_armor,Manderly Light Armor,Item,BodyArmor,body_armor,battania,28.0,,ROT-Content/ModuleData/ROTassets.xml,,,,,,,,,,,,,,44.0,8.0,10.0,,,,
ghiscari_armor,Ghiscari Armor,Item,BodyArmor,body_armor,ghiscari,14.0,,ROT-Content/ModuleData/ROTassets.xml,,,,,,,,,,,,,,35.0,5.0,8.0,,,,
ghiscari_shoulders,Ghiscari Shoulders,Item,Cape,,ghiscari,4.0,,ROT-Content/ModuleData/ROTassets.xml,,,,,,,,,,,,,,14.0,6.0,,,,,
ghiscari_archers_helmet,Ghiscari Archer's Helmet,Item,HeadArmor,,ghiscari,1.0,,ROT-Content/ModuleData/ROTassets.xml,,,,,,,,,,,,,29.0,,,,,,,
ghiscari_helmet,Ghiscari Helmet,Item,HeadArmor,,ghiscari,1.5,,ROT-Content/ModuleData/ROTassets.xml,,,,,,,,,,,,,36.0,,,,,,,
lannister_bracers_with_gloves,Lannister Bracers with Gloves,Item,HandArmor,,vlandia,2.2,,ROT-Content/ModuleData/ROTassets.xml,,,,,,,,,,,,,,,23.0,,,,,
lord_gloves,Lord Gloves,Item,HandArmor,,vlandia,1.5,,ROT-Content/ModuleData/ROTassets.xml,,,,,,,,,,,,,,,21.0,,,,,
ghiscari_bracers,Ghiscari Bracers,Item,HandArmor,,ghiscari,1.5,,ROT-Content/ModuleData/ROTassets.xml,,,,,,,,,,,,,,,20.0,,,,,
ghiscari_boots,Ghiscari Boots,Item,LegArmor,,ghiscari,1.5,,ROT-Content/ModuleData/ROTassets.xml,,,,,,,,,,,,,,,,20.0,,,,
brienne_armor,Brienne Armor,Item,BodyArmor,body_armor,crownlands,36.0,,ROT-Content/ModuleData/ROTassets.xml,,,,,,,,,,,,,,54.0,15.0,15.0,,,,
umber_boots,Royce Boots,Item,LegArmor,,vale,1.5,,ROT-Content/ModuleData/ROTassets.xml,,,,,,,,,,,,,,,,21.0,,,,
sarnori_helmet,Sarnori Helmet,Item,HeadArmor,,sarnor,1.5,,ROT-Content/ModuleData/ROTassets.xml,,,,,,,,,,,,,36.0,,,,,,,
sarnori_officer_helmet,Sarnori Officer Helmet,Item,HeadArmor,,sarnor,2.2,,ROT-Content/ModuleData/ROTassets.xml,,,,,,,,,,,,,42.0,,,,,,,
sarnori_shield,Sarnori Shield,Item,Shield,,sarnor,3.2,,ROT-Content/ModuleData/ROTassets.xml,LargeShield,,92.0,,,60.0,,,,Blunt,350.0,1.0,,,,,,,,
sarnor_bracers,Sarnori Bracers,Item,HandArmor,,sarnor,1.5,,ROT-Content/ModuleData/ROTassets.xml,,,,,,,,,,,,,,,20.0,,,,,
sarnor_shoulders,Sarnori Shoulders,Item,Cape,,sarnor,4.0,,ROT-Content/ModuleData/ROTassets.xml,,,,,,,,,,,,,,13.0,7.0,,,,,
sarnor_tunic,Sarnori Tunic,Item,BodyArmor,body_armor,sarnor,7.0,,ROT-Content/ModuleData/ROTassets.xml,,,,,,,,,,,,,,25.0,6.0,6.0,,,,
braavosi_shield,Braavosi Shield,Item,Shield,,empire,3.1,,ROT-Content/ModuleData/ROTassets.xml,LargeShield,,92.0,,,40.0,,,,Blunt,330.0,1.0,,,,,,,,
baratheon_shield,Baratheon Shield,Item,Shield,,stormlands,4.7,,ROT-Content/ModuleData/ROTassets.xml,LargeShield,,82.0,,,95.0,,,,Blunt,370.0,1.0,,,,,,,,
arryn_shield,Arryn Shield,Item,Shield,,vale,4.3,,ROT-Content/ModuleData/ROTassets.xml,LargeShield,,82.0,,,60.0,,,,Blunt,370.0,1.0,,,,,,,,
baratheon_shield2,Baratheon Shield 2,Item,Shield,,stormlands,4.7,,ROT-Content/ModuleData/ROTassets.xml,LargeShield,,82.0,,,95.0,,,,Blunt,370.0,1.0,,,,,,,,
dragonstone_shield,Dragonstone Shield,Item,Shield,,,4.0,,ROT-Content/ModuleData/ROTassets.xml,LargeShield,,82.0,,,128.0,,,,Blunt,370.0,1.0,,,,,,,,
lannister_kite_shield,Lannister Kite Shield,Item,Shield,,,4.0,,ROT-Content/ModuleData/ROTassets.xml,LargeShield,,82.0,,,128.0,,,,Blunt,370.0,1.0,,,,,,,,
bolton_knight_armor,Bolton Knight Armor,Item,BodyArmor,body_armor,battania,36.0,,ROT-Content/ModuleData/ROTassets.xml,,,,,,,,,,,,,,54.0,12.0,12.0,,,,
bolton_knight_pauldrons,Bolton Knight Pauldrons,Item,Cape,,battania,5.0,,ROT-Content/ModuleData/ROTassets.xml,,,,,,,,,,,,,,16.0,12.0,,,,,
bolton_knight_pauldrons_with_cloak,Bolton Knight Pauldrons with Cloak,Item,Cape,,battania,5.5,,ROT-Content/ModuleData/ROTassets.xml,,,,,,,,,,,,,,18.0,12.0,,,,,
bolton_knight_helmet,Bolton Knight Helmet,Item,HeadArmor,,battania,3.0,,ROT-Content/ModuleData/ROTassets.xml,,,,,,,,,,,,,54.0,,,,,,,
bolton_plate_boots,Bolton Plate Boots,Item,LegArmor,,battania,3.5,,ROT-Content/ModuleData/ROTassets.xml,,,,,,,,,,,,,,,,26.0,,,,
bolton_gauntlets,Bolton Gauntlets,Item,HandArmor,,battania,2.5,,ROT-Content/ModuleData/ROTassets.xml,,,,,,,,,,,,,,,26.0,,,,,
tully_cape,Tully Cape,Item,Cape,body_armor,river,1.5,,ROT-Content/ModuleData/ROTassets.xml,,,,,,,,,,,,,,12.0,,,,,,
tully_helmet,Tully Helmet,Item,HeadArmor,,river,3.0,,ROT-Content/ModuleData/ROTassets.xml,,,,,,,,,,,,,47.0,,,,,,,
tully_shoes,Tully Shoes,Item,LegArmor,,river,1.0,,ROT-Content/ModuleData/ROTassets.xml,,,,,,,,,,,,,,,,18.0,,,,
tully_scale_armor,Tully Scale Armor,Item,BodyArmor,body_armor,river,29.0,,ROT-Content/ModuleData/ROTassets.xml,,,,,,,,,,,,,,47.0,12.0,15.0,,,,
arryn_armor,Plate Armor,Item,BodyArmor,body_armor,vale,37.0,,ROT-Content/ModuleData/ROTassets.xml,,,,,,,,,,,,,,47.0,15.0,15.0,,,,
arryn_armor2,Plate Armor 2,Item,BodyArmor,body_armor,vale,37.0,,ROT-Content/ModuleData/ROTassets.xml,,,,,,,,,,,,,,47.0,15.0,15.0,,,,
arryn_plate_boots,Plate Boots,Item,LegArmor,,vale,3.5,,ROT-Content/ModuleData/ROTassets.xml,,,,,,,,,,,,,,,,26.0,,,,
arryn_plate_boots2,Plate Boots 2,Item,LegArmor,,vale,3.5,,ROT-Content/ModuleData/ROTassets.xml,,,,,,,,,,,,,,,,26.0,,,,
armet,Armet,Item,HeadArmor,,vale,3.0,,ROT-Content/ModuleData/ROTassets.xml,,,,,,,,,,,,,46.0,,,,,,,
armet2,Armet 2,Item,HeadArmor,,vale,3.0,,ROT-Content/ModuleData/ROTassets.xml,,,,,,,,,,,,,46.0,,,,,,,
houndskull,Houndskull,Item,HeadArmor,,vale,3.5,,ROT-Content/ModuleData/ROTassets.xml,,,,,,,,,,,,,49.0,,,,,,,
royce_armor,Royce Armor,Item,BodyArmor,body_armor,vale,17.0,,ROT-Content/ModuleData/ROTassets.xml,,,,,,,,,,,,,,40.0,12.0,12.0,,,,
royce_pauldrons,Royce Pauldrons,Item,Cape,,vale,4.0,,ROT-Content/ModuleData/ROTassets.xml,,,,,,,,,,,,,,14.0,8.0,,,,,
weirwood_bow,Weirwood Bow,Item,Bow,,battania,0.1,150000.0,ROT-Content/ModuleData/ROTassets.xml,Bow,,95.0,93.0,100.0,107.0,,,84.0,Pierce,,,,,,,,,,
lyanna_armor,Lyanna Mormont Armor,Item,BodyArmor,body_armor,battania,27.0,,ROT-Content/ModuleData/ROTassets.xml,,,,,,,,,,,,,,49.0,12.0,12.0,,,,
lyanna_shoulders,Lyanna Mormont Shoulders,Item,Cape,,battania,4.0,,ROT-Content/ModuleData/ROTassets.xml,,,,,,,,,,,,,,15.0,7.0,,,,,
dragonbone_bow,Dragonbone Bow,Item,Bow,,valyrian,0.1,150000.0,ROT-Content/ModuleData/ROTassets.xml,Bow,,93.0,95.0,100.0,107.0,,,84.0,Pierce,,,,,,,,,,
baratheon_archers_helmet,Baratheon Archer Helmet,Item,HeadArmor,,stormlands,1.3,,ROT-Content/ModuleData/ROTassets.xml,,,,,,,,,,,,,26.0,,,,,,,
hightower_shoulders,Hightower Shoulders,Item,Cape,,reach,4.0,,ROT-Content/ModuleData/ROTassets.xml,,,,,,,,,,,,,,15.0,8.0,,,,,
hightower_armor,Hightower Armor,Item,BodyArmor,body_armor,reach,35.0,,ROT-Content/ModuleData/ROTassets.xml,,,,,,,,,,,,,,50.0,12.0,12.0,,,,
hightower_great_helmet,Hightower Great Helmet,Item,HeadArmor,,reach,3.2,,ROT-Content/ModuleData/ROTassets.xml,,,,,,,,,,,,,56.0,,,,,,,
hightower_barbute,Hightower Barbute,Item,HeadArmor,,reach,1.5,,ROT-Content/ModuleData/ROTassets.xml,,,,,,,,,,,,,36.0,,,,,,,
hightower_bracers,Hightower Bracers,Item,HandArmor,,reach,2.0,,ROT-Content/ModuleData/ROTassets.xml,,,,,,,,,,,,,,,22.0,,,,,
hightower_lord_armor,Hightower Lord Armor,Item,BodyArmor,body_armor,reach,34.0,14000.0,ROT-Content/ModuleData/ROTassets.xml,,,,,,,,,,,,,,52.0,12.0,12.0,,,,
knight_armor2,Plate Armor,Item,BodyArmor,body_armor,pentoshi,36.0,,ROT-Content/ModuleData/ROTassets.xml,,,,,,,,,,,,,,47.0,11.0,11.0,,,,
knight_helmet1,Knight Helmet 1,Item,HeadArmor,,pentoshi,2.5,,ROT-Content/ModuleData/ROTassets.xml,,,,,,,,,,,,,41.0,,,,,,,
knight_helmet2,Knight Helmet 2,Item,HeadArmor,,pentoshi,2.5,,ROT-Content/ModuleData/ROTassets.xml,,,,,,,,,,,,,41.0,,,,,,,
knight_cap,Knight Cap,Item,HeadArmor,,pentoshi,1.2,,ROT-Content/ModuleData/ROTassets.xml,,,,,,,,,,,,,33.0,,,,,,,
knight_kettle,Knight Kettle,Item,HeadArmor,,pentoshi,1.5,,ROT-Content/ModuleData/ROTassets.xml,,,,,,,,,,,,,36.0,,,,,,,
knight_spangen,Knight Spangen,Item,HeadArmor,,pentoshi,2.0,,ROT-Content/ModuleData/ROTassets.xml,,,,,,,,,,,,,39.0,,,,,,,
knight_shoulders,Knight Pauldrons,Item,Cape,,pentoshi,5.0,,ROT-Content/ModuleData/ROTassets.xml,,,,,,,,,,,,,,16.0,11.0,,,,,
knight_plate_boots,Knight Plate Boots,Item,LegArmor,,pentoshi,2.5,,ROT-Content/ModuleData/ROTassets.xml,,,,,,,,,,,,,,,,25.0,,,,
royce_barbute,Royce Barbute,Item,HeadArmor,,vale,1.4,,ROT-Content/ModuleData/ROTassets.xml,,,,,,,,,,,,,36.0,,,,,,,
arryn_archer_armor,Arryn Archer Armor,Item,BodyArmor,body_armor,vale,9.0,,ROT-Content/ModuleData/ROTassets.xml,,,,,,,,,,,,,,28.0,12.0,8.0,,,,
arryn_archer_helmet,Arryn Archer Helmet,Item,HeadArmor,,vale,1.1,,ROT-Content/ModuleData/ROTassets.xml,,,,,,,,,,,,,30.0,,,,,,,
arryn_boots,Arryn Boots,Item,LegArmor,,vale,1.5,,ROT-Content/ModuleData/ROTassets.xml,,,,,,,,,,,,,,,,21.0,,,,
common_armor,Common Armor,Item,BodyArmor,body_armor,crownlands,20.0,,ROT-Content/ModuleData/ROTassets.xml,,,,,,,,,,,,,,42.0,9.0,9.0,,,,
common_boots,Common Plated Boots,Item,LegArmor,,crownlands,1.5,,ROT-Content/ModuleData/ROTassets.xml,,,,,,,,,,,,,,,,18.0,,,,
common_pauldrons,Common Pauldrons,Item,Cape,,crownlands,4.0,,ROT-Content/ModuleData/ROTassets.xml,,,,,,,,,,,,,,14.0,8.0,,,,,
common_barbute,Common Barbute,Item,HeadArmor,,crownlands,1.5,,ROT-Content/ModuleData/ROTassets.xml,,,,,,,,,,,,,34.0,,,,,,,
common_spangen,Common Spangen,Item,HeadArmor,,crownlands,2.0,,ROT-Content/ModuleData/ROTassets.xml,,,,,,,,,,,,,38.0,,,,,,,
common_kettle,Common Kettle,Item,HeadArmor,,crownlands,1.6,,ROT-Content/ModuleData/ROTassets.xml,,,,,,,,,,,,,35.0,,,,,,,
common_bracers,Common Bracers,Item,HandArmor,,crownlands,2.0,,ROT-Content/ModuleData/ROTassets.xml,,,,,,,,,,,,,,,18.0,,,,,
common_gloves,Common Gloves,Item,HandArmor,,crownlands,1.5,,ROT-Content/ModuleData/ROTassets.xml,,,,,,,,,,,,,,,15.0,,,,,
crude_armor,Crude Armor,Item,BodyArmor,body_armor,sea_raiders,20.0,,ROT-Content/ModuleData/ROTassets.xml,,,,,,,,,,,,,,40.0,8.0,8.0,,,,
crude_pauldrons,Crude Pauldrons,Item,Cape,,sea_raiders,4.0,,ROT-Content/ModuleData/ROTassets.xml,,,,,,,,,,,,,,13.0,7.0,,,,,
crude_boots,Crude Boots,Item,LegArmor,,sea_raiders,1.5,,ROT-Content/ModuleData/ROTassets.xml,,,,,,,,,,,,,,,,18.0,,,,
crude_barbute,Crude Barbute,Item,HeadArmor,,sea_raiders,1.5,,ROT-Content/ModuleData/ROTassets.xml,,,,,,,,,,,,,34.0,,,,,,,
crude_spangen,Crude Spangen,Item,HeadArmor,,sea_raiders,2.0,,ROT-Content/ModuleData/ROTassets.xml,,,,,,,,,,,,,38.0,,,,,,,
crude_bascinet,Crude Bascinet,Item,HeadArmor,,sea_raiders,1.5,,ROT-Content/ModuleData/ROTassets.xml,,,,,,,,,,,,,34.0,,,,,,,
crude_helmet,Crude Helmet,Item,HeadArmor,,sea_raiders,1.5,,ROT-Content/ModuleData/ROTassets.xml,,,,,,,,,,,,,32.0,,,,,,,
crude_nasal,Crude Nasalhelm,Item,HeadArmor,,sea_raiders,1.4,,ROT-Content/ModuleData/ROTassets.xml,,,,,,,,,,,,,35.0,,,,,,,
ornate_armor,Ornate Armor,Item,BodyArmor,body_armor,reach,36.0,,ROT-Content/ModuleData/ROTassets.xml,,,,,,,,,,,,,,47.0,9.0,9.0,,,,
ornate_boots,Ornate Boots,Item,LegArmor,,reach,2.5,,ROT-Content/ModuleData/ROTassets.xml,,,,,,,,,,,,,,,,23.0,,,,
ornate_pauldrons,Ornate Pauldrons,Item,Cape,,reach,5.0,,ROT-Content/ModuleData/ROTassets.xml,,,,,,,,,,,,,,14.0,8.0,,,,,
ornate_gloves,Ornate Gloves,Item,HandArmor,,reach,2.2,,ROT-Content/ModuleData/ROTassets.xml,,,,,,,,,,,,,,,22.0,,,,,
ornate_bascinet,Ornate Bascinet,Item,HeadArmor,,reach,3.0,,ROT-Content/ModuleData/ROTassets.xml,,,,,,,,,,,,,40.0,,,,,,,
ornate_closed_helmet,Ornate Closed Helmet,Item,HeadArmor,,reach,3.2,,ROT-Content/ModuleData/ROTassets.xml,,,,,,,,,,,,,40.0,,,,,,,
ornate_helmet,Ornate Helmet,Item,HeadArmor,,reach,3.0,,ROT-Content/ModuleData/ROTassets.xml,,,,,,,,,,,,,40.0,,,,,,,
ornate_burgonet,Ornate Burgonet,Item,HeadArmor,,reach,1.8,,ROT-Content/ModuleData/ROTassets.xml,,,,,,,,,,,,,35.0,,,,,,,
ranger_armor,Ranger Armor,Item,BodyArmor,body_armor,nightswatch,13.0,,ROT-Content/ModuleData/ROTassets.xml,,,,,,,,,,,,,,37.0,10.0,10.0,,,,
ranger_shoulders,Ranger Shoulders,Item,Cape,,nightswatch,3.0,,ROT-Content/ModuleData/ROTassets.xml,,,,,,,,,,,,,,14.0,8.0,,,,,
ranger_boots,Ranger Boots,Item,LegArmor,,nightswatch,1.4,,ROT-Content/ModuleData/ROTassets.xml,,,,,,,,,,,,,,,,22.0,,,,
ranger_hood,Ranger Hood,Item,HeadArmor,,nightswatch,0.8,,ROT-Content/ModuleData/ROTassets.xml,,,,,,,,,,,,,28.0,,,,,,,
ornate_armor2,Ornate Armor 2,Item,BodyArmor,body_armor,qohorik,36.0,,ROT-Content/ModuleData/ROTassets.xml,,,,,,,,,,,,,,47.0,9.0,9.0,,,,
ornate_barbute,Ornate Barbute,Item,HeadArmor,,qohorik,1.6,,ROT-Content/ModuleData/ROTassets.xml,,,,,,,,,,,,,35.0,,,,,,,
ornate_boots2,Ornate Boots 2,Item,LegArmor,,qohorik,2.3,,ROT-Content/ModuleData/ROTassets.xml,,,,,,,,,,,,,,,,23.0,,,,
ornate_closed_helmet2,Ornate Closed Helmet 2,Item,HeadArmor,,qohorik,3.0,,ROT-Content/ModuleData/ROTassets.xml,,,,,,,,,,,,,40.0,,,,,,,
ornate_gloves2,Ornate Gloves 2,Item,HandArmor,,qohorik,2.0,,ROT-Content/ModuleData/ROTassets.xml,,,,,,,,,,,,,,,22.0,,,,,
ornate_pauldrons2,Ornate Pauldrons 2,Item,Cape,,qohorik,4.0,,ROT-Content/ModuleData/ROTassets.xml,,,,,,,,,,,,,,14.0,8.0,,,,,
ornate_salet,Ornate Salet,Item,HeadArmor,,qohorik,3.0,,ROT-Content/ModuleData/ROTassets.xml,,,,,,,,,,,,,40.0,,,,,,,
ornate_helmet2,Ornate Helmet 2,Item,HeadArmor,,qohorik,1.5,,ROT-Content/ModuleData/ROTassets.xml,,,,,,,,,,,,,33.0,,,,,,,
ornate_visor_helmet,Ornate Visored Helmet,Item,HeadArmor,,qohorik,3.0,,ROT-Content/ModuleData/ROTassets.xml,,,,,,,,,,,,,40.0,,,,,,,
vale_knight_armor2,Knight Armor,Item,BodyArmor,body_armor,vale,36.0,,ROT-Content/ModuleData/ROTassets.xml,,,,,,,,,,,,,,46.0,12.0,12.0,,,,
vale_knight_cape2,Knight Cape,Item,Cape,body_armor,vale,1.5,,ROT-Content/ModuleData/ROTassets.xml,,,,,,,,,,,,,,10.0,,,,,,
vale_knight_boots2,Knight Boots,Item,LegArmor,,vale,2.2,,ROT-Content/ModuleData/ROTassets.xml,,,,,,,,,,,,,,,,23.0,,,,
vale_knight_gloves2,Plate Gloves,Item,HandArmor,,vale,2.2,,ROT-Content/ModuleData/ROTassets.xml,,,,,,,,,,,,,,,23.0,,,,,
vale_knight_helm_light,Light Knight Helmet,Item,HeadArmor,,vale,1.5,,ROT-Content/ModuleData/ROTassets.xml,,,,,,,,,,,,,36.0,,,,,,,
vale_knight_helmet2,Knight Helmet,Item,HeadArmor,,vale,2.0,,ROT-Content/ModuleData/ROTassets.xml,,,,,,,,,,,,,40.0,,,,,,,
royce_armor_female,Royce Female Armor,Item,BodyArmor,body_armor,vale,13.0,,ROT-Content/ModuleData/ROTassets.xml,,,,,,,,,,,,,,40.0,12.0,12.0,,,,
royce_pauldrons_female,Royce Female Pauldrons,Item,Cape,,vale,4.0,,ROT-Content/ModuleData/ROTassets.xml,,,,,,,,,,,,,,14.0,10.0,,,,,
casterly_armor_light,Casterly Rock Armor Light,Item,BodyArmor,body_armor,vlandia,26.0,,ROT-Content/ModuleData/ROTassets.xml,,,,,,,,,,,,,,41.0,8.0,8.0,,,,
casterly_pauldrons_light,Casterly Rock Pauldrons Light,Item,Cape,,vlandia,4.0,,ROT-Content/ModuleData/ROTassets.xml,,,,,,,,,,,,,,14.0,6.0,,,,,
casterly_pauldrons_light2,Casterly Rock Pauldrons Light 2,Item,Cape,,vlandia,4.0,,ROT-Content/ModuleData/ROTassets.xml,,,,,,,,,,,,,,14.0,6.0,,,,,
casterly_bracers_gloves,Casterly Rock Bracers with Gloves,Item,HandArmor,,vlandia,2.5,,ROT-Content/ModuleData/ROTassets.xml,,,,,,,,,,,,,,,26.0,,,,,
casterly_boots_light,Casterly Rock Boots Light,Item,LegArmor,,vlandia,1.5,,ROT-Content/ModuleData/ROTassets.xml,,,,,,,,,,,,,,,,20.0,,,,
casterly_boots_light2,Casterly Rock Boots Light 2,Item,LegArmor,,vlandia,1.5,,ROT-Content/ModuleData/ROTassets.xml,,,,,,,,,,,,,,,,20.0,,,,
casterly_helm_archer,Casterly Archer Helmet,Item,HeadArmor,,vlandia,1.5,,ROT-Content/ModuleData/ROTassets.xml,,,,,,,,,,,,,33.0,,,,,,,
dayne_gloves,Targaryen Kingsguard Gloves,Item,HandArmor,,crownlands,1.2,,ROT-Content/ModuleData/ROTassets.xml,,,,,,,,,,,,,,,21.0,,,,,
tarly_armor,Tarly Lord Armor,Item,BodyArmor,body_armor,reach,36.0,,ROT-Content/ModuleData/ROTassets.xml,,,,,,,,,,,,,,50.0,10.0,10.0,,,,
poppy,Milk of the Poppy,Item,Goods,,,1.0,900.0,ROT-Content/ModuleData/ROTassets.xml,,,,,,,,,,,,,,,,,,,,
ned_clothes,Ned Stark Clothes,Item,BodyArmor,body_armor,battania,6.0,,ROT-Content/ModuleData/ROTassets.xml,,,,,,,,,,,,,,20.0,6.0,8.0,,,,
baratheon_king_clothes,Baratheon King Clothes,Item,BodyArmor,body_armor,crownlands,5.0,,ROT-Content/ModuleData/ROTassets.xml,,,,,,,,,,,,,,20.0,7.0,7.0,,,,
manderly_pauldrons,Manderly Pauldrons,Item,Cape,,battania,4.0,,ROT-Content/ModuleData/ROTassets.xml,,,,,,,,,,,,,,15.0,7.0,,,,,
lan_knight_armor,Lannister Royal Armor,Item,BodyArmor,body_armor,crownlands,38.0,,ROT-Content/ModuleData/ROTassets.xml,,,,,,,,,,,,,,56.0,15.0,12.0,,,,
lan_knight_boots,Lannister Royal Boots,Item,LegArmor,,crownlands,2.5,,ROT-Content/ModuleData/ROTassets.xml,,,,,,,,,,,,,,,,26.0,,,,
samurai_armor,Lengii Armor,Item,BodyArmor,body_armor,ghiscari,15.0,,ROT-Content/ModuleData/ROTassets.xml,,,,,,,,,,,,,,42.0,12.0,12.0,,,,
samurai_shoulders,Lengii Shoulders,Item,Cape,,ghiscari,4.0,,ROT-Content/ModuleData/ROTassets.xml,,,,,,,,,,,,,,14.0,6.0,,,,,
samurai_shoulders2,Lengii Shoulders 2,Item,Cape,,ghiscari,3.0,,ROT-Content/ModuleData/ROTassets.xml,,,,,,,,,,,,,,12.0,6.0,,,,,
samurai_shoes,Lengii Shoes,Item,LegArmor,,ghiscari,1.0,,ROT-Content/ModuleData/ROTassets.xml,,,,,,,,,,,,,,,,18.0,,,,
samurai_helmet,Lengii Helmet,Item,HeadArmor,,ghiscari,3.0,,ROT-Content/ModuleData/ROTassets.xml,,,,,,,,,,,,,36.0,,,,,,,
samurai_helmet2,Lengii Helmet 2,Item,HeadArmor,,ghiscari,3.0,,ROT-Content/ModuleData/ROTassets.xml,,,,,,,,,,,,,43.0,,,,,,,
samurai_helmet3,Lengi Helmet 3,Item,HeadArmor,,ghiscari,3.0,,ROT-Content/ModuleData/ROTassets.xml,,,,,,,,,,,,,43.0,,,,,,,
samurai_gloves,Lengii Gloves,Item,HandArmor,,ghiscari,1.0,,ROT-Content/ModuleData/ROTassets.xml,,,,,,,,,,,,,,,18.0,,,,,
dany_sash,Targaryen Sash,Item,Cape,,valyrian,1.5,,ROT-Content/ModuleData/ROTassets.xml,,,,,,,,,,,,,,15.0,5.0,,,,,
thenn_plate,Wildling Leather Armor,Item,BodyArmor,body_armor,freefolk,15.0,,ROT-Content/ModuleData/ROTassets.xml,,,,,,,,,,,,,,36.0,9.0,9.0,,,,
bone_tunic,Bone Armor,Item,BodyArmor,body_armor,freefolk,15.0,,ROT-Content/ModuleData/ROTassets.xml,,,,,,,,,,,,,,35.0,9.0,9.0,,,,
thenn_helm1,Wildling Helmet,Item,HeadArmor,,freefolk,1.2,,ROT-Content/ModuleData/ROTassets.xml,,,,,,,,,,,,,36.0,,,,,,,
thenn_helm2,Wildling Cap,Item,HeadArmor,,freefolk,1.0,,ROT-Content/ModuleData/ROTassets.xml,,,,,,,,,,,,,27.0,,,,,,,
thenn_helm3,Wildling Chieftain Helmet,Item,HeadArmor,,freefolk,1.5,,ROT-Content/ModuleData/ROTassets.xml,,,,,,,,,,,,,39.0,,,,,,,
thenn_helm4,Wildling Tribesman Helmet,Item,HeadArmor,,freefolk,1.5,,ROT-Content/ModuleData/ROTassets.xml,,,,,,,,,,,,,33.0,,,,,,,
jaime_clothes,Noble Clothes,Item,BodyArmor,body_armor,crownlands,7.0,,ROT-Content/ModuleData/ROTassets.xml,,,,,,,,,,,,,,20.0,6.0,6.0,,,,
casterly_cav_helm,Casterly Cavalry Helmet,Item,HeadArmor,,vlandia,1.8,,ROT-Content/ModuleData/ROTassets.xml,,,,,,,,,,,,,38.0,,,,,,,
casterly_heavy_helm,Casterly Heavy Helmet,Item,HeadArmor,,vlandia,3.0,,ROT-Content/ModuleData/ROTassets.xml,,,,,,,,,,,,,54.0,,,,,,,
stark_knight_armor,Stark Knight Armor,Item,BodyArmor,body_armor,battania,34.0,,ROT-Content/ModuleData/ROTassets.xml,,,,,,,,,,,,,,54.0,15.0,15.0,,,,
stark_knight_armor_2,Stark Knight Armor with Mail,Item,BodyArmor,body_armor,battania,36.0,,ROT-Content/ModuleData/ROTassets.xml,,,,,,,,,,,,,,56.0,15.0,15.0,,,,
northern_knight_armor,Northern Knight Armor,Item,BodyArmor,body_armor,battania,34.0,,ROT-Content/ModuleData/ROTassets.xml,,,,,,,,,,,,,,54.0,15.0,15.0,,,,
northern_knight_armor_2,Northern Knight Armor with Mail,Item,BodyArmor,body_armor,battania,36.0,,ROT-Content/ModuleData/ROTassets.xml,,,,,,,,,,,,,,55.0,15.0,15.0,,,,
stark_knight_greaves,Stark Knight Greaves,Item,LegArmor,,battania,3.4,,ROT-Content/ModuleData/ROTassets.xml,,,,,,,,,,,,,,,,26.0,,,,
stark_knight_gauntlets,Stark Knight Gauntlets,Item,HandArmor,body_armor,battania,2.4,,ROT-Content/ModuleData/ROTassets.xml,,,,,,,,,,,,,,,26.0,,,,,
stark_knight_helm,Stark Knight Helmet,Item,HeadArmor,,battania,2.2,,ROT-Content/ModuleData/ROTassets.xml,,,,,,,,,,,,,50.0,,,,,,,
stark_knight_helm_2,Stark Knight Helmet with Plume,Item,HeadArmor,,battania,2.2,,ROT-Content/ModuleData/ROTassets.xml,,,,,,,,,,,,,50.0,,,,,,,
stark_knight_bevor,Stark Knight Bevor,Item,Cape,,battania,3.5,,ROT-Content/ModuleData/ROTassets.xml,,,,,,,,,,,,,15.0,15.0,,,,,,
dreadguard_armor,Bolton Knight Armor,Item,BodyArmor,body_armor,battania,36.0,,ROT-Content/ModuleData/ROTassets.xml,,,,,,,,,,,,,,53.0,10.0,15.0,,,,
dreadguard_helmet,Bolton Knight Helmet,Item,HeadArmor,,battania,2.3,,ROT-Content/ModuleData/ROTassets.xml,,,,,,,,,,,,,50.0,,,,,,,
dreadguard_bracers,Bolton Knight Bracers with Gloves,Item,HandArmor,body_armor,battania,2.3,,ROT-Content/ModuleData/ROTassets.xml,,,,,,,,,,,,,,,24.0,,,,,
dreadguard_pauldrons,Bolton Knight Pauldrons,Item,Cape,,battania,4.0,,ROT-Content/ModuleData/ROTassets.xml,,,,,,,,,,,,,,16.0,12.0,,,,,
bolton_gorget_bevor,Bolton Knight Gorget with Bevor,Item,Cape,,battania,4.0,,ROT-Content/ModuleData/ROTassets.xml,,,,,,,,,,,,,15.0,15.0,,,,,,
dreadguard_boots,Bolton Knight Greaves,Item,LegArmor,,battania,3.5,,ROT-Content/ModuleData/ROTassets.xml,,,,,,,,,,,,,,,,26.0,,,,
valyrian_gauntlets,Valyrian Gauntlets,Item,HandArmor,,valyrian,2.6,,ROT-Content/ModuleData/ROTassets.xml,,,,,,,,,,,,,,,26.0,,,,,
nightswatch_hood,Night's Watch Hood,Item,HeadArmor,,nightswatch,0.7,,ROT-Content/ModuleData/ROTassets.xml,,,,,,,,,,,,,24.0,,,,,,,
fancy_clothes,Fancy Clothes,Item,BodyArmor,body_armor,crownlands,7.0,,ROT-Content/ModuleData/ROTassets.xml,,,,,,,,,,,,,,20.0,5.0,5.0,,,,
bronze_shield,Thenn Bronze Shield,Item,Shield,,freefolk,2.0,,ROT-Content/ModuleData/ROTassets.xml,LargeShield,,92.0,,,70.0,,,,Blunt,390.0,1.0,,,,,,,,
tarly_helmet,Tarly Helmet,Item,HeadArmor,,reach,1.6,,ROT-Content/ModuleData/ROTassets.xml,,,,,,,,,,,,,38.0,,,,,,,
nightking_spikes,Night King Spikes,Item,HeadArmor,,looters,1.6,,ROT-Content/ModuleData/ROTassets.xml,,,,,,,,,,,,,80.0,,,,,,,
giant_bow,Giant Bow,Item,Bow,,freefolk,5.0,500000.0,ROT-Content/ModuleData/ROTassets.xml,Bow,,60.0,90.0,94.0,290.0,,,120.0,Pierce,,,,,,,,,,
giant_arrows,Giant Arrows,Item,Arrows,,freefolk,0.3,,ROT-Content/ModuleData/ROTassets.xml,Arrow,18.0,0.0,10.0,,190.0,,,10.0,Pierce,,,,,,,,,,
horse_armor,Horse Armor 1,Item,HorseHarness,body_armor,stormlands,145.0,,ROT-Content/ModuleData/ROTassets.xml,,,,,,,,,,,,,,68.0,,,,,,
stark_horse_armor,Stark Horse Armor,Item,HorseHarness,body_armor,battania,70.0,,ROT-Content/ModuleData/ROTassets.xml,,,,,,,,,,,,,,66.0,,,,,,
stark_horse_armor2,Stark Horse Armor 2,Item,HorseHarness,body_armor,battania,70.0,,ROT-Content/ModuleData/ROTassets.xml,,,,,,,,,,,,,,66.0,,,,,,
cerwin_boots,Cerwyn Boots,Item,LegArmor,,battania,1.5,,ROT-Content/ModuleData/ROTassets.xml,,,,,,,,,,,,,,,,20.0,,,,
cerwin_helmet,Cerwyn Helmet,Item,HeadArmor,,battania,1.6,,ROT-Content/ModuleData/ROTassets.xml,,,,,,,,,,,,,38.0,,,,,,,
cerwin_cloak,Cerwyn Cloak,Item,Cape,,battania,1.5,,ROT-Content/ModuleData/ROTassets.xml,,,,,,,,,,,,,,10.0,,,,,,
cerwin_armor,Cerwyn Armor,Item,BodyArmor,body_armor,battania,14.0,,ROT-Content/ModuleData/ROTassets.xml,,,,,,,,,,,,,,38.0,10.0,10.0,,,,
bronn_armor1,Bronn Leather Armor with Mail,Item,BodyArmor,body_armor,river,9.0,,ROT-Content/ModuleData/ROTassets.xml,,,,,,,,,,,,,,30.0,10.0,8.0,,,,
bronn_armor2,Bronn Leather Armor,Item,BodyArmor,body_armor,crownlands,8.0,,ROT-Content/ModuleData/ROTassets.xml,,,,,,,,,,,,,,28.0,8.0,8.0,,,,
podrick_armor,Podrick Leather Armor,Item,BodyArmor,body_armor,westerlands,8.0,,ROT-Content/ModuleData/ROTassets.xml,,,,,,,,,,,,,,28.0,8.0,8.0,,,,
podrick_armor2,Dragonstone Leather Armor,Item,BodyArmor,body_armor,dragonstone,8.0,,ROT-Content/ModuleData/ROTassets.xml,,,,,,,,,,,,,,28.0,8.0,8.0,,,,
velaryon_armor,Velaryon Lord Armor,Item,BodyArmor,body_armor,dragonstone,34.0,,ROT-Content/ModuleData/ROTassets.xml,,,,,,,,,,,,,,54.0,10.0,20.0,,,,
velaryon_helmet,Velaryon Lord Helmet,Item,HeadArmor,,dragonstone,2.0,,ROT-Content/ModuleData/ROTassets.xml,,,,,,,,,,,,,42.0,,,,,,,
velaryon_bracers,Velaryon Lord Bracers,Item,HandArmor,body_armor,dragonstone,2.0,,ROT-Content/ModuleData/ROTassets.xml,,,,,,,,,,,,,,,24.0,,,,,
velaryon_pauldrons,Velaryon Lord Pauldrons,Item,Cape,,dragonstone,4.0,,ROT-Content/ModuleData/ROTassets.xml,,,,,,,,,,,,,,16.0,13.0,,,,,
lion_shield,Lion Shield,Item,Shield,,vlandia,4.7,,ROT-Content/ModuleData/ROTassets.xml,LargeShield,,86.0,,,70.0,,,5.0,Blunt,420.0,9.0,,,,,,,,
vale_armor,Vale Armor,Item,BodyArmor,body_armor,vale,34.0,,ROT-Content/ModuleData/ROTassets.xml,,,,,,,,,,,,,,46.0,9.0,9.0,,,,
vale_armor2,Vale Armor with Mail,Item,BodyArmor,body_armor,vale,36.0,,ROT-Content/ModuleData/ROTassets.xml,,,,,,,,,,,,,,51.0,11.0,11.0,,,,
vale_armor3,Vale Armor with Mail 2,Item,BodyArmor,body_armor,vale,36.0,,ROT-Content/ModuleData/ROTassets.xml,,,,,,,,,,,,,,51.0,11.0,11.0,,,,
vale_armor4,Vale Armor 2,Item,BodyArmor,body_armor,vale,35.0,,ROT-Content/ModuleData/ROTassets.xml,,,,,,,,,,,,,,48.0,10.0,10.0,,,,
golden_company_armor,Golden Company Officer Armor,Item,BodyArmor,body_armor,volantine,13.0,,ROT-Content/ModuleData/ROTassets.xml,,,,,,,,,,,,,,43.0,10.0,10.0,,,,
golden_company_helmet,Golden Company Officer's Helmet,Item,HeadArmor,,volantine,1.6,,ROT-Content/ModuleData/ROTassets.xml,,,,,,,,,,,,,44.0,,,,,,,
golden_company_helmet2,Golden Company Officer's Helmet 2,Item,HeadArmor,,volantine,1.6,,ROT-Content/ModuleData/ROTassets.xml,,,,,,,,,,,,,44.0,,,,,,,
golden_company_helmet3,Golden Company Helmet,Item,HeadArmor,,volantine,1.6,,ROT-Content/ModuleData/ROTassets.xml,,,,,,,,,,,,,37.0,,,,,,,
golden_company_helmet4,Golden Company Helmet 2,Item,HeadArmor,,volantine,1.6,,ROT-Content/ModuleData/ROTassets.xml,,,,,,,,,,,,,37.0,,,,,,,
vale_pauldrons,Vale Pauldrons,Item,Cape,,vale,5.0,,ROT-Content/ModuleData/ROTassets.xml,,,,,,,,,,,,,,17.0,12.0,,,,,
vale_pauldrons2,Vale Padded Shoulders,Item,Cape,,vale,2.0,,ROT-Content/ModuleData/ROTassets.xml,,,,,,,,,,,,,,14.0,6.0,,,,,
vale_pauldrons3,Vale Shoulders,Item,Cape,,vale,4.0,,ROT-Content/ModuleData/ROTassets.xml,,,,,,,,,,,,,,17.0,10.0,,,,,
velaryon_soldier_armor,Velaryon Soldier Armor,Item,BodyArmor,body_armor,dragonstone,31.0,,ROT-Content/ModuleData/ROTassets.xml,,,,,,,,,,,,,,48.0,10.0,10.0,,,,
velaryon_soldier_helmet,Velaryon Soldier Helmet,Item,HeadArmor,,dragonstone,2.0,,ROT-Content/ModuleData/ROTassets.xml,,,,,,,,,,,,,38.0,,,,,,,
velaryon_soldier_bracers,Velaryon Soldier Bracers,Item,HandArmor,body_armor,dragonstone,2.0,,ROT-Content/ModuleData/ROTassets.xml,,,,,,,,,,,,,,,21.0,,,,,
velaryon_soldier_pauldrons,Velaryon Soldier Pauldrons,Item,Cape,,dragonstone,4.0,,ROT-Content/ModuleData/ROTassets.xml,,,,,,,,,,,,,,14.0,7.0,,,,,
golden_company_shoulders,Golden Company Officer Shoulders,Item,Cape,,volantine,4.0,,ROT-Content/ModuleData/ROTassets.xml,,,,,,,,,,,,,,14.0,7.0,,,,,
golden_company_shoulders2,Golden Company Shoulders,Item,Cape,,volantine,3.0,,ROT-Content/ModuleData/ROTassets.xml,,,,,,,,,,,,,,12.0,6.0,,,,,
golden_company_shoulders3,Golden Company Shoulders 2,Item,Cape,,volantine,3.0,,ROT-Content/ModuleData/ROTassets.xml,,,,,,,,,,,,,,12.0,6.0,,,,,
tarly_soldier_armor,Tarly Soldier Armor,Item,BodyArmor,body_armor,reach,35.0,,ROT-Content/ModuleData/ROTassets.xml,,,,,,,,,,,,,,50.0,9.0,9.0,,,,
wight_horse,Wight Horse{@Plural}Wight horses{\@},Item,Horse,horse,wights,440.0,,ROT-Content/ModuleData/ROTassets.xml,,,,,,,,,,,,,,,,,50.0,60.0,30.0,100.0
unicorn1,Ebony Unicorn{@Plural}Ebony Unicorns{\@},Item,Horse,horse,skagosi,440.0,30000.0,ROT-Content/ModuleData/ROTassets.xml,,,,,,,,,,,,,,,,,60.0,70.0,90.0,200.0
unicorn2,Ivory Unicorn{@Plural}Ivory Unicorns{\@},Item,Horse,horse,skagosi,440.0,30000.0,ROT-Content/ModuleData/ROTassets.xml,,,,,,,,,,,,,,,,,60.0,70.0,90.0,200.0
unicorn3,Unicorn{@Plural}Unicorns{\@},Item,Horse,horse,skagosi,440.0,30000.0,ROT-Content/ModuleData/ROTassets.xml,,,,,,,,,,,,,,,,,55.0,65.0,80.0,200.0
white_walker_saddle,White Walker Saddle,Item,HorseHarness,body_armor,wights,50.0,,ROT-Content/ModuleData/ROTassets.xml,,,,,,,,,,,,,,50.0,,,,,,
golden_company_armor2,Golden Company Armor,Item,BodyArmor,body_armor,volantine,13.0,,ROT-Content/ModuleData/ROTassets.xml,,,,,,,,,,,,,,38.0,10.0,10.0,,,,
golden_company_boots,Golden Company Boots,Item,LegArmor,,volantene,1.5,,ROT-Content/ModuleData/ROTassets.xml,,,,,,,,,,,,,,,,21.0,,,,
golden_company_boots2,Golden Company Boots 2,Item,LegArmor,,volantene,1.5,,ROT-Content/ModuleData/ROTassets.xml,,,,,,,,,,,,,,,,21.0,,,,
golden_company_shield,Golden Company Shield,Item,Shield,,volantine,2.0,,ROT-Content/ModuleData/ROTassets.xml,LargeShield,,92.0,,,70.0,,,,Blunt,420.0,1.0,,,,,,,,
golden_company_shield2,Golden Company Shield 2,Item,Shield,,volantine,2.0,,ROT-Content/ModuleData/ROTassets.xml,LargeShield,,92.0,,,70.0,,,,Blunt,420.0,1.0,,,,,,,,
plate_armor_reinforcements,Plate Armor Reinforcements,Item,Cape,,dragonstone,3.0,,ROT-Content/ModuleData/ROTassets.xml,,,,,,,,,,,,,,15.0,5.0,,,,,
chain_armor_reinforcements,Chain Armor Reinforcements,Item,Cape,,bolton,3.0,,ROT-Content/ModuleData/ROTassets.xml,,,,,,,,,,,,,,13.0,7.0,,,,,
gc_hood,Golden Company Archer Hood,Item,HeadArmor,,volantine,1.0,,ROT-Content/ModuleData/ROTassets.xml,,,,,,,,,,,,,24.0,,,,,,,
kraken_armor,Kraken Armor,Item,BodyArmor,body_armor,sturgia,37.0,,ROT-Content/ModuleData/ROTassets.xml,,,,,,,,,,,,,,55.0,10.0,12.0,,,,
kraken_helmet,Kraken Helmet,Item,HeadArmor,,sturgia,3.5,,ROT-Content/ModuleData/ROTassets.xml,,,,,,,,,,,,,57.0,,,,,,,
whitewalker_armor,Whitewalker Armor,Item,BodyArmor,body_armor,whitewalker,2.0,,ROT-Content/ModuleData/ROTassets.xml,,,,,,,,,,,,,,55.0,20.0,20.0,,,,
kraken_pauldrons,Kraken Pauldrons,Item,Cape,,sturgia,5.0,,ROT-Content/ModuleData/ROTassets.xml,,,,,,,,,,,,,,18.0,12.0,,,,,
summer_helmet1,Summer Isles Chieftain Helmet,Item,HeadArmor,,summer,1.6,,ROT-Content/ModuleData/ROTassets.xml,,,,,,,,,,,,,42.0,,,,,,,
summer_helmet2,Summer Isles Cap,Item,HeadArmor,,summer,1.0,,ROT-Content/ModuleData/ROTassets.xml,,,,,,,,,,,,,32.0,,,,,,,
summer_helmet3,Summer Isles Champion Helmet,Item,HeadArmor,,summer,1.5,,ROT-Content/ModuleData/ROTassets.xml,,,,,,,,,,,,,40.0,,,,,,,
summer_helmet4,Summer Isles Tribesman Helmet,Item,HeadArmor,,summer,1.4,,ROT-Content/ModuleData/ROTassets.xml,,,,,,,,,,,,,36.0,,,,,,,
summer_helmet5,Summer Isles Warrior Helmet,Item,HeadArmor,,summer,1.4,,ROT-Content/ModuleData/ROTassets.xml,,,,,,,,,,,,,38.0,,,,,,,
summer_armor,Summer Isles Armor,Item,BodyArmor,body_armor,summer,14.0,,ROT-Content/ModuleData/ROTassets.xml,,,,,,,,,,,,,,42.0,6.0,8.0,,,,
summer_shoulders,Summer Isles Shoulders,Item,Cape,,summer,1.8,,ROT-Content/ModuleData/ROTassets.xml,,,,,,,,,,,,,,14.0,6.0,,,,,
summer_bracers,Summer Isles Bracers,Item,HandArmor,,summer,2.0,,ROT-Content/ModuleData/ROTassets.xml,,,,,,,,,,,,,,,22.0,,,,,
valyrian_surcoat_master,Valyrian Master Surcoat,Item,BodyArmor,body_armor,valyrian,2.0,,ROT-Content/ModuleData/ROTassets.xml,,,,,,,,,,,,,99.0,99.0,99.0,99.0,,,,
valyrian_pauldrons_master,Valyrian Master Pauldrons,Item,Cape,,valyrian,1.0,,ROT-Content/ModuleData/ROTassets.xml,,,,,,,,,,,,,,18.0,12.0,,,,,
goldenheart_longbow,Goldenheart Longbow,Item,Bow,,summer,0.1,200000.0,ROT-Content/ModuleData/ROTassets.xml,Bow,,94.0,87.0,100.0,118.0,,,97.0,Pierce,,,,,,,,,,
frey_helmet,Frey Steel Cap,Item,HeadArmor,,river,1.0,,ROT-Content/ModuleData/ROTassets.xml,,,,,,,,,,,,,30.0,,,,,,,
frey_helmet2,Frey Leather Cap,Item,HeadArmor,,river,0.8,,ROT-Content/ModuleData/ROTassets.xml,,,,,,,,,,,,,28.0,,,,,,,
frey_helmet3,Frey Helmet,Item,HeadArmor,,river,1.4,,ROT-Content/ModuleData/ROTassets.xml,,,,,,,,,,,,,36.0,,,,,,,
frey_armor,Frey Armor,Item,BodyArmor,body_armor,river,15.0,,ROT-Content/ModuleData/ROTassets.xml,,,,,,,,,,,,,,37.0,6.0,9.0,,,,
frey_gorget,Frey Gorget,Item,Cape,,river,1.8,,ROT-Content/ModuleData/ROTassets.xml,,,,,,,,,,,,,,12.0,,,,,,
frey_boots,Frey Boots,Item,LegArmor,,river,1.5,,ROT-Content/ModuleData/ROTassets.xml,,,,,,,,,,,,,,,,20.0,,,,
jaime_leather,Jaime Northern Armor,Item,BodyArmor,body_armor,battania,23.0,,ROT-Content/ModuleData/ROTassets.xml,,,,,,,,,,,,,,42.0,10.0,10.0,,,,
jaime_leather2,Jaime Northern Armor 2,Item,BodyArmor,body_armor,battania,23.0,,ROT-Content/ModuleData/ROTassets.xml,,,,,,,,,,,,,,42.0,10.0,10.0,,,,
renly_armor,Renly Armor,Item,BodyArmor,body_armor,stormlands,23.0,,ROT-Content/ModuleData/ROTassets.xml,,,,,,,,,,,,,,45.0,13.0,13.0,,,,
renly_crown,Renly Crown,Item,HeadArmor,,stormlands,0.5,,ROT-Content/ModuleData/ROTassets.xml,,,,,,,,,,,,,75.0,,,,,,,
renly_boots,Renly Boots,Item,LegArmor,,stormlands,1.5,,ROT-Content/ModuleData/ROTassets.xml,,,,,,,,,,,,,,,,21.0,,,,
renly_shoulders_cloak,Renly Shoulders and Cloak,Item,Cape,,stormlands,2.0,,ROT-Content/ModuleData/ROTassets.xml,,,,,,,,,,,,,,18.0,13.0,,,,,
renly_gloves,Renly Gloves,Item,HandArmor,,stormlands,1.5,,ROT-Content/ModuleData/ROTassets.xml,,,,,,,,,,,,,,,21.0,,,,,
renly_clothes,Renly Clothes,Item,BodyArmor,body_armor,stormlands,5.0,,ROT-Content/ModuleData/ROTassets.xml,,,,,,,,,,,,,,20.0,7.0,7.0,,,,
vale_bracers,Vale Bracers,Item,HandArmor,,vale,2.0,,ROT-Content/ModuleData/ROTassets.xml,,,,,,,,,,,,,,,21.0,,,,,
vale_bracers_gloves,Vale Bracers with Gloves,Item,HandArmor,,vale,3.0,,ROT-Content/ModuleData/ROTassets.xml,,,,,,,,,,,,,,,23.0,,,,,
chain_armor_short_tabbard,Chainmail with Short Tabard,Item,BodyArmor,body_armor,crownlands,29.0,,ROT-Content/ModuleData/ROTassets.xml,,,,,,,,,,,,,,47.0,11.0,11.0,,,,
scale_armor_short_tabbard,Scalemail with Short Tabard,Item,BodyArmor,body_armor,riverlands,29.0,,ROT-Content/ModuleData/ROTassets.xml,,,,,,,,,,,,,,47.0,11.0,11.0,,,,
chain_armor_long_tabbard,Chainmail with Long Tabard,Item,BodyArmor,body_armor,dragonstone,29.0,,ROT-Content/ModuleData/ROTassets.xml,,,,,,,,,,,,,,47.0,11.0,11.0,,,,
scale_armor_long_tabbard,Scalemail with Long Tabard,Item,BodyArmor,body_armor,riverlands,29.0,,ROT-Content/ModuleData/ROTassets.xml,,,,,,,,,,,,,,47.0,11.0,11.0,,,,
chainmail,Chainmail,Item,BodyArmor,body_armor,dragonstone,28.0,,ROT-Content/ModuleData/ROTassets.xml,,,,,,,,,,,,,,45.0,11.0,11.0,,,,
scale_armor,Scalemail,Item,BodyArmor,body_armor,river,28.0,,ROT-Content/ModuleData/ROTassets.xml,,,,,,,,,,,,,,45.0,11.0,11.0,,,,
baratheon_barbute,Baratheon Barbute,Item,HeadArmor,,dragonstone,1.5,,ROT-Content/ModuleData/ROTassets.xml,,,,,,,,,,,,,38.0,,,,,,,
dunc_helmet,Dunc Helmet,Item,HeadArmor,,crownlands,1.7,,ROT-Content/ModuleData/ROTassets.xml,,,,,,,,,,,,,56.0,,,,,,,
dunc_helmet2,Dunc Helmet 2,Item,HeadArmor,,crownlands,1.7,,ROT-Content/ModuleData/ROTassets.xml,,,,,,,,,,,,,56.0,,,,,,,
realm_knight_helmet,Realm Knight Helmet,Item,HeadArmor,,crownlands,1.7,,ROT-Content/ModuleData/ROTassets.xml,,,,,,,,,,,,,55.0,,,,,,,
realm_knight_helmet2,Realm Knight Helmet 2,Item,HeadArmor,,crownlands,1.7,,ROT-Content/ModuleData/ROTassets.xml,,,,,,,,,,,,,55.0,,,,,,,
tabard_pauldrons,Tabard Pauldrons,Item,Cape,,dragonstone,5.0,,ROT-Content/ModuleData/ROTassets.xml,,,,,,,,,,,,,,17.0,12.0,,,,,
tabard_pauldrons2,Tabard Pauldrons 2,Item,Cape,,crownlands,5.0,,ROT-Content/ModuleData/ROTassets.xml,,,,,,,,,,,,,,17.0,12.0,,,,,
tabard_pauldrons3,Tabard Pauldrons 3,Item,Cape,,dragonstone,5.0,,ROT-Content/ModuleData/ROTassets.xml,,,,,,,,,,,,,,17.0,12.0,,,,,
tabard_pauldrons4,Tabard Pauldrons 4,Item,Cape,,crownlands,5.0,,ROT-Content/ModuleData/ROTassets.xml,,,,,,,,,,,,,,17.0,12.0,,,,,
tabard_gorget,Tabard Gorget,Item,Cape,,dragonstone,3.0,,ROT-Content/ModuleData/ROTassets.xml,,,,,,,,,,,,,,17.0,,,,,,
tabard_gorget2,Tabard Gorget 2,Item,Cape,,dragonstone,3.0,,ROT-Content/ModuleData/ROTassets.xml,,,,,,,,,,,,,,17.0,,,,,,
tarth_armor,Tarth Militia Armor,Item,BodyArmor,body_armor,stormlands,15.0,,ROT-Content/ModuleData/ROTassets.xml,,,,,,,,,,,,,,34.0,9.0,9.0,,,,
tarth_armor2,Tarth Armor,Item,BodyArmor,body_armor,stormlands,15.0,,ROT-Content/ModuleData/ROTassets.xml,,,,,,,,,,,,,,39.0,12.0,12.0,,,,
tarth_shoulders,Tarth Shoulders,Item,Cape,,stormlands,5.0,,ROT-Content/ModuleData/ROTassets.xml,,,,,,,,,,,,,,14.0,8.0,,,,,
tarth_coif,Tarth Coif,Item,HeadArmor,,stormlands,1.0,,ROT-Content/ModuleData/ROTassets.xml,,,,,,,,,,,,,27.0,,,,,,,
tarth_helmet,Tarth Helmet,Item,HeadArmor,,stormlands,1.5,,ROT-Content/ModuleData/ROTassets.xml,,,,,,,,,,,,,38.0,,,,,,,
tarth_helmet2,Tarth Light Helmet,Item,HeadArmor,,stormlands,1.2,,ROT-Content/ModuleData/ROTassets.xml,,,,,,,,,,,,,33.0,,,,,,,
tarth_helmet3,Tarth Helmet 2,Item,HeadArmor,,stormlands,1.4,,ROT-Content/ModuleData/ROTassets.xml,,,,,,,,,,,,,35.0,,,,,,,
tarth_gloves,Tarth Bracers with Gloves,Item,HandArmor,,stormlands,3.0,,ROT-Content/ModuleData/ROTassets.xml,,,,,,,,,,,,,,,23.0,,,,,
nightswatch_brigandine,Night's Watch Brigandine,Item,BodyArmor,body_armor,nightswatch,15.0,,ROT-Content/ModuleData/ROTassets.xml,,,,,,,,,,,,,,39.0,12.0,12.0,,,,
brigandine1,Brigandine,Item,BodyArmor,body_armor,battania,15.0,,ROT-Content/ModuleData/ROTassets.xml,,,,,,,,,,,,,,39.0,12.0,12.0,,,,
brigandine2,Green Brigandine,Item,BodyArmor,body_armor,aserai,15.0,,ROT-Content/ModuleData/ROTassets.xml,,,,,,,,,,,,,,39.0,12.0,12.0,,,,
tyroshi_armor,Tyroshi Armor,Item,BodyArmor,body_armor,tyroshi,15.0,,ROT-Content/ModuleData/ROTassets.xml,,,,,,,,,,,,,,39.0,10.0,10.0,,,,
tyroshi_helmet,Tyroshi Helmet,Item,HeadArmor,,tyroshi,1.2,,ROT-Content/ModuleData/ROTassets.xml,,,,,,,,,,,,,33.0,,,,,,,
tyroshi_helmet2,Tyroshi Helmet 2,Item,HeadArmor,,tyroshi,1.3,,ROT-Content/ModuleData/ROTassets.xml,,,,,,,,,,,,,36.0,,,,,,,
tyroshi_shoulders,Tyroshi Shoulders,Item,Cape,,tyroshi,5.0,,ROT-Content/ModuleData/ROTassets.xml,,,,,,,,,,,,,,14.0,8.0,,,,,
tyroshi_bracers,Tyroshi Bracers,Item,HandArmor,,tyroshi,2.0,,ROT-Content/ModuleData/ROTassets.xml,,,,,,,,,,,,,,,20.0,,,,,
tyroshi_armor2,Tyroshi Lord Armor,Item,BodyArmor,body_armor,tyroshi,33.0,,ROT-Content/ModuleData/ROTassets.xml,,,,,,,,,,,,,,48.0,10.0,10.0,,,,
tyroshi_armor3,Tyroshi Lord Armor 2,Item,BodyArmor,body_armor,tyroshi,33.0,,ROT-Content/ModuleData/ROTassets.xml,,,,,,,,,,,,,,48.0,10.0,10.0,,,,
tyroshi_armor4,Tyroshi Steel Armor,Item,BodyArmor,body_armor,tyroshi,35.0,,ROT-Content/ModuleData/ROTassets.xml,,,,,,,,,,,,,,46.0,10.0,10.0,,,,
tyroshi_boots,Tyroshi Boots,Item,LegArmor,,tyroshi,1.5,,ROT-Content/ModuleData/ROTassets.xml,,,,,,,,,,,,,,,,20.0,,,,
tyroshi_boots2,Tyroshi Lord Boots,Item,LegArmor,,tyroshi,1.5,,ROT-Content/ModuleData/ROTassets.xml,,,,,,,,,,,,,,,,21.0,,,,
tyroshi_bracers2,Tyroshi Lord Bracers,Item,HandArmor,,tyroshi,2.0,,ROT-Content/ModuleData/ROTassets.xml,,,,,,,,,,,,,,,22.0,,,,,
tyroshi_bracers3,Tyroshi Elite Bracers,Item,HandArmor,,tyroshi,2.0,,ROT-Content/ModuleData/ROTassets.xml,,,,,,,,,,,,,,,21.0,,,,,
tyroshi_bracers4,Tyroshi Steel Bracers,Item,HandArmor,,tyroshi,2.0,,ROT-Content/ModuleData/ROTassets.xml,,,,,,,,,,,,,,,21.0,,,,,
tyroshi_helmet3,Tyroshi Elite Helmet,Item,HeadArmor,,tyroshi,1.3,,ROT-Content/ModuleData/ROTassets.xml,,,,,,,,,,,,,45.0,,,,,,,
tyroshi_helmet4,Tyroshi Steel Helmet,Item,HeadArmor,,tyroshi,1.3,,ROT-Content/ModuleData/ROTassets.xml,,,,,,,,,,,,,39.0,,,,,,,
tyroshi_shoulders2,Tyroshi Elite Shoulders,Item,Cape,,tyroshi,5.0,,ROT-Content/ModuleData/ROTassets.xml,,,,,,,,,,,,,,15.0,8.0,,,,,
tyroshi_shoulders3,Tyroshi Steel Shoulders,Item,Cape,,tyroshi,5.0,,ROT-Content/ModuleData/ROTassets.xml,,,,,,,,,,,,,,15.0,8.0,,,,,
goldcloak_armor,City Watch Armor,Item,BodyArmor,body_armor,crownlands,24.0,,ROT-Content/ModuleData/ROTassets.xml,,,,,,,,,,,,,,41.0,10.0,10.0,,,,
goldcloak_armor2,Gold Cloak Armor,Item,BodyArmor,body_armor,crownlands,24.0,,ROT-Content/ModuleData/ROTassets.xml,,,,,,,,,,,,,,41.0,10.0,10.0,,,,
goldcloak_helmet,City Watch Helmet,Item,HeadArmor,,crownlands,1.5,,ROT-Content/ModuleData/ROTassets.xml,,,,,,,,,,,,,36.0,,,,,,,
goldcloak_helmet2,Gold Cloak Helmet,Item,HeadArmor,,crownlands,1.5,,ROT-Content/ModuleData/ROTassets.xml,,,,,,,,,,,,,38.0,,,,,,,
goldcloak_boots,Gold Cloak Boots,Item,LegArmor,,crownlands,2.0,,ROT-Content/ModuleData/ROTassets.xml,,,,,,,,,,,,,,,,22.0,,,,
goldcloak_gloves,Gold Cloak Gloves,Item,HandArmor,,crownlands,2.0,,ROT-Content/ModuleData/ROTassets.xml,,,,,,,,,,,,,,,22.0,,,,,
goldcloak_golden_cloak,Gold Cloak,Item,Cape,body_armor,crownlands,1.5,,ROT-Content/ModuleData/ROTassets.xml,,,,,,,,,,,,,,11.0,,,,,,
lyseni_armor,Lyseni Armor,Item,BodyArmor,body_armor,lyseni,15.0,,ROT-Content/ModuleData/ROTassets.xml,,,,,,,,,,,,,,38.0,8.0,11.0,,,,
lyseni_boots,Lyseni Boots,Item,LegArmor,,lyseni,1.5,,ROT-Content/ModuleData/ROTassets.xml,,,,,,,,,,,,,,,,21.0,,,,
lyseni_bracers,Lyseni Bracers,Item,HandArmor,,lyseni,2.0,,ROT-Content/ModuleData/ROTassets.xml,,,,,,,,,,,,,,,21.0,,,,,
lyseni_helmet,Lyseni Archer's Helmet,Item,HeadArmor,,lyseni,1.2,,ROT-Content/ModuleData/ROTassets.xml,,,,,,,,,,,,,33.0,,,,,,,
lyseni_helmet2,Lyseni Feathered Helmet,Item,HeadArmor,,lyseni,1.5,,ROT-Content/ModuleData/ROTassets.xml,,,,,,,,,,,,,38.0,,,,,,,
lyseni_helmet3,Lyseni Helmet,Item,HeadArmor,,lyseni,1.4,,ROT-Content/ModuleData/ROTassets.xml,,,,,,,,,,,,,36.0,,,,,,,
lyseni_helmet4,Lyseni Crested Helmet,Item,HeadArmor,,lyseni,1.8,,ROT-Content/ModuleData/ROTassets.xml,,,,,,,,,,,,,39.0,,,,,,,
lyseni_helmet5,Lyseni Horned Helmet,Item,HeadArmor,,lyseni,1.8,,ROT-Content/ModuleData/ROTassets.xml,,,,,,,,,,,,,40.0,,,,,,,
lyseni_helmet6,Lyseni Lord Helmet,Item,HeadArmor,,lyseni,2.0,,ROT-Content/ModuleData/ROTassets.xml,,,,,,,,,,,,,53.0,,,,,,,
tyroshi_shield,Tyroshi Shield,Item,Shield,,tyroshi,2.0,,ROT-Content/ModuleData/ROTassets.xml,LargeShield,,90.0,,,63.0,,,,Blunt,380.0,1.0,,,,,,,,
lyseni_lord_armor,Lyseni Elite Armor,Item,BodyArmor,body_armor,lyseni,34.0,,ROT-Content/ModuleData/ROTassets.xml,,,,,,,,,,,,,,50.0,9.0,11.0,,,,
lyseni_shoulders,Lyseni Elite Pauldrons,Item,Cape,,lyseni,5.0,,ROT-Content/ModuleData/ROTassets.xml,,,,,,,,,,,,,,15.0,9.0,,,,,
lyseni_shoulders2,Lyseni Pauldrons,Item,Cape,,lyseni,5.0,,ROT-Content/ModuleData/ROTassets.xml,,,,,,,,,,,,,,14.0,8.0,,,,,
lyseni_bracers2,Lyseni Elite Bracers,Item,HandArmor,,lyseni,2.0,,ROT-Content/ModuleData/ROTassets.xml,,,,,,,,,,,,,,,22.0,,,,,
umber_cloak,Umber Lord Cloak,Item,Cape,body_armor,battania,2.2,,ROT-Content/ModuleData/ROTassets.xml,,,,,,,,,,,,,,13.0,,,,,,
umber_cloak2,Umber Cloak,Item,Cape,body_armor,battania,2.2,,ROT-Content/ModuleData/ROTassets.xml,,,,,,,,,,,,,,11.0,,,,,,
umber_helmet,Umber Helmet,Item,HeadArmor,,battania,1.8,,ROT-Content/ModuleData/ROTassets.xml,,,,,,,,,,,,,40.0,,,,,,,
umber_helmet2,Umber Helmet 2,Item,HeadArmor,,battania,1.6,,ROT-Content/ModuleData/ROTassets.xml,,,,,,,,,,,,,37.0,,,,,,,
umber_gloves,Umber Gloves,Item,HandArmor,,battania,2.2,,ROT-Content/ModuleData/ROTassets.xml,,,,,,,,,,,,,,,23.0,,,,,
umber_boots2,Umber Boots,Item,LegArmor,,battania,1.5,,ROT-Content/ModuleData/ROTassets.xml,,,,,,,,,,,,,,,,21.0,,,,
umber_armor,Umber Lord Armor,Item,BodyArmor,body_armor,battania,15.0,,ROT-Content/ModuleData/ROTassets.xml,,,,,,,,,,,,,,45.0,10.0,10.0,,,,
umber_armor2,Umber Armor,Item,BodyArmor,body_armor,battania,15.0,,ROT-Content/ModuleData/ROTassets.xml,,,,,,,,,,,,,,38.0,11.0,8.0,,,,
dondarion_coif,Dondarrion Coif,Item,HeadArmor,,stormlands,0.8,,ROT-Content/ModuleData/ROTassets.xml,,,,,,,,,,,,,31.0,,,,,,,
dondarion_helmet,Dondarrion Helmet,Item,HeadArmor,,stormlands,1.5,,ROT-Content/ModuleData/ROTassets.xml,,,,,,,,,,,,,37.0,,,,,,,
dondarion_helmet2,Dondarrion Elite Helmet,Item,HeadArmor,,stormlands,1.7,,ROT-Content/ModuleData/ROTassets.xml,,,,,,,,,,,,,44.0,,,,,,,
cersei_red_dress,Cersei's Red Dress,Item,BodyArmor,body_armor,crownlands,3.0,,ROT-Content/ModuleData/ROTassets.xml,,,,,,,,,,,,,,20.0,8.0,8.0,,,,
cersei_armor,Cersei's Armored Dress,Item,BodyArmor,body_armor,crownlands,3.5,,ROT-Content/ModuleData/ROTassets.xml,,,,,,,,,,,,,,50.0,25.0,15.0,,,,
dondarion_armor,Dondarrion Plate,Item,BodyArmor,body_armor,stormlands,35.0,,ROT-Content/ModuleData/ROTassets.xml,,,,,,,,,,,,,,48.0,10.0,10.0,,,,
dondarion_armor2,Dondarrion Plate with Tabard,Item,BodyArmor,body_armor,stormlands,36.0,,ROT-Content/ModuleData/ROTassets.xml,,,,,,,,,,,,,,51.0,11.0,10.0,,,,
dondarion_pauldrons,Dondarrion Pauldrons,Item,Cape,,stormlands,5.0,,ROT-Content/ModuleData/ROTassets.xml,,,,,,,,,,,,,,17.0,13.0,,,,,
mountain_armor,Mountain Armor,Item,BodyArmor,body_armor,vlandia,40.0,,ROT-Content/ModuleData/ROTassets.xml,,,,,,,,,,,,,,56.0,12.0,12.0,,,,
mountain_helmet,Mountain Helmet,Item,HeadArmor,,vlandia,4.0,,ROT-Content/ModuleData/ROTassets.xml,,,,,,,,,,,,,59.0,,,,,,,
mountain_pauldrons,Mountain Pauldrons,Item,Cape,,vlandia,8.0,,ROT-Content/ModuleData/ROTassets.xml,,,,,,,,,,,,,,18.0,13.0,,,,,
mountain_boots,Mountain Boots,Item,LegArmor,,vlandia,2.5,,ROT-Content/ModuleData/ROTassets.xml,,,,,,,,,,,,,,,,26.0,,,,
mountain_gloves,Mountain Gloves,Item,HandArmor,,vlandia,2.2,,ROT-Content/ModuleData/ROTassets.xml,,,,,,,,,,,,,,,23.0,,,,,
mountain_gauntlets,Mountain Gauntlets,Item,HandArmor,,vlandia,3.0,,ROT-Content/ModuleData/ROTassets.xml,,,,,,,,,,,,,,,26.0,,,,,
dondarion_gloves,Dondarrion Plated Gloves,Item,HandArmor,,stormlands,2.5,,ROT-Content/ModuleData/ROTassets.xml,,,,,,,,,,,,,,,25.0,,,,,
dondarion_leather,Dondarrion Ringed Leather,Item,BodyArmor,body_armor,stormlands,15.0,,ROT-Content/ModuleData/ROTassets.xml,,,,,,,,,,,,,,38.0,9.0,12.0,,,,
dondarion_gloves2,Dondarrion Gloves,Item,HandArmor,,stormlands,2.0,,ROT-Content/ModuleData/ROTassets.xml,,,,,,,,,,,,,,,21.0,,,,,
dondarion_helmet3,Dondarrion Archer's Helmet,Item,HeadArmor,,stormlands,1.4,,ROT-Content/ModuleData/ROTassets.xml,,,,,,,,,,,,,36.0,,,,,,,
dondarion_boots,Dondarrion Plated Boots,Item,LegArmor,,stormlands,2.3,,ROT-Content/ModuleData/ROTassets.xml,,,,,,,,,,,,,,,,24.0,,,,
dondarion_boots2,Dondarrion Boots,Item,LegArmor,,stormlands,2.1,,ROT-Content/ModuleData/ROTassets.xml,,,,,,,,,,,,,,,,21.0,,,,
north_leather,Northern Leather,Item,BodyArmor,body_armor,battania,10.0,,ROT-Content/ModuleData/ROTassets.xml,,,,,,,,,,,,,,29.0,8.0,12.0,,,,
baratheon_boots,Baratheon Boots,Item,LegArmor,,stormlands,2.1,,ROT-Content/ModuleData/ROTassets.xml,,,,,,,,,,,,,,,,21.0,,,,
dragonstone_plate_gloves,Dragonstone Plated Gloves,Item,HandArmor,,dragonstone,2.5,,ROT-Content/ModuleData/ROTassets.xml,,,,,,,,,,,,,,,25.0,,,,,
dragonstone_plate,Dragonstone Plate,Item,BodyArmor,body_armor,dragonstone,34.0,,ROT-Content/ModuleData/ROTassets.xml,,,,,,,,,,,,,,48.0,11.0,11.0,,,,
dragonstone_shoulder,Dragonstone Shoulders,Item,Cape,,dragonstone,4.0,,ROT-Content/ModuleData/ROTassets.xml,,,,,,,,,,,,,,15.0,6.0,,,,,
dragonstone_shoulder_cape,Dragonstone Shoulders with Cape,Item,Cape,,dragonstone,4.3,,ROT-Content/ModuleData/ROTassets.xml,,,,,,,,,,,,,,16.0,7.0,,,,,
stormlands_plate,Stormlands Plate,Item,BodyArmor,body_armor,stormlands,34.0,,ROT-Content/ModuleData/ROTassets.xml,,,,,,,,,,,,,,48.0,11.0,11.0,,,,
baratheon_shoulder,Baratheon Shoulders,Item,Cape,,stormlands,4.0,,ROT-Content/ModuleData/ROTassets.xml,,,,,,,,,,,,,,15.0,6.0,,,,,
baratheon_plate_gloves,Baratheon Plated Gloves,Item,HandArmor,,stormlands,2.5,,ROT-Content/ModuleData/ROTassets.xml,,,,,,,,,,,,,,,25.0,,,,,
baratheon_antler_helmet,Baratheon Antler Helmet,Item,HeadArmor,,stormlands,3.7,,ROT-Content/ModuleData/ROTassets.xml,,,,,,,,,,,,,59.0,,,,,,,
lyseni_shield,Lyseni Shield,Item,Shield,,lyseni,4.7,,ROT-Content/ModuleData/ROTassets.xml,LargeShield,,82.0,,,95.0,,,,Blunt,390.0,1.0,,,,,,,,
myrish_armor,Myrish Plate,Item,BodyArmor,body_armor,myrish,34.0,,ROT-Content/ModuleData/ROTassets.xml,,,,,,,,,,,,,,48.0,10.0,10.0,,,,
myrish_helmet,Myrish Elite Helmet,Item,HeadArmor,,myrish,3.4,,ROT-Content/ModuleData/ROTassets.xml,,,,,,,,,,,,,53.0,,,,,,,
myrish_helmet2,Myrish Helmet,Item,HeadArmor,,myrish,3.2,,ROT-Content/ModuleData/ROTassets.xml,,,,,,,,,,,,,40.0,,,,,,,
myrish_gloves,Myrish Plated Gloves,Item,HandArmor,,myrish,2.5,,ROT-Content/ModuleData/ROTassets.xml,,,,,,,,,,,,,,,25.0,,,,,
myrish_gloves2,Myrish Gloves,Item,HandArmor,,myrish,2.1,,ROT-Content/ModuleData/ROTassets.xml,,,,,,,,,,,,,,,21.0,,,,,
myrish_shoulders,Myrish Pauldrons,Item,Cape,,myrish,4.5,,ROT-Content/ModuleData/ROTassets.xml,,,,,,,,,,,,,,16.0,13.0,,,,,
myrish_boots,Myrish Plated Boots,Item,LegArmor,,myrish,2.4,,ROT-Content/ModuleData/ROTassets.xml,,,,,,,,,,,,,,,,25.0,,,,
myrish_boots2,Myrish Boots,Item,LegArmor,,myrish,1.3,,ROT-Content/ModuleData/ROTassets.xml,,,,,,,,,,,,,,,,21.0,,,,
myrish_shoulders2,Myrish Shoulders,Item,Cape,,myrish,3.6,,ROT-Content/ModuleData/ROTassets.xml,,,,,,,,,,,,,,15.0,8.0,,,,,
dayne_plate,Dayne Plate,Item,BodyArmor,body_armor,aserai,35.0,,ROT-Content/ModuleData/ROTassets.xml,,,,,,,,,,,,,,50.0,11.0,9.0,,,,
dayne_armor2,Dayne Plated Armor,Item,BodyArmor,body_armor,aserai,19.0,,ROT-Content/ModuleData/ROTassets.xml,,,,,,,,,,,,,,42.0,9.0,9.0,,,,
dayne_armor3,Dayne Leather Armor,Item,BodyArmor,body_armor,aserai,14.0,,ROT-Content/ModuleData/ROTassets.xml,,,,,,,,,,,,,,36.0,8.0,8.0,,,,
dayne_pauldrons,Dayne Pauldrons,Item,Cape,,aserai,5.0,,ROT-Content/ModuleData/ROTassets.xml,,,,,,,,,,,,,,17.0,10.0,,,,,
dayne_shoulders,Dayne Leather Shoulders,Item,Cape,,aserai,2.5,,ROT-Content/ModuleData/ROTassets.xml,,,,,,,,,,,,,,13.0,8.0,,,,,
dayne_plate_gloves,Dayne Plated Gloves,Item,HandArmor,,aserai,2.5,,ROT-Content/ModuleData/ROTassets.xml,,,,,,,,,,,,,,,24.0,,,,,
dayne_gloves2,Dayne Leather Gloves,Item,HandArmor,,aserai,2.0,,ROT-Content/ModuleData/ROTassets.xml,,,,,,,,,,,,,,,21.0,,,,,
dayne_helmet2,Dayne Elite Helmet,Item,HeadArmor,,aserai,1.7,,ROT-Content/ModuleData/ROTassets.xml,,,,,,,,,,,,,51.0,,,,,,,
dayne_helmet3,Dayne Soldier Helmet,Item,HeadArmor,,aserai,1.6,,ROT-Content/ModuleData/ROTassets.xml,,,,,,,,,,,,,37.0,,,,,,,
dayne_helmet4,Dayne Kettle Helmet,Item,HeadArmor,,aserai,1.5,,ROT-Content/ModuleData/ROTassets.xml,,,,,,,,,,,,,34.0,,,,,,,
dayne_plate_boots,Dayne Plated Boots,Item,LegArmor,,aserai,2.4,,ROT-Content/ModuleData/ROTassets.xml,,,,,,,,,,,,,,,,25.0,,,,
dayne_leather_boots,Dayne Leather Boots,Item,LegArmor,,aserai,2.0,,ROT-Content/ModuleData/ROTassets.xml,,,,,,,,,,,,,,,,21.0,,,,
dragon_black,Drogon,Item,Horse,horse,,1000.0,,ROT-Content/ModuleData/ROTassets.xml,,,,,,,,,,,,,,,,,45.0,55.0,200.0,1000.0
dragon_brown,Rhaegal,Item,Horse,horse,,1000.0,,ROT-Content/ModuleData/ROTassets.xml,,,,,,,,,,,,,,,,,40.0,55.0,200.0,
dragon_gold,Gold Dragon,Item,Horse,horse,,1000.0,,ROT-Content/ModuleData/ROTassets.xml,,,,,,,,,,,,,,,,,35.0,55.0,200.0,
dragon_green,Viserion,Item,Horse,horse,,1000.0,,ROT-Content/ModuleData/ROTassets.xml,,,,,,,,,,,,,,,,,35.0,55.0,200.0,
dragon_smoke,Sea Smoke,Item,Horse,horse,,1000.0,,ROT-Content/ModuleData/ROTassets.xml,,,,,,,,,,,,,,,,,50.0,55.0,200.0,
dragon_red,Draeghar,Item,Horse,horse,,1000.0,,ROT-Content/ModuleData/ROTassets.xml,,,,,,,,,,,,,,,,,50.0,55.0,200.0,
dragon_black2,Flying Drogon,Item,Horse,horse,,1000.0,,ROT-Content/ModuleData/ROTassets.xml,,,,,,,,,,,,,,,,,100.0,55.0,200.0,1000.0
dragon_brown2,Flying Rhaegal,Item,Horse,horse,,1000.0,,ROT-Content/ModuleData/ROTassets.xml,,,,,,,,,,,,,,,,,100.0,55.0,200.0,
dragon_gold2,Flying Gold Dragon,Item,Horse,horse,,1000.0,,ROT-Content/ModuleData/ROTassets.xml,,,,,,,,,,,,,,,,,100.0,55.0,200.0,
dragon_green2,Flying Viserion,Item,Horse,horse,,1000.0,,ROT-Content/ModuleData/ROTassets.xml,,,,,,,,,,,,,,,,,100.0,55.0,200.0,
dragon_smoke2,Flying Sea Smoke,Item,Horse,horse,,1000.0,,ROT-Content/ModuleData/ROTassets.xml,,,,,,,,,,,,,,,,,100.0,55.0,200.0,
dragon_red2,Flying Draeghar,Item,Horse,horse,,1000.0,,ROT-Content/ModuleData/ROTassets.xml,,,,,,,,,,,,,,,,,100.0,55.0,200.0,
dragon_thumbnail,Dragon,Item,Goods,,,1.0,1.0,ROT-Content/ModuleData/ROTassets.xml,,,,,,,,,,,,,,,,,,,,
kingsguard_horse_armor,Kingsguard Horse Armor,Item,HorseHarness,body_armor,crownlands,145.0,,ROT-Content/ModuleData/ROTassets.xml,,,,,,,,,,,,,,80.0,,,,,,
myrish_shield,Myrish Shield,Item,Shield,,myrish,5.7,,ROT-Content/ModuleData/ROTassets.xml,LargeShield,,82.0,,,95.0,,,,Blunt,450.0,1.0,,,,,,,,
tarly_pauldrons,Tarly Pauldrons,Item,Cape,,reach,5.0,,ROT-Content/ModuleData/ROTassets.xml,,,,,,,,,,,,,,17.0,10.0,,,,,
bolton_kite_shield,Bolton Kite Shield,Item,Shield,,battania,5.7,,ROT-Content/ModuleData/ROTassets.xml,LargeShield,,82.0,,,95.0,,,,Blunt,360.0,1.0,,,,,,,,
bolton_oval_shield,Bolton Oval Shield,Item,Shield,,battania,5.7,,ROT-Content/ModuleData/ROTassets.xml,LargeShield,,82.0,,,95.0,,,,Blunt,390.0,1.0,,,,,,,,
bolton_plate,Bolton Plate,Item,BodyArmor,body_armor,battania,32.0,,ROT-Content/ModuleData/ROTassets.xml,,,,,,,,,,,,,,47.0,11.0,10.0,,,,
bolton_helmet2,Bolton Helmet,Item,HeadArmor,,battania,2.1,,ROT-Content/ModuleData/ROTassets.xml,,,,,,,,,,,,,35.0,,,,,,,
bolton_helmet3,Bolton Helmet with Cheekguards,Item,HeadArmor,,battania,2.2,,ROT-Content/ModuleData/ROTassets.xml,,,,,,,,,,,,,36.0,,,,,,,
bolton_gorget,Bolton Gorget,Item,Cape,,battania,5.0,,ROT-Content/ModuleData/ROTassets.xml,,,,,,,,,,,,,,13.0,0.0,,,,,
bolton_boots2,Bolton Leather Boots,Item,LegArmor,,battania,1.3,,ROT-Content/ModuleData/ROTassets.xml,,,,,,,,,,,,,,,,20.0,,,,
rot_horse_armor1,Red/Black Horse Armor,Item,HorseHarness,body_armor,crownlands,140.0,,ROT-Content/ModuleData/ROTassets.xml,,,,,,,,,,,,,,75.0,,,,,,
rot_horse_armor2,Red/Black Horse Armor 2,Item,HorseHarness,body_armor,crownlands,140.0,,ROT-Content/ModuleData/ROTassets.xml,,,,,,,,,,,,,,75.0,,,,,,
rot_horse_armor3,Baratheon Horse Armor,Item,HorseHarness,body_armor,stormlands,140.0,,ROT-Content/ModuleData/ROTassets.xml,,,,,,,,,,,,,,75.0,,,,,,
rot_horse_armor4,Bolton Horse Armor,Item,HorseHarness,body_armor,battania,140.0,,ROT-Content/ModuleData/ROTassets.xml,,,,,,,,,,,,,,75.0,,,,,,
rot_horse_armor5,Greyjoy Horse Armor,Item,HorseHarness,body_armor,sturgia,140.0,,ROT-Content/ModuleData/ROTassets.xml,,,,,,,,,,,,,,75.0,,,,,,
rot_horse_armor6,Hightower Horse Armor,Item,HorseHarness,body_armor,reach,140.0,,ROT-Content/ModuleData/ROTassets.xml,,,,,,,,,,,,,,75.0,,,,,,
rot_horse_armor13,Lannister Horse Armor,Item,HorseHarness,body_armor,vlandia,140.0,,ROT-Content/ModuleData/ROTassets.xml,,,,,,,,,,,,,,75.0,,,,,,
rot_horse_armor8,Targaryen Horse Armor,Item,HorseHarness,body_armor,valyrian,140.0,,ROT-Content/ModuleData/ROTassets.xml,,,,,,,,,,,,,,75.0,,,,,,
rot_horse_armor9,Targaryen Horse Armor 2,Item,HorseHarness,body_armor,valyrian,140.0,,ROT-Content/ModuleData/ROTassets.xml,,,,,,,,,,,,,,75.0,,,,,,
rot_horse_armor10,Tully Horse Armor,Item,HorseHarness,body_armor,river,140.0,,ROT-Content/ModuleData/ROTassets.xml,,,,,,,,,,,,,,75.0,,,,,,
rot_horse_armor11,Tyrell Horse Armor,Item,HorseHarness,body_armor,reach,140.0,,ROT-Content/ModuleData/ROTassets.xml,,,,,,,,,,,,,,75.0,,,,,,
rot_horse_armor12,Arryn Horse Armor,Item,HorseHarness,body_armor,vale,140.0,,ROT-Content/ModuleData/ROTassets.xml,,,,,,,,,,,,,,75.0,,,,,,
rot_horse_mail,Stark Horse Mail,Item,HorseHarness,body_armor,battania,145.0,,ROT-Content/ModuleData/ROTassets.xml,,,,,,,,,,,,,,72.0,,,,,,
rot_horse_mail2,Stark Horse Mail 2,Item,HorseHarness,body_armor,battania,145.0,,ROT-Content/ModuleData/ROTassets.xml,,,,,,,,,,,,,,77.0,,,,,,
rot_horse_harness1,Dornish Harness,Item,HorseHarness,body_armor,aserai,100.0,,ROT-Content/ModuleData/ROTassets.xml,,,,,,,,,,,,,,40.0,,,,,,
rot_horse_saddle1,Andal Saddle with Bronze Faceguard,Item,HorseHarness,body_armor,crownlands,100.0,,ROT-Content/ModuleData/ROTassets.xml,,,,,,,,,,,,,,35.0,,,,,,
rot_horse_saddle2,Andal Saddle with Steel Faceguard,Item,HorseHarness,body_armor,crownlands,100.0,,ROT-Content/ModuleData/ROTassets.xml,,,,,,,,,,,,,,35.0,,,,,,
rot_horse_saddle3,Stark Saddle with Steel Faceguard,Item,HorseHarness,body_armor,battania,100.0,,ROT-Content/ModuleData/ROTassets.xml,,,,,,,,,,,,,,35.0,,,,,,
rot_horse_armor17,Manderly Horse Armor,Item,HorseHarness,body_armor,battania,140.0,,ROT-Content/ModuleData/ROTassets.xml,,,,,,,,,,,,,,75.0,,,,,,
rot_horse_armor18,Dayne Horse Armor,Item,HorseHarness,body_armor,aserai,140.0,,ROT-Content/ModuleData/ROTassets.xml,,,,,,,,,,,,,,75.0,,,,,,
rot_horse_armor19,Clegane Horse Armor,Item,HorseHarness,body_armor,vlandia,140.0,,ROT-Content/ModuleData/ROTassets.xml,,,,,,,,,,,,,,75.0,,,,,,
rot_horse_armor20,Royce Horse Armor,Item,HorseHarness,body_armor,vale,140.0,,ROT-Content/ModuleData/ROTassets.xml,,,,,,,,,,,,,,75.0,,,,,,
rot_horse_armor21,Vale Horse Armor,Item,HorseHarness,body_armor,vale,140.0,,ROT-Content/ModuleData/ROTassets.xml,,,,,,,,,,,,,,75.0,,,,,,
rot_horse_armor22,Bracken Horse Armor,Item,HorseHarness,body_armor,river,140.0,,ROT-Content/ModuleData/ROTassets.xml,,,,,,,,,,,,,,75.0,,,,,,
rot_horse_armor23,Blackwood Horse Armor,Item,HorseHarness,body_armor,river,140.0,,ROT-Content/ModuleData/ROTassets.xml,,,,,,,,,,,,,,75.0,,,,,,
rot_horse_mail3,Northern Horse Mail,Item,HorseHarness,body_armor,battania,145.0,,ROT-Content/ModuleData/ROTassets.xml,,,,,,,,,,,,,,77.0,,,,,,
rot_horse_mail4,Northern Horse Mail 2,Item,HorseHarness,body_armor,battania,145.0,,ROT-Content/ModuleData/ROTassets.xml,,,,,,,,,,,,,,77.0,,,,,,
rot_horse_saddle4,Northern Saddle with Steel Faceguard,Item,HorseHarness,body_armor,battania,100.0,,ROT-Content/ModuleData/ROTassets.xml,,,,,,,,,,,,,,35.0,,,,,,
rot_horse_harness3,Dornish Harness 2,Item,HorseHarness,body_armor,aserai,100.0,,ROT-Content/ModuleData/ROTassets.xml,,,,,,,,,,,,,,40.0,,,,,,
rot_horse_armor25,Dragonstone Horse Armor,Item,HorseHarness,body_armor,dragonstone,140.0,,ROT-Content/ModuleData/ROTassets.xml,,,,,,,,,,,,,,75.0,,,,,,
rot_horse_armor26,Dragonstone Horse Armor 2,Item,HorseHarness,body_armor,dragonstone,140.0,,ROT-Content/ModuleData/ROTassets.xml,,,,,,,,,,,,,,75.0,,,,,,
rot_horse_mail5,Northern Horse Mail 3,Item,HorseHarness,body_armor,battania,145.0,,ROT-Content/ModuleData/ROTassets.xml,,,,,,,,,,,,,,72.0,,,,,,
rot_horse_armor27,Stormlands Horse Armor,Item,HorseHarness,body_armor,stormlands,140.0,,ROT-Content/ModuleData/ROTassets.xml,,,,,,,,,,,,,,75.0,,,,,,
rot_horse_armor28,Dondarrion Horse Armor,Item,HorseHarness,body_armor,stormlands,140.0,,ROT-Content/ModuleData/ROTassets.xml,,,,,,,,,,,,,,75.0,,,,,,
rot_horse_armor29,Yronwood Horse Armor,Item,HorseHarness,body_armor,aserai,140.0,,ROT-Content/ModuleData/ROTassets.xml,,,,,,,,,,,,,,75.0,,,,,,
rot_horse_armor30,Reach Horse Armor,Item,HorseHarness,body_armor,reach,140.0,,ROT-Content/ModuleData/ROTassets.xml,,,,,,,,,,,,,,75.0,,,,,,
rot_horse_armor31,Casterly Rock Horse Armor,Item,HorseHarness,body_armor,vlandia,140.0,,ROT-Content/ModuleData/ROTassets.xml,,,,,,,,,,,,,,75.0,,,,,,
rot_horse_armor32,Riverlands Horse Armor,Item,HorseHarness,body_armor,river,140.0,,ROT-Content/ModuleData/ROTassets.xml,,,,,,,,,,,,,,75.0,,,,,,
dorne_armor1,Dornish Leather Armor,Item,BodyArmor,body_armor,aserai,14.0,,ROT-Content/ModuleData/ROTassets.xml,,,,,,,,,,,,,,37.0,9.0,9.0,,,,
dorne_armor2,Dornish Armor,Item,BodyArmor,body_armor,aserai,31.0,,ROT-Content/ModuleData/ROTassets.xml,,,,,,,,,,,,,,47.0,9.0,9.0,,,,
dorne_armor3,Sandsnake Armor,Item,BodyArmor,body_armor,aserai,30.0,,ROT-Content/ModuleData/ROTassets.xml,,,,,,,,,,,,,,52.0,10.0,10.0,,,,
dorne_armor4,Dornish Armor 2,Item,BodyArmor,body_armor,aserai,31.0,,ROT-Content/ModuleData/ROTassets.xml,,,,,,,,,,,,,,47.0,9.0,9.0,,,,
dorne_shoulders,Dornish Leather Shoulders,Item,Cape,,aserai,2.0,,ROT-Content/ModuleData/ROTassets.xml,,,,,,,,,,,,,,12.0,7.0,,,,,
dorne_shoulders2,Dornish Shoulders,Item,Cape,,aserai,3.0,,ROT-Content/ModuleData/ROTassets.xml,,,,,,,,,,,,,,14.0,8.0,,,,,
dorne_shoulders3,Dornish Elite Shoulders,Item,Cape,,aserai,3.5,,ROT-Content/ModuleData/ROTassets.xml,,,,,,,,,,,,,,15.0,9.0,,,,,
dorne_shoulders5,Dornish Elite Shoulders 2,Item,Cape,,aserai,3.5,,ROT-Content/ModuleData/ROTassets.xml,,,,,,,,,,,,,,15.0,9.0,,,,,
dorne_shoulders7,Sandsnake Shoulders,Item,Cape,,aserai,3.5,,ROT-Content/ModuleData/ROTassets.xml,,,,,,,,,,,,,,15.0,9.0,,,,,
dorne_shoulders4,Sandsnake Heavy Shoulders,Item,Cape,,aserai,3.8,,ROT-Content/ModuleData/ROTassets.xml,,,,,,,,,,,,,,17.0,12.0,,,,,
dorne_shoulders6,Dornish Shoulders 2,Item,Cape,,aserai,3.0,,ROT-Content/ModuleData/ROTassets.xml,,,,,,,,,,,,,,14.0,8.0,,,,,
dorne_bracers2,Dornish Vambraces,Item,HandArmor,,aserai,1.8,,ROT-Content/ModuleData/ROTassets.xml,,,,,,,,,,,,,,,20.0,,,,,
dorne_helmet1,Dornish Helmet,Item,HeadArmor,,aserai,1.4,,ROT-Content/ModuleData/ROTassets.xml,,,,,,,,,,,,,36.0,,,,,,,
dorne_helmet2,Dornish Crested Helmet,Item,HeadArmor,,aserai,1.7,,ROT-Content/ModuleData/ROTassets.xml,,,,,,,,,,,,,38.0,,,,,,,
dorne_helmet3,Dornish Elite Crested Helmet,Item,HeadArmor,,aserai,1.9,,ROT-Content/ModuleData/ROTassets.xml,,,,,,,,,,,,,40.0,,,,,,,
dorne_helmet4,Dornish Helmet 2,Item,HeadArmor,,aserai,1.4,,ROT-Content/ModuleData/ROTassets.xml,,,,,,,,,,,,,36.0,,,,,,,
dorne_helmet5,Dornish Crested Helmet 2,Item,HeadArmor,,aserai,1.7,,ROT-Content/ModuleData/ROTassets.xml,,,,,,,,,,,,,38.0,,,,,,,
dorne_helmet6,Dornish Elite Crested Helmet 2,Item,HeadArmor,,aserai,1.9,,ROT-Content/ModuleData/ROTassets.xml,,,,,,,,,,,,,40.0,,,,,,,
dorne_helmet7,Dornish Helmet with Turban,Item,HeadArmor,,aserai,1.5,,ROT-Content/ModuleData/ROTassets.xml,,,,,,,,,,,,,37.0,,,,,,,
dorne_helmet8,Sandsnake Helmet,Item,HeadArmor,,aserai,1.9,,ROT-Content/ModuleData/ROTassets.xml,,,,,,,,,,,,,44.0,,,,,,,
dayne_shield,Dayne Shield,Item,Shield,,aserai,5.7,,ROT-Content/ModuleData/ROTassets.xml,LargeShield,,82.0,,,95.0,,,,Blunt,400.0,1.0,,,,,,,,
martell_shield,Martell Shield,Item,Shield,,aserai,4.0,,ROT-Content/ModuleData/ROTassets.xml,LargeShield,,86.0,,,70.0,,,5.0,Blunt,380.0,9.0,,,,,,,,
celtigar_armor,Celtigar Leather Armor,Item,BodyArmor,body_armor,dragonstone,14.0,,ROT-Content/ModuleData/ROTassets.xml,,,,,,,,,,,,,,36.0,8.0,8.0,,,,
celtigar_helmet,Celtigar Helmet,Item,HeadArmor,,dragonstone,1.4,,ROT-Content/ModuleData/ROTassets.xml,,,,,,,,,,,,,36.0,,,,,,,
celtigar_gloves,Celtigar Gloves with Bracers,Item,HandArmor,,dragonstone,2.0,,ROT-Content/ModuleData/ROTassets.xml,,,,,,,,,,,,,,,22.0,,,,,
celtigar_shoulders,Celtigar Leather Shoulders,Item,Cape,,dragonstone,2.5,,ROT-Content/ModuleData/ROTassets.xml,,,,,,,,,,,,,,14.0,8.0,,,,,
celtigar_knight_armor,Celtigar Knight Armor,Item,BodyArmor,body_armor,dragonstone,35.0,,ROT-Content/ModuleData/ROTassets.xml,,,,,,,,,,,,,,49.0,10.0,10.0,,,,
celtigar_knight_helmet,Celtigar Knight Helmet,Item,HeadArmor,,dragonstone,2.3,,ROT-Content/ModuleData/ROTassets.xml,,,,,,,,,,,,,52.0,,,,,,,
celtigar_pauldrons,Celtigar Knight Pauldrons,Item,Cape,,dragonstone,2.5,,ROT-Content/ModuleData/ROTassets.xml,,,,,,,,,,,,,,16.0,10.0,,,,,
celtigar_greaves,Celtigar Greaves,Item,HandArmor,,dragonstone,2.2,,ROT-Content/ModuleData/ROTassets.xml,,,,,,,,,,,,,,,24.0,,,,,
celtigar_boots,Celtigar Leather Boots,Item,LegArmor,,dragonstone,2.0,,ROT-Content/ModuleData/ROTassets.xml,,,,,,,,,,,,,,,,21.0,,,,
celtigar_lord_armor,Celtigar Lord Armor,Item,BodyArmor,body_armor,dragonstone,34.0,,ROT-Content/ModuleData/ROTassets.xml,,,,,,,,,,,,,,53.0,10.0,10.0,,,,
celtigar_pauldrons2,Celtigar Lord Pauldrons,Item,Cape,,dragonstone,2.5,,ROT-Content/ModuleData/ROTassets.xml,,,,,,,,,,,,,,17.0,11.0,,,,,
glover_armor,Glover Armor,Item,BodyArmor,body_armor,battania,31.0,,ROT-Content/ModuleData/ROTassets.xml,,,,,,,,,,,,,,47.0,9.0,9.0,,,,
glover_helmet,Glover Helmet,Item,HeadArmor,,battania,1.2,,ROT-Content/ModuleData/ROTassets.xml,,,,,,,,,,,,,36.0,,,,,,,
glover_pauldrons,Glover Pauldrons,Item,Cape,,battania,2.0,,ROT-Content/ModuleData/ROTassets.xml,,,,,,,,,,,,,,15.0,8.0,,,,,
harlaw_plate,Harlaw Plate Armor,Item,BodyArmor,body_armor,sturgia,35.0,,ROT-Content/ModuleData/ROTassets.xml,,,,,,,,,,,,,,48.0,10.0,10.0,,,,
harlaw_gambeson,Harlaw Gambeson,Item,BodyArmor,body_armor,sturgia,10.0,,ROT-Content/ModuleData/ROTassets.xml,,,,,,,,,,,,,,28.0,12.0,8.0,,,,
arryn_gambeson,Arryn Gambeson,Item,BodyArmor,body_armor,vale,10.0,,ROT-Content/ModuleData/ROTassets.xml,,,,,,,,,,,,,,28.0,12.0,8.0,,,,
greyjoy_gambeson,Greyjoy Gambeson,Item,BodyArmor,body_armor,sturgia,10.0,,ROT-Content/ModuleData/ROTassets.xml,,,,,,,,,,,,,,28.0,12.0,8.0,,,,
hightower_surcoat,Hightower Surcoat,Item,BodyArmor,body_armor,reach,6.0,,ROT-Content/ModuleData/ROTassets.xml,,,,,,,,,,,,,,20.0,8.0,6.0,,,,
harlaw_helmet,Harlaw Helmet,Item,HeadArmor,,sturgia,1.6,,ROT-Content/ModuleData/ROTassets.xml,,,,,,,,,,,,,41.0,,,,,,,
harlaw_helmet2,Harlaw Elite Helmet,Item,HeadArmor,,sturgia,1.9,,ROT-Content/ModuleData/ROTassets.xml,,,,,,,,,,,,,49.0,,,,,,,
harlaw_pauldrons,Harlaw Pauldrons,Item,Cape,,sturgia,2.5,,ROT-Content/ModuleData/ROTassets.xml,,,,,,,,,,,,,,16.0,11.0,,,,,
harlaw_boots,Harlaw Leather Boots,Item,LegArmor,,sturgia,2.0,,ROT-Content/ModuleData/ROTassets.xml,,,,,,,,,,,,,,,,21.0,,,,
blackwood_armor,Blackwood Armor,Item,BodyArmor,body_armor,river,14.0,,ROT-Content/ModuleData/ROTassets.xml,,,,,,,,,,,,,,36.0,12.0,12.0,,,,
blackwood_armor2,Blackwood Armor 2,Item,BodyArmor,body_armor,river,14.0,,ROT-Content/ModuleData/ROTassets.xml,,,,,,,,,,,,,,36.0,12.0,12.0,,,,
blackwood_armor3,Blackwood Padded Armor,Item,BodyArmor,body_armor,river,14.0,,ROT-Content/ModuleData/ROTassets.xml,,,,,,,,,,,,,,34.0,10.0,10.0,,,,
blackwood_boots,Blackwood Leather Boots,Item,LegArmor,,river,2.0,,ROT-Content/ModuleData/ROTassets.xml,,,,,,,,,,,,,,,,21.0,,,,
blackwood_boots2,Blackwood Leather Boots 2,Item,LegArmor,,river,2.0,,ROT-Content/ModuleData/ROTassets.xml,,,,,,,,,,,,,,,,21.0,,,,
blackwood_cloak,Blackwood Cloak,Item,Cape,body_armor,river,2.2,,ROT-Content/ModuleData/ROTassets.xml,,,,,,,,,,,,,,12.0,,,,,,
blackwood_cloak2,Blackwood Cloak 2,Item,Cape,body_armor,river,2.2,,ROT-Content/ModuleData/ROTassets.xml,,,,,,,,,,,,,,12.0,,,,,,
blackwood_helmet,Blackwood Helmet with Mail,Item,HeadArmor,,river,1.6,,ROT-Content/ModuleData/ROTassets.xml,,,,,,,,,,,,,39.0,,,,,,,
blackwood_helmet2,Blackwood Helmet,Item,HeadArmor,,river,1.6,,ROT-Content/ModuleData/ROTassets.xml,,,,,,,,,,,,,36.0,,,,,,,
blackwood_helmet3,Blackwood Lord Helmet,Item,HeadArmor,,river,1.4,,ROT-Content/ModuleData/ROTassets.xml,,,,,,,,,,,,,49.0,,,,,,,
blackwood_gloves,Blackwood Gloves,Item,HandArmor,,river,2.0,,ROT-Content/ModuleData/ROTassets.xml,,,,,,,,,,,,,,,23.0,,,,,
blackwood_lord_armor,Blackwood Lord Armor,Item,BodyArmor,body_armor,river,27.0,,ROT-Content/ModuleData/ROTassets.xml,,,,,,,,,,,,,,47.0,13.0,12.0,,,,
bracken_boots,Bracken Leather Boots,Item,LegArmor,,river,2.0,,ROT-Content/ModuleData/ROTassets.xml,,,,,,,,,,,,,,,,21.0,,,,
bracken_cloak,Bracken Cloak,Item,Cape,body_armor,river,2.2,,ROT-Content/ModuleData/ROTassets.xml,,,,,,,,,,,,,,12.0,,,,,,
bracken_gloves,Bracken Plated Gloves,Item,HandArmor,,river,2.2,,ROT-Content/ModuleData/ROTassets.xml,,,,,,,,,,,,,,,23.0,,,,,
bracken_helmet,Bracken Helmet,Item,HeadArmor,,river,1.3,,ROT-Content/ModuleData/ROTassets.xml,,,,,,,,,,,,,37.0,,,,,,,
bracken_lord_armor,Bracken Lord Armor,Item,BodyArmor,body_armor,river,28.0,,ROT-Content/ModuleData/ROTassets.xml,,,,,,,,,,,,,,47.0,12.0,13.0,,,,
bracken_armor,Bracken Armor,Item,BodyArmor,body_armor,river,14.0,,ROT-Content/ModuleData/ROTassets.xml,,,,,,,,,,,,,,36.0,12.0,12.0,,,,
bracken_gorget,Bracken Studded Gorget,Item,Cape,,river,1.8,,ROT-Content/ModuleData/ROTassets.xml,,,,,,,,,,,,,,15.0,,,,,,
tully_gorget,Tully Gorget,Item,Cape,,river,1.8,,ROT-Content/ModuleData/ROTassets.xml,,,,,,,,,,,,,,15.0,,,,,,
tully_lord_gorget,Tully Lord Gorget,Item,Cape,,river,2.0,,ROT-Content/ModuleData/ROTassets.xml,,,,,,,,,,,,,,19.0,,,,,,
riverlands_helmet,Riverlands Helmet,Item,HeadArmor,,river,1.3,,ROT-Content/ModuleData/ROTassets.xml,,,,,,,,,,,,,37.0,,,,,,,
arryn_winged_armor,Arryn Plate,Item,BodyArmor,body_armor,vale,36.0,,ROT-Content/ModuleData/ROTassets.xml,,,,,,,,,,,,,,55.0,12.0,12.0,,,,
arryn_helmet,Arryn Winged Helmet,Item,HeadArmor,,vale,1.8,,ROT-Content/ModuleData/ROTassets.xml,,,,,,,,,,,,,58.0,,,,,,,
arryn_gloves,Arryn Knight Gloves,Item,HandArmor,,vale,2.2,,ROT-Content/ModuleData/ROTassets.xml,,,,,,,,,,,,,,,24.0,,,,,
arryn_pauldrons,Arryn Pauldrons,Item,Cape,,vale,2.8,,ROT-Content/ModuleData/ROTassets.xml,,,,,,,,,,,,,,18.0,14.0,,,,,
arryn_pauldrons2,Arryn Pauldrons 2,Item,Cape,,vale,2.8,,ROT-Content/ModuleData/ROTassets.xml,,,,,,,,,,,,,,18.0,14.0,,,,,
arryn_chausses,Arryn Chausses,Item,LegArmor,,vale,3.0,,ROT-Content/ModuleData/ROTassets.xml,,,,,,,,,,,,,,,,27.0,,,,
thenn_scale_armor,Thenn Scale Armor,Item,BodyArmor,body_armor,freefolk,15.0,,ROT-Content/ModuleData/ROTassets.xml,,,,,,,,,,,,,,36.0,10.0,10.0,,,,
thenn_plate_armor,Thenn Plated Armor,Item,BodyArmor,body_armor,freefolk,27.0,,ROT-Content/ModuleData/ROTassets.xml,,,,,,,,,,,,,,47.0,11.0,11.0,,,,
thenn_gloves,Thenn Plated Mittens,Item,HandArmor,,freefolk,2.3,,ROT-Content/ModuleData/ROTassets.xml,,,,,,,,,,,,,,,24.0,,,,,
thenn_fur_boots,Thenn Fur Boots,Item,LegArmor,,freefolk,2.1,,ROT-Content/ModuleData/ROTassets.xml,,,,,,,,,,,,,,,,22.0,,,,
thenn_helmet,Thenn Helmet,Item,HeadArmor,,freefolk,1.6,,ROT-Content/ModuleData/ROTassets.xml,,,,,,,,,,,,,40.0,,,,,,,
thenn_helmet2,Thenn Helmet 2,Item,HeadArmor,,freefolk,1.6,,ROT-Content/ModuleData/ROTassets.xml,,,,,,,,,,,,,40.0,,,,,,,
thenn_helmet3,Thenn Tusked Helmet,Item,HeadArmor,,freefolk,1.6,,ROT-Content/ModuleData/ROTassets.xml,,,,,,,,,,,,,40.0,,,,,,,
thenn_helmet4,Thenn Tusked Helmet 2,Item,HeadArmor,,freefolk,1.6,,ROT-Content/ModuleData/ROTassets.xml,,,,,,,,,,,,,40.0,,,,,,,
thenn_shoulders,Thenn Shoulders,Item,Cape,,freefolk,2.4,,ROT-Content/ModuleData/ROTassets.xml,,,,,,,,,,,,,,16.0,12.0,,,,,
thenn_shoulders2,Skull Shoulders,Item,Cape,,freefolk,2.3,,ROT-Content/ModuleData/ROTassets.xml,,,,,,,,,,,,,,14.0,8.0,,,,,
thenn_shield,Thenn Shield,Item,Shield,,freefolk,4.0,,ROT-Content/ModuleData/ROTassets.xml,LargeShield,,86.0,,,70.0,,,5.0,Blunt,380.0,9.0,,,,,,,,
hound_helmet,Hound Helmet,Item,HeadArmor,,vlandia,3.9,,ROT-Content/ModuleData/ROTassets.xml,,,,,,,,,,,,,60.0,,,,,,,
hound_shoulders,Hound Shoulders,Item,Cape,,vlandia,2.4,,ROT-Content/ModuleData/ROTassets.xml,,,,,,,,,,,,,,17.0,12.0,,,,,
hound_gloves,Hound Gauntlets,Item,HandArmor,,vlandia,2.4,,ROT-Content/ModuleData/ROTassets.xml,,,,,,,,,,,,,,,26.0,,,,,
raven_teeth_armor,Ravens' Teeth Armor,Item,BodyArmor,body_armor,river,34.0,,ROT-Content/ModuleData/ROTassets.xml,,,,,,,,,,,,,,49.0,11.0,11.0,,,,
bracken_heavy_armor,Bracken Plate,Item,BodyArmor,body_armor,river,34.0,,ROT-Content/ModuleData/ROTassets.xml,,,,,,,,,,,,,,48.0,11.0,11.0,,,,
raven_teeth_helmet,Ravens' Teeth Helmet,Item,HeadArmor,,river,3.2,,ROT-Content/ModuleData/ROTassets.xml,,,,,,,,,,,,,45.0,5.0,,,,,,
bracken_heavy_helmet,Bracken Heavy Helmet,Item,HeadArmor,,river,3.2,,ROT-Content/ModuleData/ROTassets.xml,,,,,,,,,,,,,45.0,5.0,,,,,,
raven_tooth_boots,Ravens' Teeth Boots,Item,LegArmor,,river,2.1,,ROT-Content/ModuleData/ROTassets.xml,,,,,,,,,,,,,,,,22.0,,,,
bracken_heavy_boots,Bracken Elite Boots,Item,LegArmor,,river,2.1,,ROT-Content/ModuleData/ROTassets.xml,,,,,,,,,,,,,,,,22.0,,,,
raven_tooth_cloak,Ravens' Teeth Cloak,Item,Cape,body_armor,river,2.2,,ROT-Content/ModuleData/ROTassets.xml,,,,,,,,,,,,,,12.0,,,,,,
bracken_cloak2,Bracken Heavy Cloak,Item,Cape,body_armor,river,2.2,,ROT-Content/ModuleData/ROTassets.xml,,,,,,,,,,,,,,12.0,,,,,,
vargo_armor,Vargo Hoat Armor,Item,BodyArmor,body_armor,crownlands,15.0,,ROT-Content/ModuleData/ROTassets.xml,,,,,,,,,,,,,,39.0,9.0,9.0,,,,
brave_armor,Brave Companion Armor,Item,BodyArmor,body_armor,crownlands,15.0,,ROT-Content/ModuleData/ROTassets.xml,,,,,,,,,,,,,,37.0,9.0,9.0,,,,
vargo_helmet,Vargo Hoat Helmet,Item,HeadArmor,,crownlands,3.5,,ROT-Content/ModuleData/ROTassets.xml,,,,,,,,,,,,,57.0,,,,,,,
brave_helmet,Brave Companion Helmet,Item,HeadArmor,,crownlands,3.0,,ROT-Content/ModuleData/ROTassets.xml,,,,,,,,,,,,,37.0,,,,,,,
vargo_cloak,Vargo Hoat Cloak,Item,Cape,body_armor,crownlands,2.2,,ROT-Content/ModuleData/ROTassets.xml,,,,,,,,,,,,,,12.0,,,,,,
brave_shoulder,Brave Companion Shoulders,Item,Cape,,crownlands,2.0,,ROT-Content/ModuleData/ROTassets.xml,,,,,,,,,,,,,,14.0,7.0,,,,,
brave_scarf,Brave Companion Scarf,Item,Cape,,crownlands,1.0,,ROT-Content/ModuleData/ROTassets.xml,,,,,,,,,,,,,,7.0,,,,,,
vargo_boots,Vargo Hoat Boots,Item,LegArmor,,crownlands,2.1,,ROT-Content/ModuleData/ROTassets.xml,,,,,,,,,,,,,,,,21.0,,,,
brave_boots,Brave Companion Boots,Item,LegArmor,,crownlands,2.1,,ROT-Content/ModuleData/ROTassets.xml,,,,,,,,,,,,,,,,20.0,,,,
zorse,Zorse{@Plural}Zorses{\@},Item,Horse,horse,khuzait,520.0,30000.0,ROT-Content/ModuleData/ROTassets.xml,,,,,,,,,,,,,,,,,72.0,80.0,50.0,200.0
ravens_teeth_longbow,Ravens' Teeth Longbow,Item,Bow,,river,0.1,,ROT-Content/ModuleData/ROTassets.xml,Bow,,94.0,87.0,100.0,118.0,,,96.0,Pierce,,,,,,,,,,
ravens_teeth_arrows,Ravens' Teeth Arrows,Item,Arrows,,river,0.041,,ROT-Content/ModuleData/ROTassets.xml,Arrow,33.0,0.0,10.0,,89.0,,,5.0,Pierce,,,,,,,,,,
dothraki_hair,Dothraki Default,Item,HeadArmor,,khuzait,1.0,,ROT-Content/ModuleData/ROTassets.xml,,,,,,,,,,,,,25.0,,,,,,,
harras_helmet,Harras Harlaw Helmet,Item,HeadArmor,,sturgia,3.0,,ROT-Content/ModuleData/ROTassets.xml,,,,,,,,,,,,,57.0,,,,,,,
harras_armor,Harras Harlaw Plate,Item,BodyArmor,body_armor,sturgia,36.0,,ROT-Content/ModuleData/ROTassets.xml,,,,,,,,,,,,,,55.0,12.0,12.0,,,,
golden_company_armor3,Golden Company Leather Armor,Item,BodyArmor,body_armor,volantine,11.0,,ROT-Content/ModuleData/ROTassets.xml,,,,,,,,,,,,,,32.0,8.0,8.0,,,,
harlaw_pauldrons2,Harras Harlaw Pauldrons,Item,Cape,,sturgia,2.5,,ROT-Content/ModuleData/ROTassets.xml,,,,,,,,,,,,,,17.0,11.0,,,,,
harlaw_gloves,Harlaw Plated Gloves,Item,HandArmor,,sturgia,2.2,,ROT-Content/ModuleData/ROTassets.xml,,,,,,,,,,,,,,,23.0,,,,,
harlaw_gauntlets,Harras Harlaw Gauntlets,Item,HandArmor,,sturgia,2.4,,ROT-Content/ModuleData/ROTassets.xml,,,,,,,,,,,,,,,26.0,,,,,
harras_boots,Harlaw Plated Boots,Item,LegArmor,,sturgia,3.0,,ROT-Content/ModuleData/ROTassets.xml,,,,,,,,,,,,,,,,26.0,,,,
tarly_gorget,Tarly Leather Gorget,Item,Cape,,reach,2.0,,ROT-Content/ModuleData/ROTassets.xml,,,,,,,,,,,,,,13.0,,,,,,
tarly_gloves,Tarly Bracers with Gloves,Item,HandArmor,,reach,2.2,,ROT-Content/ModuleData/ROTassets.xml,,,,,,,,,,,,,,,23.0,,,,,
tarly_guard_helmet,Tarly Light Helmet,Item,HeadArmor,,reach,2.3,,ROT-Content/ModuleData/ROTassets.xml,,,,,,,,,,,,,35.0,,,,,,,
tarly_light_armor,Tarly Light Armor,Item,BodyArmor,body_armor,reach,10.0,,ROT-Content/ModuleData/ROTassets.xml,,,,,,,,,,,,,,32.0,8.0,8.0,,,,
tarly_light_armor2,Tarly Light Armor 2,Item,BodyArmor,body_armor,reach,10.0,,ROT-Content/ModuleData/ROTassets.xml,,,,,,,,,,,,,,32.0,8.0,8.0,,,,
blackfyre_plate,Blackfyre Plate,Item,BodyArmor,body_armor,valyrian,33.0,,ROT-Content/ModuleData/ROTassets.xml,,,,,,,,,,,,,,57.0,12.0,12.0,,,,
rhaegar_plate,Rhaegar Plate,Item,BodyArmor,body_armor,valyrian,33.0,,ROT-Content/ModuleData/ROTassets.xml,,,,,,,,,,,,,,57.0,12.0,12.0,,,,
rhaegar_plate2,Rhaegar Plate 2,Item,BodyArmor,body_armor,valyrian,33.0,,ROT-Content/ModuleData/ROTassets.xml,,,,,,,,,,,,,,57.0,12.0,12.0,,,,
blackfyre_gauntlets,Blackfyre Gauntlets,Item,HandArmor,,valyrian,2.4,,ROT-Content/ModuleData/ROTassets.xml,,,,,,,,,,,,,,,27.0,,,,,
rhaegar_gauntlets,Rhaegar Gauntlets,Item,HandArmor,,valyrian,2.4,,ROT-Content/ModuleData/ROTassets.xml,,,,,,,,,,,,,,,27.0,,,,,
blackfyre_boots,Blackfyre Sabatons,Item,LegArmor,,valyrian,3.0,,ROT-Content/ModuleData/ROTassets.xml,,,,,,,,,,,,,,,,27.0,,,,
rhaegar_boots,Rhaegar Sabatons,Item,LegArmor,,valyrian,3.0,,ROT-Content/ModuleData/ROTassets.xml,,,,,,,,,,,,,,,,27.0,,,,
blackfyre_helmet,Blackfyre Helmet,Item,HeadArmor,,valyrian,3.0,,ROT-Content/ModuleData/ROTassets.xml,,,,,,,,,,,,,59.0,,,,,,,
rhaegar_helmet,Rhaegar Helmet,Item,HeadArmor,,valyrian,3.0,,ROT-Content/ModuleData/ROTassets.xml,,,,,,,,,,,,,59.0,,,,,,,
blackfyre_pauldrons,Blackfyre Pauldrons,Item,Cape,,valyrian,2.9,,ROT-Content/ModuleData/ROTassets.xml,,,,,,,,,,,,,,19.0,15.0,,,,,
rhaegar_pauldrons,Rhaegar Pauldrons,Item,Cape,,valyrian,2.9,,ROT-Content/ModuleData/ROTassets.xml,,,,,,,,,,,,,,19.0,15.0,,,,,
dothraki_armor,Dothraki Armor,Item,BodyArmor,body_armor,khuzait,4.0,,ROT-Content/ModuleData/ROTassets.xml,,,,,,,,,,,,,,35.0,2.0,12.0,,,,
dothraki_armor2,Dothraki Armor 2,Item,BodyArmor,body_armor,khuzait,4.0,,ROT-Content/ModuleData/ROTassets.xml,,,,,,,,,,,,,,33.0,2.0,12.0,,,,
dothraki_armor3,Dothraki Armor 3,Item,BodyArmor,body_armor,khuzait,4.0,,ROT-Content/ModuleData/ROTassets.xml,,,,,,,,,,,,,,36.0,2.0,10.0,,,,
dothraki_armor4,Dothraki Armor 3,Item,BodyArmor,body_armor,khuzait,4.0,,ROT-Content/ModuleData/ROTassets.xml,,,,,,,,,,,,,,35.0,2.0,10.0,,,,
dothraki_armor5,Bloodrider Armor,Item,BodyArmor,body_armor,khuzait,4.0,,ROT-Content/ModuleData/ROTassets.xml,,,,,,,,,,,,,,37.0,2.0,12.0,,,,
dothraki_armor6,Bloodrider Armor 2,Item,BodyArmor,body_armor,khuzait,4.0,,ROT-Content/ModuleData/ROTassets.xml,,,,,,,,,,,,,,35.0,2.0,10.0,,,,
dothraki_armor8,Dothraki Chaps,Item,BodyArmor,body_armor,khuzait,4.0,,ROT-Content/ModuleData/ROTassets.xml,,,,,,,,,,,,,,25.0,,10.0,,,,
dothraki_shoulders,Dothraki Leather Shoulders,Item,Cape,,khuzait,2.0,,ROT-Content/ModuleData/ROTassets.xml,,,,,,,,,,,,,,13.0,4.0,,,,,
dothraki_shoulders2,Dothraki Leather Shoulder Guard,Item,Cape,,khuzait,1.0,,ROT-Content/ModuleData/ROTassets.xml,,,,,,,,,,,,,,12.0,3.0,,,,,
dothraki_shoulders3,Dothraki Metal Shoulders,Item,Cape,,khuzait,2.3,,ROT-Content/ModuleData/ROTassets.xml,,,,,,,,,,,,,,15.0,5.0,,,,,
dothraki_shoulders4,Dothraki Metal Shoulder Guard,Item,Cape,,khuzait,1.2,,ROT-Content/ModuleData/ROTassets.xml,,,,,,,,,,,,,,14.0,4.0,,,,,
dothraki_bracers,Dothraki Arm Wraps,Item,HandArmor,,khuzait,1.0,,ROT-Content/ModuleData/ROTassets.xml,,,,,,,,,,,,,,,20.0,,,,,
dothraki_boots,Dothraki Boots,Item,LegArmor,,khuzait,1.0,,ROT-Content/ModuleData/ROTassets.xml,,,,,,,,,,,,,,,,21.0,,,,
nightking_armor2,Night King Armor with Spikes,Item,BodyArmor,body_armor,looters,2.0,,ROT-Content/ModuleData/ROTassets.xml,,,,,,,,,,,,,,70.0,30.0,30.0,,,,
arryn_pauldrons_cape,Arryn Pauldrons with Cape,Item,Cape,,vale,2.9,,ROT-Content/ModuleData/ROTassets.xml,,,,,,,,,,,,,,19.0,14.0,,,,,
arryn_pauldrons_cape2,Arryn Pauldrons with Cape 2,Item,Cape,,vale,2.9,,ROT-Content/ModuleData/ROTassets.xml,,,,,,,,,,,,,,19.0,14.0,,,,,
brienne_plate,Brienne Plate,Item,BodyArmor,body_armor,stormlands,35.0,,ROT-Content/ModuleData/ROTassets.xml,,,,,,,,,,,,,,56.0,12.0,12.0,,,,
loras_armor,Loras Tyrell Armor,Item,BodyArmor,body_armor,reach,35.0,,ROT-Content/ModuleData/ROTassets.xml,,,,,,,,,,,,,,56.0,12.0,12.0,,,,
brienne_pauldrons,Brienne Pauldrons,Item,Cape,,stormlands,2.9,,ROT-Content/ModuleData/ROTassets.xml,,,,,,,,,,,,,,18.0,14.0,,,,,
loras_pauldrons,Loras Tyrell Pauldrons,Item,Cape,,reach,2.9,,ROT-Content/ModuleData/ROTassets.xml,,,,,,,,,,,,,,18.0,14.0,,,,,
brienne_helmet,Brienne Helmet,Item,HeadArmor,,stormlands,3.0,,ROT-Content/ModuleData/ROTassets.xml,,,,,,,,,,,,,58.0,,,,,,,
loras_helmet,Loras Tyrell Helmet,Item,HeadArmor,,reach,3.0,,ROT-Content/ModuleData/ROTassets.xml,,,,,,,,,,,,,57.0,,,,,,,
loras_helmet2,Loras Tyrell Tournament Helmet,Item,HeadArmor,,reach,3.0,,ROT-Content/ModuleData/ROTassets.xml,,,,,,,,,,,,,58.0,,,,,,,
brienne_boots,Brienne Plated Boots,Item,LegArmor,,stormlands,3.0,,ROT-Content/ModuleData/ROTassets.xml,,,,,,,,,,,,,,,,25.0,,,,
loras_boots,Loras Tyrell Plated Boots,Item,LegArmor,,reach,3.0,,ROT-Content/ModuleData/ROTassets.xml,,,,,,,,,,,,,,,,25.0,,,,
brienne_gloves,Brienne Plated Gloves,Item,HandArmor,,stormlands,2.4,,ROT-Content/ModuleData/ROTassets.xml,,,,,,,,,,,,,,,25.0,,,,,
loras_gloves,Loras Tyrell Plated Gloves,Item,HandArmor,,reach,2.4,,ROT-Content/ModuleData/ROTassets.xml,,,,,,,,,,,,,,,25.0,,,,,
padded_horse_armor1,Padded Arryn Horse Armor,Item,HorseHarness,body_armor,vale,80.0,,ROT-Content/ModuleData/ROTassets.xml,,,,,,,,,,,,,,45.0,,,,,,
padded_horse_armor2,Padded Bolton Horse Armor,Item,HorseHarness,body_armor,battania,80.0,,ROT-Content/ModuleData/ROTassets.xml,,,,,,,,,,,,,,45.0,,,,,,
padded_horse_armor3,Padded Greyjoy Horse Armor,Item,HorseHarness,body_armor,sturgia,80.0,,ROT-Content/ModuleData/ROTassets.xml,,,,,,,,,,,,,,45.0,,,,,,
padded_horse_armor4,Padded Lannister Horse Armor,Item,HorseHarness,body_armor,vlandia,80.0,,ROT-Content/ModuleData/ROTassets.xml,,,,,,,,,,,,,,45.0,,,,,,
padded_horse_armor5,Padded Martell Horse Armor,Item,HorseHarness,body_armor,aserai,80.0,,ROT-Content/ModuleData/ROTassets.xml,,,,,,,,,,,,,,45.0,,,,,,
padded_horse_armor6,Padded Stark Horse Armor,Item,HorseHarness,body_armor,aserai,80.0,,ROT-Content/ModuleData/ROTassets.xml,,,,,,,,,,,,,,45.0,,,,,,
padded_horse_armor7,Padded Targaryen Horse Armor,Item,HorseHarness,body_armor,valyrian,80.0,,ROT-Content/ModuleData/ROTassets.xml,,,,,,,,,,,,,,45.0,,,,,,
padded_horse_armor8,Padded Tully Horse Armor,Item,HorseHarness,body_armor,river,80.0,,ROT-Content/ModuleData/ROTassets.xml,,,,,,,,,,,,,,45.0,,,,,,
padded_horse_armor9,Padded Tyrell Horse Armor,Item,HorseHarness,body_armor,reach,80.0,,ROT-Content/ModuleData/ROTassets.xml,,,,,,,,,,,,,,45.0,,,,,,
padded_horse_armor10,Padded Baratheon Horse Armor,Item,HorseHarness,body_armor,stormlands,80.0,,ROT-Content/ModuleData/ROTassets.xml,,,,,,,,,,,,,,45.0,,,,,,
nightswatch_gloves,Night's Watch Gloves,Item,HandArmor,,nightswatch,2.0,,ROT-Content/ModuleData/ROTassets.xml,,,,,,,,,,,,,,,21.0,,,,,
whitewalker_armor2,White Walker Pteruges,Item,BodyArmor,body_armor,whitewalker,4.0,,ROT-Content/ModuleData/ROTassets.xml,,,,,,,,,,,,,,25.0,0.0,5.0,,,,
whitewalker_bracers2,White Walker Leather Bracers,Item,HandArmor,,whitewalker,2.0,,ROT-Content/ModuleData/ROTassets.xml,,,,,,,,,,,,,,,21.0,,,,,
whitewalker_greaves,White Walker Leather Greaves,Item,LegArmor,,whitewalker,1.0,,ROT-Content/ModuleData/ROTassets.xml,,,,,,,,,,,,,,,,21.0,,,,
north_plate,Northern Plate,Item,BodyArmor,body_armor,battania,34.0,,ROT-Content/ModuleData/ROTassets.xml,,,,,,,,,,,,,,51.0,10.0,10.0,,,,
north_pauldrons2,Northern Heavy Pauldrons,Item,Cape,,battania,3.0,,ROT-Content/ModuleData/ROTassets.xml,,,,,,,,,,,,,,17.0,13.0,,,,,
north_heavy_helmet,Northern Heavy Helmet,Item,HeadArmor,,battania,3.0,,ROT-Content/ModuleData/ROTassets.xml,,,,,,,,,,,,,54.0,,,,,,,
north_plate_boots,Northern Plated Boots,Item,LegArmor,,battania,3.0,,ROT-Content/ModuleData/ROTassets.xml,,,,,,,,,,,,,,,,26.0,,,,
north_plate2,Stark Plate,Item,BodyArmor,body_armor,battania,34.0,,ROT-Content/ModuleData/ROTassets.xml,,,,,,,,,,,,,,51.0,10.0,10.0,,,,
nightswatch_gambeson,Night's Watch Gambeson,Item,BodyArmor,body_armor,nightswatch,10.0,,ROT-Content/ModuleData/ROTassets.xml,,,,,,,,,,,,,,28.0,12.0,8.0,,,,
nightswatch_boots2,Night's Watch Boots 2,Item,LegArmor,,nightswatch,1.0,,ROT-Content/ModuleData/ROTassets.xml,,,,,,,,,,,,,,,,21.0,,,,
nightswatch_helmet,Night's Watch Helmet,Item,HeadArmor,,nightswatch,3.0,,ROT-Content/ModuleData/ROTassets.xml,,,,,,,,,,,,,37.0,8.0,,,,,,
nightswatch_helmet2,Night's Watch Helmet 2,Item,HeadArmor,,nightswatch,3.0,,ROT-Content/ModuleData/ROTassets.xml,,,,,,,,,,,,,37.0,10.0,,,,,,
vardis_armor,Vardis Egen Armor,Item,BodyArmor,body_armor,vale,34.0,,ROT-Content/ModuleData/ROTassets.xml,,,,,,,,,,,,,,55.0,10.0,10.0,,,,
vardis_helmet,Vardis Egen Helmet,Item,HeadArmor,,vale,3.0,,ROT-Content/ModuleData/ROTassets.xml,,,,,,,,,,,,,55.0,,,,,,,
vardis_boots,Vardis Egen Boots,Item,LegArmor,,vale,3.0,,ROT-Content/ModuleData/ROTassets.xml,,,,,,,,,,,,,,,,26.0,,,,
vardis_shoulders,Vardis Egen Shoulders,Item,Cape,,vale,3.0,,ROT-Content/ModuleData/ROTassets.xml,,,,,,,,,,,,,,17.0,12.0,,,,,
vardis_gloves,Vardis Egen Gloves,Item,HandArmor,,vale,2.4,,ROT-Content/ModuleData/ROTassets.xml,,,,,,,,,,,,,,,26.0,,,,,
qohorik_armor,Qohorik Infused Armor,Item,BodyArmor,body_armor,qohorik,30.0,,ROT-Content/ModuleData/ROTassets.xml,,,,,,,,,,,,,,50.0,10.0,10.0,,,,
qohorik_armor2,Qohorik Soldier Armor,Item,BodyArmor,body_armor,qohorik,16.0,,ROT-Content/ModuleData/ROTassets.xml,,,,,,,,,,,,,,38.0,9.0,9.0,,,,
qohorik_armor3,Qohorik Tempered Armor,Item,BodyArmor,body_armor,qohorik,21.0,,ROT-Content/ModuleData/ROTassets.xml,,,,,,,,,,,,,,42.0,9.0,9.0,,,,
qohorik_boots,Qohorik Boots,Item,LegArmor,,qohorik,1.0,,ROT-Content/ModuleData/ROTassets.xml,,,,,,,,,,,,,,,,20.0,,,,
qohorik_plated_boots,Qohorik Plated Boots,Item,LegArmor,,qohorik,3.0,,ROT-Content/ModuleData/ROTassets.xml,,,,,,,,,,,,,,,,24.0,,,,
qohorik_bracers,Qohorik Bracers,Item,HandArmor,,qohorik,2.0,,ROT-Content/ModuleData/ROTassets.xml,,,,,,,,,,,,,,,20.0,,,,,
qohorik_bracers2,Qohorik Tempered Bracers,Item,HandArmor,,qohorik,2.7,,ROT-Content/ModuleData/ROTassets.xml,,,,,,,,,,,,,,,22.0,,,,,
qohorik_gloves,Qohorik Infused Gloves,Item,HandArmor,,qohorik,2.9,,ROT-Content/ModuleData/ROTassets.xml,,,,,,,,,,,,,,,24.0,,,,,
qohorik_helmet,Qohorik Infused Helmet,Item,HeadArmor,,qohorik,3.0,,ROT-Content/ModuleData/ROTassets.xml,,,,,,,,,,,,,48.0,5.0,,,,,,
qohorik_helmet2,Qohorik Tempered Helmet,Item,HeadArmor,,qohorik,2.8,,ROT-Content/ModuleData/ROTassets.xml,,,,,,,,,,,,,42.0,5.0,,,,,,
qohorik_helmet3,Qohorik Soldier Helmet,Item,HeadArmor,,qohorik,2.5,,ROT-Content/ModuleData/ROTassets.xml,,,,,,,,,,,,,37.0,,,,,,,
qohorik_shoulders,Qohorik Shoulders,Item,Cape,,qohorik,2.7,,ROT-Content/ModuleData/ROTassets.xml,,,,,,,,,,,,,,17.0,10.0,,,,,
qohorik_robe,Disciple Robe,Item,BodyArmor,body_armor,qohorik,28.0,,ROT-Content/ModuleData/ROTassets.xml,,,,,,,,,,,,,,52.0,12.0,12.0,,,,
qohorik_armor4,Qohorik Leather,Item,BodyArmor,body_armor,qohorik,13.0,,ROT-Content/ModuleData/ROTassets.xml,,,,,,,,,,,,,,28.0,9.0,9.0,,,,
qohorik_goat_helmet,Qohorik Goat Helmet,Item,HeadArmor,,qohorik,3.2,,ROT-Content/ModuleData/ROTassets.xml,,,,,,,,,,,,,54.0,5.0,,,,,,
qohorik_shield,Qohorik Shield,Item,Shield,,qohorik,4.0,,ROT-Content/ModuleData/ROTassets.xml,LargeShield,,86.0,,,70.0,,,5.0,Blunt,380.0,9.0,,,,,,,,
qohorik_shield2,Qohorik Steel Shield,Item,Shield,,qohorik,4.0,,ROT-Content/ModuleData/ROTassets.xml,LargeShield,,86.0,,,70.0,,,5.0,Blunt,430.0,9.0,,,,,,,,
pentoshi_armor,Pentoshi Plate,Item,BodyArmor,body_armor,pentoshi,32.0,,ROT-Content/ModuleData/ROTassets.xml,,,,,,,,,,,,,,48.0,8.0,8.0,,,,
pentoshi_armor2,Pentoshi Ornate Plate,Item,BodyArmor,body_armor,pentoshi,32.0,,ROT-Content/ModuleData/ROTassets.xml,,,,,,,,,,,,,,51.0,8.0,11.0,,,,
pentoshi_shoulders,Pentoshi Shoulders,Item,Cape,,pentoshi,2.2,,ROT-Content/ModuleData/ROTassets.xml,,,,,,,,,,,,,,16.0,8.0,,,,,
pentoshi_pauldrons,Pentoshi Pauldrons,Item,Cape,,pentoshi,2.8,,ROT-Content/ModuleData/ROTassets.xml,,,,,,,,,,,,,,17.0,13.0,,,,,
pentoshi_bracers,Pentoshi Leather Bracers,Item,HandArmor,,pentoshi,2.0,,ROT-Content/ModuleData/ROTassets.xml,,,,,,,,,,,,,,,20.0,,,,,
pentoshi_bracers2,Pentoshi Golden Bracers,Item,HandArmor,,pentoshi,2.5,,ROT-Content/ModuleData/ROTassets.xml,,,,,,,,,,,,,,,24.0,,,,,
pentoshi_boots,Pentoshi Boots,Item,LegArmor,,pentoshi,1.0,,ROT-Content/ModuleData/ROTassets.xml,,,,,,,,,,,,,,,,20.0,,,,
pentoshi_plated_boots,Pentoshi Plated Boots,Item,LegArmor,,pentoshi,3.0,,ROT-Content/ModuleData/ROTassets.xml,,,,,,,,,,,,,,,,24.0,,,,
pentoshi_helmet2,Pentoshi Featherd Helmet,Item,HeadArmor,,pentoshi,3.0,,ROT-Content/ModuleData/ROTassets.xml,,,,,,,,,,,,,49.0,,,,,,,
pentoshi_helmet,Pentoshi Helmet,Item,HeadArmor,,pentoshi,2.5,,ROT-Content/ModuleData/ROTassets.xml,,,,,,,,,,,,,39.0,,,,,,,
pentoshi_shield,Pentoshi Steel Shield,Item,Shield,,pentoshi,4.0,,ROT-Content/ModuleData/ROTassets.xml,LargeShield,,86.0,,,70.0,,,5.0,Blunt,360.0,9.0,,,,,,,,
pentoshi_shield2,Pentoshi Golden Shield,Item,Shield,,pentoshi,4.0,,ROT-Content/ModuleData/ROTassets.xml,LargeShield,,86.0,,,70.0,,,5.0,Blunt,400.0,9.0,,,,,,,,
pentoshi_tunic,Pentoshi Tunic,Item,BodyArmor,body_armor,pentoshi,7.0,,ROT-Content/ModuleData/ROTassets.xml,,,,,,,,,,,,,,15.0,5.0,5.0,,,,
manderly_leather_armor,Manderly Leather Armor,Item,BodyArmor,body_armor,battania,11.0,,ROT-Content/ModuleData/ROTassets.xml,,,,,,,,,,,,,,28.0,10.0,10.0,,,,
manderly_chainmail,Manderly Chainmail,Item,BodyArmor,body_armor,battania,20.0,,ROT-Content/ModuleData/ROTassets.xml,,,,,,,,,,,,,,44.0,12.0,12.0,,,,
manderly_plate,Manderly Plate,Item,BodyArmor,body_armor,battania,33.0,,ROT-Content/ModuleData/ROTassets.xml,,,,,,,,,,,,,,48.0,10.0,10.0,,,,
manderly_lord_armor,Manderly Elite Plate,Item,BodyArmor,body_armor,battania,32.0,,ROT-Content/ModuleData/ROTassets.xml,,,,,,,,,,,,,,52.0,11.0,11.0,,,,
manderly_lord_armor2,Marlon Manderly Plate,Item,BodyArmor,body_armor,battania,32.0,,ROT-Content/ModuleData/ROTassets.xml,,,,,,,,,,,,,,53.0,12.0,12.0,,,,
manderly_boots,Manderly Boots,Item,LegArmor,,battania,1.0,,ROT-Content/ModuleData/ROTassets.xml,,,,,,,,,,,,,,,,20.0,,,,
manderly_plated_boots,Manderly Plated Boots,Item,LegArmor,,battania,3.0,,ROT-Content/ModuleData/ROTassets.xml,,,,,,,,,,,,,,,,24.0,,,,
manderly_bracers2,Manderly Steel Bracers,Item,HandArmor,,battania,2.5,,ROT-Content/ModuleData/ROTassets.xml,,,,,,,,,,,,,,,23.0,,,,,
manderly_heavy_gloves,Manderly Plated Gloves,Item,HandArmor,,battania,2.9,,ROT-Content/ModuleData/ROTassets.xml,,,,,,,,,,,,,,,24.0,,,,,
manderly_lord_gloves,Manderly Lord Gloves,Item,HandArmor,,battania,2.9,,ROT-Content/ModuleData/ROTassets.xml,,,,,,,,,,,,,,,25.0,,,,,
manderly_helmet2,Manderly Sallet,Item,HeadArmor,,battania,2.5,,ROT-Content/ModuleData/ROTassets.xml,,,,,,,,,,,,,38.0,,,,,,,
manderly_helmet3,Manderly Visored Sallet,Item,HeadArmor,,battania,2.7,,ROT-Content/ModuleData/ROTassets.xml,,,,,,,,,,,,,46.0,,,,,,,
manderly_helmet4,Manderly Noble Sallet,Item,HeadArmor,,battania,2.7,,ROT-Content/ModuleData/ROTassets.xml,,,,,,,,,,,,,51.0,,,,,,,
manderly_helmet5,Marlon Manderly Helmet,Item,HeadArmor,,battania,2.7,,ROT-Content/ModuleData/ROTassets.xml,,,,,,,,,,,,,55.0,,,,,,,
manderly_gorget,Manderly Gorget,Item,Cape,,battania,2.0,,ROT-Content/ModuleData/ROTassets.xml,,,,,,,,,,,,,,15.0,,,,,,
manderly_shoulders,Manderly Shoulders,Item,Cape,,battania,2.5,,ROT-Content/ModuleData/ROTassets.xml,,,,,,,,,,,,,,15.0,8.0,,,,,
manderly_heavy_shoulders,Manderly Noble Shoulders,Item,Cape,,battania,2.3,,ROT-Content/ModuleData/ROTassets.xml,,,,,,,,,,,,,,17.0,12.0,,,,,
manderly_lord_shoulders,Manderly Noble Shoulders with Cape,Item,Cape,,battania,2.4,,ROT-Content/ModuleData/ROTassets.xml,,,,,,,,,,,,,,17.0,12.0,,,,,
manderly_shield,Manderly Shield,Item,Shield,,battania,3.5,,ROT-Content/ModuleData/ROTassets.xml,LargeShield,,86.0,,,70.0,,,5.0,Blunt,360.0,9.0,,,,,,,,
manderly_heater_shield,Manderly Heater Shield,Item,Shield,,battania,3.5,,ROT-Content/ModuleData/ROTassets.xml,LargeShield,,86.0,,,70.0,,,5.0,Blunt,400.0,9.0,,,,,,,,
lorathi_armor,Lorathi Leather Armor,Item,BodyArmor,body_armor,nord,14.0,,ROT-Content/ModuleData/ROTassets.xml,,,,,,,,,,,,,,37.0,10.0,10.0,,,,
lorathi_armor2,Lorathi Leather Armor 2,Item,BodyArmor,body_armor,nord,14.0,,ROT-Content/ModuleData/ROTassets.xml,,,,,,,,,,,,,,37.0,10.0,10.0,,,,
lorathi_armor3,Lorathi Plated Armor,Item,BodyArmor,body_armor,nord,27.0,,ROT-Content/ModuleData/ROTassets.xml,,,,,,,,,,,,,,44.0,10.0,10.0,,,,
lorathi_armor4,Lorathi Plate,Item,BodyArmor,body_armor,nord,35.0,,ROT-Content/ModuleData/ROTassets.xml,,,,,,,,,,,,,,50.0,10.0,10.0,,,,
lorathi_boots,Lorathi Boots,Item,LegArmor,,nord,1.0,,ROT-Content/ModuleData/ROTassets.xml,,,,,,,,,,,,,,,,21.0,,,,
lorathi_gloves,Lorathi Gloves,Item,HandArmor,,nord,2.2,,ROT-Content/ModuleData/ROTassets.xml,,,,,,,,,,,,,,,24.0,,,,,
lorathi_shoulders,Lorathi Shoulders,Item,Cape,,nord,2.5,,ROT-Content/ModuleData/ROTassets.xml,,,,,,,,,,,,,,17.0,10.0,,,,,
lorathi_cloak,Lorathi Cloak,Item,Cape,body_armor,nord,2.2,,ROT-Content/ModuleData/ROTassets.xml,,,,,,,,,,,,,,12.0,,,,,,
lorathi_helmet,Lorathi Horned Helmet,Item,HeadArmor,,nord,3.0,,ROT-Content/ModuleData/ROTassets.xml,,,,,,,,,,,,,40.0,,,,,,,
lorathi_helmet2,Lorathi Horned Helmet 2,Item,HeadArmor,,nord,3.1,,ROT-Content/ModuleData/ROTassets.xml,,,,,,,,,,,,,42.0,,,,,,,
lorathi_helmet3,Lorathi Horned Helmet 3,Item,HeadArmor,,nord,2.8,,ROT-Content/ModuleData/ROTassets.xml,,,,,,,,,,,,,38.0,,,,,,,
lorathi_helmet4,Lorathi Steel Helmet,Item,HeadArmor,,nord,3.1,,ROT-Content/ModuleData/ROTassets.xml,,,,,,,,,,,,,42.0,,,,,,,
lorathi_helmet5,Lorathi Steel Helmet 2,Item,HeadArmor,,nord,2.9,,ROT-Content/ModuleData/ROTassets.xml,,,,,,,,,,,,,39.0,,,,,,,
lorathi_helmet6,Lorathi Lord Helmet,Item,HeadArmor,,nord,3.3,,ROT-Content/ModuleData/ROTassets.xml,,,,,,,,,,,,,48.0,,,,,,,
lorathi_shield,Lorathi Shield,Item,Shield,,nord,3.7,,ROT-Content/ModuleData/ROTassets.xml,LargeShield,,86.0,,,112.0,,,5.0,Blunt,360.0,9.0,,,,,,,,
lorathi_shield2,Lorathi Steel Shield,Item,Shield,,nord,3.7,,ROT-Content/ModuleData/ROTassets.xml,LargeShield,,86.0,,,112.0,,,5.0,Blunt,410.0,9.0,,,,,,,,
baratheon_crown,Robert's Crown,Item,HeadArmor,,stormlands,0.5,,ROT-Content/ModuleData/ROTassets.xml,,,,,,,,,,,,,75.0,,,,,,,
euron_crown,Driftwood Crown,Item,HeadArmor,,sturgia,0.5,,ROT-Content/ModuleData/ROTassets.xml,,,,,,,,,,,,,75.0,,,,,,,
joffrey_crown,Joffrey's Crown,Item,HeadArmor,,crownlands,0.5,,ROT-Content/ModuleData/ROTassets.xml,,,,,,,,,,,,,75.0,,,,,,,
margaery_crown,Margaery's Crown,Item,HeadArmor,,reach,0.5,,ROT-Content/ModuleData/ROTassets.xml,,,,,,,,,,,,,75.0,,,,,,,
robb_crown,King in the North Crown,Item,HeadArmor,,battania,0.5,,ROT-Content/ModuleData/ROTassets.xml,,,,,,,,,,,,,75.0,,,,,,,
sansa_crown,Sansa's Crown,Item,HeadArmor,,battania,0.5,,ROT-Content/ModuleData/ROTassets.xml,,,,,,,,,,,,,75.0,,,,,,,
andal_clothes1,Andal Clothes 1,Item,BodyArmor,body_armor,river,3.0,,ROT-Content/ModuleData/ROTassets.xml,,,,,,,,,,,,,,10.0,3.0,3.0,,,,
andal_clothes2,Andal Clothes 2,Item,BodyArmor,body_armor,vlandia,3.0,,ROT-Content/ModuleData/ROTassets.xml,,,,,,,,,,,,,,10.0,3.0,3.0,,,,
andal_clothes3,Andal Clothes 3,Item,BodyArmor,body_armor,reach,3.0,,ROT-Content/ModuleData/ROTassets.xml,,,,,,,,,,,,,,10.0,3.0,3.0,,,,
andal_clothes4,Andal Clothes 4,Item,BodyArmor,body_armor,vale,3.0,,ROT-Content/ModuleData/ROTassets.xml,,,,,,,,,,,,,,10.0,3.0,3.0,,,,
andal_clothes5,Andal Clothes 5,Item,BodyArmor,body_armor,river,3.0,,ROT-Content/ModuleData/ROTassets.xml,,,,,,,,,,,,,,10.0,3.0,3.0,,,,
andal_clothes6,Andal Clothes 6,Item,BodyArmor,body_armor,crownlands,3.0,,ROT-Content/ModuleData/ROTassets.xml,,,,,,,,,,,,,,10.0,3.0,3.0,,,,
andal_clothes7,Andal Clothes 7,Item,BodyArmor,body_armor,crownlands,3.0,,ROT-Content/ModuleData/ROTassets.xml,,,,,,,,,,,,,,10.0,3.0,3.0,,,,
andal_clothes8,Andal Clothes 8,Item,BodyArmor,body_armor,stormlands,3.0,,ROT-Content/ModuleData/ROTassets.xml,,,,,,,,,,,,,,10.0,3.0,3.0,,,,
andal_robe1,Andal Robe 1,Item,BodyArmor,body_armor,stormlands,3.0,,ROT-Content/ModuleData/ROTassets.xml,,,,,,,,,,,,,,12.0,4.0,4.0,,,,
andal_robe2,Andal Robe 2,Item,BodyArmor,body_armor,reach,3.0,,ROT-Content/ModuleData/ROTassets.xml,,,,,,,,,,,,,,12.0,4.0,4.0,,,,
andal_robe3,Andal Robe 3,Item,BodyArmor,body_armor,crownlands,3.0,,ROT-Content/ModuleData/ROTassets.xml,,,,,,,,,,,,,,14.0,4.0,4.0,,,,
andal_robe4,Andal Robe 4,Item,BodyArmor,body_armor,dragonstone,3.0,,ROT-Content/ModuleData/ROTassets.xml,,,,,,,,,,,,,,12.0,4.0,4.0,,,,
andal_robe5,Andal Robe 5,Item,BodyArmor,body_armor,crownlands,3.0,,ROT-Content/ModuleData/ROTassets.xml,,,,,,,,,,,,,,14.0,4.0,4.0,,,,
andal_robe6,Andal Robe 6,Item,BodyArmor,body_armor,vlandia,3.0,,ROT-Content/ModuleData/ROTassets.xml,,,,,,,,,,,,,,12.0,4.0,4.0,,,,
andal_civ_boots,Andal Shoes,Item,LegArmor,,crownlands,1.0,,ROT-Content/ModuleData/ROTassets.xml,,,,,,,,,,,,,,,,10.0,,,,
andal_civ_boots2,Andal Shoes 2,Item,LegArmor,,river,1.0,,ROT-Content/ModuleData/ROTassets.xml,,,,,,,,,,,,,,,,10.0,,,,
andal_cloak,Andal Civilian Cloak,Item,Cape,body_armor,crownlands,1.7,,ROT-Content/ModuleData/ROTassets.xml,,,,,,,,,,,,,,8.0,,,,,,
skagosi_armor,Skagosi Armor,Item,BodyArmor,body_armor,skagosi,15.0,,ROT-Content/ModuleData/ROTassets.xml,,,,,,,,,,,,,,38.0,10.0,10.0,,,,
skagosi_armor2,Skagosi Elite Armor,Item,BodyArmor,body_armor,skagosi,14.0,,ROT-Content/ModuleData/ROTassets.xml,,,,,,,,,,,,,,44.0,12.0,12.0,,,,
skagosi_helmet,Skagosi Helmet,Item,HeadArmor,,skagosi,3.0,,ROT-Content/ModuleData/ROTassets.xml,,,,,,,,,,,,,37.0,,,,,,,
skagosi_helmet2,Skagosi Elite Helmet,Item,HeadArmor,,skagosi,3.2,,ROT-Content/ModuleData/ROTassets.xml,,,,,,,,,,,,,42.0,,,,,,,
skagosi_boots,Skagosi Boots,Item,LegArmor,,skagosi,1.0,,ROT-Content/ModuleData/ROTassets.xml,,,,,,,,,,,,,,,,21.0,,,,
skagosi_gloves,Skagosi Gloves,Item,HandArmor,,skagosi,2.2,,ROT-Content/ModuleData/ROTassets.xml,,,,,,,,,,,,,,,23.0,,,,,
skagosi_gloves2,Skagosi Elite Gloves,Item,HandArmor,,skagosi,2.2,,ROT-Content/ModuleData/ROTassets.xml,,,,,,,,,,,,,,,24.0,,,,,
skagosi_shoulders,Skagosi Shoulders,Item,Cape,,skagosi,2.7,,ROT-Content/ModuleData/ROTassets.xml,,,,,,,,,,,,,,17.0,12.0,,,,,
skagosi_cloak,Skagosi Cloak,Item,Cape,body_armor,skagosi,2.2,,ROT-Content/ModuleData/ROTassets.xml,,,,,,,,,,,,,,12.0,,,,,,
skagosi_shield,Skagosi Shield,Item,Shield,,skagosi,3.7,,ROT-Content/ModuleData/ROTassets.xml,LargeShield,,86.0,,,112.0,,,5.0,Blunt,360.0,9.0,,,,,,,,
skagosi_shield2,Skagosi Elite Shield,Item,Shield,,skagosi,3.7,,ROT-Content/ModuleData/ROTassets.xml,LargeShield,,86.0,,,112.0,,,5.0,Blunt,420.0,9.0,,,,,,,,
nobleman_gloves,Nobleman Gloves,Item,HandArmor,,crownlands,1.5,,ROT-Content/ModuleData/ROTassets.xml,,,,,,,,,,,,,,,21.0,,,,,
bull_helmet,Gendry's Bull Helmet,Item,HeadArmor,,stormlands,3.0,,ROT-Content/ModuleData/ROTassets.xml,,,,,,,,,,,,,56.0,,,,,,,
dragonstone_garb,Dragonstone Garb,Item,BodyArmor,,dragonstone,0.4,,ROT-Content/ModuleData/ROTassets.xml,,,,,,,,,,,,,,15.0,5.0,5.0,,,,
riverlands_garb,Riverlands Garb,Item,BodyArmor,,river,0.4,,ROT-Content/ModuleData/ROTassets.xml,,,,,,,,,,,,,,15.0,5.0,5.0,,,,
westerlands_garb,Westerlands Garb,Item,BodyArmor,,vlandia,0.4,,ROT-Content/ModuleData/ROTassets.xml,,,,,,,,,,,,,,15.0,5.0,5.0,,,,
northern_garb,Northern Garb,Item,BodyArmor,,battania,0.4,,ROT-Content/ModuleData/ROTassets.xml,,,,,,,,,,,,,,15.0,5.0,5.0,,,,
rhoynar_boots,Rhoynar Boots,Item,LegArmor,,aserai,0.9,,ROT-Content/ModuleData/ROTassets.xml,,,,,,,,,,,,,,,,12.0,,,,
essos_boots,Essosi Boots,Item,LegArmor,,pentoshi,0.9,,ROT-Content/ModuleData/ROTassets.xml,,,,,,,,,,,,,,,,12.0,,,,
andal_boots,Andal Boots,Item,LegArmor,,vale,0.9,,ROT-Content/ModuleData/ROTassets.xml,,,,,,,,,,,,,,,,12.0,,,,
first_men_boots,First Men Boots,Item,LegArmor,,battania,0.9,,ROT-Content/ModuleData/ROTassets.xml,,,,,,,,,,,,,,,,12.0,,,,
northern_garb2,Northern Garb 2,Item,BodyArmor,,battania,0.4,,ROT-Content/ModuleData/ROTassets.xml,,,,,,,,,,,,,,15.0,5.0,5.0,,,,
ironborn_garb,Ironborn Garb,Item,BodyArmor,,sturgia,0.4,,ROT-Content/ModuleData/ROTassets.xml,,,,,,,,,,,,,,15.0,5.0,5.0,,,,
lorathi_garb,Lorathi Garb,Item,BodyArmor,,nord,0.4,,ROT-Content/ModuleData/ROTassets.xml,,,,,,,,,,,,,,15.0,5.0,5.0,,,,
vale_garb,Vale Garb,Item,BodyArmor,,vale,0.4,,ROT-Content/ModuleData/ROTassets.xml,,,,,,,,,,,,,,15.0,5.0,5.0,,,,
reach_garb,Reach Garb,Item,BodyArmor,,reach,0.4,,ROT-Content/ModuleData/ROTassets.xml,,,,,,,,,,,,,,15.0,5.0,5.0,,,,
stormlands_garb,Stormlands Garb,Item,BodyArmor,,stormlands,0.4,,ROT-Content/ModuleData/ROTassets.xml,,,,,,,,,,,,,,15.0,5.0,5.0,,,,
nightswatch_garb,Black Garb,Item,BodyArmor,,nightswatch,0.4,,ROT-Content/ModuleData/ROTassets.xml,,,,,,,,,,,,,,15.0,5.0,5.0,,,,
dorne_garb,Dornish Garb,Item,BodyArmor,,aserai,0.4,,ROT-Content/ModuleData/ROTassets.xml,,,,,,,,,,,,,,15.0,5.0,5.0,,,,
ghiscari_garb,Ghiscari Garb,Item,BodyArmor,,ghiscari,0.4,,ROT-Content/ModuleData/ROTassets.xml,,,,,,,,,,,,,,15.0,5.0,5.0,,,,
volantine_garb,Volantene Garb,Item,BodyArmor,,volantine,0.4,,ROT-Content/ModuleData/ROTassets.xml,,,,,,,,,,,,,,15.0,5.0,5.0,,,,
braavosi_garb,Braavosi Garb,Item,BodyArmor,,empire,0.4,,ROT-Content/ModuleData/ROTassets.xml,,,,,,,,,,,,,,15.0,5.0,5.0,,,,
qohorik_garb,Qohorik Garb,Item,BodyArmor,,qohorik,0.4,,ROT-Content/ModuleData/ROTassets.xml,,,,,,,,,,,,,,15.0,5.0,5.0,,,,
norvoshi_garb,Norvoshi Garb,Item,BodyArmor,,norvos,0.4,,ROT-Content/ModuleData/ROTassets.xml,,,,,,,,,,,,,,15.0,5.0,5.0,,,,
umber_garb,Red Northern Garb,Item,BodyArmor,,battania,0.4,,ROT-Content/ModuleData/ROTassets.xml,,,,,,,,,,,,,,15.0,5.0,5.0,,,,
manderly_garb,Seaman's Garb,Item,BodyArmor,,battania,0.4,,ROT-Content/ModuleData/ROTassets.xml,,,,,,,,,,,,,,15.0,5.0,5.0,,,,
dayne_garb,Purple Garb,Item,BodyArmor,,aserai,0.4,,ROT-Content/ModuleData/ROTassets.xml,,,,,,,,,,,,,,15.0,5.0,5.0,,,,
hightower_garb,Hightower Garb,Item,BodyArmor,,reach,0.4,,ROT-Content/ModuleData/ROTassets.xml,,,,,,,,,,,,,,15.0,5.0,5.0,,,,
tarly_garb,Tarly Garb,Item,BodyArmor,,reach,0.4,,ROT-Content/ModuleData/ROTassets.xml,,,,,,,,,,,,,,15.0,5.0,5.0,,,,
frey_garb,Trident Garb,Item,BodyArmor,,river,0.4,,ROT-Content/ModuleData/ROTassets.xml,,,,,,,,,,,,,,15.0,5.0,5.0,,,,
crownlands_garb,Crownlands Garb,Item,BodyArmor,,crownlands,0.4,,ROT-Content/ModuleData/ROTassets.xml,,,,,,,,,,,,,,15.0,5.0,5.0,,,,
valyrian_garb,Valyrian Garb,Item,BodyArmor,,valyrian,0.4,,ROT-Content/ModuleData/ROTassets.xml,,,,,,,,,,,,,,15.0,5.0,5.0,,,,
tyroshi_garb,Tyroshi Garb,Item,BodyArmor,,tyroshi,0.4,,ROT-Content/ModuleData/ROTassets.xml,,,,,,,,,,,,,,15.0,2.0,5.0,,,,
myrish_garb,Myrish Garb,Item,BodyArmor,,myrish,0.4,,ROT-Content/ModuleData/ROTassets.xml,,,,,,,,,,,,,,15.0,2.0,5.0,,,,
lyseni_garb,Lyseni Garb,Item,BodyArmor,,lyseni,0.4,,ROT-Content/ModuleData/ROTassets.xml,,,,,,,,,,,,,,15.0,2.0,5.0,,,,
summer_garb,Summer Isles Garb,Item,BodyArmor,,summer,0.4,,ROT-Content/ModuleData/ROTassets.xml,,,,,,,,,,,,,,15.0,2.0,5.0,,,,
sarnori_garb,Sarnori Garb,Item,BodyArmor,,sarnor,0.4,,ROT-Content/ModuleData/ROTassets.xml,,,,,,,,,,,,,,15.0,2.0,5.0,,,,
bracken_garb,Brown Garb,Item,BodyArmor,,river,0.4,,ROT-Content/ModuleData/ROTassets.xml,,,,,,,,,,,,,,15.0,2.0,5.0,,,,
iron_gambeson,Ironborn Gambeson,Item,BodyArmor,body_armor,sturgia,10.0,,ROT-Content/ModuleData/ROTassets.xml,,,,,,,,,,,,,,28.0,12.0,8.0,,,,
brav_gambeson,Braavosi Gambeson,Item,BodyArmor,body_armor,empire,10.0,,ROT-Content/ModuleData/ROTassets.xml,,,,,,,,,,,,,,28.0,12.0,8.0,,,,
step_gambeson,Lyseni Gambeson,Item,BodyArmor,body_armor,lyseni,9.0,,ROT-Content/ModuleData/ROTassets.xml,,,,,,,,,,,,,,28.0,12.0,0.0,,,,
step_gambeson2,Myrish Gambeson,Item,BodyArmor,body_armor,myrish,9.0,,ROT-Content/ModuleData/ROTassets.xml,,,,,,,,,,,,,,28.0,12.0,0.0,,,,
step_gambeson3,Tyroshi Gambeson,Item,BodyArmor,body_armor,tyroshi,9.0,,ROT-Content/ModuleData/ROTassets.xml,,,,,,,,,,,,,,28.0,12.0,0.0,,,,
step_gambeson4,Summer Isles Gambeson,Item,BodyArmor,body_armor,summer,9.0,,ROT-Content/ModuleData/ROTassets.xml,,,,,,,,,,,,,,28.0,12.0,0.0,,,,
dorne_gambeson,Dornish Gambeson,Item,BodyArmor,body_armor,aserai,10.0,,ROT-Content/ModuleData/ROTassets.xml,,,,,,,,,,,,,,28.0,12.0,8.0,,,,
yiti_gambeson,Yitish Gambeson,Item,BodyArmor,body_armor,yiti,10.0,,ROT-Content/ModuleData/ROTassets.xml,,,,,,,,,,,,,,28.0,12.0,8.0,,,,
yiti_garb,Yitish Garb,Item,BodyArmor,,yiti,0.4,,ROT-Content/ModuleData/ROTassets.xml,,,,,,,,,,,,,,15.0,5.0,5.0,,,,
ramsay_armor,Ramsay Armor,Item,BodyArmor,body_armor,battania,32.0,,ROT-Content/ModuleData/ROTassets.xml,,,,,,,,,,,,,,53.0,12.0,12.0,,,,
ramsay_helmet,Ramsay Helmet,Item,HeadArmor,,battania,2.7,,ROT-Content/ModuleData/ROTassets.xml,,,,,,,,,,,,,55.0,,,,,,,
ramsay_gloves,Ramsay Plated Gloves,Item,HandArmor,,battania,3.0,,ROT-Content/ModuleData/ROTassets.xml,,,,,,,,,,,,,,,26.0,,,,,
ramsay_shoulders,Ramsay Pauldrons,Item,Cape,,battania,2.5,,ROT-Content/ModuleData/ROTassets.xml,,,,,,,,,,,,,,17.0,13.0,,,,,
ramsay_shoulders2,Ramsay Pauldrons with Skin,Item,Cape,,battania,2.8,,ROT-Content/ModuleData/ROTassets.xml,,,,,,,,,,,,,,18.0,13.0,,,,,
ramsay_boots,Ramsay Sabatons,Item,LegArmor,,battania,3.5,,ROT-Content/ModuleData/ROTassets.xml,,,,,,,,,,,,,,,,26.0,,,,
stark_lord_armor,Stark Lord Armor,Item,BodyArmor,body_armor,battania,32.0,,ROT-Content/ModuleData/ROTassets.xml,,,,,,,,,,,,,,53.0,12.0,12.0,,,,
stark_lord_armor2,Stark Lord Armor 2,Item,BodyArmor,body_armor,battania,32.0,,ROT-Content/ModuleData/ROTassets.xml,,,,,,,,,,,,,,53.0,12.0,12.0,,,,
stark_lord_boots,Stark Lord Boots,Item,LegArmor,,battania,3.2,,ROT-Content/ModuleData/ROTassets.xml,,,,,,,,,,,,,,,,26.0,,,,
stark_lord_boots2,Stark Lord Boots 2,Item,LegArmor,,battania,3.2,,ROT-Content/ModuleData/ROTassets.xml,,,,,,,,,,,,,,,,26.0,,,,
stark_lord_pauldrons,Stark Lord Pauldrons,Item,Cape,,battania,2.5,,ROT-Content/ModuleData/ROTassets.xml,,,,,,,,,,,,,,18.0,14.0,,,,,
stark_lord_pauldrons2,Stark Lord Pauldrons 2,Item,Cape,,battania,2.5,,ROT-Content/ModuleData/ROTassets.xml,,,,,,,,,,,,,,18.0,14.0,,,,,
wilding_garb,Wildling Garb,Item,BodyArmor,,freefolk,0.4,,ROT-Content/ModuleData/ROTassets.xml,,,,,,,,,,,,,,15.0,5.0,5.0,,,,
wildling_armor1,Wildling Leather Armor,Item,BodyArmor,body_armor,freefolk,10.0,,ROT-Content/ModuleData/ROTassets.xml,,,,,,,,,,,,,,28.0,10.0,10.0,,,,
wildling_armor2,Wildling Heavy Leather Armor,Item,BodyArmor,body_armor,freefolk,14.0,,ROT-Content/ModuleData/ROTassets.xml,,,,,,,,,,,,,,37.0,13.0,13.0,,,,
wildling_armor3,Wildling Chain Cloak,Item,BodyArmor,body_armor,freefolk,18.0,,ROT-Content/ModuleData/ROTassets.xml,,,,,,,,,,,,,,42.0,14.0,14.0,,,,
wildling_boots,Wildling Basic Boots,Item,LegArmor,,freefolk,0.9,,ROT-Content/ModuleData/ROTassets.xml,,,,,,,,,,,,,,,,12.0,,,,
wildling_boots2,Wildling Boots,Item,LegArmor,,freefolk,0.9,,ROT-Content/ModuleData/ROTassets.xml,,,,,,,,,,,,,,,,18.0,,,,
wildling_boots3,Wildling Wrapped Boots,Item,LegArmor,,freefolk,0.9,,ROT-Content/ModuleData/ROTassets.xml,,,,,,,,,,,,,,,,20.0,,,,
wildling_boots4,Wildling Leather Boots,Item,LegArmor,,freefolk,0.9,,ROT-Content/ModuleData/ROTassets.xml,,,,,,,,,,,,,,,,22.0,,,,
wildling_hood,Wildling Hood,Item,HeadArmor,,freefolk,0.8,,ROT-Content/ModuleData/ROTassets.xml,,,,,,,,,,,,,15.0,,,,,,,
wildling_hood2,Wildling Leather Hood,Item,HeadArmor,,freefolk,0.9,,ROT-Content/ModuleData/ROTassets.xml,,,,,,,,,,,,,25.0,,,,,,,
wildling_hood3,Wildling Heavy Hood,Item,HeadArmor,,freefolk,1.2,,ROT-Content/ModuleData/ROTassets.xml,,,,,,,,,,,,,30.0,,,,,,,
wildling_hood4,Wildling Reinforced Hood,Item,HeadArmor,,freefolk,1.5,,ROT-Content/ModuleData/ROTassets.xml,,,,,,,,,,,,,38.0,,,,,,,
stark_lord_helmet,Stark Lord Helmet,Item,HeadArmor,,battania,2.7,,ROT-Content/ModuleData/ROTassets.xml,,,,,,,,,,,,,55.0,,,,,,,
stark_lord_helmet2,Stark Lord Helmet 2,Item,HeadArmor,,battania,2.7,,ROT-Content/ModuleData/ROTassets.xml,,,,,,,,,,,,,55.0,,,,,,,
stark_lord_bracers,Stark Lord Bracers,Item,HandArmor,,battania,3.0,,ROT-Content/ModuleData/ROTassets.xml,,,,,,,,,,,,,,,26.0,,,,,
stark_lord_bracers2,Stark Lord Bracers 2,Item,HandArmor,,battania,3.0,,ROT-Content/ModuleData/ROTassets.xml,,,,,,,,,,,,,,,26.0,,,,,
stark_lord_pauldrons_cloak,Stark Lord Pauldrons with Cloak,Item,Cape,,battania,2.8,,ROT-Content/ModuleData/ROTassets.xml,,,,,,,,,,,,,,20.0,14.0,,,,,
stark_lord_pauldrons_cloak2,Stark Lord Pauldrons with Cloak 2,Item,Cape,,battania,2.8,,ROT-Content/ModuleData/ROTassets.xml,,,,,,,,,,,,,,20.0,14.0,,,,,
ghiscari_horse_armor,Ghiscari Horse Armor,Item,HorseHarness,body_armor,ghiscari,140.0,,ROT-Content/ModuleData/ROTassets.xml,,,,,,,,,,,,,,65.0,,,,,,
braavosi_horse_armor,Braavosi Horse Armor,Item,HorseHarness,body_armor,empire,140.0,,ROT-Content/ModuleData/ROTassets.xml,,,,,,,,,,,,,,65.0,,,,,,
lorathi_horse_armor,Lorathi Horse Armor,Item,HorseHarness,body_armor,nord,140.0,,ROT-Content/ModuleData/ROTassets.xml,,,,,,,,,,,,,,65.0,,,,,,
pentoshi_horse_armor,Pentoshi Horse Armor,Item,HorseHarness,body_armor,pentoshi,140.0,,ROT-Content/ModuleData/ROTassets.xml,,,,,,,,,,,,,,65.0,,,,,,
norvoshi_horse_armor,Norvoshi Horse Armor,Item,HorseHarness,body_armor,norvos,140.0,,ROT-Content/ModuleData/ROTassets.xml,,,,,,,,,,,,,,65.0,,,,,,
qohorik_horse_armor,Qohorik Horse Armor,Item,HorseHarness,body_armor,qohorik,140.0,,ROT-Content/ModuleData/ROTassets.xml,,,,,,,,,,,,,,65.0,,,,,,
myrish_horse_armor,Myrish Horse Armor,Item,HorseHarness,body_armor,myrish,140.0,,ROT-Content/ModuleData/ROTassets.xml,,,,,,,,,,,,,,65.0,,,,,,
tyroshi_horse_armor,Tyroshi Horse Armor,Item,HorseHarness,body_armor,tyroshi,140.0,,ROT-Content/ModuleData/ROTassets.xml,,,,,,,,,,,,,,65.0,,,,,,
lyseni_horse_armor,Lyseni Horse Armor,Item,HorseHarness,body_armor,lyseni,140.0,,ROT-Content/ModuleData/ROTassets.xml,,,,,,,,,,,,,,65.0,,,,,,
volantene_horse_armor,Volantene Horse Armor,Item,HorseHarness,body_armor,volantine,140.0,,ROT-Content/ModuleData/ROTassets.xml,,,,,,,,,,,,,,65.0,,,,,,
andal_dress1,Andal Dress 1,Item,BodyArmor,,reach,0.4,,ROT-Content/ModuleData/ROTassets.xml,,,,,,,,,,,,,,10.0,5.0,5.0,,,,
andal_dress2,Andal Dress 2,Item,BodyArmor,,vale,0.4,,ROT-Content/ModuleData/ROTassets.xml,,,,,,,,,,,,,,10.0,5.0,5.0,,,,
andal_dress3,Andal Dress 3,Item,BodyArmor,,crownlands,0.4,,ROT-Content/ModuleData/ROTassets.xml,,,,,,,,,,,,,,10.0,5.0,5.0,,,,
andal_female_hood,Andal Female Hood,Item,HeadArmor,,vlandia,0.5,,ROT-Content/ModuleData/ROTassets.xml,,,,,,,,,,,,,5.0,,,,,,,
andal_female_shoes,Andal Female Shoes,Item,LegArmor,,river,0.5,,ROT-Content/ModuleData/ROTassets.xml,,,,,,,,,,,,,,,,5.0,,,,
fm_dress1,First Men Dress 1,Item,BodyArmor,,battania,0.4,,ROT-Content/ModuleData/ROTassets.xml,,,,,,,,,,,,,,10.0,5.0,5.0,,,,
fm_dress2,First Men Dress 2,Item,BodyArmor,,battania,0.4,,ROT-Content/ModuleData/ROTassets.xml,,,,,,,,,,,,,,10.0,5.0,5.0,,,,
fm_dress3,First Men Dress 3,Item,BodyArmor,,battania,0.4,,ROT-Content/ModuleData/ROTassets.xml,,,,,,,,,,,,,,10.0,5.0,5.0,,,,
fm_female_shoes,First Men Female Shoes,Item,LegArmor,,battania,0.5,,ROT-Content/ModuleData/ROTassets.xml,,,,,,,,,,,,,,,,5.0,,,,
fm_civ_shoulder,First Men Civilian Fur,Item,Cape,,battania,0.2,,ROT-Content/ModuleData/ROTassets.xml,,,,,,,,,,,,,,8.0,,,,,,
fm_clothes1,First Men Clothes 1,Item,BodyArmor,,battania,0.4,,ROT-Content/ModuleData/ROTassets.xml,,,,,,,,,,,,,,10.0,5.0,5.0,,,,
fm_clothes2,First Men Clothes 2,Item,BodyArmor,,battania,0.4,,ROT-Content/ModuleData/ROTassets.xml,,,,,,,,,,,,,,10.0,5.0,5.0,,,,
fm_clothes3,First Men Clothes 3,Item,BodyArmor,,battania,0.4,,ROT-Content/ModuleData/ROTassets.xml,,,,,,,,,,,,,,10.0,5.0,5.0,,,,
fm_clothes4,First Men Clothes 4,Item,BodyArmor,,battania,0.4,,ROT-Content/ModuleData/ROTassets.xml,,,,,,,,,,,,,,10.0,5.0,5.0,,,,
fm_clothes5,First Men Clothes 5,Item,BodyArmor,,battania,0.4,,ROT-Content/ModuleData/ROTassets.xml,,,,,,,,,,,,,,10.0,5.0,5.0,,,,
fm_clothes6,First Men Clothes 6,Item,BodyArmor,,battania,0.4,,ROT-Content/ModuleData/ROTassets.xml,,,,,,,,,,,,,,10.0,5.0,5.0,,,,
fm_clothes7,First Men Clothes 7,Item,BodyArmor,,battania,0.4,,ROT-Content/ModuleData/ROTassets.xml,,,,,,,,,,,,,,10.0,5.0,5.0,,,,
fm_clothes8,First Men Clothes 8,Item,BodyArmor,,battania,0.4,,ROT-Content/ModuleData/ROTassets.xml,,,,,,,,,,,,,,10.0,5.0,5.0,,,,
fm_civ_shoulder2,First Men Civilian Fur 2,Item,Cape,,battania,0.2,,ROT-Content/ModuleData/ROTassets.xml,,,,,,,,,,,,,,8.0,,,,,,
fm_hood,First Men Hood,Item,HeadArmor,,battania,0.5,,ROT-Content/ModuleData/ROTassets.xml,,,,,,,,,,,,,5.0,,,,,,,
fm_hood2,First Men Hood 2,Item,Cape,,battania,0.2,,ROT-Content/ModuleData/ROTassets.xml,,,,,,,,,,,,,,8.0,,,,,,
fm_hood3,First Men Hood 3,Item,Cape,,battania,0.2,,ROT-Content/ModuleData/ROTassets.xml,,,,,,,,,,,,,,8.0,,,,,,
fm_hood4,First Men Hood 4,Item,Cape,,battania,0.2,,ROT-Content/ModuleData/ROTassets.xml,,,,,,,,,,,,,,8.0,,,,,,
andal_noble_clothes1,Andal Noble Clothes 1,Item,BodyArmor,,dragonstone,0.4,,ROT-Content/ModuleData/ROTassets.xml,,,,,,,,,,,,,,20.0,6.0,6.0,,,,
andal_noble_clothes2,Andal Noble Clothes 2,Item,BodyArmor,,vlandia,0.4,,ROT-Content/ModuleData/ROTassets.xml,,,,,,,,,,,,,,20.0,6.0,6.0,,,,
andal_noble_clothes3,Andal Noble Clothes 3,Item,BodyArmor,,vale,0.4,,ROT-Content/ModuleData/ROTassets.xml,,,,,,,,,,,,,,20.0,6.0,6.0,,,,
andal_noble_clothes4,Andal Noble Clothes 4,Item,BodyArmor,,reach,0.4,,ROT-Content/ModuleData/ROTassets.xml,,,,,,,,,,,,,,20.0,6.0,6.0,,,,
andal_noble_boots1,Andal Noble Boots 1,Item,LegArmor,,vlandia,0.9,,ROT-Content/ModuleData/ROTassets.xml,,,,,,,,,,,,,,,,15.0,,,,
andal_noble_boots2,Andal Noble Boots 2,Item,LegArmor,,crownlands,0.9,,ROT-Content/ModuleData/ROTassets.xml,,,,,,,,,,,,,,,,15.0,,,,
braavosi_saddle,Braavosi Saddle,Item,HorseHarness,body_armor,empire,100.0,,ROT-Content/ModuleData/ROTassets.xml,,,,,,,,,,,,,,35.0,,,,,,
lorathi_saddle,Lorathi Saddle,Item,HorseHarness,body_armor,nord,100.0,,ROT-Content/ModuleData/ROTassets.xml,,,,,,,,,,,,,,35.0,,,,,,
norvoshi_saddle,Norvoshi Saddle,Item,HorseHarness,body_armor,norvos,100.0,,ROT-Content/ModuleData/ROTassets.xml,,,,,,,,,,,,,,35.0,,,,,,
qohorik_saddle,Qohorik Saddle,Item,HorseHarness,body_armor,qohorik,100.0,,ROT-Content/ModuleData/ROTassets.xml,,,,,,,,,,,,,,35.0,,,,,,
pentoshi_saddle,Pentoshi Saddle,Item,HorseHarness,body_armor,pentoshi,100.0,,ROT-Content/ModuleData/ROTassets.xml,,,,,,,,,,,,,,35.0,,,,,,
myrish_saddle,Myrish Saddle,Item,HorseHarness,body_armor,myrish,100.0,,ROT-Content/ModuleData/ROTassets.xml,,,,,,,,,,,,,,35.0,,,,,,
tyroshi_saddle,Tyroshi Saddle,Item,HorseHarness,body_armor,tyroshi,100.0,,ROT-Content/ModuleData/ROTassets.xml,,,,,,,,,,,,,,35.0,,,,,,
lyseni_saddle,Lyseni Saddle,Item,HorseHarness,body_armor,lyseni,100.0,,ROT-Content/ModuleData/ROTassets.xml,,,,,,,,,,,,,,35.0,,,,,,
volantene_saddle,Volantene Saddle,Item,HorseHarness,body_armor,volantine,100.0,,ROT-Content/ModuleData/ROTassets.xml,,,,,,,,,,,,,,35.0,,,,,,
ghiscari_saddle,Ghiscari Saddle,Item,HorseHarness,body_armor,ghiscari,100.0,,ROT-Content/ModuleData/ROTassets.xml,,,,,,,,,,,,,,35.0,,,,,,
andal_noble_clothes5,Andal Noble Clothes 5,Item,BodyArmor,,river,0.4,,ROT-Content/ModuleData/ROTassets.xml,,,,,,,,,,,,,,20.0,6.0,6.0,,,,
andal_noble_clothes6,Andal Noble Clothes 6,Item,BodyArmor,,vlandia,0.4,,ROT-Content/ModuleData/ROTassets.xml,,,,,,,,,,,,,,20.0,6.0,6.0,,,,
andal_noble_clothes7,Andal Noble Clothes 7,Item,BodyArmor,,river,0.4,,ROT-Content/ModuleData/ROTassets.xml,,,,,,,,,,,,,,20.0,6.0,6.0,,,,
andal_noble_clothes8,Andal Noble Clothes 8,Item,BodyArmor,,reach,0.4,,ROT-Content/ModuleData/ROTassets.xml,,,,,,,,,,,,,,20.0,6.0,6.0,,,,
andal_noble_clothes9,Andal Noble Clothes 9,Item,BodyArmor,,vale,0.4,,ROT-Content/ModuleData/ROTassets.xml,,,,,,,,,,,,,,20.0,6.0,6.0,,,,
andal_noble_clothes10,Andal Noble Clothes 10,Item,BodyArmor,,stormlands,0.4,,ROT-Content/ModuleData/ROTassets.xml,,,,,,,,,,,,,,20.0,6.0,6.0,,,,
andal_noble_clothes11,Andal Noble Clothes 11,Item,BodyArmor,,vlandia,0.4,,ROT-Content/ModuleData/ROTassets.xml,,,,,,,,,,,,,,20.0,6.0,6.0,,,,
andal_noble_clothes12,Andal Noble Clothes 12,Item,BodyArmor,,crownlands,0.4,,ROT-Content/ModuleData/ROTassets.xml,,,,,,,,,,,,,,20.0,6.0,6.0,,,,
andal_noble_clothes13,Andal Noble Clothes 13,Item,BodyArmor,,reach,0.4,,ROT-Content/ModuleData/ROTassets.xml,,,,,,,,,,,,,,20.0,6.0,6.0,,,,
andal_noble_clothes14,Andal Noble Clothes 14,Item,BodyArmor,,dragonstone,0.4,,ROT-Content/ModuleData/ROTassets.xml,,,,,,,,,,,,,,20.0,6.0,6.0,,,,
andal_noble_clothes15,Andal Noble Clothes 15,Item,BodyArmor,,reach,0.4,,ROT-Content/ModuleData/ROTassets.xml,,,,,,,,,,,,,,20.0,6.0,6.0,,,,
andal_noble_clothes16,Andal Noble Clothes 16,Item,BodyArmor,,reach,0.4,,ROT-Content/ModuleData/ROTassets.xml,,,,,,,,,,,,,,20.0,6.0,6.0,,,,
andal_noble_clothes17,Andal Noble Clothes 17,Item,BodyArmor,,river,0.4,,ROT-Content/ModuleData/ROTassets.xml,,,,,,,,,,,,,,20.0,6.0,6.0,,,,
andal_noble_clothes18,Andal Noble Clothes 18,Item,BodyArmor,,river,0.4,,ROT-Content/ModuleData/ROTassets.xml,,,,,,,,,,,,,,20.0,6.0,6.0,,,,
andal_noble_clothes19,Andal Noble Clothes 19,Item,BodyArmor,,stormlands,0.4,,ROT-Content/ModuleData/ROTassets.xml,,,,,,,,,,,,,,20.0,6.0,6.0,,,,
andal_noble_clothes20,Andal Noble Clothes 20,Item,BodyArmor,,stormlands,0.4,,ROT-Content/ModuleData/ROTassets.xml,,,,,,,,,,,,,,20.0,6.0,6.0,,,,
andal_noble_clothes21,Andal Noble Clothes 21,Item,BodyArmor,,crownlands,0.4,,ROT-Content/ModuleData/ROTassets.xml,,,,,,,,,,,,,,20.0,6.0,6.0,,,,
andal_noble_clothes22,Andal Noble Clothes 22,Item,BodyArmor,,crownlands,0.4,,ROT-Content/ModuleData/ROTassets.xml,,,,,,,,,,,,,,20.0,6.0,6.0,,,,
andal_dress4,Andal Dress 4,Item,BodyArmor,,river,0.4,,ROT-Content/ModuleData/ROTassets.xml,,,,,,,,,,,,,,10.0,5.0,5.0,,,,
andal_dress5,Andal Dress 5,Item,BodyArmor,,reach,0.4,,ROT-Content/ModuleData/ROTassets.xml,,,,,,,,,,,,,,10.0,5.0,5.0,,,,
andal_dress6,Andal Dress 6,Item,BodyArmor,,vale,0.4,,ROT-Content/ModuleData/ROTassets.xml,,,,,,,,,,,,,,10.0,5.0,5.0,,,,
andal_dress7,Andal Dress 7,Item,BodyArmor,,vlandia,0.4,,ROT-Content/ModuleData/ROTassets.xml,,,,,,,,,,,,,,10.0,5.0,5.0,,,,
andal_dress8,Andal Dress 8,Item,BodyArmor,,stormlands,0.4,,ROT-Content/ModuleData/ROTassets.xml,,,,,,,,,,,,,,10.0,5.0,5.0,,,,
andal_dress9,Andal Dress 9,Item,BodyArmor,,crownlands,0.4,,ROT-Content/ModuleData/ROTassets.xml,,,,,,,,,,,,,,10.0,5.0,5.0,,,,
andal_female_hood2,Andal Female Hood2,Item,HeadArmor,,river,0.5,,ROT-Content/ModuleData/ROTassets.xml,,,,,,,,,,,,,5.0,,,,,,,
andal_female_hood3,Andal Female Hood3,Item,HeadArmor,,dragonstone,0.5,,ROT-Content/ModuleData/ROTassets.xml,,,,,,,,,,,,,5.0,,,,,,,
rhoynar_hood,Rhoynar Hood,Item,HeadArmor,,aserai,0.5,,ROT-Content/ModuleData/ROTassets.xml,,,,,,,,,,,,,5.0,,,,,,,
rhoynar_hood2,Rhoynar Hood 2,Item,HeadArmor,,aserai,0.5,,ROT-Content/ModuleData/ROTassets.xml,,,,,,,,,,,,,5.0,,,,,,,
rhoynar_dress1,Rhoynar Dress 1,Item,BodyArmor,,aserai,0.4,,ROT-Content/ModuleData/ROTassets.xml,,,,,,,,,,,,,,10.0,5.0,5.0,,,,
rhoynar_dress2,Rhoynar Dress 2,Item,BodyArmor,,aserai,0.4,,ROT-Content/ModuleData/ROTassets.xml,,,,,,,,,,,,,,10.0,5.0,5.0,,,,
rhoynar_dress3,Rhoynar Dress 3,Item,BodyArmor,,aserai,0.4,,ROT-Content/ModuleData/ROTassets.xml,,,,,,,,,,,,,,10.0,5.0,5.0,,,,
rhoynar_dress4,Rhoynar Dress 4,Item,BodyArmor,,aserai,0.4,,ROT-Content/ModuleData/ROTassets.xml,,,,,,,,,,,,,,10.0,5.0,5.0,,,,
rhoynar_dress5,Rhoynar Dress 5,Item,BodyArmor,,aserai,0.4,,ROT-Content/ModuleData/ROTassets.xml,,,,,,,,,,,,,,10.0,5.0,5.0,,,,
rhoynar_dress6,Rhoynar Dress 6,Item,BodyArmor,,aserai,0.4,,ROT-Content/ModuleData/ROTassets.xml,,,,,,,,,,,,,,10.0,5.0,5.0,,,,
rhoynar_dress7,Rhoynar Dress 7,Item,BodyArmor,,aserai,0.4,,ROT-Content/ModuleData/ROTassets.xml,,,,,,,,,,,,,,10.0,5.0,5.0,,,,
rhoynar_dress8,Rhoynar Noble Dress 1,Item,BodyArmor,,aserai,0.4,,ROT-Content/ModuleData/ROTassets.xml,,,,,,,,,,,,,,20.0,5.0,5.0,,,,
rhoynar_dress9,Rhoynar Noble Dress 2,Item,BodyArmor,,aserai,0.4,,ROT-Content/ModuleData/ROTassets.xml,,,,,,,,,,,,,,20.0,5.0,5.0,,,,
rhoynar_dress10,Rhoynar Noble Dress 3,Item,BodyArmor,,aserai,0.4,,ROT-Content/ModuleData/ROTassets.xml,,,,,,,,,,,,,,20.0,5.0,5.0,,,,
rhoynar_female_shoes,Rhoynar Female Shoes,Item,LegArmor,,aserai,0.5,,ROT-Content/ModuleData/ROTassets.xml,,,,,,,,,,,,,,,,5.0,,,,
rhoynar_female_shoes2,Rhoynar Female Shoes 2,Item,LegArmor,,aserai,0.5,,ROT-Content/ModuleData/ROTassets.xml,,,,,,,,,,,,,,,,5.0,,,,
fm_dress4,First Men Dress 4,Item,BodyArmor,,battania,0.4,,ROT-Content/ModuleData/ROTassets.xml,,,,,,,,,,,,,,10.0,5.0,5.0,,,,
fm_dress5,First Men Dress 5,Item,BodyArmor,,battania,0.4,,ROT-Content/ModuleData/ROTassets.xml,,,,,,,,,,,,,,10.0,5.0,5.0,,,,
dothraki_horse_armor,Dothraki Horse Armor,Item,HorseHarness,body_armor,khuzait,140.0,,ROT-Content/ModuleData/ROTassets.xml,,,,,,,,,,,,,,65.0,,,,,,
wildling_horse_armor,Wildling Horse Armor,Item,HorseHarness,body_armor,freefolk,140.0,,ROT-Content/ModuleData/ROTassets.xml,,,,,,,,,,,,,,65.0,,,,,,
dothraki_saddle,Dothraki Saddle,Item,HorseHarness,body_armor,khuzait,100.0,,ROT-Content/ModuleData/ROTassets.xml,,,,,,,,,,,,,,40.0,,,,,,
fm_noble_dress1,Sansa Stark Dress,Item,BodyArmor,,battania,0.4,,ROT-Content/ModuleData/ROTassets.xml,,,,,,,,,,,,,,50.0,25.0,15.0,,,,
fm_wolf_fur,First Men Wolf Cloak,Item,Cape,,battania,0.2,,ROT-Content/ModuleData/ROTassets.xml,,,,,,,,,,,,,,12.0,,,,,,
fm_noble_female_shoes,First Men Noble Female Shoes,Item,LegArmor,,battania,0.8,,ROT-Content/ModuleData/ROTassets.xml,,,,,,,,,,,,,,,,10.0,,,,
yiti_armor,Yitish Light Armor,Item,BodyArmor,body_armor,yiti,12.0,,ROT-Content/ModuleData/ROTassets.xml,,,,,,,,,,,,,,38.0,10.0,10.0,,,,
yiti_armor2,Yitish Armor,Item,BodyArmor,body_armor,yiti,18.0,,ROT-Content/ModuleData/ROTassets.xml,,,,,,,,,,,,,,44.0,12.0,12.0,,,,
yiti_armor3,Yitish Elite Armor,Item,BodyArmor,body_armor,yiti,20.0,,ROT-Content/ModuleData/ROTassets.xml,,,,,,,,,,,,,,50.0,12.0,12.0,,,,
yiti_helmet,Yitish Leather Helmet,Item,HeadArmor,,yiti,3.0,,ROT-Content/ModuleData/ROTassets.xml,,,,,,,,,,,,,37.0,,,,,,,
yiti_helmet2,Yitish Helmet,Item,HeadArmor,,yiti,3.2,,ROT-Content/ModuleData/ROTassets.xml,,,,,,,,,,,,,42.0,,,,,,,
yiti_helmet3,Yitish Elite Helmet,Item,HeadArmor,,yiti,3.2,,ROT-Content/ModuleData/ROTassets.xml,,,,,,,,,,,,,50.0,,,,,,,
yiti_boots,Yitish Boots,Item,LegArmor,,yiti,1.0,,ROT-Content/ModuleData/ROTassets.xml,,,,,,,,,,,,,,,,22.0,,,,
yiti_bracers,Yitish Bracers,Item,HandArmor,,yiti,2.2,,ROT-Content/ModuleData/ROTassets.xml,,,,,,,,,,,,,,,21.0,,,,,
yiti_bracers2,Yitish Elite Bracers,Item,HandArmor,,yiti,2.2,,ROT-Content/ModuleData/ROTassets.xml,,,,,,,,,,,,,,,23.0,,,,,
yiti_shoulder,Yitish Leather Shoulders,Item,Cape,,yiti,2.2,,ROT-Content/ModuleData/ROTassets.xml,,,,,,,,,,,,,,12.0,8.0,,,,,
yiti_shoulder2,Yitish Shoulders,Item,Cape,,yiti,2.7,,ROT-Content/ModuleData/ROTassets.xml,,,,,,,,,,,,,,14.0,10.0,,,,,
yiti_shoulder3,Yitish Elite Shoulders,Item,Cape,,yiti,2.7,,ROT-Content/ModuleData/ROTassets.xml,,,,,,,,,,,,,,17.0,12.0,,,,,
andal_noble_dress1,Andal Noble Dress 1,Item,BodyArmor,,reach,0.4,,ROT-Content/ModuleData/ROTassets.xml,,,,,,,,,,,,,,20.0,6.0,6.0,,,,
andal_noble_female_cape,Andal Noble Female Cape,Item,Cape,,crownlands,0.2,,ROT-Content/ModuleData/ROTassets.xml,,,,,,,,,,,,,,10.0,,,,,,
andal_noble_female_shoes,Andal Noble Female Shoes 1,Item,LegArmor,,vale,0.8,,ROT-Content/ModuleData/ROTassets.xml,,,,,,,,,,,,,,,,10.0,,,,
andal_noble_female_shoes2,Andal Noble Female Shoes 2,Item,LegArmor,,vlandia,0.8,,ROT-Content/ModuleData/ROTassets.xml,,,,,,,,,,,,,,,,10.0,,,,
andal_noble_dress2,Andal Noble Dress 2,Item,BodyArmor,,vlandia,0.4,,ROT-Content/ModuleData/ROTassets.xml,,,,,,,,,,,,,,20.0,6.0,6.0,,,,
andal_noble_dress3,Andal Noble Dress 3,Item,BodyArmor,,river,0.4,,ROT-Content/ModuleData/ROTassets.xml,,,,,,,,,,,,,,20.0,6.0,6.0,,,,
andal_noble_dress4,Andal Noble Dress 4,Item,BodyArmor,,vale,0.4,,ROT-Content/ModuleData/ROTassets.xml,,,,,,,,,,,,,,20.0,6.0,6.0,,,,
andal_noble_dress5,Andal Noble Dress 5,Item,BodyArmor,,crownlands,0.4,,ROT-Content/ModuleData/ROTassets.xml,,,,,,,,,,,,,,20.0,6.0,6.0,,,,
andal_noble_dress6,Andal Noble Dress 6,Item,BodyArmor,,stormlands,0.4,,ROT-Content/ModuleData/ROTassets.xml,,,,,,,,,,,,,,20.0,6.0,6.0,,,,
andal_noble_bracelet,Andal Noble Bracelet,Item,HandArmor,,crownlands,0.5,10000.0,ROT-Content/ModuleData/ROTassets.xml,,,,,,,,,,,,,,,5.0,,,,,
yiti_shield,Yitish Shield,Item,Shield,,yiti,3.7,,ROT-Content/ModuleData/ROTassets.xml,LargeShield,,86.0,,,112.0,,,5.0,Blunt,360.0,9.0,,,,,,,,
yiti_shield2,Yitish Shield 2,Item,Shield,,yiti,3.7,,ROT-Content/ModuleData/ROTassets.xml,LargeShield,,86.0,,,112.0,,,5.0,Blunt,360.0,9.0,,,,,,,,
aemon_armor,Aemon Armor,Item,BodyArmor,body_armor,valyrian,33.0,,ROT-Content/ModuleData/ROTassets.xml,,,,,,,,,,,,,,57.0,12.0,12.0,,,,
aemon_gauntlets,Aemon Gauntlets,Item,HandArmor,,valyrian,2.4,,ROT-Content/ModuleData/ROTassets.xml,,,,,,,,,,,,,,,27.0,,,,,
aemon_boots,Aemon Sabatons,Item,LegArmor,,valyrian,3.0,,ROT-Content/ModuleData/ROTassets.xml,,,,,,,,,,,,,,,,27.0,,,,
aemon_helmet,Aemon Helmet,Item,HeadArmor,,valyrian,3.0,,ROT-Content/ModuleData/ROTassets.xml,,,,,,,,,,,,,59.0,,,,,,,
aemon_pauldrons,Aemon Pauldrons,Item,Cape,,valyrian,2.9,,ROT-Content/ModuleData/ROTassets.xml,,,,,,,,,,,,,,19.0,15.0,,,,,
fm_noble_clothes1,First Men Noble Clothes 1,Item,BodyArmor,,battania,0.4,,ROT-Content/ModuleData/ROTassets.xml,,,,,,,,,,,,,,20.0,6.0,6.0,,,,
fm_noble_boots,First Men Noble Boots,Item,LegArmor,,battania,0.9,,ROT-Content/ModuleData/ROTassets.xml,,,,,,,,,,,,,,,,15.0,,,,
fm_noble_clothes2,First Men Noble Clothes 2,Item,BodyArmor,,battania,0.4,,ROT-Content/ModuleData/ROTassets.xml,,,,,,,,,,,,,,20.0,6.0,6.0,,,,
fm_noble_clothes3,First Men Noble Clothes 3,Item,BodyArmor,,battania,0.4,,ROT-Content/ModuleData/ROTassets.xml,,,,,,,,,,,,,,20.0,6.0,6.0,,,,
fm_noble_clothes4,First Men Noble Clothes 4,Item,BodyArmor,,battania,0.4,,ROT-Content/ModuleData/ROTassets.xml,,,,,,,,,,,,,,20.0,6.0,6.0,,,,
fm_noble_clothes5,First Men Noble Clothes 5,Item,BodyArmor,,battania,0.4,,ROT-Content/ModuleData/ROTassets.xml,,,,,,,,,,,,,,20.0,6.0,6.0,,,,
fm_noble_clothes6,First Men Noble Clothes 6,Item,BodyArmor,,battania,0.4,,ROT-Content/ModuleData/ROTassets.xml,,,,,,,,,,,,,,20.0,6.0,6.0,,,,
fm_noble_clothes7,First Men Noble Clothes 7,Item,BodyArmor,,battania,0.4,,ROT-Content/ModuleData/ROTassets.xml,,,,,,,,,,,,,,20.0,6.0,6.0,,,,
fm_noble_cloak,First Men Noble Cloak,Item,Cape,,battania,0.2,,ROT-Content/ModuleData/ROTassets.xml,,,,,,,,,,,,,,12.0,,,,,,
fm_noble_dress2,First Men Noble Dress 2,Item,BodyArmor,,battania,0.4,,ROT-Content/ModuleData/ROTassets.xml,,,,,,,,,,,,,,20.0,6.0,6.0,,,,
fm_noble_dress3,First Men Noble Dress 3,Item,BodyArmor,,battania,0.4,,ROT-Content/ModuleData/ROTassets.xml,,,,,,,,,,,,,,20.0,6.0,6.0,,,,
fm_noble_dress4,First Men Noble Dress 4,Item,BodyArmor,,battania,0.4,,ROT-Content/ModuleData/ROTassets.xml,,,,,,,,,,,,,,20.0,6.0,6.0,,,,
fm_noble_dress5,First Men Noble Dress 5,Item,BodyArmor,,battania,0.4,,ROT-Content/ModuleData/ROTassets.xml,,,,,,,,,,,,,,20.0,6.0,6.0,,,,
fm_female_cloak,First Men Female Cloak,Item,Cape,,battania,0.2,,ROT-Content/ModuleData/ROTassets.xml,,,,,,,,,,,,,,12.0,,,,,,
fm_noble_female_shoes2,First Men Noble Female Shoes 2,Item,LegArmor,,battania,0.8,,ROT-Content/ModuleData/ROTassets.xml,,,,,,,,,,,,,,,,10.0,,,,
rhoynar_turban,Rhoynar Turban,Item,HeadArmor,,aserai,0.5,,ROT-Content/ModuleData/ROTassets.xml,,,,,,,,,,,,,5.0,,,,,,,
rhoynar_turban2,Rhoynar Noble Turban,Item,HeadArmor,,aserai,0.5,,ROT-Content/ModuleData/ROTassets.xml,,,,,,,,,,,,,8.0,,,,,,,
rhoynar_clothes1,Rhoynar Clothes 1,Item,BodyArmor,,aserai,0.4,,ROT-Content/ModuleData/ROTassets.xml,,,,,,,,,,,,,,10.0,5.0,5.0,,,,
rhoynar_clothes2,Rhoynar Clothes 2,Item,BodyArmor,,aserai,0.4,,ROT-Content/ModuleData/ROTassets.xml,,,,,,,,,,,,,,10.0,5.0,5.0,,,,
rhoynar_clothes3,Rhoynar Clothes 3,Item,BodyArmor,,aserai,0.4,,ROT-Content/ModuleData/ROTassets.xml,,,,,,,,,,,,,,10.0,5.0,5.0,,,,
rhoynar_clothes4,Rhoynar Clothes 4,Item,BodyArmor,,aserai,0.4,,ROT-Content/ModuleData/ROTassets.xml,,,,,,,,,,,,,,10.0,5.0,5.0,,,,
rhoynar_noble_clothes1,Rhoynar Noble Clothes,Item,BodyArmor,,aserai,0.4,,ROT-Content/ModuleData/ROTassets.xml,,,,,,,,,,,,,,20.0,6.0,6.0,,,,
rhoynar_noble_clothes2,Rhoynar Noble Clothes 2,Item,BodyArmor,,aserai,0.4,,ROT-Content/ModuleData/ROTassets.xml,,,,,,,,,,,,,,20.0,6.0,6.0,,,,
rhoynar_noble_clothes3,Rhoynar Noble Clothes 3,Item,BodyArmor,,aserai,0.4,,ROT-Content/ModuleData/ROTassets.xml,,,,,,,,,,,,,,20.0,6.0,6.0,,,,
rhoynar_civ_boots,Rhoynar Civilain Shoes,Item,LegArmor,,aserai,0.9,,ROT-Content/ModuleData/ROTassets.xml,,,,,,,,,,,,,,,,10.0,,,,
elephant,Elephant,Item,Horse,horse,volantine,999.0,,ROT-Content/ModuleData/ROTassets.xml,,,,,,,,,,,,,,,,,20.0,20.0,350.0,0.0
rot_elephant_armor3,Elephant Saddle,Item,HorseHarness,,volantine,80.0,,ROT-Content/ModuleData/ROTassets.xml,,,,,,,,,,,,,,30.0,,,,,,
rot_elephant_armor2,Elephant Armor,Item,HorseHarness,,volantine,120.0,,ROT-Content/ModuleData/ROTassets.xml,,,,,,,,,,,,,,100.0,,,,,,
rot_elephant_armor1,Golden Company Elephant Armor,Item,HorseHarness,,volantine,130.0,,ROT-Content/ModuleData/ROTassets.xml,,,,,,,,,,,,,,120.0,,,,,,
lys_light_armor,Lyseni Light Armor,Item,BodyArmor,body_armor,lyseni,9.0,,ROT-Content/ModuleData/ROTassets.xml,,,,,,,,,,,,,,28.0,12.0,0.0,,,,
tyr_light_armor,Tyroshi Light Armor,Item,BodyArmor,body_armor,tyroshi,9.0,,ROT-Content/ModuleData/ROTassets.xml,,,,,,,,,,,,,,28.0,12.0,0.0,,,,
myr_light_armor,Myrish Light Armor,Item,BodyArmor,body_armor,myrish,9.0,,ROT-Content/ModuleData/ROTassets.xml,,,,,,,,,,,,,,28.0,12.0,0.0,,,,
mammoth,Mammoth,Item,Horse,horse,freefolk,999.0,,ROT-Content/ModuleData/ROTassets.xml,,,,,,,,,,,,,,,,,20.0,20.0,400.0,200.0
qarth_armor,Qartheen Armor,Item,BodyArmor,body_armor,qartheen,12.0,,ROT-Content/ModuleData/ROTassets.xml,,,,,,,,,,,,,,38.0,10.0,10.0,,,,
qarth_armor2,Qartheen Elite Armor,Item,BodyArmor,body_armor,qartheen,18.0,,ROT-Content/ModuleData/ROTassets.xml,,,,,,,,,,,,,,44.0,12.0,12.0,,,,
qarth_helmet,Qartheen Helmet,Item,HeadArmor,,qartheen,3.0,,ROT-Content/ModuleData/ROTassets.xml,,,,,,,,,,,,,37.0,,,,,,,
qarth_helmet2,Qartheen Elite Helmet,Item,HeadArmor,,qartheen,3.2,,ROT-Content/ModuleData/ROTassets.xml,,,,,,,,,,,,,48.0,,,,,,,
qarth_boots,Qartheen Legguards,Item,LegArmor,,qartheen,1.0,,ROT-Content/ModuleData/ROTassets.xml,,,,,,,,,,,,,,,,24.0,,,,
qarth_sandals,Qartheen Sandals,Item,LegArmor,,qartheen,1.0,,ROT-Content/ModuleData/ROTassets.xml,,,,,,,,,,,,,,,,12.0,,,,
qarth_bracers,Qartheen Bracer,Item,HandArmor,,qartheen,2.2,,ROT-Content/ModuleData/ROTassets.xml,,,,,,,,,,,,,,,22.0,,,,,
qarth_bracers2,Qartheen Wrists,Item,HandArmor,,qartheen,2.2,,ROT-Content/ModuleData/ROTassets.xml,,,,,,,,,,,,,,,15.0,,,,,
qarth_shoulder,Qartheen Shoulders,Item,Cape,,qartheen,2.2,,ROT-Content/ModuleData/ROTassets.xml,,,,,,,,,,,,,,12.0,8.0,,,,,
qarth_shoulder2,Qartheen Elite Shoulders,Item,Cape,,qartheen,2.7,,ROT-Content/ModuleData/ROTassets.xml,,,,,,,,,,,,,,15.0,10.0,,,,,
qarth_shield,Qartheen Shield,Item,Shield,,qartheen,3.7,,ROT-Content/ModuleData/ROTassets.xml,LargeShield,,86.0,,,83.0,,,5.0,Blunt,360.0,9.0,,,,,,,,
qarth_shield2,Qartheen Shield 2,Item,Shield,,qartheen,3.7,,ROT-Content/ModuleData/ROTassets.xml,LargeShield,,86.0,,,83.0,,,5.0,Blunt,360.0,9.0,,,,,,,,
qarth_longbow,Qartheen Longbow,Item,Bow,,qartheen,0.1,,ROT-Content/ModuleData/ROTassets.xml,Bow,,94.0,87.0,100.0,118.0,,,95.0,Pierce,,,,,,,,,,
ibb_shield,Ibbenese Ornate Shield,Item,Shield,,ibbenese,3.7,,ROT-Content/ModuleData/ROTassets.xml,LargeShield,,86.0,,,76.0,,,5.0,Blunt,400.0,9.0,,,,,,,,
ibb_shield2,Ibbenese Shield,Item,Shield,,ibbenese,3.7,,ROT-Content/ModuleData/ROTassets.xml,LargeShield,,86.0,,,76.0,,,5.0,Blunt,330.0,9.0,,,,,,,,
ibb_armor,Ibbenese Leather Armor,Item,BodyArmor,body_armor,ibbenese,12.0,,ROT-Content/ModuleData/ROTassets.xml,,,,,,,,,,,,,,38.0,10.0,10.0,,,,
ibb_armor2,Ibbenese Armor,Item,BodyArmor,body_armor,ibbenese,18.0,,ROT-Content/ModuleData/ROTassets.xml,,,,,,,,,,,,,,44.0,12.0,12.0,,,,
ibb_armor3,Ibbenese Elite Armor,Item,BodyArmor,body_armor,ibbenese,18.0,,ROT-Content/ModuleData/ROTassets.xml,,,,,,,,,,,,,,48.0,12.0,12.0,,,,
ibb_hood,Ibbenese Hood,Item,HeadArmor,,ibbenese,3.0,,ROT-Content/ModuleData/ROTassets.xml,,,,,,,,,,,,,35.0,,,,,,,
ibb_helmet,Ibbenese Helmet,Item,HeadArmor,,ibbenese,3.2,,ROT-Content/ModuleData/ROTassets.xml,,,,,,,,,,,,,38.0,,,,,,,
ibb_helmet2,Ibbenese Elite Helmet,Item,HeadArmor,,ibbenese,3.4,,ROT-Content/ModuleData/ROTassets.xml,,,,,,,,,,,,,47.0,,,,,,,
ibb_shoulders,Ibbenese Shoulders,Item,Cape,,ibbenese,2.2,,ROT-Content/ModuleData/ROTassets.xml,,,,,,,,,,,,,,12.0,8.0,,,,,
ibb_gloves,Ibbenese Gloves,Item,HandArmor,,ibbenese,2.2,,ROT-Content/ModuleData/ROTassets.xml,,,,,,,,,,,,,,,20.0,,,,,
ibb_gloves2,Ibbenese Elite Gloves,Item,HandArmor,,ibbenese,2.2,,ROT-Content/ModuleData/ROTassets.xml,,,,,,,,,,,,,,,24.0,,,,,
ibb_boots,Ibbenese Boots,Item,LegArmor,,ibbenese,1.0,,ROT-Content/ModuleData/ROTassets.xml,,,,,,,,,,,,,,,,21.0,,,,
ibb_boots2,Ibbenese Boots 2,Item,LegArmor,,ibbenese,1.0,,ROT-Content/ModuleData/ROTassets.xml,,,,,,,,,,,,,,,,21.0,,,,
ibb_boots3,Ibbenese Elite Boots,Item,LegArmor,,ibbenese,1.0,,ROT-Content/ModuleData/ROTassets.xml,,,,,,,,,,,,,,,,24.0,,,,
mallister_armor,Mallister Light Armor,Item,BodyArmor,body_armor,river,14.0,,ROT-Content/ModuleData/ROTassets.xml,,,,,,,,,,,,,,28.0,10.0,10.0,,,,
mallister_armor2,Mallister Armor,Item,BodyArmor,body_armor,river,20.0,,ROT-Content/ModuleData/ROTassets.xml,,,,,,,,,,,,,,44.0,12.0,12.0,,,,
mallister_plate,Mallister Plate,Item,BodyArmor,body_armor,river,33.0,,ROT-Content/ModuleData/ROTassets.xml,,,,,,,,,,,,,,48.0,10.0,10.0,,,,
mallister_helmet,Mallister Bascinet,Item,HeadArmor,,river,2.5,,ROT-Content/ModuleData/ROTassets.xml,,,,,,,,,,,,,38.0,,,,,,,
mallister_helmet2,Mallister Bascinet with Chain,Item,HeadArmor,,river,2.8,,ROT-Content/ModuleData/ROTassets.xml,,,,,,,,,,,,,40.0,8.0,,,,,,
mallister_helmet3,Mallister Beaked Bascinet with Chain,Item,HeadArmor,,river,3.2,,ROT-Content/ModuleData/ROTassets.xml,,,,,,,,,,,,,51.0,8.0,,,,,,
mallister_gloves,Mallister Gloves,Item,HandArmor,,river,2.7,,ROT-Content/ModuleData/ROTassets.xml,,,,,,,,,,,,,,,23.0,,,,,
mallister_gloves2,Mallister Plated Gloves,Item,HandArmor,,river,3.0,,ROT-Content/ModuleData/ROTassets.xml,,,,,,,,,,,,,,,26.0,,,,,
mallister_boots,Mallister Boots,Item,LegArmor,,river,1.0,,ROT-Content/ModuleData/ROTassets.xml,,,,,,,,,,,,,,,,20.0,,,,
mallister_plated_boots,Mallister Plated Boots,Item,LegArmor,,river,3.0,,ROT-Content/ModuleData/ROTassets.xml,,,,,,,,,,,,,,,,23.0,,,,
mallister_plated_boots2,Mallister Sabatons,Item,LegArmor,,river,3.3,,ROT-Content/ModuleData/ROTassets.xml,,,,,,,,,,,,,,,,26.0,,,,
mallister_shoulders,Mallister Shoulders,Item,Cape,,river,2.5,,ROT-Content/ModuleData/ROTassets.xml,,,,,,,,,,,,,,10.0,5.0,,,,,
mallister_pauldrons,Mallister Pauldrons,Item,Cape,,river,2.3,,ROT-Content/ModuleData/ROTassets.xml,,,,,,,,,,,,,,17.0,12.0,,,,,
mallister_shield,Mallister Shield,Item,Shield,,river,3.5,,ROT-Content/ModuleData/ROTassets.xml,LargeShield,,86.0,,,96.0,,,5.0,Blunt,400.0,9.0,,,,,,,,
westerling_armor,Westerling Light Armor,Item,BodyArmor,body_armor,vlandia,11.0,,ROT-Content/ModuleData/ROTassets.xml,,,,,,,,,,,,,,36.0,10.0,10.0,,,,
westerling_armor2,Westerling Armor,Item,BodyArmor,body_armor,vlandia,20.0,,ROT-Content/ModuleData/ROTassets.xml,,,,,,,,,,,,,,47.0,12.0,12.0,,,,
westerling_boots,Westerling Boots,Item,LegArmor,,vlandia,1.0,,ROT-Content/ModuleData/ROTassets.xml,,,,,,,,,,,,,,,,21.0,,,,
westerling_plated_boots,Westerling Plated Boots,Item,LegArmor,,vlandia,3.0,,ROT-Content/ModuleData/ROTassets.xml,,,,,,,,,,,,,,,,25.0,,,,
westerling_shoulders,Westerling Shoulders,Item,Cape,,vlandia,2.5,,ROT-Content/ModuleData/ROTassets.xml,,,,,,,,,,,,,,17.0,10.0,,,,,
westerling_pauldrons,Westerling Pauldrons,Item,Cape,,vlandia,2.3,,ROT-Content/ModuleData/ROTassets.xml,,,,,,,,,,,,,,18.0,12.0,,,,,
westerling_gloves,Westerling Plated Gloves,Item,HandArmor,,vlandia,3.0,,ROT-Content/ModuleData/ROTassets.xml,,,,,,,,,,,,,,,26.0,,,,,
westerling_helmet,Westerling Helmet with Coif,Item,HeadArmor,,vlandia,2.5,,ROT-Content/ModuleData/ROTassets.xml,,,,,,,,,,,,,36.0,,,,,,,
westerling_helmet2,Westerling Helmet with Chain Coif,Item,HeadArmor,,vlandia,2.8,,ROT-Content/ModuleData/ROTassets.xml,,,,,,,,,,,,,45.0,,,,,,,
westerling_helmet3,Westerling Heavy Helmet,Item,HeadArmor,,river,3.2,,ROT-Content/ModuleData/ROTassets.xml,,,,,,,,,,,,,52.0,,,,,,,
westerling_shield,Westerling Shield,Item,Shield,,vlandia,3.5,,ROT-Content/ModuleData/ROTassets.xml,LargeShield,,86.0,,,84.0,,,5.0,Blunt,380.0,9.0,,,,,,,,
grafton_armor,Grafton Leather Armor,Item,BodyArmor,body_armor,vale,14.0,,ROT-Content/ModuleData/ROTassets.xml,,,,,,,,,,,,,,36.0,10.0,10.0,,,,
grafton_plate,Grafton Plate,Item,BodyArmor,body_armor,vale,32.0,,ROT-Content/ModuleData/ROTassets.xml,,,,,,,,,,,,,,48.0,10.0,10.0,,,,
grafton_plate2,Grafton Elite Plate,Item,BodyArmor,body_armor,vale,33.0,,ROT-Content/ModuleData/ROTassets.xml,,,,,,,,,,,,,,51.0,10.0,12.0,,,,
grafton_helmet,Grafton Sallet,Item,HeadArmor,,vale,2.5,,ROT-Content/ModuleData/ROTassets.xml,,,,,,,,,,,,,36.0,,,,,,,
grafton_helmet2,Grafton Visored Sallet,Item,HeadArmor,,vale,2.8,,ROT-Content/ModuleData/ROTassets.xml,,,,,,,,,,,,,40.0,8.0,,,,,,
grafton_helmet3,Grafton Heavy Helmet,Item,HeadArmor,,vale,3.2,,ROT-Content/ModuleData/ROTassets.xml,,,,,,,,,,,,,54.0,,,,,,,
grafton_gloves,Grafton Plated Gloves,Item,HandArmor,,vale,2.7,,ROT-Content/ModuleData/ROTassets.xml,,,,,,,,,,,,,,,26.0,,,,,
grafton_boots,Grafton Boots,Item,LegArmor,,vale,1.0,,ROT-Content/ModuleData/ROTassets.xml,,,,,,,,,,,,,,,,20.0,,,,
grafton_plated_boots,Grafton Plated Boots,Item,LegArmor,,vale,3.1,,ROT-Content/ModuleData/ROTassets.xml,,,,,,,,,,,,,,,,24.0,,,,
grafton_shoulders,Grafton Leather Collar,Item,Cape,,vale,2.5,,ROT-Content/ModuleData/ROTassets.xml,,,,,,,,,,,,,,10.0,,,,,,
grafton_shoulders2,Grafton Shoulders,Item,Cape,,vale,2.3,,ROT-Content/ModuleData/ROTassets.xml,,,,,,,,,,,,,,14.0,7.0,,,,,
grafton_shoulders3,Grafton Pauldrons,Item,Cape,,vale,2.8,,ROT-Content/ModuleData/ROTassets.xml,,,,,,,,,,,,,,17.0,12.0,,,,,
grafton_shield,Grafton Shield,Item,Shield,,vale,3.5,,ROT-Content/ModuleData/ROTassets.xml,LargeShield,,86.0,,,85.0,,,5.0,Blunt,380.0,9.0,,,,,,,,
