troop_id,troop_name,level,culture,default_group,roster_index,OneHanded,TwoHanded,Polearm,Bow,Crossbow,Throwing,Riding,Athletics,has_shield,has_horse,has_bow,has_crossbow,has_ranged,has_throwing,defense_raw,ranged_item,ranged_raw,ammo_stack,crafted_melee_item,crafted_melee_template,crafted_melee_class,crafted_melee_raw,direct_throw_item,direct_throw_raw,crafted_throw_item,crafted_throw_raw,tree_root_id,upgrade_depth,line_status,defense_score_base,ranged_score_base,crafted_melee_score_base,throw_score_base,ranged_skill_factor,melee_skill_factor,throw_skill_factor,mobility_factor,ranged_role_score,defensive_role_score,offensive_melee_role_score,skirmisher_role_score,evidence_basis,empirical
anti_imperial_conspiracy_boss,Conspiracy Commander,31.0,sturgia,Infantry,0,240.0,60.0,240.0,30.0,25.0,60.0,100.0,160.0,True,False,False,False,False,False,18.948214285714286,,0.0,0.0,sturgia_axe_4_t4,OneHandedAxe,axe,40.48,,0.0,,0.0,,,special_or_unlinked,13.988051296112717,0.0,73.33333333333331,0.0,0.25,1.0909090909090908,0.375,1.1,,14.39442261825934,67.57782882146293,,xml_structural,false
anti_imperial_conspiracy_boss,Conspiracy Commander,31.0,sturgia,Infantry,1,240.0,60.0,240.0,30.0,25.0,60.0,100.0,160.0,True,False,False,False,False,False,73.63571428571429,,0.0,0.0,sturgia_axe_4_t4,OneHandedAxe,axe,40.48,,0.0,,0.0,,,special_or_unlinked,54.35974773786673,0.0,73.33333333333331,0.0,0.25,1.0909090909090908,0.375,1.1,,51.122584585445836,73.29864670654214,,xml_structural,false
aserai_faris,Aserai Faris,21.0,aserai,Cavalry,0,70.0,15.0,110.0,25.0,10.0,100.0,100.0,65.0,True,True,False,False,False,False,66.60499999999999,,0.0,0.0,aserai_lance_1_t5,TwoHandedPolearm,two_handed_polearm,45.24,,0.0,,0.0,aserai_youth,3.0,noble_line,49.16949653034105,0.0,81.95652173913044,0.0,0.25,0.5,0.625,1.1800000000000002,,55.28949575407819,39.52464837159229,,xml_structural,false
aserai_faris,Aserai Faris,21.0,aserai,Cavalry,1,70.0,15.0,110.0,25.0,10.0,100.0,100.0,65.0,True,True,False,False,False,False,65.04249999999999,,0.0,0.0,aserai_lance_1_t5,TwoHandedPolearm,two_handed_polearm,45.24,,0.0,,0.0,aserai_youth,3.0,noble_line,48.01601948914808,0.0,81.95652173913044,0.0,0.25,0.5,0.625,1.1800000000000002,,54.24011969787285,39.3611964320186,,xml_structural,false
aserai_faris,Aserai Faris,21.0,aserai,Cavalry,2,70.0,15.0,110.0,25.0,10.0,100.0,100.0,65.0,True,True,False,False,False,False,64.72999999999999,,0.0,0.0,aserai_lance_1_t5,TwoHandedPolearm,two_handed_polearm,45.24,,0.0,,0.0,aserai_youth,3.0,noble_line,47.78532408090948,0.0,81.95652173913044,0.0,0.25,0.5,0.625,1.1800000000000002,,54.030244486631794,39.32850604410386,,xml_structural,false
aserai_footman,Aserai Sailor,16.0,aserai,Infantry,0,70.0,20.0,70.0,40.0,10.0,60.0,30.0,70.0,True,False,False,False,False,False,46.47500000000001,,0.0,0.0,southern_throwing_axe_1_t4,ThrowingAxe,axe,40.48,,0.0,,0.0,aserai_recruit,3.0,main_or_minor_line,34.309021113243766,0.0,73.33333333333331,0.0,0.25,0.3181818181818182,0.375,1.03,,32.8814305112938,14.248259264839263,,xml_structural,false
aserai_footman,Aserai Sailor,16.0,aserai,Infantry,1,70.0,20.0,70.0,40.0,10.0,60.0,30.0,70.0,True,False,False,False,False,False,45.225,,0.0,0.0,southern_throwing_axe_1_t4,ThrowingAxe,axe,40.48,,0.0,,0.0,aserai_recruit,3.0,main_or_minor_line,33.38623948028938,0.0,73.33333333333331,0.0,0.25,0.3181818181818182,0.375,1.03,,32.04192966632953,14.117497713180306,,xml_structural,false
aserai_infantry,Aserai Boatswain,21.0,aserai,Infantry,0,100.0,60.0,100.0,45.0,15.0,80.0,45.0,100.0,True,False,False,False,False,True,54.725,,0.0,0.0,,,,0.0,,0.0,eastern_javelin_2_t3,19.8,aserai_recruit,4.0,main_or_minor_line,40.39937989074265,0.0,0.0,24.444444444444443,0.25,0.45454545454545453,0.5,1.045,,28.53842938941141,,0.0,xml_structural,false
aserai_infantry,Aserai Boatswain,21.0,aserai,Infantry,1,100.0,60.0,100.0,45.0,15.0,80.0,45.0,100.0,True,False,False,False,False,True,59.662499999999994,,0.0,0.0,bamboo_axe_t4,OneHandedAxe,axe,40.48,,0.0,eastern_javelin_2_t3,19.8,aserai_recruit,4.0,main_or_minor_line,44.04436734091244,0.0,73.33333333333331,24.444444444444443,0.25,0.45454545454545453,0.5,1.045,,42.973627762997566,25.547051115965417,39.30556764026807,xml_structural,false
aserai_infantry,Aserai Boatswain,21.0,aserai,Infantry,2,100.0,60.0,100.0,45.0,15.0,80.0,45.0,100.0,True,False,False,False,False,True,62.975,,0.0,0.0,,,,0.0,,0.0,eastern_javelin_2_t3,19.8,aserai_recruit,4.0,main_or_minor_line,46.48973866824154,0.0,0.0,24.444444444444443,0.25,0.45454545454545453,0.5,1.045,,34.079134966175545,,2.106428222251746,xml_structural,false
aserai_mameluke_axeman,Aserai Mamluke Axeman,16.0,aserai,Infantry,0,70.0,80.0,60.0,30.0,10.0,50.0,40.0,80.0,False,False,False,False,False,False,28.6875,,0.0,0.0,,,,0.0,,0.0,,0.0,aserai_recruit,3.0,main_or_minor_line,21.177838476302966,0.0,0.0,0.0,0.25,0.36363636363636365,0.3125,1.04,,,,,xml_structural,false
aserai_mameluke_axeman,Aserai Mamluke Axeman,16.0,aserai,Infantry,1,70.0,80.0,60.0,30.0,10.0,50.0,40.0,80.0,False,False,False,False,False,False,28.312500000000004,,0.0,0.0,,,,0.0,,0.0,,0.0,aserai_recruit,3.0,main_or_minor_line,20.901003986416658,0.0,0.0,0.0,0.25,0.36363636363636365,0.3125,1.04,,,,,xml_structural,false
aserai_mameluke_cavalry,Aserai Mamluke Cavalry,21.0,aserai,HorseArcher,0,100.0,45.0,75.0,120.0,15.0,70.0,110.0,40.0,True,True,True,False,True,False,90.175,steppe_heavy_bow,113.45,23.0,aserai_sword_6_t4,OneHandedSword,one_handed_sword,41.8,,0.0,,0.0,aserai_recruit,4.0,main_or_minor_line,66.5694670013288,73.54943273905997,75.72463768115942,0.0,0.5454545454545454,0.45454545454545453,0.4375,1.1900000000000002,52.55235556107466,70.17421398010967,35.48526788502321,,xml_structural,false
aserai_mameluke_cavalry,Aserai Mamluke Cavalry,21.0,aserai,HorseArcher,1,100.0,45.0,75.0,120.0,15.0,70.0,110.0,40.0,True,True,True,False,True,False,89.61250000000001,steppe_heavy_bow,113.45,23.0,aserai_sword_6_t4,OneHandedSword,one_handed_sword,41.8,,0.0,,0.0,aserai_recruit,4.0,main_or_minor_line,66.15421526649935,73.54943273905997,75.72463768115942,0.0,0.5454545454545454,0.45454545454545453,0.4375,1.1900000000000002,52.49858848888063,69.79643859987577,35.42642518677668,,xml_structural,false
aserai_mameluke_guard,Aserai Mamluke Guard,21.0,aserai,Infantry,0,80.0,110.0,60.0,45.0,15.0,100.0,45.0,110.0,False,False,False,False,False,False,42.3125,,0.0,0.0,,,,0.0,,0.0,,0.0,aserai_recruit,4.0,main_or_minor_line,31.236158275505684,0.0,0.0,0.0,0.25,0.5,0.625,1.045,,,,,xml_structural,false
aserai_mameluke_guard,Aserai Mamluke Guard,21.0,aserai,Infantry,1,80.0,110.0,60.0,45.0,15.0,100.0,45.0,110.0,False,False,False,False,False,False,45.4375,,0.0,0.0,aserai_mace_5_t4,TwoHandedMace,mace,38.7,,0.0,,0.0,aserai_recruit,4.0,main_or_minor_line,33.54311235789163,0.0,70.10869565217392,0.0,0.25,0.5,0.625,1.045,,,25.766103246323503,,xml_structural,false
aserai_mameluke_guard,Aserai Mamluke Guard,21.0,aserai,Infantry,2,80.0,110.0,60.0,45.0,15.0,100.0,45.0,110.0,False,False,False,False,False,False,44.6875,,0.0,0.0,aserai_2haxe_2_t4,TwoHandedAxe,axe,40.48,,0.0,,0.0,aserai_recruit,4.0,main_or_minor_line,32.989443378119,0.0,73.33333333333331,0.0,0.25,0.5,0.625,1.045,,,27.28694688746589,,xml_structural,false
aserai_mameluke_heavy_cavalry,Aserai Mamluke Heavy Cavalry,26.0,aserai,HorseArcher,0,130.0,60.0,80.0,150.0,20.0,80.0,130.0,80.0,True,True,True,False,True,False,93.92821428571429,steppe_war_bow,117.15,23.0,aserai_sword_6_t4,OneHandedSword,one_handed_sword,41.8,,0.0,,0.0,aserai_recruit,5.0,main_or_minor_line,69.3401847672481,75.94813614262561,75.72463768115942,0.0,0.6818181818181818,0.5909090909090909,0.5,1.21,67.97646597383029,72.69487523146093,46.120600313411785,,xml_structural,false
aserai_mameluke_heavy_cavalry,Aserai Mamluke Heavy Cavalry,26.0,aserai,HorseArcher,1,130.0,60.0,80.0,150.0,20.0,80.0,130.0,80.0,True,True,True,False,True,False,89.9907142857143,steppe_war_bow,117.15,23.0,aserai_sword_6_t4,OneHandedSword,one_handed_sword,41.8,,0.0,,0.0,aserai_recruit,5.0,main_or_minor_line,66.43342262344183,75.94813614262561,75.72463768115942,0.0,0.6818181818181818,0.5909090909090909,0.5,1.21,67.60009646847199,70.0504475698235,45.708701425686094,,xml_structural,false
aserai_mameluke_heavy_cavalry,Aserai Mamluke Heavy Cavalry,26.0,aserai,HorseArcher,2,130.0,60.0,80.0,150.0,20.0,80.0,130.0,80.0,True,True,True,False,True,False,98.92821428571429,steppe_war_bow,117.15,23.0,aserai_sword_6_t4,OneHandedSword,one_handed_sword,41.8,,0.0,,0.0,aserai_recruit,5.0,main_or_minor_line,73.03131129906562,75.94813614262561,75.72463768115942,0.0,0.6818181818181818,0.5909090909090909,0.5,1.21,68.45439550444397,76.052878611318,46.64364652004761,,xml_structural,false
aserai_mameluke_regular,Aserai Mamluke Regular,16.0,aserai,Cavalry,0,70.0,30.0,70.0,90.0,10.0,50.0,70.0,40.0,True,True,False,False,False,False,34.60892857142857,,0.0,0.0,khuzait_lance_1_t3,TwoHandedPolearm,two_handed_polearm,45.24,,0.0,,0.0,aserai_recruit,3.0,main_or_minor_line,25.549186897555415,0.0,81.95652173913044,0.0,0.4090909090909091,0.3181818181818182,0.3125,1.1500000000000001,,33.80091255422009,21.396693770585397,,xml_structural,false
aserai_mameluke_regular,Aserai Mamluke Regular,16.0,aserai,Cavalry,1,70.0,30.0,70.0,90.0,10.0,50.0,70.0,40.0,True,True,False,False,False,False,35.67142857142857,,0.0,0.0,khuzait_lance_1_t3,TwoHandedPolearm,two_handed_polearm,45.24,,0.0,,0.0,aserai_recruit,3.0,main_or_minor_line,26.33355128556664,0.0,81.95652173913044,0.0,0.4090909090909091,0.3181818181818182,0.3125,1.1500000000000001,,34.514488272439706,21.507841089495507,,xml_structural,false
aserai_mameluke_regular,Aserai Mamluke Regular,16.0,aserai,Cavalry,2,70.0,30.0,70.0,90.0,10.0,50.0,70.0,40.0,True,True,False,False,False,False,33.98392857142857,,0.0,0.0,khuzait_lance_1_t3,TwoHandedPolearm,two_handed_polearm,45.24,,0.0,,0.0,aserai_recruit,3.0,main_or_minor_line,25.087796081078228,0.0,81.95652173913044,0.0,0.4090909090909091,0.3181818181818182,0.3125,1.1500000000000001,,33.38116213173795,21.33131299475592,,xml_structural,false
aserai_mameluke_soldier,Aserai Mamluke Soldier,11.0,aserai,Infantry,0,40.0,15.0,50.0,10.0,5.0,40.0,15.0,40.0,True,False,False,False,False,False,34.823214285714286,,0.0,0.0,eastern_spear_1_t2,TwoHandedPolearm,two_handed_polearm,45.24,,0.0,,0.0,aserai_recruit,2.0,main_or_minor_line,25.70737803463331,0.0,81.95652173913044,0.0,0.25,0.25,0.25,1.015,,26.36357468752811,10.208136713232724,,xml_structural,false
aserai_mameluke_soldier,Aserai Mamluke Soldier,11.0,aserai,Infantry,1,40.0,15.0,50.0,10.0,5.0,40.0,15.0,40.0,True,False,False,False,False,False,34.19821428571429,,0.0,0.0,eastern_spear_1_t2,TwoHandedPolearm,two_handed_polearm,45.24,,0.0,,0.0,aserai_recruit,2.0,main_or_minor_line,25.245987218156127,0.0,81.95652173913044,0.0,0.25,0.25,0.25,1.015,,25.943824265045986,10.142755937403248,,xml_structural,false
aserai_mameluke_soldier,Aserai Mamluke Soldier,11.0,aserai,Infantry,2,40.0,15.0,50.0,10.0,5.0,40.0,15.0,40.0,True,False,False,False,False,False,32.948214285714286,,0.0,0.0,eastern_spear_1_t2,TwoHandedPolearm,two_handed_polearm,45.24,,0.0,,0.0,aserai_recruit,2.0,main_or_minor_line,24.323205585201745,0.0,81.95652173913044,0.0,0.25,0.25,0.25,1.015,,25.104323420081716,10.011994385744295,,xml_structural,false
aserai_marine_t4,Aserai Sahraq,21.0,aserai,Ranged,0,100.0,40.0,70.0,100.0,15.0,60.0,40.0,100.0,False,False,True,False,True,False,30.5625,tribal_bow,126.05,46.0,,,,0.0,,0.0,,0.0,aserai_marine_t4,1.0,main_or_minor_line,22.562010925734533,81.71799027552674,0.0,0.0,0.45454545454545453,0.45454545454545453,0.375,1.04,23.410784925411413,,,,xml_structural,false
aserai_marine_t4,Aserai Sahraq,21.0,aserai,Ranged,1,100.0,40.0,70.0,100.0,15.0,60.0,40.0,100.0,False,False,True,False,True,False,30.749999999999996,tribal_bow,126.05,46.0,,,,0.0,,0.0,,0.0,aserai_marine_t4,1.0,main_or_minor_line,22.700428170677686,81.71799027552674,0.0,0.0,0.45454545454545453,0.45454545454545453,0.375,1.04,23.42870728280942,,,,xml_structural,false
aserai_marine_t5,Aserai Bahriyyah,26.0,aserai,Ranged,0,130.0,50.0,80.0,150.0,20.0,80.0,60.0,130.0,False,False,True,False,True,False,43.99999999999999,longbow_recurve_desert_bow,148.15,46.0,,,,0.0,,0.0,,0.0,aserai_marine_t4,2.0,main_or_minor_line,32.481913479994084,96.0453808752026,0.0,0.0,0.6818181818181818,0.5909090909090909,0.5,1.06,55.78579355846798,,,,xml_structural,false
aserai_marine_t5,Aserai Bahriyyah,26.0,aserai,Ranged,1,130.0,50.0,80.0,150.0,20.0,80.0,60.0,130.0,False,False,True,False,True,False,43.4375,longbow_recurve_desert_bow,148.15,46.0,,,,0.0,,0.0,,0.0,aserai_marine_t4,2.0,main_or_minor_line,32.06666174516462,96.0453808752026,0.0,0.0,0.6818181818181818,0.5909090909090909,0.5,1.06,55.73202648627394,,,,xml_structural,false
aserai_marine_t5,Aserai Bahriyyah,26.0,aserai,Ranged,2,130.0,50.0,80.0,150.0,20.0,80.0,60.0,130.0,False,False,True,False,True,False,42.6875,longbow_recurve_desert_bow,148.15,46.0,,,,0.0,,0.0,,0.0,aserai_marine_t4,2.0,main_or_minor_line,31.512992765391996,96.0453808752026,0.0,0.0,0.6818181818181818,0.5909090909090909,0.5,1.06,55.660337056681875,,,,xml_structural,false
aserai_marine_t5,Aserai Bahriyyah,26.0,aserai,Ranged,3,130.0,50.0,80.0,150.0,20.0,80.0,60.0,130.0,False,False,True,False,True,False,54.25000000000001,longbow_recurve_desert_bow,148.15,46.0,aserai_noble_sword_2_t5,OneHandedSword,one_handed_sword,41.8,,0.0,,0.0,aserai_marine_t4,2.0,main_or_minor_line,40.04872287022,96.0453808752026,75.72463768115942,0.0,0.6818181818181818,0.5909090909090909,0.5,1.06,56.76554909622609,,36.301745287695674,,xml_structural,false
aserai_master_archer,Aserai Mamluke Warden,26.0,aserai,Infantry,0,130.0,50.0,130.0,70.0,20.0,80.0,60.0,160.0,True,False,False,False,False,False,65.31428571428572,,0.0,0.0,easter_polesword_t4,TwoHandedPolearm,two_handed_polearm,45.24,,0.0,,0.0,,,special_or_unlinked,48.21665858134188,0.0,81.95652173913044,0.0,0.3181818181818182,0.5909090909090909,0.5,1.06,,46.84139887004925,41.11191551902978,,xml_structural,false
aserai_master_archer,Aserai Mamluke Warden,26.0,aserai,Infantry,1,130.0,50.0,130.0,70.0,20.0,80.0,60.0,160.0,True,False,False,False,False,False,74.25178571428572,,0.0,0.0,easter_polesword_t4,TwoHandedPolearm,two_handed_polearm,45.24,,0.0,,0.0,,,special_or_unlinked,54.81454725696568,0.0,81.95652173913044,0.0,0.3181818181818182,0.5909090909090909,0.5,1.06,,52.843829911543736,42.04686061339129,,xml_structural,false
aserai_master_archer,Aserai Mamluke Warden,26.0,aserai,Infantry,2,130.0,50.0,130.0,70.0,20.0,80.0,60.0,160.0,True,False,False,False,False,False,79.0017857142857,,0.0,0.0,easter_polesword_t4,TwoHandedPolearm,two_handed_polearm,45.24,,0.0,,0.0,,,special_or_unlinked,58.32111746219231,0.0,81.95652173913044,0.0,0.3181818181818182,0.5909090909090909,0.5,1.06,,56.03393312240793,42.54375450969532,,xml_structural,false
aserai_militia_archer,Aserai Militia Archer,11.0,aserai,Ranged,0,,,,,,,,,False,False,True,False,True,False,8.8125,hunting_bow,103.10000000000001,54.0,peasant_hatchet_1_t1,OneHandedAxe,axe,40.48,,0.0,,0.0,,,special_or_unlinked,6.505610512328362,66.83954619124798,73.33333333333331,0.0,,,,1.0,,,,,xml_structural,false
aserai_militia_archer,Aserai Militia Archer,11.0,aserai,Ranged,1,,,,,,,,,False,False,True,False,True,False,5.4375,hunting_bow,103.10000000000001,54.0,peasant_hatchet_1_t1,OneHandedAxe,axe,40.48,,0.0,,0.0,,,special_or_unlinked,4.014100103351542,66.83954619124798,73.33333333333331,0.0,,,,1.0,,,,,xml_structural,false
aserai_militia_archer,Aserai Militia Archer,11.0,aserai,Ranged,2,,,,,,,,,False,False,True,False,True,False,5.75,hunting_bow,103.10000000000001,54.0,peasant_hammer_1_t1,Mace,mace,38.7,,0.0,,0.0,,,special_or_unlinked,4.244795511590137,66.83954619124798,70.10869565217392,0.0,,,,1.0,,,,,xml_structural,false
aserai_militia_archer,Aserai Militia Archer,11.0,aserai,Ranged,3,,,,,,,,,False,False,True,False,True,False,5.75,hunting_bow,103.10000000000001,54.0,peasant_hammer_1_t1,Mace,mace,38.7,,0.0,,0.0,,,special_or_unlinked,4.244795511590137,66.83954619124798,70.10869565217392,0.0,,,,1.0,,,,,xml_structural,false
aserai_militia_spearman,Aserai Militia Spearman,11.0,aserai,Infantry,0,,,,,,,,,True,False,False,False,False,False,19.6625,,0.0,0.0,eastern_spear_1_t2,TwoHandedPolearm,two_handed_polearm,45.24,,0.0,,0.0,,,special_or_unlinked,14.515355086372361,0.0,81.95652173913044,0.0,,,,1.0,,16.181628725032976,,,xml_structural,false
aserai_militia_spearman,Aserai Militia Spearman,11.0,aserai,Infantry,1,,,,,,,,,True,False,False,False,False,False,17.225,,0.0,0.0,eastern_spear_1_t2,TwoHandedPolearm,two_handed_polearm,45.24,,0.0,,0.0,,,special_or_unlinked,12.715930902111324,0.0,81.95652173913044,0.0,,,,1.0,,14.54460207735266,,,xml_structural,false
aserai_militia_spearman,Aserai Militia Spearman,11.0,aserai,Infantry,2,,,,,,,,,True,False,False,False,False,False,16.0375,,0.0,0.0,eastern_spear_1_t2,TwoHandedPolearm,two_handed_polearm,45.24,,0.0,,0.0,,,special_or_unlinked,11.839288350804667,0.0,81.95652173913044,0.0,,,,1.0,,13.747076274636616,,,xml_structural,false
aserai_militia_spearman,Aserai Militia Spearman,11.0,aserai,Infantry,3,,,,,,,,,True,False,False,False,False,False,20.5375,,0.0,0.0,eastern_spear_1_t2,TwoHandedPolearm,two_handed_polearm,45.24,,0.0,,0.0,,,special_or_unlinked,15.161302229440425,0.0,81.95652173913044,0.0,,,,1.0,,16.76927931650796,,,xml_structural,false
aserai_militia_veteran_archer,Aserai Militia Veteran Archer,16.0,aserai,Ranged,0,,,,,,,,,False,False,True,False,True,False,14.5,tribal_bow,124.05,54.0,aserai_sword_1_t2,OneHandedSword,one_handed_sword,41.8,,0.0,,0.0,,,special_or_unlinked,10.704266942270781,80.42139384116693,75.72463768115942,0.0,,,,1.0,,,,,xml_structural,false
aserai_militia_veteran_archer,Aserai Militia Veteran Archer,16.0,aserai,Ranged,1,,,,,,,,,False,False,True,False,True,False,15.3125,tribal_bow,124.05,54.0,aserai_sword_2_t2,OneHandedSword,one_handed_sword,41.8,,0.0,,0.0,,,special_or_unlinked,11.304075003691127,80.42139384116693,75.72463768115942,0.0,,,,1.0,,,,,xml_structural,false
aserai_militia_veteran_archer,Aserai Militia Veteran Archer,16.0,aserai,Ranged,2,,,,,,,,,False,False,True,False,True,False,14.375,tribal_bow,124.05,54.0,aserai_sword_2_t2,OneHandedSword,one_handed_sword,41.8,,0.0,,0.0,,,special_or_unlinked,10.611988778975343,80.42139384116693,75.72463768115942,0.0,,,,1.0,,,,,xml_structural,false
aserai_militia_veteran_archer,Aserai Militia Veteran Archer,16.0,aserai,Ranged,3,,,,,,,,,False,False,True,False,True,False,18.187500000000004,tribal_bow,124.05,54.0,aserai_sword_2_t2,OneHandedSword,one_handed_sword,41.8,,0.0,,0.0,,,special_or_unlinked,13.426472759486197,80.42139384116693,75.72463768115942,0.0,,,,1.0,,,,,xml_structural,false
aserai_militia_veteran_spearman,Aserai Militia Veteran Spearman,16.0,aserai,Infantry,0,,,,,,,,,True,False,False,False,False,False,29.135714285714286,,0.0,0.0,eastern_spear_1_t2,TwoHandedPolearm,two_handed_polearm,45.24,,0.0,,0.0,,,special_or_unlinked,21.50872160469089,0.0,81.95652173913044,0.0,,,,1.0,,22.54384584294072,,,xml_structural,false
aserai_militia_veteran_spearman,Aserai Militia Veteran Spearman,16.0,aserai,Infantry,1,,,,,,,,,True,False,False,False,False,False,31.323214285714286,,0.0,0.0,eastern_spear_1_t2,TwoHandedPolearm,two_handed_polearm,45.24,,0.0,,0.0,,,special_or_unlinked,23.123589462361053,0.0,81.95652173913044,0.0,,,,1.0,,24.012972321628176,,,xml_structural,false
aserai_militia_veteran_spearman,Aserai Militia Veteran Spearman,16.0,aserai,Infantry,2,,,,,,,,,True,False,False,False,False,False,31.760714285714286,,0.0,0.0,eastern_spear_1_t2,TwoHandedPolearm,two_handed_polearm,45.24,,0.0,,0.0,,,special_or_unlinked,23.446563033895085,0.0,81.95652173913044,0.0,,,,1.0,,24.30679761736567,,,xml_structural,false
aserai_militia_veteran_spearman,Aserai Militia Veteran Spearman,16.0,aserai,Infantry,3,,,,,,,,,True,False,False,False,False,False,33.948214285714286,,0.0,0.0,eastern_spear_1_t2,TwoHandedPolearm,two_handed_polearm,45.24,,0.0,,0.0,,,special_or_unlinked,25.061430891565244,0.0,81.95652173913044,0.0,,,,1.0,,25.775924096053128,,,xml_structural,false
aserai_recruit,Aserai Beduin,6.0,aserai,Infantry,0,20.0,10.0,20.0,10.0,0.0,5.0,5.0,20.0,False,False,False,False,False,False,6.3125,,0.0,0.0,simple_back_sword_t2,OneHandedSword,one_handed_sword,41.8,,0.0,,0.0,aserai_recruit,1.0,main_or_minor_line,4.660047246419607,0.0,75.72463768115942,0.0,0.25,0.25,0.25,1.005,,,5.6802609580204635,,xml_structural,false
aserai_recruit,Aserai Beduin,6.0,aserai,Infantry,1,20.0,10.0,20.0,10.0,0.0,5.0,5.0,20.0,False,False,False,False,False,False,5.375,,0.0,0.0,simple_back_sword_t2,OneHandedSword,one_handed_sword,41.8,,0.0,,0.0,aserai_recruit,1.0,main_or_minor_line,3.967961021703824,0.0,75.72463768115942,0.0,0.25,0.25,0.25,1.005,,,5.58218979427625,,xml_structural,false
aserai_recruit,Aserai Beduin,6.0,aserai,Infantry,2,20.0,10.0,20.0,10.0,0.0,5.0,5.0,20.0,False,False,False,False,False,False,3.9375000000000004,,0.0,0.0,simple_back_sword_t2,OneHandedSword,one_handed_sword,41.8,,0.0,,0.0,aserai_recruit,1.0,main_or_minor_line,2.90676214380629,0.0,75.72463768115942,0.0,0.25,0.25,0.25,1.005,,,5.431814009868452,,xml_structural,false
aserai_tribal_horseman,Aserai Tribal Horseman,16.0,aserai,Cavalry,0,30.0,10.0,70.0,30.0,10.0,70.0,80.0,30.0,True,True,False,False,False,True,52.1625,,0.0,0.0,eastern_spear_3_t3,TwoHandedPolearm,two_handed_polearm,45.24,,0.0,eastern_javelin_1_t2,19.8,aserai_youth,2.0,noble_line,38.507677543186176,0.0,81.95652173913044,24.444444444444443,0.25,0.3181818181818182,0.4375,1.1600000000000001,,46.825366328691906,23.232959560310412,59.181447988292355,xml_structural,false
aserai_tribal_horseman,Aserai Tribal Horseman,16.0,aserai,Cavalry,1,30.0,10.0,70.0,30.0,10.0,70.0,80.0,30.0,True,True,False,False,False,True,54.4125,,0.0,0.0,eastern_spear_3_t3,TwoHandedPolearm,two_handed_polearm,45.24,,0.0,eastern_javelin_1_t2,19.8,aserai_youth,2.0,noble_line,40.168684482504055,0.0,81.95652173913044,24.444444444444443,0.25,0.3181818181818182,0.4375,1.1600000000000001,,48.33646784962758,23.468330353296526,59.75592841254283,xml_structural,false
aserai_tribal_horseman,Aserai Tribal Horseman,16.0,aserai,Cavalry,2,30.0,10.0,70.0,30.0,10.0,70.0,80.0,30.0,True,True,False,False,False,True,57.225,,0.0,0.0,eastern_spear_3_t3,TwoHandedPolearm,two_handed_polearm,45.24,,0.0,eastern_javelin_1_t2,19.8,aserai_youth,2.0,noble_line,42.24494315665141,0.0,81.95652173913044,24.444444444444443,0.25,0.3181818181818182,0.4375,1.1600000000000001,,50.22534475079717,23.76254384452917,60.47402894285593,xml_structural,false
aserai_tribesman,Aserai Cadet,11.0,aserai,Infantry,0,40.0,15.0,40.0,20.0,5.0,35.0,15.0,40.0,True,False,False,False,False,False,23.51964285714286,,0.0,0.0,southern_throwing_axe_1_t4,ThrowingAxe,axe,40.48,,0.0,,0.0,aserai_recruit,2.0,main_or_minor_line,17.36279555377444,0.0,73.33333333333331,0.0,0.25,0.25,0.25,1.015,,17.46459713698578,6.887288029168806,,xml_structural,false
aserai_tribesman,Aserai Cadet,11.0,aserai,Infantry,1,40.0,15.0,40.0,20.0,5.0,35.0,15.0,40.0,True,False,False,False,False,False,21.89464285714286,,0.0,0.0,southern_throwing_axe_1_t4,ThrowingAxe,axe,40.48,,0.0,,0.0,aserai_recruit,2.0,main_or_minor_line,16.16317943093375,0.0,73.33333333333331,0.0,0.25,0.25,0.25,1.015,,16.373246038532237,6.717298012012167,,xml_structural,false
aserai_tribesman,Aserai Cadet,11.0,aserai,Infantry,2,40.0,15.0,40.0,20.0,5.0,35.0,15.0,40.0,True,False,False,False,False,False,31.70714285714286,,0.0,0.0,southern_throwing_axe_1_t4,ThrowingAxe,axe,40.48,,0.0,,0.0,aserai_recruit,2.0,main_or_minor_line,23.407015249625612,0.0,73.33333333333331,0.0,0.25,0.25,0.25,1.015,,22.963327671501705,7.74377619253495,,xml_structural,false
aserai_vanguard_faris,Aserai Vanguard Faris,31.0,aserai,Cavalry,0,170.0,60.0,200.0,65.0,20.0,140.0,170.0,90.0,True,True,False,False,False,True,117.86821428571429,,0.0,0.0,aserai_lance_1_t5,TwoHandedPolearm,two_handed_polearm,45.24,,0.0,eastern_javelin_3_t4,19.8,aserai_youth,5.0,noble_line,87.01329860159035,0.0,81.95652173913044,24.444444444444443,0.29545454545454547,0.9090909090909091,0.875,1.25,,90.95336845816198,78.14421147369485,100.0,xml_structural,false
aserai_vanguard_faris,Aserai Vanguard Faris,31.0,aserai,Cavalry,1,170.0,60.0,200.0,65.0,20.0,140.0,170.0,90.0,True,True,False,False,False,True,113.93071428571429,,0.0,0.0,aserai_lance_1_t5,TwoHandedPolearm,two_handed_polearm,45.24,,0.0,eastern_javelin_3_t4,19.8,aserai_youth,5.0,noble_line,84.10653645778406,0.0,81.95652173913044,24.444444444444443,0.29545454545454547,0.9090909090909091,0.875,1.25,,88.30894079652457,77.73231258596917,98.99465925756165,xml_structural,false
aserai_vanguard_faris,Aserai Vanguard Faris,31.0,aserai,Cavalry,2,170.0,60.0,200.0,65.0,20.0,140.0,170.0,90.0,True,True,False,False,False,True,113.99321428571429,,0.0,0.0,aserai_lance_1_t5,TwoHandedPolearm,two_handed_polearm,45.24,,0.0,eastern_javelin_3_t4,19.8,aserai_youth,5.0,noble_line,84.15267553943178,0.0,81.95652173913044,24.444444444444443,0.29545454545454547,0.9090909090909091,0.875,1.25,,88.35091583877278,77.7388506635521,99.01061704712419,xml_structural,false
aserai_veteran_faris,Aserai Veteran Faris,26.0,aserai,Cavalry,0,130.0,60.0,130.0,50.0,20.0,80.0,160.0,80.0,True,True,False,False,False,False,112.0907142857143,,0.0,0.0,aserai_lance_1_t5,TwoHandedPolearm,two_handed_polearm,45.24,,0.0,,0.0,aserai_youth,4.0,noble_line,82.74820189407521,0.0,81.95652173913044,0.0,0.25,0.5909090909090909,0.5,1.24,,85.83773221540635,51.6733093559521,,xml_structural,false
aserai_veteran_faris,Aserai Veteran Faris,26.0,aserai,Cavalry,1,130.0,60.0,130.0,50.0,20.0,80.0,160.0,80.0,True,True,False,False,False,False,108.9032142857143,,0.0,0.0,aserai_lance_1_t5,TwoHandedPolearm,two_handed_polearm,45.24,,0.0,,0.0,aserai_youth,4.0,noble_line,80.39510873004156,0.0,81.95652173913044,0.0,0.25,0.5909090909090909,0.5,1.24,,83.69700506074749,51.33986739922178,,xml_structural,false
aserai_veteran_faris,Aserai Veteran Faris,26.0,aserai,Cavalry,2,130.0,60.0,130.0,50.0,20.0,80.0,160.0,80.0,True,True,False,False,False,False,108.9657142857143,,0.0,0.0,aserai_lance_1_t5,TwoHandedPolearm,two_handed_polearm,45.24,,0.0,,0.0,aserai_youth,4.0,noble_line,80.44124781168927,0.0,81.95652173913044,0.0,0.25,0.5909090909090909,0.5,1.24,,83.73898010299568,51.346405476804726,,xml_structural,false
aserai_veteran_infantry,Aserai Lieutenant,26.0,aserai,Infantry,0,140.0,80.0,130.0,60.0,20.0,120.0,50.0,130.0,True,False,False,False,False,True,60.814285714285724,,0.0,0.0,aserai_noble_sword_3_t5,OneHandedSword,one_handed_sword,41.8,,0.0,eastern_javelin_2_t3,19.8,aserai_recruit,5.0,main_or_minor_line,44.89464470270613,0.0,75.72463768115942,24.444444444444443,0.2727272727272727,0.6363636363636364,0.75,1.05,,44.10974945889405,40.40266741259573,54.57867847309971,xml_structural,false
aserai_veteran_infantry,Aserai Lieutenant,26.0,aserai,Infantry,1,140.0,80.0,130.0,60.0,20.0,120.0,50.0,130.0,True,False,False,False,False,True,79.9392857142857,,0.0,0.0,,,,0.0,,0.0,eastern_javelin_2_t3,19.8,aserai_recruit,5.0,main_or_minor_line,59.01320368690809,0.0,0.0,24.444444444444443,0.2727272727272727,0.6363636363636364,0.75,1.05,,45.47236071926197,,20.176265175328698,xml_structural,false
aserai_veteran_infantry,Aserai Lieutenant,26.0,aserai,Infantry,2,140.0,80.0,130.0,60.0,20.0,120.0,50.0,130.0,True,False,False,False,False,True,73.87678571428572,,0.0,0.0,aserai_noble_sword_3_t5,OneHandedSword,one_handed_sword,41.8,,0.0,eastern_javelin_2_t3,19.8,aserai_recruit,5.0,main_or_minor_line,54.53771276707937,0.0,75.72463768115942,24.444444444444443,0.2727272727272727,0.6363636363636364,0.75,1.05,,52.8825332887706,41.7691256274318,57.91385649166498,xml_structural,false
aserai_youth,Aserai Youth,11.0,aserai,Cavalry,0,20.0,5.0,60.0,20.0,5.0,40.0,30.0,15.0,True,True,False,False,False,True,28.48392857142857,,0.0,0.0,eastern_spear_1_t2,TwoHandedPolearm,two_handed_polearm,45.24,,0.0,eastern_javelin_1_t2,19.8,aserai_youth,1.0,noble_line,21.027556896078966,0.0,81.95652173913044,24.444444444444443,0.25,0.2727272727272727,0.25,1.11,,30.922821751226003,17.060744706602943,42.83189773159839,xml_structural,false
aserai_youth,Aserai Youth,11.0,aserai,Cavalry,1,20.0,5.0,60.0,20.0,5.0,40.0,30.0,15.0,True,True,False,False,False,True,30.85892857142857,,0.0,0.0,eastern_spear_1_t2,TwoHandedPolearm,two_handed_polearm,45.24,,0.0,eastern_javelin_1_t2,19.8,aserai_youth,1.0,noble_line,22.780841998692285,0.0,81.95652173913044,24.444444444444443,0.25,0.2727272727272727,0.25,1.11,,32.517873356658114,17.309191654754954,43.4382937349739,xml_structural,false
aserai_youth,Aserai Youth,11.0,aserai,Cavalry,2,20.0,5.0,60.0,20.0,5.0,40.0,30.0,15.0,True,True,False,False,False,True,28.48392857142857,,0.0,0.0,eastern_spear_1_t2,TwoHandedPolearm,two_handed_polearm,45.24,,0.0,eastern_javelin_1_t2,19.8,aserai_youth,1.0,noble_line,21.027556896078966,0.0,81.95652173913044,24.444444444444443,0.25,0.2727272727272727,0.25,1.11,,30.922821751226003,17.060744706602943,42.83189773159839,xml_structural,false
battanian_clanwarrior,Battanian Clan Warrior,11.0,battania,Infantry,0,40.0,15.0,40.0,15.0,5.0,20.0,20.0,40.0,True,False,False,False,False,True,30.117857142857144,,0.0,0.0,western_spear_2_t2,TwoHandedPolearm,two_handed_polearm,45.24,,0.0,celtic_throwing_dagger,18.700000000000003,battanian_volunteer,2.0,main_or_minor_line,22.233764316297904,0.0,81.95652173913044,23.08641975308642,0.25,0.25,0.25,1.02,,24.370280134955237,9.715912872345092,21.73406857666806,xml_structural,false
battanian_clanwarrior,Battanian Clan Warrior,11.0,battania,Infantry,1,40.0,15.0,40.0,15.0,5.0,20.0,20.0,40.0,True,False,False,False,False,True,30.805357142857144,,0.0,0.0,western_spear_2_t2,TwoHandedPolearm,two_handed_polearm,45.24,,0.0,celtic_throwing_dagger,18.700000000000003,battanian_volunteer,2.0,main_or_minor_line,22.741294214422812,0.0,81.95652173913044,23.08641975308642,0.25,0.25,0.25,1.02,,24.832005599685573,9.787831725757515,21.90960426185571,xml_structural,false
battanian_clanwarrior,Battanian Clan Warrior,11.0,battania,Infantry,2,40.0,15.0,40.0,15.0,5.0,20.0,20.0,40.0,True,False,False,False,False,True,27.805357142857144,,0.0,0.0,western_spear_2_t2,TwoHandedPolearm,two_handed_polearm,45.24,,0.0,celtic_throwing_dagger,18.700000000000003,battanian_volunteer,2.0,main_or_minor_line,20.526618295332305,0.0,81.95652173913044,23.08641975308642,0.25,0.25,0.25,1.02,,22.817203571771344,9.474004001776027,21.143630362855074,xml_structural,false
battanian_falxman,Battanian Falxman,21.0,battania,Infantry,0,60.0,100.0,45.0,60.0,15.0,100.0,45.0,100.0,False,False,False,False,False,False,47.25,,0.0,0.0,battania_2hsword_6,TwoHandedSword,two_handed_sword,55.2,,0.0,,0.0,battanian_volunteer,4.0,main_or_minor_line,34.881145725675474,0.0,100.0,0.0,0.2727272727272727,0.45454545454545453,0.625,1.045,,,36.271931309354706,,xml_structural,false
battanian_falxman,Battanian Falxman,21.0,battania,Infantry,1,60.0,100.0,45.0,60.0,15.0,100.0,45.0,100.0,False,False,False,False,False,False,40.4375,,0.0,0.0,battania_2hsword_6,TwoHandedSword,two_handed_sword,55.2,,0.0,,0.0,battanian_volunteer,4.0,main_or_minor_line,29.851985826074117,0.0,100.0,0.0,0.2727272727272727,0.45454545454545453,0.625,1.045,,,35.55928085281341,,xml_structural,false
battanian_falxman,Battanian Falxman,21.0,battania,Infantry,2,60.0,100.0,45.0,60.0,15.0,100.0,45.0,100.0,False,False,False,False,False,False,45.5625,,0.0,0.0,battania_2hsword_6,TwoHandedSword,two_handed_sword,55.2,,0.0,,0.0,battanian_volunteer,4.0,main_or_minor_line,33.63539052118706,0.0,100.0,0.0,0.2727272727272727,0.45454545454545453,0.625,1.045,,,36.09540321461511,,xml_structural,false
battanian_fian,Battanian Fian,26.0,battania,Ranged,0,80.0,140.0,60.0,200.0,20.0,50.0,80.0,130.0,False,False,True,False,True,False,37.75000000000001,woodland_longbow,136.1,64.0,battania_2hsword_5_t4,TwoHandedSword,two_handed_sword,55.2,,0.0,,0.0,battanian_highborn_youth,4.0,noble_line,27.86800531522221,88.23338735818477,100.0,0.0,0.9090909090909091,0.6363636363636364,0.3125,1.08,72.57418043589952,,53.31315711879066,,xml_structural,false
battanian_fian,Battanian Fian,26.0,battania,Ranged,1,80.0,140.0,60.0,200.0,20.0,50.0,80.0,130.0,False,False,True,False,True,False,42.25000000000001,woodland_longbow,136.1,64.0,battania_2hsword_5_t4,TwoHandedSword,two_handed_sword,55.2,,0.0,,0.0,battanian_highborn_youth,4.0,noble_line,31.19001919385797,88.23338735818477,100.0,0.0,0.9090909090909091,0.6363636363636364,0.3125,1.08,73.00431701345187,,53.7838987047629,,xml_structural,false
battanian_fian,Battanian Fian,26.0,battania,Ranged,2,80.0,140.0,60.0,200.0,20.0,50.0,80.0,130.0,False,False,True,False,True,False,54.18749999999999,woodland_longbow,136.1,64.0,battania_2hsword_5_t4,TwoHandedSword,two_handed_sword,55.2,,0.0,,0.0,battanian_highborn_youth,4.0,noble_line,40.00258378857227,88.23338735818477,100.0,0.0,0.9090909090909091,0.6363636363636364,0.3125,1.08,74.14537376779211,,55.0326715231059,,xml_structural,false
battanian_fian_champion,Battanian Fian Champion,31.0,battania,Ranged,0,90.0,220.0,50.0,260.0,25.0,40.0,60.0,170.0,False,False,True,False,True,False,56.93750000000001,woodland_longbow,136.1,64.0,battania_2hsword_5_t4,TwoHandedSword,two_handed_sword,55.2,,0.0,,0.0,battanian_highborn_youth,5.0,noble_line,42.032703381071904,88.23338735818477,100.0,0.0,1.15,1.0,0.25,1.06,95.54380097878396,,91.39037414084363,,xml_structural,false
battanian_fian_champion,Battanian Fian Champion,31.0,battania,Ranged,1,90.0,220.0,50.0,260.0,25.0,40.0,60.0,170.0,False,False,True,False,True,False,69.18750000000001,woodland_longbow,136.1,64.0,battania_2hsword_5_t4,TwoHandedSword,two_handed_sword,55.2,,0.0,,0.0,battanian_highborn_youth,5.0,noble_line,51.07596338402482,88.23338735818477,100.0,0.0,1.15,1.0,0.25,1.06,96.71472832878756,,92.67183734710137,,xml_structural,false
battanian_fian_champion,Battanian Fian Champion,31.0,battania,Ranged,2,90.0,220.0,50.0,260.0,25.0,40.0,60.0,170.0,False,False,True,False,True,False,54.87500000000001,woodland_longbow,136.1,64.0,battania_2hsword_5_t4,TwoHandedSword,two_handed_sword,55.2,,0.0,,0.0,battanian_highborn_youth,5.0,noble_line,40.51011368669718,88.23338735818477,100.0,0.0,1.15,1.0,0.25,1.06,95.3466550474058,,91.17461758060635,,xml_structural,false
battanian_hero,Battanian Hero,21.0,battania,Ranged,0,60.0,110.0,40.0,140.0,15.0,15.0,25.0,100.0,False,False,True,False,True,False,36.0,woodland_yew_bow,133.25,64.0,battania_2hsword_3_t3,TwoHandedSword,two_handed_sword,55.2,,0.0,,0.0,battanian_highborn_youth,3.0,noble_line,26.576111029086075,86.38573743922204,100.0,0.0,0.6363636363636364,0.5,0.25,1.025,41.823538783935724,,39.60383074493513,,xml_structural,false
battanian_hero,Battanian Hero,21.0,battania,Ranged,1,60.0,110.0,40.0,140.0,15.0,15.0,25.0,100.0,False,False,True,False,True,False,35.25,woodland_yew_bow,133.25,64.0,battania_2hsword_3_t3,TwoHandedSword,two_handed_sword,55.2,,0.0,,0.0,battanian_highborn_youth,3.0,noble_line,26.022442049313447,86.38573743922204,100.0,0.0,0.6363636363636364,0.5,0.25,1.025,41.75184935434366,,39.52537381393975,,xml_structural,false
battanian_hero,Battanian Hero,21.0,battania,Ranged,2,60.0,110.0,40.0,140.0,15.0,15.0,25.0,100.0,False,False,True,False,True,False,37.0,woodland_yew_bow,133.25,64.0,battania_2hsword_3_t3,TwoHandedSword,two_handed_sword,55.2,,0.0,,0.0,battanian_highborn_youth,3.0,noble_line,27.31433633544958,86.38573743922204,100.0,0.0,0.6363636363636364,0.5,0.25,1.025,41.91912469005846,,39.70843998626229,,xml_structural,false
battanian_highborn_warrior,Battanian Highborn Warrior,16.0,battania,Ranged,0,30.0,90.0,30.0,100.0,10.0,10.0,10.0,80.0,False,False,True,False,True,False,16.1875,woodland_yew_bow,125.24999999999999,40.0,battania_2hsword_2_t3,TwoHandedSword,two_handed_sword,55.2,,0.0,,0.0,battanian_highborn_youth,2.0,noble_line,11.95002214675919,81.1993517017828,100.0,0.0,0.45454545454545453,0.4090909090909091,0.25,1.01,20.670843339936802,,28.513753350118712,,xml_structural,false
battanian_highborn_warrior,Battanian Highborn Warrior,16.0,battania,Ranged,1,30.0,90.0,30.0,100.0,10.0,10.0,10.0,80.0,False,False,True,False,True,False,24.124999999999996,woodland_yew_bow,125.24999999999999,40.0,battania_2hsword_2_t3,TwoHandedSword,two_handed_sword,55.2,,0.0,,0.0,battanian_highborn_youth,2.0,noble_line,17.809685516019485,81.1993517017828,100.0,0.0,0.45454545454545453,0.4090909090909091,0.25,1.01,21.429556469786064,,29.344089203153057,,xml_structural,false
battanian_highborn_warrior,Battanian Highborn Warrior,16.0,battania,Ranged,2,30.0,90.0,30.0,100.0,10.0,10.0,10.0,80.0,False,False,True,False,True,False,25.75,woodland_yew_bow,125.24999999999999,40.0,battania_2hsword_2_t3,TwoHandedSword,two_handed_sword,55.2,,0.0,,0.0,battanian_highborn_youth,2.0,noble_line,19.00930163886018,81.1993517017828,100.0,0.0,0.45454545454545453,0.4090909090909091,0.25,1.01,21.58488356723552,,29.514079220309696,,xml_structural,false
battanian_highborn_youth,Battanian Highborn Youth,11.0,battania,Ranged,0,20.0,40.0,20.0,60.0,5.0,5.0,5.0,40.0,False,False,True,False,True,False,14.0625,highland_ranger_bow,107.05,40.0,battania_2hsword_1_t2,TwoHandedSword,two_handed_sword,55.2,,0.0,,0.0,battanian_highborn_youth,1.0,noble_line,10.381293370736747,69.40032414910858,100.0,0.0,0.2727272727272727,0.25,0.25,1.005,2.0302053211433404,,12.510821810509976,,xml_structural,false
battanian_highborn_youth,Battanian Highborn Youth,11.0,battania,Ranged,1,20.0,40.0,20.0,60.0,5.0,5.0,5.0,40.0,False,False,True,False,True,False,13.375000000000002,highland_ranger_bow,107.05,40.0,battania_2haxe_1_t2,TwoHandedAxe,axe,40.48,,0.0,,0.0,battanian_highborn_youth,1.0,noble_line,9.873763472611842,69.40032414910858,73.33333333333331,0.0,0.2727272727272727,0.25,0.25,1.005,1.9644900106839551,,5.826064636348074,,xml_structural,false
battanian_highborn_youth,Battanian Highborn Youth,11.0,battania,Ranged,2,20.0,40.0,20.0,60.0,5.0,5.0,5.0,40.0,False,False,True,False,True,False,14.8125,highland_ranger_bow,107.05,40.0,battania_2hsword_1_t2,TwoHandedSword,two_handed_sword,55.2,,0.0,,0.0,battanian_highborn_youth,1.0,noble_line,10.934962350509375,69.40032414910858,100.0,0.0,0.2727272727272727,0.25,0.25,1.005,2.1018947507353953,,12.58927874150535,,xml_structural,false
battanian_horseman,Battanian Horseman,26.0,battania,Cavalry,0,130.0,80.0,130.0,60.0,20.0,60.0,130.0,80.0,True,True,False,False,False,False,85.52035714285716,,0.0,0.0,highland_spear_4_t4,TwoHandedPolearm,two_handed_polearm,45.24,,0.0,,0.0,battanian_volunteer,5.0,main_or_minor_line,63.133291852101856,0.0,81.95652173913044,0.0,0.2727272727272727,0.5909090909090909,0.375,1.21,,67.99306239746171,48.89380445344607,,xml_structural,false
battanian_horseman,Battanian Horseman,26.0,battania,Cavalry,1,130.0,80.0,130.0,60.0,20.0,60.0,130.0,80.0,True,True,False,False,False,False,85.02035714285716,,0.0,0.0,highland_spear_4_t4,TwoHandedPolearm,two_handed_polearm,45.24,,0.0,,0.0,battanian_volunteer,5.0,main_or_minor_line,62.764179198920104,0.0,81.95652173913044,0.0,0.2727272727272727,0.5909090909090909,0.375,1.21,,67.65726205947603,48.84149983278249,,xml_structural,false
battanian_horseman,Battanian Horseman,26.0,battania,Cavalry,2,130.0,80.0,130.0,60.0,20.0,60.0,130.0,80.0,True,True,False,False,False,False,101.64535714285714,,0.0,0.0,highland_spear_4_t4,TwoHandedPolearm,two_handed_polearm,45.24,,0.0,,0.0,battanian_volunteer,5.0,main_or_minor_line,75.03717491721329,0.0,81.95652173913044,0.0,0.2727272727272727,0.5909090909090909,0.375,1.21,,78.82262329750068,50.580628469846566,,xml_structural,false
battanian_horseman,Battanian Horseman,26.0,battania,Cavalry,3,130.0,80.0,130.0,60.0,20.0,60.0,130.0,80.0,True,True,False,False,False,False,85.83285714285716,,0.0,0.0,highland_spear_4_t4,TwoHandedPolearm,two_handed_polearm,45.24,,0.0,,0.0,battanian_volunteer,5.0,main_or_minor_line,63.363987260340444,0.0,81.95652173913044,0.0,0.2727272727272727,0.5909090909090909,0.375,1.21,,68.20293760870278,48.92649484136081,,xml_structural,false
battanian_marine_t4,Battanian River Raider,21.0,battania,Infantry,0,100.0,60.0,25.0,40.0,40.0,100.0,25.0,100.0,True,False,False,False,False,False,42.92142857142857,,0.0,0.0,,,,0.0,,0.0,,0.0,battanian_marine_t4,1.0,main_or_minor_line,31.685684756702027,0.0,0.0,0.0,0.25,0.45454545454545453,0.625,1.025,,19.375679501775185,,,xml_structural,false
battanian_marine_t4,Battanian River Raider,21.0,battania,Infantry,1,100.0,60.0,25.0,40.0,40.0,100.0,25.0,100.0,True,False,False,False,False,False,47.35892857142857,,0.0,0.0,,,,0.0,,0.0,,0.0,battanian_marine_t4,1.0,main_or_minor_line,34.961559553690066,0.0,0.0,0.0,0.25,0.45454545454545453,0.625,1.025,,22.35590750139832,,,xml_structural,false
battanian_marine_t4,Battanian River Raider,21.0,battania,Infantry,2,100.0,60.0,25.0,40.0,40.0,100.0,25.0,100.0,True,False,False,False,False,False,47.42142857142857,,0.0,0.0,,,,0.0,,0.0,,0.0,battanian_marine_t4,1.0,main_or_minor_line,35.00769863533779,0.0,0.0,0.0,0.25,0.45454545454545453,0.625,1.025,,22.39788254364654,,,xml_structural,false
battanian_marine_t5,Battanian Skipari,26.0,battania,Infantry,0,140.0,80.0,60.0,50.0,20.0,150.0,80.0,130.0,True,False,False,False,False,False,42.43928571428572,,0.0,0.0,battania_sword_5_t5,OneHandedSword,one_handed_sword,41.8,,0.0,,0.0,battanian_marine_t4,2.0,main_or_minor_line,31.32975469827677,0.0,75.72463768115942,0.0,0.25,0.6363636363636364,0.9375,1.08,,30.53362370058855,38.48047260320912,,xml_structural,false
battanian_marine_t5,Battanian Skipari,26.0,battania,Infantry,1,140.0,80.0,60.0,50.0,20.0,150.0,80.0,130.0,True,False,False,False,False,False,43.68928571428572,,0.0,0.0,battania_sword_5_t5,OneHandedSword,one_handed_sword,41.8,,0.0,,0.0,battanian_marine_t4,2.0,main_or_minor_line,32.25253633123115,0.0,75.72463768115942,0.0,0.25,0.6363636363636364,0.9375,1.08,,31.373124545552816,38.61123415486808,,xml_structural,false
battanian_marine_t5,Battanian Skipari,26.0,battania,Infantry,2,140.0,80.0,60.0,50.0,20.0,150.0,80.0,130.0,True,False,False,False,False,False,39.43928571428572,,0.0,0.0,battania_sword_5_t5,OneHandedSword,one_handed_sword,41.8,,0.0,,0.0,battanian_marine_t4,2.0,main_or_minor_line,29.115078779186263,0.0,75.72463768115942,0.0,0.25,0.6363636363636364,0.9375,1.08,,28.518821672674324,38.166644879227626,,xml_structural,false
battanian_militia_archer,Battanian Militia Archer,11.0,battania,Ranged,0,,,,,,,,,False,False,True,False,True,False,7.375,highland_ranger_bow,109.55,54.0,peasant_hammer_1_t1,Mace,mace,38.7,,0.0,,0.0,,,special_or_unlinked,5.4444116344308275,71.02106969205835,70.10869565217392,0.0,,,,1.0,,,,,xml_structural,false
battanian_militia_archer,Battanian Militia Archer,11.0,battania,Ranged,1,,,,,,,,,False,False,True,False,True,False,10.625,highland_ranger_bow,109.55,54.0,peasant_pickaxe_1_t1,OneHandedAxe,axe,40.48,,0.0,,0.0,,,special_or_unlinked,7.84364388011221,71.02106969205835,73.33333333333331,0.0,,,,1.0,,,,,xml_structural,false
battanian_militia_archer,Battanian Militia Archer,11.0,battania,Ranged,2,,,,,,,,,False,False,True,False,True,False,8.0,mountain_hunting_bow,103.6,54.0,peasant_hammer_2_t1,Mace,mace,38.7,,0.0,,0.0,,,special_or_unlinked,5.905802450908017,67.16369529983793,70.10869565217392,0.0,,,,1.0,,,,,xml_structural,false
battanian_militia_archer,Battanian Militia Archer,11.0,battania,Ranged,3,,,,,,,,,False,False,True,False,True,False,9.125,mountain_hunting_bow,103.6,54.0,peasant_hammer_2_t1,Mace,mace,38.7,,0.0,,0.0,,,special_or_unlinked,6.736305920566957,67.16369529983793,70.10869565217392,0.0,,,,1.0,,,,,xml_structural,false
battanian_militia_spearman,Battanian Militia Spearman,11.0,battania,Infantry,0,,,,,,,,,True,False,False,False,False,False,13.564285714285715,,0.0,0.0,northern_spear_1_t2,TwoHandedPolearm,two_handed_polearm,45.24,,0.0,,0.0,,,special_or_unlinked,10.013498977030647,0.0,81.95652173913044,0.0,,,,1.0,,12.086063888528749,,,xml_structural,false
battanian_militia_spearman,Battanian Militia Spearman,11.0,battania,Infantry,1,,,,,,,,,True,False,False,False,False,False,15.126785714285715,,0.0,0.0,northern_spear_1_t2,TwoHandedPolearm,two_handed_polearm,45.24,,0.0,,0.0,,,special_or_unlinked,11.16697601822362,0.0,81.95652173913044,0.0,,,,1.0,,13.135439944734083,,,xml_structural,false
battanian_militia_spearman,Battanian Militia Spearman,11.0,battania,Infantry,2,,,,,,,,,True,False,False,False,False,False,21.376785714285717,,0.0,0.0,northern_spear_1_t2,TwoHandedPolearm,two_handed_polearm,45.24,,0.0,,0.0,,,special_or_unlinked,15.780884182995507,0.0,81.95652173913044,0.0,,,,1.0,,17.332944169555397,,,xml_structural,false
battanian_militia_spearman,Battanian Militia Spearman,11.0,battania,Infantry,3,,,,,,,,,True,False,False,False,False,False,23.626785714285717,,0.0,0.0,northern_spear_1_t2,TwoHandedPolearm,two_handed_polearm,45.24,,0.0,,0.0,,,special_or_unlinked,17.441891122313386,0.0,81.95652173913044,0.0,,,,1.0,,18.844045690491072,,,xml_structural,false
battanian_militia_veteran_archer,Battanian Militia Veteran Archer,16.0,battania,Ranged,0,,,,,,,,,False,False,True,False,True,False,16.8125,highland_ranger_bow,109.55,54.0,battania_axe_1_t2,OneHandedAxe,axe,40.48,,0.0,,0.0,,,special_or_unlinked,12.41141296323638,71.02106969205835,73.33333333333331,0.0,,,,1.0,,,,,xml_structural,false
battanian_militia_veteran_archer,Battanian Militia Veteran Archer,16.0,battania,Ranged,1,,,,,,,,,False,False,True,False,True,False,16.8125,highland_ranger_bow,109.55,54.0,battania_axe_1_t2,OneHandedAxe,axe,40.48,,0.0,,0.0,,,special_or_unlinked,12.41141296323638,71.02106969205835,73.33333333333331,0.0,,,,1.0,,,,,xml_structural,false
battanian_militia_veteran_archer,Battanian Militia Veteran Archer,16.0,battania,Ranged,2,,,,,,,,,False,False,True,False,True,False,18.6875,highland_ranger_bow,109.55,54.0,battania_sword_1_t2,OneHandedSword,one_handed_sword,41.8,,0.0,,0.0,,,special_or_unlinked,13.795585412667945,71.02106969205835,75.72463768115942,0.0,,,,1.0,,,,,xml_structural,false
battanian_militia_veteran_archer,Battanian Militia Veteran Archer,16.0,battania,Ranged,3,,,,,,,,,False,False,True,False,True,False,18.6875,highland_ranger_bow,109.55,54.0,battania_sword_1_t2,OneHandedSword,one_handed_sword,41.8,,0.0,,0.0,,,special_or_unlinked,13.795585412667945,71.02106969205835,75.72463768115942,0.0,,,,1.0,,,,,xml_structural,false
battanian_militia_veteran_spearman,Battanian Militia Veteran Spearman,16.0,battania,Infantry,0,,,,,,,,,True,False,False,False,False,False,27.10892857142857,,0.0,0.0,northern_spear_1_t2,TwoHandedPolearm,two_handed_polearm,45.24,,0.0,,0.0,,,special_or_unlinked,20.01249709982915,0.0,81.95652173913044,0.0,,,,1.0,,21.182655187177232,,,xml_structural,false
battanian_militia_veteran_spearman,Battanian Militia Veteran Spearman,16.0,battania,Infantry,1,,,,,,,,,True,False,False,False,False,False,25.483928571428578,,0.0,0.0,northern_spear_1_t2,TwoHandedPolearm,two_handed_polearm,45.24,,0.0,,0.0,,,special_or_unlinked,18.812880976988467,0.0,81.95652173913044,0.0,,,,1.0,,20.09130408872369,,,xml_structural,false
battanian_militia_veteran_spearman,Battanian Militia Veteran Spearman,16.0,battania,Infantry,2,,,,,,,,,True,False,False,False,False,False,28.60892857142857,,0.0,0.0,northern_spear_1_t2,TwoHandedPolearm,two_handed_polearm,45.24,,0.0,,0.0,,,special_or_unlinked,21.119835059374402,0.0,81.95652173913044,0.0,,,,1.0,,22.190056201134347,,,xml_structural,false
battanian_militia_veteran_spearman,Battanian Militia Veteran Spearman,16.0,battania,Infantry,3,,,,,,,,,True,False,False,False,False,False,28.60892857142857,,0.0,0.0,military_fork_t2,TwoHandedPolearm,two_handed_polearm,45.24,,0.0,,0.0,,,special_or_unlinked,21.119835059374402,0.0,81.95652173913044,0.0,,,,1.0,,22.190056201134347,,,xml_structural,false
battanian_mounted_skirmisher,Battanian Mounted Skirmisher,26.0,battania,Cavalry,0,130.0,60.0,80.0,15.0,15.0,150.0,130.0,80.0,True,True,False,False,False,False,84.58285714285715,,0.0,0.0,battania_sword_4_t4,OneHandedSword,one_handed_sword,41.8,,0.0,,0.0,,,special_or_unlinked,62.441205627386054,0.0,75.72463768115942,0.0,0.25,0.5909090909090909,0.9375,1.21,,66.41852705712384,45.142989592766135,,xml_structural,false
battanian_mounted_skirmisher,Battanian Mounted Skirmisher,26.0,battania,Cavalry,1,130.0,60.0,80.0,15.0,15.0,150.0,130.0,80.0,True,True,False,False,False,False,81.52035714285716,,0.0,0.0,battania_axe_2_t4,OneHandedAxe,axe,40.48,,0.0,,0.0,,,special_or_unlinked,60.180390626647835,0.0,73.33333333333331,0.0,0.25,0.5909090909090909,0.9375,1.21,,63.99916835535344,43.420989581912394,,xml_structural,false
battanian_mounted_skirmisher,Battanian Mounted Skirmisher,26.0,battania,Cavalry,2,130.0,60.0,80.0,15.0,15.0,150.0,130.0,80.0,True,True,False,False,False,False,83.45785714285715,,0.0,0.0,battania_axe_2_t4,OneHandedAxe,axe,40.48,,0.0,,0.0,,,special_or_unlinked,61.61070215772712,0.0,73.33333333333331,0.0,0.25,0.5909090909090909,0.9375,1.21,,65.30039466504805,43.62366998698377,,xml_structural,false
battanian_oathsworn,Battanian Oathsworn,26.0,battania,Infantry,0,130.0,80.0,110.0,60.0,20.0,60.0,80.0,130.0,True,False,False,False,False,False,72.1267857142857,,0.0,0.0,battania_polearm_1_t5,TwoHandedPolearm,two_handed_polearm,45.24,,0.0,,0.0,battanian_volunteer,5.0,main_or_minor_line,53.245818480943235,0.0,81.95652173913044,0.0,0.2727272727272727,0.5909090909090909,0.375,1.08,,51.416678475104476,41.824565975571076,,xml_structural,false
battanian_oathsworn,Battanian Oathsworn,26.0,battania,Infantry,1,130.0,80.0,110.0,60.0,20.0,60.0,80.0,130.0,True,False,False,False,False,False,71.9392857142857,,0.0,0.0,battania_polearm_1_t5,TwoHandedPolearm,two_handed_polearm,45.24,,0.0,,0.0,battanian_volunteer,5.0,main_or_minor_line,53.10740123600007,0.0,81.95652173913044,0.0,0.2727272727272727,0.5909090909090909,0.375,1.08,,51.29075334835984,41.804951742822226,,xml_structural,false
battanian_oathsworn,Battanian Oathsworn,26.0,battania,Infantry,2,130.0,80.0,110.0,60.0,20.0,60.0,80.0,130.0,True,False,False,False,False,False,70.8767857142857,,0.0,0.0,battania_polearm_1_t5,TwoHandedPolearm,two_handed_polearm,45.24,,0.0,,0.0,battanian_volunteer,5.0,main_or_minor_line,52.32303684798885,0.0,81.95652173913044,0.0,0.2727272727272727,0.5909090909090909,0.375,1.08,,50.57717763014021,41.69380442391212,,xml_structural,false
battanian_picked_warrior,Battanian Picked Warrior,21.0,battania,Infantry,0,110.0,60.0,110.0,45.0,15.0,55.0,30.0,100.0,True,False,False,False,False,False,50.260714285714286,,0.0,0.0,highland_spear_4_t4,TwoHandedPolearm,two_handed_polearm,45.24,,0.0,,0.0,battanian_volunteer,4.0,main_or_minor_line,37.10373120161987,0.0,81.95652173913044,0.0,0.25,0.5,0.34375,1.03,,36.731410122836756,32.1467379109155,,xml_structural,false
battanian_picked_warrior,Battanian Picked Warrior,21.0,battania,Infantry,1,110.0,60.0,110.0,45.0,15.0,55.0,30.0,100.0,True,False,False,False,False,False,54.94821428571429,,0.0,0.0,highland_spear_4_t4,TwoHandedPolearm,two_handed_polearm,45.24,,0.0,,0.0,battanian_volunteer,4.0,main_or_minor_line,40.564162325198794,0.0,81.95652173913044,0.0,0.25,0.5,0.34375,1.03,,39.87953829145276,32.63709372963658,,xml_structural,false
battanian_picked_warrior,Battanian Picked Warrior,21.0,battania,Infantry,2,110.0,60.0,110.0,45.0,15.0,55.0,30.0,100.0,True,False,False,False,False,False,51.635714285714286,,0.0,0.0,highland_spear_4_t4,TwoHandedPolearm,two_handed_polearm,45.24,,0.0,,0.0,battanian_volunteer,4.0,main_or_minor_line,38.11879099786969,0.0,81.95652173913044,0.0,0.25,0.5,0.34375,1.03,,37.65486105229745,32.290575617740345,,xml_structural,false
battanian_raider,Battanian Raider,16.0,battania,Infantry,0,70.0,70.0,30.0,40.0,10.0,70.0,30.0,70.0,False,False,False,False,False,False,30.062499999999996,,0.0,0.0,battania_sword_1_t2,OneHandedSword,one_handed_sword,41.8,,0.0,,0.0,battanian_volunteer,3.0,main_or_minor_line,22.192898272552778,0.0,75.72463768115942,0.0,0.25,0.3181818181818182,0.4375,1.03,,,13.286086204251443,,xml_structural,false
battanian_raider,Battanian Raider,16.0,battania,Infantry,1,70.0,70.0,30.0,40.0,10.0,70.0,30.0,70.0,False,False,False,False,False,False,32.25,,0.0,0.0,battania_sword_1_t2,OneHandedSword,one_handed_sword,41.8,,0.0,,0.0,battanian_volunteer,3.0,main_or_minor_line,23.807766130222944,0.0,75.72463768115942,0.0,0.25,0.3181818181818182,0.4375,1.03,,,13.514918919654612,,xml_structural,false
battanian_raider,Battanian Raider,16.0,battania,Infantry,2,70.0,70.0,30.0,40.0,10.0,70.0,30.0,70.0,False,False,False,False,False,False,35.25,,0.0,0.0,battania_sword_1_t2,OneHandedSword,one_handed_sword,41.8,,0.0,,0.0,battanian_volunteer,3.0,main_or_minor_line,26.022442049313447,0.0,75.72463768115942,0.0,0.25,0.3181818181818182,0.4375,1.03,,,13.8287466436361,,xml_structural,false
battanian_scout,Battanian Scout,21.0,battania,Cavalry,0,100.0,45.0,100.0,60.0,15.0,30.0,100.0,45.0,True,True,False,False,False,False,65.15785714285715,,0.0,0.0,highland_spear_3_t3,TwoHandedPolearm,two_handed_polearm,45.24,,0.0,,0.0,battanian_volunteer,4.0,main_or_minor_line,48.101179051275025,0.0,81.95652173913044,0.0,0.2727272727272727,0.45454545454545453,0.25,1.1800000000000002,,54.317593632993855,35.67804639436097,,xml_structural,false
battanian_scout,Battanian Scout,21.0,battania,Cavalry,1,100.0,45.0,100.0,60.0,15.0,30.0,100.0,45.0,True,True,False,False,False,False,61.90785714285715,,0.0,0.0,highland_spear_3_t3,TwoHandedPolearm,two_handed_polearm,45.24,,0.0,,0.0,battanian_volunteer,4.0,main_or_minor_line,45.701946805593636,0.0,81.95652173913044,0.0,0.2727272727272727,0.45454545454545453,0.25,1.1800000000000002,,52.13489143608677,35.338066360047684,,xml_structural,false
battanian_scout,Battanian Scout,21.0,battania,Cavalry,2,100.0,45.0,100.0,60.0,15.0,30.0,100.0,45.0,True,True,False,False,False,False,63.47035714285715,,0.0,0.0,highland_spear_3_t3,TwoHandedPolearm,two_handed_polearm,45.24,,0.0,,0.0,battanian_volunteer,4.0,main_or_minor_line,46.855423846786614,0.0,81.95652173913044,0.0,0.2727272727272727,0.45454545454545453,0.25,1.1800000000000002,,53.1842674922921,35.50151829962138,,xml_structural,false
battanian_trained_warrior,Battanian Trained Warrior,16.0,battania,Infantry,0,70.0,40.0,70.0,30.0,10.0,30.0,40.0,70.0,True,False,False,False,False,False,38.67142857142857,,0.0,0.0,western_spear_3_t3,TwoHandedPolearm,two_handed_polearm,45.24,,0.0,,0.0,battanian_volunteer,3.0,main_or_minor_line,28.548227204657145,0.0,81.95652173913044,0.0,0.25,0.3181818181818182,0.25,1.04,,28.94803800309667,16.153521681406023,,xml_structural,false
battanian_trained_warrior,Battanian Trained Warrior,16.0,battania,Infantry,1,70.0,40.0,70.0,30.0,10.0,30.0,40.0,70.0,True,False,False,False,False,False,41.42142857142858,,0.0,0.0,western_spear_3_t3,TwoHandedPolearm,two_handed_polearm,45.24,,0.0,,0.0,battanian_volunteer,3.0,main_or_minor_line,30.57834679715678,0.0,81.95652173913044,0.0,0.25,0.3181818181818182,0.25,1.04,,30.79493986201805,16.441197095055717,,xml_structural,false
battanian_trained_warrior,Battanian Trained Warrior,16.0,battania,Infantry,2,70.0,40.0,70.0,30.0,10.0,30.0,40.0,70.0,True,False,False,False,False,False,37.60892857142857,,0.0,0.0,western_spear_3_t3,TwoHandedPolearm,two_handed_polearm,45.24,,0.0,,0.0,battanian_volunteer,3.0,main_or_minor_line,27.763862816645922,0.0,81.95652173913044,0.0,0.25,0.3181818181818182,0.25,1.04,,28.23446228487704,16.042374362495906,,xml_structural,false
battanian_veteran_falxman,Battanian Veteran Falxman,26.0,battania,Infantry,0,70.0,130.0,100.0,60.0,20.0,120.0,60.0,130.0,False,False,False,False,False,False,51.5625,,0.0,0.0,battania_2hsword_4_t4,TwoHandedSword,two_handed_sword,55.2,,0.0,,0.0,battanian_volunteer,5.0,main_or_minor_line,38.064742359368076,0.0,100.0,0.0,0.2727272727272727,0.5909090909090909,0.75,1.06,,,50.2493188641111,,xml_structural,false
battanian_veteran_falxman,Battanian Veteran Falxman,26.0,battania,Infantry,1,70.0,130.0,100.0,60.0,20.0,120.0,60.0,130.0,False,False,False,False,False,False,51.43750000000001,,0.0,0.0,battania_2hsword_4_t4,TwoHandedSword,two_handed_sword,55.2,,0.0,,0.0,battanian_volunteer,5.0,main_or_minor_line,37.97246419607264,0.0,100.0,0.0,0.2727272727272727,0.5909090909090909,0.75,1.06,,,50.23624270894521,,xml_structural,false
battanian_veteran_falxman,Battanian Veteran Falxman,26.0,battania,Infantry,2,70.0,130.0,100.0,60.0,20.0,120.0,60.0,130.0,False,False,False,False,False,False,53.25,,0.0,0.0,battania_2hsword_4_t4,TwoHandedSword,two_handed_sword,55.2,,0.0,,0.0,battanian_volunteer,5.0,main_or_minor_line,39.31049756385649,0.0,100.0,0.0,0.2727272727272727,0.5909090909090909,0.75,1.06,,,50.42584695885069,,xml_structural,false
battanian_volunteer,Battanian Volunteer,6.0,battania,Infantry,0,20.0,20.0,20.0,5.0,0.0,10.0,5.0,20.0,False,False,False,False,False,False,9.5625,,0.0,0.0,peasant_maul_t1_2,TwoHandedMace,mace,38.7,,0.0,,0.0,battanian_volunteer,1.0,main_or_minor_line,7.0592794921009885,0.0,70.10869565217392,0.0,0.25,0.25,0.25,1.005,,,4.627591617719383,,xml_structural,false
battanian_volunteer,Battanian Volunteer,6.0,battania,Infantry,1,20.0,20.0,20.0,5.0,0.0,10.0,5.0,20.0,False,False,False,False,False,False,12.812500000000002,,0.0,0.0,battania_mace_1_t3,Mace,mace,38.7,,0.0,,0.0,battanian_volunteer,1.0,main_or_minor_line,9.458511737782372,0.0,70.10869565217392,0.0,0.25,0.25,0.25,1.005,,,4.967571652032663,,xml_structural,false
battanian_volunteer,Battanian Volunteer,6.0,battania,Infantry,2,20.0,20.0,20.0,5.0,0.0,10.0,5.0,20.0,False,False,False,False,False,False,12.125000000000002,,0.0,0.0,battania_mace_2_t2,Mace,mace,38.7,,0.0,,0.0,battanian_volunteer,1.0,main_or_minor_line,8.950981839657464,0.0,70.10869565217392,0.0,0.25,0.25,0.25,1.005,,,4.8956527986202385,,xml_structural,false
battanian_volunteer,Battanian Volunteer,6.0,battania,Infantry,3,20.0,20.0,20.0,5.0,0.0,10.0,5.0,20.0,False,False,False,False,False,False,11.375000000000002,,0.0,0.0,peasant_pickaxe_1_t1,OneHandedAxe,axe,40.48,,0.0,,0.0,battanian_volunteer,1.0,main_or_minor_line,8.397312859884838,0.0,73.33333333333331,0.0,0.25,0.25,0.25,1.005,,,5.616846153693748,,xml_structural,false
battanian_wildling,Battanian Wildling,26.0,battania,Infantry,0,120.0,80.0,80.0,60.0,20.0,130.0,60.0,140.0,True,False,False,False,False,True,85.50178571428572,,0.0,0.0,battania_axe_2_t4,OneHandedAxe,axe,40.48,,0.0,northern_javelin_2_t3,19.8,,,special_or_unlinked,63.119581953555084,0.0,73.33333333333331,24.444444444444443,0.2727272727272727,0.5454545454545454,0.8125,1.06,,60.32730951533026,34.86291751172211,63.07601994346347,xml_structural,false
battanian_wildling,Battanian Wildling,26.0,battania,Infantry,1,120.0,80.0,80.0,60.0,20.0,130.0,60.0,140.0,True,False,False,False,False,True,72.37678571428572,,0.0,0.0,battania_axe_2_t4,OneHandedAxe,axe,40.48,,0.0,northern_javelin_2_t3,19.8,,,special_or_unlinked,53.430374807534115,0.0,73.33333333333331,24.444444444444443,0.2727272727272727,0.5454545454545454,0.8125,1.06,,51.512550643205515,33.4899212193031,59.72488413533569,xml_structural,false
battanian_wildling,Battanian Wildling,26.0,battania,Infantry,2,120.0,80.0,80.0,60.0,20.0,130.0,60.0,140.0,True,False,False,False,False,True,81.3142857142857,,0.0,0.0,battania_axe_2_t4,OneHandedAxe,axe,40.48,,0.0,northern_javelin_2_t3,19.8,,,special_or_unlinked,60.02826348315791,0.0,73.33333333333331,24.444444444444443,0.2727272727272727,0.5454545454545454,0.8125,1.06,,57.51498168469999,34.42486631366461,62.00684804277508,xml_structural,false
battanian_woodrunner,Battanian Wood Runner,11.0,battania,Infantry,0,40.0,15.0,20.0,20.0,5.0,40.0,15.0,40.0,True,False,False,False,False,False,23.117857142857147,,0.0,0.0,,,,0.0,,0.0,,0.0,battanian_volunteer,2.0,main_or_minor_line,17.06618717175339,0.0,0.0,0.0,0.25,0.25,0.25,1.015,,6.075587543698512,,,xml_structural,false
battanian_woodrunner,Battanian Wood Runner,11.0,battania,Infantry,1,40.0,15.0,20.0,20.0,5.0,40.0,15.0,40.0,True,False,False,False,False,False,26.930357142857147,,0.0,0.0,battania_sword_1_t2,OneHandedSword,one_handed_sword,41.8,,0.0,,0.0,battanian_volunteer,2.0,main_or_minor_line,19.880671152264245,0.0,75.72463768115942,0.0,0.25,0.25,0.25,1.015,,20.11781678842481,7.83707935152657,,xml_structural,false
battanian_woodrunner,Battanian Wood Runner,11.0,battania,Infantry,2,40.0,15.0,20.0,20.0,5.0,40.0,15.0,40.0,True,False,False,False,False,False,27.117857142857147,,0.0,0.0,,,,0.0,,0.0,,0.0,battanian_volunteer,2.0,main_or_minor_line,20.0190883972074,0.0,0.0,0.0,0.25,0.25,0.25,1.015,,8.761990247584155,,,xml_structural,false
beni_zilal_tier_1,Beni Zilal Recruit,16.0,aserai,Cavalry,0,30.0,5.0,40.0,10.0,5.0,70.0,40.0,10.0,False,True,False,False,False,True,25.7125,,0.0,0.0,eastern_spear_1_t2,TwoHandedPolearm,two_handed_polearm,45.24,,0.0,eastern_javelin_1_t2,19.8,beni_zilal_tier_1,1.0,main_or_minor_line,18.981618189871547,0.0,81.95652173913044,24.444444444444443,0.25,0.25,0.4375,1.12,,13.899023854733551,14.923218935926585,52.42811144543676,xml_structural,false
beni_zilal_tier_1,Beni Zilal Recruit,16.0,aserai,Cavalry,1,30.0,5.0,40.0,10.0,5.0,70.0,40.0,10.0,False,True,False,False,False,True,26.0,,0.0,0.0,eastern_spear_1_t2,TwoHandedPolearm,two_handed_polearm,45.24,,0.0,eastern_javelin_1_t2,19.8,beni_zilal_tier_1,1.0,main_or_minor_line,19.193857965451055,0.0,81.95652173913044,24.444444444444443,0.25,0.25,0.4375,1.12,,14.092109049075338,14.953294092808145,52.50151727742433,xml_structural,false
beni_zilal_tier_1,Beni Zilal Recruit,16.0,aserai,Cavalry,2,30.0,5.0,40.0,10.0,5.0,70.0,40.0,10.0,False,True,False,False,False,True,21.025,,0.0,0.0,eastern_spear_1_t2,TwoHandedPolearm,two_handed_polearm,45.24,,0.0,eastern_javelin_1_t2,19.8,beni_zilal_tier_1,1.0,main_or_minor_line,15.521187066292631,0.0,81.95652173913044,24.444444444444443,0.25,0.25,0.4375,1.12,,10.750895686117566,14.43286311720551,51.23127722824826,xml_structural,false
beni_zilal_tier_2,Beni Zilal Soldier,21.0,aserai,Cavalry,0,30.0,10.0,60.0,30.0,10.0,100.0,90.0,20.0,False,True,False,False,False,True,28.187500000000007,,0.0,0.0,eastern_spear_3_t3,TwoHandedPolearm,two_handed_polearm,45.24,,0.0,eastern_javelin_2_t3,19.8,beni_zilal_tier_1,2.0,main_or_minor_line,20.80872582312122,0.0,81.95652173913044,24.444444444444443,0.25,0.2727272727272727,0.625,1.1700000000000002,,15.5612355277628,17.029735538638104,63.36386760883694,xml_structural,false
beni_zilal_tier_2,Beni Zilal Soldier,21.0,aserai,Cavalry,1,30.0,10.0,60.0,30.0,10.0,100.0,90.0,20.0,False,True,False,False,False,True,35.254999999999995,,0.0,0.0,eastern_spear_3_t3,TwoHandedPolearm,two_handed_polearm,45.24,,0.0,eastern_javelin_2_t3,19.8,beni_zilal_tier_1,2.0,main_or_minor_line,26.026133175845263,0.0,81.95652173913044,24.444444444444443,0.25,0.2727272727272727,0.625,1.1700000000000002,,20.30777330519073,17.769061351717824,65.16837445256594,xml_structural,false
beni_zilal_tier_2,Beni Zilal Soldier,21.0,aserai,Cavalry,2,30.0,10.0,60.0,30.0,10.0,100.0,90.0,20.0,False,True,False,False,False,True,34.375,,0.0,0.0,eastern_spear_3_t3,TwoHandedPolearm,two_handed_polearm,45.24,,0.0,eastern_javelin_2_t3,19.8,beni_zilal_tier_1,2.0,main_or_minor_line,25.376494906245384,0.0,81.95652173913044,24.444444444444443,0.25,0.2727272727272727,0.625,1.1700000000000002,,19.716764710335905,17.677005219349923,64.94368877552576,xml_structural,false
beni_zilal_tier_2,Beni Zilal Soldier,21.0,aserai,Cavalry,3,30.0,10.0,60.0,30.0,10.0,100.0,90.0,20.0,False,True,False,False,False,True,27.062500000000007,,0.0,0.0,eastern_spear_3_t3,TwoHandedPolearm,two_handed_polearm,45.24,,0.0,eastern_javelin_2_t3,19.8,beni_zilal_tier_1,2.0,main_or_minor_line,19.978222353462282,0.0,81.95652173913044,24.444444444444443,0.25,0.2727272727272727,0.625,1.1700000000000002,,14.805684767294967,16.91205014214505,63.0766273967117,xml_structural,false
beni_zilal_tier_2,Beni Zilal Soldier,21.0,aserai,Cavalry,4,30.0,10.0,60.0,30.0,10.0,100.0,90.0,20.0,False,True,False,False,False,True,35.00000000000001,,0.0,0.0,eastern_spear_3_t3,TwoHandedPolearm,two_handed_polearm,45.24,,0.0,eastern_javelin_2_t3,19.8,beni_zilal_tier_1,2.0,main_or_minor_line,25.83788572272258,0.0,81.95652173913044,24.444444444444443,0.25,0.2727272727272727,0.625,1.1700000000000002,,20.136515132818037,17.742385995179397,65.10326667115088,xml_structural,false
beni_zilal_tier_3,Beni Zilal Royal Guard,26.0,aserai,Cavalry,0,60.0,15.0,130.0,25.0,15.0,135.0,110.0,65.0,False,True,False,False,False,False,67.205,,0.0,0.0,eastern_spear_4_t4,TwoHandedPolearm,two_handed_polearm,45.24,,0.0,,0.0,beni_zilal_tier_1,3.0,main_or_minor_line,49.61243171415916,0.0,81.95652173913044,0.0,0.25,0.5909090909090909,0.84375,1.1900000000000002,,40.52995156514648,46.977848838095746,,xml_structural,false
beni_zilal_tier_3,Beni Zilal Royal Guard,26.0,aserai,Cavalry,1,60.0,15.0,130.0,25.0,15.0,135.0,110.0,65.0,False,True,False,False,False,False,68.3925,,0.0,0.0,eastern_spear_4_t4,TwoHandedPolearm,two_handed_polearm,45.24,,0.0,,0.0,beni_zilal_tier_1,3.0,main_or_minor_line,50.48907426546582,0.0,81.95652173913044,0.0,0.25,0.5909090909090909,0.84375,1.1900000000000002,,41.32747736786255,47.102072312171764,,xml_structural,false
beni_zilal_tier_3,Beni Zilal Royal Guard,26.0,aserai,Cavalry,2,60.0,15.0,130.0,25.0,15.0,135.0,110.0,65.0,False,True,False,False,False,False,64.205,,0.0,0.0,eastern_spear_4_t4,TwoHandedPolearm,two_handed_polearm,45.24,,0.0,,0.0,beni_zilal_tier_1,3.0,main_or_minor_line,47.397755795068655,0.0,81.95652173913044,0.0,0.25,0.5909090909090909,0.84375,1.1900000000000002,,38.51514953723226,46.66402111411427,,xml_structural,false
bold_contender,Bold Contender,16.0,sturgia,Infantry,0,90.0,90.0,90.0,90.0,,90.0,90.0,90.0,True,False,False,False,False,False,41.323214285714286,,0.0,0.0,northern_spear_3_t4,TwoHandedPolearm,two_handed_polearm,45.24,,0.0,,0.0,,,special_or_unlinked,30.505842525996073,0.0,81.95652173913044,0.0,0.4090909090909091,0.4090909090909091,0.5625,1.09,,30.72897908134228,23.821357894846827,,xml_structural,false
bold_contender,Bold Contender,16.0,sturgia,Infantry,1,90.0,90.0,90.0,90.0,,90.0,90.0,90.0,False,False,False,False,False,False,29.6875,,0.0,0.0,sturgia_sword_4_t4,OneHandedSword,one_handed_sword,41.8,,0.0,,0.0,,,special_or_unlinked,21.91606378266647,0.0,75.72463768115942,0.0,0.4090909090909091,0.4090909090909091,0.5625,1.09,,,20.075332091701583,,xml_structural,false
bold_contender_easy,Bold Contender,16.0,sturgia,Infantry,0,,,,,,,,,True,False,False,False,False,False,41.323214285714286,,0.0,0.0,northern_spear_3_t4,TwoHandedPolearm,two_handed_polearm,45.24,,0.0,,0.0,,,special_or_unlinked,30.505842525996073,0.0,81.95652173913044,0.0,,,,1.0,,30.72897908134228,,,xml_structural,false
bold_contender_easy,Bold Contender,16.0,sturgia,Infantry,1,,,,,,,,,False,False,False,False,False,False,29.6875,,0.0,0.0,sturgia_sword_4_t4,OneHandedSword,one_handed_sword,41.8,,0.0,,0.0,,,special_or_unlinked,21.91606378266647,0.0,75.72463768115942,0.0,,,,1.0,,,,,xml_structural,false
bold_contender_hard,Bold Contender,16.0,sturgia,Infantry,0,90.0,90.0,90.0,90.0,,90.0,90.0,90.0,True,False,False,False,False,False,41.323214285714286,,0.0,0.0,northern_spear_3_t4,TwoHandedPolearm,two_handed_polearm,45.24,,0.0,,0.0,,,special_or_unlinked,30.505842525996073,0.0,81.95652173913044,0.0,0.4090909090909091,0.4090909090909091,0.5625,1.09,,30.72897908134228,23.821357894846827,,xml_structural,false
bold_contender_hard,Bold Contender,16.0,sturgia,Infantry,1,90.0,90.0,90.0,90.0,,90.0,90.0,90.0,False,False,False,False,False,False,29.6875,,0.0,0.0,sturgia_sword_4_t4,OneHandedSword,one_handed_sword,41.8,,0.0,,0.0,,,special_or_unlinked,21.91606378266647,0.0,75.72463768115942,0.0,0.4090909090909091,0.4090909090909091,0.5625,1.09,,,20.075332091701583,,xml_structural,false
bold_contender_normal,Bold Contender,16.0,sturgia,Infantry,0,90.0,90.0,90.0,90.0,,90.0,90.0,90.0,True,False,False,False,False,False,41.323214285714286,,0.0,0.0,northern_spear_3_t4,TwoHandedPolearm,two_handed_polearm,45.24,,0.0,,0.0,,,special_or_unlinked,30.505842525996073,0.0,81.95652173913044,0.0,0.4090909090909091,0.4090909090909091,0.5625,1.09,,30.72897908134228,23.821357894846827,,xml_structural,false
bold_contender_normal,Bold Contender,16.0,sturgia,Infantry,1,90.0,90.0,90.0,90.0,,90.0,90.0,90.0,False,False,False,False,False,False,29.6875,,0.0,0.0,sturgia_sword_4_t4,OneHandedSword,one_handed_sword,41.8,,0.0,,0.0,,,special_or_unlinked,21.91606378266647,0.0,75.72463768115942,0.0,0.4090909090909091,0.4090909090909091,0.5625,1.09,,,20.075332091701583,,xml_structural,false
bold_contender_very_hard,Bold Contender,16.0,sturgia,Infantry,0,90.0,90.0,90.0,90.0,,90.0,90.0,90.0,True,False,False,False,False,False,41.323214285714286,,0.0,0.0,northern_spear_3_t4,TwoHandedPolearm,two_handed_polearm,45.24,,0.0,,0.0,,,special_or_unlinked,30.505842525996073,0.0,81.95652173913044,0.0,0.4090909090909091,0.4090909090909091,0.5625,1.09,,30.72897908134228,23.821357894846827,,xml_structural,false
bold_contender_very_hard,Bold Contender,16.0,sturgia,Infantry,1,90.0,90.0,90.0,90.0,,90.0,90.0,90.0,False,False,False,False,False,False,29.6875,,0.0,0.0,sturgia_sword_4_t4,OneHandedSword,one_handed_sword,41.8,,0.0,,0.0,,,special_or_unlinked,21.91606378266647,0.0,75.72463768115942,0.0,0.4090909090909091,0.4090909090909091,0.5625,1.09,,,20.075332091701583,,xml_structural,false
borrowed_troop,Borrowed Troop,6.0,empire,Infantry,0,30.0,30.0,30.0,,,30.0,,,False,False,False,False,False,False,3.75,,0.0,0.0,peasant_pitchfork_2_t1,TwoHandedPolearm,two_handed_polearm,45.24,,0.0,,0.0,borrowed_troop,1.0,main_or_minor_line,2.7683448988631327,0.0,81.95652173913044,0.0,,0.25,0.25,1.0,,,6.957591341207802,,xml_structural,false
borrowed_troop,Borrowed Troop,6.0,empire,Infantry,1,30.0,30.0,30.0,,,30.0,,,False,False,False,False,False,True,3.75,,0.0,0.0,peasant_pickaxe_1_t1,OneHandedAxe,axe,40.48,throwing_stone,37.400000000000006,,0.0,borrowed_troop,1.0,main_or_minor_line,2.7683448988631327,0.0,73.33333333333331,46.17283950617284,,0.25,0.25,1.0,,,4.819200688574135,23.503236105536367,xml_structural,false
borrowed_troop,Borrowed Troop,6.0,empire,Infantry,2,30.0,30.0,30.0,,,30.0,,,False,False,False,False,False,False,3.1250000000000004,,0.0,0.0,peasant_polearm_1_t1,TwoHandedPolearm,two_handed_polearm,45.24,,0.0,,0.0,borrowed_troop,1.0,main_or_minor_line,2.3069540823859445,0.0,81.95652173913044,0.0,,0.25,0.25,1.0,,,6.892210565378324,,xml_structural,false
brotherhood_of_woods_tier_1,Sprout,16.0,vlandia,Ranged,0,40.0,15.0,15.0,80.0,20.0,5.0,20.0,40.0,False,False,True,False,True,False,8.125000000000002,highland_ranger_bow,107.05,40.0,falchion_sword_t2,OneHandedSword,one_handed_sword,41.8,,0.0,,0.0,brotherhood_of_woods_tier_1,1.0,main_or_minor_line,5.998080614203456,69.40032414910858,75.72463768115942,0.0,0.36363636363636365,0.25,0.25,1.02,8.248728093853849,,5.869865207925947,,xml_structural,false
brotherhood_of_woods_tier_1,Sprout,16.0,vlandia,Ranged,1,40.0,15.0,15.0,80.0,20.0,5.0,20.0,40.0,False,False,True,False,True,False,3.8125000000000004,highland_ranger_bow,107.05,40.0,falchion_sword_t2,OneHandedSword,one_handed_sword,41.8,,0.0,,0.0,brotherhood_of_woods_tier_1,1.0,main_or_minor_line,2.814483980510852,69.40032414910858,75.72463768115942,0.0,0.36363636363636365,0.25,0.25,1.02,7.836513873699524,,5.418737854702557,,xml_structural,false
brotherhood_of_woods_tier_1,Sprout,16.0,vlandia,Ranged,2,40.0,15.0,15.0,80.0,20.0,5.0,20.0,40.0,False,False,True,False,True,False,12.937499999999996,highland_ranger_bow,107.05,40.0,falchion_sword_t2,OneHandedSword,one_handed_sword,41.8,,0.0,,0.0,brotherhood_of_woods_tier_1,1.0,main_or_minor_line,9.550789901077804,69.40032414910858,75.72463768115942,0.0,0.36363636363636365,0.25,0.25,1.02,8.70873526706954,,6.373297181812916,,xml_structural,false
brotherhood_of_woods_tier_2,Sapling,21.0,vlandia,Ranged,0,110.0,45.0,45.0,110.0,15.0,60.0,60.0,100.0,False,False,True,False,True,False,15.875000000000002,lowland_longbow,117.5,40.0,star_falchion_sword_t3,OneHandedSword,one_handed_sword,41.8,,0.0,,0.0,brotherhood_of_woods_tier_1,2.0,main_or_minor_line,11.719326738520598,76.17504051863857,75.72463768115942,0.0,0.5,0.5,0.375,1.06,23.766651724019464,,25.45889129881797,,xml_structural,false
brotherhood_of_woods_tier_2,Sapling,21.0,vlandia,Ranged,1,110.0,45.0,45.0,110.0,15.0,60.0,60.0,100.0,False,False,True,False,True,False,21.187500000000004,lowland_longbow,117.5,40.0,star_falchion_sword_t3,OneHandedSword,one_handed_sword,41.8,,0.0,,0.0,brotherhood_of_woods_tier_1,2.0,main_or_minor_line,15.641148678576704,76.17504051863857,75.72463768115942,0.0,0.5,0.5,0.375,1.06,24.274451850296533,,26.014627893368527,,xml_structural,false
brotherhood_of_woods_tier_3,Arboreal,26.0,vlandia,Ranged,0,90.0,45.0,45.0,140.0,15.0,60.0,60.0,110.0,False,False,True,False,True,False,27.0625,lowland_yew_bow,133.5,40.0,vlandia_sword_3_t4,OneHandedSword,one_handed_sword,41.8,,0.0,,0.0,brotherhood_of_woods_tier_1,3.0,main_or_minor_line,19.978222353462275,86.54781199351702,75.72463768115942,0.0,0.6363636363636364,0.4090909090909091,0.375,1.06,43.02284283103847,,19.80073283321778,,xml_structural,false
brotherhood_of_woods_tier_3,Arboreal,26.0,vlandia,Ranged,1,90.0,45.0,45.0,140.0,15.0,60.0,60.0,110.0,False,False,True,False,True,False,33.625,lowland_yew_bow,133.5,40.0,vlandia_sword_3_t4,OneHandedSword,one_handed_sword,41.8,,0.0,,0.0,brotherhood_of_woods_tier_1,3.0,main_or_minor_line,24.82282592647276,86.54781199351702,75.72463768115942,0.0,0.6363636363636364,0.4090909090909091,0.375,1.06,43.65012533996896,,20.487230979427284,,xml_structural,false
brotherhood_of_woods_tier_3,Arboreal,26.0,vlandia,Ranged,2,90.0,45.0,45.0,140.0,15.0,60.0,60.0,110.0,False,False,True,False,True,False,30.9375,lowland_yew_bow,133.5,40.0,vlandia_sword_3_t4,OneHandedSword,one_handed_sword,41.8,,0.0,,0.0,brotherhood_of_woods_tier_1,3.0,main_or_minor_line,22.838845415620845,86.54781199351702,75.72463768115942,0.0,0.6363636363636364,0.4090909090909091,0.375,1.06,43.393238217264084,,20.206093643360532,,xml_structural,false
bucellarii,Imperial Bucellarii,26.0,empire,HorseArcher,0,130.0,40.0,60.0,140.0,60.0,40.0,120.0,100.0,False,True,True,False,True,False,59.9625,steppe_war_bow,122.4,48.0,empire_sword_5_t4,OneHandedSword,one_handed_sword,41.8,,0.0,,0.0,imperial_archer,4.0,main_or_minor_line,44.26583493282149,79.3517017828201,75.72463768115942,0.0,0.6363636363636364,0.5909090909090909,0.25,1.2000000000000002,58.76352603967878,34.72097396280888,42.56747271084806,,xml_structural,false
bucellarii,Imperial Bucellarii,26.0,empire,HorseArcher,1,130.0,40.0,60.0,140.0,60.0,40.0,120.0,100.0,False,True,True,False,True,False,58.275,steppe_war_bow,122.4,48.0,empire_sword_5_t4,OneHandedSword,one_handed_sword,41.8,,0.0,,0.0,imperial_archer,4.0,main_or_minor_line,43.02007972833309,79.3517017828201,75.72463768115942,0.0,0.6363636363636364,0.5909090909090909,0.25,1.2000000000000002,58.60222482309665,33.58764782210712,42.39094461610847,,xml_structural,false
bucellarii,Imperial Bucellarii,26.0,empire,HorseArcher,2,130.0,40.0,60.0,140.0,60.0,40.0,120.0,100.0,False,True,True,False,True,False,68.9,steppe_war_bow,122.4,48.0,empire_sword_5_t4,OneHandedSword,one_handed_sword,41.8,,0.0,,0.0,imperial_archer,4.0,main_or_minor_line,50.8637236084453,79.3517017828201,75.72463768115942,0.0,0.6363636363636364,0.5909090909090909,0.25,1.2000000000000002,59.61782507565077,40.723405004303366,43.50241780520957,,xml_structural,false
champion_fighter,Champion Fighter,21.0,empire,Infantry,0,,,,300.0,,,,,False,False,False,False,False,False,16.1875,,0.0,0.0,short_sword_t3,OneHandedSword,one_handed_sword,41.8,,0.0,,0.0,,,special_or_unlinked,11.95002214675919,0.0,75.72463768115942,0.0,1.15,,,1.0,,,,,xml_structural,false
company_of_the_boar_tier_1,Boar Novice,16.0,vlandia,Ranged,0,50.0,5.0,15.0,20.0,70.0,5.0,20.0,40.0,True,False,False,True,True,False,27.42142857142857,crossbow_b,132.75,20.0,vlandia_sword_1_t2,OneHandedSword,one_handed_sword,41.8,,0.0,,0.0,company_of_the_boar_tier_1,1.0,main_or_minor_line,20.243192508067747,86.06158833063209,75.72463768115942,0.0,0.3181818181818182,0.25,0.25,1.02,16.18908657730236,20.447620691803625,7.888449961106873,,xml_structural,false
company_of_the_boar_tier_1,Boar Novice,16.0,vlandia,Ranged,1,50.0,5.0,15.0,20.0,70.0,5.0,20.0,40.0,True,False,False,True,True,False,26.858928571428578,crossbow_b,132.75,20.0,vlandia_sword_1_t2,OneHandedSword,one_handed_sword,41.8,,0.0,,0.0,company_of_the_boar_tier_1,1.0,main_or_minor_line,19.827940773238282,86.06158833063209,75.72463768115942,0.0,0.3181818181818182,0.25,0.25,1.02,16.135319505108317,20.069845311569708,7.829607262860343,,xml_structural,false
company_of_the_boar_tier_2,Boar Veteran,21.0,vlandia,Ranged,0,90.0,30.0,40.0,10.0,100.0,30.0,40.0,70.0,True,False,False,True,True,False,35.93928571428572,crossbow_b,132.75,20.0,vlandia_sword_1_t2,OneHandedSword,one_handed_sword,41.8,,0.0,,0.0,company_of_the_boar_tier_1,2.0,main_or_minor_line,26.531290206914008,86.06158833063209,75.72463768115942,0.0,0.45454545454545453,0.4090909090909091,0.25,1.04,29.882916266763374,26.16821930677439,20.729326652213004,,xml_structural,false
company_of_the_boar_tier_2,Boar Veteran,21.0,vlandia,Ranged,1,90.0,30.0,40.0,10.0,100.0,30.0,40.0,70.0,True,False,False,True,True,False,37.823214285714286,crossbow_b,132.75,20.0,vlandia_sword_1_t2,OneHandedSword,one_handed_sword,41.8,,0.0,,0.0,company_of_the_boar_tier_1,2.0,main_or_minor_line,27.922053953723818,86.06158833063209,75.72463768115942,0.0,0.45454545454545453,0.4090909090909091,0.25,1.04,30.0629932863339,27.43346700882767,20.926402990784712,,xml_structural,false
company_of_the_boar_tier_3,Boar Champion,26.0,vlandia,Ranged,0,100.0,60.0,45.0,45.0,130.0,100.0,15.0,100.0,True,False,False,True,True,False,58.52857142857143,crossbow_d,145.55,20.0,vlandia_mace_2_t4,Mace,mace,38.7,,0.0,,0.0,company_of_the_boar_tier_1,3.0,main_or_minor_line,43.20727257387526,94.35980551053485,70.10869565217392,0.0,0.5909090909090909,0.45454545454545453,0.625,1.015,48.111211299664504,40.487681394029806,23.97452209735475,,xml_structural,false
company_of_the_boar_tier_3,Boar Champion,26.0,vlandia,Ranged,1,100.0,60.0,45.0,45.0,130.0,100.0,15.0,100.0,True,False,False,True,True,False,62.09107142857143,crossbow_d,145.55,20.0,vlandia_mace_2_t4,Mace,mace,38.7,,0.0,,0.0,company_of_the_boar_tier_1,3.0,main_or_minor_line,45.837200227795236,94.35980551053485,70.10869565217392,0.0,0.5909090909090909,0.45454545454545453,0.625,1.015,48.451736090226774,42.88025880217795,24.347192519582762,,xml_structural,false
confident_contender,Confident Contender,16.0,aserai,Infantry,0,90.0,90.0,90.0,90.0,,90.0,90.0,90.0,True,False,False,False,False,False,57.010714285714286,,0.0,0.0,wide_leaf_spear_t4,TwoHandedPolearm,two_handed_polearm,45.24,,0.0,,0.0,,,special_or_unlinked,42.08675201957352,0.0,81.95652173913044,0.0,0.4090909090909091,0.4090909090909091,0.5625,1.09,,41.26471468564378,25.46241536816669,,xml_structural,false
confident_contender,Confident Contender,16.0,aserai,Infantry,1,90.0,90.0,90.0,90.0,,90.0,90.0,90.0,False,False,False,False,False,False,42.4375,,0.0,0.0,woodland_axe_t3,OneHandedAxe,axe,40.48,,0.0,,0.0,,,special_or_unlinked,31.32843643880112,0.0,73.33333333333331,0.0,0.4090909090909091,0.4090909090909091,0.5625,1.09,,,20.438737773730306,,xml_structural,false
confident_contender_easy,Confident Contender,16.0,aserai,Infantry,0,,,,,,,,,True,False,False,False,False,False,57.010714285714286,,0.0,0.0,wide_leaf_spear_t4,TwoHandedPolearm,two_handed_polearm,45.24,,0.0,,0.0,,,special_or_unlinked,42.08675201957352,0.0,81.95652173913044,0.0,,,,1.0,,41.26471468564378,,,xml_structural,false
confident_contender_easy,Confident Contender,16.0,aserai,Infantry,1,,,,,,,,,False,False,False,False,False,False,42.4375,,0.0,0.0,woodland_axe_t3,OneHandedAxe,axe,40.48,,0.0,,0.0,,,special_or_unlinked,31.32843643880112,0.0,73.33333333333331,0.0,,,,1.0,,,,,xml_structural,false
confident_contender_hard,Confident Contender,16.0,aserai,Infantry,0,,,,,,,,,True,False,False,False,False,False,57.010714285714286,,0.0,0.0,wide_leaf_spear_t4,TwoHandedPolearm,two_handed_polearm,45.24,,0.0,,0.0,,,special_or_unlinked,42.08675201957352,0.0,81.95652173913044,0.0,,,,1.0,,41.26471468564378,,,xml_structural,false
confident_contender_hard,Confident Contender,16.0,aserai,Infantry,1,,,,,,,,,False,False,False,False,False,False,42.4375,,0.0,0.0,woodland_axe_t3,OneHandedAxe,axe,40.48,,0.0,,0.0,,,special_or_unlinked,31.32843643880112,0.0,73.33333333333331,0.0,,,,1.0,,,,,xml_structural,false
confident_contender_normal,Confident Contender,16.0,aserai,Infantry,0,,,,,,,,,True,False,False,False,False,False,57.010714285714286,,0.0,0.0,wide_leaf_spear_t4,TwoHandedPolearm,two_handed_polearm,45.24,,0.0,,0.0,,,special_or_unlinked,42.08675201957352,0.0,81.95652173913044,0.0,,,,1.0,,41.26471468564378,,,xml_structural,false
confident_contender_normal,Confident Contender,16.0,aserai,Infantry,1,,,,,,,,,False,False,False,False,False,False,42.4375,,0.0,0.0,woodland_axe_t3,OneHandedAxe,axe,40.48,,0.0,,0.0,,,special_or_unlinked,31.32843643880112,0.0,73.33333333333331,0.0,,,,1.0,,,,,xml_structural,false
confident_contender_very_hard,Confident Contender,16.0,aserai,Infantry,0,,,,,,,,,True,False,False,False,False,False,57.010714285714286,,0.0,0.0,wide_leaf_spear_t4,TwoHandedPolearm,two_handed_polearm,45.24,,0.0,,0.0,,,special_or_unlinked,42.08675201957352,0.0,81.95652173913044,0.0,,,,1.0,,41.26471468564378,,,xml_structural,false
confident_contender_very_hard,Confident Contender,16.0,aserai,Infantry,1,,,,,,,,,False,False,False,False,False,False,42.4375,,0.0,0.0,woodland_axe_t3,OneHandedAxe,axe,40.48,,0.0,,0.0,,,special_or_unlinked,31.32843643880112,0.0,73.33333333333331,0.0,,,,1.0,,,,,xml_structural,false
conspiracy_battlerider,Conspiracy Battle Rider,26.0,sturgia,Cavalry,0,120.0,40.0,160.0,60.0,30.0,80.0,120.0,70.0,True,True,False,False,False,True,114.45964285714285,,0.0,0.0,sturgia_lance_1_t4,TwoHandedPolearm,two_handed_polearm,45.24,,0.0,northern_javelin_3_t4,19.8,,,special_or_unlinked,84.49700491447132,0.0,81.95652173913044,24.444444444444443,0.2727272727272727,0.7272727272727273,0.5,1.2000000000000002,,88.66416958263657,63.00677355912823,78.52205235749564,xml_structural,false
conspiracy_berserker,Conspiracy Berserker,16.0,sturgia,Infantry,0,40.0,90.0,40.0,30.0,10.0,60.0,20.0,70.0,False,False,False,False,False,False,36.06250000000001,,0.0,0.0,northern_axe_t3,TwoHandedAxe,axe,40.48,,0.0,,0.0,,,special_or_unlinked,26.622250110733802,0.0,73.33333333333331,0.0,0.25,0.4090909090909091,0.375,1.02,,,19.771853860269648,,xml_structural,false
conspiracy_berserker,Conspiracy Berserker,16.0,sturgia,Infantry,1,40.0,90.0,40.0,30.0,10.0,60.0,20.0,70.0,False,False,False,False,False,False,31.062500000000007,,0.0,0.0,northern_axe_t3,TwoHandedAxe,axe,40.48,,0.0,,0.0,,,special_or_unlinked,22.931123578916292,0.0,73.33333333333331,0.0,0.25,0.4090909090909091,0.375,1.02,,,19.248807653633836,,xml_structural,false
conspiracy_fighter,Conspiracy Fighter,16.0,empire,Infantry,0,90.0,30.0,40.0,30.0,10.0,60.0,20.0,80.0,True,False,False,False,False,False,58.716071428571425,,0.0,0.0,empire_sword_2_t3,OneHandedSword,one_handed_sword,41.8,,0.0,,0.0,,,special_or_unlinked,43.34568981881841,0.0,75.72463768115942,0.0,0.25,0.4090909090909091,0.375,1.02,,41.46512398894463,23.111988925655787,,xml_structural,false
conspiracy_fighter,Conspiracy Fighter,16.0,empire,Infantry,1,90.0,30.0,40.0,30.0,10.0,60.0,20.0,80.0,True,False,False,False,False,False,59.7125,,0.0,0.0,vlandia_sword_2_t3,OneHandedSword,one_handed_sword,41.8,,0.0,,0.0,,,special_or_unlinked,44.08127860623062,0.0,75.72463768115942,0.0,0.25,0.4090909090909091,0.375,1.02,,42.1343260910733,23.216224562549634,,xml_structural,false
conspiracy_fighter,Conspiracy Fighter,16.0,empire,Infantry,2,90.0,30.0,40.0,30.0,10.0,60.0,20.0,80.0,True,False,False,False,False,False,56.27857142857143,,0.0,0.0,empire_sword_3_t3,OneHandedSword,one_handed_sword,41.8,,0.0,,0.0,,,special_or_unlinked,41.54626563455738,0.0,75.72463768115942,0.0,0.25,0.4090909090909091,0.375,1.02,,39.828097341264325,22.85700389992083,,xml_structural,false
conspiracy_guardian,Conspiracy Guardian,26.0,aserai,Infantry,0,70.0,60.0,150.0,50.0,60.0,80.0,50.0,100.0,True,False,False,False,False,False,68.82321428571429,,0.0,0.0,wide_leaf_spear_t4,TwoHandedPolearm,two_handed_polearm,45.24,,0.0,,0.0,,,special_or_unlinked,50.80703845099238,0.0,81.95652173913044,0.0,0.2727272727272727,0.6818181818181818,0.5,1.05,,49.19799767055608,48.86941679646528,,xml_structural,false
conspiracy_guardsman,Conspiracy Guardsman,16.0,aserai,Infantry,0,70.0,40.0,80.0,10.0,30.0,30.0,40.0,60.0,True,False,False,False,False,False,22.823214285714286,,0.0,0.0,eastern_spear_2_t3,TwoHandedPolearm,two_handed_polearm,45.24,,0.0,,0.0,,,special_or_unlinked,16.848674358271285,0.0,81.95652173913044,0.0,0.25,0.36363636363636365,0.25,1.04,,18.304366575871185,18.19086946944073,,xml_structural,false
conspiracy_hellion,Conspiracy Hellion,26.0,sturgia,Infantry,0,130.0,150.0,80.0,60.0,40.0,80.0,30.0,110.0,False,False,False,False,False,False,55.125,,0.0,0.0,sturgia_2haxe_1_t4,TwoHandedAxe,axe,40.48,,0.0,,0.0,,,special_or_unlinked,40.694670013288054,0.0,73.33333333333331,0.0,0.2727272727272727,0.6818181818181818,0.5,1.03,,,41.604482485317085,,xml_structural,false
conspiracy_horse_archer,Conspiracy Horse Archer,16.0,khuzait,HorseArcher,0,70.0,30.0,40.0,60.0,10.0,30.0,80.0,40.0,False,True,True,False,True,False,52.405,steppe_heavy_bow,117.7,48.0,khuzait_sword_3_t3,OneHandedSword,one_handed_sword,41.8,,0.0,,0.0,,,special_or_unlinked,38.686697179979326,76.30470016207455,75.72463768115942,0.0,0.2727272727272727,0.3181818181818182,0.25,1.1600000000000001,21.2226162982149,29.64535185415494,21.291465310674546,,xml_structural,false
conspiracy_horse_archer,Conspiracy Horse Archer,16.0,khuzait,HorseArcher,1,70.0,30.0,40.0,60.0,10.0,30.0,80.0,40.0,False,True,True,False,True,False,50.28,steppe_heavy_bow,117.7,48.0,aserai_mace_3_t3,Mace,mace,38.7,,0.0,,0.0,,,special_or_unlinked,37.11796840395689,76.30470016207455,70.10869565217392,0.0,0.2727272727272727,0.3181818181818182,0.25,1.1600000000000001,21.019496247704073,27.366682949545492,19.296707832436052,,xml_structural,false
conspiracy_horse_archer,Conspiracy Horse Archer,16.0,khuzait,HorseArcher,2,70.0,30.0,40.0,60.0,10.0,30.0,80.0,40.0,False,True,True,False,True,False,37.9675,steppe_heavy_bow,117.7,48.0,woodland_axe_t3,OneHandedAxe,axe,40.48,,0.0,,0.0,,,special_or_unlinked,28.028569319356265,76.30470016207455,73.33333333333331,0.0,0.2727272727272727,0.3181818181818182,0.25,1.1600000000000001,19.84259477856781,19.58653546320974,19.026443276319394,,xml_structural,false
conspiracy_hunt_leader,Conspiracy Hunt Leader,26.0,empire,Ranged,0,120.0,50.0,60.0,160.0,50.0,50.0,80.0,140.0,False,False,True,False,True,False,20.625,steppe_war_bow,116.4,24.0,vlandia_axe_2_t4,OneHandedAxe,axe,40.48,,0.0,,0.0,,,special_or_unlinked,15.22589694374723,75.46191247974068,73.33333333333331,0.0,0.7272727272727273,0.5454545454545454,0.3125,1.08,43.307846960709206,,28.076206178405776,,xml_structural,false
conspiracy_hunt_leader,Conspiracy Hunt Leader,26.0,empire,Ranged,1,120.0,50.0,60.0,160.0,50.0,50.0,80.0,140.0,False,False,True,False,True,False,20.625,steppe_war_bow,116.4,24.0,vlandia_axe_2_t4,OneHandedAxe,axe,40.48,,0.0,,0.0,,,special_or_unlinked,15.22589694374723,75.46191247974068,73.33333333333331,0.0,0.7272727272727273,0.5454545454545454,0.3125,1.08,43.307846960709206,,28.076206178405776,,xml_structural,false
conspiracy_hunt_leader,Conspiracy Hunt Leader,26.0,empire,Ranged,2,120.0,50.0,60.0,160.0,50.0,50.0,80.0,140.0,False,False,True,False,True,False,27.125,steppe_war_bow,116.4,24.0,vlandia_axe_2_t4,OneHandedAxe,axe,40.48,,0.0,,0.0,,,special_or_unlinked,20.024361435109995,75.46191247974068,73.33333333333331,0.0,0.7272727272727273,0.5454545454545454,0.3125,1.08,43.92915535050703,,28.756166247032333,,xml_structural,false
conspiracy_kern,Conspiracy Kern,16.0,battania,Infantry,0,60.0,40.0,40.0,30.0,20.0,80.0,40.0,50.0,True,False,False,False,False,True,58.510714285714286,,0.0,0.0,light_mace_t3,Mace,mace,38.7,,0.0,northern_javelin_1_t2,19.8,,,special_or_unlinked,43.194089979118765,0.0,70.10869565217392,24.444444444444443,0.25,0.2727272727272727,0.5,1.04,,41.711151862146835,11.328541278102989,37.33856530157505,xml_structural,false
conspiracy_kern,Conspiracy Kern,16.0,battania,Infantry,1,60.0,40.0,40.0,30.0,20.0,80.0,40.0,50.0,True,False,False,False,False,True,55.32321428571429,,0.0,0.0,light_mace_t3,Mace,mace,38.7,,0.0,northern_javelin_1_t2,19.8,,,special_or_unlinked,40.84099681508511,0.0,70.10869565217392,24.444444444444443,0.25,0.2727272727272727,0.5,1.04,,39.57042470748797,10.995099321372656,36.52471803388689,xml_structural,false
conspiracy_kern,Conspiracy Kern,16.0,battania,Infantry,2,60.0,40.0,40.0,30.0,20.0,80.0,40.0,50.0,True,False,False,False,False,True,55.32321428571429,,0.0,0.0,battania_sword_2_t3,OneHandedSword,one_handed_sword,41.8,,0.0,northern_javelin_1_t2,19.8,,,special_or_unlinked,40.84099681508511,0.0,75.72463768115942,24.444444444444443,0.25,0.2727272727272727,0.5,1.04,,40.42194217565817,12.51435318458832,39.43823574685555,xml_structural,false
conspiracy_knight,Conspiracy Knight,26.0,vlandia,Infantry,0,120.0,140.0,90.0,60.0,60.0,80.0,40.0,90.0,False,False,False,False,False,False,68.6875,,0.0,0.0,western_2hsword_t4,TwoHandedSword,two_handed_sword,55.2,,0.0,,0.0,,,special_or_unlinked,50.70685073084305,0.0,100.0,0.0,0.2727272727272727,0.6363636363636364,0.5,1.04,,,56.549505522349754,,xml_structural,false
conspiracy_knight,Conspiracy Knight,26.0,vlandia,Infantry,1,120.0,140.0,90.0,60.0,60.0,80.0,40.0,90.0,False,False,False,False,False,False,63.9375,,0.0,0.0,western_2hsword_t4,TwoHandedSword,two_handed_sword,55.2,,0.0,,0.0,,,special_or_unlinked,47.200280525616414,0.0,100.0,0.0,0.2727272727272727,0.6363636363636364,0.5,1.04,,,56.052611626045746,,xml_structural,false
conspiracy_knight,Conspiracy Knight,26.0,vlandia,Infantry,2,120.0,140.0,90.0,60.0,60.0,80.0,40.0,90.0,False,False,False,False,False,False,68.3125,,0.0,0.0,western_2hsword_t4,TwoHandedSword,two_handed_sword,55.2,,0.0,,0.0,,,special_or_unlinked,50.43001624095674,0.0,100.0,0.0,0.2727272727272727,0.6363636363636364,0.5,1.04,,,56.51027705685208,,xml_structural,false
conspiracy_knight_trainee,Conspiracy Knight Trainee,16.0,vlandia,Infantry,0,70.0,80.0,40.0,30.0,10.0,30.0,40.0,60.0,False,False,False,False,False,False,36.00000000000001,,0.0,0.0,western_2hsword_t3,TwoHandedSword,two_handed_sword,55.2,,0.0,,0.0,,,special_or_unlinked,26.576111029086082,0.0,100.0,0.0,0.25,0.36363636363636365,0.25,1.04,,,26.077570543402114,,xml_structural,false
conspiracy_knight_trainee,Conspiracy Knight Trainee,16.0,vlandia,Infantry,1,70.0,80.0,40.0,30.0,10.0,30.0,40.0,60.0,False,False,False,False,False,False,23.9375,,0.0,0.0,western_2hsword_t3,TwoHandedSword,two_handed_sword,55.2,,0.0,,0.0,,,special_or_unlinked,17.671268271076332,0.0,100.0,0.0,0.25,0.36363636363636365,0.25,1.04,,,24.81572156989322,,xml_structural,false
conspiracy_knight_trainee,Conspiracy Knight Trainee,16.0,vlandia,Infantry,2,70.0,80.0,40.0,30.0,10.0,30.0,40.0,60.0,False,False,False,False,False,False,25.250000000000004,,0.0,0.0,western_2hsword_t3,TwoHandedSword,two_handed_sword,55.2,,0.0,,0.0,,,special_or_unlinked,18.64018898567843,0.0,100.0,0.0,0.25,0.36363636363636365,0.25,1.04,,,24.95302119913512,,xml_structural,false
conspiracy_longbowman,Conspiracy Longbowman,26.0,battania,Ranged,0,100.0,60.0,100.0,150.0,30.0,70.0,100.0,80.0,False,False,True,False,True,False,60.68750000000001,woodland_longbow,136.1,64.0,battania_sword_2_t3,OneHandedSword,one_handed_sword,41.8,,0.0,,0.0,,,special_or_unlinked,44.80104827993504,88.23338735818477,75.72463768115942,0.0,0.6818181818181818,0.45454545454545453,0.4375,1.1,54.10907647673766,,26.73245574931753,,xml_structural,false
conspiracy_longbowman,Conspiracy Longbowman,26.0,battania,Ranged,1,100.0,60.0,100.0,150.0,30.0,70.0,100.0,80.0,False,False,True,False,True,False,56.75000000000001,woodland_longbow,136.1,64.0,battania_sword_2_t3,OneHandedSword,one_handed_sword,41.8,,0.0,,0.0,,,special_or_unlinked,41.89428613612875,88.23338735818477,75.72463768115942,0.0,0.6818181818181818,0.45454545454545453,0.4375,1.1,53.73270697137938,,26.32055686159183,,xml_structural,false
conspiracy_longbowman,Conspiracy Longbowman,26.0,battania,Ranged,2,100.0,60.0,100.0,150.0,30.0,70.0,100.0,80.0,False,False,True,False,True,False,58.625,woodland_longbow,136.1,64.0,battania_sword_2_t3,OneHandedSword,one_handed_sword,41.8,,0.0,,0.0,,,special_or_unlinked,43.27845858556031,88.23338735818477,75.72463768115942,0.0,0.6818181818181818,0.45454545454545453,0.4375,1.1,53.91193054535952,,26.516699189080256,,xml_structural,false
conspiracy_mounted_fighter,Conspiracy Mounted Fighter,26.0,empire,Cavalry,0,100.0,80.0,160.0,60.0,30.0,60.0,120.0,70.0,True,True,False,False,False,False,65.0,,0.0,0.0,western_spear_4_t4,TwoHandedPolearm,two_handed_polearm,45.24,,0.0,,0.0,,,special_or_unlinked,47.98464491362763,0.0,81.95652173913044,0.0,0.2727272727272727,0.7272727272727273,0.375,1.2000000000000002,,54.21157666914408,57.83283784353011,,xml_structural,false
conspiracy_mounted_fighter,Conspiracy Mounted Fighter,26.0,empire,Cavalry,1,100.0,80.0,160.0,60.0,30.0,60.0,120.0,70.0,True,True,False,False,False,False,63.00000000000001,,0.0,0.0,western_spear_4_t4,TwoHandedPolearm,two_handed_polearm,45.24,,0.0,,0.0,,,special_or_unlinked,46.50819430090064,0.0,81.95652173913044,0.0,0.2727272727272727,0.7272727272727273,0.375,1.2000000000000002,,52.86837531720128,57.623619360875786,,xml_structural,false
conspiracy_mounted_fighter,Conspiracy Mounted Fighter,26.0,empire,Cavalry,2,100.0,80.0,160.0,60.0,30.0,60.0,120.0,70.0,True,True,False,False,False,False,57.125,,0.0,0.0,western_spear_4_t4,TwoHandedPolearm,two_handed_polearm,45.24,,0.0,,0.0,,,special_or_unlinked,42.17112062601506,0.0,81.95652173913044,0.0,0.2727272727272727,0.7272727272727273,0.375,1.2000000000000002,,48.92272134586921,57.00904006807871,,xml_structural,false
conspiracy_mounted_huntsman,Conspiracy Mounted Hunstman,16.0,empire,HorseArcher,0,70.0,30.0,40.0,60.0,10.0,30.0,80.0,40.0,False,True,True,False,True,False,42.082499999999996,hunting_bow,100.60000000000001,40.0,empire_sword_1_t2,OneHandedSword,one_handed_sword,41.8,,0.0,,0.0,,,special_or_unlinked,31.066366455042076,65.21880064829821,75.72463768115942,0.0,0.2727272727272727,0.3181818181818182,0.25,1.1600000000000001,16.693861661068393,22.712753876440054,20.21163641707491,,xml_structural,false
conspiracy_mounted_huntsman,Conspiracy Mounted Hunstman,16.0,empire,HorseArcher,1,70.0,30.0,40.0,60.0,10.0,30.0,80.0,40.0,False,True,True,False,True,False,44.519999999999996,hunting_bow,100.60000000000001,40.0,empire_sword_1_t2,OneHandedSword,one_handed_sword,41.8,,0.0,,0.0,,,special_or_unlinked,32.865790639303114,65.21880064829821,75.72463768115942,0.0,0.2727272727272727,0.3181818181818182,0.25,1.1600000000000001,16.926852307242577,24.34978052412037,20.466621442809874,,xml_structural,false
conspiracy_mounted_huntsman,Conspiracy Mounted Hunstman,16.0,empire,HorseArcher,2,70.0,30.0,40.0,60.0,10.0,30.0,80.0,40.0,False,True,True,False,True,False,43.082499999999996,hunting_bow,100.60000000000001,40.0,empire_sword_1_t2,OneHandedSword,one_handed_sword,41.8,,0.0,,0.0,,,special_or_unlinked,31.80459176140558,65.21880064829821,75.72463768115942,0.0,0.2727272727272727,0.3181818181818182,0.25,1.1600000000000001,16.78944756719114,23.384354552411462,20.316245658402078,,xml_structural,false
conspiracy_mounted_master_archer,Conspiracy Mounted Master Archer,26.0,khuzait,HorseArcher,0,140.0,40.0,80.0,120.0,20.0,80.0,130.0,80.0,False,True,True,False,True,False,61.305,composite_steppe_bow,119.05,48.0,khuzait_sword_4_t4,OneHandedSword,one_handed_sword,41.8,,0.0,,0.0,,,special_or_unlinked,45.25690240661449,77.17990275526742,75.72463768115942,0.0,0.5454545454545454,0.6363636363636364,0.5,1.21,49.13866029557322,35.62259787030049,46.12214779380367,,xml_structural,false
conspiracy_mounted_master_archer,Conspiracy Mounted Master Archer,26.0,khuzait,HorseArcher,1,140.0,40.0,80.0,120.0,20.0,80.0,130.0,80.0,False,True,True,False,True,False,69.4925,composite_steppe_bow,119.05,48.0,khuzait_sword_4_t4,OneHandedSword,one_handed_sword,41.8,,0.0,,0.0,,,special_or_unlinked,51.301122102465676,77.17990275526742,75.72463768115942,0.0,0.5454545454545454,0.6363636363636364,0.5,1.21,49.921269901953174,41.12132840481643,46.97863595716982,,xml_structural,false
conspiracy_mounted_master_archer,Conspiracy Mounted Master Archer,26.0,khuzait,HorseArcher,2,140.0,40.0,80.0,120.0,20.0,80.0,130.0,80.0,False,True,True,False,True,False,73.805,composite_steppe_bow,119.05,48.0,khuzait_sword_4_t4,OneHandedSword,one_handed_sword,41.8,,0.0,,0.0,,,special_or_unlinked,54.48471873615828,77.17990275526742,75.72463768115942,0.0,0.5454545454545454,0.6363636363636364,0.5,1.21,50.3334841221075,44.01760631994314,47.42976331039321,,xml_structural,false
conspiracy_noble_horseman,Conspiracy Noble Horseman,16.0,empire,Cavalry,0,70.0,40.0,80.0,10.0,30.0,30.0,50.0,50.0,True,True,False,False,False,False,50.64857142857143,,0.0,0.0,western_spear_3_t3,TwoHandedPolearm,two_handed_polearm,45.24,,0.0,,0.0,,,special_or_unlinked,37.390057159730866,0.0,81.95652173913044,0.0,0.25,0.36363636363636365,0.25,1.1300000000000001,,44.573147539417235,26.769806101883336,,xml_structural,false
conspiracy_noble_horseman,Conspiracy Noble Horseman,16.0,empire,Cavalry,1,70.0,40.0,80.0,10.0,30.0,30.0,50.0,50.0,True,True,False,False,False,False,48.21107142857143,,0.0,0.0,western_spear_3_t3,TwoHandedPolearm,two_handed_polearm,45.24,,0.0,,0.0,,,special_or_unlinked,35.59063297546983,0.0,81.95652173913044,0.0,0.25,0.36363636363636365,0.25,1.1300000000000001,,42.93612089173692,26.514821076148376,,xml_structural,false
conspiracy_noble_horseman,Conspiracy Noble Horseman,16.0,empire,Cavalry,2,70.0,40.0,80.0,10.0,30.0,30.0,50.0,50.0,True,True,False,False,False,False,42.71107142857143,,0.0,0.0,western_spear_3_t3,TwoHandedPolearm,two_handed_polearm,45.24,,0.0,,0.0,,,special_or_unlinked,31.530393790470566,0.0,81.95652173913044,0.0,0.25,0.36363636363636365,0.25,1.1300000000000001,,39.242317173894165,25.939470248848984,,xml_structural,false
conspiracy_packmaster,Conspiracy Packmaster,16.0,empire,HorseArcher,0,140.0,60.0,80.0,120.0,20.0,60.0,130.0,80.0,False,True,True,False,True,False,54.4625,steppe_war_bow,118.4,40.0,empire_sword_3_t3,OneHandedSword,one_handed_sword,41.8,,0.0,,0.0,,,special_or_unlinked,40.20559574782223,76.75850891410049,75.72463768115942,0.0,0.5454545454545454,0.6363636363636364,0.375,1.21,48.20372672306554,31.027170244966115,45.40635906002257,,xml_structural,false
conspiracy_packmaster,Conspiracy Packmaster,16.0,empire,HorseArcher,1,140.0,60.0,80.0,120.0,20.0,60.0,130.0,80.0,False,True,True,False,True,False,53.9625,steppe_war_bow,118.4,40.0,empire_sword_3_t3,OneHandedSword,one_handed_sword,41.8,,0.0,,0.0,,,special_or_unlinked,39.836483094640485,76.75850891410049,75.72463768115942,0.0,0.5454545454545454,0.6363636363636364,0.375,1.21,48.15593377000418,30.69136990698042,45.354054439359,,xml_structural,false
conspiracy_packmaster,Conspiracy Packmaster,16.0,empire,HorseArcher,2,140.0,60.0,80.0,120.0,20.0,60.0,130.0,80.0,False,True,True,False,True,False,53.9625,steppe_war_bow,118.4,40.0,light_mace_t3,Mace,mace,38.7,,0.0,,0.0,,,special_or_unlinked,39.836483094640485,76.75850891410049,70.10869565217392,0.0,0.5454545454545454,0.6363636363636364,0.375,1.21,48.15593377000418,29.839852438810222,41.80912875852244,,xml_structural,false
conspiracy_raider,Conspiracy Raider,16.0,battania,Cavalry,0,70.0,40.0,70.0,30.0,10.0,40.0,70.0,30.0,True,True,False,False,False,False,39.197857142857146,,0.0,0.0,triangluar_spear_t3,TwoHandedPolearm,two_handed_polearm,45.24,,0.0,,0.0,,,special_or_unlinked,28.936850098078505,0.0,81.95652173913044,0.0,0.25,0.3181818181818182,0.25,1.1500000000000001,,36.88284008477603,21.876738106947077,,xml_structural,false
conspiracy_spearmaster,Conspiracy Spear Master,26.0,vlandia,Infantry,0,90.0,80.0,150.0,60.0,60.0,80.0,50.0,110.0,False,False,False,False,False,False,48.75,,0.0,0.0,western_spear_4_t4,TwoHandedPolearm,two_handed_polearm,45.24,,0.0,,0.0,,,special_or_unlinked,35.98848368522073,0.0,81.95652173913044,0.0,0.2727272727272727,0.6818181818181818,0.5,1.05,,,46.76957307903915,,xml_structural,false
conspiracy_spearmaster,Conspiracy Spear Master,26.0,vlandia,Infantry,1,90.0,80.0,150.0,60.0,60.0,80.0,50.0,110.0,False,False,False,False,False,False,54.8125,,0.0,0.0,western_spear_4_t4,TwoHandedPolearm,two_handed_polearm,45.24,,0.0,,0.0,,,special_or_unlinked,40.46397460504946,0.0,81.95652173913044,0.0,0.2727272727272727,0.6818181818181818,0.5,1.05,,,47.40376660458508,,xml_structural,false
conspiracy_spearmaster,Conspiracy Spear Master,26.0,vlandia,Infantry,2,90.0,80.0,150.0,60.0,60.0,80.0,50.0,110.0,False,False,False,False,False,False,52.75,,0.0,0.0,western_spear_4_t4,TwoHandedPolearm,two_handed_polearm,45.24,,0.0,,0.0,,,special_or_unlinked,38.941384910674735,0.0,81.95652173913044,0.0,0.2727272727272727,0.6818181818181818,0.5,1.05,,,47.18801004434781,,xml_structural,false
conspiracy_trained_bowman,Conspiracy Trained Bowman,16.0,aserai,Ranged,0,40.0,40.0,40.0,80.0,20.0,30.0,60.0,50.0,False,False,True,False,True,False,28.5,composite_bow,115.3,40.0,aserai_mace_2_t2,Mace,mace,38.7,,0.0,,0.0,,,special_or_unlinked,21.03942123135981,74.74878444084278,70.10869565217392,0.0,0.36363636363636365,0.25,0.25,1.06,13.297893031111485,,6.608629125352525,,xml_structural,false
conspiracy_trained_bowman,Conspiracy Trained Bowman,16.0,aserai,Ranged,1,40.0,40.0,40.0,80.0,20.0,30.0,60.0,50.0,False,False,True,False,True,False,24.25,composite_bow,115.3,40.0,aserai_mace_2_t2,Mace,mace,38.7,,0.0,,0.0,,,special_or_unlinked,17.901963679314925,74.74878444084278,70.10869565217392,0.0,0.36363636363636365,0.25,0.25,1.06,12.891652930089833,,6.164039849712085,,xml_structural,false
conspiracy_trained_bowman,Conspiracy Trained Bowman,16.0,aserai,Ranged,2,40.0,40.0,40.0,80.0,20.0,30.0,60.0,50.0,False,False,True,False,True,False,40.75,composite_bow,115.3,40.0,aserai_mace_2_t2,Mace,mace,38.7,,0.0,,0.0,,,special_or_unlinked,30.08268123431271,74.74878444084278,70.10869565217392,0.0,0.36363636363636365,0.25,0.25,1.06,14.468820381115075,,7.890092331610267,,xml_structural,false
conspiracy_trained_crossbowman,Conspiracy Trained Crossbowman,16.0,vlandia,Ranged,0,40.0,40.0,40.0,20.0,80.0,30.0,60.0,50.0,False,False,False,True,True,False,37.8125,crossbow_b,132.75,20.0,vlandia_sword_1_t2,OneHandedSword,one_handed_sword,41.8,,0.0,,0.0,,,special_or_unlinked,27.914144396869922,86.06158833063209,75.72463768115942,0.0,0.36363636363636365,0.25,0.25,1.06,18.591992722911623,,8.975452059826084,,xml_structural,false
conspiracy_trained_crossbowman,Conspiracy Trained Crossbowman,16.0,vlandia,Ranged,1,40.0,40.0,40.0,20.0,80.0,30.0,60.0,50.0,False,False,False,True,True,False,36.5625,crossbow_b,132.75,20.0,empire_mace_1_t2,Mace,mace,38.7,,0.0,,0.0,,,special_or_unlinked,26.991362763915546,86.06158833063209,70.10869565217392,0.0,0.36363636363636365,0.25,0.25,1.06,18.472510340258196,,7.452041133552773,,xml_structural,false
conspiracy_trained_crossbowman,Conspiracy Trained Crossbowman,16.0,vlandia,Ranged,2,40.0,40.0,40.0,20.0,80.0,30.0,60.0,50.0,False,False,False,True,True,False,40.0,crossbow_b,132.75,20.0,vlandia_mace_1_t2,Mace,mace,38.7,,0.0,,0.0,,,special_or_unlinked,29.529012254540085,86.06158833063209,70.10869565217392,0.0,0.36363636363636365,0.25,0.25,1.06,18.801086892555123,,7.811635400614894,,xml_structural,false
conspiracy_trained_huntsman,Conspiracy Trained Huntsman,16.0,empire,Ranged,0,100.0,30.0,70.0,110.0,15.0,40.0,40.0,120.0,False,False,True,False,True,False,15.937500000000002,mountain_hunting_bow,96.1,20.0,small_bit_axe_t2,OneHandedAxe,axe,40.48,,0.0,,0.0,,,special_or_unlinked,11.765465820168316,62.30145867098865,73.33333333333331,0.0,0.5,0.45454545454545453,0.25,1.04,15.71725781904421,,20.973012038935238,,xml_structural,false
conspiracy_trained_huntsman,Conspiracy Trained Huntsman,16.0,empire,Ranged,1,100.0,30.0,70.0,110.0,15.0,40.0,40.0,120.0,False,False,True,False,True,False,15.937500000000002,hunting_bow,95.60000000000001,20.0,empire_sword_1_t2,OneHandedSword,one_handed_sword,41.8,,0.0,,0.0,,,special_or_unlinked,11.765465820168316,61.9773095623987,75.72463768115942,0.0,0.5,0.45454545454545453,0.25,1.04,15.547023267612197,,22.05119219992701,,xml_structural,false
conspiracy_trained_huntsman,Conspiracy Trained Huntsman,16.0,empire,Ranged,2,100.0,30.0,70.0,110.0,15.0,40.0,40.0,120.0,False,False,True,False,True,False,15.0625,hunting_bow,95.60000000000001,20.0,empire_sword_1_t2,OneHandedSword,one_handed_sword,41.8,,0.0,,0.0,,,special_or_unlinked,11.11951867710025,61.9773095623987,75.72463768115942,0.0,0.5,0.45454545454545453,0.25,1.04,15.463385599754796,,21.959659113765742,,xml_structural,false
conspiracy_trained_spearman,Conspiracy Trained Spearman,16.0,vlandia,Infantry,0,70.0,40.0,80.0,10.0,30.0,30.0,40.0,60.0,True,False,False,False,False,False,44.05535714285714,,0.0,0.0,western_spear_3_t3,TwoHandedPolearm,two_handed_polearm,45.24,,0.0,,0.0,,,special_or_unlinked,32.52277952373921,0.0,81.95652173913044,0.0,0.25,0.36363636363636365,0.25,1.04,,32.563888071049874,20.411947825476382,,xml_structural,false
conspiracy_trained_spearman,Conspiracy Trained Spearman,16.0,vlandia,Infantry,1,70.0,40.0,80.0,10.0,30.0,30.0,40.0,60.0,True,False,False,False,False,False,35.073214285714286,,0.0,0.0,western_spear_3_t3,TwoHandedPolearm,two_handed_polearm,45.24,,0.0,,0.0,,,special_or_unlinked,25.891934361224187,0.0,81.95652173913044,0.0,0.25,0.36363636363636365,0.25,1.04,,26.531474856520965,19.47233267569847,,xml_structural,false
conspiracy_trained_spearman,Conspiracy Trained Spearman,16.0,vlandia,Infantry,2,70.0,40.0,80.0,10.0,30.0,30.0,40.0,60.0,True,False,False,False,False,False,41.80535714285714,,0.0,0.0,western_spear_3_t3,TwoHandedPolearm,two_handed_polearm,45.24,,0.0,,0.0,,,special_or_unlinked,30.86177258442133,0.0,81.95652173913044,0.0,0.25,0.36363636363636365,0.25,1.04,,31.05278655011421,20.17657703249026,,xml_structural,false
conspiracy_veteran_fighter,Conspiracy Veteran Fighter,26.0,empire,Infantry,0,130.0,80.0,130.0,60.0,60.0,80.0,30.0,110.0,True,False,False,False,False,False,65.84107142857142,,0.0,0.0,imperial_throwing_spear_1_t4,TwoHandedPolearm,two_handed_polearm,45.24,,0.0,,0.0,,,special_or_unlinked,48.60554512665836,0.0,81.95652173913044,0.0,0.2727272727272727,0.5909090909090909,0.5,1.03,,47.19518851185561,41.1670221729432,,xml_structural,false
conspiracy_veteran_fighter,Conspiracy Veteran Fighter,26.0,empire,Infantry,1,130.0,80.0,130.0,60.0,60.0,80.0,30.0,110.0,True,False,False,False,False,False,65.84107142857142,,0.0,0.0,imperial_throwing_spear_1_t4,TwoHandedPolearm,two_handed_polearm,45.24,,0.0,,0.0,,,special_or_unlinked,48.60554512665836,0.0,81.95652173913044,0.0,0.2727272727272727,0.5909090909090909,0.5,1.03,,47.19518851185561,41.1670221729432,,xml_structural,false
conspiracy_veteran_fighter,Conspiracy Veteran Fighter,26.0,empire,Infantry,2,130.0,80.0,130.0,60.0,60.0,80.0,30.0,110.0,True,False,False,False,False,False,72.2125,,0.0,0.0,imperial_throwing_spear_1_t4,TwoHandedPolearm,two_handed_polearm,45.24,,0.0,,0.0,,,special_or_unlinked,53.309094935774404,0.0,81.95652173913044,0.0,0.2727272727272727,0.5909090909090909,0.5,1.03,,51.47424424733062,41.833532481970536,,xml_structural,false
conspiracy_warmonger,Conspiracy Warmonger,26.0,battania,Infantry,0,150.0,80.0,90.0,60.0,60.0,110.0,40.0,90.0,True,False,False,False,False,False,55.064285714285724,,0.0,0.0,battania_axe_2_t4,OneHandedAxe,axe,40.48,,0.0,,0.0,,,special_or_unlinked,40.64984919111599,0.0,73.33333333333331,0.0,0.2727272727272727,0.6818181818181818,0.6875,1.04,,38.65000060311966,41.5981312099508,,xml_structural,false
conspiracy_warworn_crossbowman,Conspiracy Warworn Crossbowman,26.0,vlandia,Ranged,0,100.0,70.0,100.0,20.0,150.0,70.0,100.0,80.0,True,False,False,True,True,False,65.77857142857142,crossbow_f,153.75,20.0,morningstar_mace_t3,Mace,mace,38.7,,0.0,,0.0,,,special_or_unlinked,48.55940604501065,99.67585089141005,70.10869565217392,0.0,0.6818181818181818,0.45454545454545453,0.4375,1.1,67.14736149224032,45.35678629482251,24.732939096976676,,xml_structural,false
conspiracy_wilder,Conspiracy Wilder,16.0,sturgia,infantry,0,80.0,30.0,40.0,30.0,10.0,70.0,40.0,60.0,True,False,False,False,False,False,29.79642857142857,,0.0,0.0,battania_sword_2_t3,OneHandedSword,one_handed_sword,41.8,,0.0,,0.0,,,special_or_unlinked,21.99647761068106,0.0,75.72463768115942,0.0,0.25,0.36363636363636365,0.4375,1.04,,22.04267229723572,16.672489850443668,,xml_structural,false
conspiracy_wilder,Conspiracy Wilder,16.0,sturgia,infantry,1,80.0,30.0,40.0,30.0,10.0,70.0,40.0,60.0,True,False,False,False,False,False,30.79642857142857,,0.0,0.0,battania_sword_2_t3,OneHandedSword,one_handed_sword,41.8,,0.0,,0.0,,,special_or_unlinked,22.734702917044565,0.0,75.72463768115942,0.0,0.25,0.36363636363636365,0.4375,1.04,,22.714272973207127,16.777099091770825,,xml_structural,false
dignified_contender,Dignified Contender,16.0,vlandia,Infantry,0,90.0,90.0,90.0,90.0,,90.0,90.0,90.0,True,False,False,False,False,False,41.44821428571429,,0.0,0.0,western_spear_3_t3,TwoHandedPolearm,two_handed_polearm,45.24,,0.0,,0.0,,,special_or_unlinked,30.59812068929152,0.0,81.95652173913044,0.0,0.4090909090909091,0.4090909090909091,0.5625,1.09,,30.812929165838717,23.834434050012717,,xml_structural,false
dignified_contender,Dignified Contender,16.0,vlandia,Infantry,1,90.0,90.0,90.0,90.0,,90.0,90.0,90.0,False,False,False,False,False,False,35.00000000000001,,0.0,0.0,vlandia_sword_4_t4,OneHandedSword,one_handed_sword,41.8,,0.0,,0.0,,,special_or_unlinked,25.83788572272258,0.0,75.72463768115942,0.0,0.4090909090909091,0.4090909090909091,0.5625,1.09,,,20.63106868625213,,xml_structural,false
dignified_contender_easy,Dignified Contender,16.0,vlandia,Infantry,0,,,,,,,,,True,False,False,False,False,False,41.44821428571429,,0.0,0.0,western_spear_3_t3,TwoHandedPolearm,two_handed_polearm,45.24,,0.0,,0.0,,,special_or_unlinked,30.59812068929152,0.0,81.95652173913044,0.0,,,,1.0,,30.812929165838717,,,xml_structural,false
dignified_contender_easy,Dignified Contender,16.0,vlandia,Infantry,1,,,,,,,,,False,False,False,False,False,False,35.00000000000001,,0.0,0.0,vlandia_sword_4_t4,OneHandedSword,one_handed_sword,41.8,,0.0,,0.0,,,special_or_unlinked,25.83788572272258,0.0,75.72463768115942,0.0,,,,1.0,,,,,xml_structural,false
dignified_contender_hard,Dignified Contender,16.0,vlandia,Infantry,0,,,,,,,,,True,False,False,False,False,False,41.44821428571429,,0.0,0.0,western_spear_3_t3,TwoHandedPolearm,two_handed_polearm,45.24,,0.0,,0.0,,,special_or_unlinked,30.59812068929152,0.0,81.95652173913044,0.0,,,,1.0,,30.812929165838717,,,xml_structural,false
dignified_contender_hard,Dignified Contender,16.0,vlandia,Infantry,1,,,,,,,,,False,False,False,False,False,False,35.00000000000001,,0.0,0.0,vlandia_sword_4_t4,OneHandedSword,one_handed_sword,41.8,,0.0,,0.0,,,special_or_unlinked,25.83788572272258,0.0,75.72463768115942,0.0,,,,1.0,,,,,xml_structural,false
dignified_contender_normal,Dignified Contender,16.0,vlandia,Infantry,0,,,,,,,,,True,False,False,False,False,False,41.44821428571429,,0.0,0.0,western_spear_3_t3,TwoHandedPolearm,two_handed_polearm,45.24,,0.0,,0.0,,,special_or_unlinked,30.59812068929152,0.0,81.95652173913044,0.0,,,,1.0,,30.812929165838717,,,xml_structural,false
dignified_contender_normal,Dignified Contender,16.0,vlandia,Infantry,1,,,,,,,,,False,False,False,False,False,False,35.00000000000001,,0.0,0.0,vlandia_sword_4_t4,OneHandedSword,one_handed_sword,41.8,,0.0,,0.0,,,special_or_unlinked,25.83788572272258,0.0,75.72463768115942,0.0,,,,1.0,,,,,xml_structural,false
dignified_contender_very_hard,Dignified Contender,16.0,vlandia,Infantry,0,,,,,,,,,True,False,False,False,False,False,41.44821428571429,,0.0,0.0,western_spear_3_t3,TwoHandedPolearm,two_handed_polearm,45.24,,0.0,,0.0,,,special_or_unlinked,30.59812068929152,0.0,81.95652173913044,0.0,,,,1.0,,30.812929165838717,,,xml_structural,false
dignified_contender_very_hard,Dignified Contender,16.0,vlandia,Infantry,1,,,,,,,,,False,False,False,False,False,False,35.00000000000001,,0.0,0.0,vlandia_sword_4_t4,OneHandedSword,one_handed_sword,41.8,,0.0,,0.0,,,special_or_unlinked,25.83788572272258,0.0,75.72463768115942,0.0,,,,1.0,,,,,xml_structural,false
druzhinnik,Sturgian Druzhinnik,26.0,sturgia,Cavalry,0,90.0,130.0,150.0,60.0,20.0,60.0,120.0,100.0,True,True,False,False,False,False,113.74357142857143,,0.0,0.0,sturgia_lance_1_t4,TwoHandedPolearm,two_handed_polearm,45.24,,0.0,,0.0,sturgian_warrior_son,4.0,noble_line,83.96838286473603,0.0,81.95652173913044,0.0,0.2727272727272727,0.6818181818181818,0.375,1.2000000000000002,,86.94779218983338,59.23664840939574,,xml_structural,false
druzhinnik,Sturgian Druzhinnik,26.0,sturgia,Cavalry,1,90.0,130.0,150.0,60.0,20.0,60.0,120.0,100.0,True,True,False,False,False,False,120.61857142857143,,0.0,0.0,sturgia_lance_1_t4,TwoHandedPolearm,two_handed_polearm,45.24,,0.0,,0.0,sturgian_warrior_son,4.0,noble_line,89.0436818459851,0.0,81.95652173913044,0.0,0.2727272727272727,0.6818181818181818,0.375,1.2000000000000002,,91.56504683713682,59.95583694351998,,xml_structural,false
druzhinnik,Sturgian Druzhinnik,26.0,sturgia,Cavalry,2,90.0,130.0,150.0,60.0,20.0,60.0,120.0,100.0,True,True,False,False,False,False,114.24357142857143,,0.0,0.0,sturgia_lance_1_t4,TwoHandedPolearm,two_handed_polearm,45.24,,0.0,,0.0,sturgian_warrior_son,4.0,noble_line,84.33749551791777,0.0,81.95652173913044,0.0,0.2727272727272727,0.6818181818181818,0.375,1.2000000000000002,,87.28359252781908,59.28895303005932,,xml_structural,false
druzhinnik_champion,Sturgian Druzhinnik Champion,31.0,sturgia,Cavalry,0,110.0,160.0,190.0,65.0,20.0,90.0,170.0,140.0,True,True,False,False,False,False,126.55607142857144,,0.0,0.0,sturgia_lance_2_t5,TwoHandedPolearm,two_handed_polearm,45.24,,0.0,,0.0,sturgian_warrior_son,5.0,noble_line,93.42689460251842,0.0,81.95652173913044,0.0,0.29545454545454547,0.8636363636363636,0.5625,1.25,,95.5526758507171,75.35782415731434,,xml_structural,false
druzhinnik_champion,Sturgian Druzhinnik Champion,31.0,sturgia,Cavalry,1,110.0,160.0,190.0,65.0,20.0,90.0,170.0,140.0,True,True,False,False,False,False,126.36857142857143,,0.0,0.0,sturgia_lance_2_t5,TwoHandedPolearm,two_handed_polearm,45.24,,0.0,,0.0,sturgian_warrior_son,5.0,noble_line,93.28847735757525,0.0,81.95652173913044,0.0,0.29545454545454547,0.8636363636363636,0.5625,1.25,,95.42675072397243,75.3382099245655,,xml_structural,false
druzhinnik_champion,Sturgian Druzhinnik Champion,31.0,sturgia,Cavalry,2,110.0,160.0,190.0,65.0,20.0,90.0,170.0,140.0,True,True,False,False,False,False,129.19857142857146,,0.0,0.0,sturgia_lance_2_t5,TwoHandedPolearm,two_handed_polearm,45.24,,0.0,,0.0,sturgian_warrior_son,5.0,noble_line,95.37765497458396,0.0,81.95652173913044,0.0,0.29545454545454547,0.8636363636363636,0.5625,1.25,,97.32738063697154,75.63425407752138,,xml_structural,false
eleftheroi_tier_1,Recruit Eleftheroi,16.0,empire,HorseArcher,0,20.0,15.0,40.0,40.0,65.0,15.0,60.0,20.0,False,True,False,True,True,False,17.12,crossbow_a,116.5,20.0,empire_lance_2_t4,TwoHandedPolearm,two_handed_polearm,45.24,,0.0,,0.0,eleftheroi_tier_1,1.0,main_or_minor_line,12.638417244943156,75.52674230145867,81.95652173913044,0.0,0.29545454545454547,0.25,0.25,1.1400000000000001,19.161536723971697,6.892831709118394,14.02436402982294,,xml_structural,false
eleftheroi_tier_1,Recruit Eleftheroi,16.0,empire,HorseArcher,1,20.0,15.0,40.0,40.0,65.0,15.0,60.0,20.0,False,True,False,True,True,False,17.307499999999997,crossbow_a,116.5,20.0,empire_lance_2_t4,TwoHandedPolearm,two_handed_polearm,45.24,,0.0,,0.0,eleftheroi_tier_1,1.0,main_or_minor_line,12.77683448988631,75.52674230145867,81.95652173913044,0.0,0.29545454545454547,0.25,0.25,1.1400000000000001,19.17945908136971,7.018756835863032,14.043978262571784,,xml_structural,false
eleftheroi_tier_2,Expert Eleftheroi,21.0,empire,HorseArcher,0,70.0,40.0,70.0,30.0,100.0,40.0,100.0,30.0,False,True,False,True,True,False,31.707500000000003,crossbow_e,129.5,20.0,empire_lance_2_t4,TwoHandedPolearm,two_handed_polearm,45.24,,0.0,,0.0,eleftheroi_tier_1,2.0,main_or_minor_line,23.407278901520748,83.9546191247974,81.95652173913044,0.0,0.45454545454545453,0.3181818181818182,0.25,1.1800000000000002,40.34224018570899,16.689806569851346,21.0931775289633,,xml_structural,false
eleftheroi_tier_2,Expert Eleftheroi,21.0,empire,HorseArcher,1,70.0,40.0,70.0,30.0,100.0,40.0,100.0,30.0,False,True,False,True,True,False,29.645,crossbow_e,129.5,20.0,empire_lance_2_t4,TwoHandedPolearm,two_handed_polearm,45.24,,0.0,,0.0,eleftheroi_tier_1,2.0,main_or_minor_line,21.88468920714602,83.9546191247974,81.95652173913044,0.0,0.45454545454545453,0.3181818181818182,0.25,1.1800000000000002,40.14509425433084,15.304630175660309,20.877420968726025,,xml_structural,false
eleftheroi_tier_3,Veteran Eleftheroi,26.0,empire,HorseArcher,0,100.0,60.0,100.0,45.0,140.0,60.0,130.0,45.0,False,True,False,True,True,False,40.644999999999996,crossbow_g,140.5,20.0,empire_lance_2_t4,TwoHandedPolearm,two_handed_polearm,45.24,,0.0,,0.0,eleftheroi_tier_1,3.0,main_or_minor_line,30.00516757714454,91.08589951377634,81.95652173913044,0.0,0.6363636363636364,0.45454545454545453,0.375,1.21,66.55226138663423,22.692237611345824,33.11377500588557,,xml_structural,false
eleftheroi_tier_3,Veteran Eleftheroi,26.0,empire,HorseArcher,1,100.0,60.0,100.0,45.0,140.0,60.0,130.0,45.0,False,True,False,True,True,False,57.144999999999996,crossbow_g,140.5,20.0,empire_lance_2_t4,TwoHandedPolearm,two_handed_polearm,45.24,,0.0,,0.0,eleftheroi_tier_1,3.0,main_or_minor_line,42.185885132142324,91.08589951377634,81.95652173913044,0.0,0.6363636363636364,0.45454545454545453,0.375,1.21,68.12942883765947,33.773648764874096,34.83982748778375,,xml_structural,false
eleftheroi_tier_3,Veteran Eleftheroi,26.0,empire,HorseArcher,2,100.0,60.0,100.0,45.0,140.0,60.0,130.0,45.0,False,True,False,True,True,False,55.394999999999996,crossbow_g,140.5,20.0,empire_lance_2_t4,TwoHandedPolearm,two_handed_polearm,45.24,,0.0,,0.0,eleftheroi_tier_1,3.0,main_or_minor_line,40.8939908460062,91.08589951377634,81.95652173913044,0.0,0.6363636363636364,0.45454545454545453,0.375,1.21,67.96215350194467,32.59834758192413,34.65676131546121,,xml_structural,false
embers_of_flame_tier_1,Spark,16.0,empire,Infantry,0,40.0,75.0,15.0,30.0,20.0,5.0,20.0,70.0,False,False,False,False,False,False,10.125,,0.0,0.0,justicier_2hsword,TwoHandedSword,two_handed_sword,55.2,,0.0,,0.0,embers_of_flame_tier_1,1.0,main_or_minor_line,7.474531226930459,0.0,100.0,0.0,0.25,0.3409090909090909,0.25,1.02,,,21.11642972380628,,xml_structural,false
embers_of_flame_tier_1,Spark,16.0,empire,Infantry,1,40.0,75.0,15.0,30.0,20.0,5.0,20.0,70.0,False,False,False,False,False,False,13.1875,,0.0,0.0,justicier_2hsword,TwoHandedSword,two_handed_sword,55.2,,0.0,,0.0,embers_of_flame_tier_1,1.0,main_or_minor_line,9.735346227668684,0.0,100.0,0.0,0.25,0.3409090909090909,0.25,1.02,,,21.436795525370716,,xml_structural,false
embers_of_flame_tier_2,Flame,21.0,empire,Infantry,0,110.0,115.0,65.0,90.0,15.0,50.0,50.0,100.0,False,False,False,False,False,True,18.6875,,0.0,0.0,justicier_2hsword,TwoHandedSword,two_handed_sword,55.2,sling_reinforced,81.0,,0.0,embers_of_flame_tier_1,2.0,main_or_minor_line,13.795585412667945,0.0,100.0,100.0,0.4090909090909091,0.5227272727272727,0.3125,1.05,,,40.047159954714125,85.4546475191218,xml_structural,false
embers_of_flame_tier_2,Flame,21.0,empire,Infantry,1,110.0,115.0,65.0,90.0,15.0,50.0,50.0,100.0,False,False,False,False,False,True,16.25,,0.0,0.0,justicier_2hsword,TwoHandedSword,two_handed_sword,55.2,sling_reinforced,81.0,,0.0,embers_of_flame_tier_1,2.0,main_or_minor_line,11.996161228406908,0.0,100.0,100.0,0.4090909090909091,0.5227272727272727,0.3125,1.05,,,39.79217492897915,84.83229372618376,xml_structural,false
embers_of_flame_tier_3,Blaze,26.0,empire,Infantry,0,130.0,45.0,45.0,70.0,15.0,60.0,60.0,100.0,True,False,False,False,False,False,36.81428571428572,,0.0,0.0,sturgia_mace_2_t4,TwoHandedMace,mace,38.7,,0.0,,0.0,embers_of_flame_tier_1,3.0,main_or_minor_line,27.17723734998207,0.0,70.10869565217392,0.0,0.3181818181818182,0.5909090909090909,0.375,1.06,,25.90435243007917,31.186091740635984,,xml_structural,false
embers_of_flame_tier_3,Blaze,26.0,empire,Infantry,1,130.0,45.0,45.0,70.0,15.0,60.0,60.0,100.0,True,False,False,False,False,False,36.501785714285724,,0.0,0.0,sturgia_mace_2_t4,TwoHandedMace,mace,38.7,,0.0,,0.0,embers_of_flame_tier_1,3.0,main_or_minor_line,26.946541941743483,0.0,70.10869565217392,0.0,0.3181818181818182,0.5909090909090909,0.375,1.06,,25.694477218838117,31.153401352721247,,xml_structural,false
empire_marine_t2,Imperial Oarsman,11.0,empire,Infantry,0,40.0,40.0,30.0,30.0,40.0,40.0,10.0,40.0,False,False,False,False,False,True,16.375,,0.0,0.0,vlandia_axe_1_t3,OneHandedAxe,axe,40.48,,0.0,generic_javelin_1_t3,19.8,empire_marine_t2,1.0,main_or_minor_line,12.088439391702346,0.0,73.33333333333331,24.444444444444443,0.25,0.25,0.25,1.01,,,6.139892360329561,14.514765660305175,xml_structural,false
empire_marine_t2,Imperial Oarsman,11.0,empire,Infantry,1,40.0,40.0,30.0,30.0,40.0,40.0,10.0,40.0,False,False,False,False,False,True,13.625000000000004,,0.0,0.0,vlandia_axe_1_t3,OneHandedAxe,axe,40.48,,0.0,generic_javelin_1_t3,19.8,empire_marine_t2,1.0,main_or_minor_line,10.05831979920272,0.0,73.33333333333331,24.444444444444443,0.25,0.25,0.25,1.01,,,5.852216946679865,13.8126229195546,xml_structural,false
empire_marine_t3,Imperial Shipmate,16.0,empire,Infantry,0,70.0,40.0,30.0,30.0,40.0,70.0,10.0,70.0,True,False,False,False,False,False,38.376785714285724,,0.0,0.0,small_spurred_axe_t2,OneHandedAxe,axe,40.48,,0.0,,0.0,empire_marine_t2,2.0,main_or_minor_line,28.33071439117505,0.0,73.33333333333331,0.0,0.25,0.3181818181818182,0.4375,1.01,,27.44266432284675,13.401111212305898,,xml_structural,false
empire_marine_t3,Imperial Shipmate,16.0,empire,Infantry,1,70.0,40.0,30.0,30.0,40.0,70.0,10.0,70.0,True,False,False,False,False,False,38.25178571428572,,0.0,0.0,small_spurred_axe_t2,OneHandedAxe,axe,40.48,,0.0,,0.0,empire_marine_t2,2.0,main_or_minor_line,28.238436227879607,0.0,73.33333333333331,0.0,0.25,0.3181818181818182,0.4375,1.01,,27.358714238350313,13.388035057140003,,xml_structural,false
empire_marine_t4,Imperial Coast Guard,21.0,empire,Infantry,0,100.0,60.0,60.0,45.0,45.0,100.0,15.0,100.0,True,False,False,False,False,False,51.573214285714286,,0.0,0.0,tzkurion_axe_t3,OneHandedAxe,axe,40.48,,0.0,,0.0,empire_marine_t2,3.0,main_or_minor_line,38.07265191622197,0.0,73.33333333333331,0.0,0.25,0.45454545454545453,0.625,1.015,,36.305394671826605,24.700837074515334,,xml_structural,false
empire_marine_t4,Imperial Coast Guard,21.0,empire,Infantry,1,100.0,60.0,60.0,45.0,45.0,100.0,15.0,100.0,True,False,False,False,False,False,54.823214285714286,,0.0,0.0,tzkurion_axe_t3,OneHandedAxe,axe,40.48,,0.0,,0.0,empire_marine_t2,3.0,main_or_minor_line,40.471884161903354,0.0,73.33333333333331,0.0,0.25,0.45454545454545453,0.625,1.015,,38.48809686873369,25.04081710882861,,xml_structural,false
empire_marine_t5,Imperial Naute,26.0,empire,Infantry,0,130.0,60.0,80.0,80.0,60.0,130.0,20.0,130.0,True,False,False,False,False,False,66.09107142857142,,0.0,0.0,imperial_axe_t3,OneHandedAxe,axe,40.48,,0.0,,0.0,empire_marine_t2,4.0,main_or_minor_line,48.790101453249235,0.0,73.33333333333331,0.0,0.36363636363636365,0.5909090909090909,0.8125,1.02,,46.05559734262582,36.13879657704995,,xml_structural,false
empire_marine_t5,Imperial Naute,26.0,empire,Infantry,1,130.0,60.0,80.0,80.0,60.0,130.0,20.0,130.0,True,False,False,False,False,False,64.02857142857142,,0.0,0.0,imperial_axe_t3,OneHandedAxe,axe,40.48,,0.0,,0.0,empire_marine_t2,4.0,main_or_minor_line,47.26751175887451,0.0,73.33333333333331,0.0,0.36363636363636365,0.5909090909090909,0.8125,1.02,,44.67042094843479,35.923040016812685,,xml_structural,false
forest_people_tier_1,Recruit Forester,16.0,sturgia,Ranged,0,40.0,15.0,20.0,80.0,5.0,15.0,20.0,40.0,False,False,True,False,True,False,16.0,mountain_hunting_bow,101.1,40.0,woodland_axe_t3,OneHandedAxe,axe,40.48,,0.0,,0.0,forest_people_tier_1,1.0,main_or_minor_line,11.811604901816034,65.54294975688816,73.33333333333331,0.0,0.36363636363636365,0.25,0.25,1.02,7.556497184792969,,6.100663894831876,,xml_structural,false
forest_people_tier_1,Recruit Forester,16.0,sturgia,Ranged,1,40.0,15.0,20.0,80.0,5.0,15.0,20.0,40.0,False,False,True,False,True,False,7.562500000000001,mountain_hunting_bow,101.1,40.0,woodland_axe_t3,OneHandedAxe,axe,40.48,,0.0,,0.0,forest_people_tier_1,1.0,main_or_minor_line,5.582828879373985,65.54294975688816,73.33333333333331,0.0,0.36363636363636365,0.25,0.25,1.02,6.749991101882333,,5.218023421133942,,xml_structural,false
forest_people_tier_2,Expert Forester,21.0,sturgia,Ranged,0,0.0,30.0,30.0,110.0,10.0,20.0,20.0,80.0,False,False,True,False,True,False,19.5625,nordic_shortbow,109.5,40.0,woodland_axe_t3,OneHandedAxe,axe,40.48,,0.0,,0.0,forest_people_tier_1,2.0,main_or_minor_line,14.44153255573601,70.98865478119936,73.33333333333331,0.0,0.5,0.25,0.25,1.02,19.909093346278436,,6.4733343170598925,,xml_structural,false
forest_people_tier_2,Expert Forester,21.0,sturgia,Ranged,1,0.0,30.0,30.0,110.0,10.0,20.0,20.0,80.0,False,False,True,False,True,False,23.0,nordic_shortbow,109.5,40.0,woodland_axe_t3,OneHandedAxe,axe,40.48,,0.0,,0.0,forest_people_tier_1,2.0,main_or_minor_line,16.97918204636055,70.98865478119936,73.33333333333331,0.0,0.5,0.25,0.25,1.02,20.237669898575362,,6.832928584122014,,xml_structural,false
forest_people_tier_3,Veteran Forester,26.0,sturgia,Ranged,0,90.0,45.0,45.0,140.0,15.0,60.0,60.0,110.0,False,False,True,False,True,False,3.3125000000000004,woodland_longbow,128.1,40.0,battle_axe_t4,OneHandedAxe,axe,40.48,,0.0,,0.0,forest_people_tier_1,3.0,main_or_minor_line,2.445371327329101,83.04700162074555,73.33333333333331,0.0,0.6363636363636364,0.4090909090909091,0.375,1.06,38.367727208603085,,16.34590120680507,,xml_structural,false
forest_people_tier_3,Veteran Forester,26.0,sturgia,Ranged,1,90.0,45.0,45.0,140.0,15.0,60.0,60.0,110.0,False,False,True,False,True,False,29.312500000000004,woodland_longbow,128.1,40.0,battle_axe_t4,OneHandedAxe,axe,40.48,,0.0,,0.0,forest_people_tier_1,3.0,main_or_minor_line,21.639229292780158,83.04700162074555,73.33333333333331,0.0,0.6363636363636364,0.4090909090909091,0.375,1.06,40.85296076779438,,19.0657414813113,,xml_structural,false
galloglass_tier_1,Skene,11.0,battania,Infantry,0,40.0,20.0,20.0,10.0,10.0,40.0,30.0,20.0,True,False,False,False,False,True,26.242857142857147,,0.0,0.0,small_spurred_axe_t2,OneHandedAxe,axe,40.48,,0.0,western_javelin_1_t2,19.8,galloglass_tier_1,1.0,main_or_minor_line,19.373141254139338,0.0,73.33333333333331,24.444444444444443,0.25,0.25,0.25,1.03,,20.528973029417326,7.17216140956867,17.0342726638037,xml_structural,false
galloglass_tier_2,Kern,16.0,battania,Infantry,0,70.0,40.0,30.0,40.0,20.0,70.0,40.0,50.0,True,False,False,False,False,True,45.11785714285715,,0.0,0.0,woodland_axe_t3,OneHandedAxe,axe,40.48,,0.0,northern_javelin_1_t2,19.8,galloglass_tier_1,2.0,main_or_minor_line,33.30714391175044,0.0,73.33333333333331,24.444444444444443,0.25,0.3181818181818182,0.4375,1.04,,33.205435788377685,14.106289580180965,32.15735280840736,xml_structural,false
galloglass_tier_2,Kern,16.0,battania,Infantry,1,70.0,40.0,30.0,40.0,20.0,70.0,40.0,50.0,True,False,False,False,False,True,61.476785714285725,,0.0,0.0,woodland_axe_t3,OneHandedAxe,axe,40.48,,0.0,northern_javelin_1_t2,19.8,galloglass_tier_1,2.0,main_or_minor_line,45.38371896817195,0.0,73.33333333333331,24.444444444444443,0.25,0.3181818181818182,0.4375,1.04,,44.19210327511714,15.817584686963356,36.33419024218405,xml_structural,false
galloglass_tier_2,Kern,16.0,battania,Infantry,2,70.0,40.0,30.0,40.0,20.0,70.0,40.0,50.0,True,False,False,False,False,True,38.55535714285714,,0.0,0.0,woodland_axe_t3,OneHandedAxe,axe,40.48,,0.0,northern_javelin_1_t2,19.8,galloglass_tier_1,2.0,main_or_minor_line,28.462540338739952,0.0,73.33333333333331,24.444444444444443,0.25,0.3181818181818182,0.4375,1.04,,28.798056352315307,13.419791433971463,30.481784904343478,xml_structural,false
galloglass_tier_3,Redshank,21.0,battania,Infantry,0,100.0,60.0,45.0,60.0,15.0,120.0,45.0,80.0,True,False,False,False,False,True,65.39464285714286,,0.0,0.0,battle_axe_t4,OneHandedAxe,axe,40.48,,0.0,northern_javelin_2_t3,19.8,galloglass_tier_1,3.0,main_or_minor_line,48.275980257746085,0.0,73.33333333333331,24.444444444444443,0.2727272727272727,0.45454545454545453,0.75,1.045,,46.8233387806194,26.146686231430046,54.507561840539076,xml_structural,false
galloglass_tier_3,Redshank,21.0,battania,Infantry,1,100.0,60.0,45.0,60.0,15.0,120.0,45.0,80.0,True,False,False,False,False,True,83.20714285714286,,0.0,0.0,battle_axe_t4,OneHandedAxe,axe,40.48,,0.0,northern_javelin_2_t3,19.8,galloglass_tier_1,3.0,main_or_minor_line,61.425618527345975,0.0,73.33333333333331,24.444444444444443,0.2727272727272727,0.45454545454545453,0.75,1.045,,58.786225821360155,28.01003834257013,59.05553186585536,xml_structural,false
galloglass_tier_3,Redshank,21.0,battania,Infantry,2,100.0,60.0,45.0,60.0,15.0,120.0,45.0,80.0,True,False,False,False,False,True,84.70714285714286,,0.0,0.0,battle_axe_t4,OneHandedAxe,axe,40.48,,0.0,northern_javelin_2_t3,19.8,galloglass_tier_1,3.0,main_or_minor_line,62.53295648689123,0.0,73.33333333333331,24.444444444444443,0.2727272727272727,0.45454545454545453,0.75,1.045,,59.793626835317276,28.166952204560868,59.43851881535568,xml_structural,false
ghilman_tier_1,Koleman,16.0,aserai,Cavalry,0,40.0,20.0,40.0,5.0,,5.0,40.0,20.0,True,True,False,False,False,False,29.644642857142856,,0.0,0.0,eastern_spear_1_t2,TwoHandedPolearm,two_handed_polearm,45.24,,0.0,,0.0,ghilman_tier_1,1.0,main_or_minor_line,21.884425555250886,0.0,81.95652173913044,0.0,0.25,0.25,0.25,1.12,,30.46689491279058,15.33455741700232,,xml_structural,false
ghilman_tier_2,Ghilman,21.0,aserai,Cavalry,0,60.0,40.0,120.0,10.0,10.0,30.0,60.0,70.0,True,True,False,False,False,False,81.59464285714284,,0.0,0.0,eastern_spear_2_t3,TwoHandedPolearm,two_handed_polearm,45.24,,0.0,,0.0,ghilman_tier_1,2.0,main_or_minor_line,60.235230220834815,0.0,81.95652173913044,0.0,0.25,0.5454545454545454,0.25,1.1400000000000001,,65.35655002950536,44.787920999496706,,xml_structural,false
ghilman_tier_2,Ghilman,21.0,aserai,Cavalry,1,60.0,40.0,120.0,10.0,10.0,30.0,60.0,70.0,True,True,False,False,False,False,83.15714285714284,,0.0,0.0,eastern_spear_2_t3,TwoHandedPolearm,two_handed_polearm,45.24,,0.0,,0.0,ghilman_tier_1,2.0,main_or_minor_line,61.388707262027786,0.0,81.95652173913044,0.0,0.25,0.5454545454545454,0.25,1.1400000000000001,,66.40592608571068,44.951372939070396,,xml_structural,false
ghilman_tier_3,Ghulam,26.0,aserai,Cavalry,0,120.0,50.0,150.0,15.0,35.0,45.0,150.0,80.0,True,True,False,False,False,False,92.64214285714286,,0.0,0.0,western_spear_5_t4,TwoHandedPolearm,two_handed_polearm,45.24,,0.0,,0.0,ghilman_tier_1,3.0,main_or_minor_line,68.39077429288562,0.0,81.95652173913044,0.0,0.25,0.6818181818181818,0.28125,1.23,,72.77605849729953,57.02924397561929,,xml_structural,false
ghilman_tier_3,Ghulam,26.0,aserai,Cavalry,1,120.0,50.0,150.0,15.0,35.0,45.0,150.0,80.0,True,True,False,False,False,False,88.95464285714286,,0.0,0.0,western_spear_5_t4,TwoHandedPolearm,two_handed_polearm,45.24,,0.0,,0.0,ghilman_tier_1,3.0,main_or_minor_line,65.6685684756702,0.0,81.95652173913044,0.0,0.25,0.6818181818181818,0.28125,1.23,,70.29953100465494,56.64349739822538,,xml_structural,false
guard_aserai,Guard,21.0,aserai,Infantry,0,50.0,50.0,50.0,50.0,50.0,50.0,,,False,False,False,False,False,False,42.56250000000001,,0.0,0.0,eastern_spear_2_t3,TwoHandedPolearm,two_handed_polearm,45.24,,0.0,,0.0,,,special_or_unlinked,31.420714602096563,0.0,81.95652173913044,0.0,0.25,0.25,0.3125,1.0,,,11.017737520218303,,xml_structural,false
guard_aserai,Guard,21.0,aserai,Infantry,1,50.0,50.0,50.0,50.0,50.0,50.0,,,False,False,False,False,False,False,40.5,,0.0,0.0,eastern_spear_2_t3,TwoHandedPolearm,two_handed_polearm,45.24,,0.0,,0.0,,,special_or_unlinked,29.898124907721837,0.0,81.95652173913044,0.0,0.25,0.25,0.3125,1.0,,,10.801980959981025,,xml_structural,false
guard_aserai,Guard,21.0,aserai,Infantry,2,50.0,50.0,50.0,50.0,50.0,50.0,,,False,False,False,False,False,False,43.75,,0.0,0.0,eastern_spear_2_t3,TwoHandedPolearm,two_handed_polearm,45.24,,0.0,,0.0,,,special_or_unlinked,32.29735715340322,0.0,81.95652173913044,0.0,0.25,0.25,0.3125,1.0,,,11.141960994294301,,xml_structural,false
guard_battania,Guard,4.0,battania,Infantry,0,50.0,50.0,50.0,50.0,50.0,50.0,,,True,False,False,False,False,False,70.83214285714286,,0.0,0.0,northern_spear_2_t3,TwoHandedPolearm,two_handed_polearm,45.24,,0.0,,0.0,,,special_or_unlinked,52.29008036109763,0.0,81.95652173913044,0.0,0.25,0.25,0.3125,1.0,,50.54719545710578,13.975003412093852,,xml_structural,false
guard_battania,Guard,4.0,battania,Infantry,1,50.0,50.0,50.0,50.0,50.0,50.0,,,False,False,False,False,False,False,31.999999999999996,,0.0,0.0,northern_spear_2_t3,TwoHandedPolearm,two_handed_polearm,45.24,,0.0,,0.0,,,special_or_unlinked,23.623209803632065,0.0,81.95652173913044,0.0,0.25,0.25,0.3125,1.0,,,9.912802408700143,,xml_structural,false
guard_empire,Guard,21.0,empire,Infantry,0,50.0,50.0,50.0,50.0,50.0,50.0,,,False,False,False,False,False,False,49.25,,0.0,0.0,imperial_spear_t2,TwoHandedPolearm,two_handed_polearm,45.24,,0.0,,0.0,,,special_or_unlinked,36.35759633840248,0.0,81.95652173913044,0.0,0.25,0.25,0.3125,1.0,,,11.717311821593695,,xml_structural,false
guard_empire,Guard,21.0,empire,Infantry,1,50.0,50.0,50.0,50.0,50.0,50.0,,,False,False,False,False,False,False,27.875,,0.0,0.0,imperial_spear_t2,TwoHandedPolearm,two_handed_polearm,45.24,,0.0,,0.0,,,special_or_unlinked,20.578030414882623,0.0,81.95652173913044,0.0,0.25,0.25,0.3125,1.0,,,9.481289288225598,,xml_structural,false
guard_empire,Guard,21.0,empire,Infantry,2,50.0,50.0,50.0,50.0,50.0,50.0,,,False,False,False,False,False,False,32.125,,0.0,0.0,imperial_spear_t2,TwoHandedPolearm,two_handed_polearm,45.24,,0.0,,0.0,,,special_or_unlinked,23.715487966927505,0.0,81.95652173913044,0.0,0.25,0.25,0.3125,1.0,,,9.925878563866041,,xml_structural,false
guard_khuzait,Guard,4.0,khuzait,Infantry,0,50.0,50.0,50.0,50.0,50.0,50.0,,,False,False,False,False,False,False,34.875,,0.0,0.0,eastern_spear_3_t3,TwoHandedPolearm,two_handed_polearm,45.24,,0.0,,0.0,,,special_or_unlinked,25.745607559427135,0.0,81.95652173913044,0.0,0.25,0.25,0.3125,1.0,,,10.213553977515739,,xml_structural,false
guard_khuzait,Guard,4.0,khuzait,Infantry,1,50.0,50.0,50.0,50.0,50.0,50.0,,,False,False,False,False,False,False,33.9375,,0.0,0.0,eastern_spear_3_t3,TwoHandedPolearm,two_handed_polearm,45.24,,0.0,,0.0,,,special_or_unlinked,25.053521334711352,0.0,81.95652173913044,0.0,0.25,0.25,0.3125,1.0,,,10.115482813771523,,xml_structural,false
guard_nord,Guard,4.0,nord,Infantry,0,50.0,50.0,50.0,50.0,50.0,50.0,,,False,False,False,False,False,False,51.87500000000001,,0.0,0.0,northern_spear_2_t3,TwoHandedPolearm,two_handed_polearm,45.24,,0.0,,0.0,,,special_or_unlinked,38.29543776760668,0.0,81.95652173913044,0.0,0.25,0.25,0.3125,1.0,,,11.9919110800775,,xml_structural,false
guard_nord,Guard,4.0,nord,Infantry,1,50.0,50.0,50.0,50.0,50.0,50.0,,,False,False,False,False,False,False,15.625000000000002,,0.0,0.0,northern_spear_2_t3,TwoHandedPolearm,two_handed_polearm,45.24,,0.0,,0.0,,,special_or_unlinked,11.534770411929722,0.0,81.95652173913044,0.0,0.25,0.25,0.3125,1.0,,,8.199826081967858,,xml_structural,false
guard_sturgia,Guard,4.0,sturgia,Infantry,0,50.0,50.0,50.0,50.0,50.0,50.0,,,False,False,False,False,False,False,51.87500000000001,,0.0,0.0,northern_spear_2_t3,TwoHandedPolearm,two_handed_polearm,45.24,,0.0,,0.0,,,special_or_unlinked,38.29543776760668,0.0,81.95652173913044,0.0,0.25,0.25,0.3125,1.0,,,11.9919110800775,,xml_structural,false
guard_sturgia,Guard,4.0,sturgia,Infantry,1,50.0,50.0,50.0,50.0,50.0,50.0,,,False,False,False,False,False,False,37.4375,,0.0,0.0,northern_spear_2_t3,TwoHandedPolearm,two_handed_polearm,45.24,,0.0,,0.0,,,special_or_unlinked,27.63730990698361,0.0,81.95652173913044,0.0,0.25,0.25,0.3125,1.0,,,10.481615158416592,,xml_structural,false
guard_vlandia,Guard,4.0,vlandia,Infantry,0,50.0,50.0,50.0,50.0,50.0,50.0,,,False,False,False,False,False,False,33.625,,0.0,0.0,billhook_polearm_t2,TwoHandedPolearm,two_handed_polearm,45.24,,0.0,,0.0,,,special_or_unlinked,24.82282592647276,0.0,81.95652173913044,0.0,0.25,0.25,0.3125,1.0,,,10.082792425856782,,xml_structural,false
guard_vlandia,Guard,4.0,vlandia,Infantry,1,50.0,50.0,50.0,50.0,50.0,50.0,,,False,False,False,False,False,False,41.00000000000001,,0.0,0.0,billhook_polearm_t2,TwoHandedPolearm,two_handed_polearm,45.24,,0.0,,0.0,,,special_or_unlinked,30.26723756090359,0.0,81.95652173913044,0.0,0.25,0.25,0.3125,1.0,,,10.854285580644609,,xml_structural,false
guardians_tier_1,Guardian Recruit,11.0,empire,Ranged,0,50.0,15.0,15.0,40.0,10.0,5.0,20.0,40.0,False,False,True,False,True,False,4.75,glen_ranger_bow,114.45,54.0,iron_spatha_sword_t2,OneHandedSword,one_handed_sword,41.8,,0.0,,0.0,guardians_tier_1,1.0,main_or_minor_line,3.5065702052266348,74.19773095623987,75.72463768115942,0.0,0.25,0.25,0.25,1.02,1.0374744202378692,,5.5168090184467715,,xml_structural,false
guardians_tier_1,Guardian Recruit,11.0,empire,Ranged,1,50.0,15.0,15.0,40.0,10.0,5.0,20.0,40.0,False,False,True,False,True,False,3.8125000000000004,glen_ranger_bow,114.45,54.0,iron_spatha_sword_t2,OneHandedSword,one_handed_sword,41.8,,0.0,,0.0,guardians_tier_1,1.0,main_or_minor_line,2.814483980510852,74.19773095623987,75.72463768115942,0.0,0.25,0.25,0.25,1.02,0.947862633247799,,5.418737854702557,,xml_structural,false
guardians_tier_2,Expert Guardian,16.0,empire,Ranged,0,110.0,45.0,65.0,90.0,15.0,50.0,60.0,90.0,False,False,True,False,True,False,17.9375,composite_bow,117.8,54.0,short_sword_t3,OneHandedSword,one_handed_sword,41.8,,0.0,,0.0,guardians_tier_1,2.0,main_or_minor_line,13.24191643289532,76.36952998379255,75.72463768115942,0.0,0.4090909090909091,0.5,0.3125,1.06,16.635438306531167,,25.67464785905524,,xml_structural,false
guardians_tier_2,Expert Guardian,16.0,empire,Ranged,1,110.0,45.0,65.0,90.0,15.0,50.0,60.0,90.0,False,False,True,False,True,False,16.4375,composite_bow,117.8,54.0,short_sword_t3,OneHandedSword,one_handed_sword,41.8,,0.0,,0.0,guardians_tier_1,2.0,main_or_minor_line,12.134578473350066,76.36952998379255,75.72463768115942,0.0,0.4090909090909091,0.5,0.3125,1.06,16.492059447347057,,25.517733997064504,,xml_structural,false
guardians_tier_3,Veteran Guardian,21.0,empire,Ranged,0,100.0,45.0,45.0,100.0,15.0,60.0,60.0,100.0,False,False,True,False,True,False,50.8125,lowland_yew_bow,133.5,40.0,broad_arming_sword_t4,OneHandedSword,one_handed_sword,41.8,,0.0,,0.0,guardians_tier_1,3.0,main_or_minor_line,37.51107337959545,86.54781199351702,75.72463768115942,0.0,0.45454545454545453,0.45454545454545453,0.375,1.06,28.446930218135943,,25.699439491211802,,xml_structural,false
guardians_tier_3,Veteran Guardian,21.0,empire,Ranged,1,100.0,45.0,45.0,100.0,15.0,60.0,60.0,100.0,False,False,True,False,True,False,50.8125,lowland_yew_bow,133.5,40.0,broad_arming_sword_t4,OneHandedSword,one_handed_sword,41.8,,0.0,,0.0,guardians_tier_1,3.0,main_or_minor_line,37.51107337959545,86.54781199351702,75.72463768115942,0.0,0.45454545454545453,0.45454545454545453,0.375,1.06,28.446930218135943,,25.699439491211802,,xml_structural,false
hardy_contender,Hardy Contender,16.0,empire,Infantry,0,90.0,90.0,90.0,90.0,,90.0,90.0,90.0,True,False,False,False,False,False,49.74285714285714,,0.0,0.0,western_spear_3_t3,TwoHandedPolearm,two_handed_polearm,45.24,,0.0,,0.0,,,special_or_unlinked,36.72143595368163,0.0,81.95652173913044,0.0,0.4090909090909091,0.4090909090909091,0.5625,1.09,,36.383616915637276,24.7021303463782,,xml_structural,false
hardy_contender,Hardy Contender,16.0,empire,Infantry,1,90.0,90.0,90.0,90.0,,90.0,90.0,90.0,False,False,False,False,False,False,28.5625,,0.0,0.0,broad_arming_sword_t4,OneHandedSword,one_handed_sword,41.8,,0.0,,0.0,,,special_or_unlinked,21.08556031300753,0.0,75.72463768115942,0.0,0.4090909090909091,0.4090909090909091,0.5625,1.09,,,19.957646695208524,,xml_structural,false
hardy_contender_easy,Hardy Contender,16.0,empire,Infantry,0,,,,,,,,,True,False,False,False,False,False,49.74285714285714,,0.0,0.0,western_spear_3_t3,TwoHandedPolearm,two_handed_polearm,45.24,,0.0,,0.0,,,special_or_unlinked,36.72143595368163,0.0,81.95652173913044,0.0,,,,1.0,,36.383616915637276,,,xml_structural,false
hardy_contender_easy,Hardy Contender,16.0,empire,Infantry,1,,,,,,,,,False,False,False,False,False,False,28.5625,,0.0,0.0,broad_arming_sword_t4,OneHandedSword,one_handed_sword,41.8,,0.0,,0.0,,,special_or_unlinked,21.08556031300753,0.0,75.72463768115942,0.0,,,,1.0,,,,,xml_structural,false
hardy_contender_hard,Hardy Contender,16.0,empire,Infantry,0,,,,,,,,,True,False,False,False,False,False,49.74285714285714,,0.0,0.0,western_spear_3_t3,TwoHandedPolearm,two_handed_polearm,45.24,,0.0,,0.0,,,special_or_unlinked,36.72143595368163,0.0,81.95652173913044,0.0,,,,1.0,,36.383616915637276,,,xml_structural,false
hardy_contender_hard,Hardy Contender,16.0,empire,Infantry,1,,,,,,,,,False,False,False,False,False,False,28.5625,,0.0,0.0,broad_arming_sword_t4,OneHandedSword,one_handed_sword,41.8,,0.0,,0.0,,,special_or_unlinked,21.08556031300753,0.0,75.72463768115942,0.0,,,,1.0,,,,,xml_structural,false
hardy_contender_normal,Hardy Contender,16.0,empire,Infantry,0,,,,,,,,,True,False,False,False,False,False,49.74285714285714,,0.0,0.0,western_spear_3_t3,TwoHandedPolearm,two_handed_polearm,45.24,,0.0,,0.0,,,special_or_unlinked,36.72143595368163,0.0,81.95652173913044,0.0,,,,1.0,,36.383616915637276,,,xml_structural,false
hardy_contender_normal,Hardy Contender,16.0,empire,Infantry,1,,,,,,,,,False,False,False,False,False,False,28.5625,,0.0,0.0,broad_arming_sword_t4,OneHandedSword,one_handed_sword,41.8,,0.0,,0.0,,,special_or_unlinked,21.08556031300753,0.0,75.72463768115942,0.0,,,,1.0,,,,,xml_structural,false
hardy_contender_very_hard,Hardy Contender,16.0,empire,Infantry,0,,,,,,,,,True,False,False,False,False,False,49.74285714285714,,0.0,0.0,western_spear_3_t3,TwoHandedPolearm,two_handed_polearm,45.24,,0.0,,0.0,,,special_or_unlinked,36.72143595368163,0.0,81.95652173913044,0.0,,,,1.0,,36.383616915637276,,,xml_structural,false
hardy_contender_very_hard,Hardy Contender,16.0,empire,Infantry,1,,,,,,,,,False,False,False,False,False,False,28.5625,,0.0,0.0,broad_arming_sword_t4,OneHandedSword,one_handed_sword,41.8,,0.0,,0.0,,,special_or_unlinked,21.08556031300753,0.0,75.72463768115942,0.0,,,,1.0,,,,,xml_structural,false
hidden_hand_tier_1,Hidden Pawn,16.0,empire,Infantry,0,40.0,15.0,20.0,20.0,5.0,100.0,15.0,40.0,False,False,False,False,False,True,25.4375,,0.0,0.0,iron_spatha_sword_t2,OneHandedSword,one_handed_sword,41.8,,0.0,empire_throwingknife_t5,18.700000000000003,hidden_hand_tier_1,1.0,main_or_minor_line,18.778606230621584,0.0,75.72463768115942,23.08641975308642,0.25,0.25,0.625,1.015,,,7.680912698402448,36.76877893925528,xml_structural,false
hidden_hand_tier_1,Hidden Pawn,16.0,empire,Infantry,1,40.0,15.0,20.0,20.0,5.0,100.0,15.0,40.0,False,False,False,False,False,True,16.9375,,0.0,0.0,iron_spatha_sword_t2,OneHandedSword,one_handed_sword,41.8,,0.0,empire_throwingknife_t5,18.700000000000003,hidden_hand_tier_1,1.0,main_or_minor_line,12.503691126531816,0.0,75.72463768115942,23.08641975308642,0.25,0.25,0.625,1.015,,,6.791734147121566,34.59851955875348,xml_structural,false
hidden_hand_tier_1,Hidden Pawn,16.0,empire,Infantry,2,40.0,15.0,20.0,20.0,5.0,100.0,15.0,40.0,False,False,False,False,False,True,21.1875,,0.0,0.0,iron_spatha_sword_t2,OneHandedSword,one_handed_sword,41.8,,0.0,empire_throwingknife_t5,18.700000000000003,hidden_hand_tier_1,1.0,main_or_minor_line,15.6411486785767,0.0,75.72463768115942,23.08641975308642,0.25,0.25,0.625,1.015,,,7.236323422762007,35.68364924900439,xml_structural,false
hidden_hand_tier_1,Hidden Pawn,16.0,empire,Infantry,3,40.0,15.0,20.0,20.0,5.0,100.0,15.0,40.0,False,False,False,False,False,True,21.1875,,0.0,0.0,iron_spatha_sword_t2,OneHandedSword,one_handed_sword,41.8,,0.0,empire_throwingknife_t5,18.700000000000003,hidden_hand_tier_1,1.0,main_or_minor_line,15.6411486785767,0.0,75.72463768115942,23.08641975308642,0.25,0.25,0.625,1.015,,,7.236323422762007,35.68364924900439,xml_structural,false
hidden_hand_tier_2,Hidden Soldati,21.0,empire,Infantry,0,70.0,40.0,30.0,30.0,10.0,130.0,40.0,70.0,False,False,False,False,False,True,35.875,,0.0,0.0,empire_sword_4_t4,OneHandedSword,one_handed_sword,41.8,,0.0,lowland_throwing_knife,18.700000000000003,hidden_hand_tier_1,2.0,main_or_minor_line,26.48383286579064,0.0,75.72463768115942,23.08641975308642,0.25,0.3181818181818182,0.8125,1.04,,,13.894127419465578,49.1651226208794,xml_structural,false
hidden_hand_tier_2,Hidden Soldati,21.0,empire,Infantry,1,70.0,40.0,30.0,30.0,10.0,130.0,40.0,70.0,False,False,False,False,False,True,31.75,,0.0,0.0,empire_sword_4_t4,OneHandedSword,one_handed_sword,41.8,,0.0,lowland_throwing_knife,18.700000000000003,hidden_hand_tier_1,2.0,main_or_minor_line,23.438653477041193,0.0,75.72463768115942,23.08641975308642,0.25,0.3181818181818182,0.8125,1.04,,,13.462614298991033,48.11190850975353,xml_structural,false
hidden_hand_tier_2,Hidden Soldati,21.0,empire,Infantry,2,70.0,40.0,30.0,30.0,10.0,130.0,40.0,70.0,False,False,False,False,False,True,36.0,,0.0,0.0,empire_sword_4_t4,OneHandedSword,one_handed_sword,41.8,,0.0,lowland_throwing_knife,18.700000000000003,hidden_hand_tier_1,2.0,main_or_minor_line,26.576111029086075,0.0,75.72463768115942,23.08641975308642,0.25,0.3181818181818182,0.8125,1.04,,,13.90720357463147,49.19703820000442,xml_structural,false
hidden_hand_tier_2,Hidden Soldati,21.0,empire,Infantry,3,70.0,40.0,30.0,30.0,10.0,130.0,40.0,70.0,False,False,False,False,False,True,36.0,,0.0,0.0,empire_sword_4_t4,OneHandedSword,one_handed_sword,41.8,,0.0,lowland_throwing_knife,18.700000000000003,hidden_hand_tier_1,2.0,main_or_minor_line,26.576111029086075,0.0,75.72463768115942,23.08641975308642,0.25,0.3181818181818182,0.8125,1.04,,,13.90720357463147,49.19703820000442,xml_structural,false
hidden_hand_tier_3,Puppeteer,26.0,empire,Infantry,0,100.0,65.0,40.0,45.0,25.0,160.0,50.0,100.0,False,False,False,False,False,True,62.06250000000001,,0.0,0.0,empire_sword_5_t4,OneHandedSword,one_handed_sword,41.8,,0.0,leafblade_throwing_knife,18.700000000000003,hidden_hand_tier_1,3.0,main_or_minor_line,45.816108076184854,0.0,75.72463768115942,23.08641975308642,0.25,0.45454545454545453,1.0,1.05,,,26.876293456142378,65.58282927225684,xml_structural,false
hidden_hand_tier_3,Puppeteer,26.0,empire,Infantry,1,100.0,65.0,40.0,45.0,25.0,160.0,50.0,100.0,False,False,False,False,False,True,60.375,,0.0,0.0,empire_sword_5_t4,OneHandedSword,one_handed_sword,41.8,,0.0,leafblade_throwing_knife,18.700000000000003,hidden_hand_tier_1,3.0,main_or_minor_line,44.570352871696436,0.0,75.72463768115942,23.08641975308642,0.25,0.45454545454545453,1.0,1.05,,,26.69976536140279,65.15196895406899,xml_structural,false
hidden_hand_tier_3,Puppeteer,26.0,empire,Infantry,2,100.0,65.0,40.0,45.0,25.0,160.0,50.0,100.0,True,False,False,False,False,True,80.99285714285715,,0.0,0.0,triangluar_spear_t3,TwoHandedPolearm,two_handed_polearm,45.24,,0.0,leafblade_throwing_knife,18.700000000000003,hidden_hand_tier_1,3.0,main_or_minor_line,59.790976777541076,0.0,81.95652173913044,23.08641975308642,0.25,0.45454545454545453,1.0,1.05,,58.53796452500073,31.666386598705603,73.64928057929149,xml_structural,false
hidden_hand_tier_3,Puppeteer,26.0,empire,Infantry,3,100.0,65.0,40.0,45.0,25.0,160.0,50.0,100.0,True,False,False,False,False,True,80.99285714285715,,0.0,0.0,triangluar_spear_t3,TwoHandedPolearm,two_handed_polearm,45.24,,0.0,leafblade_throwing_knife,18.700000000000003,hidden_hand_tier_1,3.0,main_or_minor_line,59.790976777541076,0.0,81.95652173913044,23.08641975308642,0.25,0.45454545454545453,1.0,1.05,,58.53796452500073,31.666386598705603,73.64928057929149,xml_structural,false
huskarl_swordsman,Huscarl Swordsman,26.0,sturgia,Infantry,0,,,,,,,,,True,False,False,False,False,True,81.01071428571429,,0.0,0.0,sturgia_sword_4_t4,OneHandedSword,one_handed_sword,41.8,,0.0,western_javelin_1_t2,19.8,,,special_or_unlinked,59.80415937229756,0.0,75.72463768115942,24.444444444444443,,,,1.0,,57.673684539673765,,,xml_structural,false
huskarl_swordsman,Huscarl Swordsman,26.0,sturgia,Infantry,1,,,,,,,,,True,False,False,False,False,False,53.925,,0.0,0.0,sturgia_sword_5_t4,OneHandedSword,one_handed_sword,41.8,,0.0,,0.0,,,special_or_unlinked,39.80879964565185,0.0,75.72463768115942,0.0,,,,1.0,,38.24743717888876,,,xml_structural,false
imperial_archer,Imperial Archer,11.0,empire,Ranged,0,40.0,15.0,20.0,40.0,20.0,15.0,5.0,40.0,False,False,True,False,True,False,2.6875000000000004,highland_ranger_bow,111.05,48.0,pugio,Dagger,other,30.0,,0.0,,0.0,imperial_archer,1.0,main_or_minor_line,1.9839805108519124,71.9935170178282,54.347826086956516,0.0,0.25,0.25,0.25,1.005,0.0,,0.0,,xml_structural,false
imperial_archer,Imperial Archer,11.0,empire,Ranged,1,40.0,15.0,20.0,40.0,20.0,15.0,5.0,40.0,False,False,True,False,True,False,6.187500000000002,highland_ranger_bow,111.05,48.0,pugio,Dagger,other,30.0,,0.0,,0.0,imperial_archer,1.0,main_or_minor_line,4.567769083124171,71.9935170178282,54.347826086956516,0.0,0.25,0.25,0.25,1.005,0.3345506714295978,,0.36613234464507005,,xml_structural,false
imperial_cataphract,Imperial Cataphract,26.0,empire,Cavalry,0,130.0,50.0,160.0,60.0,20.0,60.0,130.0,50.0,True,True,False,False,False,False,103.9675,,0.0,0.0,empire_lance_3_t5,TwoHandedPolearm,two_handed_polearm,45.24,,0.0,,0.0,imperial_vigla_recruit,4.0,noble_line,76.7514395393474,0.0,81.95652173913044,0.0,0.2727272727272727,0.7272727272727273,0.375,1.21,,80.38217601006002,61.90919845494632,,xml_structural,false
imperial_cataphract,Imperial Cataphract,26.0,empire,Cavalry,1,130.0,50.0,160.0,60.0,20.0,60.0,130.0,50.0,True,True,False,False,False,False,105.53,,0.0,0.0,empire_lance_3_t5,TwoHandedPolearm,two_handed_polearm,45.24,,0.0,,0.0,imperial_vigla_recruit,4.0,noble_line,77.90491658054037,0.0,81.95652173913044,0.0,0.2727272727272727,0.7272727272727273,0.375,1.21,,81.43155206626534,62.07265039452,,xml_structural,false
imperial_cataphract,Imperial Cataphract,26.0,empire,Cavalry,2,130.0,50.0,160.0,60.0,20.0,60.0,130.0,50.0,True,True,False,False,False,False,116.03,,0.0,0.0,empire_lance_3_t5,TwoHandedPolearm,two_handed_polearm,45.24,,0.0,,0.0,imperial_vigla_recruit,4.0,noble_line,85.65628229735715,0.0,81.95652173913044,0.0,0.2727272727272727,0.7272727272727273,0.375,1.21,,88.48335916396515,63.17104742845522,,xml_structural,false
imperial_conspiracy_boss,Conspiracy Commander,31.0,vlandia,Infantry,0,240.0,60.0,240.0,30.0,25.0,60.0,100.0,160.0,False,False,False,False,False,False,7.4375,,0.0,0.0,empire_sword_5_t4,OneHandedSword,one_handed_sword,41.8,,0.0,,0.0,,,special_or_unlinked,5.4905507160785465,0.0,75.72463768115942,0.0,0.25,1.0909090909090908,0.375,1.1,,,68.96133411928089,,xml_structural,false
imperial_conspiracy_boss,Conspiracy Commander,31.0,vlandia,Infantry,1,240.0,60.0,240.0,30.0,25.0,60.0,100.0,160.0,True,False,False,False,False,False,81.27857142857142,,0.0,0.0,imperial_throwing_spear_1_t4,TwoHandedPolearm,two_handed_polearm,45.24,,0.0,,0.0,,,special_or_unlinked,60.00189829364493,0.0,81.95652173913044,0.0,0.25,1.0909090909090908,0.375,1.1,,57.56302394716427,83.42931940532068,,xml_structural,false
imperial_crossbowman,Imperial Coastguard,21.0,empire,Ranged,0,100.0,45.0,60.0,60.0,100.0,45.0,15.0,100.0,False,False,False,True,True,False,26.875,crossbow_d,146.05,18.0,empire_sword_7_t2,OneHandedSword,one_handed_sword,41.8,,0.0,,0.0,empire_marine_t2,3.0,main_or_minor_line,19.83980510851912,94.6839546191248,75.72463768115942,0.0,0.45454545454545453,0.45454545454545453,0.28125,1.015,28.16200029495747,,23.195355776942844,,xml_structural,false
imperial_crossbowman,Imperial Coastguard,21.0,empire,Ranged,1,100.0,45.0,60.0,60.0,100.0,45.0,15.0,100.0,False,False,False,True,True,False,25.1875,crossbow_d,146.05,18.0,empire_sword_7_t2,OneHandedSword,one_handed_sword,41.8,,0.0,,0.0,empire_marine_t2,3.0,main_or_minor_line,18.594049904030708,94.6839546191248,75.72463768115942,0.0,0.45454545454545453,0.45454545454545453,0.28125,1.015,28.000699078375337,,23.01882768220326,,xml_structural,false
imperial_crossbowman,Imperial Coastguard,21.0,empire,Ranged,2,100.0,45.0,60.0,60.0,100.0,45.0,15.0,100.0,False,False,False,True,True,False,27.5,crossbow_d,146.05,18.0,empire_mace_2_t4,Mace,mace,38.7,,0.0,,0.0,empire_marine_t2,3.0,main_or_minor_line,20.301195924996307,94.6839546191248,70.10869565217392,0.0,0.45454545454545453,0.45454545454545453,0.28125,1.015,28.221741486284184,,20.728646780746217,,xml_structural,false
imperial_elite_cataphract,Imperial Elite Cataphract,31.0,empire,Cavalry,0,160.0,60.0,250.0,60.0,25.0,45.0,200.0,60.0,True,True,False,False,False,False,125.77107142857142,,0.0,0.0,empire_lance_3_t5,TwoHandedPolearm,two_handed_polearm,45.24,,0.0,,0.0,imperial_vigla_recruit,5.0,noble_line,92.84738773702304,0.0,81.95652173913044,0.0,0.2727272727272727,1.1363636363636365,0.28125,1.25,,95.02546932007951,97.44701066799402,,xml_structural,false
imperial_elite_cataphract,Imperial Elite Cataphract,31.0,empire,Cavalry,1,160.0,60.0,250.0,60.0,25.0,45.0,200.0,60.0,True,True,False,False,False,False,118.39607142857142,,0.0,0.0,empire_lance_3_t5,TwoHandedPolearm,two_handed_polearm,45.24,,0.0,,0.0,imperial_vigla_recruit,5.0,noble_line,87.4029761025922,0.0,81.95652173913044,0.0,0.2727272727272727,1.1363636363636365,0.28125,1.25,,90.07241433479037,96.6755175132062,,xml_structural,false
imperial_elite_cataphract,Imperial Elite Cataphract,31.0,empire,Cavalry,2,160.0,60.0,250.0,60.0,25.0,45.0,200.0,60.0,True,True,False,False,False,False,128.83357142857142,,0.0,0.0,empire_lance_3_t5,TwoHandedPolearm,two_handed_polearm,45.24,,0.0,,0.0,imperial_vigla_recruit,5.0,noble_line,95.10820273776126,0.0,81.95652173913044,0.0,0.2727272727272727,1.1363636363636365,0.28125,1.25,,97.08224639024195,97.76737646955847,,xml_structural,false
imperial_elite_menavliaton,Imperial Elite Menavliaton,26.0,empire,Infantry,0,130.0,80.0,130.0,60.0,40.0,80.0,20.0,130.0,False,False,False,False,False,False,58.6875,,0.0,0.0,empire_polearm_1_t4,TwoHandedPolearm,two_handed_polearm,45.24,,0.0,,0.0,imperial_menavliaton,2.0,main_or_minor_line,43.32459766720803,0.0,81.95652173913044,0.0,0.2727272727272727,0.5909090909090909,0.5,1.02,,,40.41869249302067,,xml_structural,false
imperial_elite_menavliaton,Imperial Elite Menavliaton,26.0,empire,Infantry,1,130.0,80.0,130.0,60.0,40.0,80.0,20.0,130.0,False,False,False,False,False,False,50.87499999999999,,0.0,0.0,empire_polearm_1_t4,TwoHandedPolearm,two_handed_polearm,45.24,,0.0,,0.0,imperial_menavliaton,2.0,main_or_minor_line,37.55721246124316,0.0,81.95652173913044,0.0,0.2727272727272727,0.5909090909090909,0.5,1.02,,,39.60143279515221,,xml_structural,false
imperial_equite,Imperial Equite,16.0,empire,Cavalry,0,70.0,10.0,100.0,30.0,10.0,10.0,70.0,40.0,True,True,False,False,False,False,57.14857142857143,,0.0,0.0,western_spear_3_t3,TwoHandedPolearm,two_handed_polearm,45.24,,0.0,,0.0,imperial_vigla_recruit,2.0,noble_line,42.18852165109363,0.0,81.95652173913044,0.0,0.25,0.45454545454545453,0.25,1.1500000000000001,,48.93855193323141,34.84020109221705,,xml_structural,false
imperial_equite,Imperial Equite,16.0,empire,Cavalry,1,70.0,10.0,100.0,30.0,10.0,10.0,70.0,40.0,True,True,False,False,False,False,60.89857142857143,,0.0,0.0,western_spear_3_t3,TwoHandedPolearm,two_handed_polearm,45.24,,0.0,,0.0,imperial_vigla_recruit,2.0,noble_line,44.95686654995676,0.0,81.95652173913044,0.0,0.25,0.45454545454545453,0.25,1.1500000000000001,,51.45705446812419,35.232485747193905,,xml_structural,false
imperial_equite,Imperial Equite,16.0,empire,Cavalry,2,70.0,10.0,100.0,30.0,10.0,10.0,70.0,40.0,True,True,False,False,False,False,62.46107142857143,,0.0,0.0,western_spear_3_t3,TwoHandedPolearm,two_handed_polearm,45.24,,0.0,,0.0,imperial_vigla_recruit,2.0,noble_line,46.110343591149736,0.0,81.95652173913044,0.0,0.25,0.45454545454545453,0.25,1.1500000000000001,,52.50643052432954,35.39593768676761,,xml_structural,false
imperial_heavy_horseman,Imperial Heavy Horseman,21.0,empire,Cavalry,0,110.0,15.0,150.0,40.0,15.0,15.0,110.0,40.0,True,True,False,False,False,False,85.3125,,0.0,0.0,western_spear_4_t4,TwoHandedPolearm,two_handed_polearm,45.24,,0.0,,0.0,imperial_vigla_recruit,3.0,noble_line,62.979846449136275,0.0,81.95652173913044,0.0,0.25,0.6818181818181818,0.25,1.1900000000000002,,67.85346539981336,56.2624955971345,,xml_structural,false
imperial_heavy_horseman,Imperial Heavy Horseman,21.0,empire,Cavalry,1,110.0,15.0,150.0,40.0,15.0,15.0,110.0,40.0,True,True,False,False,False,False,92.3125,,0.0,0.0,western_spear_4_t4,TwoHandedPolearm,two_handed_polearm,45.24,,0.0,,0.0,imperial_vigla_recruit,3.0,noble_line,68.14742359368078,0.0,81.95652173913044,0.0,0.25,0.6818181818181818,0.25,1.1900000000000002,,72.55467013161324,56.99476028642465,,xml_structural,false
imperial_heavy_horseman,Imperial Heavy Horseman,21.0,empire,Cavalry,2,110.0,15.0,150.0,40.0,15.0,15.0,110.0,40.0,True,True,False,False,False,False,98.25,,0.0,0.0,western_spear_4_t4,TwoHandedPolearm,two_handed_polearm,45.24,,0.0,,0.0,imperial_vigla_recruit,3.0,noble_line,72.53063635021408,0.0,81.95652173913044,0.0,0.25,0.6818181818181818,0.25,1.1900000000000002,,76.5422991451935,57.61587765680467,,xml_structural,false
imperial_legionary,Imperial Legionary,26.0,empire,Infantry,0,130.0,80.0,130.0,60.0,60.0,80.0,20.0,130.0,True,False,False,False,False,False,70.46607142857142,,0.0,0.0,imperial_throwing_spear_1_t4,TwoHandedPolearm,two_handed_polearm,45.24,,0.0,,0.0,,,special_or_unlinked,52.01983716858956,0.0,81.95652173913044,0.0,0.2727272727272727,0.5909090909090909,0.5,1.02,,50.301341638223384,41.650839914081324,,xml_structural,false
imperial_legionary,Imperial Legionary,26.0,empire,Infantry,1,130.0,80.0,130.0,60.0,60.0,80.0,20.0,130.0,True,False,False,False,False,False,77.40357142857142,,0.0,0.0,imperial_throwing_spear_1_t4,TwoHandedPolearm,two_handed_polearm,45.24,,0.0,,0.0,,,special_or_unlinked,57.141275231486354,0.0,81.95652173913044,0.0,0.2727272727272727,0.5909090909090909,0.5,1.02,,54.96057132777505,42.37656652578851,,xml_structural,false
imperial_legionary,Imperial Legionary,26.0,empire,Infantry,2,130.0,80.0,130.0,60.0,60.0,80.0,20.0,130.0,True,False,False,False,False,False,87.8375,,0.0,0.0,imperial_throwing_spear_1_t4,TwoHandedPolearm,two_handed_polearm,45.24,,0.0,,0.0,,,special_or_unlinked,64.84386534770411,0.0,81.95652173913044,0.0,0.2727272727272727,0.5909090909090909,0.5,1.02,,61.968004809383885,43.46805187770745,,xml_structural,false
imperial_menavliaton,Imperial Menavliaton,21.0,empire,Infantry,0,100.0,60.0,100.0,45.0,45.0,60.0,15.0,100.0,False,False,False,False,False,False,50.8125,,0.0,0.0,empire_polearm_1_t4,TwoHandedPolearm,two_handed_polearm,45.24,,0.0,,0.0,imperial_menavliaton,1.0,main_or_minor_line,37.51107337959545,0.0,81.95652173913044,0.0,0.25,0.45454545454545453,0.375,1.015,,,28.509242335008512,,xml_structural,false
imperial_menavliaton,Imperial Menavliaton,21.0,empire,Infantry,1,100.0,60.0,100.0,45.0,45.0,60.0,15.0,100.0,False,False,False,False,False,False,42.68750000000001,,0.0,0.0,empire_polearm_1_t4,TwoHandedPolearm,two_handed_polearm,45.24,,0.0,,0.0,imperial_menavliaton,1.0,main_or_minor_line,31.512992765392003,0.0,81.95652173913044,0.0,0.25,0.45454545454545453,0.375,1.015,,,27.659292249225313,,xml_structural,false
imperial_militia_archer,Imperial Militia Archer,11.0,empire,Ranged,0,,,,,,,,,False,False,True,False,True,False,3.8125000000000004,hunting_bow,103.10000000000001,54.0,peasant_hatchet_1_t1,OneHandedAxe,axe,40.48,,0.0,,0.0,,,special_or_unlinked,2.814483980510852,66.83954619124798,73.33333333333331,0.0,,,,1.0,,,,,xml_structural,false
imperial_militia_archer,Imperial Militia Archer,11.0,empire,Ranged,1,,,,,,,,,False,False,True,False,True,False,3.8125000000000004,hunting_bow,103.10000000000001,54.0,peasant_hammer_1_t1,Mace,mace,38.7,,0.0,,0.0,,,special_or_unlinked,2.814483980510852,66.83954619124798,70.10869565217392,0.0,,,,1.0,,,,,xml_structural,false
imperial_militia_archer,Imperial Militia Archer,11.0,empire,Ranged,2,,,,,,,,,False,False,True,False,True,False,4.0,hunting_bow,103.10000000000001,54.0,peasant_hatchet_1_t1,OneHandedAxe,axe,40.48,,0.0,,0.0,,,special_or_unlinked,2.9529012254540086,66.83954619124798,73.33333333333331,0.0,,,,1.0,,,,,xml_structural,false
imperial_militia_archer,Imperial Militia Archer,11.0,empire,Ranged,3,,,,,,,,,False,False,True,False,True,False,4.0,hunting_bow,103.10000000000001,54.0,peasant_hammer_1_t1,Mace,mace,38.7,,0.0,,0.0,,,special_or_unlinked,2.9529012254540086,66.83954619124798,70.10869565217392,0.0,,,,1.0,,,,,xml_structural,false
imperial_militia_spearman,Imperial Militia Spearman,11.0,empire,Infantry,0,,,,,,,,,True,False,False,False,False,False,14.564285714285713,,0.0,0.0,imperial_spear_t2,TwoHandedPolearm,two_handed_polearm,45.24,,0.0,,0.0,,,special_or_unlinked,10.751724283394148,0.0,81.95652173913044,0.0,,,,1.0,,12.757664564500159,,,xml_structural,false
imperial_militia_spearman,Imperial Militia Spearman,11.0,empire,Infantry,1,,,,,,,,,True,False,False,False,False,False,14.439285714285715,,0.0,0.0,imperial_spear_t2,TwoHandedPolearm,two_handed_polearm,45.24,,0.0,,0.0,,,special_or_unlinked,10.659446120098712,0.0,81.95652173913044,0.0,,,,1.0,,12.673714480003735,,,xml_structural,false
imperial_militia_spearman,Imperial Militia Spearman,11.0,empire,Infantry,2,,,,,,,,,True,False,False,False,False,False,14.939285714285715,,0.0,0.0,imperial_spear_t2,TwoHandedPolearm,two_handed_polearm,45.24,,0.0,,0.0,,,special_or_unlinked,11.028558773280462,0.0,81.95652173913044,0.0,,,,1.0,,13.009514817989439,,,xml_structural,false
imperial_militia_spearman,Imperial Militia Spearman,11.0,empire,Infantry,3,,,,,,,,,True,False,False,False,False,False,15.126785714285713,,0.0,0.0,imperial_spear_t2,TwoHandedPolearm,two_handed_polearm,45.24,,0.0,,0.0,,,special_or_unlinked,11.166976018223618,0.0,81.95652173913044,0.0,,,,1.0,,13.135439944734083,,,xml_structural,false
imperial_militia_veteran_archer,Imperial Militia Veteran Archer,16.0,empire,Ranged,0,,,,,,,,,False,False,True,False,True,False,20.375,hunting_bow,103.10000000000001,54.0,small_spurred_axe_t2,OneHandedAxe,axe,40.48,,0.0,,0.0,,,special_or_unlinked,15.041340617156354,66.83954619124798,73.33333333333331,0.0,,,,1.0,,,,,xml_structural,false
imperial_militia_veteran_archer,Imperial Militia Veteran Archer,16.0,empire,Ranged,1,,,,,,,,,False,False,True,False,True,False,18.4375,hunting_bow,103.10000000000001,54.0,small_bit_axe_t2,OneHandedAxe,axe,40.48,,0.0,,0.0,,,special_or_unlinked,13.61102908607707,66.83954619124798,73.33333333333331,0.0,,,,1.0,,,,,xml_structural,false
imperial_militia_veteran_archer,Imperial Militia Veteran Archer,16.0,empire,Ranged,2,,,,,,,,,False,False,True,False,True,False,12.249999999999998,hunting_bow,103.10000000000001,54.0,small_spurred_axe_t2,OneHandedAxe,axe,40.48,,0.0,,0.0,,,special_or_unlinked,9.043260002952898,66.83954619124798,73.33333333333331,0.0,,,,1.0,,,,,xml_structural,false
imperial_militia_veteran_archer,Imperial Militia Veteran Archer,16.0,empire,Ranged,3,,,,,,,,,False,False,True,False,True,False,16.625,hunting_bow,103.10000000000001,54.0,small_spurred_axe_t2,OneHandedAxe,axe,40.48,,0.0,,0.0,,,special_or_unlinked,12.272995718293222,66.83954619124798,73.33333333333331,0.0,,,,1.0,,,,,xml_structural,false
imperial_militia_veteran_spearman,Imperial Militia Veteran Spearman,16.0,empire,Infantry,0,,,,,,,,,True,False,False,False,False,False,35.198214285714286,,0.0,0.0,imperial_spear_t2,TwoHandedPolearm,two_handed_polearm,45.24,,0.0,,0.0,,,special_or_unlinked,25.984212524519624,0.0,81.95652173913044,0.0,,,,1.0,,26.615424941017395,,,xml_structural,false
imperial_militia_veteran_spearman,Imperial Militia Veteran Spearman,16.0,empire,Infantry,1,,,,,,,,,True,False,False,False,False,False,33.69821428571429,,0.0,0.0,imperial_spear_t2,TwoHandedPolearm,two_handed_polearm,45.24,,0.0,,0.0,,,special_or_unlinked,24.876874564974376,0.0,81.95652173913044,0.0,,,,1.0,,25.60802392706028,,,xml_structural,false
imperial_militia_veteran_spearman,Imperial Militia Veteran Spearman,16.0,empire,Infantry,2,,,,,,,,,True,False,False,False,False,False,32.198214285714286,,0.0,0.0,imperial_spear_t2,TwoHandedPolearm,two_handed_polearm,45.24,,0.0,,0.0,,,special_or_unlinked,23.769536605429117,0.0,81.95652173913044,0.0,,,,1.0,,24.600622913103155,,,xml_structural,false
imperial_militia_veteran_spearman,Imperial Militia Veteran Spearman,16.0,empire,Infantry,3,,,,,,,,,True,False,False,False,False,False,33.69821428571429,,0.0,0.0,imperial_spear_t2,TwoHandedPolearm,two_handed_polearm,45.24,,0.0,,0.0,,,special_or_unlinked,24.876874564974376,0.0,81.95652173913044,0.0,,,,1.0,,25.60802392706028,,,xml_structural,false
imperial_palatine_guard,Imperial Palatine Guard,26.0,empire,Ranged,0,130.0,30.0,80.0,140.0,80.0,60.0,40.0,130.0,False,False,True,False,True,False,38.8125,lowland_longbow,121.5,48.0,empire_sword_3_t3,OneHandedSword,one_handed_sword,41.8,,0.0,,0.0,imperial_archer,4.0,main_or_minor_line,28.652369703233425,78.76823338735818,75.72463768115942,0.0,0.6363636363636364,0.5909090909090909,0.375,1.04,37.833608633797105,,34.686840124707594,,xml_structural,false
imperial_palatine_guard,Imperial Palatine Guard,26.0,empire,Ranged,1,130.0,30.0,80.0,140.0,80.0,60.0,40.0,130.0,False,False,True,False,True,False,52.62499999999999,lowland_longbow,121.5,48.0,empire_sword_3_t3,OneHandedSword,one_handed_sword,41.8,,0.0,,0.0,imperial_archer,4.0,main_or_minor_line,38.84910674737929,78.76823338735818,75.72463768115942,0.0,0.6363636363636364,0.5909090909090909,0.375,1.04,39.15388896211748,,36.131755270539024,,xml_structural,false
imperial_palatine_guard,Imperial Palatine Guard,26.0,empire,Ranged,2,130.0,30.0,80.0,140.0,80.0,60.0,40.0,130.0,False,False,True,False,True,False,50.375,lowland_longbow,121.5,48.0,empire_sword_3_t3,OneHandedSword,one_handed_sword,41.8,,0.0,,0.0,imperial_archer,4.0,main_or_minor_line,37.188099808061416,78.76823338735818,75.72463768115942,0.0,0.6363636363636364,0.5909090909090909,0.375,1.04,38.93882067334131,,35.89638447755291,,xml_structural,false
imperial_sergeant_crossbowman,Imperial Sergeant Boatsman,26.0,empire,Ranged,0,130.0,80.0,80.0,80.0,130.0,60.0,20.0,130.0,True,False,False,True,True,False,51.96607142857143,crossbow_d,146.05,18.0,,,,0.0,,0.0,,0.0,empire_marine_t2,4.0,main_or_minor_line,38.36266900086478,94.6839546191248,0.0,0.0,0.5909090909090909,0.5909090909090909,0.375,1.02,47.9628101908135,25.450067758552326,,,xml_structural,false
imperial_sergeant_crossbowman,Imperial Sergeant Boatsman,26.0,empire,Ranged,1,130.0,80.0,80.0,80.0,130.0,60.0,20.0,130.0,True,False,False,True,True,False,58.27857142857143,crossbow_d,146.05,18.0,empire_mace_2_t4,Mace,mace,38.7,,0.0,,0.0,empire_marine_t2,4.0,main_or_minor_line,43.022716247284386,94.6839546191248,70.10869565217392,0.0,0.5909090909090909,0.5909090909090909,0.375,1.02,48.56619622321331,40.319781225036955,33.43145438483687,,xml_structural,false
imperial_sergeant_crossbowman,Imperial Sergeant Boatsman,26.0,empire,Ranged,2,130.0,80.0,80.0,80.0,130.0,60.0,20.0,130.0,True,False,False,True,True,False,53.59107142857143,crossbow_d,146.05,18.0,empire_mace_2_t4,Mace,mace,38.7,,0.0,,0.0,empire_marine_t2,4.0,main_or_minor_line,39.56228512370547,94.6839546191248,70.10869565217392,0.0,0.5909090909090909,0.5909090909090909,0.375,1.02,48.118137288262965,37.171653056420965,32.9410985661158,,xml_structural,false
imperial_trained_archer,Imperial Trained Archer,16.0,empire,Ranged,0,70.0,40.0,30.0,70.0,30.0,40.0,10.0,70.0,False,False,True,False,True,False,24.375,glen_ranger_bow,115.95,48.0,empire_sword_1_t2,OneHandedSword,one_handed_sword,41.8,,0.0,,0.0,imperial_archer,2.0,main_or_minor_line,17.994241842610364,75.17017828200973,75.72463768115942,0.0,0.3181818181818182,0.3181818181818182,0.25,1.01,8.20198773324138,,12.691121144203205,,xml_structural,false
imperial_trained_archer,Imperial Trained Archer,16.0,empire,Ranged,1,70.0,40.0,30.0,70.0,30.0,40.0,10.0,70.0,False,False,True,False,True,False,23.562499999999996,glen_ranger_bow,115.95,48.0,empire_sword_1_t2,OneHandedSword,one_handed_sword,41.8,,0.0,,0.0,imperial_archer,2.0,main_or_minor_line,17.394433781190013,75.17017828200973,75.72463768115942,0.0,0.3181818181818182,0.3181818181818182,0.25,1.01,8.124324184516654,,12.606126135624887,,xml_structural,false
imperial_trained_archer,Imperial Trained Archer,16.0,empire,Ranged,2,70.0,40.0,30.0,70.0,30.0,40.0,10.0,70.0,False,False,True,False,True,False,21.375,glen_ranger_bow,115.95,48.0,empire_sword_1_t2,OneHandedSword,one_handed_sword,41.8,,0.0,,0.0,imperial_archer,2.0,main_or_minor_line,15.779565923519858,75.17017828200973,75.72463768115942,0.0,0.3181818181818182,0.3181818181818182,0.25,1.01,7.915230014873153,,12.377293420221717,,xml_structural,false
imperial_veteran_archer,Imperial Veteran Archer,21.0,empire,Ranged,0,100.0,60.0,60.0,100.0,45.0,45.0,15.0,100.0,False,False,True,False,True,False,30.6875,lowland_longbow,121.5,48.0,empire_sword_3_t3,OneHandedSword,one_handed_sword,41.8,,0.0,,0.0,imperial_archer,3.0,main_or_minor_line,22.65428908902997,78.76823338735818,75.72463768115942,0.0,0.45454545454545453,0.45454545454545453,0.28125,1.015,21.110430108867252,,23.594178509502655,,xml_structural,false
imperial_veteran_archer,Imperial Veteran Archer,21.0,empire,Ranged,1,100.0,60.0,60.0,100.0,45.0,45.0,15.0,100.0,False,False,True,False,True,False,38.18750000000001,lowland_longbow,121.5,48.0,empire_sword_3_t3,OneHandedSword,one_handed_sword,41.8,,0.0,,0.0,imperial_archer,3.0,main_or_minor_line,28.190978886756245,78.76823338735818,75.72463768115942,0.0,0.45454545454545453,0.45454545454545453,0.28125,1.015,21.827324404787817,,24.378747819456375,,xml_structural,false
imperial_veteran_archer,Imperial Veteran Archer,21.0,empire,Ranged,2,100.0,60.0,60.0,100.0,45.0,45.0,15.0,100.0,False,False,True,False,True,False,30.3125,lowland_longbow,121.5,48.0,empire_sword_3_t3,OneHandedSword,one_handed_sword,41.8,,0.0,,0.0,imperial_archer,3.0,main_or_minor_line,22.377454599143658,78.76823338735818,75.72463768115942,0.0,0.45454545454545453,0.45454545454545453,0.28125,1.015,21.07458539407122,,23.554950044004965,,xml_structural,false
imperial_vigla_recruit,Imperial Vigla Recruit,11.0,empire,Cavalry,0,60.0,5.0,40.0,20.0,5.0,5.0,40.0,30.0,True,True,False,False,False,False,43.47714285714285,,0.0,0.0,western_spear_2_t2,TwoHandedPolearm,two_handed_polearm,45.24,,0.0,,0.0,imperial_vigla_recruit,1.0,noble_line,32.09592710552403,0.0,81.95652173913044,0.0,0.25,0.2727272727272727,0.25,1.12,,39.75681126316511,18.629173478087086,,xml_structural,false
imperial_vigla_recruit,Imperial Vigla Recruit,11.0,empire,Cavalry,1,60.0,5.0,40.0,20.0,5.0,5.0,40.0,30.0,True,True,False,False,False,False,44.35214285714285,,0.0,0.0,western_spear_2_t2,TwoHandedPolearm,two_handed_polearm,45.24,,0.0,,0.0,imperial_vigla_recruit,1.0,noble_line,32.7418742485921,0.0,81.95652173913044,0.0,0.25,0.2727272727272727,0.25,1.12,,40.3444618546401,18.720706564248353,,xml_structural,false
imperial_vigla_recruit,Imperial Vigla Recruit,11.0,empire,Cavalry,2,60.0,5.0,40.0,20.0,5.0,5.0,40.0,30.0,True,True,False,False,False,False,43.35214285714285,,0.0,0.0,western_spear_2_t2,TwoHandedPolearm,two_handed_polearm,45.24,,0.0,,0.0,imperial_vigla_recruit,1.0,noble_line,32.003648942228594,0.0,81.95652173913044,0.0,0.25,0.2727272727272727,0.25,1.12,,39.67286117866869,18.616097322921192,,xml_structural,false
jawwal_tier_1,Jawwal Recruit,11.0,aserai,Infantry,0,40.0,15.0,20.0,20.0,5.0,40.0,15.0,180.0,True,False,False,False,False,True,17.966071428571432,,0.0,0.0,eastern_spear_1_t2,TwoHandedPolearm,two_handed_polearm,45.24,,0.0,eastern_javelin_1_t2,19.8,jawwal_tier_1,1.0,main_or_minor_line,13.263008584505707,0.0,81.95652173913044,24.444444444444443,0.25,0.25,0.25,1.015,,16.27776948705515,8.444723788003412,19.394664844924524,xml_structural,false
jawwal_tier_1,Jawwal Recruit,11.0,aserai,Infantry,1,40.0,15.0,20.0,20.0,5.0,40.0,15.0,180.0,True,False,False,False,False,True,18.841071428571432,,0.0,0.0,eastern_spear_1_t2,TwoHandedPolearm,two_handed_polearm,45.24,,0.0,eastern_javelin_1_t2,19.8,jawwal_tier_1,1.0,main_or_minor_line,13.90895572757377,0.0,81.95652173913044,24.444444444444443,0.25,0.25,0.25,1.015,,16.86542007853014,8.536256874164678,19.61807389879971,xml_structural,false
jawwal_tier_1,Jawwal Recruit,11.0,aserai,Infantry,2,40.0,15.0,20.0,20.0,5.0,40.0,15.0,180.0,True,False,False,False,False,True,17.278571428571432,,0.0,0.0,eastern_spear_1_t2,TwoHandedPolearm,two_handed_polearm,45.24,,0.0,eastern_javelin_1_t2,19.8,jawwal_tier_1,1.0,main_or_minor_line,12.7554786863808,0.0,81.95652173913044,24.444444444444443,0.25,0.25,0.25,1.015,,15.816044022324805,8.372804934590986,19.219129159736887,xml_structural,false
jawwal_tier_1,Jawwal Recruit,11.0,aserai,Infantry,3,40.0,15.0,20.0,20.0,5.0,40.0,15.0,180.0,True,False,False,False,False,True,19.091071428571432,,0.0,0.0,eastern_spear_1_t2,TwoHandedPolearm,two_handed_polearm,45.24,,0.0,eastern_javelin_1_t2,19.8,jawwal_tier_1,1.0,main_or_minor_line,14.093512054164647,0.0,81.95652173913044,24.444444444444443,0.25,0.25,0.25,1.015,,17.03332024752298,8.562409184496468,19.68190505704976,xml_structural,false
jawwal_tier_1,Jawwal Recruit,11.0,aserai,Infantry,4,40.0,15.0,20.0,20.0,5.0,40.0,15.0,180.0,True,False,False,False,False,True,17.966071428571432,,0.0,0.0,eastern_spear_1_t2,TwoHandedPolearm,two_handed_polearm,45.24,,0.0,eastern_javelin_1_t2,19.8,jawwal_tier_1,1.0,main_or_minor_line,13.263008584505707,0.0,81.95652173913044,24.444444444444443,0.25,0.25,0.25,1.015,,16.27776948705515,8.444723788003412,19.394664844924524,xml_structural,false
jawwal_tier_2,Jawwal Camel Rider,16.0,aserai,Cavalry,0,40.0,60.0,110.0,40.0,15.0,110.0,40.0,110.0,True,True,False,False,False,True,67.14892857142857,,0.0,0.0,triangluar_spear_t3,TwoHandedPolearm,two_handed_polearm,45.24,,0.0,eastern_javelin_1_t2,19.8,jawwal_tier_1,2.0,main_or_minor_line,49.571038366623775,0.0,81.95652173913044,24.444444444444443,0.25,0.5,0.6875,1.12,,56.8902618876606,39.5815483267856,76.74628929224245,xml_structural,false
jawwal_tier_2,Jawwal Camel Rider,16.0,aserai,Cavalry,1,40.0,60.0,110.0,40.0,15.0,110.0,40.0,110.0,True,True,False,False,False,True,50.89892857142857,,0.0,0.0,triangluar_spear_t3,TwoHandedPolearm,two_handed_polearm,45.24,,0.0,eastern_javelin_1_t2,19.8,jawwal_tier_1,2.0,main_or_minor_line,37.57487713821686,0.0,81.95652173913044,24.444444444444443,0.25,0.5,0.6875,1.12,,45.976750903125165,37.8816481552192,72.59726400598902,xml_structural,false
jawwal_tier_2,Jawwal Camel Rider,16.0,aserai,Cavalry,2,40.0,60.0,110.0,40.0,15.0,110.0,40.0,110.0,True,True,False,False,False,True,67.14892857142857,,0.0,0.0,triangluar_spear_t3,TwoHandedPolearm,two_handed_polearm,45.24,,0.0,eastern_javelin_1_t2,19.8,jawwal_tier_1,2.0,main_or_minor_line,49.571038366623775,0.0,81.95652173913044,24.444444444444443,0.25,0.5,0.6875,1.12,,56.8902618876606,39.5815483267856,76.74628929224245,xml_structural,false
jawwal_tier_2,Jawwal Camel Rider,16.0,aserai,Cavalry,3,40.0,60.0,110.0,40.0,15.0,110.0,40.0,110.0,True,True,False,False,False,True,48.64892857142857,,0.0,0.0,triangluar_spear_t3,TwoHandedPolearm,two_handed_polearm,45.24,,0.0,eastern_javelin_1_t2,19.8,jawwal_tier_1,2.0,main_or_minor_line,35.913870198898984,0.0,81.95652173913044,24.444444444444443,0.25,0.5,0.6875,1.12,,44.4656493821895,37.64627736223309,72.02278358173855,xml_structural,false
jawwal_tier_3,Jawwal Bedouin,26.0,aserai,Cavalry,0,80.0,60.0,130.0,40.0,20.0,140.0,180.0,130.0,True,True,False,False,False,True,64.48142857142857,,0.0,0.0,eastern_spear_5_t5,TwoHandedPolearm,two_handed_polearm,45.24,,0.0,eastern_javelin_1_t2,19.8,jawwal_tier_1,3.0,main_or_minor_line,47.60182236189913,0.0,81.95652173913044,24.444444444444443,0.25,0.5909090909090909,0.875,1.25,,55.09876708450685,46.692938097252565,86.36903853043906,xml_structural,false
jawwal_tier_3,Jawwal Bedouin,26.0,aserai,Cavalry,1,80.0,60.0,130.0,40.0,20.0,140.0,180.0,130.0,True,True,False,False,False,True,67.66892857142858,,0.0,0.0,eastern_spear_5_t5,TwoHandedPolearm,two_handed_polearm,45.24,,0.0,eastern_javelin_1_t2,19.8,jawwal_tier_1,3.0,main_or_minor_line,49.954915525932805,0.0,81.95652173913044,24.444444444444443,0.25,0.5909090909090909,0.875,1.25,,57.23949423916572,47.02638005398289,87.18288579812723,xml_structural,false
jawwal_tier_3,Jawwal Bedouin,26.0,aserai,Cavalry,2,80.0,60.0,130.0,40.0,20.0,140.0,180.0,130.0,True,True,False,False,False,True,64.73142857142857,,0.0,0.0,eastern_spear_5_t5,TwoHandedPolearm,two_handed_polearm,45.24,,0.0,eastern_javelin_1_t2,19.8,jawwal_tier_1,3.0,main_or_minor_line,47.78637868849001,0.0,81.95652173913044,24.444444444444443,0.25,0.5909090909090909,0.875,1.25,,55.26666725349971,46.719090407584346,86.43286968868912,xml_structural,false
karakhuzaits_tier_1,Karakhergit Nomad,16.0,khuzait,HorseArcher,0,20.0,15.0,10.0,70.0,5.0,15.0,40.0,40.0,False,True,True,False,True,False,46.03,steppe_bow,97.89999999999999,24.0,eastern_spear_1_t2,TwoHandedPolearm,two_handed_polearm,45.24,,0.0,,0.0,karakhuzaits_tier_1,1.0,main_or_minor_line,33.980510851912,63.46839546191248,81.95652173913044,0.0,0.3181818181818182,0.25,0.25,1.12,19.075907197596383,26.30880725145187,17.048617196591213,,xml_structural,false
karakhuzaits_tier_1,Karakhergit Nomad,16.0,khuzait,HorseArcher,1,20.0,15.0,10.0,70.0,5.0,15.0,40.0,40.0,False,True,True,False,True,False,43.155,steppe_bow,97.89999999999999,24.0,eastern_spear_1_t2,TwoHandedPolearm,two_handed_polearm,45.24,,0.0,,0.0,karakhuzaits_tier_1,1.0,main_or_minor_line,31.858113096116934,63.46839546191248,81.95652173913044,0.0,0.3181818181818182,0.25,0.25,1.12,18.8010977174935,24.377955308034068,16.74786562777562,,xml_structural,false
karakhuzaits_tier_1,Karakhergit Nomad,16.0,khuzait,HorseArcher,2,20.0,15.0,10.0,70.0,5.0,15.0,40.0,40.0,False,True,True,False,True,False,43.92999999999999,steppe_bow,97.89999999999999,24.0,eastern_spear_1_t2,TwoHandedPolearm,two_handed_polearm,45.24,,0.0,,0.0,karakhuzaits_tier_1,1.0,main_or_minor_line,32.43023770854864,63.46839546191248,81.95652173913044,0.0,0.3181818181818182,0.25,0.25,1.12,18.87517679473863,24.8984458319119,16.82893778980417,,xml_structural,false
karakhuzaits_tier_1,Karakhergit Nomad,16.0,khuzait,HorseArcher,3,20.0,15.0,10.0,70.0,5.0,15.0,40.0,40.0,False,True,True,False,True,False,44.30499999999999,steppe_bow,97.89999999999999,24.0,eastern_spear_1_t2,TwoHandedPolearm,two_handed_polearm,45.24,,0.0,,0.0,karakhuzaits_tier_1,1.0,main_or_minor_line,32.70707219843495,63.46839546191248,81.95652173913044,0.0,0.3181818181818182,0.25,0.25,1.12,18.911021509534653,25.150296085401184,16.868166255301855,,xml_structural,false
karakhuzaits_tier_2,Karakhergit Rider,21.0,khuzait,HorseArcher,0,70.0,30.0,40.0,110.0,10.0,30.0,60.0,40.0,False,True,True,False,True,False,43.23,steppe_heavy_bow,110.45,27.0,eastern_spear_2_t3,TwoHandedPolearm,two_handed_polearm,45.24,,0.0,,0.0,karakhuzaits_tier_1,2.0,main_or_minor_line,31.913479994094196,71.60453808752025,81.95652173913044,0.0,0.5,0.3181818181818182,0.25,1.1400000000000001,37.186068609950674,24.428325358731925,22.29853751215553,,xml_structural,false
karakhuzaits_tier_2,Karakhergit Rider,21.0,khuzait,HorseArcher,1,70.0,30.0,40.0,110.0,10.0,30.0,60.0,40.0,False,True,True,False,True,False,44.042500000000004,steppe_heavy_bow,110.45,27.0,eastern_spear_2_t3,TwoHandedPolearm,two_handed_polearm,45.24,,0.0,,0.0,karakhuzaits_tier_1,2.0,main_or_minor_line,32.51328805551454,71.60453808752025,81.95652173913044,0.0,0.5,0.3181818181818182,0.25,1.1400000000000001,37.26373215867539,24.974000907958697,22.38353252073385,,xml_structural,false
karakhuzaits_tier_3,Karakhergit Elder,26.0,khuzait,HorseArcher,0,100.0,45.0,45.0,140.0,15.0,60.0,100.0,60.0,False,True,True,False,True,False,66.075,steppe_war_bow,114.15,27.0,eastern_spear_4_t4,TwoHandedPolearm,two_handed_polearm,45.24,,0.0,,0.0,karakhuzaits_tier_1,3.0,main_or_minor_line,48.7782371179684,74.0032414910859,81.95652173913044,0.0,0.6363636363636364,0.45454545454545453,0.375,1.1800000000000002,54.27165056194721,39.7710428012988,35.77398801283531,,xml_structural,false
karakhuzaits_tier_3,Karakhergit Elder,26.0,khuzait,HorseArcher,1,100.0,45.0,45.0,140.0,15.0,60.0,100.0,60.0,False,True,True,False,True,False,66.44999999999999,steppe_war_bow,114.15,27.0,eastern_spear_4_t4,TwoHandedPolearm,two_handed_polearm,45.24,,0.0,,0.0,karakhuzaits_tier_1,3.0,main_or_minor_line,49.05507160785471,74.0032414910859,81.95652173913044,0.0,0.6363636363636364,0.45454545454545453,0.375,1.1800000000000002,54.30749527674322,40.02289305478808,35.81321647833299,,xml_structural,false
khuzait_Tengri,Khuzait Tengri,26.0,khuzait,Infantry,0,120.0,120.0,140.0,60.0,20.0,110.0,80.0,130.0,False,False,False,False,False,False,33.93750000000001,,0.0,0.0,,,,0.0,,0.0,,0.0,khuzait_nomad,5.0,main_or_minor_line,25.05352133471136,0.0,0.0,0.0,0.2727272727272727,0.6363636363636364,0.6875,1.08,,,,,xml_structural,false
khuzait_Tengri,Khuzait Tengri,26.0,khuzait,Infantry,1,120.0,120.0,140.0,60.0,20.0,110.0,80.0,130.0,False,False,False,False,False,False,42.25000000000001,,0.0,0.0,,,,0.0,,0.0,,0.0,khuzait_nomad,5.0,main_or_minor_line,31.19001919385797,0.0,0.0,0.0,0.2727272727272727,0.6363636363636364,0.6875,1.08,,,,,xml_structural,false
khuzait_Tengri,Khuzait Tengri,26.0,khuzait,Infantry,2,120.0,120.0,140.0,60.0,20.0,110.0,80.0,130.0,False,False,False,False,False,False,42.5625,,0.0,0.0,,,,0.0,,0.0,,0.0,khuzait_nomad,5.0,main_or_minor_line,31.42071460209656,0.0,0.0,0.0,0.2727272727272727,0.6363636363636364,0.6875,1.08,,,,,xml_structural,false
khuzait_archer,Khuzait Archer,21.0,khuzait,Ranged,0,90.0,45.0,45.0,110.0,15.0,15.0,100.0,60.0,False,False,True,False,True,False,34.0,steppe_heavy_bow,117.7,48.0,khuzait_sword_3_t3,OneHandedSword,one_handed_sword,41.8,,0.0,,0.0,khuzait_nomad,4.0,main_or_minor_line,25.09966041635907,76.30470016207455,75.72463768115942,0.0,0.5,0.4090909090909091,0.25,1.1,27.109827028350914,,20.526459444924974,,xml_structural,false
khuzait_archer,Khuzait Archer,21.0,khuzait,Ranged,1,90.0,45.0,45.0,110.0,15.0,15.0,100.0,60.0,False,False,True,False,True,False,43.18750000000001,steppe_heavy_bow,117.7,48.0,khuzait_sword_3_t3,OneHandedSword,one_handed_sword,41.8,,0.0,,0.0,khuzait_nomad,4.0,main_or_minor_line,31.882105418573754,76.30470016207455,75.72463768115942,0.0,0.5,0.4090909090909091,0.25,1.1,27.988022540853603,,21.48755684961828,,xml_structural,false
khuzait_archer,Khuzait Archer,21.0,khuzait,Ranged,2,90.0,45.0,45.0,110.0,15.0,15.0,100.0,60.0,False,False,True,False,True,False,26.937499999999996,steppe_heavy_bow,117.7,48.0,khuzait_sword_3_t3,OneHandedSword,one_handed_sword,41.8,,0.0,,0.0,khuzait_nomad,4.0,main_or_minor_line,19.885944190166835,76.30470016207455,75.72463768115942,0.0,0.5,0.4090909090909091,0.25,1.1,26.43475156635905,,19.78765667805188,,xml_structural,false
khuzait_darkhan,Khuzait Darkhan,26.0,khuzait,Infantry,0,130.0,60.0,130.0,60.0,20.0,80.0,80.0,130.0,True,False,False,False,False,False,69.98392857142856,,0.0,0.0,eastern_throwing_spear_2_t4,TwoHandedPolearm,two_handed_polearm,45.24,,0.0,,0.0,khuzait_nomad,5.0,main_or_minor_line,51.663907110164295,0.0,81.95652173913044,0.0,0.2727272727272727,0.5909090909090909,0.5,1.08,,49.97753416945145,41.6004033155843,,xml_structural,false
khuzait_darkhan,Khuzait Darkhan,26.0,khuzait,Infantry,1,130.0,60.0,130.0,60.0,20.0,80.0,80.0,130.0,True,False,False,False,False,False,70.79642857142856,,0.0,0.0,eastern_throwing_spear_2_t4,TwoHandedPolearm,two_handed_polearm,45.24,,0.0,,0.0,khuzait_nomad,5.0,main_or_minor_line,52.26371517158464,0.0,81.95652173913044,0.0,0.2727272727272727,0.5909090909090909,0.5,1.08,,50.523209718678224,41.68539832416261,,xml_structural,false
khuzait_darkhan,Khuzait Darkhan,26.0,khuzait,Infantry,2,130.0,60.0,130.0,60.0,20.0,80.0,80.0,130.0,True,False,False,False,False,False,70.04642857142858,,0.0,0.0,eastern_throwing_spear_2_t4,TwoHandedPolearm,two_handed_polearm,45.24,,0.0,,0.0,khuzait_nomad,5.0,main_or_minor_line,51.710046191812026,0.0,81.95652173913044,0.0,0.2727272727272727,0.5909090909090909,0.5,1.08,,50.01950921169968,41.60694139316725,,xml_structural,false
khuzait_footman,Khuzait Footman,11.0,khuzait,Infantry,0,40.0,5.0,40.0,25.0,5.0,20.0,20.0,40.0,True,False,False,False,False,False,24.216071428571432,,0.0,0.0,khuzait_sword_1_t2,OneHandedSword,one_handed_sword,41.8,,0.0,,0.0,khuzait_nomad,2.0,main_or_minor_line,17.876916749277594,0.0,75.72463768115942,0.0,0.25,0.25,0.25,1.02,,18.294900667930982,7.553139982209987,,xml_structural,false
khuzait_footman,Khuzait Footman,11.0,khuzait,Infantry,1,40.0,5.0,40.0,25.0,5.0,20.0,20.0,40.0,True,False,False,False,False,False,23.966071428571432,,0.0,0.0,khuzait_mace_1_t2,Mace,mace,38.7,,0.0,,0.0,khuzait_nomad,2.0,main_or_minor_line,17.69236042268672,0.0,70.10869565217392,0.0,0.25,0.25,0.25,1.02,,17.275483030767926,6.134338297263836,,xml_structural,false
khuzait_footman,Khuzait Footman,11.0,khuzait,Infantry,2,40.0,5.0,40.0,25.0,5.0,20.0,20.0,40.0,True,False,False,False,False,False,18.466071428571432,,0.0,0.0,khuzait_sword_1_t2,OneHandedSword,one_handed_sword,41.8,,0.0,,0.0,khuzait_nomad,2.0,main_or_minor_line,13.632121237687457,0.0,75.72463768115942,0.0,0.25,0.25,0.25,1.02,,14.433196781095367,6.9516368445788,,xml_structural,false
khuzait_heavy_horse_archer,Khuzait Heavy Horse Archer,26.0,khuzait,HorseArcher,0,130.0,60.0,80.0,130.0,20.0,60.0,130.0,80.0,True,True,True,False,True,False,71.51214285714286,composite_steppe_bow,116.05,36.0,khuzait_sword_4_t4,OneHandedSword,one_handed_sword,41.8,,0.0,,0.0,khuzait_nomad,5.0,main_or_minor_line,52.792073569424815,75.23500810372771,75.72463768115942,0.0,0.5909090909090909,0.5909090909090909,0.375,1.21,56.88143231411845,57.640226507408926,43.775672087733454,,xml_structural,false
khuzait_heavy_horse_archer,Khuzait Heavy Horse Archer,26.0,khuzait,HorseArcher,1,130.0,60.0,80.0,130.0,20.0,60.0,130.0,80.0,True,True,True,False,True,False,83.01214285714286,composite_steppe_bow,116.05,36.0,khuzait_sword_4_t4,OneHandedSword,one_handed_sword,41.8,,0.0,,0.0,khuzait_nomad,5.0,main_or_minor_line,61.28166459260509,75.23500810372771,75.72463768115942,0.0,0.5909090909090909,0.5909090909090909,0.375,1.21,57.980670234529995,65.36363428108017,44.97867836299582,,xml_structural,false
khuzait_heavy_horse_archer,Khuzait Heavy Horse Archer,26.0,khuzait,HorseArcher,2,130.0,60.0,80.0,130.0,20.0,60.0,130.0,80.0,True,True,True,False,True,False,71.69964285714286,composite_steppe_bow,116.05,36.0,khuzait_sword_4_t4,OneHandedSword,one_handed_sword,41.8,,0.0,,0.0,khuzait_nomad,5.0,main_or_minor_line,52.93049081436797,75.23500810372771,75.72463768115942,0.0,0.5909090909090909,0.5909090909090909,0.375,1.21,56.899354671516484,57.766151634153594,43.7952863204823,,xml_structural,false
khuzait_heavy_lancer,Khuzait Heavy Lancer,26.0,khuzait,Cavalry,0,130.0,60.0,130.0,20.0,20.0,60.0,150.0,60.0,True,True,False,False,False,False,108.03178571428572,,0.0,0.0,khuzait_sword_4_t4,OneHandedSword,one_handed_sword,41.8,,0.0,,0.0,khuzait_nomad,5.0,main_or_minor_line,79.75179810592479,0.0,75.72463768115942,0.0,0.25,0.5909090909090909,0.375,1.23,,82.16684333650059,47.5959642205581,,xml_structural,false
khuzait_heavy_lancer,Khuzait Heavy Lancer,26.0,khuzait,Cavalry,1,130.0,60.0,130.0,20.0,20.0,60.0,150.0,60.0,True,True,False,False,False,False,104.59428571428572,,0.0,0.0,khuzait_sword_4_t4,OneHandedSword,one_handed_sword,41.8,,0.0,,0.0,khuzait_nomad,5.0,main_or_minor_line,77.21414861530025,0.0,75.72463768115942,0.0,0.25,0.5909090909090909,0.375,1.23,,79.85821601284884,47.23636995349598,,xml_structural,false
khuzait_heavy_lancer,Khuzait Heavy Lancer,26.0,khuzait,Cavalry,2,130.0,60.0,130.0,20.0,20.0,60.0,150.0,60.0,True,True,False,False,False,False,101.90678571428572,,0.0,0.0,khuzait_mace_3_t4,Mace,mace,38.7,,0.0,,0.0,khuzait_nomad,5.0,main_or_minor_line,75.23016810444834,0.0,70.10869565217392,0.0,0.25,0.5909090909090909,0.375,1.23,,77.20177172800548,43.663515913795294,,xml_structural,false
khuzait_horse_archer,Khuzait Horse Archer,21.0,khuzait,HorseArcher,0,100.0,45.0,45.0,100.0,15.0,60.0,100.0,60.0,False,True,True,False,True,False,59.9925,steppe_heavy_bow,117.7,48.0,khuzait_sword_3_t3,OneHandedSword,one_handed_sword,41.8,,0.0,,0.0,khuzait_nomad,4.0,main_or_minor_line,44.2879816920124,76.30470016207455,75.72463768115942,0.0,0.45454545454545453,0.45454545454545453,0.375,1.1800000000000002,38.90192618700027,34.74112198308803,32.32789945866613,,xml_structural,false
khuzait_horse_archer,Khuzait Horse Archer,21.0,khuzait,HorseArcher,1,100.0,45.0,45.0,100.0,15.0,60.0,100.0,60.0,False,True,True,False,True,False,59.05500000000001,steppe_heavy_bow,117.7,48.0,khuzait_sword_3_t3,OneHandedSword,one_handed_sword,41.8,,0.0,,0.0,khuzait_nomad,4.0,main_or_minor_line,43.59589546729662,76.30470016207455,75.72463768115942,0.0,0.45454545454545453,0.45454545454545453,0.375,1.1800000000000002,38.8123144000102,34.11149634936482,32.229828294921916,,xml_structural,false
khuzait_horse_archer,Khuzait Horse Archer,21.0,khuzait,HorseArcher,2,100.0,45.0,45.0,100.0,15.0,60.0,100.0,60.0,False,True,True,False,True,False,60.43,steppe_heavy_bow,117.7,48.0,khuzait_sword_3_t3,OneHandedSword,one_handed_sword,41.8,,0.0,,0.0,khuzait_nomad,4.0,main_or_minor_line,44.61095526354643,76.30470016207455,75.72463768115942,0.0,0.45454545454545453,0.45454545454545453,0.375,1.1800000000000002,38.943745020928965,35.034947278825506,32.37366600174676,,xml_structural,false
khuzait_horseman,Khuzait Horseman,16.0,khuzait,Cavalry,0,70.0,40.0,70.0,30.0,10.0,40.0,70.0,30.0,True,True,False,False,False,False,53.831785714285715,,0.0,0.0,khuzait_lance_1_t3,TwoHandedPolearm,two_handed_polearm,45.24,,0.0,,0.0,khuzait_nomad,3.0,main_or_minor_line,39.73998650102297,0.0,81.95652173913044,0.0,0.25,0.3181818181818182,0.25,1.1500000000000001,,46.710996405464805,23.407582272440106,,xml_structural,false
khuzait_horseman,Khuzait Horseman,16.0,khuzait,Cavalry,1,70.0,40.0,70.0,30.0,10.0,40.0,70.0,30.0,True,True,False,False,False,False,56.081785714285715,,0.0,0.0,khuzait_lance_1_t3,TwoHandedPolearm,two_handed_polearm,45.24,,0.0,,0.0,khuzait_nomad,3.0,main_or_minor_line,41.40099344034085,0.0,81.95652173913044,0.0,0.25,0.3181818181818182,0.25,1.1500000000000001,,48.22209792640048,23.642953065426227,,xml_structural,false
khuzait_horseman,Khuzait Horseman,16.0,khuzait,Cavalry,2,70.0,40.0,70.0,30.0,10.0,40.0,70.0,30.0,True,True,False,False,False,False,55.206785714285715,,0.0,0.0,khuzait_lance_1_t3,TwoHandedPolearm,two_handed_polearm,45.24,,0.0,,0.0,khuzait_nomad,3.0,main_or_minor_line,40.755046297272784,0.0,81.95652173913044,0.0,0.25,0.3181818181818182,0.25,1.1500000000000001,,47.63444733492549,23.551419979264953,,xml_structural,false
khuzait_hunter,Khuzait Hunter,16.0,khuzait,Ranged,0,70.0,30.0,40.0,70.0,10.0,30.0,40.0,70.0,False,False,True,False,True,False,12.1875,composite_bow,118.3,48.0,khuzait_sword_1_t2,OneHandedSword,one_handed_sword,41.8,,0.0,,0.0,khuzait_nomad,3.0,main_or_minor_line,8.997120921305182,76.6936790923825,75.72463768115942,0.0,0.3181818181818182,0.3181818181818182,0.25,1.04,8.270862984187367,,11.416196015528412,,xml_structural,false
khuzait_hunter,Khuzait Hunter,16.0,khuzait,Ranged,1,70.0,30.0,40.0,70.0,10.0,30.0,40.0,70.0,False,False,True,False,True,False,21.125,composite_bow,118.3,48.0,khuzait_sword_1_t2,OneHandedSword,one_handed_sword,41.8,,0.0,,0.0,khuzait_nomad,3.0,main_or_minor_line,15.595009596928982,76.6936790923825,75.72463768115942,0.0,0.3181818181818182,0.3181818181818182,0.25,1.04,9.125162020159372,,12.351141109889927,,xml_structural,false
khuzait_khans_guard,Khuzait Khan's Guard,31.0,khuzait,HorseArcher,0,60.0,60.0,220.0,220.0,25.0,30.0,200.0,60.0,False,True,True,False,True,False,89.155,steppe_war_bow,121.4,48.0,khuzait_polearm_1_t4,TwoHandedPolearm,two_handed_polearm,45.24,,0.0,,0.0,khuzait_noble_son,5.0,noble_line,65.81647718883804,78.7034035656402,81.95652173913044,0.0,1.0,1.0,0.25,1.25,99.71324228163176,55.27158640271897,82.53097883290923,,xml_structural,false
khuzait_khans_guard,Khuzait Khan's Guard,31.0,khuzait,HorseArcher,1,60.0,60.0,220.0,220.0,25.0,30.0,200.0,60.0,False,True,True,False,True,False,92.15500000000003,steppe_war_bow,121.4,48.0,khuzait_polearm_1_t4,TwoHandedPolearm,two_handed_polearm,45.24,,0.0,,0.0,khuzait_noble_son,5.0,noble_line,68.03115310792856,78.7034035656402,81.95652173913044,0.0,1.0,1.0,0.25,1.25,100.0,57.28638843063321,82.8448065568907,,xml_structural,false
khuzait_khans_guard,Khuzait Khan's Guard,31.0,khuzait,HorseArcher,2,60.0,60.0,220.0,220.0,25.0,30.0,200.0,60.0,False,True,True,False,True,False,88.405,steppe_war_bow,121.4,48.0,khuzait_polearm_1_t4,TwoHandedPolearm,two_handed_polearm,45.24,,0.0,,0.0,khuzait_noble_son,5.0,noble_line,65.2628082090654,78.7034035656402,81.95652173913044,0.0,1.0,1.0,0.25,1.25,99.64155285203971,54.767885895740385,82.45252190191384,,xml_structural,false
khuzait_kheshig,Khuzait Kheshig,26.0,khuzait,HorseArcher,0,50.0,50.0,130.0,160.0,20.0,60.0,130.0,80.0,False,True,True,False,True,False,78.53,steppe_war_bow,121.4,48.0,khuzait_polearm_1_t4,TwoHandedPolearm,two_handed_polearm,45.24,,0.0,,0.0,khuzait_noble_son,4.0,noble_line,57.97283330872582,78.7034035656402,81.95652173913044,0.0,0.7272727272727273,0.5909090909090909,0.375,1.21,69.28765902437308,48.13582922052271,48.16254849612587,,xml_structural,false
khuzait_kheshig,Khuzait Kheshig,26.0,khuzait,HorseArcher,1,50.0,50.0,130.0,160.0,20.0,60.0,130.0,80.0,False,True,True,False,True,False,79.7175,steppe_war_bow,121.4,48.0,khuzait_polearm_1_t4,TwoHandedPolearm,two_handed_polearm,45.24,,0.0,,0.0,khuzait_noble_son,4.0,noble_line,58.84947586003248,78.7034035656402,81.95652173913044,0.0,0.7272727272727273,0.5909090909090909,0.375,1.21,69.40116728789386,48.93335502323876,48.286771970201876,,xml_structural,false
khuzait_kheshig,Khuzait Kheshig,26.0,khuzait,HorseArcher,2,50.0,50.0,130.0,160.0,20.0,60.0,130.0,80.0,False,True,True,False,True,False,73.0925,steppe_war_bow,121.4,48.0,khuzait_polearm_1_t4,TwoHandedPolearm,two_handed_polearm,45.24,,0.0,,0.0,khuzait_noble_son,4.0,noble_line,53.95873320537428,78.7034035656402,81.95652173913044,0.0,0.7272727272727273,0.5909090909090909,0.375,1.21,68.76791065983068,44.484000544928165,47.59373574640942,,xml_structural,false
khuzait_lancer,Khuzait Lancer,21.0,khuzait,Cavalry,0,100.0,60.0,100.0,45.0,15.0,60.0,100.0,45.0,True,True,False,False,False,False,88.90678571428572,,0.0,0.0,khuzait_sword_3_t3,OneHandedSword,one_handed_sword,41.8,,0.0,,0.0,khuzait_nomad,4.0,main_or_minor_line,65.63323912172281,0.0,75.72463768115942,0.0,0.25,0.45454545454545453,0.375,1.1800000000000002,,69.32248040854735,35.35260095075437,,xml_structural,false
khuzait_lancer,Khuzait Lancer,21.0,khuzait,Cavalry,1,100.0,60.0,100.0,45.0,15.0,60.0,100.0,45.0,True,True,False,False,False,False,93.28178571428572,,0.0,0.0,khuzait_sword_3_t3,OneHandedSword,one_handed_sword,41.8,,0.0,,0.0,khuzait_nomad,4.0,main_or_minor_line,68.86297483706313,0.0,75.72463768115942,0.0,0.25,0.45454545454545453,0.375,1.1800000000000002,,72.26073336592228,35.81026638156071,,xml_structural,false
khuzait_lancer,Khuzait Lancer,21.0,khuzait,Cavalry,2,100.0,60.0,100.0,45.0,15.0,60.0,100.0,45.0,True,True,False,False,False,False,89.28178571428572,,0.0,0.0,khuzait_sword_3_t3,OneHandedSword,one_handed_sword,41.8,,0.0,,0.0,khuzait_nomad,4.0,main_or_minor_line,65.91007361160912,0.0,75.72463768115942,0.0,0.25,0.45454545454545453,0.375,1.1800000000000002,,69.57433066203663,35.39182941625206,,xml_structural,false
khuzait_marksman,Khuzait Marksman,26.0,khuzait,Ranged,0,130.0,60.0,80.0,140.0,20.0,60.0,80.0,130.0,False,False,True,False,True,False,28.375,nomad_bow,136.5,48.0,khuzait_sword_3_t3,OneHandedSword,one_handed_sword,41.8,,0.0,,0.0,khuzait_nomad,5.0,main_or_minor_line,20.94714306806437,88.49270664505673,75.72463768115942,0.0,0.6363636363636364,0.5909090909090909,0.375,1.08,45.610748071545686,,33.59498116835533,,xml_structural,false
khuzait_marksman,Khuzait Marksman,26.0,khuzait,Ranged,1,130.0,60.0,80.0,140.0,20.0,60.0,80.0,130.0,False,False,True,False,True,False,38.6875,nomad_bow,136.5,48.0,khuzait_sword_3_t3,OneHandedSword,one_handed_sword,41.8,,0.0,,0.0,khuzait_nomad,5.0,main_or_minor_line,28.560091539937986,88.49270664505673,75.72463768115942,0.0,0.6363636363636364,0.5909090909090909,0.375,1.08,46.596477728436454,,34.673763969541696,,xml_structural,false
khuzait_marksman,Khuzait Marksman,26.0,khuzait,Ranged,2,130.0,60.0,80.0,140.0,20.0,60.0,80.0,130.0,False,False,True,False,True,False,44.37500000000001,nomad_bow,136.5,48.0,khuzait_sword_3_t3,OneHandedSword,one_handed_sword,41.8,,0.0,,0.0,khuzait_nomad,5.0,main_or_minor_line,32.75874796988041,88.49270664505673,75.72463768115942,0.0,0.6363636363636364,0.5909090909090909,0.375,1.08,47.14012256950954,,35.268729029589934,,xml_structural,false
khuzait_militia_archer,Khuzait Militia Archer,11.0,khuzait,Ranged,0,,,,,,,,,False,False,True,False,True,False,6.75,steppe_bow,103.39999999999999,54.0,peasant_pickaxe_1_t1,OneHandedAxe,axe,40.48,,0.0,,0.0,,,special_or_unlinked,4.983020817953639,67.03403565640194,73.33333333333331,0.0,,,,1.0,,,,,xml_structural,false
khuzait_militia_archer,Khuzait Militia Archer,11.0,khuzait,Ranged,1,,,,,,,,,False,False,True,False,True,False,8.750000000000002,steppe_bow,103.39999999999999,54.0,peasant_hatchet_1_t1,OneHandedAxe,axe,40.48,,0.0,,0.0,,,special_or_unlinked,6.459471430680645,67.03403565640194,73.33333333333331,0.0,,,,1.0,,,,,xml_structural,false
khuzait_militia_archer,Khuzait Militia Archer,11.0,khuzait,Ranged,2,,,,,,,,,False,False,True,False,True,False,5.6875,steppe_bow,103.39999999999999,54.0,peasant_hatchet_1_t1,OneHandedAxe,axe,40.48,,0.0,,0.0,,,special_or_unlinked,4.198656429942418,67.03403565640194,73.33333333333331,0.0,,,,1.0,,,,,xml_structural,false
khuzait_militia_archer,Khuzait Militia Archer,11.0,khuzait,Ranged,3,,,,,,,,,False,False,True,False,True,False,5.6875,steppe_bow,103.39999999999999,54.0,peasant_hammer_2_t1,Mace,mace,38.7,,0.0,,0.0,,,special_or_unlinked,4.198656429942418,67.03403565640194,70.10869565217392,0.0,,,,1.0,,,,,xml_structural,false
khuzait_militia_spearman,Khuzait Militia Spearman,11.0,khuzait,Infantry,0,,,,,,,,,True,False,False,False,False,False,14.885714285714286,,0.0,0.0,eastern_spear_1_t2,TwoHandedPolearm,two_handed_polearm,45.24,,0.0,,0.0,,,special_or_unlinked,10.989010989010989,0.0,81.95652173913044,0.0,,,,1.0,,12.973536210348113,,,xml_structural,false
khuzait_militia_spearman,Khuzait Militia Spearman,11.0,khuzait,Infantry,1,,,,,,,,,True,False,False,False,False,False,14.885714285714286,,0.0,0.0,eastern_spear_1_t2,TwoHandedPolearm,two_handed_polearm,45.24,,0.0,,0.0,,,special_or_unlinked,10.989010989010989,0.0,81.95652173913044,0.0,,,,1.0,,12.973536210348113,,,xml_structural,false
khuzait_militia_spearman,Khuzait Militia Spearman,11.0,khuzait,Infantry,2,,,,,,,,,True,False,False,False,False,False,16.073214285714286,,0.0,0.0,eastern_spear_1_t2,TwoHandedPolearm,two_handed_polearm,45.24,,0.0,,0.0,,,special_or_unlinked,11.865653540317648,0.0,81.95652173913044,0.0,,,,1.0,,13.771062013064165,,,xml_structural,false
khuzait_militia_spearman,Khuzait Militia Spearman,11.0,khuzait,Infantry,3,,,,,,,,,True,False,False,False,False,False,14.573214285714284,,0.0,0.0,eastern_spear_1_t2,TwoHandedPolearm,two_handed_polearm,45.24,,0.0,,0.0,,,special_or_unlinked,10.758315580772393,0.0,81.95652173913044,0.0,,,,1.0,,12.763660999107048,,,xml_structural,false
khuzait_militia_veteran_archer,Khuzait Militia Veteran Archer,16.0,khuzait,Ranged,0,,,,,,,,,False,False,True,False,True,False,16.0625,steppe_bow,103.39999999999999,54.0,khuzait_mace_1_t2,Mace,mace,38.7,,0.0,,0.0,,,special_or_unlinked,11.857743983463752,67.03403565640194,70.10869565217392,0.0,,,,1.0,,,,,xml_structural,false
khuzait_militia_veteran_archer,Khuzait Militia Veteran Archer,16.0,khuzait,Ranged,1,,,,,,,,,False,False,True,False,True,False,8.3125,steppe_bow,103.39999999999999,54.0,khuzait_mace_1_t2,Mace,mace,38.7,,0.0,,0.0,,,special_or_unlinked,6.136497859146611,67.03403565640194,70.10869565217392,0.0,,,,1.0,,,,,xml_structural,false
khuzait_militia_veteran_archer,Khuzait Militia Veteran Archer,16.0,khuzait,Ranged,2,,,,,,,,,False,False,True,False,True,False,7.562500000000001,steppe_bow,103.39999999999999,54.0,khuzait_sword_1_t2,OneHandedSword,one_handed_sword,41.8,,0.0,,0.0,,,special_or_unlinked,5.582828879373985,67.03403565640194,75.72463768115942,0.0,,,,1.0,,,,,xml_structural,false
khuzait_militia_veteran_archer,Khuzait Militia Veteran Archer,16.0,khuzait,Ranged,3,,,,,,,,,False,False,True,False,True,False,9.500000000000002,steppe_heavy_bow,117.2,54.0,khuzait_sword_1_t2,OneHandedSword,one_handed_sword,41.8,,0.0,,0.0,,,special_or_unlinked,7.013140410453271,75.9805510534846,75.72463768115942,0.0,,,,1.0,,,,,xml_structural,false
khuzait_militia_veteran_spearman,Khuzait Militia Veteran Spearman,16.0,khuzait,Infantry,0,,,,,,,,,True,False,False,False,False,False,42.10892857142858,,0.0,0.0,eastern_spear_1_t2,TwoHandedPolearm,two_handed_polearm,45.24,,0.0,,0.0,,,special_or_unlinked,31.085876695281687,0.0,81.95652173913044,0.0,,,,1.0,,31.256665326748394,,,xml_structural,false
khuzait_militia_veteran_spearman,Khuzait Militia Veteran Spearman,16.0,khuzait,Infantry,1,,,,,,,,,True,False,False,False,False,False,33.17142857142858,,0.0,0.0,eastern_spear_1_t2,TwoHandedPolearm,two_handed_polearm,45.24,,0.0,,0.0,,,special_or_unlinked,24.487988019657887,0.0,81.95652173913044,0.0,,,,1.0,,25.254234285253908,,,xml_structural,false
khuzait_militia_veteran_spearman,Khuzait Militia Veteran Spearman,16.0,khuzait,Infantry,2,,,,,,,,,True,False,False,False,False,False,34.54642857142857,,0.0,0.0,eastern_spear_1_t2,TwoHandedPolearm,two_handed_polearm,45.24,,0.0,,0.0,,,special_or_unlinked,25.503047815907696,0.0,81.95652173913044,0.0,,,,1.0,,26.177685214714593,,,xml_structural,false
khuzait_militia_veteran_spearman,Khuzait Militia Veteran Spearman,16.0,khuzait,Infantry,3,,,,,,,,,True,False,False,False,False,False,34.85892857142857,,0.0,0.0,eastern_spear_1_t2,TwoHandedPolearm,two_handed_polearm,45.24,,0.0,,0.0,,,special_or_unlinked,25.73374322414629,0.0,81.95652173913044,0.0,,,,1.0,,26.38756042595566,,,xml_structural,false
khuzait_noble_son,Khuzait Noble's Son,11.0,khuzait,HorseArcher,0,20.0,10.0,55.0,40.0,5.0,5.0,40.0,20.0,False,True,True,False,True,False,30.7675,steppe_bow,97.89999999999999,24.0,khuzait_sword_1_t2,OneHandedSword,one_handed_sword,41.8,,0.0,,0.0,khuzait_noble_son,1.0,noble_line,22.71334711353905,63.46839546191248,75.72463768115942,0.0,0.25,0.25,0.25,1.12,12.72212920345291,15.113592227823547,13.9066270867472,,xml_structural,false
khuzait_noble_son,Khuzait Noble's Son,11.0,khuzait,HorseArcher,1,20.0,10.0,55.0,40.0,5.0,5.0,40.0,20.0,False,True,True,False,True,False,26.6425,steppe_bow,97.89999999999999,24.0,khuzait_sword_1_t2,OneHandedSword,one_handed_sword,41.8,,0.0,,0.0,khuzait_noble_son,1.0,noble_line,19.668167724789605,63.46839546191248,75.72463768115942,0.0,0.25,0.25,0.25,1.12,12.327837340696599,12.343239439441474,13.475113966272653,,xml_structural,false
khuzait_noble_son,Khuzait Noble's Son,11.0,khuzait,HorseArcher,2,20.0,10.0,55.0,40.0,5.0,5.0,40.0,20.0,False,True,True,False,True,False,28.955,steppe_bow,97.89999999999999,24.0,khuzait_sword_1_t2,OneHandedSword,one_handed_sword,41.8,,0.0,,0.0,khuzait_noble_son,1.0,noble_line,21.375313745755204,63.46839546191248,75.72463768115942,0.0,0.25,0.25,0.25,1.12,12.54887974860544,13.896316002625365,13.717022836841718,,xml_structural,false
khuzait_nomad,Khuzait Nomad,6.0,khuzait,Infantry,0,20.0,5.0,20.0,5.0,5.0,5.0,10.0,20.0,False,False,False,False,False,False,8.5,,0.0,0.0,khuzait_mace_1_t2,Mace,mace,38.7,,0.0,,0.0,khuzait_nomad,1.0,main_or_minor_line,6.274915104089768,0.0,70.10869565217392,0.0,0.25,0.25,0.25,1.01,,,4.516444298809273,,xml_structural,false
khuzait_nomad,Khuzait Nomad,6.0,khuzait,Infantry,1,20.0,5.0,20.0,5.0,5.0,5.0,10.0,20.0,False,False,False,False,False,False,7.000000000000001,,0.0,0.0,khuzait_sword_1_t2,OneHandedSword,one_handed_sword,41.8,,0.0,,0.0,khuzait_nomad,1.0,main_or_minor_line,5.1675771445445156,0.0,75.72463768115942,0.0,0.25,0.25,0.25,1.01,,,5.752179811432887,,xml_structural,false
khuzait_nomad,Khuzait Nomad,6.0,khuzait,Infantry,2,20.0,5.0,20.0,5.0,5.0,5.0,10.0,20.0,False,False,False,False,False,False,7.000000000000001,,0.0,0.0,falchion_sword_t2,OneHandedSword,one_handed_sword,41.8,,0.0,,0.0,khuzait_nomad,1.0,main_or_minor_line,5.1675771445445156,0.0,75.72463768115942,0.0,0.25,0.25,0.25,1.01,,,5.752179811432887,,xml_structural,false
khuzait_qanqli,Khuzait Qanqli,16.0,khuzait,HorseArcher,0,45.0,30.0,70.0,70.0,10.0,25.0,70.0,40.0,False,True,True,False,True,False,27.53,composite_bow,112.3,24.0,eastern_spear_3_t3,TwoHandedPolearm,two_handed_polearm,45.24,,0.0,,0.0,khuzait_noble_son,2.0,noble_line,20.323342684187214,72.80388978930308,81.95652173913044,0.0,0.3181818181818182,0.3181818181818182,0.25,1.1500000000000001,21.369358379236466,13.884194745980778,20.65617242331908,,xml_structural,false
khuzait_qanqli,Khuzait Qanqli,16.0,khuzait,HorseArcher,1,45.0,30.0,70.0,70.0,10.0,25.0,70.0,40.0,False,True,True,False,True,False,26.5925,composite_bow,112.3,24.0,eastern_spear_3_t3,TwoHandedPolearm,two_handed_polearm,45.24,,0.0,,0.0,khuzait_noble_son,2.0,noble_line,19.63125645947143,72.80388978930308,81.95652173913044,0.0,0.3181818181818182,0.3181818181818182,0.25,1.1500000000000001,21.2797465922464,13.254569112257583,20.558101259574865,,xml_structural,false
khuzait_qanqli,Khuzait Qanqli,16.0,khuzait,HorseArcher,2,45.0,30.0,70.0,70.0,10.0,25.0,70.0,40.0,False,True,True,False,True,False,28.280000000000005,composite_bow,112.3,24.0,eastern_spear_3_t3,TwoHandedPolearm,two_handed_polearm,45.24,,0.0,,0.0,khuzait_noble_son,2.0,noble_line,20.87701166395984,72.80388978930308,81.95652173913044,0.0,0.3181818181818182,0.3181818181818182,0.25,1.1500000000000001,21.441047808828525,14.387895252959336,20.73462935431445,,xml_structural,false
khuzait_raider,Khuzait Raider,16.0,khuzait,HorseArcher,0,70.0,30.0,40.0,70.0,10.0,30.0,70.0,40.0,False,True,True,False,True,False,28.029999999999998,composite_bow,118.3,48.0,khuzait_sword_3_t3,OneHandedSword,one_handed_sword,41.8,,0.0,,0.0,khuzait_nomad,3.0,main_or_minor_line,20.692455337368962,76.6936790923825,75.72463768115942,0.0,0.3181818181818182,0.3181818181818182,0.25,1.1500000000000001,22.854621408201027,13.275085377351804,18.741615053324963,,xml_structural,false
khuzait_raider,Khuzait Raider,16.0,khuzait,HorseArcher,1,70.0,30.0,40.0,70.0,10.0,30.0,70.0,40.0,False,True,True,False,True,False,31.904999999999998,composite_bow,118.3,48.0,khuzait_sword_3_t3,OneHandedSword,one_handed_sword,41.8,,0.0,,0.0,khuzait_nomad,3.0,main_or_minor_line,23.553078399527532,76.6936790923825,75.72463768115942,0.0,0.3181818181818182,0.3181818181818182,0.25,1.1500000000000001,23.225016794426654,15.87753799674102,19.146975863467716,,xml_structural,false
khuzait_raider,Khuzait Raider,16.0,khuzait,HorseArcher,2,70.0,30.0,40.0,70.0,10.0,30.0,70.0,40.0,False,True,True,False,True,False,31.967499999999998,composite_bow,118.3,48.0,khuzait_sword_3_t3,OneHandedSword,one_handed_sword,41.8,,0.0,,0.0,khuzait_nomad,3.0,main_or_minor_line,23.59921748117525,76.6936790923825,75.72463768115942,0.0,0.3181818181818182,0.3181818181818182,0.25,1.1500000000000001,23.23099091355932,15.919513038989232,19.153513941050665,,xml_structural,false
khuzait_sailor,Khuzait Tengichi,26.0,khuzait,Ranged,0,100.0,120.0,80.0,130.0,20.0,110.0,80.0,130.0,False,False,True,False,True,False,25.25,composite_steppe_bow,116.05,36.0,eastern_throwing_spear_2_t4,TwoHandedPolearm,two_handed_polearm,45.24,,0.0,,0.0,khuzait_nomad,5.0,main_or_minor_line,18.640188985678428,75.23500810372771,81.95652173913044,0.0,0.5909090909090909,0.5454545454545454,0.6875,1.08,32.37963275998829,,33.22560352529009,,xml_structural,false
khuzait_sailor,Khuzait Tengichi,26.0,khuzait,Ranged,1,100.0,120.0,80.0,130.0,20.0,110.0,80.0,130.0,False,False,True,False,True,False,24.625000000000004,composite_steppe_bow,116.05,36.0,eastern_throwing_spear_2_t4,TwoHandedPolearm,two_handed_polearm,45.24,,0.0,,0.0,khuzait_nomad,5.0,main_or_minor_line,18.178798169201244,75.23500810372771,81.95652173913044,0.0,0.5909090909090909,0.5454545454545454,0.6875,1.08,32.31989156866158,,33.16022274946061,,xml_structural,false
khuzait_sailor,Khuzait Tengichi,26.0,khuzait,Ranged,2,100.0,120.0,80.0,130.0,20.0,110.0,80.0,130.0,False,False,True,False,True,False,14.375,composite_steppe_bow,116.05,36.0,eastern_throwing_spear_2_t4,TwoHandedPolearm,two_handed_polearm,45.24,,0.0,,0.0,khuzait_nomad,5.0,main_or_minor_line,10.611988778975343,75.23500810372771,81.95652173913044,0.0,0.5909090909090909,0.5454545454545454,0.6875,1.08,31.34013603090347,,32.0879780258572,,xml_structural,false
khuzait_spear_infantry,Khuzait Spear Infantry,21.0,khuzait,Infantry,0,100.0,45.0,100.0,45.0,15.0,60.0,60.0,100.0,True,False,False,False,False,False,53.10892857142857,,0.0,0.0,eastern_throwing_spear_2_t4,TwoHandedPolearm,two_handed_polearm,45.24,,0.0,,0.0,khuzait_nomad,4.0,main_or_minor_line,39.206355065280206,0.0,81.95652173913044,0.0,0.25,0.45454545454545453,0.375,1.06,,38.64427276243391,28.749469985627677,,xml_structural,false
khuzait_spear_infantry,Khuzait Spear Infantry,21.0,khuzait,Infantry,1,100.0,45.0,100.0,45.0,15.0,60.0,60.0,100.0,True,False,False,False,False,False,51.42142857142858,,0.0,0.0,eastern_throwing_spear_2_t4,TwoHandedPolearm,two_handed_polearm,45.24,,0.0,,0.0,khuzait_nomad,4.0,main_or_minor_line,37.9605998607918,0.0,81.95652173913044,0.0,0.25,0.45454545454545453,0.375,1.06,,37.51094662173215,28.572941890888085,,xml_structural,false
khuzait_spear_infantry,Khuzait Spear Infantry,21.0,khuzait,Infantry,2,100.0,45.0,100.0,45.0,15.0,60.0,60.0,100.0,True,False,False,False,False,False,55.35892857142857,,0.0,0.0,eastern_throwing_spear_2_t4,TwoHandedPolearm,two_handed_polearm,45.24,,0.0,,0.0,khuzait_nomad,4.0,main_or_minor_line,40.867362004598085,0.0,81.95652173913044,0.0,0.25,0.45454545454545453,0.375,1.06,,40.155374283369575,28.98484077861379,,xml_structural,false
khuzait_spear_sailor,Khuzait Jishig,21.0,khuzait,Infantry,0,100.0,45.0,100.0,60.0,15.0,90.0,60.0,100.0,False,False,False,False,False,False,27.562500000000007,,0.0,0.0,khuzait_sword_4_t4,OneHandedSword,one_handed_sword,41.8,,0.0,,0.0,khuzait_nomad,4.0,main_or_minor_line,20.347335006644034,0.0,75.72463768115942,0.0,0.2727272727272727,0.45454545454545453,0.5625,1.06,,,23.267274630355274,,xml_structural,false
khuzait_spear_sailor,Khuzait Jishig,21.0,khuzait,Infantry,1,100.0,45.0,100.0,60.0,15.0,90.0,60.0,100.0,False,False,False,False,False,False,27.125,,0.0,0.0,khuzait_sword_4_t4,OneHandedSword,one_handed_sword,41.8,,0.0,,0.0,khuzait_nomad,4.0,main_or_minor_line,20.024361435109995,0.0,75.72463768115942,0.0,0.2727272727272727,0.45454545454545453,0.5625,1.06,,,23.221508087274636,,xml_structural,false
khuzait_spear_sailor,Khuzait Jishig,21.0,khuzait,Infantry,2,100.0,45.0,100.0,60.0,15.0,90.0,60.0,100.0,False,False,False,False,False,False,10.0625,,0.0,0.0,khuzait_sword_4_t4,OneHandedSword,one_handed_sword,41.8,,0.0,,0.0,khuzait_nomad,4.0,main_or_minor_line,7.42839214528274,0.0,75.72463768115942,0.0,0.2727272727272727,0.45454545454545453,0.5625,1.06,,,21.436612907129923,,xml_structural,false
khuzait_spearman,Khuzait Spearman,16.0,khuzait,Infantry,0,70.0,30.0,70.0,40.0,10.0,30.0,40.0,70.0,True,False,False,False,False,False,46.21607142857143,,0.0,0.0,eastern_throwing_spear_2_t4,TwoHandedPolearm,two_handed_polearm,45.24,,0.0,,0.0,khuzait_nomad,3.0,main_or_minor_line,34.11787348927464,0.0,81.95652173913044,0.0,0.25,0.3181818181818182,0.25,1.04,,34.01502524591668,16.94276104677613,,xml_structural,false
khuzait_spearman,Khuzait Spearman,16.0,khuzait,Infantry,1,70.0,30.0,70.0,40.0,10.0,30.0,40.0,70.0,True,False,False,False,False,False,42.84107142857144,,0.0,0.0,eastern_throwing_spear_2_t4,TwoHandedPolearm,two_handed_polearm,45.24,,0.0,,0.0,khuzait_nomad,3.0,main_or_minor_line,31.62636308029783,0.0,81.95652173913044,0.0,0.25,0.3181818181818182,0.25,1.04,,31.74837296451318,16.589704857296955,,xml_structural,false
khuzait_spearman,Khuzait Spearman,16.0,khuzait,Infantry,2,70.0,30.0,70.0,40.0,10.0,30.0,40.0,70.0,True,False,False,False,False,False,43.02857142857143,,0.0,0.0,eastern_throwing_spear_2_t4,TwoHandedPolearm,two_handed_polearm,45.24,,0.0,,0.0,khuzait_nomad,3.0,main_or_minor_line,31.764780325240977,0.0,81.95652173913044,0.0,0.25,0.3181818181818182,0.25,1.04,,31.87429809125782,16.609319090045798,,xml_structural,false
khuzait_torguud,Khuzait Torguud,21.0,khuzait,HorseArcher,0,55.0,45.0,100.0,100.0,15.0,25.0,100.0,45.0,False,True,True,False,True,False,63.7425,steppe_heavy_bow,111.7,24.0,khuzait_polearm_1_t4,TwoHandedPolearm,two_handed_polearm,45.24,,0.0,,0.0,khuzait_noble_son,3.0,noble_line,47.056326590875535,72.41491085899514,81.95652173913044,0.0,0.45454545454545453,0.45454545454545453,0.25,1.1800000000000002,37.15327434171116,38.204534224595484,35.529986957439704,,xml_structural,false
khuzait_torguud,Khuzait Torguud,21.0,khuzait,HorseArcher,1,55.0,45.0,100.0,100.0,15.0,25.0,100.0,45.0,False,True,True,False,True,False,74.18,steppe_heavy_bow,111.7,24.0,khuzait_polearm_1_t4,TwoHandedPolearm,two_handed_polearm,45.24,,0.0,,0.0,khuzait_noble_son,3.0,noble_line,54.76155322604459,72.41491085899514,81.95652173913044,0.0,0.45454545454545453,0.45454545454545453,0.25,1.1800000000000002,38.15095223686727,45.21436628004709,36.621845913791965,,xml_structural,false
khuzait_tribal_warrior,Khuzait Tribal Warrior,11.0,khuzait,HorseArcher,0,40.0,15.0,20.0,40.0,5.0,15.0,40.0,20.0,False,True,True,False,True,False,28.955,steppe_bow,97.89999999999999,24.0,eastern_spear_1_t2,TwoHandedPolearm,two_handed_polearm,45.24,,0.0,,0.0,khuzait_nomad,2.0,main_or_minor_line,21.375313745755204,63.46839546191248,81.95652173913044,0.0,0.25,0.25,0.25,1.12,12.54887974860544,14.84122570924004,15.262414400929913,,xml_structural,false
khuzait_tribal_warrior,Khuzait Tribal Warrior,11.0,khuzait,HorseArcher,1,40.0,15.0,20.0,40.0,5.0,15.0,40.0,20.0,False,True,True,False,True,False,35.3925,steppe_bow,97.89999999999999,24.0,eastern_spear_1_t2,TwoHandedPolearm,two_handed_polearm,45.24,,0.0,,0.0,khuzait_nomad,2.0,main_or_minor_line,26.12763915547025,63.46839546191248,81.95652173913044,0.0,0.25,0.25,0.25,1.12,13.164214019270593,19.164655060805995,15.93583639197352,,xml_structural,false
khuzait_tribal_warrior,Khuzait Tribal Warrior,11.0,khuzait,HorseArcher,2,40.0,15.0,20.0,40.0,5.0,15.0,40.0,20.0,False,True,True,False,True,False,34.08,steppe_bow,97.89999999999999,24.0,eastern_spear_1_t2,TwoHandedPolearm,two_handed_polearm,45.24,,0.0,,0.0,khuzait_nomad,2.0,main_or_minor_line,25.158718440868153,63.46839546191248,81.95652173913044,0.0,0.25,0.25,0.25,1.12,13.038757517484493,18.283179173593517,15.798536762731619,,xml_structural,false
lakepike_tier_1,Lake Rat Recruit,16.0,sturgia,Infantry,0,50.0,40.0,40.0,5.0,20.0,45.0,15.0,20.0,True,False,False,False,False,False,21.81607142857143,,0.0,0.0,small_bit_axe_t2,OneHandedAxe,axe,40.48,,0.0,,0.0,lakepike_tier_1,1.0,main_or_minor_line,16.10517601400519,0.0,73.33333333333331,0.0,0.25,0.25,0.28125,1.015,,16.32047741399163,6.709078714479318,,xml_structural,false
lakepike_tier_1,Lake Rat Recruit,16.0,sturgia,Infantry,1,50.0,40.0,40.0,5.0,20.0,45.0,15.0,20.0,True,False,False,False,False,False,11.37857142857143,,0.0,0.0,small_bit_axe_t2,OneHandedAxe,axe,40.48,,0.0,,0.0,lakepike_tier_1,1.0,main_or_minor_line,8.399949378836135,0.0,73.33333333333331,0.0,0.25,0.25,0.28125,1.015,,9.310645358540032,5.61721975812706,,xml_structural,false
lakepike_tier_1,Lake Rat Recruit,16.0,sturgia,Infantry,2,50.0,40.0,40.0,5.0,20.0,45.0,15.0,20.0,True,False,False,False,False,False,21.81607142857143,,0.0,0.0,small_bit_axe_t2,OneHandedAxe,axe,40.48,,0.0,,0.0,lakepike_tier_1,1.0,main_or_minor_line,16.10517601400519,0.0,73.33333333333331,0.0,0.25,0.25,0.28125,1.015,,16.32047741399163,6.709078714479318,,xml_structural,false
lakepike_tier_1,Lake Rat Recruit,16.0,sturgia,Infantry,3,50.0,40.0,40.0,5.0,20.0,45.0,15.0,20.0,True,False,False,False,False,False,19.19107142857143,,0.0,0.0,small_bit_axe_t2,OneHandedAxe,axe,40.48,,0.0,,0.0,lakepike_tier_1,1.0,main_or_minor_line,14.167334584800996,0.0,73.33333333333331,0.0,0.25,0.25,0.28125,1.015,,14.557525639566675,6.4344794559955165,,xml_structural,false
lakepike_tier_2,Lake Rat Veteran,21.0,sturgia,Infantry,0,100.0,70.0,70.0,40.0,10.0,100.0,30.0,60.0,True,False,False,False,False,True,31.94642857142857,,0.0,0.0,woodland_axe_t3,OneHandedAxe,axe,40.48,,0.0,generic_javelin_1_t3,19.8,lakepike_tier_1,2.0,main_or_minor_line,23.583662019362592,0.0,73.33333333333331,24.444444444444443,0.25,0.45454545454545453,0.625,1.03,,24.359495456297108,22.647693911253114,39.098190339043526,xml_structural,false
lakepike_tier_2,Lake Rat Veteran,21.0,sturgia,Infantry,1,100.0,70.0,70.0,40.0,10.0,100.0,30.0,60.0,True,False,False,False,False,True,37.07142857142858,,0.0,0.0,woodland_axe_t3,OneHandedAxe,axe,40.48,,0.0,generic_javelin_1_t3,19.8,lakepike_tier_1,2.0,main_or_minor_line,27.36706671447555,0.0,73.33333333333331,24.444444444444443,0.25,0.45454545454545453,0.625,1.03,,27.801448920650596,23.18381627305482,40.406729083169616,xml_structural,false
lakepike_tier_2,Lake Rat Veteran,21.0,sturgia,Infantry,2,100.0,70.0,70.0,40.0,10.0,100.0,30.0,60.0,True,False,False,False,False,True,36.69642857142857,,0.0,0.0,woodland_axe_t3,OneHandedAxe,axe,40.48,,0.0,generic_javelin_1_t3,19.8,lakepike_tier_1,2.0,main_or_minor_line,27.090232224589226,0.0,73.33333333333331,24.444444444444443,0.25,0.45454545454545453,0.625,1.03,,27.54959866716131,23.144587807557134,40.310982345794535,xml_structural,false
lakepike_tier_3,Lake Rat Wrecker ,26.0,sturgia,Infantry,0,130.0,60.0,110.0,45.0,15.0,130.0,30.0,55.0,True,False,False,False,False,True,70.06071428571428,,0.0,0.0,battle_axe_t4,OneHandedAxe,axe,40.48,,0.0,western_javelin_3_t4,19.8,lakepike_tier_1,3.0,main_or_minor_line,51.720592267617214,0.0,73.33333333333331,24.444444444444443,0.25,0.5909090909090909,0.8125,1.03,,49.95707550617886,36.55405790467545,59.133534047833415,xml_structural,false
lakepike_tier_3,Lake Rat Wrecker ,26.0,sturgia,Infantry,1,130.0,60.0,110.0,45.0,15.0,130.0,30.0,55.0,True,False,False,False,False,True,70.3107142857143,,0.0,0.0,battle_axe_t4,OneHandedAxe,axe,40.48,,0.0,western_javelin_3_t4,19.8,lakepike_tier_1,3.0,main_or_minor_line,51.9051485942081,0.0,73.33333333333331,24.444444444444443,0.25,0.5909090909090909,0.8125,1.03,,50.12497567517173,36.580210215007256,59.19736520608346,xml_structural,false
lakepike_tier_3,Lake Rat Wrecker ,26.0,sturgia,Infantry,2,130.0,60.0,110.0,45.0,15.0,130.0,30.0,55.0,True,False,False,False,False,True,79.4982142857143,,0.0,0.0,battle_axe_t4,OneHandedAxe,axe,40.48,,0.0,western_javelin_3_t4,19.8,lakepike_tier_1,3.0,main_or_minor_line,58.68759359642277,0.0,73.33333333333331,24.444444444444443,0.25,0.5909090909090909,0.8125,1.03,,56.29530688565906,37.54130761970056,61.543160271772905,xml_structural,false
lakepike_tier_3,Lake Rat Wrecker ,26.0,sturgia,Infantry,3,130.0,60.0,110.0,45.0,15.0,130.0,30.0,55.0,True,False,False,False,False,True,70.81071428571428,,0.0,0.0,battle_axe_t4,OneHandedAxe,axe,40.48,,0.0,western_javelin_3_t4,19.8,lakepike_tier_1,3.0,main_or_minor_line,52.274261247389845,0.0,73.33333333333331,24.444444444444443,0.25,0.5909090909090909,0.8125,1.03,,50.460776013157435,36.63251483567084,59.325027522583575,xml_structural,false
legion_of_the_betrayed_tier_1,Hastati,16.0,empire,Infantry,0,70.0,20.0,20.0,15.0,15.0,60.0,5.0,90.0,True,False,False,False,False,False,36.425,,0.0,0.0,empire_sword_1_t2,OneHandedSword,one_handed_sword,41.8,,0.0,,0.0,legion_of_the_betrayed_tier_1,1.0,main_or_minor_line,26.88985678429056,0.0,75.72463768115942,0.0,0.25,0.3181818181818182,0.375,1.005,,26.494425349389076,13.951662502195514,,xml_structural,false
legion_of_the_betrayed_tier_1,Hastati,16.0,empire,Infantry,1,70.0,20.0,20.0,15.0,15.0,60.0,5.0,90.0,True,False,False,False,False,False,35.9875,,0.0,0.0,empire_sword_1_t2,OneHandedSword,one_handed_sword,41.8,,0.0,,0.0,legion_of_the_betrayed_tier_1,1.0,main_or_minor_line,26.56688321275653,0.0,75.72463768115942,0.0,0.25,0.3181818181818182,0.375,1.005,,26.200600053651577,13.90589595911488,,xml_structural,false
legion_of_the_betrayed_tier_1,Hastati,16.0,empire,Infantry,2,70.0,20.0,20.0,15.0,15.0,60.0,5.0,90.0,True,False,False,False,False,False,35.7375,,0.0,0.0,empire_sword_1_t2,OneHandedSword,one_handed_sword,41.8,,0.0,,0.0,legion_of_the_betrayed_tier_1,1.0,main_or_minor_line,26.382326886165654,0.0,75.72463768115942,0.0,0.25,0.3181818181818182,0.375,1.005,,26.03269988465872,13.879743648783089,,xml_structural,false
legion_of_the_betrayed_tier_1,Hastati,16.0,empire,Infantry,3,70.0,20.0,20.0,15.0,15.0,60.0,5.0,90.0,True,False,False,False,False,False,35.3,,0.0,0.0,empire_sword_1_t2,OneHandedSword,one_handed_sword,41.8,,0.0,,0.0,legion_of_the_betrayed_tier_1,1.0,main_or_minor_line,26.059353314631622,0.0,75.72463768115942,0.0,0.25,0.3181818181818182,0.375,1.005,,25.738874588921238,13.833977105702456,,xml_structural,false
legion_of_the_betrayed_tier_2,Principes,21.0,empire,Infantry,0,110.0,40.0,30.0,30.0,30.0,90.0,20.0,120.0,True,False,False,False,False,False,41.52857142857143,,0.0,0.0,empire_sword_2_t3,OneHandedSword,one_handed_sword,41.8,,0.0,,0.0,legion_of_the_betrayed_tier_1,2.0,main_or_minor_line,30.657442365695726,0.0,75.72463768115942,0.0,0.25,0.5,0.5625,1.02,,29.92198737068603,28.142491943293003,,xml_structural,false
legion_of_the_betrayed_tier_2,Principes,21.0,empire,Infantry,1,110.0,40.0,30.0,30.0,30.0,90.0,20.0,120.0,True,False,False,False,False,False,45.21607142857143,,0.0,0.0,empire_sword_3_t3,OneHandedSword,one_handed_sword,41.8,,0.0,,0.0,legion_of_the_betrayed_tier_1,2.0,main_or_minor_line,33.37964818291114,0.0,75.72463768115942,0.0,0.25,0.5,0.5625,1.02,,32.3985148633306,28.528238520686912,,xml_structural,false
legion_of_the_betrayed_tier_3,Triarii,26.0,empire,Infantry,0,140.0,50.0,100.0,45.0,15.0,80.0,45.0,130.0,True,False,False,False,False,False,70.24285714285713,,0.0,0.0,,,,0.0,,0.0,,0.0,legion_of_the_betrayed_tier_1,3.0,main_or_minor_line,51.855054734133425,0.0,0.0,0.0,0.25,0.6363636363636364,0.5,1.045,,37.72476939885124,,,xml_structural,false
legion_of_the_betrayed_tier_3,Triarii,26.0,empire,Infantry,1,140.0,50.0,100.0,45.0,15.0,80.0,45.0,130.0,True,False,False,False,False,False,60.05535714285714,,0.0,0.0,,,,0.0,,0.0,,0.0,legion_of_the_betrayed_tier_1,3.0,main_or_minor_line,44.33438442555524,0.0,0.0,0.0,0.25,0.6363636363636364,0.5,1.045,,30.882837512392488,,,xml_structural,false
mamluke_palace_guard,Aserai Mamluke Palace Guard,26.0,aserai,Infantry,0,80.0,140.0,80.0,60.0,20.0,130.0,60.0,140.0,False,False,False,False,False,False,50.43749999999999,,0.0,0.0,aserai_2haxe_2_t4,TwoHandedAxe,axe,40.48,,0.0,,0.0,aserai_recruit,5.0,main_or_minor_line,37.23423888970913,0.0,73.33333333333331,0.0,0.2727272727272727,0.6363636363636364,0.8125,1.06,,,37.807707506221284,,xml_structural,false
mamluke_palace_guard,Aserai Mamluke Palace Guard,26.0,aserai,Infantry,1,80.0,140.0,80.0,60.0,20.0,130.0,60.0,140.0,False,False,False,False,False,False,50.0,,0.0,0.0,aserai_2haxe_2_t4,TwoHandedAxe,axe,40.48,,0.0,,0.0,aserai_recruit,5.0,main_or_minor_line,36.911265318175104,0.0,73.33333333333331,0.0,0.2727272727272727,0.6363636363636364,0.8125,1.06,,,37.761940963140646,,xml_structural,false
mamluke_palace_guard,Aserai Mamluke Palace Guard,26.0,aserai,Infantry,2,80.0,140.0,80.0,60.0,20.0,130.0,60.0,140.0,False,False,False,False,False,False,50.3125,,0.0,0.0,,,,0.0,,0.0,,0.0,aserai_recruit,5.0,main_or_minor_line,37.1419607264137,0.0,0.0,0.0,0.2727272727272727,0.6363636363636364,0.8125,1.06,,,,,xml_structural,false
mp_heavy_cavalry_aserai_hero,Mamluke,30.0,aserai,Cavalry,0,50.0,50.0,150.0,50.0,50.0,100.0,150.0,,True,True,False,False,False,False,71.2925,,0.0,0.0,mp_aserai_long_spear,TwoHandedPolearm,two_handed_polearm,45.24,,0.0,,0.0,,,special_or_unlinked,52.62992765391997,0.0,81.95652173913044,0.0,0.25,0.6818181818181818,0.625,1.23,,58.437623922694186,54.79587403372769,,xml_structural,false
mp_heavy_cavalry_aserai_troop,Mamluke,30.0,aserai,Cavalry,0,150.0,100.0,250.0,150.0,50.0,100.0,250.0,,True,True,False,False,False,False,81.04250000000002,,0.0,0.0,mp_aserai_long_spear,TwoHandedPolearm,two_handed_polearm,45.24,,0.0,,0.0,,,special_or_unlinked,59.82762439096413,0.0,81.95652173913044,0.0,0.6818181818181818,1.1363636363636365,0.625,1.25,,64.98573051341545,92.76798874520338,,xml_structural,false
mp_heavy_cavalry_aserai_troop,Mamluke,30.0,aserai,Cavalry,1,150.0,100.0,250.0,150.0,50.0,100.0,250.0,,True,True,False,False,False,False,61.6675,,0.0,0.0,mp_aserai_long_spear,TwoHandedPolearm,two_handed_polearm,45.24,,0.0,,0.0,,,special_or_unlinked,45.52450908017126,0.0,81.95652173913044,0.0,0.6818181818181818,1.1363636363636365,0.625,1.25,,51.973467416469354,90.74118469448959,,xml_structural,false
mp_heavy_cavalry_aserai_troop,Mamluke,30.0,aserai,Cavalry,2,150.0,100.0,250.0,150.0,50.0,100.0,250.0,,True,True,False,False,False,False,77.23,,0.0,0.0,mp_aserai_long_spear,TwoHandedPolearm,two_handed_polearm,45.24,,0.0,,0.0,,,special_or_unlinked,57.01314041045327,0.0,81.95652173913044,0.0,0.6818181818181818,1.1363636363636365,0.625,1.25,,62.425252936274426,92.36916601264355,,xml_structural,false
mp_heavy_cavalry_empire_hero,Cataphract,30.0,empire,Cavalry,0,50.0,50.0,150.0,20.0,20.0,100.0,150.0,,True,True,False,False,False,False,77.33500000000001,,0.0,0.0,mp_western_lance,TwoHandedPolearm,two_handed_polearm,45.24,,0.0,,0.0,,,special_or_unlinked,57.09065406762144,0.0,81.95652173913044,0.0,0.25,0.6818181818181818,0.625,1.23,,62.495771007251435,55.42797537444708,,xml_structural,false
mp_heavy_cavalry_empire_troop,Cataphract,30.0,empire,Cavalry,0,150.0,100.0,250.0,50.0,50.0,100.0,250.0,,True,True,False,False,False,False,76.46000000000001,,0.0,0.0,mp_western_lance,TwoHandedPolearm,two_handed_polearm,45.24,,0.0,,0.0,,,special_or_unlinked,56.44470692455338,0.0,81.95652173913044,0.0,0.25,1.1363636363636365,0.625,1.25,,61.90812041577646,92.28861689682165,,xml_structural,false
mp_heavy_cavalry_empire_troop,Cataphract,30.0,empire,Cavalry,1,150.0,100.0,250.0,50.0,50.0,100.0,250.0,,True,True,False,False,False,False,77.77250000000001,,0.0,0.0,mp_western_lance,TwoHandedPolearm,two_handed_polearm,45.24,,0.0,,0.0,,,special_or_unlinked,57.41362763915547,0.0,81.95652173913044,0.0,0.25,1.1363636363636365,0.625,1.25,,62.789596302988905,92.42591652606355,,xml_structural,false
mp_heavy_cavalry_empire_troop,Cataphract,30.0,empire,Cavalry,2,150.0,100.0,250.0,50.0,50.0,100.0,250.0,,True,True,False,False,False,False,72.14750000000001,,0.0,0.0,mp_western_lance,TwoHandedPolearm,two_handed_polearm,45.24,,0.0,,0.0,,,special_or_unlinked,53.26111029086078,0.0,81.95652173913044,0.0,0.25,1.1363636363636365,0.625,1.25,,59.011842500649735,91.83748954359825,,xml_structural,false
mp_heavy_cavalry_khuzait_hero,Lancer,30.0,khuzait,Cavalry,0,50.0,50.0,150.0,50.0,50.0,100.0,150.0,,True,True,False,False,False,False,99.39464285714286,,0.0,0.0,mp_khuzait_lance_heavy,TwoHandedPolearm,two_handed_polearm,45.24,,0.0,,0.0,,,special_or_unlinked,73.37564067410517,0.0,81.95652173913044,0.0,0.25,0.6818181818181818,0.625,1.23,,77.31104206179647,57.73561787768096,,xml_structural,false
mp_heavy_cavalry_khuzait_troop,Lancer,30.0,khuzait,Cavalry,0,150.0,100.0,250.0,200.0,50.0,100.0,250.0,,True,True,False,False,False,False,100.64464285714286,,0.0,0.0,mp_khuzait_lance_heavy,TwoHandedPolearm,two_handed_polearm,45.24,,0.0,,0.0,,,special_or_unlinked,74.29842230705954,0.0,81.95652173913044,0.0,0.9090909090909091,1.1363636363636365,0.625,1.25,,78.15054290676073,94.81855403787574,,xml_structural,false
mp_heavy_cavalry_khuzait_troop,Lancer,30.0,khuzait,Cavalry,1,150.0,100.0,250.0,200.0,50.0,100.0,250.0,,True,True,False,False,False,False,103.71964285714286,,0.0,0.0,mp_khuzait_lance_heavy,TwoHandedPolearm,two_handed_polearm,45.24,,0.0,,0.0,,,special_or_unlinked,76.56846512412731,0.0,81.95652173913044,0.0,0.9090909090909091,1.1363636363636365,0.625,1.25,,80.21571498537281,95.14022745495676,,xml_structural,false
mp_heavy_cavalry_khuzait_troop,Lancer,30.0,khuzait,Cavalry,2,150.0,100.0,250.0,200.0,50.0,100.0,250.0,,True,True,False,False,False,False,97.39464285714286,,0.0,0.0,mp_khuzait_lance_heavy,TwoHandedPolearm,two_handed_polearm,45.24,,0.0,,0.0,,,special_or_unlinked,71.89919006137816,0.0,81.95652173913044,0.0,0.9090909090909091,1.1363636363636365,0.625,1.25,,75.96784070985365,94.47857400356246,,xml_structural,false
mp_heavy_cavalry_sturgia_hero,Druzhinnik,30.0,sturgia,Cavalry,0,50.0,50.0,150.0,50.0,50.0,100.0,150.0,,True,True,False,False,False,False,73.04,,0.0,0.0,mp_sturgia_lance,TwoHandedPolearm,two_handed_polearm,45.24,,0.0,,0.0,,,special_or_unlinked,53.9199763767902,0.0,81.95652173913044,0.0,0.25,0.6818181818181818,0.625,1.23,,59.611246103954244,54.978678682946914,,xml_structural,false
mp_heavy_cavalry_sturgia_troop,Druzhinnik,30.0,sturgia,Cavalry,0,150.0,100.0,250.0,50.0,50.0,100.0,250.0,,True,True,False,False,False,False,73.6525,,0.0,0.0,mp_sturgia_lance,TwoHandedPolearm,two_handed_polearm,45.24,,0.0,,0.0,,,special_or_unlinked,54.37213937693784,0.0,81.95652173913044,0.0,0.25,1.1363636363636365,0.625,1.25,,60.02260151798671,91.99492645179564,,xml_structural,false
mp_heavy_cavalry_sturgia_troop,Druzhinnik,30.0,sturgia,Cavalry,1,150.0,100.0,250.0,50.0,50.0,100.0,250.0,,True,True,False,False,False,False,55.402499999999996,,0.0,0.0,mp_sturgia_lance,TwoHandedPolearm,two_handed_polearm,45.24,,0.0,,0.0,,,special_or_unlinked,40.89952753580393,0.0,81.95652173913044,0.0,0.25,1.1363636363636365,0.625,1.25,,47.76588918150846,90.08580779757492,,xml_structural,false
mp_heavy_cavalry_sturgia_troop,Druzhinnik,30.0,sturgia,Cavalry,2,150.0,100.0,250.0,50.0,50.0,100.0,250.0,,True,True,False,False,False,False,70.8525,,0.0,0.0,mp_sturgia_lance,TwoHandedPolearm,two_handed_polearm,45.24,,0.0,,0.0,,,special_or_unlinked,52.30510851912004,0.0,81.95652173913044,0.0,0.25,1.1363636363636365,0.625,1.25,,58.142119625266766,91.70202057607958,,xml_structural,false
mp_heavy_cavalry_vlandia_hero,Knight,30.0,vlandia,Cavalry,0,50.0,50.0,150.0,20.0,20.0,100.0,150.0,,True,True,False,False,False,False,70.505,,0.0,0.0,mp_western_long_lance,TwoHandedPolearm,two_handed_polearm,45.24,,0.0,,0.0,,,special_or_unlinked,52.048575225158714,0.0,81.95652173913044,0.0,0.25,0.6818181818181818,0.625,1.23,,57.90873839036669,54.71349425618256,,xml_structural,false
mp_heavy_cavalry_vlandia_troop,Knight,30.0,vlandia,Cavalry,0,150.0,100.0,250.0,50.0,50.0,100.0,250.0,,True,True,False,False,False,False,76.255,,0.0,0.0,mp_western_long_lance,TwoHandedPolearm,two_handed_polearm,45.24,,0.0,,0.0,,,special_or_unlinked,56.293370736748855,0.0,81.95652173913044,0.0,0.25,1.1363636363636365,0.625,1.25,,61.77044227720231,92.26717200234958,,xml_structural,false
mp_heavy_cavalry_vlandia_troop,Knight,30.0,vlandia,Cavalry,1,150.0,100.0,250.0,50.0,50.0,100.0,250.0,,True,True,False,False,False,False,73.255,,0.0,0.0,mp_western_long_lance,TwoHandedPolearm,two_handed_polearm,45.24,,0.0,,0.0,,,special_or_unlinked,54.078694817658345,0.0,81.95652173913044,0.0,0.25,1.1363636363636365,0.625,1.25,,59.75564024928808,91.95334427836808,,xml_structural,false
mp_heavy_cavalry_vlandia_troop,Knight,30.0,vlandia,Cavalry,2,150.0,100.0,250.0,50.0,50.0,100.0,250.0,,True,True,False,False,False,False,63.629999999999995,,0.0,0.0,mp_western_long_lance,TwoHandedPolearm,two_handed_polearm,45.24,,0.0,,0.0,,,special_or_unlinked,46.97327624390964,0.0,81.95652173913044,0.0,0.25,1.1363636363636365,0.625,1.25,,53.29148374306324,90.94648033059414,,xml_structural,false
mp_heavy_infantry_battania_hero,Oathsworn,25.0,battania,Infantry,0,50.0,50.0,50.0,20.0,20.0,100.0,50.0,,True,False,False,False,False,False,72.41964285714286,,0.0,0.0,mp_battania_long_sword,OneHandedSword,one_handed_sword,41.8,,0.0,,0.0,,,special_or_unlinked,53.4620130349497,0.0,75.72463768115942,0.0,0.25,0.25,0.625,1.05,,50.668451823595724,12.595679018612536,,xml_structural,false
mp_heavy_infantry_battania_troop,Oathsworn,25.0,battania,Infantry,0,200.0,150.0,200.0,20.0,20.0,100.0,60.0,,True,False,False,False,False,False,72.41964285714286,,0.0,0.0,mp_battania_long_sword,OneHandedSword,one_handed_sword,41.8,,0.0,,0.0,,,special_or_unlinked,53.4620130349497,0.0,75.72463768115942,0.0,0.25,0.9090909090909091,0.625,1.06,,50.668451823595724,62.10211807748425,,xml_structural,false
mp_heavy_infantry_battania_troop,Oathsworn,25.0,battania,Infantry,1,200.0,150.0,200.0,20.0,20.0,100.0,60.0,,True,False,False,False,False,False,63.919642857142854,,0.0,0.0,mp_battania_long_sword,OneHandedSword,one_handed_sword,41.8,,0.0,,0.0,,,special_or_unlinked,47.18709793085992,0.0,75.72463768115942,0.0,0.25,0.9090909090909091,0.625,1.06,,44.95984607783873,61.21293952620338,,xml_structural,false
mp_heavy_infantry_battania_troop,Oathsworn,25.0,battania,Infantry,2,200.0,150.0,200.0,20.0,20.0,100.0,60.0,,True,False,False,False,False,False,61.669642857142854,,0.0,0.0,mp_battania_long_sword,OneHandedSword,one_handed_sword,41.8,,0.0,,0.0,,,special_or_unlinked,45.52609099154204,0.0,75.72463768115942,0.0,0.25,0.9090909090909091,0.625,1.06,,43.44874455690305,60.977568733217254,,xml_structural,false
mp_heavy_infantry_empire_hero,Legionary,25.0,empire,Infantry,0,50.0,50.0,50.0,20.0,20.0,100.0,50.0,,True,False,False,False,False,False,53.72321428571429,,0.0,0.0,mp_empire_spatha,OneHandedSword,one_handed_sword,41.8,,0.0,,0.0,,,special_or_unlinked,39.65983632490351,0.0,75.72463768115942,0.0,0.25,0.25,0.625,1.05,,38.1119177567731,10.639859810227902,,xml_structural,false
mp_heavy_infantry_empire_troop,Legionary,25.0,empire,Infantry,0,200.0,150.0,200.0,20.0,20.0,100.0,60.0,,True,False,False,False,False,False,48.973214285714285,,0.0,0.0,mp_empire_spatha,OneHandedSword,one_handed_sword,41.8,,0.0,,0.0,,,special_or_unlinked,36.153266119676864,0.0,75.72463768115942,0.0,0.25,0.9090909090909091,0.625,1.06,,34.921814545908894,59.64940497279561,,xml_structural,false
mp_heavy_infantry_empire_troop,Legionary,25.0,empire,Infantry,1,200.0,150.0,200.0,20.0,20.0,100.0,60.0,,True,False,False,False,False,False,57.41071428571428,,0.0,0.0,mp_empire_spatha,OneHandedSword,one_handed_sword,41.8,,0.0,,0.0,,,special_or_unlinked,42.382042142118905,0.0,75.72463768115942,0.0,0.25,0.9090909090909091,0.625,1.06,,40.58844524941766,60.53204544649354,,xml_structural,false
mp_heavy_infantry_empire_troop,Legionary,25.0,empire,Infantry,2,200.0,150.0,200.0,20.0,20.0,100.0,60.0,,True,False,False,False,False,False,44.723214285714285,,0.0,0.0,mp_empire_spatha,OneHandedSword,one_handed_sword,41.8,,0.0,,0.0,,,special_or_unlinked,33.01580856763198,0.0,75.72463768115942,0.0,0.25,0.9090909090909091,0.625,1.06,,32.067511673030396,59.20481569715516,,xml_structural,false
mp_heavy_infantry_khuzait_hero,Spear Infantry,25.0,khuzait,Infantry,0,50.0,50.0,50.0,20.0,20.0,100.0,75.0,,True,False,False,False,False,False,38.63392857142857,,0.0,0.0,mp_khuzait_spear,TwoHandedPolearm,two_handed_polearm,45.24,,0.0,,0.0,,,special_or_unlinked,28.520543755668513,0.0,81.95652173913044,0.0,0.25,0.25,0.625,1.075,,28.922852977747738,10.606772643575876,,xml_structural,false
mp_heavy_infantry_khuzait_troop,Spear Infantry,25.0,khuzait,Infantry,0,200.0,150.0,200.0,20.0,20.0,100.0,85.0,,True,False,False,False,False,False,53.75892857142857,,0.0,0.0,mp_khuzait_spear,TwoHandedPolearm,two_handed_polearm,45.24,,0.0,,0.0,,,special_or_unlinked,39.68620151441648,0.0,81.95652173913044,0.0,0.25,0.9090909090909091,0.625,1.085,,39.08081320181532,65.76964060102617,,xml_structural,false
mp_heavy_infantry_khuzait_troop,Spear Infantry,25.0,khuzait,Infantry,1,200.0,150.0,200.0,20.0,20.0,100.0,85.0,,True,False,False,False,False,False,56.75892857142857,,0.0,0.0,mp_khuzait_spear,TwoHandedPolearm,two_handed_polearm,45.24,,0.0,,0.0,,,special_or_unlinked,41.900877433506984,0.0,81.95652173913044,0.0,0.25,0.9090909090909091,0.625,1.085,,41.095615229729546,66.08346832500764,,xml_structural,false
mp_heavy_infantry_khuzait_troop,Spear Infantry,25.0,khuzait,Infantry,2,200.0,150.0,200.0,20.0,20.0,100.0,85.0,,True,False,False,False,False,False,38.63392857142857,,0.0,0.0,mp_khuzait_spear,TwoHandedPolearm,two_handed_polearm,45.24,,0.0,,0.0,,,special_or_unlinked,28.520543755668513,0.0,81.95652173913044,0.0,0.25,0.9090909090909091,0.625,1.085,,28.922852977747738,64.18742582595281,,xml_structural,false
mp_heavy_infantry_sturgia_hero,Varyag,36.0,sturgia,Infantry,0,50.0,50.0,50.0,20.0,20.0,100.0,50.0,,True,False,False,False,False,False,52.22857142857143,,0.0,0.0,mp_sturgia_heavy_axe,OneHandedAxe,axe,40.48,,0.0,,0.0,,,special_or_unlinked,38.5564531437852,0.0,73.33333333333331,0.0,0.25,0.25,0.625,1.05,,36.74553297197216,9.89050726634165,,xml_structural,false
mp_heavy_infantry_sturgia_troop,Varyag,25.0,sturgia,Infantry,0,200.0,150.0,200.0,20.0,20.0,100.0,60.0,,True,False,False,False,False,False,50.41607142857143,,0.0,0.0,mp_sturgia_heavy_axe,OneHandedAxe,axe,40.48,,0.0,,0.0,,,special_or_unlinked,37.21841977600135,0.0,73.33333333333331,0.0,0.25,0.9090909090909091,0.625,1.06,,35.52825674677397,57.643980841869826,,xml_structural,false
mp_heavy_infantry_sturgia_troop,Varyag,25.0,sturgia,Infantry,1,200.0,150.0,200.0,20.0,20.0,100.0,60.0,,True,False,False,False,False,False,48.35357142857143,,0.0,0.0,mp_sturgia_heavy_axe,OneHandedAxe,axe,40.48,,0.0,,0.0,,,special_or_unlinked,35.695830081626625,0.0,73.33333333333331,0.0,0.25,0.9090909090909091,0.625,1.06,,34.14308035258294,57.428224281632545,,xml_structural,false
mp_heavy_infantry_sturgia_troop,Varyag,25.0,sturgia,Infantry,2,200.0,150.0,200.0,20.0,20.0,100.0,60.0,,True,False,False,False,False,False,50.85357142857143,,0.0,0.0,mp_sturgia_heavy_axe,OneHandedAxe,axe,40.48,,0.0,,0.0,,,special_or_unlinked,37.54139334753538,0.0,73.33333333333331,0.0,0.25,0.9090909090909091,0.625,1.06,,35.82208204251147,57.68974738495045,,xml_structural,false
mp_heavy_infantry_sturgia_troop,Varyag,25.0,sturgia,Infantry,3,200.0,150.0,200.0,20.0,20.0,100.0,60.0,,True,False,False,False,False,False,44.60357142857143,,0.0,0.0,mp_sturgia_heavy_axe,OneHandedAxe,axe,40.48,,0.0,,0.0,,,special_or_unlinked,32.92748518276349,0.0,73.33333333333331,0.0,0.25,0.9090909090909091,0.625,1.06,,31.62457781769014,57.03593962665568,,xml_structural,false
mp_heavy_infantry_vlandia_hero,Sergeant,25.0,vlandia,Infantry,0,50.0,50.0,50.0,20.0,20.0,100.0,50.0,,True,False,False,False,False,False,73.93750000000001,,0.0,0.0,mp_vlandian_long_sword,OneHandedSword,one_handed_sword,41.8,,0.0,,0.0,,,special_or_unlinked,54.58253358925145,0.0,75.72463768115942,0.0,0.25,0.25,0.625,1.05,,51.68784570676663,12.754460902769832,,xml_structural,false
mp_heavy_infantry_vlandia_troop,Sergeant,25.0,vlandia,Infantry,0,200.0,150.0,200.0,20.0,20.0,100.0,60.0,,True,False,False,False,False,False,53.19464285714285,,0.0,0.0,mp_vlandian_long_sword,OneHandedSword,one_handed_sword,41.8,,0.0,,0.0,,,special_or_unlinked,39.26963152011136,0.0,75.72463768115942,0.0,0.25,0.9090909090909091,0.625,1.06,,37.756928828045346,60.09100541296954,,xml_structural,false
mp_heavy_infantry_vlandia_troop,Sergeant,25.0,vlandia,Infantry,1,200.0,150.0,200.0,20.0,20.0,100.0,60.0,,True,False,False,False,False,False,58.69464285714287,,0.0,0.0,mp_vlandian_long_sword,OneHandedSword,one_handed_sword,41.8,,0.0,,0.0,,,special_or_unlinked,43.32987070511063,0.0,75.72463768115942,0.0,0.25,0.9090909090909091,0.625,1.06,,41.45073254588812,60.66635624026894,,xml_structural,false
mp_heavy_infantry_vlandia_troop,Sergeant,25.0,vlandia,Infantry,2,200.0,150.0,200.0,20.0,20.0,100.0,60.0,,True,False,False,False,False,False,50.88214285714285,,0.0,0.0,mp_vlandian_long_sword,OneHandedSword,one_handed_sword,41.8,,0.0,,0.0,,,special_or_unlinked,37.562485499145765,0.0,75.72463768115942,0.0,0.25,0.9090909090909091,0.625,1.06,,36.20385226486146,59.84909654240049,,xml_structural,false
mp_heavy_ranged_aserai_hero,Veteran,20.0,aserai,Ranged,0,50.0,50.0,50.0,100.0,100.0,100.0,50.0,,False,False,True,False,True,False,46.12500000000001,mp_recurve_bow,111.1,35.0,mp_aserai_ranger_sword,OneHandedSword,one_handed_sword,41.8,,0.0,,0.0,,,special_or_unlinked,34.05064225601654,72.0259319286872,75.72463768115942,0.0,0.45454545454545453,0.25,0.625,1.05,20.601703842901166,,9.845016378358126,,xml_structural,false
mp_heavy_ranged_aserai_troop,Veteran,20.0,aserai,Ranged,0,100.0,100.0,50.0,250.0,100.0,100.0,75.0,,False,False,True,False,True,False,43.6875,mp_recurve_bow,111.1,35.0,mp_aserai_ranger_sword,OneHandedSword,one_handed_sword,41.8,,0.0,,0.0,,,special_or_unlinked,32.251218071755495,72.0259319286872,75.72463768115942,0.0,1.1363636363636365,0.45454545454545453,0.625,1.075,74.51230334088494,,24.954098646755767,,xml_structural,false
mp_heavy_ranged_aserai_troop,Veteran,20.0,aserai,Ranged,1,100.0,100.0,50.0,250.0,100.0,100.0,75.0,,False,False,True,False,True,False,29.875,mp_recurve_bow,111.1,35.0,mp_aserai_ranger_sword,OneHandedSword,one_handed_sword,41.8,,0.0,,0.0,,,special_or_unlinked,22.054481027609626,72.0259319286872,75.72463768115942,0.0,1.1363636363636365,0.45454545454545453,0.625,1.075,73.19202301256458,,23.50918350092433,,xml_structural,false
mp_heavy_ranged_aserai_troop,Veteran,20.0,aserai,Ranged,2,100.0,100.0,50.0,250.0,100.0,100.0,75.0,,False,False,True,False,True,False,30.500000000000004,mp_recurve_bow,111.1,35.0,mp_aserai_ranger_sword,OneHandedSword,one_handed_sword,41.8,,0.0,,0.0,,,special_or_unlinked,22.515871844086817,72.0259319286872,75.72463768115942,0.0,1.1363636363636365,0.45454545454545453,0.625,1.075,73.25176420389127,,23.574564276753808,,xml_structural,false
mp_heavy_ranged_battania_hero,Fiann,20.0,battania,Ranged,0,50.0,50.0,50.0,100.0,100.0,100.0,50.0,,False,False,True,False,True,False,40.06250000000001,mp_long_bow,118.9,35.0,mp_battania_two_handed_sword,TwoHandedSword,two_handed_sword,55.2,,0.0,,0.0,,,special_or_unlinked,29.57515133618781,77.08265802269044,100.0,0.0,0.45454545454545453,0.25,0.625,1.05,22.459663546172234,,15.230662085016204,,xml_structural,false
mp_heavy_ranged_battania_troop,Fiann,20.0,battania,Ranged,0,100.0,100.0,50.0,250.0,100.0,100.0,75.0,,False,False,True,False,True,False,40.5625,mp_long_bow,118.9,35.0,mp_battania_two_handed_sword,TwoHandedSword,two_handed_sword,55.2,,0.0,,0.0,,,special_or_unlinked,29.944263989369553,77.08265802269044,100.0,0.0,1.1363636363636365,0.45454545454545453,0.625,1.075,80.45230679752682,,35.57235700797929,,xml_structural,false
mp_heavy_ranged_battania_troop,Fiann,20.0,battania,Ranged,1,100.0,100.0,50.0,250.0,100.0,100.0,75.0,,False,False,True,False,True,False,34.6875,mp_long_bow,118.9,35.0,mp_battania_two_handed_sword,TwoHandedSword,two_handed_sword,55.2,,0.0,,0.0,,,special_or_unlinked,25.60719031448398,77.08265802269044,100.0,0.0,1.1363636363636365,0.45454545454545453,0.625,1.075,79.89073959905572,,34.95777771518222,,xml_structural,false
mp_heavy_ranged_battania_troop,Fiann,20.0,battania,Ranged,2,100.0,100.0,50.0,250.0,100.0,100.0,75.0,,False,False,True,False,True,False,38.0,mp_long_bow,118.9,35.0,mp_battania_two_handed_sword,TwoHandedSword,two_handed_sword,55.2,,0.0,,0.0,,,special_or_unlinked,28.052561641813078,77.08265802269044,100.0,0.0,1.1363636363636365,0.45454545454545453,0.625,1.075,80.2073679130873,,35.30429582707844,,xml_structural,false
mp_heavy_ranged_empire_hero,Palatine Guard,20.0,empire,Ranged,0,50.0,50.0,150.0,100.0,100.0,100.0,50.0,,False,False,True,False,True,False,25.1875,mp_imperial_recurve_bow,111.25,35.0,mp_empire_spatha,OneHandedSword,one_handed_sword,41.8,,0.0,,0.0,,,special_or_unlinked,18.594049904030708,72.12317666126418,75.72463768115942,0.0,0.45454545454545453,0.6818181818181818,0.625,1.05,18.647247957670483,,40.09001356457282,,xml_structural,false
mp_heavy_ranged_empire_troop,Palatine Guard,20.0,empire,Ranged,0,100.0,100.0,100.0,250.0,100.0,100.0,75.0,,False,False,True,False,True,False,29.1875,mp_imperial_recurve_bow,111.25,35.0,mp_empire_spatha,OneHandedSword,one_handed_sword,41.8,,0.0,,0.0,,,special_or_unlinked,21.546951129484718,72.12317666126418,75.72463768115942,0.0,1.1363636363636365,0.45454545454545453,0.625,1.075,73.24628288312967,,23.437264647511906,,xml_structural,false
mp_heavy_ranged_empire_troop,Palatine Guard,20.0,empire,Ranged,1,100.0,100.0,100.0,250.0,100.0,100.0,75.0,,False,False,True,False,True,False,28.375,mp_imperial_recurve_bow,111.25,35.0,mp_empire_spatha,OneHandedSword,one_handed_sword,41.8,,0.0,,0.0,,,special_or_unlinked,20.94714306806437,72.12317666126418,75.72463768115942,0.0,1.1363636363636365,0.45454545454545453,0.625,1.075,73.16861933440494,,23.352269638933592,,xml_structural,false
mp_heavy_ranged_empire_troop,Palatine Guard,20.0,empire,Ranged,2,100.0,100.0,100.0,250.0,100.0,100.0,75.0,,False,False,True,False,True,False,24.375000000000004,mp_imperial_recurve_bow,111.25,35.0,mp_empire_spatha,OneHandedSword,one_handed_sword,41.8,,0.0,,0.0,,,special_or_unlinked,17.994241842610368,72.12317666126418,75.72463768115942,0.0,1.1363636363636365,0.45454545454545453,0.625,1.075,72.78627570991398,,22.93383267362494,,xml_structural,false
mp_heavy_ranged_khuzait_hero,Khan's Guard,20.0,khuzait,Ranged,0,50.0,50.0,50.0,100.0,100.0,100.0,75.0,,False,False,True,False,True,False,22.875,mp_recurve_bow,111.1,35.0,mp_khuzait_heavy_sabre,OneHandedSword,one_handed_sword,41.8,,0.0,,0.0,,,special_or_unlinked,16.88690388306511,72.0259319286872,75.72463768115942,0.0,0.45454545454545453,0.25,0.625,1.075,19.205951222404792,,7.412851517501593,,xml_structural,false
mp_heavy_ranged_khuzait_troop,Khan's Guard,20.0,khuzait,Ranged,0,100.0,100.0,100.0,250.0,100.0,100.0,100.0,,False,False,True,False,True,False,25.375,mp_recurve_bow_captain,111.24999999999999,35.0,mp_khuzait_heavy_sabre,OneHandedSword,one_handed_sword,41.8,,0.0,,0.0,,,special_or_unlinked,18.732467148973864,72.12317666126417,75.72463768115942,0.0,1.1363636363636365,0.45454545454545453,0.625,1.1,74.9512009786691,,23.038441914952106,,xml_structural,false
mp_heavy_ranged_khuzait_troop,Khan's Guard,20.0,khuzait,Ranged,1,100.0,100.0,100.0,250.0,100.0,100.0,100.0,,False,False,True,False,True,False,48.93750000000001,mp_recurve_bow_captain,111.24999999999999,35.0,mp_khuzait_heavy_sabre,OneHandedSword,one_handed_sword,41.8,,0.0,,0.0,,,special_or_unlinked,36.12690093016389,72.12317666126417,75.72463768115942,0.0,1.1363636363636365,0.45454545454545453,0.625,1.1,77.2034438916862,,25.50329716372337,,xml_structural,false
mp_heavy_ranged_khuzait_troop,Khan's Guard,20.0,khuzait,Ranged,2,100.0,100.0,100.0,250.0,100.0,100.0,100.0,,False,False,True,False,True,False,42.3125,mp_recurve_bow_captain,111.24999999999999,35.0,mp_khuzait_heavy_sabre,OneHandedSword,one_handed_sword,41.8,,0.0,,0.0,,,special_or_unlinked,31.236158275505684,72.12317666126417,75.72463768115942,0.0,1.1363636363636365,0.45454545454545453,0.625,1.1,76.57018726362303,,24.81026093993092,,xml_structural,false
mp_heavy_ranged_vlandia_hero,Sharpshooter,20.0,vlandia,Ranged,0,50.0,50.0,50.0,100.0,100.0,100.0,50.0,,False,False,False,True,True,False,37.8125,mp_crossbow,127.95,25.0,mp_vlandian_long_sword,OneHandedSword,one_handed_sword,41.8,,0.0,,0.0,,,special_or_unlinked,27.914144396869922,82.94975688816855,75.72463768115942,0.0,0.45454545454545453,0.25,0.625,1.05,25.07266138498821,,8.975452059826084,,xml_structural,false
mp_heavy_ranged_vlandia_troop,Sharpshooter,20.0,vlandia,Ranged,0,100.0,100.0,50.0,100.0,250.0,100.0,75.0,,False,False,False,True,True,False,37.875,mp_crossbow,127.95,25.0,mp_vlandian_long_sword,OneHandedSword,one_handed_sword,41.8,,0.0,,0.0,,,special_or_unlinked,27.960283478517642,82.94975688816855,75.72463768115942,0.0,1.1363636363636365,0.45454545454545453,0.625,1.075,87.43392226330185,,24.34605743154163,,xml_structural,false
mp_heavy_ranged_vlandia_troop,Sharpshooter,20.0,vlandia,Ranged,1,100.0,100.0,50.0,100.0,250.0,100.0,75.0,,False,False,False,True,True,False,39.375,mp_crossbow,127.95,25.0,mp_vlandian_long_sword,OneHandedSword,one_handed_sword,41.8,,0.0,,0.0,,,special_or_unlinked,29.067621438062893,82.94975688816855,75.72463768115942,0.0,1.1363636363636365,0.45454545454545453,0.625,1.075,87.57730112248596,,24.50297129353238,,xml_structural,false
mp_heavy_ranged_vlandia_troop,Sharpshooter,20.0,vlandia,Ranged,2,100.0,100.0,50.0,100.0,250.0,100.0,75.0,,False,False,False,True,True,False,38.68749999999999,mp_crossbow,127.95,25.0,mp_vlandian_long_sword,OneHandedSword,one_handed_sword,41.8,,0.0,,0.0,,,special_or_unlinked,28.560091539937982,82.94975688816855,75.72463768115942,0.0,1.1363636363636365,0.45454545454545453,0.625,1.075,87.51158581202658,,24.431052440119956,,xml_structural,false
mp_horse_archer_khuzait_hero,Mounted Archer,15.0,khuzait,HorseArcher,0,50.0,50.0,150.0,75.0,75.0,100.0,150.0,,False,True,True,False,True,False,47.4025,mp_nomad_bow,105.9,32.0,mp_khuzait_cavalry_sabre,OneHandedSword,one_handed_sword,41.8,,0.0,,0.0,,,special_or_unlinked,34.99372508489591,68.6547811993517,75.72463768115942,0.0,0.3409090909090909,0.6818181818181818,0.625,1.23,25.43885900692755,26.285669472607957,48.08205499272671,,xml_structural,false
mp_horse_archer_khuzait_troop,Mounted Archer,15.0,khuzait,HorseArcher,0,150.0,100.0,100.0,250.0,100.0,100.0,250.0,,False,True,True,False,True,False,40.715,mp_nomad_bow,106.65,35.0,mp_khuzait_cavalry_sabre,OneHandedSword,one_handed_sword,41.8,,0.0,,0.0,,,special_or_unlinked,30.05684334858999,69.14100486223663,75.72463768115942,0.0,1.1363636363636365,0.6818181818181818,0.625,1.25,94.91379367938363,21.794339952049157,47.38248069135132,,xml_structural,false
mp_horse_archer_khuzait_troop,Mounted Archer,15.0,khuzait,HorseArcher,1,150.0,100.0,100.0,250.0,100.0,100.0,250.0,,False,True,True,False,True,False,25.027500000000003,mp_nomad_bow,106.65,35.0,mp_khuzait_cavalry_sabre,OneHandedSword,one_handed_sword,41.8,,0.0,,0.0,,,special_or_unlinked,18.475933855012553,69.14100486223663,75.72463768115942,0.0,1.1363636363636365,0.6818181818181818,0.625,1.25,93.41428977708311,11.25860434774765,45.74142321803146,,xml_structural,false
mp_horse_archer_khuzait_troop,Mounted Archer,15.0,khuzait,HorseArcher,2,150.0,100.0,100.0,250.0,100.0,100.0,250.0,,False,True,True,False,True,False,25.34,mp_nomad_bow,106.65,35.0,mp_khuzait_cavalry_sabre,OneHandedSword,one_handed_sword,41.8,,0.0,,0.0,,,special_or_unlinked,18.706629263251145,69.14100486223663,75.72463768115942,0.0,1.1363636363636365,0.6818181818181818,0.625,1.25,93.44416037274647,11.468479558988715,45.77411360594619,,xml_structural,false
mp_light_cavalry_aserai_hero,Jawwal,15.0,aserai,Cavalry,0,50.0,50.0,150.0,50.0,50.0,100.0,150.0,,True,True,False,False,False,False,29.4525,,0.0,0.0,mp_aserai_long_spear,TwoHandedPolearm,two_handed_polearm,45.24,,0.0,,0.0,,,special_or_unlinked,21.742580835671045,0.0,81.95652173913044,0.0,0.25,0.6818181818181818,0.625,1.23,,30.337851640050356,50.41902337659922,,xml_structural,false
mp_light_cavalry_aserai_troop,Jawwal,15.0,aserai,Cavalry,0,150.0,100.0,200.0,50.0,50.0,100.0,200.0,,True,True,False,False,False,False,30.765,,0.0,0.0,mp_aserai_long_spear,TwoHandedPolearm,two_handed_polearm,45.24,,0.0,,0.0,,,special_or_unlinked,22.71150155027314,0.0,81.95652173913044,0.0,0.25,0.9090909090909091,0.625,1.25,,31.219327527262834,69.03241031010901,,xml_structural,false
mp_light_cavalry_aserai_troop,Jawwal,15.0,aserai,Cavalry,1,150.0,100.0,200.0,50.0,50.0,100.0,200.0,,True,True,False,False,False,False,30.265,,0.0,0.0,mp_aserai_long_spear,TwoHandedPolearm,two_handed_polearm,45.24,,0.0,,0.0,,,special_or_unlinked,22.34238889709139,0.0,81.95652173913044,0.0,0.25,0.9090909090909091,0.625,1.25,,30.883527189277125,68.98010568944545,,xml_structural,false
mp_light_cavalry_aserai_troop,Jawwal,15.0,aserai,Cavalry,2,150.0,100.0,200.0,50.0,50.0,100.0,200.0,,True,True,False,False,False,False,33.9525,,0.0,0.0,mp_aserai_long_spear,TwoHandedPolearm,two_handed_polearm,45.24,,0.0,,0.0,,,special_or_unlinked,25.064594714306804,0.0,81.95652173913044,0.0,0.25,0.9090909090909091,0.625,1.25,,33.36005468192171,69.36585226683935,,xml_structural,false
mp_light_cavalry_battania_hero,Mounted Warrior,20.0,battania,Cavalry,0,50.0,50.0,150.0,50.0,50.0,100.0,150.0,,True,True,False,False,False,False,28.6,,0.0,0.0,mp_battania_long_spear,TwoHandedPolearm,two_handed_polearm,45.24,,0.0,,0.0,,,special_or_unlinked,21.11324376199616,0.0,81.95652173913044,0.0,0.25,0.6818181818181818,0.625,1.23,,29.76531206378473,50.32984399836781,,xml_structural,false
mp_light_cavalry_battania_troop,Mounted Warrior,20.0,battania,Cavalry,0,150.0,100.0,200.0,50.0,50.0,100.0,200.0,,True,True,False,False,False,False,28.9125,,0.0,0.0,mp_battania_long_spear,TwoHandedPolearm,two_handed_polearm,45.24,,0.0,,0.0,,,special_or_unlinked,21.343939170234755,0.0,81.95652173913044,0.0,0.25,0.9090909090909091,0.625,1.25,,29.975187275025803,68.83862169055045,,xml_structural,false
mp_light_cavalry_battania_troop,Mounted Warrior,20.0,battania,Cavalry,1,150.0,100.0,200.0,50.0,50.0,100.0,200.0,,True,True,False,False,False,False,30.3625,,0.0,0.0,mp_battania_long_spear,TwoHandedPolearm,two_handed_polearm,45.24,,0.0,,0.0,,,special_or_unlinked,22.414365864461832,0.0,81.95652173913044,0.0,0.25,0.9090909090909091,0.625,1.25,,30.949008255184346,68.99030509047483,,xml_structural,false
mp_light_cavalry_battania_troop,Mounted Warrior,20.0,battania,Cavalry,2,150.0,100.0,200.0,50.0,50.0,100.0,200.0,,True,True,False,False,False,False,34.8,,0.0,0.0,mp_battania_long_spear,TwoHandedPolearm,two_handed_polearm,45.24,,0.0,,0.0,,,special_or_unlinked,25.69024066144987,0.0,81.95652173913044,0.0,0.25,0.9090909090909091,0.625,1.25,,33.92923625480748,69.45450859886412,,xml_structural,false
mp_light_cavalry_empire_hero,Courser,15.0,empire,Cavalry,0,50.0,50.0,150.0,20.0,20.0,100.0,150.0,,True,True,False,False,False,False,45.455,,0.0,0.0,mp_western_long_spear,TwoHandedPolearm,two_handed_polearm,45.24,,0.0,,0.0,,,special_or_unlinked,33.55603130075299,0.0,81.95652173913044,0.0,0.25,0.6818181818181818,0.625,1.23,,41.08514145728286,52.09303276093714,,xml_structural,false
mp_light_cavalry_empire_troop,Courser,15.0,empire,Cavalry,0,150.0,100.0,200.0,50.0,50.0,100.0,200.0,,True,True,False,False,False,False,48.3225,,0.0,0.0,mp_western_long_spear,TwoHandedPolearm,two_handed_polearm,45.24,,0.0,,0.0,,,special_or_unlinked,35.67289236675033,0.0,81.95652173913044,0.0,0.25,0.9090909090909091,0.625,1.25,,43.01095639563087,70.86908706471068,,xml_structural,false
mp_light_cavalry_empire_troop,Courser,15.0,empire,Cavalry,1,150.0,100.0,200.0,50.0,50.0,100.0,200.0,,True,True,False,False,False,False,48.247499999999995,,0.0,0.0,mp_western_long_spear,TwoHandedPolearm,two_handed_polearm,45.24,,0.0,,0.0,,,special_or_unlinked,35.61752546877306,0.0,81.95652173913044,0.0,0.25,0.9090909090909091,0.625,1.25,,42.960586344933006,70.86124137161116,,xml_structural,false
mp_light_cavalry_empire_troop,Courser,15.0,empire,Cavalry,2,150.0,100.0,200.0,50.0,50.0,100.0,200.0,,True,True,False,False,False,False,55.76,,0.0,0.0,mp_western_long_spear,TwoHandedPolearm,two_handed_polearm,45.24,,0.0,,0.0,,,special_or_unlinked,41.16344308282888,0.0,81.95652173913044,0.0,0.25,0.9090909090909091,0.625,1.25,,48.00598642316825,71.64711829708145,,xml_structural,false
mp_light_cavalry_khuzait_hero,Nomad,15.0,khuzait,Cavalry,0,50.0,50.0,150.0,50.0,50.0,100.0,150.0,,False,True,False,False,False,False,22.1175,,0.0,0.0,mp_khuzait_long_spear,TwoHandedPolearm,two_handed_polearm,45.24,,0.0,,0.0,,,special_or_unlinked,16.327698213494756,0.0,81.95652173913044,0.0,0.25,0.6818181818181818,0.625,1.23,,10.249156087285517,49.65171459146449,,xml_structural,false
mp_light_cavalry_khuzait_troop,Nomad,15.0,khuzait,Cavalry,0,150.0,100.0,200.0,150.0,50.0,100.0,200.0,,False,True,False,False,False,False,25.305,,0.0,0.0,mp_khuzait_long_spear,TwoHandedPolearm,two_handed_polearm,45.24,,0.0,,0.0,,,special_or_unlinked,18.680791377528422,0.0,81.95652173913044,0.0,0.6818181818181818,0.9090909090909091,0.625,1.25,,12.389883241944393,68.46124385246272,,xml_structural,false
mp_light_cavalry_khuzait_troop,Nomad,15.0,khuzait,Cavalry,1,150.0,100.0,200.0,150.0,50.0,100.0,200.0,,False,True,False,False,False,False,23.2925,,0.0,0.0,mp_khuzait_long_spear,TwoHandedPolearm,two_handed_polearm,45.24,,0.0,,0.0,,,special_or_unlinked,17.195112948471873,0.0,81.95652173913044,0.0,0.6818181818181818,0.9090909090909091,0.625,1.25,,11.038286881551926,68.2507177542918,,xml_structural,false
mp_light_cavalry_khuzait_troop,Nomad,15.0,khuzait,Cavalry,2,150.0,100.0,200.0,150.0,50.0,100.0,200.0,,False,True,False,False,False,False,30.105,,0.0,0.0,mp_khuzait_long_spear,TwoHandedPolearm,two_handed_polearm,45.24,,0.0,,0.0,,,special_or_unlinked,22.22427284807323,0.0,81.95652173913044,0.0,0.6818181818181818,0.9090909090909091,0.625,1.25,,15.613566486607157,68.9633682108331,,xml_structural,false
mp_light_cavalry_sturgia_hero,Raider,15.0,sturgia,Cavalry,0,50.0,50.0,150.0,50.0,50.0,100.0,150.0,,True,True,False,False,False,False,39.77214285714286,,0.0,0.0,mp_sturgia_long_spear,TwoHandedPolearm,two_handed_polearm,45.24,,0.0,,0.0,,,special_or_unlinked,29.36080234544726,0.0,81.95652173913044,0.0,0.25,0.6818181818181818,0.625,1.23,,37.26853075869105,51.498553386652205,,xml_structural,false
mp_light_cavalry_sturgia_troop,Raider,15.0,sturgia,Cavalry,0,150.0,100.0,200.0,50.0,50.0,100.0,200.0,,True,True,False,False,False,False,60.82214285714285,,0.0,0.0,mp_sturgia_long_spear,TwoHandedPolearm,two_handed_polearm,45.24,,0.0,,0.0,,,special_or_unlinked,44.90044504439897,0.0,81.95652173913044,0.0,0.25,0.9090909090909091,0.625,1.25,,51.40572498788923,72.17666522085688,,xml_structural,false
mp_light_cavalry_sturgia_troop,Raider,15.0,sturgia,Cavalry,1,150.0,100.0,200.0,50.0,50.0,100.0,200.0,,True,True,False,False,False,False,56.13464285714285,,0.0,0.0,mp_sturgia_long_spear,TwoHandedPolearm,two_handed_polearm,45.24,,0.0,,0.0,,,special_or_unlinked,41.44001392082006,0.0,81.95652173913044,0.0,0.25,0.9090909090909091,0.625,1.25,,48.257596819273246,71.6863094021358,,xml_structural,false
mp_light_cavalry_sturgia_troop,Raider,15.0,sturgia,Cavalry,2,150.0,100.0,200.0,50.0,50.0,100.0,200.0,,True,True,False,False,False,False,44.88464285714286,,0.0,0.0,mp_sturgia_long_spear,TwoHandedPolearm,two_handed_polearm,45.24,,0.0,,0.0,,,special_or_unlinked,33.13497922423066,0.0,81.95652173913044,0.0,0.25,0.9090909090909091,0.625,1.25,,40.702089214594885,70.50945543720523,,xml_structural,false
mp_light_cavalry_vlandia_hero,Vanguard,15.0,vlandia,Cavalry,0,50.0,50.0,150.0,20.0,20.0,100.0,150.0,,True,True,False,False,False,False,34.525,,0.0,0.0,mp_western_long_spear,TwoHandedPolearm,two_handed_polearm,45.24,,0.0,,0.0,,,special_or_unlinked,25.48722870219991,0.0,81.95652173913044,0.0,0.25,0.6818181818181818,0.625,1.23,,33.74454606891535,50.949653753231246,,xml_structural,false
mp_light_cavalry_vlandia_troop,Vanguard,15.0,vlandia,Cavalry,0,150.0,100.0,200.0,50.0,50.0,100.0,200.0,,True,True,False,False,False,False,35.962500000000006,,0.0,0.0,mp_western_long_spear,TwoHandedPolearm,two_handed_polearm,45.24,,0.0,,0.0,,,special_or_unlinked,26.548427580097446,0.0,81.95652173913044,0.0,0.25,0.9090909090909091,0.625,1.25,,34.709972040624244,69.57611684190695,,xml_structural,false
mp_light_cavalry_vlandia_troop,Vanguard,15.0,vlandia,Cavalry,1,150.0,100.0,200.0,50.0,50.0,100.0,200.0,,True,True,False,False,False,False,51.65,,0.0,0.0,mp_western_long_spear,TwoHandedPolearm,two_handed_polearm,45.24,,0.0,,0.0,,,special_or_unlinked,38.12933707367488,0.0,81.95652173913044,0.0,0.25,0.9090909090909091,0.625,1.25,,45.24570764492575,71.21717431522681,,xml_structural,false
mp_light_cavalry_vlandia_troop,Vanguard,15.0,vlandia,Cavalry,2,150.0,100.0,200.0,50.0,50.0,100.0,200.0,,True,True,False,False,False,False,35.275000000000006,,0.0,0.0,mp_western_long_spear,TwoHandedPolearm,two_handed_polearm,45.24,,0.0,,0.0,,,special_or_unlinked,26.040897681972538,0.0,81.95652173913044,0.0,0.25,0.9090909090909091,0.625,1.25,,34.248246575893894,69.50419798849452,,xml_structural,false
mp_light_infantry_aserai_hero,Tribal Warrior,15.0,aserai,Infantry,0,50.0,50.0,50.0,20.0,20.0,100.0,40.0,,True,False,False,False,False,False,35.38392857142857,,0.0,0.0,mp_aserai_sword,OneHandedSword,one_handed_sword,41.8,,0.0,,0.0,,,special_or_unlinked,26.12131150998713,0.0,75.72463768115942,0.0,0.25,0.25,0.625,1.04,,25.795241074225974,8.721401045174405,,xml_structural,false
mp_light_infantry_aserai_troop,Tribal Warrior,15.0,aserai,Infantry,0,50.0,50.0,50.0,20.0,20.0,100.0,25.0,,True,False,False,False,False,False,20.07142857142857,,0.0,0.0,mp_aserai_sword,OneHandedSword,one_handed_sword,41.8,,0.0,,0.0,,,special_or_unlinked,14.817236506296004,0.0,75.72463768115942,0.0,0.25,0.25,0.625,1.025,,15.511355723413752,7.119572037352227,,xml_structural,false
mp_light_infantry_aserai_troop,Tribal Warrior,15.0,aserai,Infantry,1,50.0,50.0,50.0,20.0,20.0,100.0,25.0,,True,False,False,False,False,False,20.13392857142857,,0.0,0.0,mp_aserai_sword,OneHandedSword,one_handed_sword,41.8,,0.0,,0.0,,,special_or_unlinked,14.863375587943723,0.0,75.72463768115942,0.0,0.25,0.25,0.625,1.025,,15.553330765661967,7.126110114935173,,xml_structural,false
mp_light_infantry_aserai_troop,Tribal Warrior,15.0,aserai,Infantry,2,50.0,50.0,50.0,20.0,20.0,100.0,25.0,,True,False,False,False,False,False,35.38392857142857,,0.0,0.0,mp_aserai_sword,OneHandedSword,one_handed_sword,41.8,,0.0,,0.0,,,special_or_unlinked,26.12131150998713,0.0,75.72463768115942,0.0,0.25,0.25,0.625,1.025,,25.795241074225974,8.721401045174405,,xml_structural,false
mp_light_infantry_battania_hero,Clan Warrior,10.0,battania,Infantry,0,50.0,50.0,50.0,20.0,20.0,100.0,40.0,,False,False,False,False,False,False,2.375,,0.0,0.0,mp_battania_short_sword,OneHandedSword,one_handed_sword,41.8,,0.0,,0.0,,,special_or_unlinked,1.7532851026133174,0.0,75.72463768115942,0.0,0.25,0.25,0.625,1.04,,,5.268362070294762,,xml_structural,false
mp_light_infantry_battania_troop,Clan Warrior,10.0,battania,Infantry,0,50.0,50.0,50.0,20.0,20.0,100.0,25.0,,False,False,False,False,False,False,2.625,,0.0,0.0,mp_battania_short_sword,OneHandedSword,one_handed_sword,41.8,,0.0,,0.0,,,special_or_unlinked,1.937841429204193,0.0,75.72463768115942,0.0,0.25,0.25,0.625,1.025,,,5.294514380626552,,xml_structural,false
mp_light_infantry_battania_troop,Clan Warrior,10.0,battania,Infantry,1,50.0,50.0,50.0,20.0,20.0,100.0,25.0,,False,False,False,False,False,False,2.0,,0.0,0.0,mp_battania_short_sword,OneHandedSword,one_handed_sword,41.8,,0.0,,0.0,,,special_or_unlinked,1.4764506127270043,0.0,75.72463768115942,0.0,0.25,0.25,0.625,1.025,,,5.229133604797074,,xml_structural,false
mp_light_infantry_battania_troop,Clan Warrior,10.0,battania,Infantry,2,50.0,50.0,50.0,20.0,20.0,100.0,25.0,,False,False,False,False,False,False,7.4375,,0.0,0.0,mp_battania_short_sword,OneHandedSword,one_handed_sword,41.8,,0.0,,0.0,,,special_or_unlinked,5.4905507160785465,0.0,75.72463768115942,0.0,0.25,0.25,0.625,1.025,,,5.797946354513522,,xml_structural,false
mp_light_infantry_khuzait_hero,Rabble,5.0,khuzait,Infantry,0,50.0,50.0,50.0,20.0,20.0,100.0,65.0,,True,False,False,False,False,False,25.982142857142858,,0.0,0.0,mp_khuzait_mace,Mace,mace,38.7,,0.0,,0.0,,,special_or_unlinked,19.180675370694566,0.0,70.10869565217392,0.0,0.25,0.25,0.625,1.065,,18.629477965003147,6.345237999868062,,xml_structural,false
mp_light_infantry_khuzait_troop,Rabble,5.0,khuzait,Infantry,0,50.0,50.0,50.0,20.0,20.0,100.0,50.0,,True,False,False,False,False,False,25.107142857142858,,0.0,0.0,mp_khuzait_mace,Mace,mace,38.7,,0.0,,0.0,,,special_or_unlinked,18.5347282276265,0.0,70.10869565217392,0.0,0.25,0.25,0.625,1.05,,18.041827373528157,6.253704913706794,,xml_structural,false
mp_light_infantry_khuzait_troop,Rabble,5.0,khuzait,Infantry,1,50.0,50.0,50.0,20.0,20.0,100.0,50.0,,True,False,False,False,False,False,26.732142857142858,,0.0,0.0,mp_khuzait_mace,Mace,mace,38.7,,0.0,,0.0,,,special_or_unlinked,19.73434435046719,0.0,70.10869565217392,0.0,0.25,0.25,0.625,1.05,,19.1331784719817,6.4236949308634355,,xml_structural,false
mp_light_infantry_khuzait_troop,Rabble,5.0,khuzait,Infantry,2,50.0,50.0,50.0,20.0,20.0,100.0,50.0,,True,False,False,False,False,False,25.357142857142858,,0.0,0.0,mp_khuzait_mace,Mace,mace,38.7,,0.0,,0.0,,,special_or_unlinked,18.719284554217374,0.0,70.10869565217392,0.0,0.25,0.25,0.625,1.05,,18.209727542521016,6.279857224038587,,xml_structural,false
mp_light_infantry_sturgia_hero,Warrior,10.0,sturgia,Infantry,0,50.0,50.0,150.0,20.0,20.0,100.0,40.0,,True,False,False,False,False,False,28.276785714285715,,0.0,0.0,mp_sturgia_sword,OneHandedSword,one_handed_sword,41.8,,0.0,,0.0,,,special_or_unlinked,20.87463879690367,0.0,75.72463768115942,0.0,0.25,0.6818181818181818,0.625,1.04,,21.022079127143456,40.41318139938709,,xml_structural,false
mp_light_infantry_sturgia_troop,Warrior,10.0,sturgia,Infantry,0,50.0,50.0,50.0,20.0,20.0,100.0,25.0,,True,False,False,False,False,False,28.464285714285715,,0.0,0.0,mp_sturgia_sword,OneHandedSword,one_handed_sword,41.8,,0.0,,0.0,,,special_or_unlinked,21.013056041846827,0.0,75.72463768115942,0.0,0.25,0.25,0.625,1.025,,21.148004253888093,7.997542455633769,,xml_structural,false
mp_light_infantry_sturgia_troop,Warrior,10.0,sturgia,Infantry,1,50.0,50.0,50.0,20.0,20.0,100.0,25.0,,True,False,False,False,False,False,47.339285714285715,,0.0,0.0,mp_sturgia_sword,OneHandedSword,one_handed_sword,41.8,,0.0,,0.0,,,special_or_unlinked,34.94705869945793,0.0,75.72463768115942,0.0,0.25,0.25,0.625,1.025,,33.82446701284847,9.972041885683964,,xml_structural,false
mp_light_infantry_sturgia_troop,Warrior,10.0,sturgia,Infantry,2,50.0,50.0,50.0,20.0,20.0,100.0,25.0,,True,False,False,False,False,False,19.901785714285715,,0.0,0.0,mp_sturgia_sword,OneHandedSword,one_handed_sword,41.8,,0.0,,0.0,,,special_or_unlinked,14.692001856109341,0.0,75.72463768115942,0.0,0.25,0.25,0.625,1.025,,15.397423465882895,7.1018258267699395,,xml_structural,false
mp_light_infantry_vlandia_hero,Peasant Levy,5.0,vlandia,Infantry,0,50.0,50.0,50.0,20.0,20.0,100.0,40.0,,False,False,False,False,False,False,6.0,,0.0,0.0,mp_vlandian_sickle,OneHandedSword,one_handed_sword,41.8,,0.0,,0.0,,,special_or_unlinked,4.429351838181012,0.0,75.72463768115942,0.0,0.25,0.25,0.625,1.04,,,5.647570570105724,,xml_structural,false
mp_light_infantry_vlandia_troop,Peasant Levy,5.0,vlandia,Infantry,0,50.0,50.0,50.0,20.0,20.0,100.0,25.0,,False,False,False,False,False,False,16.5625,,0.0,0.0,mp_vlandian_sickle,OneHandedSword,one_handed_sword,41.8,,0.0,,0.0,,,special_or_unlinked,12.226856636645504,0.0,75.72463768115942,0.0,0.25,0.25,0.625,1.025,,,6.752505681623881,,xml_structural,false
mp_light_infantry_vlandia_troop,Peasant Levy,5.0,vlandia,Infantry,1,50.0,50.0,50.0,20.0,20.0,100.0,25.0,,False,False,False,False,False,False,4.0,,0.0,0.0,mp_vlandian_sickle,OneHandedSword,one_handed_sword,41.8,,0.0,,0.0,,,special_or_unlinked,2.9529012254540086,0.0,75.72463768115942,0.0,0.25,0.25,0.625,1.025,,,5.438352087451401,,xml_structural,false
mp_light_infantry_vlandia_troop,Peasant Levy,5.0,vlandia,Infantry,2,50.0,50.0,50.0,20.0,20.0,100.0,25.0,,False,False,False,False,False,False,2.8125,,0.0,0.0,mp_vlandian_sickle,OneHandedSword,one_handed_sword,41.8,,0.0,,0.0,,,special_or_unlinked,2.0762586741473497,0.0,75.72463768115942,0.0,0.25,0.25,0.625,1.025,,,5.314128613375396,,xml_structural,false
mp_light_ranged_aserai_hero,Archer,5.0,aserai,Ranged,0,50.0,50.0,50.0,100.0,100.0,100.0,40.0,,False,False,True,False,True,False,5.250000000000002,mp_hunting_bow,99.0,35.0,mp_aserai_sword,OneHandedSword,one_handed_sword,41.8,,0.0,,0.0,,,special_or_unlinked,3.8756828584083878,64.18152350081037,75.72463768115942,0.0,0.45454545454545453,0.25,0.625,1.04,12.618821919886837,,5.569113639110355,,xml_structural,false
mp_light_ranged_aserai_troop,Archer,5.0,aserai,Ranged,0,50.0,50.0,50.0,250.0,100.0,100.0,50.0,,False,False,True,False,True,False,21.0,mp_hunting_bow_captain,98.5,35.0,mp_aserai_sword,OneHandedSword,one_handed_sword,41.8,,0.0,,0.0,,,special_or_unlinked,15.502731433633544,63.85737439222042,75.72463768115942,0.0,1.1363636363636365,0.25,0.625,1.05,60.43360376859253,,7.216709190013163,,xml_structural,false
mp_light_ranged_aserai_troop,Archer,5.0,aserai,Ranged,1,50.0,50.0,50.0,250.0,100.0,100.0,50.0,,False,False,True,False,True,False,7.875000000000001,mp_hunting_bow_captain,98.5,35.0,mp_aserai_sword,OneHandedSword,one_handed_sword,41.8,,0.0,,0.0,,,special_or_unlinked,5.81352428761258,63.85737439222042,75.72463768115942,0.0,1.1363636363636365,0.25,0.625,1.05,59.17903875073156,,5.8437128975941555,,xml_structural,false
mp_light_ranged_aserai_troop,Archer,5.0,aserai,Ranged,2,50.0,50.0,50.0,250.0,100.0,100.0,50.0,,False,False,True,False,True,False,18.000000000000004,mp_hunting_bow_captain,98.5,35.0,mp_aserai_sword,OneHandedSword,one_handed_sword,41.8,,0.0,,0.0,,,special_or_unlinked,13.288055514543041,63.85737439222042,75.72463768115942,0.0,1.1363636363636365,0.25,0.625,1.05,60.14684605022431,,6.902881466031675,,xml_structural,false
mp_light_ranged_battania_hero,Ranger,5.0,battania,Ranged,0,50.0,50.0,50.0,100.0,100.0,100.0,40.0,,False,False,True,False,True,False,16.0,mp_mountain_hunting_bow,99.89999999999999,35.0,mp_hatchet_axe,OneHandedAxe,axe,40.48,,0.0,,0.0,,,special_or_unlinked,11.811604901816034,64.76499189627229,73.33333333333331,0.0,0.45454545454545453,0.25,0.625,1.04,13.924936040322343,,6.100663894831876,,xml_structural,false
mp_light_ranged_battania_troop,Ranger,5.0,battania,Ranged,0,50.0,50.0,50.0,250.0,100.0,100.0,50.0,,False,False,True,False,True,False,16.125,mp_mountain_hunting_bow,99.89999999999999,35.0,mp_hatchet_axe,OneHandedAxe,axe,40.48,,0.0,,0.0,,,special_or_unlinked,11.903883065111472,64.76499189627229,73.33333333333331,0.0,1.1363636363636365,0.25,0.625,1.05,61.06134970790966,,6.113740049997771,,xml_structural,false
mp_light_ranged_battania_troop,Ranger,5.0,battania,Ranged,1,50.0,50.0,50.0,250.0,100.0,100.0,50.0,,False,False,True,False,True,False,6.812499999999999,mp_mountain_hunting_bow,99.89999999999999,35.0,mp_hatchet_axe,OneHandedAxe,axe,40.48,,0.0,,0.0,,,special_or_unlinked,5.029159899601357,64.76499189627229,73.33333333333331,0.0,1.1363636363636365,0.25,0.625,1.05,60.17120595714163,,5.139566490138568,,xml_structural,false
mp_light_ranged_battania_troop,Ranger,5.0,battania,Ranged,2,50.0,50.0,50.0,250.0,100.0,100.0,50.0,,False,False,True,False,True,False,12.25,mp_mountain_hunting_bow,99.89999999999999,35.0,mp_hatchet_axe,OneHandedAxe,axe,40.48,,0.0,,0.0,,,special_or_unlinked,9.0432600029529,64.76499189627229,73.33333333333331,0.0,1.1363636363636365,0.25,0.625,1.05,60.690954321684046,,5.708379239855017,,xml_structural,false
mp_light_ranged_empire_hero,Archer Militia,5.0,empire,Ranged,0,50.0,50.0,50.0,100.0,100.0,100.0,40.0,,False,False,True,False,True,False,10.6875,mp_hunting_bow,99.0,35.0,mp_empire_gladius,OneHandedSword,one_handed_sword,41.8,,0.0,,0.0,,,special_or_unlinked,7.889782961759929,64.18152350081037,75.72463768115942,0.0,0.45454545454545453,0.25,0.625,1.04,13.138570284429248,,6.1379263888267985,,xml_structural,false
mp_light_ranged_empire_troop,Archer Militia,5.0,empire,Ranged,0,50.0,50.0,50.0,250.0,100.0,100.0,50.0,,False,False,True,False,True,False,9.8125,mp_hunting_bow_captain,98.5,35.0,mp_empire_gladius,OneHandedSword,one_handed_sword,41.8,,0.0,,0.0,,,special_or_unlinked,7.243835818691864,63.85737439222042,75.72463768115942,0.0,1.1363636363636365,0.25,0.625,1.05,59.36423644384436,,6.046393302665533,,xml_structural,false
mp_light_ranged_empire_troop,Archer Militia,5.0,empire,Ranged,1,50.0,50.0,50.0,250.0,100.0,100.0,50.0,,False,False,True,False,True,False,14.25,mp_hunting_bow_captain,98.5,35.0,mp_empire_gladius,OneHandedSword,one_handed_sword,41.8,,0.0,,0.0,,,special_or_unlinked,10.519710615679905,63.85737439222042,75.72463768115942,0.0,1.1363636363636365,0.25,0.625,1.05,59.78839890226403,,6.510596811054815,,xml_structural,false
mp_light_ranged_empire_troop,Archer Militia,5.0,empire,Ranged,2,50.0,50.0,50.0,250.0,100.0,100.0,50.0,,False,False,True,False,True,False,10.6875,mp_hunting_bow_captain,98.5,35.0,mp_empire_gladius,OneHandedSword,one_handed_sword,41.8,,0.0,,0.0,,,special_or_unlinked,7.889782961759929,63.85737439222042,75.72463768115942,0.0,1.1363636363636365,0.25,0.625,1.05,59.447874111701765,,6.1379263888267985,,xml_structural,false
mp_light_ranged_khuzait_hero,Steppe Bow,5.0,khuzait,Ranged,0,50.0,50.0,50.0,100.0,100.0,100.0,65.0,,False,False,True,False,True,False,9.25,mp_hunting_bow,99.0,35.0,mp_khuzait_mace,Mace,mace,38.7,,0.0,,0.0,,,special_or_unlinked,6.828584083862395,64.18152350081037,70.10869565217392,0.0,0.45454545454545453,0.25,0.625,1.065,13.737757353458628,,4.5949012298046465,,xml_structural,false
mp_light_ranged_khuzait_troop,Steppe Bow,5.0,khuzait,Ranged,0,50.0,50.0,50.0,250.0,100.0,100.0,75.0,,False,False,True,False,True,False,8.5625,mp_hunting_bow_captain,98.5,35.0,mp_khuzait_mace,Mace,mace,38.7,,0.0,,0.0,,,special_or_unlinked,6.321054185737487,63.85737439222042,70.10869565217392,0.0,1.1363636363636365,0.25,0.625,1.075,61.07693318226319,,4.522982376392223,,xml_structural,false
mp_light_ranged_khuzait_troop,Steppe Bow,5.0,khuzait,Ranged,1,50.0,50.0,50.0,250.0,100.0,100.0,75.0,,False,False,True,False,True,False,9.25,mp_hunting_bow_captain,98.5,35.0,mp_khuzait_mace,Mace,mace,38.7,,0.0,,0.0,,,special_or_unlinked,6.828584083862395,63.85737439222042,70.10869565217392,0.0,1.1363636363636365,0.25,0.625,1.075,61.142648492722564,,4.5949012298046465,,xml_structural,false
mp_light_ranged_khuzait_troop,Steppe Bow,5.0,khuzait,Ranged,2,50.0,50.0,50.0,250.0,100.0,100.0,75.0,,False,False,True,False,True,False,20.75,mp_hunting_bow_captain,98.5,35.0,mp_khuzait_mace,Mace,mace,38.7,,0.0,,0.0,,,special_or_unlinked,15.318175107042668,63.85737439222042,70.10869565217392,0.0,1.1363636363636365,0.25,0.625,1.075,62.241886413134104,,5.797907505067015,,xml_structural,false
mp_light_ranged_sturgia_hero,Hunter,5.0,sturgia,Ranged,0,50.0,50.0,50.0,100.0,100.0,100.0,40.0,,False,False,True,False,True,False,13.624999999999998,mp_nordic_short_bow,104.3,35.0,mp_sturgia_axe,OneHandedAxe,axe,40.48,,0.0,,0.0,,,special_or_unlinked,10.058319799202714,67.61750405186386,73.33333333333331,0.0,0.45454545454545453,0.25,0.625,1.04,15.059795924736934,,5.852216946679865,,xml_structural,false
mp_light_ranged_sturgia_troop,Hunter,5.0,sturgia,Ranged,0,50.0,50.0,50.0,250.0,100.0,100.0,50.0,,False,False,True,False,True,False,14.1875,mp_nordic_short_bow,104.3,35.0,mp_sturgia_axe,OneHandedAxe,axe,40.48,,0.0,,0.0,,,special_or_unlinked,10.473571534032185,67.61750405186386,73.33333333333331,0.0,1.1363636363636365,0.25,0.625,1.05,64.31358045717404,,5.911059644926394,,xml_structural,false
mp_light_ranged_sturgia_troop,Hunter,5.0,sturgia,Ranged,1,50.0,50.0,50.0,250.0,100.0,100.0,50.0,,False,False,True,False,True,False,11.687500000000002,mp_nordic_short_bow,104.3,35.0,mp_sturgia_axe,OneHandedAxe,axe,40.48,,0.0,,0.0,,,special_or_unlinked,8.628008268123432,67.61750405186386,73.33333333333331,0.0,1.1363636363636365,0.25,0.625,1.05,64.0746156918672,,5.649536541608487,,xml_structural,false
mp_light_ranged_sturgia_troop,Hunter,5.0,sturgia,Ranged,2,50.0,50.0,50.0,250.0,100.0,100.0,50.0,,False,False,True,False,True,False,5.5,mp_nordic_short_bow,104.3,35.0,mp_sturgia_axe,OneHandedAxe,axe,40.48,,0.0,,0.0,,,special_or_unlinked,4.060239184999261,67.61750405186386,73.33333333333331,0.0,1.1363636363636365,0.25,0.625,1.05,63.483177897732716,,5.002266860896668,,xml_structural,false
mp_light_ranged_vlandia_hero,Arbelist,5.0,vlandia,Ranged,0,50.0,50.0,50.0,100.0,100.0,100.0,40.0,,False,False,False,True,True,False,13.687500000000002,mp_light_crossbow,122.15,25.0,mp_vlandian_short_sword,OneHandedSword,one_handed_sword,41.8,,0.0,,0.0,,,special_or_unlinked,10.104458880850437,79.18962722852513,75.72463768115942,0.0,0.45454545454545453,0.25,0.625,1.04,20.590655031254045,,6.451754112808289,,xml_structural,false
mp_light_ranged_vlandia_troop,Arbelist,5.0,vlandia,Ranged,0,50.0,50.0,50.0,100.0,250.0,100.0,50.0,,False,False,False,True,True,False,16.1875,mp_light_crossbow,122.15,25.0,mp_vlandian_short_sword,OneHandedSword,one_handed_sword,41.8,,0.0,,0.0,,,special_or_unlinked,11.95002214675919,79.18962722852513,75.72463768115942,0.0,1.1363636363636365,0.25,0.625,1.05,78.44977447315429,,6.713277216126193,,xml_structural,false
mp_light_ranged_vlandia_troop,Arbelist,5.0,vlandia,Ranged,1,50.0,50.0,50.0,100.0,250.0,100.0,50.0,,False,False,False,True,True,False,14.8125,mp_light_crossbow,122.15,25.0,mp_vlandian_short_sword,OneHandedSword,one_handed_sword,41.8,,0.0,,0.0,,,special_or_unlinked,10.934962350509375,79.18962722852513,75.72463768115942,0.0,1.1363636363636365,0.25,0.625,1.05,78.3183438522355,,6.569439509301345,,xml_structural,false
mp_light_ranged_vlandia_troop,Arbelist,5.0,vlandia,Ranged,2,50.0,50.0,50.0,100.0,250.0,100.0,50.0,,False,False,False,True,True,False,13.625,mp_light_crossbow,122.15,25.0,mp_vlandian_short_sword,OneHandedSword,one_handed_sword,41.8,,0.0,,0.0,,,special_or_unlinked,10.058319799202716,79.18962722852513,75.72463768115942,0.0,1.1363636363636365,0.25,0.625,1.05,78.20483558871474,,6.44521603522534,,xml_structural,false
mp_shock_infantry_aserai_hero,Guard,25.0,aserai,Infantry,0,50.0,50.0,50.0,20.0,20.0,100.0,40.0,,False,False,False,False,False,False,29.125,,0.0,0.0,mp_aserai_twohanded_axe,TwoHandedAxe,axe,40.48,,0.0,,0.0,,,special_or_unlinked,21.500812047836998,0.0,73.33333333333331,0.0,0.25,0.25,0.625,1.04,,,7.473660187250884,,xml_structural,false
mp_shock_infantry_aserai_troop,Guard,25.0,aserai,Infantry,0,200.0,250.0,200.0,20.0,20.0,100.0,40.0,,False,False,False,False,False,False,27.4375,,0.0,0.0,mp_aserai_twohanded_axe,TwoHandedAxe,axe,40.48,,0.0,,0.0,,,special_or_unlinked,20.255056843348587,0.0,73.33333333333331,0.0,0.25,1.1363636363636365,0.625,1.04,,,71.77230571981862,,xml_structural,false
mp_shock_infantry_aserai_troop,Guard,25.0,aserai,Infantry,1,200.0,250.0,200.0,20.0,20.0,100.0,40.0,,False,False,False,False,False,False,30.000000000000004,,0.0,0.0,mp_aserai_twohanded_axe,TwoHandedAxe,axe,40.48,,0.0,,0.0,,,special_or_unlinked,22.146759190905065,0.0,73.33333333333331,0.0,0.25,1.1363636363636365,0.625,1.04,,,72.04036690071948,,xml_structural,false
mp_shock_infantry_aserai_troop,Guard,25.0,aserai,Infantry,2,200.0,250.0,200.0,20.0,20.0,100.0,40.0,,False,False,False,False,False,False,31.812500000000004,,0.0,0.0,mp_aserai_twohanded_axe,TwoHandedAxe,axe,40.48,,0.0,,0.0,,,special_or_unlinked,23.484792558688913,0.0,73.33333333333331,0.0,0.25,1.1363636363636365,0.625,1.04,,,72.22997115062496,,xml_structural,false
mp_shock_infantry_battania_hero,Savage,25.0,battania,Infantry,0,50.0,50.0,50.0,20.0,20.0,100.0,40.0,,False,False,False,False,False,False,9.6875,,0.0,0.0,mp_battania_falx,TwoHandedSword,two_handed_sword,55.2,,0.0,,0.0,,,special_or_unlinked,7.151557655396426,0.0,100.0,0.0,0.25,0.25,0.625,1.04,,,12.053156379703639,,xml_structural,false
mp_shock_infantry_battania_troop,Savage,25.0,battania,Infantry,0,200.0,250.0,200.0,20.0,20.0,100.0,40.0,,False,False,False,False,False,False,0.8750000000000001,,0.0,0.0,mp_battania_falx,TwoHandedSword,two_handed_sword,55.2,,0.0,,0.0,,,special_or_unlinked,0.6459471430680644,0.0,100.0,0.0,0.25,1.1363636363636365,0.625,1.04,,,99.05197875047259,,xml_structural,false
mp_shock_infantry_battania_troop,Savage,25.0,battania,Infantry,1,200.0,250.0,200.0,20.0,20.0,100.0,40.0,,False,False,False,False,False,False,9.9375,,0.0,0.0,mp_battania_falx,TwoHandedSword,two_handed_sword,55.2,,0.0,,0.0,,,special_or_unlinked,7.336113981987302,0.0,100.0,0.0,0.25,1.1363636363636365,0.625,1.04,,,100.0,,xml_structural,false
mp_shock_infantry_battania_troop,Savage,25.0,battania,Infantry,2,200.0,250.0,200.0,20.0,20.0,100.0,40.0,,False,False,False,False,False,False,3.625,,0.0,0.0,mp_battania_falx,TwoHandedSword,two_handed_sword,55.2,,0.0,,0.0,,,special_or_unlinked,2.6760667355676953,0.0,100.0,0.0,0.25,1.1363636363636365,0.625,1.04,,,99.3396541641223,,xml_structural,false
mp_shock_infantry_empire_hero,Menavlion Infantry,25.0,empire,Infantry,0,50.0,50.0,50.0,20.0,20.0,100.0,40.0,,False,False,False,False,False,False,9.8125,,0.0,0.0,mp_empire_menavlion,TwoHandedPolearm,two_handed_polearm,45.24,,0.0,,0.0,,,special_or_unlinked,7.243835818691864,0.0,81.95652173913044,0.0,0.25,0.25,0.625,1.04,,,7.591784866753725,,xml_structural,false
mp_shock_infantry_empire_troop,Menavlion Infantry,25.0,empire,Infantry,0,200.0,250.0,200.0,20.0,20.0,100.0,40.0,,False,False,False,False,False,False,13.3125,,0.0,0.0,mp_empire_menavlion,TwoHandedPolearm,two_handed_polearm,45.24,,0.0,,0.0,,,special_or_unlinked,9.827624390964122,0.0,81.95652173913044,0.0,0.25,1.1363636363636365,0.625,1.04,,,80.01465769804368,,xml_structural,false
mp_shock_infantry_empire_troop,Menavlion Infantry,25.0,empire,Infantry,1,200.0,250.0,200.0,20.0,20.0,100.0,40.0,,False,False,False,False,False,False,31.25,,0.0,0.0,mp_empire_menavlion,TwoHandedPolearm,two_handed_polearm,45.24,,0.0,,0.0,,,special_or_unlinked,23.06954082385944,0.0,81.95652173913044,0.0,0.25,1.1363636363636365,0.625,1.04,,,81.89108596434964,,xml_structural,false
mp_shock_infantry_empire_troop,Menavlion Infantry,25.0,empire,Infantry,2,200.0,250.0,200.0,20.0,20.0,100.0,40.0,,False,False,False,False,False,False,28.8125,,0.0,0.0,mp_empire_menavlion,TwoHandedPolearm,two_handed_polearm,45.24,,0.0,,0.0,,,special_or_unlinked,21.270116639598402,0.0,81.95652173913044,0.0,0.25,1.1363636363636365,0.625,1.04,,,81.63610093861469,,xml_structural,false
mp_shock_infantry_sturgia_hero,Berserker,25.0,sturgia,Infantry,0,50.0,50.0,50.0,20.0,20.0,100.0,40.0,,False,False,False,False,False,False,3.4375,,0.0,0.0,mp_sturgia_twohanded_axe,TwoHandedAxe,axe,40.48,,0.0,,0.0,,,special_or_unlinked,2.5376494906245384,0.0,73.33333333333331,0.0,0.25,0.25,0.625,1.04,,,4.786510300659396,,xml_structural,false
mp_shock_infantry_sturgia_troop,Berserker,25.0,sturgia,Infantry,0,200.0,250.0,200.0,20.0,20.0,100.0,40.0,,False,False,False,False,False,False,5.125,,0.0,0.0,mp_sturgia_twohanded_axe,TwoHandedAxe,axe,40.48,,0.0,,0.0,,,special_or_unlinked,3.783404695112948,0.0,73.33333333333331,0.0,0.25,1.1363636363636365,0.625,1.04,,,69.43821202270631,,xml_structural,false
mp_shock_infantry_sturgia_troop,Berserker,25.0,sturgia,Infantry,1,200.0,250.0,200.0,20.0,20.0,100.0,40.0,,False,False,False,False,False,False,3.375,,0.0,0.0,mp_sturgia_twohanded_axe,TwoHandedAxe,axe,40.48,,0.0,,0.0,,,special_or_unlinked,2.4915104089768194,0.0,73.33333333333331,0.0,0.25,1.1363636363636365,0.625,1.04,,,69.25514585038378,,xml_structural,false
mp_shock_infantry_sturgia_troop,Berserker,25.0,sturgia,Infantry,2,200.0,250.0,200.0,20.0,20.0,100.0,40.0,,False,False,False,False,False,False,2.5,,0.0,0.0,mp_sturgia_twohanded_axe,TwoHandedAxe,axe,40.48,,0.0,,0.0,,,special_or_unlinked,1.8455632659087553,0.0,73.33333333333331,0.0,0.25,1.1363636363636365,0.625,1.04,,,69.1636127642225,,xml_structural,false
mp_shock_infantry_vlandia_hero,Voulgier,25.0,vlandia,Infantry,0,50.0,50.0,50.0,20.0,20.0,100.0,40.0,,False,False,False,False,False,False,22.0625,,0.0,0.0,mp_vlandian_polearm,TwoHandedPolearm,two_handed_polearm,45.24,,0.0,,0.0,,,special_or_unlinked,16.287095821644765,0.0,81.95652173913044,0.0,0.25,0.25,0.625,1.04,,,8.873248073011467,,xml_structural,false
mp_shock_infantry_vlandia_troop,Voulgier,25.0,vlandia,Infantry,0,200.0,250.0,250.0,20.0,20.0,100.0,40.0,,False,False,False,False,False,False,21.1875,,0.0,0.0,mp_vlandian_polearm,TwoHandedPolearm,two_handed_polearm,45.24,,0.0,,0.0,,,special_or_unlinked,15.6411486785767,0.0,81.95652173913044,0.0,0.25,1.1363636363636365,0.625,1.04,,,80.83845547349507,,xml_structural,false
mp_shock_infantry_vlandia_troop,Voulgier,25.0,vlandia,Infantry,1,200.0,250.0,250.0,20.0,20.0,100.0,40.0,,False,False,False,False,False,False,14.187500000000002,,0.0,0.0,mp_vlandian_polearm,TwoHandedPolearm,two_handed_polearm,45.24,,0.0,,0.0,,,special_or_unlinked,10.473571534032187,0.0,81.95652173913044,0.0,0.25,1.1363636363636365,0.625,1.04,,,80.10619078420493,,xml_structural,false
mp_shock_infantry_vlandia_troop,Voulgier,25.0,vlandia,Infantry,2,200.0,250.0,250.0,20.0,20.0,100.0,40.0,,False,False,False,False,False,False,17.875,,0.0,0.0,mp_vlandian_polearm,TwoHandedPolearm,two_handed_polearm,45.24,,0.0,,0.0,,,special_or_unlinked,13.1957773512476,0.0,81.95652173913044,0.0,0.25,1.1363636363636365,0.625,1.04,,,80.49193736159884,,xml_structural,false
mp_shock_infantry_vlandia_troop,Voulgier,25.0,vlandia,Infantry,3,200.0,250.0,250.0,20.0,20.0,100.0,40.0,,False,False,False,False,False,False,27.125,,0.0,0.0,mp_vlandian_polearm,TwoHandedPolearm,two_handed_polearm,45.24,,0.0,,0.0,,,special_or_unlinked,20.024361435109995,0.0,81.95652173913044,0.0,0.25,1.1363636363636365,0.625,1.04,,,81.45957284387511,,xml_structural,false
mp_skirmisher_aserai_hero,Skirmisher,10.0,aserai,Infantry,0,50.0,50.0,50.0,20.0,20.0,100.0,40.0,,True,False,False,False,False,True,13.169642857142858,,0.0,0.0,mp_aserai_sword,OneHandedSword,one_handed_sword,41.8,,0.0,mp_jereed,19.8,,,special_or_unlinked,9.722163632912194,0.0,75.72463768115942,24.444444444444443,0.25,0.25,0.625,1.04,,12.11157510962046,6.397581469978149,35.54460905669045,xml_structural,false
mp_skirmisher_aserai_troop,Skirmisher,10.0,aserai,Infantry,0,50.0,50.0,50.0,20.0,20.0,250.0,50.0,,True,False,False,False,False,True,13.169642857142858,,0.0,0.0,mp_aserai_sword,OneHandedSword,one_handed_sword,41.8,,0.0,mp_jereed_captain,19.8,,,special_or_unlinked,9.722163632912194,0.0,75.72463768115942,24.444444444444443,0.25,0.25,1.2,1.05,,12.11157510962046,6.397581469978149,67.14301399331276,xml_structural,false
mp_skirmisher_aserai_troop,Skirmisher,10.0,aserai,Infantry,1,50.0,50.0,50.0,20.0,20.0,250.0,50.0,,True,False,False,False,False,True,12.794642857142858,,0.0,0.0,mp_aserai_sword,OneHandedSword,one_handed_sword,41.8,,0.0,mp_jereed_captain,19.8,,,special_or_unlinked,9.44532914302588,0.0,75.72463768115942,24.444444444444443,0.25,0.25,1.2,1.05,,11.859724856131178,6.358353004480464,67.04726725593768,xml_structural,false
mp_skirmisher_aserai_troop,Skirmisher,10.0,aserai,Infantry,2,50.0,50.0,50.0,20.0,20.0,250.0,50.0,,True,False,False,False,False,True,15.169642857142858,,0.0,0.0,mp_aserai_sword,OneHandedSword,one_handed_sword,41.8,,0.0,mp_jereed_captain,19.8,,,special_or_unlinked,11.198614245639197,0.0,75.72463768115942,24.444444444444443,0.25,0.25,1.2,1.05,,13.45477646156328,6.606799952632476,67.65366325931318,xml_structural,false
mp_skirmisher_battania_hero,Wildling,10.0,battania,Infantry,0,50.0,50.0,50.0,20.0,20.0,100.0,40.0,,True,False,False,False,False,True,48.57142857142857,,0.0,0.0,mp_battania_short_sword,OneHandedSword,one_handed_sword,41.8,,0.0,mp_javelin,19.8,,,special_or_unlinked,35.856657737655816,0.0,75.72463768115942,24.444444444444443,0.25,0.25,0.625,1.04,,35.887438325929764,10.100935415176362,44.583557001742584,xml_structural,false
mp_skirmisher_battania_troop,Wildling,10.0,battania,Infantry,0,50.0,50.0,50.0,20.0,20.0,250.0,50.0,,True,False,False,False,False,True,48.38392857142857,,0.0,0.0,mp_battania_short_sword,OneHandedSword,one_handed_sword,41.8,,0.0,mp_javelin_captain,19.8,,,special_or_unlinked,35.71824049271266,0.0,75.72463768115942,24.444444444444443,0.25,0.25,1.2,1.05,,35.76151319918513,10.08132118242752,76.13408856967735,xml_structural,false
mp_skirmisher_battania_troop,Wildling,10.0,battania,Infantry,1,50.0,50.0,50.0,20.0,20.0,250.0,50.0,,True,False,False,False,False,True,41.82142857142856,,0.0,0.0,mp_battania_short_sword,OneHandedSword,one_handed_sword,41.8,,0.0,mp_javelin_captain,19.8,,,special_or_unlinked,30.873636919702168,0.0,75.72463768115942,24.444444444444443,0.25,0.25,1.2,1.05,,31.35413376312274,9.394823036218012,74.45852066561346,xml_structural,false
mp_skirmisher_battania_troop,Wildling,10.0,battania,Infantry,2,50.0,50.0,50.0,20.0,20.0,250.0,50.0,,True,False,False,False,False,True,41.57142857142857,,0.0,0.0,mp_battania_short_sword,OneHandedSword,one_handed_sword,41.8,,0.0,mp_javelin_captain,19.8,,,special_or_unlinked,30.6890805931113,0.0,75.72463768115942,24.444444444444443,0.25,0.25,1.2,1.05,,31.18623359412989,9.368670725886222,74.3946895073634,xml_structural,false
mp_skirmisher_empire_hero,Recruit,10.0,empire,Infantry,0,50.0,50.0,50.0,20.0,20.0,100.0,40.0,,True,False,False,False,False,True,21.66071428571429,,0.0,0.0,mp_empire_gladius,OneHandedSword,one_handed_sword,41.8,,0.0,mp_javelin,19.8,,,special_or_unlinked,15.990487439623717,0.0,75.72463768115942,24.444444444444443,0.25,0.25,0.625,1.04,,17.814184420770566,7.285826010175755,37.712588752969026,xml_structural,false
mp_skirmisher_empire_troop,Recruit,10.0,empire,Infantry,0,50.0,50.0,50.0,20.0,20.0,250.0,40.0,,True,False,False,False,False,True,13.723214285714286,,0.0,0.0,mp_empire_gladius,OneHandedSword,one_handed_sword,41.8,,0.0,mp_javelin_captain,19.8,,,special_or_unlinked,10.130824070363419,0.0,75.72463768115942,24.444444444444443,0.25,0.25,1.2,1.04,,12.483354055247492,6.4554901571414,67.28435441515217,xml_structural,false
mp_skirmisher_empire_troop,Recruit,10.0,empire,Infantry,1,50.0,50.0,50.0,20.0,20.0,250.0,40.0,,True,False,False,False,False,True,17.973214285714285,,0.0,0.0,mp_empire_gladius,OneHandedSword,one_handed_sword,41.8,,0.0,mp_javelin_captain,19.8,,,special_or_unlinked,13.268281622408301,0.0,75.72463768115942,24.444444444444443,0.25,0.25,1.2,1.04,,15.337656928125982,6.90007943278184,68.36948410540306,xml_structural,false
mp_skirmisher_empire_troop,Recruit,10.0,empire,Infantry,2,50.0,50.0,50.0,20.0,20.0,250.0,40.0,,True,False,False,False,False,True,21.410714285714285,,0.0,0.0,mp_empire_gladius,OneHandedSword,one_handed_sword,41.8,,0.0,mp_javelin_captain,19.8,,,special_or_unlinked,15.80593111303284,0.0,75.72463768115942,24.444444444444443,0.25,0.25,1.2,1.04,,17.64628425177771,7.259673699843962,69.24716253134129,xml_structural,false
mp_skirmisher_sturgia_hero,Brigand,10.0,sturgia,Infantry,0,50.0,50.0,50.0,20.0,20.0,100.0,40.0,,True,False,False,False,False,True,27.223214285714285,,0.0,0.0,mp_sturgia_woodsplitter_axe,OneHandedAxe,axe,40.48,,0.0,mp_sturgia_harpoon,19.8,,,special_or_unlinked,20.096865706270695,0.0,73.33333333333331,24.444444444444443,0.25,0.25,0.625,1.04,,21.187381549253576,7.27471582651262,37.89223738496216,xml_structural,false
mp_skirmisher_sturgia_troop,Brigand,10.0,sturgia,Infantry,0,50.0,50.0,50.0,20.0,20.0,250.0,50.0,,True,False,False,False,False,True,27.035714285714285,,0.0,0.0,mp_sturgia_woodsplitter_axe,OneHandedAxe,axe,40.48,,0.0,mp_javelin_captain,19.8,,,special_or_unlinked,19.95844846132754,0.0,73.33333333333331,24.444444444444443,0.25,0.25,1.2,1.05,,21.061456422508936,7.2551015937637775,69.44276895289694,xml_structural,false
mp_skirmisher_sturgia_troop,Brigand,10.0,sturgia,Infantry,1,50.0,50.0,50.0,20.0,20.0,250.0,50.0,,True,False,False,False,False,True,21.285714285714285,,0.0,0.0,mp_sturgia_woodsplitter_axe,OneHandedAxe,axe,40.48,,0.0,mp_javelin_captain,19.8,,,special_or_unlinked,15.713652949737401,0.0,73.33333333333331,24.444444444444443,0.25,0.25,1.2,1.05,,17.19975253567332,6.653598456132591,67.97465231314573,xml_structural,false
mp_skirmisher_sturgia_troop,Brigand,10.0,sturgia,Infantry,2,50.0,50.0,50.0,20.0,20.0,250.0,50.0,,True,False,False,False,False,True,16.410714285714285,,0.0,0.0,mp_sturgia_woodsplitter_axe,OneHandedAxe,axe,40.48,,0.0,mp_javelin_captain,19.8,,,special_or_unlinked,12.114804581215328,0.0,73.33333333333331,24.444444444444443,0.25,0.25,1.2,1.05,,13.925699240312696,6.1436284046626755,66.7299447272697,xml_structural,false
nord_axe_warrior,Nord Axe Warrior,16.0,nord,Infantry,0,80.0,80.0,50.0,30.0,10.0,40.0,30.0,100.0,False,False,False,False,False,False,26.0,,0.0,0.0,,,,0.0,,0.0,,0.0,nord_youngling,3.0,main_or_minor_line,19.193857965451055,0.0,0.0,0.0,0.25,0.36363636363636365,0.25,1.03,,,,,xml_structural,false
nord_axe_warrior,Nord Axe Warrior,16.0,nord,Infantry,1,80.0,80.0,50.0,30.0,10.0,40.0,30.0,100.0,False,False,False,False,False,False,33.8125,,0.0,0.0,,,,0.0,,0.0,,0.0,nord_youngling,3.0,main_or_minor_line,24.961243171415916,0.0,0.0,0.0,0.25,0.36363636363636365,0.25,1.03,,,,,xml_structural,false
nord_axe_warrior,Nord Axe Warrior,16.0,nord,Infantry,2,80.0,80.0,50.0,30.0,10.0,40.0,30.0,100.0,False,False,False,False,False,False,4.4375,,0.0,0.0,,,,0.0,,0.0,,0.0,nord_youngling,3.0,main_or_minor_line,3.2758747969880404,0.0,0.0,0.0,0.25,0.36363636363636365,0.25,1.03,,,,,xml_structural,false
nord_axe_warrior,Nord Axe Warrior,16.0,nord,Infantry,3,80.0,80.0,50.0,30.0,10.0,40.0,30.0,100.0,False,False,False,False,False,False,52.25000000000001,,0.0,0.0,,,,0.0,,0.0,,0.0,nord_youngling,3.0,main_or_minor_line,38.57227225749299,0.0,0.0,0.0,0.25,0.36363636363636365,0.25,1.03,,,,,xml_structural,false
nord_axe_warrior,Nord Axe Warrior,16.0,nord,Infantry,4,80.0,80.0,50.0,30.0,10.0,40.0,30.0,100.0,False,False,False,False,False,False,25.8125,,0.0,0.0,,,,0.0,,0.0,,0.0,nord_youngling,3.0,main_or_minor_line,19.0554407205079,0.0,0.0,0.0,0.25,0.36363636363636365,0.25,1.03,,,,,xml_structural,false
nord_berserkr,Nord Berserkir,26.0,nord,Infantry,0,140.0,120.0,100.0,45.0,20.0,140.0,70.0,140.0,False,False,False,False,False,False,0.0,,0.0,0.0,,,,0.0,,0.0,,0.0,nord_youngling,5.0,main_or_minor_line,0.0,0.0,0.0,0.0,0.25,0.6363636363636364,0.875,1.07,,,,,xml_structural,false
nord_berserkr,Nord Berserkir,26.0,nord,Infantry,1,140.0,120.0,100.0,45.0,20.0,140.0,70.0,140.0,False,False,False,False,False,False,1.4375000000000002,,0.0,0.0,,,,0.0,,0.0,,0.0,nord_youngling,5.0,main_or_minor_line,1.0611988778975345,0.0,0.0,0.0,0.25,0.6363636363636364,0.875,1.07,,,,,xml_structural,false
nord_berserkr,Nord Berserkir,26.0,nord,Infantry,2,140.0,120.0,100.0,45.0,20.0,140.0,70.0,140.0,False,False,False,False,False,False,1.4375000000000002,,0.0,0.0,,,,0.0,,0.0,,0.0,nord_youngling,5.0,main_or_minor_line,1.0611988778975345,0.0,0.0,0.0,0.25,0.6363636363636364,0.875,1.07,,,,,xml_structural,false
nord_berserkr,Nord Berserkir,26.0,nord,Infantry,3,140.0,120.0,100.0,45.0,20.0,140.0,70.0,140.0,False,False,False,False,False,False,8.3125,,0.0,0.0,,,,0.0,,0.0,,0.0,nord_youngling,5.0,main_or_minor_line,6.136497859146611,0.0,0.0,0.0,0.25,0.6363636363636364,0.875,1.07,,,,,xml_structural,false
nord_boandi,Nord Shield Biter,21.0,nord,Infantry,0,110.0,80.0,75.0,35.0,15.0,110.0,40.0,100.0,False,False,False,False,False,False,10.0,,0.0,0.0,,,,0.0,,0.0,,0.0,nord_youngling,4.0,main_or_minor_line,7.382253063635021,0.0,0.0,0.0,0.25,0.5,0.6875,1.04,,,,,xml_structural,false
nord_boandi,Nord Shield Biter,21.0,nord,Infantry,1,110.0,80.0,75.0,35.0,15.0,110.0,40.0,100.0,False,False,False,False,False,False,9.5,,0.0,0.0,,,,0.0,,0.0,,0.0,nord_youngling,4.0,main_or_minor_line,7.0131404104532695,0.0,0.0,0.0,0.25,0.5,0.6875,1.04,,,,,xml_structural,false
nord_boandi,Nord Shield Biter,21.0,nord,Infantry,2,110.0,80.0,75.0,35.0,15.0,110.0,40.0,100.0,False,False,False,False,False,False,12.125000000000002,,0.0,0.0,,,,0.0,,0.0,,0.0,nord_youngling,4.0,main_or_minor_line,8.950981839657464,0.0,0.0,0.0,0.25,0.5,0.6875,1.04,,,,,xml_structural,false
nord_drengr,Nord Warrior,11.0,nord,Infantry,0,40.0,20.0,40.0,15.0,5.0,20.0,10.0,40.0,False,False,False,False,False,False,0.5,,0.0,0.0,,,,0.0,,0.0,,0.0,nord_youngling,2.0,main_or_minor_line,0.36911265318175107,0.0,0.0,0.0,0.25,0.25,0.25,1.01,,,,,xml_structural,false
nord_drengr,Nord Warrior,11.0,nord,Infantry,1,40.0,20.0,40.0,15.0,5.0,20.0,10.0,40.0,False,False,False,False,False,False,5.0,,0.0,0.0,,,,0.0,,0.0,,0.0,nord_youngling,2.0,main_or_minor_line,3.6911265318175106,0.0,0.0,0.0,0.25,0.25,0.25,1.01,,,,,xml_structural,false
nord_drengr,Nord Warrior,11.0,nord,Infantry,2,40.0,20.0,40.0,15.0,5.0,20.0,10.0,40.0,False,False,False,False,False,False,17.6875,,0.0,0.0,,,,0.0,,0.0,,0.0,nord_youngling,2.0,main_or_minor_line,13.057360106304444,0.0,0.0,0.0,0.25,0.25,0.25,1.01,,,,,xml_structural,false
nord_freeman_archer,Nord Freeman Archer,16.0,nord,Ranged,0,60.0,30.0,50.0,100.0,10.0,30.0,30.0,80.0,False,False,True,False,True,False,5.750000000000001,woodland_yew_bow,122.49999999999999,25.0,,,,0.0,,0.0,,0.0,nord_youngling,3.0,main_or_minor_line,4.244795511590138,79.41653160453808,0.0,0.0,0.45454545454545453,0.2727272727272727,0.25,1.03,19.57569723570029,,,,xml_structural,false
nord_freeman_archer,Nord Freeman Archer,16.0,nord,Ranged,1,60.0,30.0,50.0,100.0,10.0,30.0,30.0,80.0,False,False,True,False,True,False,11.500000000000002,woodland_yew_bow,122.49999999999999,25.0,,,,0.0,,0.0,,0.0,nord_youngling,3.0,main_or_minor_line,8.489591023180276,79.41653160453808,0.0,0.0,0.45454545454545453,0.2727272727272727,0.25,1.03,20.125316195906056,,,,xml_structural,false
nord_freeman_archer,Nord Freeman Archer,16.0,nord,Ranged,2,60.0,30.0,50.0,100.0,10.0,30.0,30.0,80.0,False,False,True,False,True,False,9.25,woodland_yew_bow,122.49999999999999,25.0,,,,0.0,,0.0,,0.0,nord_youngling,3.0,main_or_minor_line,6.828584083862395,79.41653160453808,0.0,0.0,0.45454545454545453,0.2727272727272727,0.25,1.03,19.910247907129886,,,,xml_structural,false
nord_hew-bearer,Nord Marauder,21.0,nord,Infantry,0,70.0,110.0,70.0,35.0,15.0,110.0,50.0,110.0,False,False,False,False,False,False,13.750000000000002,,0.0,0.0,,,,0.0,,0.0,,0.0,nord_youngling,4.0,main_or_minor_line,10.150597962498155,0.0,0.0,0.0,0.25,0.5,0.6875,1.05,,,,,xml_structural,false
nord_hew-bearer,Nord Marauder,21.0,nord,Infantry,1,70.0,110.0,70.0,35.0,15.0,110.0,50.0,110.0,False,False,False,False,False,False,31.8125,,0.0,0.0,,,,0.0,,0.0,,0.0,nord_youngling,4.0,main_or_minor_line,23.48479255868891,0.0,0.0,0.0,0.25,0.5,0.6875,1.05,,,,,xml_structural,false
nord_hew-bearer,Nord Marauder,21.0,nord,Infantry,2,70.0,110.0,70.0,35.0,15.0,110.0,50.0,110.0,False,False,False,False,False,False,9.5,,0.0,0.0,,,,0.0,,0.0,,0.0,nord_youngling,4.0,main_or_minor_line,7.0131404104532695,0.0,0.0,0.0,0.25,0.5,0.6875,1.05,,,,,xml_structural,false
nord_hew-bearer,Nord Marauder,21.0,nord,Infantry,3,70.0,110.0,70.0,35.0,15.0,110.0,50.0,110.0,False,False,False,False,False,False,54.3125,,0.0,0.0,,,,0.0,,0.0,,0.0,nord_youngling,4.0,main_or_minor_line,40.094861951867706,0.0,0.0,0.0,0.25,0.5,0.6875,1.05,,,,,xml_structural,false
nord_hirdmann,Nord Shield-Companion,26.0,nord,Infantry,0,160.0,70.0,160.0,45.0,20.0,200.0,70.0,160.0,False,False,False,False,False,False,0.0,,0.0,0.0,,,,0.0,,0.0,,0.0,nord_ungmann,4.0,main_or_minor_line,0.0,0.0,0.0,0.0,0.25,0.7272727272727273,1.2,1.07,,,,,xml_structural,false
nord_hirdmann,Nord Shield-Companion,26.0,nord,Infantry,1,160.0,70.0,160.0,45.0,20.0,200.0,70.0,160.0,False,False,False,False,False,False,10.875000000000002,,0.0,0.0,,,,0.0,,0.0,,0.0,nord_ungmann,4.0,main_or_minor_line,8.028200206703087,0.0,0.0,0.0,0.25,0.7272727272727273,1.2,1.07,,,,,xml_structural,false
nord_hirdmann,Nord Shield-Companion,26.0,nord,Infantry,2,160.0,70.0,160.0,45.0,20.0,200.0,70.0,160.0,False,False,False,False,False,False,0.0,,0.0,0.0,,,,0.0,,0.0,,0.0,nord_ungmann,4.0,main_or_minor_line,0.0,0.0,0.0,0.0,0.25,0.7272727272727273,1.2,1.07,,,,,xml_structural,false
nord_hirdmann,Nord Shield-Companion,26.0,nord,Infantry,3,160.0,70.0,160.0,45.0,20.0,200.0,70.0,160.0,False,False,False,False,False,False,1.4375000000000002,,0.0,0.0,,,,0.0,,0.0,,0.0,nord_ungmann,4.0,main_or_minor_line,1.0611988778975345,0.0,0.0,0.0,0.25,0.7272727272727273,1.2,1.07,,,,,xml_structural,false
nord_hirdmann,Nord Shield-Companion,26.0,nord,Infantry,4,160.0,70.0,160.0,45.0,20.0,200.0,70.0,160.0,False,False,False,False,False,False,0.0,,0.0,0.0,,,,0.0,,0.0,,0.0,nord_ungmann,4.0,main_or_minor_line,0.0,0.0,0.0,0.0,0.25,0.7272727272727273,1.2,1.07,,,,,xml_structural,false
nord_huntsman,Nord Huntsman,11.0,nord,Ranged,0,40.0,20.0,20.0,60.0,5.0,10.0,10.0,40.0,False,False,True,False,True,False,4.5,glen_ranger_bow,109.2,25.0,,,,0.0,,0.0,,0.0,nord_youngling,2.0,main_or_minor_line,3.3220138786357594,70.79416531604538,0.0,0.0,0.2727272727272727,0.25,0.25,1.01,1.5995032463851162,,,,xml_structural,false
nord_huntsman,Nord Huntsman,11.0,nord,Ranged,1,40.0,20.0,20.0,60.0,5.0,10.0,10.0,40.0,False,False,True,False,True,False,0.0,glen_ranger_bow,109.2,25.0,,,,0.0,,0.0,,0.0,nord_youngling,2.0,main_or_minor_line,0.0,70.79416531604538,0.0,0.0,0.2727272727272727,0.25,0.25,1.01,1.1693666688327782,,,,xml_structural,false
nord_huntsman,Nord Huntsman,11.0,nord,Ranged,2,40.0,20.0,20.0,60.0,5.0,10.0,10.0,40.0,False,False,True,False,True,False,7.0625,glen_ranger_bow,109.2,25.0,,,,0.0,,0.0,,0.0,nord_youngling,2.0,main_or_minor_line,5.213716226192234,70.79416531604538,0.0,0.0,0.2727272727272727,0.25,0.25,1.01,1.8444421308246441,,,,xml_structural,false
nord_huscarl,Nord Huscarl,31.0,nord,Infantry,0,220.0,90.0,220.0,60.0,25.0,250.0,90.0,220.0,False,False,False,False,False,False,0.0,,0.0,0.0,,,,0.0,,0.0,,0.0,nord_ungmann,5.0,main_or_minor_line,0.0,0.0,0.0,0.0,0.2727272727272727,1.0,1.2,1.09,,,,,xml_structural,false
nord_huscarl,Nord Huscarl,31.0,nord,Infantry,1,220.0,90.0,220.0,60.0,25.0,250.0,90.0,220.0,False,False,False,False,False,False,0.0,,0.0,0.0,,,,0.0,,0.0,,0.0,nord_ungmann,5.0,main_or_minor_line,0.0,0.0,0.0,0.0,0.2727272727272727,1.0,1.2,1.09,,,,,xml_structural,false
nord_huscarl,Nord Huscarl,31.0,nord,Infantry,2,220.0,90.0,220.0,60.0,25.0,250.0,90.0,220.0,False,False,False,False,False,False,4.625,,0.0,0.0,,,,0.0,,0.0,,0.0,nord_ungmann,5.0,main_or_minor_line,3.4142920419311973,0.0,0.0,0.0,0.2727272727272727,1.0,1.2,1.09,,,,,xml_structural,false
nord_huscarl,Nord Huscarl,31.0,nord,Infantry,3,220.0,90.0,220.0,60.0,25.0,250.0,90.0,220.0,False,False,False,False,False,False,0.0,,0.0,0.0,,,,0.0,,0.0,,0.0,nord_ungmann,5.0,main_or_minor_line,0.0,0.0,0.0,0.0,0.2727272727272727,1.0,1.2,1.09,,,,,xml_structural,false
nord_huscarl,Nord Huscarl,31.0,nord,Infantry,4,220.0,90.0,220.0,60.0,25.0,250.0,90.0,220.0,False,False,False,False,False,False,1.4375000000000002,,0.0,0.0,,,,0.0,,0.0,,0.0,nord_ungmann,5.0,main_or_minor_line,1.0611988778975345,0.0,0.0,0.0,0.2727272727272727,1.0,1.2,1.09,,,,,xml_structural,false
nord_jarlsmann,Nord Hearthguard,21.0,nord,Infantry,0,120.0,35.0,120.0,35.0,15.0,150.0,40.0,120.0,False,False,False,False,False,False,1.125,,0.0,0.0,,,,0.0,,0.0,,0.0,nord_ungmann,3.0,main_or_minor_line,0.8305034696589398,0.0,0.0,0.0,0.25,0.5454545454545454,0.9375,1.04,,,,,xml_structural,false
nord_jarlsmann,Nord Hearthguard,21.0,nord,Infantry,1,120.0,35.0,120.0,35.0,15.0,150.0,40.0,120.0,False,False,False,False,False,False,10.5,,0.0,0.0,,,,0.0,,0.0,,0.0,nord_ungmann,3.0,main_or_minor_line,7.751365716816772,0.0,0.0,0.0,0.25,0.5454545454545454,0.9375,1.04,,,,,xml_structural,false
nord_jarlsmann,Nord Hearthguard,21.0,nord,Infantry,2,120.0,35.0,120.0,35.0,15.0,150.0,40.0,120.0,False,False,False,False,False,False,14.5,,0.0,0.0,,,,0.0,,0.0,,0.0,nord_ungmann,3.0,main_or_minor_line,10.704266942270781,0.0,0.0,0.0,0.25,0.5454545454545454,0.9375,1.04,,,,,xml_structural,false
nord_marksman,Nord Marksman,21.0,nord,Ranged,0,110.0,40.0,60.0,140.0,35.0,45.0,40.0,100.0,False,False,True,False,True,False,1.625,lowland_yew_bow,130.75,25.0,,,,0.0,,0.0,,0.0,nord_youngling,4.0,main_or_minor_line,1.199616122840691,84.76499189627229,0.0,0.0,0.6363636363636364,0.5,0.28125,1.04,38.28725764266596,,,,xml_structural,false
nord_marksman,Nord Marksman,21.0,nord,Ranged,1,110.0,40.0,60.0,140.0,35.0,45.0,40.0,100.0,False,False,True,False,True,False,39.25,lowland_yew_bow,130.75,25.0,,,,0.0,,0.0,,0.0,nord_youngling,4.0,main_or_minor_line,28.975343274767457,84.76499189627229,0.0,0.0,0.6363636363636364,0.5,0.28125,1.04,41.883677360534115,,,,xml_structural,false
nord_marksman,Nord Marksman,21.0,nord,Ranged,2,110.0,40.0,60.0,140.0,35.0,45.0,40.0,100.0,False,False,True,False,True,False,0.0,lowland_yew_bow,130.75,25.0,,,,0.0,,0.0,,0.0,nord_youngling,4.0,main_or_minor_line,0.0,84.76499189627229,0.0,0.0,0.6363636363636364,0.5,0.28125,1.04,38.131930545216505,,,,xml_structural,false
nord_marksman,Nord Marksman,21.0,nord,Ranged,3,110.0,40.0,60.0,140.0,35.0,45.0,40.0,100.0,False,False,True,False,True,False,22.5,lowland_yew_bow,130.75,25.0,,,,0.0,,0.0,,0.0,nord_youngling,4.0,main_or_minor_line,16.610069393178797,84.76499189627229,0.0,0.0,0.6363636363636364,0.5,0.28125,1.04,40.28261343297819,,,,xml_structural,false
nord_militia_archer,Nord Militia Archer,11.0,nord,Ranged,0,,,,,,,,,False,False,True,False,True,False,0.0,hunting_bow,96.35000000000001,27.0,,,,0.0,,0.0,,0.0,,,special_or_unlinked,0.0,62.46353322528363,0.0,0.0,,,,1.0,,,,,xml_structural,false
nord_militia_archer,Nord Militia Archer,11.0,nord,Ranged,1,,,,,,,,,False,False,True,False,True,False,0.0,hunting_bow,96.35000000000001,27.0,peasant_hammer_1_t1,Mace,mace,38.7,,0.0,,0.0,,,special_or_unlinked,0.0,62.46353322528363,70.10869565217392,0.0,,,,1.0,,,,,xml_structural,false
nord_militia_archer,Nord Militia Archer,11.0,nord,Ranged,2,,,,,,,,,False,False,True,False,True,False,2.4375,hunting_bow,96.35000000000001,27.0,,,,0.0,,0.0,,0.0,,,special_or_unlinked,1.7994241842610363,62.46353322528363,0.0,0.0,,,,1.0,,,,,xml_structural,false
nord_militia_archer,Nord Militia Archer,11.0,nord,Ranged,3,,,,,,,,,False,False,True,False,True,False,0.0,hunting_bow,96.35000000000001,27.0,peasant_hammer_2_t1,Mace,mace,38.7,,0.0,,0.0,,,special_or_unlinked,0.0,62.46353322528363,70.10869565217392,0.0,,,,1.0,,,,,xml_structural,false
nord_militia_spearman,Nord Militia Spearman,11.0,nord,Infantry,0,,,,,,,,,False,False,False,False,False,False,8.125,,0.0,0.0,,,,0.0,,0.0,,0.0,,,special_or_unlinked,5.998080614203454,0.0,0.0,0.0,,,,1.0,,,,,xml_structural,false
nord_militia_spearman,Nord Militia Spearman,11.0,nord,Infantry,1,,,,,,,,,False,False,False,False,False,False,6.125,,0.0,0.0,,,,0.0,,0.0,,0.0,,,special_or_unlinked,4.52163000147645,0.0,0.0,0.0,,,,1.0,,,,,xml_structural,false
nord_militia_veteran_archer,Nord Militia Veteran Archer,16.0,nord,Ranged,0,,,,,,,,,False,False,True,False,True,False,14.749999999999998,glen_ranger_bow,109.2,25.0,,,,0.0,,0.0,,0.0,,,special_or_unlinked,10.888823268861655,70.79416531604538,0.0,0.0,,,,1.0,,,,,xml_structural,false
nord_militia_veteran_archer,Nord Militia Veteran Archer,16.0,nord,Ranged,1,,,,,,,,,False,False,True,False,True,False,14.749999999999998,glen_ranger_bow,109.2,25.0,,,,0.0,,0.0,,0.0,,,special_or_unlinked,10.888823268861655,70.79416531604538,0.0,0.0,,,,1.0,,,,,xml_structural,false
nord_militia_veteran_archer,Nord Militia Veteran Archer,16.0,nord,Ranged,2,,,,,,,,,False,False,True,False,True,False,18.5,glen_ranger_bow,109.2,25.0,,,,0.0,,0.0,,0.0,,,special_or_unlinked,13.65716816772479,70.79416531604538,0.0,0.0,,,,1.0,,,,,xml_structural,false
nord_militia_veteran_archer,Nord Militia Veteran Archer,16.0,nord,Ranged,3,,,,,,,,,False,False,True,False,True,False,12.3125,glen_ranger_bow,109.2,25.0,,,,0.0,,0.0,,0.0,,,special_or_unlinked,9.08939908460062,70.79416531604538,0.0,0.0,,,,1.0,,,,,xml_structural,false
nord_militia_veteran_spearman,Nord Militia Veteran Spearman,16.0,nord,Infantry,0,,,,,,,,,False,False,False,False,False,False,15.0,,0.0,0.0,,,,0.0,,0.0,,0.0,,,special_or_unlinked,11.073379595452531,0.0,0.0,0.0,,,,1.0,,,,,xml_structural,false
nord_militia_veteran_spearman,Nord Militia Veteran Spearman,16.0,nord,Infantry,1,,,,,,,,,False,False,False,False,False,False,19.4375,,0.0,0.0,,,,0.0,,0.0,,0.0,,,special_or_unlinked,14.349254392440573,0.0,0.0,0.0,,,,1.0,,,,,xml_structural,false
nord_militia_veteran_spearman,Nord Militia Veteran Spearman,16.0,nord,Infantry,2,,,,,,,,,False,False,False,False,False,False,9.0,,0.0,0.0,,,,0.0,,0.0,,0.0,,,special_or_unlinked,6.644027757271519,0.0,0.0,0.0,,,,1.0,,,,,xml_structural,false
nord_militia_veteran_spearman,Nord Militia Veteran Spearman,16.0,nord,Infantry,3,,,,,,,,,False,False,False,False,False,False,12.75,,0.0,0.0,,,,0.0,,0.0,,0.0,,,special_or_unlinked,9.412372656134652,0.0,0.0,0.0,,,,1.0,,,,,xml_structural,false
nord_skathi,Nord Sky-Gods Chosen,26.0,nord,Ranged,0,130.0,70.0,80.0,160.0,50.0,80.0,70.0,150.0,False,False,True,False,True,False,2.625,lowland_yew_bow,130.75,25.0,,,,0.0,,0.0,,0.0,nord_youngling,5.0,main_or_minor_line,1.937841429204193,84.76499189627229,0.0,0.0,0.7272727272727273,0.5909090909090909,0.5,1.07,48.344540936083035,,,,xml_structural,false
nord_skathi,Nord Sky-Gods Chosen,26.0,nord,Ranged,1,130.0,70.0,80.0,160.0,50.0,80.0,70.0,150.0,False,False,True,False,True,False,0.0,lowland_yew_bow,130.75,25.0,,,,0.0,,0.0,,0.0,nord_youngling,5.0,main_or_minor_line,0.0,84.76499189627229,0.0,0.0,0.7272727272727273,0.5909090909090909,0.5,1.07,48.093627932510834,,,,xml_structural,false
nord_skathi,Nord Sky-Gods Chosen,26.0,nord,Ranged,2,130.0,70.0,80.0,160.0,50.0,80.0,70.0,150.0,False,False,True,False,True,False,0.0,lowland_yew_bow,130.75,25.0,,,,0.0,,0.0,,0.0,nord_youngling,5.0,main_or_minor_line,0.0,84.76499189627229,0.0,0.0,0.7272727272727273,0.5909090909090909,0.5,1.07,48.093627932510834,,,,xml_structural,false
nord_skjaldbrestir,Nord Skjaldbrestir,26.0,nord,Infantry,0,100.0,140.0,90.0,60.0,20.0,140.0,60.0,150.0,False,False,False,False,False,False,13.5,,0.0,0.0,,,,0.0,,0.0,,0.0,nord_youngling,5.0,main_or_minor_line,9.966041635907278,0.0,0.0,0.0,0.2727272727272727,0.6363636363636364,0.875,1.06,,,,,xml_structural,false
nord_skjaldbrestir,Nord Skjaldbrestir,26.0,nord,Infantry,1,100.0,140.0,90.0,60.0,20.0,140.0,60.0,150.0,False,False,False,False,False,False,15.1875,,0.0,0.0,,,,0.0,,0.0,,0.0,nord_youngling,5.0,main_or_minor_line,11.211796840395689,0.0,0.0,0.0,0.2727272727272727,0.6363636363636364,0.875,1.06,,,,,xml_structural,false
nord_skjaldbrestir,Nord Skjaldbrestir,26.0,nord,Infantry,2,100.0,140.0,90.0,60.0,20.0,140.0,60.0,150.0,False,False,False,False,False,False,12.750000000000002,,0.0,0.0,,,,0.0,,0.0,,0.0,nord_youngling,5.0,main_or_minor_line,9.412372656134654,0.0,0.0,0.0,0.2727272727272727,0.6363636363636364,0.875,1.06,,,,,xml_structural,false
nord_spear_warrior,Nord Spear Warrior,16.0,nord,Infantry,0,50.0,30.0,70.0,30.0,10.0,70.0,30.0,80.0,False,False,False,False,False,False,8.25,,0.0,0.0,,,,0.0,,0.0,,0.0,nord_youngling,3.0,main_or_minor_line,6.090358777498892,0.0,0.0,0.0,0.25,0.3181818181818182,0.4375,1.03,,,,,xml_structural,false
nord_spear_warrior,Nord Spear Warrior,16.0,nord,Infantry,1,50.0,30.0,70.0,30.0,10.0,70.0,30.0,80.0,False,False,False,False,False,False,13.625000000000004,,0.0,0.0,,,,0.0,,0.0,,0.0,nord_youngling,3.0,main_or_minor_line,10.05831979920272,0.0,0.0,0.0,0.25,0.3181818181818182,0.4375,1.03,,,,,xml_structural,false
nord_spear_warrior,Nord Spear Warrior,16.0,nord,Infantry,2,50.0,30.0,70.0,30.0,10.0,70.0,30.0,80.0,False,False,False,False,False,False,10.0,,0.0,0.0,,,,0.0,,0.0,,0.0,nord_youngling,3.0,main_or_minor_line,7.382253063635021,0.0,0.0,0.0,0.25,0.3181818181818182,0.4375,1.03,,,,,xml_structural,false
nord_thegn,Nord War-Proven,16.0,nord,Infantry,0,70.0,30.0,70.0,30.0,10.0,100.0,30.0,70.0,False,False,False,False,False,False,26.25,,0.0,0.0,,,,0.0,,0.0,,0.0,nord_ungmann,2.0,main_or_minor_line,19.37841429204193,0.0,0.0,0.0,0.25,0.3181818181818182,0.625,1.03,,,,,xml_structural,false
nord_thegn,Nord War-Proven,16.0,nord,Infantry,1,70.0,30.0,70.0,30.0,10.0,100.0,30.0,70.0,False,False,False,False,False,False,44.5,,0.0,0.0,,,,0.0,,0.0,,0.0,nord_ungmann,2.0,main_or_minor_line,32.85102613317584,0.0,0.0,0.0,0.25,0.3181818181818182,0.625,1.03,,,,,xml_structural,false
nord_thegn,Nord War-Proven,16.0,nord,Infantry,2,70.0,30.0,70.0,30.0,10.0,100.0,30.0,70.0,False,False,False,False,False,False,16.6875,,0.0,0.0,,,,0.0,,0.0,,0.0,nord_ungmann,2.0,main_or_minor_line,12.319134799940942,0.0,0.0,0.0,0.25,0.3181818181818182,0.625,1.03,,,,,xml_structural,false
nord_ulfhednar,Nord Ulfhednar,26.0,nord,Infantry,0,140.0,90.0,140.0,60.0,20.0,90.0,60.0,150.0,False,False,False,False,False,False,0.0,,0.0,0.0,,,,0.0,,0.0,,0.0,nord_youngling,5.0,main_or_minor_line,0.0,0.0,0.0,0.0,0.2727272727272727,0.6363636363636364,0.5625,1.06,,,,,xml_structural,false
nord_ulfhednar,Nord Ulfhednar,26.0,nord,Infantry,1,140.0,90.0,140.0,60.0,20.0,90.0,60.0,150.0,False,False,False,False,False,False,0.0,,0.0,0.0,,,,0.0,,0.0,,0.0,nord_youngling,5.0,main_or_minor_line,0.0,0.0,0.0,0.0,0.2727272727272727,0.6363636363636364,0.5625,1.06,,,,,xml_structural,false
nord_ulfhednar,Nord Ulfhednar,26.0,nord,Infantry,2,140.0,90.0,140.0,60.0,20.0,90.0,60.0,150.0,False,False,False,False,False,False,5.25,,0.0,0.0,,,,0.0,,0.0,,0.0,nord_youngling,5.0,main_or_minor_line,3.875682858408386,0.0,0.0,0.0,0.2727272727272727,0.6363636363636364,0.5625,1.06,,,,,xml_structural,false
nord_ungmann,Nord Scion,11.0,nord,Infantry,0,40.0,20.0,35.0,10.0,5.0,50.0,10.0,40.0,False,False,False,False,False,False,0.0,,0.0,0.0,,,,0.0,,0.0,,0.0,nord_ungmann,1.0,main_or_minor_line,0.0,0.0,0.0,0.0,0.25,0.25,0.3125,1.01,,,,,xml_structural,false
nord_ungmann,Nord Scion,11.0,nord,Infantry,1,40.0,20.0,35.0,10.0,5.0,50.0,10.0,40.0,False,False,False,False,False,False,15.8125,,0.0,0.0,,,,0.0,,0.0,,0.0,nord_ungmann,1.0,main_or_minor_line,11.673187656872877,0.0,0.0,0.0,0.25,0.25,0.3125,1.01,,,,,xml_structural,false
nord_ungmann,Nord Scion,11.0,nord,Infantry,2,40.0,20.0,35.0,10.0,5.0,50.0,10.0,40.0,True,False,False,False,False,False,19.32142857142857,,0.0,0.0,,,,0.0,,0.0,,0.0,nord_ungmann,1.0,main_or_minor_line,14.263567526523378,0.0,0.0,0.0,0.25,0.25,0.3125,1.01,,3.5259035488499006,,,xml_structural,false
nord_vargr,Nord Warfang,21.0,nord,Infantry,0,110.0,70.0,110.0,35.0,15.0,80.0,50.0,110.0,False,False,False,False,False,False,4.0,,0.0,0.0,,,,0.0,,0.0,,0.0,nord_youngling,4.0,main_or_minor_line,2.9529012254540086,0.0,0.0,0.0,0.25,0.5,0.5,1.05,,,,,xml_structural,false
nord_vargr,Nord Warfang,21.0,nord,Infantry,1,110.0,70.0,110.0,35.0,15.0,80.0,50.0,110.0,False,False,False,False,False,False,9.25,,0.0,0.0,,,,0.0,,0.0,,0.0,nord_youngling,4.0,main_or_minor_line,6.828584083862395,0.0,0.0,0.0,0.25,0.5,0.5,1.05,,,,,xml_structural,false
nord_vargr,Nord Warfang,21.0,nord,Infantry,2,110.0,70.0,110.0,35.0,15.0,80.0,50.0,110.0,False,False,False,False,False,False,34.6875,,0.0,0.0,,,,0.0,,0.0,,0.0,nord_youngling,4.0,main_or_minor_line,25.60719031448398,0.0,0.0,0.0,0.25,0.5,0.5,1.05,,,,,xml_structural,false
nord_youngling,Nord Youngling,6.0,nord,Infantry,0,20.0,10.0,20.0,5.0,0.0,10.0,5.0,20.0,True,False,False,False,False,False,14.071428571428571,,0.0,0.0,,,,0.0,,0.0,,0.0,nord_youngling,1.0,main_or_minor_line,10.387884668114994,0.0,0.0,0.0,0.25,0.25,0.25,1.005,,0.0,,,xml_structural,false
nord_youngling,Nord Youngling,6.0,nord,Infantry,1,20.0,10.0,20.0,5.0,0.0,10.0,5.0,20.0,True,False,False,False,False,False,16.50892857142857,,0.0,0.0,,,,0.0,,0.0,,0.0,nord_youngling,1.0,main_or_minor_line,12.18730885237603,0.0,0.0,0.0,0.25,0.25,0.25,1.005,,1.63702664768031,,,xml_structural,false
nord_youngling,Nord Youngling,6.0,nord,Infantry,2,20.0,10.0,20.0,5.0,0.0,10.0,5.0,20.0,True,False,False,False,False,False,17.69642857142857,,0.0,0.0,,,,0.0,,0.0,,0.0,nord_youngling,1.0,main_or_minor_line,13.063951403682687,0.0,0.0,0.0,0.25,0.25,0.25,1.005,,2.4345524503963576,,,xml_structural,false
nord_youngling,Nord Youngling,6.0,nord,Infantry,3,20.0,10.0,20.0,5.0,0.0,10.0,5.0,20.0,True,False,False,False,False,False,21.75892857142857,,0.0,0.0,,,,0.0,,0.0,,0.0,nord_youngling,1.0,main_or_minor_line,16.062991710784413,0.0,0.0,0.0,0.25,0.25,0.25,1.005,,5.162930196530215,,,xml_structural,false
regular_fighter,Regular Fighter,11.0,empire,Infantry,0,,,,300.0,,,,,False,False,False,False,False,False,12.5625,,0.0,0.0,short_sword_t3,OneHandedSword,one_handed_sword,41.8,,0.0,,0.0,,,special_or_unlinked,9.273955411191496,0.0,75.72463768115942,0.0,1.15,,,1.0,,,,,xml_structural,false
sea_hounds_marksman,Sea Hound Marksman,11.0,nord,Ranged,0,60.0,30.0,50.0,60.0,10.0,30.0,30.0,80.0,False,False,True,False,True,False,33.0625,mountain_hunting_bow,103.6,54.0,,,,0.0,,0.0,,0.0,,,special_or_unlinked,24.40757419164329,67.16369529983793,0.0,0.0,0.2727272727272727,0.2727272727272727,0.25,1.03,3.6896890127442497,,,,xml_structural,false
sea_hounds_marksman,Sea Hound Marksman,11.0,nord,Ranged,1,60.0,30.0,50.0,60.0,10.0,30.0,30.0,80.0,False,False,True,False,True,False,9.8125,mountain_hunting_bow,103.6,54.0,,,,0.0,,0.0,,0.0,,,special_or_unlinked,7.243835818691864,67.16369529983793,0.0,0.0,0.2727272727272727,0.2727272727272727,0.25,1.03,1.467316695390502,,,,xml_structural,false
sea_hounds_marksman,Sea Hound Marksman,11.0,nord,Ranged,2,60.0,30.0,50.0,60.0,10.0,30.0,30.0,80.0,False,False,True,False,True,False,9.8125,mountain_hunting_bow,103.6,54.0,,,,0.0,,0.0,,0.0,,,special_or_unlinked,7.243835818691864,67.16369529983793,0.0,0.0,0.2727272727272727,0.2727272727272727,0.25,1.03,1.467316695390502,,,,xml_structural,false
skolderbrotva_tier_1,Skolder Recruit,16.0,nord,Infantry,0,60.0,40.0,40.0,15.0,5.0,40.0,15.0,40.0,True,False,False,False,False,False,28.278571428571432,,0.0,0.0,northern_spear_1_t2,TwoHandedPolearm,two_handed_polearm,45.24,,0.0,,0.0,skolderbrotva_tier_1,1.0,main_or_minor_line,20.87595705637932,0.0,81.95652173913044,0.0,0.25,0.2727272727272727,0.25,1.015,,21.968188120679503,11.371115319616566,,xml_structural,false
skolderbrotva_tier_1,Skolder Recruit,16.0,nord,Infantry,1,60.0,40.0,40.0,15.0,5.0,40.0,15.0,40.0,True,False,False,False,False,False,28.716071428571432,,0.0,0.0,northern_spear_1_t2,TwoHandedPolearm,two_handed_polearm,45.24,,0.0,,0.0,skolderbrotva_tier_1,1.0,main_or_minor_line,21.198930627913356,0.0,81.95652173913044,0.0,0.25,0.2727272727272727,0.25,1.015,,22.262013416417,11.416881862697199,,xml_structural,false
skolderbrotva_tier_1,Skolder Recruit,16.0,nord,Infantry,2,60.0,40.0,40.0,15.0,5.0,40.0,15.0,40.0,True,False,False,False,False,False,23.341071428571432,,0.0,0.0,northern_spear_1_t2,TwoHandedPolearm,two_handed_polearm,45.24,,0.0,,0.0,skolderbrotva_tier_1,1.0,main_or_minor_line,17.23096960620953,0.0,81.95652173913044,0.0,0.25,0.2727272727272727,0.25,1.015,,18.652159783070665,10.854607190563698,,xml_structural,false
skolderbrotva_tier_1,Skolder Recruit,16.0,nord,Infantry,3,60.0,40.0,40.0,15.0,5.0,40.0,15.0,40.0,True,False,False,False,False,False,28.778571428571432,,0.0,0.0,northern_spear_1_t2,TwoHandedPolearm,two_handed_polearm,45.24,,0.0,,0.0,skolderbrotva_tier_1,1.0,main_or_minor_line,21.245069709561072,0.0,81.95652173913044,0.0,0.25,0.2727272727272727,0.25,1.015,,22.30398845866521,11.423419940280146,,xml_structural,false
skolderbrotva_tier_2,Skolder Warrior Broda,21.0,nord,Infantry,0,100.0,100.0,70.0,30.0,10.0,70.0,30.0,60.0,True,False,False,False,False,False,33.72678571428572,,0.0,0.0,sturgia_sword_3_t3,OneHandedSword,one_handed_sword,41.8,,0.0,,0.0,skolderbrotva_tier_1,2.0,main_or_minor_line,24.89796671658476,0.0,75.72463768115942,0.0,0.25,0.45454545454545453,0.4375,1.03,,24.682302811187647,23.912115882250568,,xml_structural,false
skolderbrotva_tier_2,Skolder Warrior Broda,21.0,nord,Infantry,1,100.0,100.0,70.0,30.0,10.0,70.0,30.0,60.0,True,False,False,False,False,False,36.88571428571429,,0.0,0.0,sturgia_sword_3_t3,OneHandedSword,one_handed_sword,41.8,,0.0,,0.0,skolderbrotva_tier_1,2.0,main_or_minor_line,27.22996772900804,0.0,75.72463768115942,0.0,0.25,0.45454545454545453,0.4375,1.03,,26.80384137510448,24.242569003514404,,xml_structural,false
skolderbrotva_tier_2,Skolder Warrior Broda,21.0,nord,Infantry,2,100.0,100.0,70.0,30.0,10.0,70.0,30.0,60.0,True,False,False,False,False,False,47.885714285714286,,0.0,0.0,sturgia_sword_3_t3,OneHandedSword,one_handed_sword,41.8,,0.0,,0.0,skolderbrotva_tier_1,2.0,main_or_minor_line,35.350446099006554,0.0,75.72463768115942,0.0,0.25,0.45454545454545453,0.4375,1.03,,34.19144881078999,25.39327065811319,,xml_structural,false
skolderbrotva_tier_3,Skolder Veteran Broda,26.0,nord,Infantry,0,130.0,130.0,110.0,40.0,15.0,130.0,30.0,100.0,True,False,False,False,False,True,45.99821428571429,,0.0,0.0,sturgia_sword_4_t4,OneHandedSword,one_handed_sword,41.8,,0.0,northern_javelin_3_t4,19.8,skolderbrotva_tier_1,3.0,main_or_minor_line,33.95704583324545,0.0,75.72463768115942,24.444444444444443,0.25,0.5909090909090909,0.8125,1.03,,34.15926587222477,35.43853224452992,54.230379705336354,xml_structural,false
skolderbrotva_tier_3,Skolder Veteran Broda,26.0,nord,Infantry,1,130.0,130.0,110.0,40.0,15.0,130.0,30.0,100.0,True,False,False,False,False,True,78.3732142857143,,0.0,0.0,sturgia_sword_4_t4,OneHandedSword,one_handed_sword,41.8,,0.0,northern_javelin_3_t4,19.8,skolderbrotva_tier_1,3.0,main_or_minor_line,57.857090126763836,0.0,75.72463768115942,24.444444444444443,0.25,0.5909090909090909,0.8125,1.03,,55.90233775679919,38.82525643249681,62.496514698718215,xml_structural,false
skolderbrotva_tier_3,Skolder Veteran Broda,26.0,nord,Infantry,2,130.0,130.0,110.0,40.0,15.0,130.0,30.0,100.0,True,False,False,False,False,True,67.81071428571428,,0.0,0.0,sturgia_sword_4_t4,OneHandedSword,one_handed_sword,41.8,,0.0,northern_javelin_3_t4,19.8,skolderbrotva_tier_1,3.0,main_or_minor_line,50.059585328299335,0.0,75.72463768115942,24.444444444444443,0.25,0.5909090909090909,0.8125,1.03,,48.80855561685115,37.720321320978655,59.79964826265347,xml_structural,false
sturgia_marine_t3,Sturgian Crewman,16.0,sturgia,Infantry,0,70.0,70.0,40.0,30.0,10.0,90.0,40.0,70.0,True,False,False,False,False,False,34.1,,0.0,0.0,bearded_axe_t3,TwoHandedAxe,axe,40.48,,0.0,,0.0,sturgia_marine_t3,1.0,main_or_minor_line,25.17348294699542,0.0,73.33333333333331,0.0,0.25,0.3181818181818182,0.5625,1.04,,24.570372146147587,12.953719903415621,,xml_structural,false
sturgia_marine_t3,Sturgian Crewman,16.0,sturgia,Infantry,1,70.0,70.0,40.0,30.0,10.0,90.0,40.0,70.0,True,False,False,False,False,False,40.5375,,0.0,0.0,bearded_axe_t3,TwoHandedAxe,axe,40.48,,0.0,,0.0,sturgia_marine_t3,1.0,main_or_minor_line,29.925808356710466,0.0,73.33333333333331,0.0,0.25,0.3181818181818182,0.5625,1.04,,28.89380149771354,13.62714189445923,,xml_structural,false
sturgia_marine_t3,Sturgian Crewman,16.0,sturgia,Infantry,2,70.0,70.0,40.0,30.0,10.0,90.0,40.0,70.0,True,False,False,False,False,False,40.9125,,0.0,0.0,,,,0.0,,0.0,,0.0,sturgia_marine_t3,1.0,main_or_minor_line,30.20264284659678,0.0,0.0,0.0,0.25,0.3181818181818182,0.5625,1.04,,18.026481715225483,,,xml_structural,false
sturgia_marine_t4,Sturgian Veteran Shipman,21.0,sturgia,Infantry,0,100.0,100.0,45.0,45.0,25.0,120.0,50.0,100.0,True,False,False,False,False,False,48.77857142857143,,0.0,0.0,,,,0.0,,0.0,,0.0,sturgia_marine_t3,2.0,main_or_minor_line,36.00957583683112,0.0,0.0,0.0,0.25,0.45454545454545453,0.75,1.05,,23.309340603893457,,,xml_structural,false
sturgia_marine_t4,Sturgian Veteran Shipman,21.0,sturgia,Infantry,1,100.0,100.0,45.0,45.0,25.0,120.0,50.0,100.0,True,False,False,False,False,False,39.778571428571425,,0.0,0.0,northern_axe_t3,TwoHandedAxe,axe,40.48,,0.0,,0.0,sturgia_marine_t3,2.0,main_or_minor_line,29.36554807955959,0.0,73.33333333333331,0.0,0.25,0.45454545454545453,0.75,1.05,,28.384104556128083,23.467008433504784,,xml_structural,false
sturgia_marine_t4,Sturgian Veteran Shipman,21.0,sturgia,Infantry,2,100.0,100.0,45.0,45.0,25.0,120.0,50.0,100.0,True,False,False,False,False,False,55.71607142857143,,0.0,0.0,sturgia_2haxe_1_t4,TwoHandedAxe,axe,40.48,,0.0,,0.0,sturgia_marine_t3,2.0,main_or_minor_line,41.13101389972791,0.0,73.33333333333331,0.0,0.25,0.45454545454545453,0.75,1.05,,39.08774032942245,25.134218217156434,,xml_structural,false
sturgia_marine_t5,Sturgian Reaver,26.0,sturgia,Infantry,0,130.0,160.0,60.0,40.0,40.0,150.0,60.0,130.0,True,False,False,False,False,False,58.01964285714285,,0.0,0.0,,,,0.0,,0.0,,0.0,sturgia_marine_t3,3.0,main_or_minor_line,42.83156862331525,0.0,0.0,0.0,0.25,0.7272727272727273,0.9375,1.06,,29.5156504220221,,,xml_structural,false
sturgia_marine_t5,Sturgian Reaver,26.0,sturgia,Infantry,1,130.0,160.0,60.0,40.0,40.0,150.0,60.0,130.0,True,False,False,False,False,False,56.51964285714286,,0.0,0.0,,,,0.0,,0.0,,0.0,sturgia_marine_t3,3.0,main_or_minor_line,41.724230663770015,0.0,0.0,0.0,0.25,0.7272727272727273,0.9375,1.06,,28.508249408065012,,,xml_structural,false
sturgia_marine_t5,Sturgian Reaver,26.0,sturgia,Infantry,2,130.0,160.0,60.0,40.0,40.0,150.0,60.0,130.0,True,False,False,False,False,False,69.64464285714286,,0.0,0.0,,,,0.0,,0.0,,0.0,sturgia_marine_t3,3.0,main_or_minor_line,51.41343780979097,0.0,0.0,0.0,0.25,0.7272727272727273,0.9375,1.06,,37.32300828018976,,,xml_structural,false
sturgian_archer,Sturgian Archer,21.0,sturgia,Ranged,0,100.0,60.0,45.0,115.0,25.0,45.0,50.0,100.0,False,False,False,False,False,False,40.875,,0.0,20.0,sturgia_sword_1_t2,OneHandedSword,one_handed_sword,41.8,,0.0,,0.0,sturgian_hunter,2.0,main_or_minor_line,30.17495939760815,0.0,75.72463768115942,0.0,0.5227272727272727,0.45454545454545453,0.28125,1.05,,,24.659885155523124,,xml_structural,false
sturgian_archer,Sturgian Archer,21.0,sturgia,Ranged,1,100.0,60.0,45.0,115.0,25.0,45.0,50.0,100.0,False,False,False,False,False,False,25.500000000000004,,0.0,20.0,sturgia_axe_2_t2,OneHandedAxe,axe,40.48,,0.0,,0.0,sturgian_hunter,2.0,main_or_minor_line,18.824745312269307,0.0,73.33333333333331,0.0,0.5227272727272727,0.45454545454545453,0.28125,1.05,,,21.973337909126226,,xml_structural,false
sturgian_archer,Sturgian Archer,21.0,sturgia,Ranged,2,100.0,60.0,45.0,115.0,25.0,45.0,50.0,100.0,False,False,False,False,False,False,42.125,,0.0,20.0,sturgia_axe_2_t2,OneHandedAxe,axe,40.48,,0.0,,0.0,sturgian_hunter,2.0,main_or_minor_line,31.097741030562524,0.0,73.33333333333331,0.0,0.5227272727272727,0.45454545454545453,0.28125,1.05,,,23.712466546190303,,xml_structural,false
sturgian_berzerker,Sturgian Line Breaker,21.0,sturgia,Infantry,0,100.0,110.0,40.0,45.0,15.0,50.0,45.0,130.0,False,False,False,False,False,False,43.18750000000001,,0.0,0.0,sturgia_sword_4_t4,OneHandedSword,one_handed_sword,41.8,,0.0,,0.0,sturgian_berzerker,1.0,main_or_minor_line,31.882105418573754,0.0,75.72463768115942,0.0,0.25,0.5,0.3125,1.045,,,28.3160312025661,,xml_structural,false
sturgian_berzerker,Sturgian Line Breaker,21.0,sturgia,Infantry,1,100.0,110.0,40.0,45.0,15.0,50.0,45.0,130.0,False,False,False,False,False,False,44.68749999999999,,0.0,0.0,sturgia_sword_4_t4,OneHandedSword,one_handed_sword,41.8,,0.0,,0.0,sturgian_berzerker,1.0,main_or_minor_line,32.98944337811899,0.0,75.72463768115942,0.0,0.25,0.5,0.3125,1.045,,,28.472945064556843,,xml_structural,false
sturgian_berzerker,Sturgian Line Breaker,21.0,sturgia,Infantry,2,100.0,110.0,40.0,45.0,15.0,50.0,45.0,130.0,False,False,False,False,False,False,43.5625,,0.0,0.0,sturgia_sword_4_t4,OneHandedSword,one_handed_sword,41.8,,0.0,,0.0,sturgian_berzerker,1.0,main_or_minor_line,32.15893990846006,0.0,75.72463768115942,0.0,0.25,0.5,0.3125,1.045,,,28.355259668063784,,xml_structural,false
sturgian_brigand,Sturgian Brigand,16.0,sturgia,Infantry,0,80.0,40.0,30.0,40.0,10.0,70.0,30.0,80.0,True,False,False,False,False,False,46.84107142857144,,0.0,0.0,sturgia_axe_2_t2,OneHandedAxe,axe,40.48,,0.0,,0.0,sturgian_recruit,3.0,main_or_minor_line,34.579264305751835,0.0,73.33333333333331,0.0,0.25,0.36363636363636365,0.4375,1.03,,33.12728433017619,17.5929728796284,,xml_structural,false
sturgian_brigand,Sturgian Brigand,16.0,sturgia,Infantry,1,80.0,40.0,30.0,40.0,10.0,70.0,30.0,80.0,True,False,False,False,False,False,48.34107142857143,,0.0,0.0,sturgia_axe_2_t2,OneHandedAxe,axe,40.48,,0.0,,0.0,sturgian_recruit,3.0,main_or_minor_line,35.68660226529708,0.0,73.33333333333331,0.0,0.25,0.36363636363636365,0.4375,1.03,,34.134685344133295,17.749886741619143,,xml_structural,false
sturgian_brigand,Sturgian Brigand,16.0,sturgia,Infantry,2,80.0,40.0,30.0,40.0,10.0,70.0,30.0,80.0,True,False,False,False,False,False,45.09107142857143,,0.0,0.0,sturgia_axe_2_t2,OneHandedAxe,axe,40.48,,0.0,,0.0,sturgian_recruit,3.0,main_or_minor_line,33.2873700196157,0.0,73.33333333333331,0.0,0.25,0.36363636363636365,0.4375,1.03,,31.951983147226212,17.40990670730587,,xml_structural,false
sturgian_hardened_brigand,Sturgian Hardened Brigand,21.0,sturgia,Cavalry,0,100.0,60.0,45.0,45.0,15.0,100.0,100.0,60.0,True,True,False,False,False,False,74.30107142857143,,0.0,0.0,northern_spear_3_t4,TwoHandedPolearm,two_handed_polearm,45.24,,0.0,,0.0,sturgian_recruit,4.0,main_or_minor_line,54.8509312184936,0.0,81.95652173913044,0.0,0.25,0.45454545454545453,0.625,1.1800000000000002,,60.45818252783103,36.63451110408121,,xml_structural,false
sturgian_hardened_brigand,Sturgian Hardened Brigand,21.0,sturgia,Cavalry,1,100.0,60.0,45.0,45.0,15.0,100.0,100.0,60.0,True,True,False,False,False,False,70.30107142857143,,0.0,0.0,northern_spear_3_t4,TwoHandedPolearm,two_handed_polearm,45.24,,0.0,,0.0,sturgian_recruit,4.0,main_or_minor_line,51.898029993039586,0.0,81.95652173913044,0.0,0.25,0.45454545454545453,0.625,1.1800000000000002,,57.77177982394539,36.216074138772555,,xml_structural,false
sturgian_horse_raider,Sturgian Horse Raider,26.0,sturgia,Cavalry,0,130.0,60.0,80.0,60.0,20.0,130.0,130.0,80.0,True,True,False,False,False,False,75.15964285714286,,0.0,0.0,northern_spear_4_t4,TwoHandedPolearm,two_handed_polearm,45.24,,0.0,,0.0,sturgian_recruit,5.0,main_or_minor_line,55.48475037438568,0.0,81.95652173913044,0.0,0.2727272727272727,0.5909090909090909,0.8125,1.21,,61.03479967962932,47.80997799241001,,xml_structural,false
sturgian_horse_raider,Sturgian Horse Raider,26.0,sturgia,Cavalry,1,130.0,60.0,80.0,60.0,20.0,130.0,130.0,80.0,True,True,False,False,False,False,91.59714285714286,,0.0,0.0,northern_spear_4_t4,TwoHandedPolearm,two_handed_polearm,45.24,,0.0,,0.0,sturgian_recruit,5.0,main_or_minor_line,67.61932884773576,0.0,81.95652173913044,0.0,0.2727272727272727,0.5909090909090909,0.8125,1.21,,72.0742357909094,49.529492396725246,,xml_structural,false
sturgian_horse_raider,Sturgian Horse Raider,26.0,sturgia,Cavalry,2,130.0,60.0,80.0,60.0,20.0,130.0,130.0,80.0,True,True,False,False,False,False,91.34714285714286,,0.0,0.0,northern_spear_4_t4,TwoHandedPolearm,two_handed_polearm,45.24,,0.0,,0.0,sturgian_recruit,5.0,main_or_minor_line,67.43477252114488,0.0,81.95652173913044,0.0,0.2727272727272727,0.5909090909090909,0.8125,1.21,,71.90633562191653,49.503340086393436,,xml_structural,false
sturgian_hunter,Sturgian Hunter,16.0,sturgia,Ranged,0,60.0,50.0,40.0,80.0,10.0,30.0,40.0,70.0,False,False,False,False,False,False,11.5,,0.0,20.0,sturgia_axe_2_t2,OneHandedAxe,axe,40.48,,0.0,,0.0,sturgian_hunter,1.0,main_or_minor_line,8.489591023180274,0.0,73.33333333333331,0.0,0.36363636363636365,0.2727272727272727,0.25,1.04,,,7.28313188904701,,xml_structural,false
sturgian_hunter,Sturgian Hunter,16.0,sturgia,Ranged,1,60.0,50.0,40.0,80.0,10.0,30.0,40.0,70.0,False,False,False,False,False,False,13.6875,,0.0,20.0,sturgia_axe_2_t2,OneHandedAxe,axe,40.48,,0.0,,0.0,sturgian_hunter,1.0,main_or_minor_line,10.104458880850435,0.0,73.33333333333331,0.0,0.36363636363636365,0.2727272727272727,0.25,1.04,,,7.511964604450178,,xml_structural,false
sturgian_hunter,Sturgian Hunter,16.0,sturgia,Ranged,2,60.0,50.0,40.0,80.0,10.0,30.0,40.0,70.0,False,False,False,False,False,False,14.562499999999998,,0.0,20.0,sturgia_sword_1_t2,OneHandedSword,one_handed_sword,41.8,,0.0,,0.0,sturgian_hunter,1.0,main_or_minor_line,10.750406023918497,0.0,75.72463768115942,0.0,0.36363636363636365,0.2727272727272727,0.25,1.04,,,8.250405787206509,,xml_structural,false
sturgian_militia_archer,Sturgian Militia Archer,11.0,sturgia,Ranged,0,,,,,,,,,False,False,True,False,True,False,6.812499999999999,hunting_bow,96.35000000000001,27.0,peasant_hatchet_1_t1,OneHandedAxe,axe,40.48,,0.0,,0.0,,,special_or_unlinked,5.029159899601357,62.46353322528363,73.33333333333331,0.0,,,,1.0,,,,,xml_structural,false
sturgian_militia_archer,Sturgian Militia Archer,11.0,sturgia,Ranged,1,,,,,,,,,False,False,True,False,True,False,7.8125,hunting_bow,96.35000000000001,27.0,peasant_hammer_1_t1,Mace,mace,38.7,,0.0,,0.0,,,special_or_unlinked,5.76738520596486,62.46353322528363,70.10869565217392,0.0,,,,1.0,,,,,xml_structural,false
sturgian_militia_archer,Sturgian Militia Archer,11.0,sturgia,Ranged,2,,,,,,,,,False,False,True,False,True,False,12.75,hunting_bow,96.35000000000001,27.0,peasant_hatchet_1_t1,OneHandedAxe,axe,40.48,,0.0,,0.0,,,special_or_unlinked,9.412372656134652,62.46353322528363,73.33333333333331,0.0,,,,1.0,,,,,xml_structural,false
sturgian_militia_archer,Sturgian Militia Archer,11.0,sturgia,Ranged,3,,,,,,,,,False,False,True,False,True,False,7.8125,hunting_bow,96.35000000000001,27.0,peasant_hammer_2_t1,Mace,mace,38.7,,0.0,,0.0,,,special_or_unlinked,5.76738520596486,62.46353322528363,70.10869565217392,0.0,,,,1.0,,,,,xml_structural,false
sturgian_militia_spearman,Sturgian Militia Spearman,11.0,sturgia,Infantry,0,,,,,,,,,True,False,False,False,False,False,25.32321428571429,,0.0,0.0,northern_spear_1_t2,TwoHandedPolearm,two_handed_polearm,45.24,,0.0,,0.0,,,special_or_unlinked,18.694237624180044,0.0,81.95652173913044,0.0,,,,1.0,,19.98336826579972,,,xml_structural,false
sturgian_militia_spearman,Sturgian Militia Spearman,11.0,sturgia,Infantry,1,,,,,,,,,True,False,False,False,False,False,31.323214285714286,,0.0,0.0,northern_spear_1_t2,TwoHandedPolearm,two_handed_polearm,45.24,,0.0,,0.0,,,special_or_unlinked,23.123589462361053,0.0,81.95652173913044,0.0,,,,1.0,,24.012972321628176,,,xml_structural,false
sturgian_militia_spearman,Sturgian Militia Spearman,11.0,sturgia,Infantry,2,,,,,,,,,True,False,False,False,False,False,26.448214285714286,,0.0,0.0,northern_spear_1_t2,TwoHandedPolearm,two_handed_polearm,45.24,,0.0,,0.0,,,special_or_unlinked,19.52474109383898,0.0,81.95652173913044,0.0,,,,1.0,,20.738919026267546,,,xml_structural,false
sturgian_militia_spearman,Sturgian Militia Spearman,11.0,sturgia,Infantry,3,,,,,,,,,True,False,False,False,False,False,26.885714285714286,,0.0,0.0,northern_spear_1_t2,TwoHandedPolearm,two_handed_polearm,45.24,,0.0,,0.0,,,special_or_unlinked,19.84771466537301,0.0,81.95652173913044,0.0,,,,1.0,,21.032744322005044,,,xml_structural,false
sturgian_militia_veteran_archer,Sturgian Militia Veteran Archer,16.0,sturgia,Ranged,0,,,,,,,,,False,False,True,False,True,False,12.0625,hunting_bow,96.35000000000001,27.0,small_spurred_axe_t2,OneHandedAxe,axe,40.48,,0.0,,0.0,,,special_or_unlinked,8.904842758009744,62.46353322528363,73.33333333333331,0.0,,,,1.0,,,,,xml_structural,false
sturgian_militia_veteran_archer,Sturgian Militia Veteran Archer,16.0,sturgia,Ranged,1,,,,,,,,,False,False,True,False,True,False,12.125000000000002,hunting_bow,96.35000000000001,27.0,small_spurred_axe_t2,OneHandedAxe,axe,40.48,,0.0,,0.0,,,special_or_unlinked,8.950981839657464,62.46353322528363,73.33333333333331,0.0,,,,1.0,,,,,xml_structural,false
sturgian_militia_veteran_archer,Sturgian Militia Veteran Archer,16.0,sturgia,Ranged,2,,,,,,,,,False,False,True,False,True,False,11.3125,nordic_shortbow,105.25,27.0,small_spurred_axe_t2,OneHandedAxe,axe,40.48,,0.0,,0.0,,,special_or_unlinked,8.351173778237117,68.23338735818477,73.33333333333331,0.0,,,,1.0,,,,,xml_structural,false
sturgian_militia_veteran_archer,Sturgian Militia Veteran Archer,16.0,sturgia,Ranged,3,,,,,,,,,False,False,True,False,True,False,9.4375,hunting_bow,96.35000000000001,27.0,small_spurred_axe_t2,OneHandedAxe,axe,40.48,,0.0,,0.0,,,special_or_unlinked,6.9670013288055515,62.46353322528363,73.33333333333331,0.0,,,,1.0,,,,,xml_structural,false
sturgian_militia_veteran_spearman,Sturgian Militia Veteran Spearman,16.0,sturgia,Infantry,0,,,,,,,,,True,False,False,False,False,False,29.751785714285717,,0.0,0.0,northern_spear_1_t2,TwoHandedPolearm,two_handed_polearm,45.24,,0.0,,0.0,,,special_or_unlinked,21.96352112378984,0.0,81.95652173913044,0.0,,,,1.0,,22.957599830815962,,,xml_structural,false
sturgian_militia_veteran_spearman,Sturgian Militia Veteran Spearman,16.0,sturgia,Infantry,1,,,,,,,,,True,False,False,False,False,False,45.4875,,0.0,0.0,northern_spear_1_t2,TwoHandedPolearm,two_handed_polearm,45.24,,0.0,,0.0,,,special_or_unlinked,33.580023623209804,0.0,81.95652173913044,0.0,,,,1.0,,33.52571618199466,,,xml_structural,false
sturgian_militia_veteran_spearman,Sturgian Militia Veteran Spearman,16.0,sturgia,Infantry,2,,,,,,,,,True,False,False,False,False,False,33.862500000000004,,0.0,0.0,northern_spear_1_t2,TwoHandedPolearm,two_handed_polearm,45.24,,0.0,,0.0,,,special_or_unlinked,24.998154436734094,0.0,81.95652173913044,0.0,,,,1.0,,25.718358323827015,,,xml_structural,false
sturgian_militia_veteran_spearman,Sturgian Militia Veteran Spearman,16.0,sturgia,Infantry,3,,,,,,,,,True,False,False,False,False,False,25.87678571428572,,0.0,0.0,northern_spear_1_t2,TwoHandedPolearm,two_handed_polearm,45.24,,0.0,,0.0,,,special_or_unlinked,19.10289806163127,0.0,81.95652173913044,0.0,,,,1.0,,20.35514721142675,,,xml_structural,false
sturgian_recruit,Sturgian Recruit,6.0,sturgia,Infantry,0,20.0,10.0,20.0,5.0,0.0,10.0,5.0,20.0,False,False,False,False,False,False,3.875000000000001,,0.0,0.0,small_spurred_axe_t2,OneHandedAxe,axe,40.48,,0.0,,0.0,sturgian_recruit,1.0,main_or_minor_line,2.8606230621585715,0.0,73.33333333333331,0.0,0.25,0.25,0.25,1.005,,,4.83227684374003,,xml_structural,false
sturgian_recruit,Sturgian Recruit,6.0,sturgia,Infantry,1,20.0,10.0,20.0,5.0,0.0,10.0,5.0,20.0,False,False,False,False,False,False,6.249999999999999,,0.0,0.0,small_spurred_axe_t2,OneHandedAxe,axe,40.48,,0.0,,0.0,sturgian_recruit,1.0,main_or_minor_line,4.613908164771887,0.0,73.33333333333331,0.0,0.25,0.25,0.25,1.005,,,5.080723791892039,,xml_structural,false
sturgian_recruit,Sturgian Recruit,6.0,sturgia,Infantry,2,20.0,10.0,20.0,5.0,0.0,10.0,5.0,20.0,False,False,False,False,False,False,4.125000000000001,,0.0,0.0,small_spurred_axe_t2,OneHandedAxe,axe,40.48,,0.0,,0.0,sturgian_recruit,1.0,main_or_minor_line,3.045179388749447,0.0,73.33333333333331,0.0,0.25,0.25,0.25,1.005,,,4.85842915407182,,xml_structural,false
sturgian_recruit,Sturgian Recruit,6.0,sturgia,Infantry,3,20.0,10.0,20.0,5.0,0.0,10.0,5.0,20.0,False,False,False,False,False,False,5.625000000000001,,0.0,0.0,small_spurred_axe_t2,OneHandedAxe,axe,40.48,,0.0,,0.0,sturgian_recruit,1.0,main_or_minor_line,4.1525173482947,0.0,73.33333333333331,0.0,0.25,0.25,0.25,1.005,,,5.015343016062563,,xml_structural,false
sturgian_shock_troop,Sturgian Heavy Spearman,26.0,sturgia,Infantry,0,140.0,60.0,140.0,75.0,15.0,80.0,45.0,125.0,True,False,False,False,False,True,91.21785714285716,,0.0,0.0,northern_spear_3_t4,TwoHandedPolearm,two_handed_polearm,45.24,,0.0,northern_javelin_3_t4,19.8,,,special_or_unlinked,67.33933053510789,0.0,81.95652173913044,24.444444444444443,0.3409090909090909,0.6363636363636364,0.5,1.045,,65.47371828888234,47.51688593469019,51.836087078000894,xml_structural,false
sturgian_shock_troop,Sturgian Heavy Spearman,26.0,sturgia,Infantry,1,140.0,60.0,140.0,75.0,15.0,80.0,45.0,125.0,True,False,False,False,False,True,90.65535714285714,,0.0,0.0,northern_spear_3_t4,TwoHandedPolearm,two_handed_polearm,45.24,,0.0,northern_javelin_3_t4,19.8,,,special_or_unlinked,66.92407880027841,0.0,81.95652173913044,24.444444444444443,0.3409090909090909,0.6363636363636364,0.5,1.045,,65.09594290864842,47.45804323644365,51.69246697193827,xml_structural,false
sturgian_shock_troop,Sturgian Heavy Spearman,26.0,sturgia,Infantry,2,140.0,60.0,140.0,75.0,15.0,80.0,45.0,125.0,True,False,False,False,False,True,86.46785714285714,,0.0,0.0,northern_spear_3_t4,TwoHandedPolearm,two_handed_polearm,45.24,,0.0,northern_javelin_3_t4,19.8,,,special_or_unlinked,63.832760329881246,0.0,81.95652173913044,24.444444444444443,0.3409090909090909,0.6363636363636364,0.5,1.045,,62.28361507801814,47.01999203838615,50.62329507124989,xml_structural,false
sturgian_ulfhednar,Sturgian Heroic Line Breaker,26.0,sturgia,Infantry,0,80.0,150.0,80.0,60.0,20.0,130.0,40.0,150.0,False,False,False,False,False,False,50.3125,,0.0,0.0,sturgia_sword_5_t4,OneHandedSword,one_handed_sword,41.8,,0.0,,0.0,sturgian_berzerker,2.0,main_or_minor_line,37.1419607264137,0.0,75.72463768115942,0.0,0.2727272727272727,0.6818181818181818,0.8125,1.04,,,42.71832075291778,,xml_structural,false
sturgian_ulfhednar,Sturgian Heroic Line Breaker,26.0,sturgia,Infantry,1,80.0,150.0,80.0,60.0,20.0,130.0,40.0,150.0,False,False,False,False,False,False,62.06250000000001,,0.0,0.0,sturgia_sword_5_t4,OneHandedSword,one_handed_sword,41.8,,0.0,,0.0,sturgian_berzerker,2.0,main_or_minor_line,45.816108076184854,0.0,75.72463768115942,0.0,0.2727272727272727,0.6818181818181818,0.8125,1.04,,,43.94747933851193,,xml_structural,false
sturgian_ulfhednar,Sturgian Heroic Line Breaker,26.0,sturgia,Infantry,2,80.0,150.0,80.0,60.0,20.0,130.0,40.0,150.0,False,False,False,False,False,False,56.062500000000014,,0.0,0.0,sturgia_sword_5_t4,OneHandedSword,one_handed_sword,41.8,,0.0,,0.0,sturgian_berzerker,2.0,main_or_minor_line,41.38675623800385,0.0,75.72463768115942,0.0,0.2727272727272727,0.6818181818181818,0.8125,1.04,,,43.31982389054897,,xml_structural,false
sturgian_veteran_bowman,Sturgian Veteran Bowman,26.0,sturgia,Ranged,0,120.0,60.0,60.0,150.0,40.0,80.0,60.0,130.0,False,False,True,False,True,False,43.125,nordic_shortbow,109.5,40.0,sturgia_axe_4_t4,OneHandedAxe,axe,40.48,,0.0,,0.0,sturgian_hunter,3.0,main_or_minor_line,31.835966336926028,70.98865478119936,73.33333333333331,0.0,0.6818181818181818,0.5454545454545454,0.5,1.06,37.41280448077276,,30.429914108266935,,xml_structural,false
sturgian_veteran_bowman,Sturgian Veteran Bowman,26.0,sturgia,Ranged,1,120.0,60.0,60.0,150.0,40.0,80.0,60.0,130.0,False,False,True,False,True,False,43.50000000000001,nordic_shortbow,109.5,40.0,sturgia_axe_4_t4,OneHandedAxe,axe,40.48,,0.0,,0.0,sturgian_hunter,3.0,main_or_minor_line,32.11280082681235,70.98865478119936,73.33333333333331,0.0,0.6818181818181818,0.5454545454545454,0.5,1.06,37.44864919556879,,30.469142573764625,,xml_structural,false
sturgian_veteran_bowman,Sturgian Veteran Bowman,26.0,sturgia,Ranged,2,120.0,60.0,60.0,150.0,40.0,80.0,60.0,130.0,False,False,True,False,True,False,45.1875,nordic_shortbow,109.5,40.0,sturgia_axe_4_t4,OneHandedAxe,axe,40.48,,0.0,,0.0,sturgian_hunter,3.0,main_or_minor_line,33.35855603130075,70.98865478119936,73.33333333333331,0.0,0.6818181818181818,0.5454545454545454,0.5,1.06,37.60995041215092,,30.645670668504206,,xml_structural,false
sturgian_veteran_bowman,Sturgian Veteran Bowman,26.0,sturgia,Ranged,3,120.0,60.0,60.0,150.0,40.0,80.0,60.0,130.0,False,False,True,False,True,False,43.0,nordic_shortbow,109.5,40.0,sturgia_axe_4_t4,OneHandedAxe,axe,40.48,,0.0,,0.0,sturgian_hunter,3.0,main_or_minor_line,31.74368817363059,70.98865478119936,73.33333333333331,0.0,0.6818181818181818,0.5454545454545454,0.5,1.06,37.400856242507416,,30.41683795310104,,xml_structural,false
sturgian_veteran_bowman,Sturgian Veteran Bowman,26.0,sturgia,Ranged,4,120.0,60.0,60.0,150.0,40.0,80.0,60.0,130.0,False,False,True,False,True,False,46.1875,nordic_shortbow,109.5,40.0,sturgia_axe_4_t4,OneHandedAxe,axe,40.48,,0.0,,0.0,sturgian_hunter,3.0,main_or_minor_line,34.096781337664254,70.98865478119936,73.33333333333331,0.0,0.6818181818181818,0.5454545454545454,0.5,1.06,37.70553631827366,,30.750279909831374,,xml_structural,false
sturgian_veteran_warrior,Sturgian Heavy Axeman,26.0,sturgia,Infantry,0,130.0,80.0,80.0,60.0,20.0,130.0,60.0,130.0,True,False,False,False,False,False,87.09285714285714,,0.0,0.0,sturgia_axe_4_t4,OneHandedAxe,axe,40.48,,0.0,,0.0,,,special_or_unlinked,64.29415114635843,0.0,73.33333333333331,0.0,0.2727272727272727,0.5909090909090909,0.8125,1.06,,60.16041082494684,38.335777447137026,,xml_structural,false
sturgian_veteran_warrior,Sturgian Heavy Axeman,26.0,sturgia,Infantry,1,130.0,80.0,80.0,60.0,20.0,130.0,60.0,130.0,True,False,False,False,False,False,84.53035714285714,,0.0,0.0,sturgia_axe_4_t4,OneHandedAxe,axe,40.48,,0.0,,0.0,,,special_or_unlinked,62.402448798801956,0.0,73.33333333333331,0.0,0.2727272727272727,0.5909090909090909,0.8125,1.06,,58.439434092770085,38.067716266236175,,xml_structural,false
sturgian_veteran_warrior,Sturgian Heavy Axeman,26.0,sturgia,Infantry,2,130.0,80.0,80.0,60.0,20.0,130.0,60.0,130.0,True,False,False,False,False,False,91.71785714285716,,0.0,0.0,sturgia_axe_4_t4,OneHandedAxe,axe,40.48,,0.0,,0.0,,,special_or_unlinked,67.70844318828965,0.0,73.33333333333331,0.0,0.2727272727272727,0.5909090909090909,0.8125,1.06,,63.26656395131462,38.81959518827515,,xml_structural,false
sturgian_warrior,Sturgian Warrior,11.0,sturgia,Infantry,0,40.0,20.0,40.0,15.0,5.0,20.0,15.0,40.0,True,False,False,False,False,False,22.189285714285717,,0.0,0.0,sturgia_axe_2_t2,OneHandedAxe,axe,40.48,,0.0,,0.0,sturgian_recruit,2.0,main_or_minor_line,16.380692244415854,0.0,73.33333333333331,0.0,0.25,0.25,0.25,1.015,,16.571128380559532,6.748120377760349,,xml_structural,false
sturgian_warrior,Sturgian Warrior,11.0,sturgia,Infantry,1,40.0,20.0,40.0,15.0,5.0,20.0,15.0,40.0,True,False,False,False,False,False,13.564285714285713,,0.0,0.0,sturgia_axe_2_t2,OneHandedAxe,axe,40.48,,0.0,,0.0,sturgian_recruit,2.0,main_or_minor_line,10.013498977030645,0.0,73.33333333333331,0.0,0.25,0.25,0.25,1.015,,10.778572550306112,5.845865671313573,,xml_structural,false
sturgian_warrior,Sturgian Warrior,11.0,sturgia,Infantry,2,40.0,20.0,40.0,15.0,5.0,20.0,15.0,40.0,True,False,False,False,False,False,27.564285714285717,,0.0,0.0,sturgia_axe_2_t2,OneHandedAxe,axe,40.48,,0.0,,0.0,sturgian_recruit,2.0,main_or_minor_line,20.348653266119676,0.0,73.33333333333331,0.0,0.25,0.25,0.25,1.015,,20.18098201390586,7.310395049893849,,xml_structural,false
sturgian_warrior_son,Sturgian Otrok,11.0,sturgia,Infantry,0,20.0,50.0,20.0,25.0,5.0,40.0,20.0,40.0,False,False,False,False,False,False,24.4375,,0.0,0.0,simple_sparth_axe_t2,TwoHandedAxe,axe,40.48,,0.0,,0.0,sturgian_warrior_son,1.0,noble_line,18.040380924258084,0.0,73.33333333333331,0.0,0.25,0.25,0.25,1.02,,,6.9833043685298115,,xml_structural,false
sturgian_warrior_son,Sturgian Otrok,11.0,sturgia,Infantry,1,20.0,50.0,20.0,25.0,5.0,40.0,20.0,40.0,False,False,False,False,False,False,27.375000000000007,,0.0,0.0,bearded_axe_t3,TwoHandedAxe,axe,40.48,,0.0,,0.0,sturgian_warrior_son,1.0,noble_line,20.208917761700878,0.0,73.33333333333331,0.0,0.25,0.25,0.25,1.02,,,7.290594014928352,,xml_structural,false
sword_sister,Sword Sister,21.0,empire,Infantry,0,,,,300.0,,,,,False,False,False,False,False,False,16.1875,,0.0,0.0,short_sword_t3,OneHandedSword,one_handed_sword,41.8,,0.0,,0.0,,,special_or_unlinked,11.95002214675919,0.0,75.72463768115942,0.0,1.15,,,1.0,,,,,xml_structural,false
tutorial_npc_advanced_melee_easy,Training Master,15.0,battania,Infantry,0,,,,,,,,,False,True,False,False,False,False,52.4375,,0.0,0.0,wooden_2hsword_t1,TwoHandedSword,two_handed_sword,55.2,,0.0,,0.0,,,special_or_unlinked,38.71068950243614,0.0,100.0,0.0,,,,1.08,,33.347931803053264,,,xml_structural,false
tutorial_npc_advanced_melee_easy,Training Master,15.0,battania,Infantry,1,,,,,,,,,False,True,False,False,False,False,33.0875,,0.0,0.0,wooden_2hsword_t1,TwoHandedSword,two_handed_sword,55.2,,0.0,,0.0,,,special_or_unlinked,24.426029824302375,0.0,100.0,0.0,,,,1.08,,20.35245872300647,,,xml_structural,false
tutorial_npc_advanced_melee_normal,Training Master,4.0,battania,Infantry,0,,,,,,,,,True,True,False,False,False,False,64.05,,0.0,0.0,wooden_sword_t1,OneHandedSword,one_handed_sword,41.8,,0.0,,0.0,,,special_or_unlinked,47.28333087258231,0.0,75.72463768115942,0.0,,,,1.08,,52.62864632035656,,,xml_structural,false
tutorial_npc_advanced_melee_normal,Training Master,4.0,battania,Infantry,1,,,,,,,,,True,True,False,False,False,False,52.08571428571429,,0.0,0.0,wooden_sword_t1,OneHandedSword,one_handed_sword,41.8,,0.0,,0.0,,,special_or_unlinked,38.45099238573327,0.0,75.72463768115942,0.0,,,,1.08,,44.5934239471272,,,xml_structural,false
tutorial_npc_basic_melee,Training Master,10.0,battania,Infantry,0,,,,,,,,,True,True,False,False,False,False,71.1125,,0.0,0.0,wooden_sword_t1,OneHandedSword,one_handed_sword,41.8,,0.0,,0.0,,,special_or_unlinked,52.497047098774544,0.0,75.72463768115942,0.0,,,,1.08,,57.371826094404646,,,xml_structural,false
tutorial_npc_basic_melee,Training Master,10.0,battania,Infantry,1,,,,,,,,,False,True,False,False,False,False,34.962500000000006,,0.0,0.0,wooden_sword_t1,OneHandedSword,one_handed_sword,41.8,,0.0,,0.0,,,special_or_unlinked,25.810202273733946,0.0,75.72463768115942,0.0,,,,1.08,,17.930957063523618,,,xml_structural,false
tutorial_npc_mounted_ai,Training Master,4.0,battania,Infantry,0,,,,,,,100.0,,True,True,False,False,False,False,64.05,,0.0,0.0,wooden_sword_t1,OneHandedSword,one_handed_sword,41.8,,0.0,,0.0,,,special_or_unlinked,47.28333087258231,0.0,75.72463768115942,0.0,,,,1.1800000000000002,,52.62864632035656,,,xml_structural,false
tutorial_npc_mounted_ai,Training Master,4.0,battania,Infantry,1,,,,,,,100.0,,True,True,False,False,False,False,52.08571428571429,,0.0,0.0,wooden_sword_t1,OneHandedSword,one_handed_sword,41.8,,0.0,,0.0,,,special_or_unlinked,38.45099238573327,0.0,75.72463768115942,0.0,,,,1.1800000000000002,,44.5934239471272,,,xml_structural,false
tutorial_placeholder_volunteer,Headman's Troop,21.0,empire,Cavalry,0,140.0,40.0,170.0,100.0,15.0,60.0,140.0,100.0,True,True,False,False,False,False,40.6325,,0.0,0.0,western_spear_3_t3,TwoHandedPolearm,two_handed_polearm,45.24,,0.0,,0.0,,,special_or_unlinked,29.995939760815,0.0,81.95652173913044,0.0,0.45454545454545453,0.7727272727272727,0.375,1.2200000000000002,,37.846347197410736,58.978989616344045,,xml_structural,false
tutorial_placeholder_volunteer,Headman's Troop,21.0,empire,Cavalry,1,140.0,40.0,170.0,100.0,15.0,60.0,140.0,100.0,True,True,False,False,False,False,40.945,,0.0,0.0,western_spear_3_t3,TwoHandedPolearm,two_handed_polearm,45.24,,0.0,,0.0,,,special_or_unlinked,30.226635169053594,0.0,81.95652173913044,0.0,0.45454545454545453,0.7727272727272727,0.375,1.2200000000000002,,38.0562224086518,59.0116800042588,,xml_structural,false
tutorial_placeholder_volunteer,Headman's Troop,21.0,empire,Cavalry,2,140.0,40.0,170.0,100.0,15.0,60.0,140.0,100.0,True,True,False,False,False,False,43.06999999999999,,0.0,0.0,western_spear_3_t3,TwoHandedPolearm,two_handed_polearm,45.24,,0.0,,0.0,,,special_or_unlinked,31.79536394507603,0.0,81.95652173913044,0.0,0.45454545454545453,0.7727272727272727,0.375,1.2200000000000002,,39.48337384509104,59.23397464207901,,xml_structural,false
tutorial_placeholder_volunteer,Headman's Troop,21.0,empire,Cavalry,3,140.0,40.0,170.0,100.0,15.0,60.0,140.0,100.0,True,True,False,False,False,False,40.6325,,0.0,0.0,western_spear_3_t3,TwoHandedPolearm,two_handed_polearm,45.24,,0.0,,0.0,,,special_or_unlinked,29.995939760815,0.0,81.95652173913044,0.0,0.45454545454545453,0.7727272727272727,0.375,1.2200000000000002,,37.846347197410736,58.978989616344045,,xml_structural,false
tutorial_placeholder_volunteer,Headman's Troop,21.0,empire,Cavalry,4,140.0,40.0,170.0,100.0,15.0,60.0,140.0,100.0,True,True,False,False,False,False,38.8825,,0.0,0.0,western_spear_3_t3,TwoHandedPolearm,two_handed_polearm,45.24,,0.0,,0.0,,,special_or_unlinked,28.70404547467887,0.0,81.95652173913044,0.0,0.45454545454545453,0.7727272727272727,0.375,1.2200000000000002,,36.671046014460764,58.79592344402152,,xml_structural,false
varyag,Sturgian Varyag,16.0,sturgia,Infantry,0,40.0,70.0,30.0,10.0,10.0,70.0,40.0,70.0,False,False,False,False,False,False,36.8125,,0.0,0.0,northern_axe_t3,TwoHandedAxe,axe,40.48,,0.0,,0.0,sturgian_warrior_son,2.0,noble_line,27.175919090506422,0.0,73.33333333333331,0.0,0.25,0.3181818181818182,0.4375,1.04,,,13.237472470515552,,xml_structural,false
varyag,Sturgian Varyag,16.0,sturgia,Infantry,1,40.0,70.0,30.0,10.0,10.0,70.0,40.0,70.0,False,False,False,False,False,False,24.499999999999996,,0.0,0.0,sturgia_2haxe_1_t4,TwoHandedAxe,axe,40.48,,0.0,,0.0,sturgian_warrior_son,2.0,noble_line,18.086520005905797,0.0,73.33333333333331,0.0,0.25,0.3181818181818182,0.4375,1.04,,,11.949471186674861,,xml_structural,false
varyag_veteran,Sturgian Varyag Guard,21.0,sturgia,Infantry,0,100.0,100.0,60.0,35.0,15.0,80.0,80.0,100.0,False,False,False,False,False,False,35.4375,,0.0,0.0,,,,0.0,,0.0,,0.0,sturgian_warrior_son,3.0,noble_line,26.160859294256607,0.0,0.0,0.0,0.25,0.45454545454545453,0.5,1.08,,,,,xml_structural,false
varyag_veteran,Sturgian Varyag Guard,21.0,sturgia,Infantry,1,100.0,100.0,60.0,35.0,15.0,80.0,80.0,100.0,False,False,False,False,False,False,55.8125,,0.0,0.0,,,,0.0,,0.0,,0.0,sturgian_warrior_son,3.0,noble_line,41.20219991141296,0.0,0.0,0.0,0.25,0.45454545454545453,0.5,1.08,,,,,xml_structural,false
varyag_veteran,Sturgian Varyag Guard,21.0,sturgia,Infantry,2,100.0,100.0,60.0,35.0,15.0,80.0,80.0,100.0,False,False,False,False,False,False,36.6875,,0.0,0.0,,,,0.0,,0.0,,0.0,sturgian_warrior_son,3.0,noble_line,27.083640927210983,0.0,0.0,0.0,0.25,0.45454545454545453,0.5,1.08,,,,,xml_structural,false
veteran_borrowed_troop,Veteran Borrowed Troop,11.0,empire,Infantry,0,50.0,50.0,50.0,,,50.0,,,True,False,False,False,False,False,13.501785714285713,,0.0,0.0,falchion_sword_t2,OneHandedSword,one_handed_sword,41.8,,0.0,,0.0,borrowed_troop,2.0,main_or_minor_line,9.967359895382927,0.0,75.72463768115942,0.0,,0.25,0.3125,1.0,,11.09917913966586,6.4323266822761,,xml_structural,false
veteran_borrowed_troop,Veteran Borrowed Troop,11.0,empire,Infantry,1,50.0,50.0,50.0,,,50.0,,,True,False,False,False,False,False,13.501785714285713,,0.0,0.0,simple_back_sword_t2,OneHandedSword,one_handed_sword,41.8,,0.0,,0.0,borrowed_troop,2.0,main_or_minor_line,9.967359895382927,0.0,75.72463768115942,0.0,,0.25,0.3125,1.0,,11.09917913966586,6.4323266822761,,xml_structural,false
veteran_fighter,Veteran Fighter,16.0,empire,Infantry,0,,,,300.0,,,,,False,False,False,False,False,False,16.1875,,0.0,0.0,short_sword_t3,OneHandedSword,one_handed_sword,41.8,,0.0,,0.0,,,special_or_unlinked,11.95002214675919,0.0,75.72463768115942,0.0,1.15,,,1.0,,,,,xml_structural,false
vlandian_banner_knight,Vlandian Banner Knight,31.0,vlandia,Cavalry,0,220.0,60.0,260.0,25.0,60.0,30.0,200.0,60.0,True,True,False,False,False,False,132.7725,,0.0,0.0,sturgia_axe_5_t5,OneHandedAxe,axe,40.48,,0.0,,0.0,vlandian_squire,5.0,noble_line,98.01601948914808,0.0,73.33333333333331,0.0,0.2727272727272727,1.15,0.25,1.25,,98.42014214319386,89.45139303519869,,xml_structural,false
vlandian_banner_knight,Vlandian Banner Knight,31.0,vlandia,Cavalry,1,220.0,60.0,260.0,25.0,60.0,30.0,200.0,60.0,True,True,False,False,False,False,134.585,,0.0,0.0,vlandia_sword_3_t4,OneHandedSword,one_handed_sword,41.8,,0.0,,0.0,vlandian_squire,5.0,noble_line,99.35405285693193,0.0,75.72463768115942,0.0,0.2727272727272727,1.15,0.25,1.25,,100.0,92.36879309241334,,xml_structural,false
vlandian_banner_knight,Vlandian Banner Knight,31.0,vlandia,Cavalry,2,220.0,60.0,260.0,25.0,60.0,30.0,200.0,60.0,True,True,False,False,False,False,135.46,,0.0,0.0,vlandia_mace_2_t4,Mace,mace,38.7,,0.0,,0.0,vlandian_squire,5.0,noble_line,100.0,0.0,70.10869565217392,0.0,0.2727272727272727,1.15,0.25,1.25,,99.7361331233048,86.05413905534857,,xml_structural,false
vlandian_billman,Vlandian Billman,21.0,vlandia,Infantry,0,90.0,100.0,100.0,15.0,35.0,75.0,60.0,110.0,False,False,False,False,False,False,39.5625,,0.0,0.0,vlandia_2haxe_1_t4,TwoHandedAxe,axe,40.48,,0.0,,0.0,vlandian_recruit,4.0,main_or_minor_line,29.206038683006053,0.0,73.33333333333331,0.0,0.25,0.45454545454545453,0.46875,1.06,,,23.44440536528945,,xml_structural,false
vlandian_billman,Vlandian Billman,21.0,vlandia,Infantry,1,90.0,100.0,100.0,15.0,35.0,75.0,60.0,110.0,False,False,False,False,False,False,39.5,,0.0,0.0,vlandia_2haxe_1_t4,TwoHandedAxe,axe,40.48,,0.0,,0.0,vlandian_recruit,4.0,main_or_minor_line,29.159899601358333,0.0,73.33333333333331,0.0,0.25,0.45454545454545453,0.46875,1.06,,,23.437867287706506,,xml_structural,false
vlandian_billman,Vlandian Billman,21.0,vlandia,Infantry,2,90.0,100.0,100.0,15.0,35.0,75.0,60.0,110.0,False,False,False,False,False,False,32.0625,,0.0,0.0,vlandia_2haxe_1_t4,TwoHandedAxe,axe,40.48,,0.0,,0.0,vlandian_recruit,4.0,main_or_minor_line,23.669348885279785,0.0,73.33333333333331,0.0,0.25,0.45454545454545453,0.46875,1.06,,,22.65983605533573,,xml_structural,false
vlandian_cavalry,Vlandian Cavalry,21.0,vlandia,Cavalry,0,80.0,45.0,110.0,40.0,90.0,30.0,120.0,60.0,True,True,False,False,False,False,64.39428571428573,,0.0,0.0,western_spear_3_t3,TwoHandedPolearm,two_handed_polearm,45.24,,0.0,,0.0,vlandian_recruit,4.0,main_or_minor_line,47.53749129948746,0.0,81.95652173913044,0.0,0.4090909090909091,0.5,0.25,1.2000000000000002,,53.80477854541283,39.2933872273726,,xml_structural,false
vlandian_cavalry,Vlandian Cavalry,21.0,vlandia,Cavalry,1,80.0,45.0,110.0,40.0,90.0,30.0,120.0,60.0,True,True,False,False,False,False,68.45678571428572,,0.0,0.0,western_spear_3_t3,TwoHandedPolearm,two_handed_polearm,45.24,,0.0,,0.0,vlandian_recruit,4.0,main_or_minor_line,50.536531606589186,0.0,81.95652173913044,0.0,0.4090909090909091,0.5,0.25,1.2000000000000002,,56.533156291546696,39.7183622702642,,xml_structural,false
vlandian_cavalry,Vlandian Cavalry,21.0,vlandia,Cavalry,2,80.0,45.0,110.0,40.0,90.0,30.0,120.0,60.0,True,True,False,False,False,False,65.64428571428572,,0.0,0.0,western_spear_3_t3,TwoHandedPolearm,two_handed_polearm,45.24,,0.0,,0.0,vlandian_recruit,4.0,main_or_minor_line,48.46027293244184,0.0,81.95652173913044,0.0,0.4090909090909091,0.5,0.25,1.2000000000000002,,54.6442793903771,39.42414877903154,,xml_structural,false
vlandian_champion,Vlandian Champion,26.0,vlandia,Cavalry,0,130.0,60.0,160.0,20.0,50.0,80.0,130.0,80.0,True,True,False,False,False,False,116.59571428571428,,0.0,0.0,vlandia_lance_3_t5,TwoHandedPolearm,two_handed_polearm,45.24,,0.0,,0.0,vlandian_squire,4.0,noble_line,86.07390689924279,0.0,81.95652173913044,0.0,0.25,0.7272727272727273,0.5,1.21,,88.86329326065756,63.23022637069173,,xml_structural,false
vlandian_champion,Vlandian Champion,26.0,vlandia,Cavalry,1,130.0,60.0,160.0,20.0,50.0,80.0,130.0,80.0,True,True,False,False,False,False,122.72071428571428,,0.0,0.0,vlandia_lance_3_t5,TwoHandedPolearm,two_handed_polearm,45.24,,0.0,,0.0,vlandian_squire,4.0,noble_line,90.59553690071922,0.0,81.95652173913044,0.0,0.25,0.7272727272727273,0.5,1.21,,92.97684740098242,63.87095797382059,,xml_structural,false
vlandian_champion,Vlandian Champion,26.0,vlandia,Cavalry,2,130.0,60.0,160.0,20.0,50.0,80.0,130.0,80.0,True,True,False,False,False,False,113.72071428571428,,0.0,0.0,vlandia_lance_3_t5,TwoHandedPolearm,two_handed_polearm,45.24,,0.0,,0.0,vlandian_squire,4.0,noble_line,83.95150914344771,0.0,81.95652173913044,0.0,0.25,0.7272727272727273,0.5,1.21,,86.93244131723974,62.92947480187612,,xml_structural,false
vlandian_footman,Vlandian Footman,11.0,vlandia,Infantry,0,40.0,20.0,40.0,5.0,20.0,15.0,15.0,40.0,True,False,False,False,False,False,40.88392857142857,,0.0,0.0,western_spear_2_t2,TwoHandedPolearm,two_handed_polearm,45.24,,0.0,,0.0,vlandian_recruit,2.0,main_or_minor_line,30.18155069498639,0.0,81.95652173913044,0.0,0.25,0.25,0.25,1.015,,30.433954498683416,10.842143436561987,,xml_structural,false
vlandian_footman,Vlandian Footman,11.0,vlandia,Infantry,1,40.0,20.0,40.0,5.0,20.0,15.0,15.0,40.0,True,False,False,False,False,False,46.50892857142857,,0.0,0.0,western_spear_2_t2,TwoHandedPolearm,two_handed_polearm,45.24,,0.0,,0.0,vlandian_recruit,2.0,main_or_minor_line,34.33406804328109,0.0,81.95652173913044,0.0,0.25,0.25,0.25,1.015,,34.21170830102259,11.430570419027278,,xml_structural,false
vlandian_footman,Vlandian Footman,11.0,vlandia,Infantry,2,40.0,20.0,40.0,5.0,20.0,15.0,15.0,40.0,True,False,False,False,False,False,41.38392857142857,,0.0,0.0,western_spear_1_t2,TwoHandedPolearm,two_handed_polearm,45.24,,0.0,,0.0,vlandian_recruit,2.0,main_or_minor_line,30.550663348168143,0.0,81.95652173913044,0.0,0.25,0.25,0.25,1.015,,30.76975483666912,10.894448057225574,,xml_structural,false
vlandian_gallant,Vlandian Gallant,16.0,vlandia,Cavalry,0,100.0,30.0,100.0,10.0,10.0,10.0,70.0,30.0,True,True,False,False,False,False,68.82464285714286,,0.0,0.0,vlandia_sword_2_t3,OneHandedSword,one_handed_sword,41.8,,0.0,,0.0,vlandian_squire,2.0,noble_line,50.80809305857291,0.0,75.72463768115942,0.0,0.25,0.45454545454545453,0.25,1.1500000000000001,,55.83529969073578,33.25182322224496,,xml_structural,false
vlandian_gallant,Vlandian Gallant,16.0,vlandia,Cavalry,1,100.0,30.0,100.0,10.0,10.0,10.0,70.0,30.0,True,True,False,False,False,False,72.32464285714286,,0.0,0.0,vlandia_sword_2_t3,OneHandedSword,one_handed_sword,41.8,,0.0,,0.0,vlandian_squire,2.0,noble_line,53.39188163084516,0.0,75.72463768115942,0.0,0.25,0.45454545454545453,0.25,1.1500000000000001,,58.185902056635705,33.61795556689003,,xml_structural,false
vlandian_infantry,Vlandian Shipmate,16.0,vlandia,Ranged,0,70.0,40.0,70.0,10.0,70.0,30.0,40.0,70.0,False,False,False,True,True,False,18.8125,crossbow_e,131.0,18.0,vlandia_sword_2_t3,OneHandedSword,one_handed_sword,41.8,,0.0,,0.0,vlandian_recruit,3.0,main_or_minor_line,13.887863575963383,84.92706645056727,75.72463768115942,0.0,0.3181818181818182,0.3181818181818182,0.25,1.04,11.655728998124356,,12.109232239320864,,xml_structural,false
vlandian_infantry,Vlandian Shipmate,16.0,vlandia,Ranged,1,70.0,40.0,70.0,10.0,70.0,30.0,40.0,70.0,False,False,False,True,True,False,24.25,crossbow_e,131.0,18.0,vlandia_axe_1_t3,OneHandedAxe,axe,40.48,,0.0,,0.0,vlandian_recruit,3.0,main_or_minor_line,17.901963679314925,84.92706645056727,73.33333333333331,0.0,0.3181818181818182,0.3181818181818182,0.25,1.04,12.175477362666767,,11.923318876343071,,xml_structural,false
vlandian_infantry,Vlandian Shipmate,16.0,vlandia,Ranged,2,70.0,40.0,70.0,10.0,70.0,30.0,40.0,70.0,False,False,False,True,True,False,17.5625,crossbow_e,131.0,18.0,vlandia_axe_1_t3,OneHandedAxe,axe,40.48,,0.0,,0.0,vlandian_recruit,3.0,main_or_minor_line,12.965081943009006,84.92706645056727,73.33333333333331,0.0,0.3181818181818182,0.3181818181818182,0.25,1.04,11.536246615470931,,11.223744574967672,,xml_structural,false
vlandian_knight,Vlandian Knight,21.0,vlandia,Cavalry,0,100.0,60.0,110.0,45.0,45.0,15.0,100.0,90.0,True,True,False,False,False,False,91.77428571428571,,0.0,0.0,vlandia_lance_2_t4,TwoHandedPolearm,two_handed_polearm,45.24,,0.0,,0.0,vlandian_squire,3.0,noble_line,67.75010018772014,0.0,81.95652173913044,0.0,0.25,0.5,0.25,1.1800000000000002,,72.19320505351004,42.15758825491031,,xml_structural,false
vlandian_knight,Vlandian Knight,21.0,vlandia,Cavalry,1,100.0,60.0,110.0,45.0,45.0,15.0,100.0,90.0,True,True,False,False,False,False,99.64928571428572,,0.0,0.0,vlandia_lance_2_t4,TwoHandedPolearm,two_handed_polearm,45.24,,0.0,,0.0,vlandian_squire,3.0,noble_line,73.56362447533273,0.0,81.95652173913044,0.0,0.25,0.5,0.25,1.1800000000000002,,77.48206037678491,42.98138603036171,,xml_structural,false
vlandian_knight,Vlandian Knight,21.0,vlandia,Cavalry,2,100.0,60.0,110.0,45.0,45.0,15.0,100.0,90.0,True,True,False,False,False,False,99.64928571428571,,0.0,0.0,vlandia_lance_2_t4,TwoHandedPolearm,two_handed_polearm,45.24,,0.0,,0.0,vlandian_squire,3.0,noble_line,73.56362447533272,0.0,81.95652173913044,0.0,0.25,0.5,0.25,1.1800000000000002,,77.4820603767849,42.98138603036171,,xml_structural,false
vlandian_levy_crossbowman,Vlandian Levy Crossbowman,11.0,vlandia,Ranged,0,40.0,15.0,20.0,5.0,40.0,15.0,20.0,40.0,False,False,False,True,True,False,8.25,crossbow_a,116.5,20.0,vlandia_sword_1_t2,OneHandedSword,one_handed_sword,41.8,,0.0,,0.0,vlandian_recruit,2.0,main_or_minor_line,6.090358777498892,75.52674230145867,75.72463768115942,0.0,0.25,0.25,0.25,1.02,1.7142947522870278,,5.882941363091842,,xml_structural,false
vlandian_levy_crossbowman,Vlandian Levy Crossbowman,11.0,vlandia,Ranged,1,40.0,15.0,20.0,5.0,40.0,15.0,20.0,40.0,False,False,False,True,True,False,9.1875,crossbow_a,116.5,20.0,vlandia_sword_1_t2,OneHandedSword,one_handed_sword,41.8,,0.0,,0.0,vlandian_recruit,2.0,main_or_minor_line,6.782445002214676,75.52674230145867,75.72463768115942,0.0,0.25,0.25,0.25,1.02,1.8039065392770979,,5.981012526836055,,xml_structural,false
vlandian_levy_crossbowman,Vlandian Levy Crossbowman,11.0,vlandia,Ranged,2,40.0,15.0,20.0,5.0,40.0,15.0,20.0,40.0,False,False,False,True,True,False,13.437500000000002,crossbow_a,116.5,20.0,vlandia_sword_1_t2,OneHandedSword,one_handed_sword,41.8,,0.0,,0.0,vlandian_recruit,2.0,main_or_minor_line,9.919902554259561,75.52674230145867,75.72463768115942,0.0,0.25,0.25,0.25,1.02,2.2101466402987513,,6.425601802476496,,xml_structural,false
vlandian_levy_crossbowman,Vlandian Levy Crossbowman,11.0,vlandia,Ranged,3,40.0,15.0,20.0,5.0,40.0,15.0,20.0,40.0,False,False,False,True,True,False,10.062499999999998,crossbow_a,116.5,20.0,vlandia_sword_1_t2,OneHandedSword,one_handed_sword,41.8,,0.0,,0.0,vlandian_recruit,2.0,main_or_minor_line,7.428392145282738,75.52674230145867,75.72463768115942,0.0,0.25,0.25,0.25,1.02,1.8875442071344979,,6.072545612997324,,xml_structural,false
vlandian_light_cavalry,Vlandian Light Cavalry,16.0,vlandia,Cavalry,0,70.0,40.0,80.0,30.0,60.0,25.0,60.0,30.0,True,True,False,False,False,False,48.055,,0.0,0.0,western_spear_4_t3,TwoHandedPolearm,two_handed_polearm,45.24,,0.0,,0.0,vlandian_recruit,3.0,main_or_minor_line,35.47541709729809,0.0,81.95652173913044,0.0,0.2727272727272727,0.36363636363636365,0.25,1.1400000000000001,,42.83130321480852,26.498494562412674,,xml_structural,false
vlandian_light_cavalry,Vlandian Light Cavalry,16.0,vlandia,Cavalry,1,70.0,40.0,80.0,30.0,60.0,25.0,60.0,30.0,True,True,False,False,False,False,47.055,,0.0,0.0,western_spear_4_t3,TwoHandedPolearm,two_handed_polearm,45.24,,0.0,,0.0,vlandian_recruit,3.0,main_or_minor_line,34.73719179093459,0.0,81.95652173913044,0.0,0.2727272727272727,0.36363636363636365,0.25,1.1400000000000001,,42.15970253883711,26.393885321085506,,xml_structural,false
vlandian_light_cavalry,Vlandian Light Cavalry,16.0,vlandia,Cavalry,2,70.0,40.0,80.0,30.0,60.0,25.0,60.0,30.0,True,True,False,False,False,False,46.3675,,0.0,0.0,western_spear_4_t3,TwoHandedPolearm,two_handed_polearm,45.24,,0.0,,0.0,vlandian_recruit,3.0,main_or_minor_line,34.22966189280968,0.0,81.95652173913044,0.0,0.2727272727272727,0.36363636363636365,0.25,1.1400000000000001,,41.697977074106774,26.32196646767309,,xml_structural,false
vlandian_marine_t4,Vlandian Seafarer,21.0,vlandia,Ranged,0,100.0,45.0,45.0,15.0,100.0,60.0,60.0,100.0,True,False,False,True,True,False,40.375,crossbow_g,142.0,18.0,vlandia_sword_2_t3,OneHandedSword,one_handed_sword,41.8,,0.0,,0.0,vlandian_recruit,4.0,main_or_minor_line,29.805846744426397,92.05834683954619,75.72463768115942,0.0,0.45454545454545453,0.45454545454545453,0.375,1.06,34.015164173902185,29.14724801947614,24.60758053485954,,xml_structural,false
vlandian_marine_t4,Vlandian Seafarer,21.0,vlandia,Ranged,1,100.0,45.0,45.0,15.0,100.0,60.0,60.0,100.0,True,False,False,True,True,False,44.3125,crossbow_g,142.0,18.0,vlandia_sword_2_t3,OneHandedSword,one_handed_sword,41.8,,0.0,,0.0,vlandian_recruit,4.0,main_or_minor_line,32.71260888823269,92.05834683954619,75.72463768115942,0.0,0.45454545454545453,0.45454545454545453,0.375,1.06,34.39153367926049,31.791675681113567,25.01947942258524,,xml_structural,false
vlandian_marine_t4,Vlandian Seafarer,21.0,vlandia,Ranged,2,100.0,45.0,45.0,15.0,100.0,60.0,60.0,100.0,True,False,False,True,True,False,30.0625,crossbow_g,142.0,18.0,vlandia_sword_2_t3,OneHandedSword,one_handed_sword,41.8,,0.0,,0.0,vlandian_recruit,4.0,main_or_minor_line,22.19289827255278,92.05834683954619,75.72463768115942,0.0,0.45454545454545453,0.45454545454545453,0.375,1.06,33.02943451701142,22.221366048520977,23.528797733673173,,xml_structural,false
vlandian_marine_t5,Vlandian Marinier,26.0,vlandia,Ranged,0,100.0,130.0,80.0,20.0,150.0,60.0,80.0,130.0,False,False,False,True,True,False,37.6875,crossbow_g,147.5,36.0,western_2hsword_t4,TwoHandedSword,two_handed_sword,55.2,,0.0,,0.0,vlandian_recruit,5.0,main_or_minor_line,27.821866233574486,95.62398703403565,100.0,0.0,0.6818181818181818,0.5909090909090909,0.375,1.08,56.19176151414801,,48.79786564069673,,xml_structural,false
vlandian_marine_t5,Vlandian Marinier,26.0,vlandia,Ranged,1,100.0,130.0,80.0,20.0,150.0,60.0,80.0,130.0,False,False,False,True,True,False,36.5,crossbow_g,147.5,36.0,western_2hsword_t4,TwoHandedSword,two_handed_sword,55.2,,0.0,,0.0,vlandian_recruit,5.0,main_or_minor_line,26.945223682267827,95.62398703403565,100.0,0.0,0.6818181818181818,0.5909090909090909,0.375,1.08,56.078253250627256,,48.67364216662073,,xml_structural,false
vlandian_marine_t5,Vlandian Marinier,26.0,vlandia,Ranged,2,100.0,130.0,80.0,20.0,150.0,60.0,80.0,130.0,False,False,False,True,True,False,45.6875,crossbow_g,147.5,36.0,western_2hsword_t4,TwoHandedSword,two_handed_sword,55.2,,0.0,,0.0,vlandian_recruit,5.0,main_or_minor_line,33.7276686844825,95.62398703403565,100.0,0.0,0.6818181818181818,0.5909090909090909,0.375,1.08,56.95644876312995,,49.634739571314036,,xml_structural,false
vlandian_marine_t5,Vlandian Marinier,26.0,vlandia,Ranged,3,100.0,130.0,80.0,20.0,150.0,60.0,80.0,130.0,False,False,False,True,True,False,46.18749999999999,crossbow_g,147.5,36.0,western_2hsword_t4,TwoHandedSword,two_handed_sword,55.2,,0.0,,0.0,vlandian_recruit,5.0,main_or_minor_line,34.09678133766425,95.62398703403565,100.0,0.0,0.6818181818181818,0.5909090909090909,0.375,1.08,57.00424171619132,,49.687044191977606,,xml_structural,false
vlandian_militia_archer,Vlandian Militia Crossbowman,11.0,vlandia,Ranged,0,,,,,,,,,False,False,False,True,True,False,7.5625,crossbow_a,121.5,40.0,peasant_pickaxe_1_t1,OneHandedAxe,axe,40.48,,0.0,,0.0,,,special_or_unlinked,5.582828879373984,78.76823338735818,73.33333333333331,0.0,,,,1.0,,,,,xml_structural,false
vlandian_militia_archer,Vlandian Militia Crossbowman,11.0,vlandia,Ranged,1,,,,,,,,,False,False,False,True,True,False,6.375,crossbow_a,121.5,40.0,peasant_hatchet_1_t1,OneHandedAxe,axe,40.48,,0.0,,0.0,,,special_or_unlinked,4.706186328067326,78.76823338735818,73.33333333333331,0.0,,,,1.0,,,,,xml_structural,false
vlandian_militia_archer,Vlandian Militia Crossbowman,11.0,vlandia,Ranged,2,,,,,,,,,False,False,False,True,True,False,8.375,crossbow_a,121.5,40.0,peasant_hammer_1_t1,Mace,mace,38.7,,0.0,,0.0,,,special_or_unlinked,6.18263694079433,78.76823338735818,70.10869565217392,0.0,,,,1.0,,,,,xml_structural,false
vlandian_militia_archer,Vlandian Militia Crossbowman,11.0,vlandia,Ranged,3,,,,,,,,,False,False,False,True,True,False,8.375,crossbow_a,121.5,40.0,peasant_hammer_1_t1,Mace,mace,38.7,,0.0,,0.0,,,special_or_unlinked,6.18263694079433,78.76823338735818,70.10869565217392,0.0,,,,1.0,,,,,xml_structural,false
vlandian_militia_spearman,Vlandian Militia Spearman,11.0,vlandia,Infantry,0,,,,,,,,,True,False,False,False,False,False,19.73392857142857,,0.0,0.0,western_spear_2_t2,TwoHandedPolearm,two_handed_polearm,45.24,,0.0,,0.0,,,special_or_unlinked,14.568085465398324,0.0,81.95652173913044,0.0,,,,1.0,,16.22960020188808,,,xml_structural,false
vlandian_militia_spearman,Vlandian Militia Spearman,11.0,vlandia,Infantry,1,,,,,,,,,True,False,False,False,False,False,35.62857142857143,,0.0,0.0,peasant_pitchfork_1_t1,TwoHandedPolearm,two_handed_polearm,45.24,,0.0,,0.0,,,special_or_unlinked,26.30191305815106,0.0,81.95652173913044,0.0,,,,1.0,,26.904453089069367,,,xml_structural,false
vlandian_militia_spearman,Vlandian Militia Spearman,11.0,vlandia,Infantry,2,,,,,,,,,True,False,False,False,False,False,18.73392857142857,,0.0,0.0,western_spear_1_t2,TwoHandedPolearm,two_handed_polearm,45.24,,0.0,,0.0,,,special_or_unlinked,13.829860159034823,0.0,81.95652173913044,0.0,,,,1.0,,15.557999525916669,,,xml_structural,false
vlandian_militia_spearman,Vlandian Militia Spearman,11.0,vlandia,Infantry,3,,,,,,,,,True,False,False,False,False,False,18.73392857142857,,0.0,0.0,western_spear_1_t2,TwoHandedPolearm,two_handed_polearm,45.24,,0.0,,0.0,,,special_or_unlinked,13.829860159034823,0.0,81.95652173913044,0.0,,,,1.0,,15.557999525916669,,,xml_structural,false
vlandian_militia_veteran_archer,Vlandian Militia Veteran Crossbowman,16.0,vlandia,Ranged,0,,,,,,,,,False,False,False,True,True,False,17.437500000000004,crossbow_c,145.4,40.0,vlandia_sword_1_t2,OneHandedSword,one_handed_sword,41.8,,0.0,,0.0,,,special_or_unlinked,12.872803779713571,94.26256077795786,75.72463768115942,0.0,,,,1.0,,,,,xml_structural,false
vlandian_militia_veteran_archer,Vlandian Militia Veteran Crossbowman,16.0,vlandia,Ranged,1,,,,,,,,,False,False,False,True,True,False,19.125,crossbow_c,145.4,40.0,vlandia_sword_1_t2,OneHandedSword,one_handed_sword,41.8,,0.0,,0.0,,,special_or_unlinked,14.118558984201977,94.26256077795786,75.72463768115942,0.0,,,,1.0,,,,,xml_structural,false
vlandian_militia_veteran_archer,Vlandian Militia Veteran Crossbowman,16.0,vlandia,Ranged,2,,,,,,,,,False,False,False,True,True,False,16.6875,crossbow_c,145.4,40.0,vlandia_sword_1_t2,OneHandedSword,one_handed_sword,41.8,,0.0,,0.0,,,special_or_unlinked,12.319134799940942,94.26256077795786,75.72463768115942,0.0,,,,1.0,,,,,xml_structural,false
vlandian_militia_veteran_archer,Vlandian Militia Veteran Crossbowman,16.0,vlandia,Ranged,3,,,,,,,,,False,False,False,True,True,False,16.3125,crossbow_c,145.4,40.0,vlandia_sword_1_t2,OneHandedSword,one_handed_sword,41.8,,0.0,,0.0,,,special_or_unlinked,12.042300310054628,94.26256077795786,75.72463768115942,0.0,,,,1.0,,,,,xml_structural,false
vlandian_militia_veteran_spearman,Vlandian Militia Veteran Spearman,16.0,vlandia,Infantry,0,,,,,,,,,True,False,False,False,False,False,49.37857142857143,,0.0,0.0,western_spear_1_t2,TwoHandedPolearm,two_handed_polearm,45.24,,0.0,,0.0,,,special_or_unlinked,36.45251102064922,0.0,81.95652173913044,0.0,,,,1.0,,36.13896238367627,,,xml_structural,false
vlandian_militia_veteran_spearman,Vlandian Militia Veteran Spearman,16.0,vlandia,Infantry,1,,,,,,,,,True,False,False,False,False,False,29.67142857142857,,0.0,0.0,western_spear_3_t3,TwoHandedPolearm,two_handed_polearm,45.24,,0.0,,0.0,,,special_or_unlinked,21.904199447385626,0.0,81.95652173913044,0.0,,,,1.0,,22.903631919353966,,,xml_structural,false
vlandian_militia_veteran_spearman,Vlandian Militia Veteran Spearman,16.0,vlandia,Infantry,2,,,,,,,,,True,False,False,False,False,False,23.42142857142857,,0.0,0.0,western_spear_1_t2,TwoHandedPolearm,two_handed_polearm,45.24,,0.0,,0.0,,,special_or_unlinked,17.290291282613737,0.0,81.95652173913044,0.0,,,,1.0,,18.70612769453265,,,xml_structural,false
vlandian_militia_veteran_spearman,Vlandian Militia Veteran Spearman,16.0,vlandia,Infantry,3,,,,,,,,,True,False,False,False,False,False,29.858928571428578,,0.0,0.0,western_spear_2_t2,TwoHandedPolearm,two_handed_polearm,45.24,,0.0,,0.0,,,special_or_unlinked,22.04261669232879,0.0,81.95652173913044,0.0,,,,1.0,,23.02955704609861,,,xml_structural,false
vlandian_pikeman,Vlandian Captain,26.0,vlandia,Infantry,0,80.0,130.0,130.0,20.0,60.0,110.0,60.0,130.0,False,False,False,False,False,False,61.0625,,0.0,0.0,vlandia_2hsword_1_t5,TwoHandedSword,two_handed_sword,55.2,,0.0,,0.0,vlandian_recruit,5.0,main_or_minor_line,45.07788276982134,0.0,100.0,0.0,0.2727272727272727,0.5909090909090909,0.6875,1.06,,,51.243106656719135,,xml_structural,false
vlandian_pikeman,Vlandian Captain,26.0,vlandia,Infantry,1,80.0,130.0,130.0,20.0,60.0,110.0,60.0,130.0,False,False,False,False,False,False,49.8125,,0.0,0.0,,,,0.0,,0.0,,0.0,vlandian_recruit,5.0,main_or_minor_line,36.77284807323195,0.0,0.0,0.0,0.2727272727272727,0.5909090909090909,0.6875,1.06,,,,,xml_structural,false
vlandian_pikeman,Vlandian Captain,26.0,vlandia,Infantry,2,80.0,130.0,130.0,20.0,60.0,110.0,60.0,130.0,False,False,False,False,False,False,39.8125,,0.0,0.0,vlandia_2hsword_1_t5,TwoHandedSword,two_handed_sword,55.2,,0.0,,0.0,vlandian_recruit,5.0,main_or_minor_line,29.39059500959693,0.0,100.0,0.0,0.2727272727272727,0.5909090909090909,0.6875,1.06,,,49.02016027851694,,xml_structural,false
vlandian_recruit,Vlandian Recruit,6.0,vlandia,Infantry,0,20.0,10.0,20.0,5.0,5.0,5.0,5.0,20.0,False,False,False,False,False,False,6.687500000000001,,0.0,0.0,vlandia_sword_1_t2,OneHandedSword,one_handed_sword,41.8,,0.0,,0.0,vlandian_recruit,1.0,main_or_minor_line,4.936881736305921,0.0,75.72463768115942,0.0,0.25,0.25,0.25,1.005,,,5.719489423518149,,xml_structural,false
vlandian_recruit,Vlandian Recruit,6.0,vlandia,Infantry,1,20.0,10.0,20.0,5.0,5.0,5.0,5.0,20.0,False,False,False,False,False,False,6.250000000000001,,0.0,0.0,peasant_pickaxe_1_t1,OneHandedAxe,axe,40.48,,0.0,,0.0,vlandian_recruit,1.0,main_or_minor_line,4.613908164771889,0.0,73.33333333333331,0.0,0.25,0.25,0.25,1.005,,,5.080723791892042,,xml_structural,false
vlandian_recruit,Vlandian Recruit,6.0,vlandia,Infantry,2,20.0,10.0,20.0,5.0,5.0,5.0,5.0,20.0,False,False,False,False,False,False,6.750000000000002,,0.0,0.0,vlandia_mace_1_t2,Mace,mace,38.7,,0.0,,0.0,vlandian_recruit,1.0,main_or_minor_line,4.983020817953641,0.0,70.10869565217392,0.0,0.25,0.25,0.25,1.005,,,4.33337812648674,,xml_structural,false
vlandian_sergeant,Vlandian Sergeant,26.0,vlandia,Infantry,0,130.0,60.0,130.0,20.0,60.0,80.0,80.0,130.0,True,False,False,False,False,False,65.6125,,0.0,0.0,western_spear_4_t4,TwoHandedPolearm,two_handed_polearm,45.24,,0.0,,0.0,vlandian_recruit,5.0,main_or_minor_line,48.43680791377528,0.0,81.95652173913044,0.0,0.2727272727272727,0.5909090909090909,0.5,1.08,,47.04167978591931,41.14311148921128,,xml_structural,false
vlandian_sergeant,Vlandian Sergeant,26.0,vlandia,Infantry,1,130.0,60.0,130.0,20.0,60.0,80.0,80.0,130.0,True,False,False,False,False,False,67.925,,0.0,0.0,western_spear_4_t4,TwoHandedPolearm,two_handed_polearm,45.24,,0.0,,0.0,vlandian_recruit,5.0,main_or_minor_line,50.14395393474088,0.0,81.95652173913044,0.0,0.2727272727272727,0.5909090909090909,0.5,1.08,,48.59475634910318,41.38502035978034,,xml_structural,false
vlandian_sergeant,Vlandian Sergeant,26.0,vlandia,Infantry,2,130.0,60.0,130.0,20.0,60.0,80.0,80.0,130.0,True,False,False,False,False,False,76.8,,0.0,0.0,western_spear_4_t4,TwoHandedPolearm,two_handed_polearm,45.24,,0.0,,0.0,vlandian_recruit,5.0,main_or_minor_line,56.69570352871696,0.0,81.95652173913044,0.0,0.2727272727272727,0.5909090909090909,0.5,1.08,,54.55521234834945,42.3134273765589,,xml_structural,false
vlandian_sharpshooter,Vlandian Sharpshooter,26.0,vlandia,Ranged,0,130.0,60.0,80.0,20.0,150.0,60.0,80.0,130.0,True,False,False,True,True,False,61.77857142857143,crossbow_f,154.25,18.0,vlandia_sword_4_t4,OneHandedSword,one_handed_sword,41.8,,0.0,,0.0,,,special_or_unlinked,45.60650481955664,100.0,75.72463768115942,0.0,0.6818181818181818,0.5909090909090909,0.375,1.08,65.63334499743426,43.52190105910708,37.089303433115866,,xml_structural,false
vlandian_sharpshooter,Vlandian Sharpshooter,26.0,vlandia,Ranged,1,130.0,60.0,80.0,20.0,150.0,60.0,80.0,130.0,True,False,False,True,True,False,62.77857142857142,crossbow_f,154.25,18.0,vlandia_sword_4_t4,OneHandedSword,one_handed_sword,41.8,,0.0,,0.0,,,special_or_unlinked,46.34473012592014,100.0,75.72463768115942,0.0,0.6818181818181818,0.5909090909090909,0.375,1.08,65.728930903557,44.19350173507849,37.19391267444303,,xml_structural,false
vlandian_sharpshooter,Vlandian Sharpshooter,26.0,vlandia,Ranged,2,130.0,60.0,80.0,20.0,150.0,60.0,80.0,130.0,True,False,False,True,True,False,74.90357142857142,crossbow_f,154.25,18.0,vlandia_sword_4_t4,OneHandedSword,one_handed_sword,41.8,,0.0,,0.0,,,special_or_unlinked,55.2957119655776,100.0,75.72463768115942,0.0,0.6818181818181818,0.5909090909090909,0.375,1.08,66.88791001529525,52.33665993123184,38.46229972553488,,xml_structural,false
vlandian_spearman,Vlandian Mercenary,16.0,vlandia,Infantry,0,70.0,40.0,70.0,10.0,30.0,30.0,40.0,70.0,True,False,False,False,False,False,45.76071428571428,,0.0,0.0,western_spear_3_t3,TwoHandedPolearm,two_handed_polearm,45.24,,0.0,,0.0,vlandian_recruit,3.0,main_or_minor_line,33.78171732298411,0.0,81.95652173913044,0.0,0.25,0.3181818181818182,0.25,1.04,,33.709207080965406,16.895126481528937,,xml_structural,false
vlandian_spearman,Vlandian Mercenary,16.0,vlandia,Infantry,1,70.0,40.0,70.0,10.0,30.0,30.0,40.0,70.0,True,False,False,False,False,False,53.07142857142857,,0.0,0.0,western_spear_3_t3,TwoHandedPolearm,two_handed_polearm,45.24,,0.0,,0.0,vlandian_recruit,3.0,main_or_minor_line,39.178671616291574,0.0,81.95652173913044,0.0,0.25,0.3181818181818182,0.25,1.04,,38.619087737084975,17.659894756517158,,xml_structural,false
vlandian_spearman,Vlandian Mercenary,16.0,vlandia,Infantry,2,70.0,40.0,70.0,10.0,30.0,30.0,40.0,70.0,True,False,False,False,False,False,43.635714285714286,,0.0,0.0,western_spear_3_t3,TwoHandedPolearm,two_handed_polearm,45.24,,0.0,,0.0,vlandian_recruit,3.0,main_or_minor_line,32.212988546961675,0.0,81.95652173913044,0.0,0.25,0.3181818181818182,0.25,1.04,,32.28205564452617,16.67283184370872,,xml_structural,false
vlandian_squire,Vlandian Squire,11.0,vlandia,Cavalry,0,45.0,10.0,40.0,10.0,10.0,10.0,40.0,30.0,True,True,False,False,False,False,46.93714285714286,,0.0,0.0,vlandia_lance_1_t3,TwoHandedPolearm,two_handed_polearm,45.24,,0.0,,0.0,vlandian_squire,1.0,noble_line,34.65018666554175,0.0,81.95652173913044,0.0,0.25,0.25,0.25,1.12,,42.0805496020262,17.14351272265228,,xml_structural,false
vlandian_squire,Vlandian Squire,11.0,vlandia,Cavalry,1,45.0,10.0,40.0,10.0,10.0,10.0,40.0,30.0,True,True,False,False,False,False,45.37464285714286,,0.0,0.0,vlandia_lance_1_t3,TwoHandedPolearm,two_handed_polearm,45.24,,0.0,,0.0,vlandian_squire,1.0,noble_line,33.49670962434878,0.0,81.95652173913044,0.0,0.25,0.25,0.25,1.12,,41.03117354582087,16.980060783078592,,xml_structural,false
vlandian_squire,Vlandian Squire,11.0,vlandia,Cavalry,2,45.0,10.0,40.0,10.0,10.0,10.0,40.0,30.0,True,True,False,False,False,False,49.81214285714286,,0.0,0.0,vlandia_lance_1_t3,TwoHandedPolearm,two_handed_polearm,45.24,,0.0,,0.0,vlandian_squire,1.0,noble_line,36.77258442133682,0.0,81.95652173913044,0.0,0.25,0.25,0.25,1.12,,44.01140154544401,17.444264291467874,,xml_structural,false
vlandian_swordsman,Vlandian Swordsman,21.0,vlandia,Infantry,0,100.0,60.0,100.0,15.0,45.0,60.0,45.0,100.0,True,False,False,False,False,False,45.4375,,0.0,0.0,vlandia_sword_3_t4,OneHandedSword,one_handed_sword,41.8,,0.0,,0.0,vlandian_recruit,4.0,main_or_minor_line,33.54311235789163,0.0,75.72463768115942,0.0,0.25,0.45454545454545453,0.375,1.045,,32.547226441581415,25.137164819078304,,xml_structural,false
vlandian_swordsman,Vlandian Swordsman,21.0,vlandia,Infantry,1,100.0,60.0,100.0,15.0,45.0,60.0,45.0,100.0,True,False,False,False,False,False,56.37500000000001,,0.0,0.0,vlandia_sword_3_t4,OneHandedSword,one_handed_sword,41.8,,0.0,,0.0,vlandian_recruit,4.0,main_or_minor_line,41.617451646242436,0.0,75.72463768115942,0.0,0.25,0.45454545454545453,0.375,1.045,,39.89285883501872,26.281328396094143,,xml_structural,false
vlandian_swordsman,Vlandian Swordsman,21.0,vlandia,Infantry,2,100.0,60.0,100.0,15.0,45.0,60.0,45.0,100.0,True,False,False,False,False,False,62.1875,,0.0,0.0,vlandia_sword_3_t4,OneHandedSword,one_handed_sword,41.8,,0.0,,0.0,vlandian_recruit,4.0,main_or_minor_line,45.908386239480286,0.0,75.72463768115942,0.0,0.25,0.45454545454545453,0.375,1.045,,43.79653776410254,26.889369611308272,,xml_structural,false
vlandian_vanguard,Vlandian Vanguard,26.0,vlandia,Cavalry,0,130.0,80.0,130.0,20.0,110.0,80.0,130.0,60.0,True,True,False,False,False,False,100.905,,0.0,0.0,vlandia_sword_4_t4,OneHandedSword,one_handed_sword,41.8,,0.0,,0.0,vlandian_recruit,5.0,main_or_minor_line,74.49062453860918,0.0,75.72463768115942,0.0,0.5,0.5909090909090909,0.5,1.21,,77.38048923328292,46.85043657388541,,xml_structural,false
vlandian_vanguard,Vlandian Vanguard,26.0,vlandia,Cavalry,1,130.0,80.0,130.0,20.0,110.0,80.0,130.0,60.0,True,True,False,False,False,False,97.4675,,0.0,0.0,vlandia_sword_4_t4,OneHandedSword,one_handed_sword,41.8,,0.0,,0.0,vlandian_recruit,5.0,main_or_minor_line,71.95297504798464,0.0,75.72463768115942,0.0,0.5,0.5909090909090909,0.5,1.21,,75.07186190963117,46.49084230682329,,xml_structural,false
vlandian_vanguard,Vlandian Vanguard,26.0,vlandia,Cavalry,2,130.0,80.0,130.0,20.0,110.0,80.0,130.0,60.0,True,True,False,False,False,False,111.53,,0.0,0.0,vlandia_sword_4_t4,OneHandedSword,one_handed_sword,41.8,,0.0,,0.0,vlandian_recruit,5.0,main_or_minor_line,82.3342684187214,0.0,75.72463768115942,0.0,0.5,0.5909090909090909,0.5,1.21,,84.51624641547913,47.96190976298651,,xml_structural,false
vlandian_voulgier,Vlandian Voulgier,26.0,vlandia,Infantry,0,80.0,130.0,130.0,20.0,60.0,80.0,60.0,130.0,False,False,False,False,False,False,46.8125,,0.0,0.0,vlandia_polearm_1_t5,TwoHandedPolearm,two_handed_polearm,45.24,,0.0,,0.0,vlandian_recruit,5.0,main_or_minor_line,34.558172154141445,0.0,81.95652173913044,0.0,0.2727272727272727,0.5909090909090909,0.5,1.06,,,39.17645775226062,,xml_structural,false
vlandian_voulgier,Vlandian Voulgier,26.0,vlandia,Infantry,1,80.0,130.0,130.0,20.0,60.0,80.0,60.0,130.0,False,False,False,False,False,False,44.56250000000001,,0.0,0.0,vlandia_polearm_1_t5,TwoHandedPolearm,two_handed_polearm,45.24,,0.0,,0.0,vlandian_recruit,5.0,main_or_minor_line,32.897165214823566,0.0,81.95652173913044,0.0,0.2727272727272727,0.5909090909090909,0.5,1.06,,,38.94108695927449,,xml_structural,false
vlandian_voulgier,Vlandian Voulgier,26.0,vlandia,Infantry,2,80.0,130.0,130.0,20.0,60.0,80.0,60.0,130.0,False,False,False,False,False,False,42.75,,0.0,0.0,vlandia_polearm_1_t5,TwoHandedPolearm,two_handed_polearm,45.24,,0.0,,0.0,vlandian_recruit,5.0,main_or_minor_line,31.559131847039716,0.0,81.95652173913044,0.0,0.2727272727272727,0.5909090909090909,0.5,1.06,,,38.751482709369014,,xml_structural,false
wolfskins_tier_1,Young Wolf,16.0,battania,Ranged,0,70.0,15.0,15.0,70.0,5.0,20.0,10.0,50.0,False,False,True,False,True,False,13.250000000000002,highland_ranger_bow,107.05,32.0,,,,0.0,,0.0,,0.0,wolfskins_tier_1,1.0,main_or_minor_line,9.781485309316404,69.40032414910858,0.0,0.0,0.3181818181818182,0.3181818181818182,0.25,1.01,5.265925178018079,,,,xml_structural,false
wolfskins_tier_1,Young Wolf,16.0,battania,Ranged,1,70.0,15.0,15.0,70.0,5.0,20.0,10.0,50.0,False,False,True,False,True,False,12.5625,highland_ranger_bow,107.05,32.0,battania_axe_1_t2,OneHandedAxe,axe,40.48,,0.0,,0.0,wolfskins_tier_1,1.0,main_or_minor_line,9.273955411191496,69.40032414910858,73.33333333333331,0.0,0.3181818181818182,0.3181818181818182,0.25,1.01,5.200209867558693,,10.70069836833186,,xml_structural,false
wolfskins_tier_1,Young Wolf,16.0,battania,Ranged,2,70.0,15.0,15.0,70.0,5.0,20.0,10.0,50.0,False,False,True,False,True,False,9.6875,highland_ranger_bow,107.05,32.0,,,,0.0,,0.0,,0.0,wolfskins_tier_1,1.0,main_or_minor_line,7.151557655396426,69.40032414910858,0.0,0.0,0.3181818181818182,0.3181818181818182,0.25,1.01,4.9254003874558085,,,,xml_structural,false
wolfskins_tier_2,Seasoned Wolf,21.0,battania,Ranged,0,80.0,100.0,30.0,110.0,10.0,10.0,10.0,100.0,False,False,True,False,True,False,17.3125,woodland_yew_bow,125.24999999999999,32.0,battania_axe_1_t2,OneHandedAxe,axe,40.48,,0.0,,0.0,wolfskins_tier_1,2.0,main_or_minor_line,12.78052561641813,81.1993517017828,73.33333333333331,0.0,0.5,0.45454545454545453,0.25,1.01,24.54325446728437,,21.116849745760085,,xml_structural,false
wolfskins_tier_2,Seasoned Wolf,21.0,battania,Ranged,1,80.0,100.0,30.0,110.0,10.0,10.0,10.0,100.0,False,False,True,False,True,False,21.0625,woodland_yew_bow,125.24999999999999,32.0,battania_axe_1_t2,OneHandedAxe,axe,40.48,,0.0,,0.0,wolfskins_tier_1,2.0,main_or_minor_line,15.548870515281262,81.1993517017828,73.33333333333331,0.0,0.5,0.45454545454545453,0.25,1.01,24.90170161524465,,21.509134400736944,,xml_structural,false
wolfskins_tier_2,Seasoned Wolf,21.0,battania,Ranged,2,80.0,100.0,30.0,110.0,10.0,10.0,10.0,100.0,False,False,True,False,True,False,20.75,woodland_yew_bow,125.24999999999999,32.0,woodland_axe_t3,OneHandedAxe,axe,40.48,,0.0,,0.0,wolfskins_tier_1,2.0,main_or_minor_line,15.318175107042668,81.1993517017828,73.33333333333331,0.0,0.5,0.45454545454545453,0.25,1.01,24.871831019581304,,21.476444012822206,,xml_structural,false
wolfskins_tier_3,Chosen Wolf,26.0,battania,Ranged,0,130.0,50.0,30.0,140.0,15.0,15.0,25.0,120.0,True,False,True,False,True,False,60.10000000000001,woodland_longbow,128.1,32.0,battania_axe_2_t4,OneHandedAxe,axe,40.48,,0.0,,0.0,wolfskins_tier_1,3.0,main_or_minor_line,44.36734091244648,83.04700162074555,73.33333333333331,0.0,0.6363636363636364,0.5909090909090909,0.25,1.025,45.812145793879644,42.031989721404244,35.51207514017026,,xml_structural,false
wolfskins_tier_3,Chosen Wolf,26.0,battania,Ranged,1,130.0,50.0,30.0,140.0,15.0,15.0,25.0,120.0,True,False,True,False,True,False,71.0375,woodland_longbow,128.1,32.0,battania_axe_2_t4,OneHandedAxe,axe,40.48,,0.0,,0.0,wolfskins_tier_1,3.0,main_or_minor_line,52.44168020079727,83.04700162074555,73.33333333333331,0.0,0.6363636363636364,0.5909090909090909,0.25,1.025,46.857616642097135,49.37762211484155,36.656238717186106,,xml_structural,false
wolfskins_tier_3,Chosen Wolf,26.0,battania,Ranged,2,130.0,50.0,30.0,140.0,15.0,15.0,25.0,120.0,True,False,True,False,True,False,52.85,woodland_longbow,128.1,32.0,battania_axe_2_t4,OneHandedAxe,axe,40.48,,0.0,,0.0,wolfskins_tier_1,3.0,main_or_minor_line,39.015207441311084,83.04700162074555,73.33333333333331,0.0,0.6363636363636364,0.5909090909090909,0.25,1.025,45.11914797448976,37.16288482061153,34.75365814054833,,xml_structural,false
