troop_id,troop_name,level,upgrade_depth,line_status,culture,default_group,has_bow,has_crossbow,has_ranged,has_shield,has_horse,has_throwing,ranged_role_score,defensive_role_score,offensive_melee_role_score,skirmisher_role_score,defense_score_base,ranged_score_base,crafted_melee_score_base,throw_score_base,ranged_item,crafted_melee_item,crafted_melee_template,direct_throw_item,crafted_throw_item,primary_category,score_status,primary_category_score,evidence_basis,empirical
imperial_elite_cataphract,Imperial Elite Cataphract,31.0,5.0,noble_line,empire,Cavalry,False,False,False,True,True,False,,100.0,77.75353075137257,,97.0438225967714,0.0,60.47619047619048,0.0,,empire_lance_3_t5,TwoHandedPolearm,,,Defensive Troops,role_scores_v1_conservative_not_final,100.0,xml_structural,false
vlandian_banner_knight,Vlandian Banner Knight,31.0,5.0,noble_line,vlandia,Cavalry,False,False,False,True,True,False,,98.86660089865606,78.31697380808619,,97.35997708801735,0.0,60.47619047619048,0.0,,nord_spear_4_t5,TwoHandedPolearm,,,Defensive Troops,role_scores_v1_conservative_not_final,98.86660089865606,xml_structural,false
druzhinnik_champion,Sturgian Druzhinnik Champion,31.0,5.0,noble_line,sturgia,Cavalry,False,False,False,True,True,False,,96.74731667878947,62.72267417471548,,94.82233781111678,0.0,60.47619047619048,0.0,,sturgia_lance_2_t5,TwoHandedPolearm,,,Defensive Troops,role_scores_v1_conservative_not_final,96.74731667878947,xml_structural,false
druzhinnik,Sturgian Druzhinnik,26.0,4.0,noble_line,sturgia,Cavalry,False,False,False,True,True,False,,93.60728039900611,52.56109276613062,,90.00121762782094,0.0,60.47619047619048,0.0,,sturgia_lance_1_t4,TwoHandedPolearm,,,Defensive Troops,role_scores_v1_conservative_not_final,93.60728039900611,xml_structural,false
imperial_cataphract,Imperial Cataphract,26.0,4.0,noble_line,empire,Cavalry,False,False,False,True,True,False,,90.57922064254623,54.54807842165833,,86.71113580666129,0.0,60.47619047619048,0.0,,empire_lance_3_t5,TwoHandedPolearm,,,Defensive Troops,role_scores_v1_conservative_not_final,90.57922064254623,xml_structural,false
vlandian_champion,Vlandian Champion,26.0,4.0,noble_line,vlandia,Cavalry,False,False,False,True,True,False,,89.91630174398853,54.451865695574575,,86.99856457114635,0.0,60.47619047619048,0.0,,vlandia_lance_3_t5,TwoHandedPolearm,,,Defensive Troops,role_scores_v1_conservative_not_final,89.91630174398853,xml_structural,false
vlandian_vanguard,Vlandian Vanguard,26.0,5.0,main_or_minor_line,vlandia,Cavalry,False,False,False,True,True,False,,83.22587210493701,46.20146106158089,,76.7321613236815,0.0,60.47619047619048,0.0,,vlan_lance_1_t3,TwoHandedPolearm,,,Defensive Troops,role_scores_v1_conservative_not_final,83.22587210493701,xml_structural,false
khuzait_heavy_lancer,Khuzait Heavy Lancer,26.0,5.0,main_or_minor_line,khuzait,Cavalry,False,False,False,True,True,False,,80.95840338414533,45.87237201703614,,77.48374638355965,0.0,60.47619047619048,0.0,,khu_spear_2_t5,TwoHandedPolearm,,,Defensive Troops,role_scores_v1_conservative_not_final,80.95840338414533,xml_structural,false
vlandian_knight,Vlandian Knight,21.0,3.0,noble_line,vlandia,Cavalry,False,False,False,True,True,False,,79.85853018798802,40.85981579329569,,75.04737601204594,0.0,60.47619047619048,0.0,,vlandia_lance_2_t4,TwoHandedPolearm,,,Defensive Troops,role_scores_v1_conservative_not_final,79.85853018798802,xml_structural,false
battanian_horseman,Battanian Horseman,26.0,5.0,main_or_minor_line,battania,Cavalry,False,False,False,True,True,False,,79.77784450950543,45.701031619472275,,71.04170203789738,0.0,60.47619047619048,0.0,,highland_spear_4_t4,TwoHandedPolearm,,,Defensive Troops,role_scores_v1_conservative_not_final,79.77784450950543,xml_structural,false
imperial_heavy_horseman,Imperial Heavy Horseman,21.0,3.0,noble_line,empire,Cavalry,False,False,False,True,True,False,,74.60211526678762,49.80277836142585,,68.45726555090799,0.0,60.47619047619048,0.0,,western_spear_4_t4,TwoHandedPolearm,,,Defensive Troops,role_scores_v1_conservative_not_final,74.60211526678762,xml_structural,false
khuzait_lancer,Khuzait Lancer,21.0,4.0,main_or_minor_line,khuzait,Cavalry,False,False,False,True,True,False,,72.74455661341162,37.40086625661396,,67.53478385391212,0.0,60.47619047619048,0.0,,khu_spear_1_t4,TwoHandedPolearm,,,Defensive Troops,role_scores_v1_conservative_not_final,72.74455661341162,xml_structural,false
nord_huscarl,Nord Huscarl,31.0,5.0,main_or_minor_line,nord,Infantry,False,False,False,True,False,False,,71.6921784496021,62.37253044984153,,72.75283355713677,0.0,60.47619047619048,0.0,,nord_spear_3_t5,TwoHandedPolearm,,,Defensive Troops,role_scores_v1_conservative_not_final,71.6921784496021,xml_structural,false
ghilman_tier_2,Ghilman,21.0,2.0,main_or_minor_line,aserai,Cavalry,False,False,False,True,True,False,,70.86732942899275,41.98134105370717,,63.003236146053595,0.0,60.47619047619048,0.0,,eastern_spear_2_t3,TwoHandedPolearm,,,Defensive Troops,role_scores_v1_conservative_not_final,70.86732942899275,xml_structural,false
ghilman_tier_3,Ghulam,26.0,3.0,main_or_minor_line,aserai,Cavalry,False,False,False,True,True,False,,68.11440560109814,48.86118469991765,,61.81553453003855,0.0,60.47619047619048,0.0,,western_spear_5_t4,TwoHandedPolearm,,,Defensive Troops,role_scores_v1_conservative_not_final,68.11440560109814,xml_structural,false
vlandian_sergeant,Vlandian Sergeant,26.0,5.0,main_or_minor_line,vlandia,Infantry,False,False,False,True,False,False,,66.80633653373164,39.82525620921682,,66.01729374499443,0.0,60.47619047619048,0.0,,western_spear_4_t4,TwoHandedPolearm,,,Defensive Troops,role_scores_v1_conservative_not_final,66.80633653373164,xml_structural,false
nord_hirdmann,Nord Shield-Companion,26.0,4.0,main_or_minor_line,nord,Infantry,False,False,False,True,False,False,,64.5343976922484,46.77490760543817,,59.68863027159961,0.0,60.47619047619048,0.0,,nord_spear_3_t5,TwoHandedPolearm,,,Defensive Troops,role_scores_v1_conservative_not_final,64.5343976922484,xml_structural,false
sturgian_veteran_warrior,Sturgian Heavy Axeman,26.0,,special_or_unlinked,sturgia,Infantry,False,False,False,True,False,False,,63.65089572136511,29.911940063397687,,67.97964675073445,0.0,41.587301587301575,0.0,,sturgia_axe_4_t4,OneHandedAxe,,,Defensive Troops,role_scores_v1_conservative_not_final,63.65089572136511,xml_structural,false
vlandian_gallant,Vlandian Gallant,16.0,2.0,noble_line,vlandia,Cavalry,False,False,False,True,True,False,,63.618805221600475,36.07640044204891,,57.65420570364311,0.0,60.47619047619048,0.0,,vlan_lance_1_t3,TwoHandedPolearm,,,Defensive Troops,role_scores_v1_conservative_not_final,63.618805221600475,xml_structural,false
imperial_legionary,Imperial Legionary,26.0,,special_or_unlinked,empire,Infantry,False,False,False,True,False,False,,61.080111927848705,38.99418067237733,,60.97399935860168,0.0,60.47619047619048,0.0,,imperial_throwing_spear_1_t4,TwoHandedPolearm,,,Defensive Troops,role_scores_v1_conservative_not_final,61.080111927848705,xml_structural,false
aserai_master_archer,Aserai Mamluke Warden,26.0,,special_or_unlinked,aserai,Infantry,False,False,False,True,False,False,,59.540155349607716,38.77067909357857,,59.124834291143394,0.0,60.47619047619048,0.0,,easter_polesword_t4,TwoHandedPolearm,,,Defensive Troops,role_scores_v1_conservative_not_final,59.540155349607716,xml_structural,false
mp_heavy_cavalry_sturgia_troop,Druzhinnik,30.0,,special_or_unlinked,sturgia,Cavalry,False,False,False,True,True,False,,58.66099436259599,71.75379468317495,,44.410488062959935,0.0,60.47619047619048,0.0,,mp_sturgia_lance,TwoHandedPolearm,,,Defensive Troops,role_scores_v1_conservative_not_final,58.66099436259599,xml_structural,false
nord_berserkr,Nord Berserkir,26.0,5.0,main_or_minor_line,nord,Infantry,False,False,False,True,False,False,,58.16158751213462,33.181198520704015,,59.24198809468686,0.0,46.82539682539681,0.0,,nord_sword_1_t5|nord_throwing_axe_2_t5,OneHandedSword|ThrowingAxe,,,Defensive Troops,role_scores_v1_conservative_not_final,58.16158751213462,xml_structural,false
battanian_scout,Battanian Scout,21.0,4.0,main_or_minor_line,battania,Cavalry,False,False,False,True,True,False,,57.96030294419464,35.25515378450927,,49.97856289047696,0.0,60.47619047619048,0.0,,highland_spear_3_t3,TwoHandedPolearm,,,Defensive Troops,role_scores_v1_conservative_not_final,57.96030294419464,xml_structural,false
mp_heavy_cavalry_khuzait_troop,Lancer,30.0,,special_or_unlinked,khuzait,Cavalry,False,False,False,True,True,False,,57.959855932125485,71.65203496580315,,45.93543828599163,0.0,60.47619047619048,0.0,,mp_khuzait_lance_heavy,TwoHandedPolearm,,,Defensive Troops,role_scores_v1_conservative_not_final,57.959855932125485,xml_structural,false
conspiracy_veteran_fighter,Conspiracy Veteran Fighter,26.0,,special_or_unlinked,empire,Infantry,False,False,False,True,False,False,,57.2078698787885,38.432182870826026,,56.02202705877713,0.0,60.47619047619048,0.0,,imperial_throwing_spear_1_t4,TwoHandedPolearm,,,Defensive Troops,role_scores_v1_conservative_not_final,57.2078698787885,xml_structural,false
tutorial_npc_basic_melee,Training Master,10.0,,special_or_unlinked,battania,Infantry,False,False,False,True,True,False,,56.86418181124636,,,39.608575529796724,0.0,46.82539682539681,0.0,,wooden_sword_t1,OneHandedSword,,,Defensive Troops,role_scores_v1_conservative_not_final,56.86418181124636,xml_structural,false
imperial_conspiracy_boss,Conspiracy Commander,31.0,,special_or_unlinked,vlandia,Infantry,False,False,False,True,False,False,,56.740742266520925,65.05548008678784,,31.950511146439467,0.0,60.47619047619048,0.0,,empire_sword_5_t4|imperial_throwing_spear_1_t4,OneHandedSword|TwoHandedPolearm,,,Defensive Troops,role_scores_v1_conservative_not_final,56.740742266520925,xml_structural,false
vlandian_cavalry,Vlandian Cavalry,21.0,4.0,main_or_minor_line,vlandia,Cavalry,False,False,False,True,True,False,,56.15258613652947,37.41925389870769,,49.44357838521972,0.0,60.47619047619048,0.0,,western_spear_3_t3,TwoHandedPolearm,,,Defensive Troops,role_scores_v1_conservative_not_final,56.15258613652947,xml_structural,false
conspiracy_mounted_fighter,Conspiracy Mounted Fighter,26.0,,special_or_unlinked,empire,Cavalry,False,False,False,True,True,False,,56.10140325461118,49.544140824573084,,46.87867110500583,0.0,60.47619047619048,0.0,,western_spear_4_t4,TwoHandedPolearm,,,Defensive Troops,role_scores_v1_conservative_not_final,56.10140325461118,xml_structural,false
nord_jarlsmann,Nord Hearthguard,21.0,3.0,main_or_minor_line,nord,Infantry,False,False,False,True,False,False,,55.6723834212391,35.78286699237915,,48.96235815064629,0.0,60.47619047619048,0.0,,nord_spear_1_t4,TwoHandedPolearm,,,Defensive Troops,role_scores_v1_conservative_not_final,55.6723834212391,xml_structural,false
khuzait_darkhan,Khuzait Darkhan,26.0,5.0,main_or_minor_line,khuzait,Infantry,False,False,False,True,False,False,,55.26560243830753,38.15029191004792,,55.810657158879856,0.0,60.47619047619048,0.0,,eastern_throwing_spear_2_t4,TwoHandedPolearm,,,Defensive Troops,role_scores_v1_conservative_not_final,55.26560243830753,xml_structural,false
mp_heavy_cavalry_empire_troop,Cataphract,30.0,,special_or_unlinked,empire,Cavalry,False,False,False,True,True,False,,54.355374112489486,71.12889854181367,,30.868494480373045,0.0,60.47619047619048,0.0,,mp_western_lance,TwoHandedPolearm,,,Defensive Troops,role_scores_v1_conservative_not_final,54.355374112489486,xml_structural,false
imperial_equite,Imperial Equite,16.0,2.0,noble_line,empire,Cavalry,False,False,False,True,True,False,,54.23870396243987,34.71501956265468,,45.80021299912023,0.0,60.47619047619048,0.0,,western_spear_3_t3,TwoHandedPolearm,,,Defensive Troops,role_scores_v1_conservative_not_final,54.23870396243987,xml_structural,false
battanian_oathsworn,Battanian Oathsworn,26.0,5.0,main_or_minor_line,battania,Infantry,False,False,False,True,False,False,,52.890850820918516,37.805632363642,,53.46758108801048,0.0,60.47619047619048,0.0,,battania_polearm_1_t5,TwoHandedPolearm,,,Defensive Troops,role_scores_v1_conservative_not_final,52.890850820918516,xml_structural,false
guard_battania,Guard,4.0,,special_or_unlinked,battania,Infantry,False,False,False,True,False,False,,51.376597436653995,19.38738818838833,,41.73869535466412,0.0,60.47619047619048,0.0,,northern_spear_2_t3,TwoHandedPolearm,,,Defensive Troops,role_scores_v1_conservative_not_final,51.376597436653995,xml_structural,false
khuzait_horseman,Khuzait Horseman,16.0,3.0,main_or_minor_line,khuzait,Cavalry,False,False,False,True,True,False,,51.14605096198701,26.986778196284167,,42.30073349213944,0.0,60.47619047619048,0.0,,khuzait_lance_1_t3,TwoHandedPolearm,,,Defensive Troops,role_scores_v1_conservative_not_final,51.14605096198701,xml_structural,false
sturgia_marine_t5,Sturgian Reaver,26.0,3.0,main_or_minor_line,sturgia,Infantry,False,False,False,True,False,False,,50.792593552104925,33.05152474680117,,54.15571230370039,0.0,41.587301587301575,0.0,,stur_throwing_axe_2_t5,ThrowingAxe,,,Defensive Troops,role_scores_v1_conservative_not_final,50.792593552104925,xml_structural,false
tutorial_npc_advanced_melee_normal,Training Master,4.0,,special_or_unlinked,battania,Infantry,False,False,False,True,True,False,,50.48867217491496,,,40.980979281462396,0.0,46.82539682539681,0.0,,wooden_sword_t1,OneHandedSword,,,Defensive Troops,role_scores_v1_conservative_not_final,50.48867217491496,xml_structural,false
tutorial_npc_mounted_ai,Training Master,4.0,,special_or_unlinked,battania,Infantry,False,False,False,True,True,False,,50.48867217491496,,,40.980979281462396,0.0,46.82539682539681,0.0,,wooden_sword_t1,OneHandedSword,,,Defensive Troops,role_scores_v1_conservative_not_final,50.48867217491496,xml_structural,false
vlandian_swordsman,Vlandian Swordsman,21.0,4.0,main_or_minor_line,vlandia,Infantry,False,False,False,True,False,False,,48.17504945798297,24.651653026504004,,49.77482460156989,0.0,46.82539682539681,0.0,,vlandia_sword_3_t4,OneHandedSword,,,Defensive Troops,role_scores_v1_conservative_not_final,48.17504945798297,xml_structural,false
conspiracy_guardian,Conspiracy Guardian,26.0,,special_or_unlinked,aserai,Infantry,False,False,False,True,False,False,,48.04635752144495,41.95545303009191,,48.53704589770898,0.0,60.47619047619048,0.0,,wide_leaf_spear_t4,TwoHandedPolearm,,,Defensive Troops,role_scores_v1_conservative_not_final,48.04635752144495,xml_structural,false
battanian_picked_warrior,Battanian Picked Warrior,21.0,4.0,main_or_minor_line,battania,Infantry,False,False,False,True,False,False,,47.8899032972405,32.22689376597506,,45.40079677448676,0.0,60.47619047619048,0.0,,highland_spear_4_t4,TwoHandedPolearm,,,Defensive Troops,role_scores_v1_conservative_not_final,47.8899032972405,xml_structural,false
vlandian_squire,Vlandian Squire,11.0,1.0,noble_line,vlandia,Cavalry,False,False,False,True,True,False,,46.83126696446281,22.720857468717078,,35.87903296341457,0.0,60.47619047619048,0.0,,vlandia_lance_1_t3,TwoHandedPolearm,,,Defensive Troops,role_scores_v1_conservative_not_final,46.83126696446281,xml_structural,false
nord_boandi,Nord Shield Biter,21.0,4.0,main_or_minor_line,nord,Infantry,False,False,False,True,False,False,,46.60073787359851,24.10018281086386,,46.84008430786434,0.0,41.587301587301575,0.0,,nord_biter_axe_1_t4,OneHandedAxe,,,Defensive Troops,role_scores_v1_conservative_not_final,46.60073787359851,xml_structural,false
mp_heavy_cavalry_khuzait_hero,Lancer,30.0,,special_or_unlinked,khuzait,Cavalry,False,False,False,True,True,False,,46.25707996163246,45.688922015524795,,38.14433520093432,0.0,60.47619047619048,0.0,,mp_khuzait_lance_heavy,TwoHandedPolearm,,,Defensive Troops,role_scores_v1_conservative_not_final,46.25707996163246,xml_structural,false
khuzait_spear_infantry,Khuzait Spear Infantry,21.0,4.0,main_or_minor_line,khuzait,Infantry,False,False,False,True,False,False,,45.72189476183596,29.485776803638423,,45.66661693257257,0.0,60.47619047619048,0.0,,eastern_throwing_spear_2_t4,TwoHandedPolearm,,,Defensive Troops,role_scores_v1_conservative_not_final,45.72189476183596,xml_structural,false
vlandian_light_cavalry,Vlandian Light Cavalry,16.0,3.0,main_or_minor_line,vlandia,Cavalry,False,False,False,True,True,False,,45.692503718288975,28.621740755567448,,35.843876103796774,0.0,60.47619047619048,0.0,,western_spear_4_t3,TwoHandedPolearm,,,Defensive Troops,role_scores_v1_conservative_not_final,45.692503718288975,xml_structural,false
conspiracy_noble_horseman,Conspiracy Noble Horseman,16.0,,special_or_unlinked,empire,Cavalry,False,False,False,True,True,False,,45.39904029488834,28.579148945268066,,34.21559901286398,0.0,60.47619047619048,0.0,,western_spear_3_t3,TwoHandedPolearm,,,Defensive Troops,role_scores_v1_conservative_not_final,45.39904029488834,xml_structural,false
sturgia_marine_t4,Sturgian Veteran Shipman,21.0,2.0,main_or_minor_line,sturgia,Infantry,False,False,False,True,False,False,,44.61823934689351,22.143861509036213,,43.913061373587084,0.0,41.587301587301575,0.0,,stur_throwing_axe_1_t4,ThrowingAxe,,,Defensive Troops,role_scores_v1_conservative_not_final,44.61823934689351,xml_structural,false
mp_heavy_cavalry_aserai_troop,Mamluke,30.0,,special_or_unlinked,aserai,Cavalry,False,False,False,True,True,False,,44.43304721344313,69.68882175092948,,28.902111298042712,0.0,60.47619047619048,0.0,,mp_aserai_long_spear,TwoHandedPolearm,,,Defensive Troops,role_scores_v1_conservative_not_final,44.43304721344313,xml_structural,false
anti_imperial_conspiracy_boss,Conspiracy Commander,31.0,,special_or_unlinked,sturgia,Infantry,False,False,False,True,False,False,,43.863906480193485,45.39466105774723,,30.25976631835651,0.0,41.587301587301575,0.0,,sturgia_axe_4_t4,OneHandedAxe,,,Defensive Troops,role_scores_v1_conservative_not_final,43.863906480193485,xml_structural,false
mp_heavy_infantry_battania_troop,Oathsworn,25.0,,special_or_unlinked,battania,Infantry,False,False,False,True,False,False,,43.00088475750718,42.68827565293015,,34.50088406639673,0.0,46.82539682539681,0.0,,mp_battania_long_sword,OneHandedSword,,,Defensive Troops,role_scores_v1_conservative_not_final,43.00088475750718,xml_structural,false
vlandian_spearman,Vlandian Mercenary,16.0,3.0,main_or_minor_line,vlandia,Infantry,False,False,False,True,False,False,,42.99959126067849,21.811286107234462,,37.057045005925225,0.0,60.47619047619048,0.0,,western_spear_3_t3,TwoHandedPolearm,,,Defensive Troops,role_scores_v1_conservative_not_final,42.99959126067849,xml_structural,false
mp_light_cavalry_empire_troop,Courser,15.0,,special_or_unlinked,empire,Cavalry,False,False,False,True,True,False,,42.91857032314404,57.33670281352776,,20.622413612736043,0.0,60.47619047619048,0.0,,mp_western_long_spear,TwoHandedPolearm,,,Defensive Troops,role_scores_v1_conservative_not_final,42.91857032314404,xml_structural,false
conspiracy_fighter,Conspiracy Fighter,16.0,,special_or_unlinked,empire,Infantry,False,False,False,True,False,False,,42.247669420980024,21.912625303097652,,43.17691103256555,0.0,46.82539682539681,0.0,,empire_sword_2_t3|empire_sword_3_t3|vlandia_sword_2_t3,OneHandedSword,,,Defensive Troops,role_scores_v1_conservative_not_final,42.247669420980024,xml_structural,false
confident_contender,Confident Contender,16.0,,special_or_unlinked,aserai,Infantry,False,False,False,True,False,False,,41.5535072169602,26.454334858682216,,35.99569371343902,0.0,60.47619047619048,0.0,,wide_leaf_spear_t4|woodland_axe_t3,OneHandedAxe|TwoHandedPolearm,,,Defensive Troops,role_scores_v1_conservative_not_final,41.5535072169602,xml_structural,false
confident_contender_easy,Confident Contender,16.0,,special_or_unlinked,aserai,Infantry,False,False,False,True,False,False,,41.5535072169602,,,35.99569371343902,0.0,60.47619047619048,0.0,,wide_leaf_spear_t4|woodland_axe_t3,OneHandedAxe|TwoHandedPolearm,,,Defensive Troops,role_scores_v1_conservative_not_final,41.5535072169602,xml_structural,false
confident_contender_hard,Confident Contender,16.0,,special_or_unlinked,aserai,Infantry,False,False,False,True,False,False,,41.5535072169602,,,35.99569371343902,0.0,60.47619047619048,0.0,,wide_leaf_spear_t4|woodland_axe_t3,OneHandedAxe|TwoHandedPolearm,,,Defensive Troops,role_scores_v1_conservative_not_final,41.5535072169602,xml_structural,false
confident_contender_normal,Confident Contender,16.0,,special_or_unlinked,aserai,Infantry,False,False,False,True,False,False,,41.5535072169602,,,35.99569371343902,0.0,60.47619047619048,0.0,,wide_leaf_spear_t4|woodland_axe_t3,OneHandedAxe|TwoHandedPolearm,,,Defensive Troops,role_scores_v1_conservative_not_final,41.5535072169602,xml_structural,false
confident_contender_very_hard,Confident Contender,16.0,,special_or_unlinked,aserai,Infantry,False,False,False,True,False,False,,41.5535072169602,,,35.99569371343902,0.0,60.47619047619048,0.0,,wide_leaf_spear_t4|woodland_axe_t3,OneHandedAxe|TwoHandedPolearm,,,Defensive Troops,role_scores_v1_conservative_not_final,41.5535072169602,xml_structural,false
imperial_vigla_recruit,Imperial Vigla Recruit,11.0,1.0,noble_line,empire,Cavalry,False,False,False,True,True,False,,41.45862890528193,23.15433124620782,,31.96127257542004,0.0,60.47619047619048,0.0,,western_spear_2_t2,TwoHandedPolearm,,,Defensive Troops,role_scores_v1_conservative_not_final,41.45862890528193,xml_structural,false
skolderbrotva_tier_2,Skolder Warrior Broda,21.0,2.0,main_or_minor_line,nord,Infantry,False,False,False,True,False,False,,41.31564925679064,23.656114063755986,,34.79843114657667,0.0,46.82539682539681,0.0,,sturgia_sword_3_t3,OneHandedSword,,,Defensive Troops,role_scores_v1_conservative_not_final,41.31564925679064,xml_structural,false
nord_axe_warrior,Nord Axe Warrior,16.0,3.0,main_or_minor_line,nord,Infantry,False,False,False,True,False,False,,40.754937539216456,18.245978443603498,,38.539206758348904,0.0,41.587301587301575,0.0,,nord_throwing_axe_2_t4,ThrowingAxe,,,Defensive Troops,role_scores_v1_conservative_not_final,40.754937539216456,xml_structural,false
tutorial_placeholder_volunteer,Headman's Troop,21.0,,special_or_unlinked,empire,Cavalry,False,False,False,True,True,False,,40.656242241147666,49.72897064385352,,29.825278982543335,0.0,60.47619047619048,0.0,,western_spear_3_t3,TwoHandedPolearm,,,Defensive Troops,role_scores_v1_conservative_not_final,40.656242241147666,xml_structural,false
hardy_contender,Hardy Contender,16.0,,special_or_unlinked,empire,Infantry,False,False,False,True,False,False,,40.6036065700046,26.31647104011985,,31.082308210755944,0.0,60.47619047619048,0.0,,broad_arming_sword_t4|western_spear_3_t3,OneHandedSword|TwoHandedPolearm,,,Defensive Troops,role_scores_v1_conservative_not_final,40.6036065700046,xml_structural,false
hardy_contender_easy,Hardy Contender,16.0,,special_or_unlinked,empire,Infantry,False,False,False,True,False,False,,40.6036065700046,,,31.082308210755944,0.0,60.47619047619048,0.0,,broad_arming_sword_t4|western_spear_3_t3,OneHandedSword|TwoHandedPolearm,,,Defensive Troops,role_scores_v1_conservative_not_final,40.6036065700046,xml_structural,false
hardy_contender_hard,Hardy Contender,16.0,,special_or_unlinked,empire,Infantry,False,False,False,True,False,False,,40.6036065700046,,,31.082308210755944,0.0,60.47619047619048,0.0,,broad_arming_sword_t4|western_spear_3_t3,OneHandedSword|TwoHandedPolearm,,,Defensive Troops,role_scores_v1_conservative_not_final,40.6036065700046,xml_structural,false
hardy_contender_normal,Hardy Contender,16.0,,special_or_unlinked,empire,Infantry,False,False,False,True,False,False,,40.6036065700046,,,31.082308210755944,0.0,60.47619047619048,0.0,,broad_arming_sword_t4|western_spear_3_t3,OneHandedSword|TwoHandedPolearm,,,Defensive Troops,role_scores_v1_conservative_not_final,40.6036065700046,xml_structural,false
hardy_contender_very_hard,Hardy Contender,16.0,,special_or_unlinked,empire,Infantry,False,False,False,True,False,False,,40.6036065700046,,,31.082308210755944,0.0,60.47619047619048,0.0,,broad_arming_sword_t4|western_spear_3_t3,OneHandedSword|TwoHandedPolearm,,,Defensive Troops,role_scores_v1_conservative_not_final,40.6036065700046,xml_structural,false
aserai_mameluke_regular,Aserai Mamluke Regular,16.0,3.0,main_or_minor_line,aserai,Cavalry,False,False,False,True,True,False,,40.328582394456625,25.41678503049592,,28.289695953188215,0.0,60.47619047619048,0.0,,khuzait_lance_1_t3,TwoHandedPolearm,,,Defensive Troops,role_scores_v1_conservative_not_final,40.328582394456625,xml_structural,false
nord_thegn,Nord War-Proven,16.0,2.0,main_or_minor_line,nord,Infantry,False,False,False,True,False,False,,40.00349286716324,21.376447404215977,,36.50825500213514,0.0,60.47619047619048,0.0,,nord_spear_1_t3|nord_spear_2_t3,TwoHandedPolearm,,,Defensive Troops,role_scores_v1_conservative_not_final,40.00349286716324,xml_structural,false
conspiracy_warmonger,Conspiracy Warmonger,26.0,,special_or_unlinked,battania,Infantry,False,False,False,True,False,False,,39.94696322421775,29.808852921422773,,42.363158355070574,0.0,41.587301587301575,0.0,,battania_axe_2_t4,OneHandedAxe,,,Defensive Troops,role_scores_v1_conservative_not_final,39.94696322421775,xml_structural,false
conspiracy_raider,Conspiracy Raider,16.0,,special_or_unlinked,battania,Cavalry,False,False,False,True,True,False,,37.959194921897485,25.072904009183056,,28.593845663101252,0.0,60.47619047619048,0.0,,triangluar_spear_t3,TwoHandedPolearm,,,Defensive Troops,role_scores_v1_conservative_not_final,37.959194921897485,xml_structural,false
vlandian_militia_veteran_spearman,Vlandian Militia Veteran Spearman,16.0,,special_or_unlinked,vlandia,Infantry,False,False,False,True,False,False,,37.09009170644176,,,24.83060396054886,0.0,60.47619047619048,0.0,,western_spear_1_t2|western_spear_2_t2|western_spear_3_t3,TwoHandedPolearm,,,Defensive Troops,role_scores_v1_conservative_not_final,37.09009170644176,xml_structural,false
mp_heavy_cavalry_vlandia_troop,Knight,30.0,,special_or_unlinked,vlandia,Cavalry,False,False,False,True,True,False,,36.195732309078736,68.49329915490218,,21.5221719736375,0.0,60.47619047619048,0.0,,mp_western_long_lance,TwoHandedPolearm,,,Defensive Troops,role_scores_v1_conservative_not_final,36.195732309078736,xml_structural,false
tutorial_npc_advanced_melee_easy,Training Master,15.0,,special_or_unlinked,battania,Infantry,False,False,False,False,True,False,,35.854009675554956,,,29.281462388162602,0.0,100.0,0.0,,wooden_2hsword_t1,TwoHandedSword,,,Defensive Troops,role_scores_v1_conservative_not_final,35.854009675554956,xml_structural,false
khuzait_spearman,Khuzait Spearman,16.0,3.0,main_or_minor_line,khuzait,Infantry,False,False,False,True,False,False,,35.814989779175484,20.768549060719796,,32.74861473398263,0.0,60.47619047619048,0.0,,eastern_throwing_spear_2_t4,TwoHandedPolearm,,,Defensive Troops,role_scores_v1_conservative_not_final,35.814989779175484,xml_structural,false
conspiracy_trained_spearman,Conspiracy Trained Spearman,16.0,,special_or_unlinked,vlandia,Infantry,False,False,False,True,False,False,,35.59707139546213,23.16338454937331,,31.151550074515388,0.0,60.47619047619048,0.0,,western_spear_3_t3,TwoHandedPolearm,,,Defensive Troops,role_scores_v1_conservative_not_final,35.59707139546213,xml_structural,false
vlandian_footman,Vlandian Footman,11.0,2.0,main_or_minor_line,vlandia,Infantry,False,False,False,True,False,False,,34.98131227020033,17.007858680001856,,32.17924510505041,0.0,60.47619047619048,0.0,,western_spear_1_t2|western_spear_2_t2,TwoHandedPolearm,,,Defensive Troops,role_scores_v1_conservative_not_final,34.98131227020033,xml_structural,false
nord_ungmann,Nord Scion,11.0,1.0,main_or_minor_line,nord,Infantry,False,False,False,True,False,False,,34.963431787434104,17.00526359635833,,27.046343600851312,0.0,60.47619047619048,0.0,,nord_spear_1_t2|nord_spear_2_t2,TwoHandedPolearm,,,Defensive Troops,role_scores_v1_conservative_not_final,34.963431787434104,xml_structural,false
mp_light_cavalry_vlandia_troop,Vanguard,15.0,,special_or_unlinked,vlandia,Cavalry,False,False,False,True,True,False,,34.80016062917503,56.15843752372991,,22.09179884788399,0.0,60.47619047619048,0.0,,mp_western_long_spear,TwoHandedPolearm,,,Defensive Troops,role_scores_v1_conservative_not_final,34.80016062917503,xml_structural,false
battanian_trained_warrior,Battanian Trained Warrior,16.0,3.0,main_or_minor_line,battania,Infantry,False,False,False,True,False,False,,34.33984995096207,20.554454660128826,,30.10541912979055,0.0,60.47619047619048,0.0,,western_spear_3_t3,TwoHandedPolearm,,,Defensive Troops,role_scores_v1_conservative_not_final,34.33984995096207,xml_structural,false
nord_militia_veteran_spearman,Nord Militia Veteran Spearman,16.0,,special_or_unlinked,nord,Infantry,False,False,False,True,False,False,,34.29850133456519,,,29.911520474154564,0.0,60.47619047619048,0.0,,nord_spear_1_t2|nord_spear_2_t2,TwoHandedPolearm,,,Defensive Troops,role_scores_v1_conservative_not_final,34.29850133456519,xml_structural,false
mp_light_cavalry_battania_troop,Mounted Warrior,20.0,,special_or_unlinked,battania,Cavalry,False,False,False,True,True,False,,33.877080706368766,56.02446633063282,,21.341500014577235,0.0,60.47619047619048,0.0,,mp_battania_long_spear,TwoHandedPolearm,,,Defensive Troops,role_scores_v1_conservative_not_final,33.877080706368766,xml_structural,false
mp_light_cavalry_aserai_troop,Jawwal,15.0,,special_or_unlinked,aserai,Cavalry,False,False,False,True,True,False,,33.69872289077569,55.99858037128864,,20.508968429140065,0.0,60.47619047619048,0.0,,mp_aserai_long_spear,TwoHandedPolearm,,,Defensive Troops,role_scores_v1_conservative_not_final,33.69872289077569,xml_structural,false
mp_light_infantry_sturgia_troop,Warrior,10.0,,special_or_unlinked,sturgia,Infantry,False,False,False,True,False,False,,33.28954755510226,14.036837163170551,,18.101495281263453,0.0,46.82539682539681,0.0,,mp_sturgia_sword,OneHandedSword,,,Defensive Troops,role_scores_v1_conservative_not_final,33.28954755510226,xml_structural,false
mp_heavy_infantry_sturgia_troop,Varyag,25.0,,special_or_unlinked,sturgia,Infantry,False,False,False,True,False,False,,33.04844946697431,37.150594227462506,,25.70105779273231,0.0,41.587301587301575,0.0,,mp_sturgia_heavy_axe,OneHandedAxe,,,Defensive Troops,role_scores_v1_conservative_not_final,33.04844946697431,xml_structural,false
khuzait_militia_veteran_spearman,Khuzait Militia Veteran Spearman,16.0,,special_or_unlinked,khuzait,Infantry,False,False,False,True,False,False,,33.00998904522424,,,26.954164029902202,0.0,60.47619047619048,0.0,,eastern_spear_1_t2,TwoHandedPolearm,,,Defensive Troops,role_scores_v1_conservative_not_final,33.00998904522424,xml_structural,false
sturgian_militia_veteran_spearman,Sturgian Militia Veteran Spearman,16.0,,special_or_unlinked,sturgia,Infantry,False,False,False,True,False,False,,32.93399699346779,,,23.96818904443656,0.0,60.47619047619048,0.0,,northern_spear_1_t2,TwoHandedPolearm,,,Defensive Troops,role_scores_v1_conservative_not_final,32.93399699346779,xml_structural,false
nord_drengr,Nord Warrior,11.0,2.0,main_or_minor_line,nord,Infantry,False,False,False,True,False,False,,31.99080152754952,16.57383094062198,,26.231304696784957,0.0,60.47619047619048,0.0,,nord_spear_1_t2|nord_spear_2_t2,TwoHandedPolearm,,,Defensive Troops,role_scores_v1_conservative_not_final,31.99080152754952,xml_structural,false
embers_of_flame_tier_3,Blaze,26.0,3.0,main_or_minor_line,empire,Infantry,False,False,False,True,False,False,,31.889265396826946,21.766391602545244,,33.74865589323291,0.0,34.523809523809526,0.0,,sturgia_mace_2_t4,TwoHandedMace,,,Defensive Troops,role_scores_v1_conservative_not_final,31.889265396826946,xml_structural,false
dignified_contender,Dignified Contender,16.0,,special_or_unlinked,vlandia,Infantry,False,False,False,True,False,False,,31.814231760233067,25.040825236598643,,28.45519043870617,0.0,60.47619047619048,0.0,,vlandia_sword_4_t4|western_spear_3_t3,OneHandedSword|TwoHandedPolearm,,,Defensive Troops,role_scores_v1_conservative_not_final,31.814231760233067,xml_structural,false
dignified_contender_easy,Dignified Contender,16.0,,special_or_unlinked,vlandia,Infantry,False,False,False,True,False,False,,31.814231760233067,,,28.45519043870617,0.0,60.47619047619048,0.0,,vlandia_sword_4_t4|western_spear_3_t3,OneHandedSword|TwoHandedPolearm,,,Defensive Troops,role_scores_v1_conservative_not_final,31.814231760233067,xml_structural,false
dignified_contender_hard,Dignified Contender,16.0,,special_or_unlinked,vlandia,Infantry,False,False,False,True,False,False,,31.814231760233067,,,28.45519043870617,0.0,60.47619047619048,0.0,,vlandia_sword_4_t4|western_spear_3_t3,OneHandedSword|TwoHandedPolearm,,,Defensive Troops,role_scores_v1_conservative_not_final,31.814231760233067,xml_structural,false
dignified_contender_normal,Dignified Contender,16.0,,special_or_unlinked,vlandia,Infantry,False,False,False,True,False,False,,31.814231760233067,,,28.45519043870617,0.0,60.47619047619048,0.0,,vlandia_sword_4_t4|western_spear_3_t3,OneHandedSword|TwoHandedPolearm,,,Defensive Troops,role_scores_v1_conservative_not_final,31.814231760233067,xml_structural,false
dignified_contender_very_hard,Dignified Contender,16.0,,special_or_unlinked,vlandia,Infantry,False,False,False,True,False,False,,31.814231760233067,,,28.45519043870617,0.0,60.47619047619048,0.0,,vlandia_sword_4_t4|western_spear_3_t3,OneHandedSword|TwoHandedPolearm,,,Defensive Troops,role_scores_v1_conservative_not_final,31.814231760233067,xml_structural,false
bold_contender,Bold Contender,16.0,,special_or_unlinked,sturgia,Infantry,False,False,False,True,False,False,,31.736004648130834,25.029471745658213,,24.696193283839335,0.0,60.47619047619048,0.0,,northern_spear_3_t4|sturgia_sword_4_t4,OneHandedSword|TwoHandedPolearm,,,Defensive Troops,role_scores_v1_conservative_not_final,31.736004648130834,xml_structural,false
bold_contender_easy,Bold Contender,16.0,,special_or_unlinked,sturgia,Infantry,False,False,False,True,False,False,,31.736004648130834,,,24.696193283839335,0.0,60.47619047619048,0.0,,northern_spear_3_t4|sturgia_sword_4_t4,OneHandedSword|TwoHandedPolearm,,,Defensive Troops,role_scores_v1_conservative_not_final,31.736004648130834,xml_structural,false
bold_contender_hard,Bold Contender,16.0,,special_or_unlinked,sturgia,Infantry,False,False,False,True,False,False,,31.736004648130834,25.029471745658213,,24.696193283839335,0.0,60.47619047619048,0.0,,northern_spear_3_t4|sturgia_sword_4_t4,OneHandedSword|TwoHandedPolearm,,,Defensive Troops,role_scores_v1_conservative_not_final,31.736004648130834,xml_structural,false
bold_contender_normal,Bold Contender,16.0,,special_or_unlinked,sturgia,Infantry,False,False,False,True,False,False,,31.736004648130834,25.029471745658213,,24.696193283839335,0.0,60.47619047619048,0.0,,northern_spear_3_t4|sturgia_sword_4_t4,OneHandedSword|TwoHandedPolearm,,,Defensive Troops,role_scores_v1_conservative_not_final,31.736004648130834,xml_structural,false
bold_contender_very_hard,Bold Contender,16.0,,special_or_unlinked,sturgia,Infantry,False,False,False,True,False,False,,31.736004648130834,25.029471745658213,,24.696193283839335,0.0,60.47619047619048,0.0,,northern_spear_3_t4|sturgia_sword_4_t4,OneHandedSword|TwoHandedPolearm,,,Defensive Troops,role_scores_v1_conservative_not_final,31.736004648130834,xml_structural,false
ghilman_tier_1,Koleman,16.0,1.0,main_or_minor_line,aserai,Cavalry,False,False,False,True,True,False,,31.66772355456732,20.520096784824073,,21.352647311529218,0.0,60.47619047619048,0.0,,eastern_spear_1_t2,TwoHandedPolearm,,,Defensive Troops,role_scores_v1_conservative_not_final,31.66772355456732,xml_structural,false
conspiracy_wilder,Conspiracy Wilder,16.0,,special_or_unlinked,sturgia,infantry,False,False,False,True,False,False,,31.58084392075507,18.485738221428946,,30.960759799760247,0.0,46.82539682539681,0.0,,battania_sword_2_t3,OneHandedSword,,,Defensive Troops,role_scores_v1_conservative_not_final,31.58084392075507,xml_structural,false
aserai_footman,Aserai Sailor,16.0,3.0,main_or_minor_line,aserai,Infantry,False,False,False,True,False,False,,31.33639324210844,15.210426731524093,,31.935076427582878,0.0,41.587301587301575,0.0,,aser_battle_axe_3_t4,OneHandedAxe,,,Defensive Troops,role_scores_v1_conservative_not_final,31.33639324210844,xml_structural,false
imperial_militia_veteran_spearman,Imperial Militia Veteran Spearman,16.0,,special_or_unlinked,empire,Infantry,False,False,False,True,False,False,,30.758165746853013,,,25.36406643102996,0.0,60.47619047619048,0.0,,imperial_spear_t2,TwoHandedPolearm,,,Defensive Troops,role_scores_v1_conservative_not_final,30.758165746853013,xml_structural,false
sturgia_marine_t3,Sturgian Crewman,16.0,1.0,main_or_minor_line,sturgia,Infantry,False,False,False,True,False,False,,30.23003837094838,15.049855931080867,,29.168617443633266,0.0,41.587301587301575,0.0,,stur_throwing_axe_2_t4,ThrowingAxe,,,Defensive Troops,role_scores_v1_conservative_not_final,30.23003837094838,xml_structural,false
mp_light_cavalry_battania_hero,Mounted Warrior,20.0,,special_or_unlinked,battania,Cavalry,False,False,False,True,True,False,,29.918788833996125,43.317664336252065,,19.339702727314823,0.0,60.47619047619048,0.0,,mp_battania_long_spear,TwoHandedPolearm,,,Defensive Troops,role_scores_v1_conservative_not_final,29.918788833996125,xml_structural,false
mp_heavy_cavalry_empire_hero,Cataphract,30.0,,special_or_unlinked,empire,Cavalry,False,False,False,True,True,False,,29.83117446844164,43.30494842639879,,19.238862564118396,0.0,60.47619047619048,0.0,,mp_western_lance,TwoHandedPolearm,,,Defensive Troops,role_scores_v1_conservative_not_final,29.83117446844164,xml_structural,false
mp_heavy_cavalry_vlandia_hero,Knight,30.0,,special_or_unlinked,vlandia,Cavalry,False,False,False,True,True,False,,29.624654892491762,43.27497521031605,,19.001167893726816,0.0,60.47619047619048,0.0,,mp_western_long_lance,TwoHandedPolearm,,,Defensive Troops,role_scores_v1_conservative_not_final,29.624654892491762,xml_structural,false
nord_militia_spearman,Nord Militia Spearman,11.0,,special_or_unlinked,nord,Infantry,False,False,False,True,False,False,,29.409306828176064,,,23.462702001883038,0.0,60.47619047619048,0.0,,nord_spear_1_t2|nord_spear_2_t2,TwoHandedPolearm,,,Defensive Troops,role_scores_v1_conservative_not_final,29.409306828176064,xml_structural,false
mp_light_cavalry_aserai_hero,Jawwal,15.0,,special_or_unlinked,aserai,Cavalry,False,False,False,True,True,False,,29.161550388846578,43.20776254394869,,18.4681556025457,0.0,60.47619047619048,0.0,,mp_aserai_long_spear,TwoHandedPolearm,,,Defensive Troops,role_scores_v1_conservative_not_final,29.161550388846578,xml_structural,false
mp_light_cavalry_sturgia_troop,Raider,15.0,,special_or_unlinked,sturgia,Cavalry,False,False,False,True,True,False,,28.72794868176567,55.27714711838816,,15.568143426267492,0.0,60.47619047619048,0.0,,mp_sturgia_long_spear,TwoHandedPolearm,,,Defensive Troops,role_scores_v1_conservative_not_final,28.72794868176567,xml_structural,false
aserai_mameluke_soldier,Aserai Mamluke Soldier,11.0,2.0,main_or_minor_line,aserai,Infantry,False,False,False,True,False,False,,28.56780660799068,16.077034615614295,,23.357017051934402,0.0,60.47619047619048,0.0,,eastern_spear_1_t2,TwoHandedPolearm,,,Defensive Troops,role_scores_v1_conservative_not_final,28.56780660799068,xml_structural,false
vlandian_militia_spearman,Vlandian Militia Spearman,11.0,,special_or_unlinked,vlandia,Infantry,False,False,False,True,False,False,,28.485109375196906,,,21.600567483163296,0.0,60.47619047619048,0.0,,peasant_pitchfork_1_t1|western_spear_1_t2|western_spear_2_t2,TwoHandedPolearm,,,Defensive Troops,role_scores_v1_conservative_not_final,28.485109375196906,xml_structural,false
aserai_militia_veteran_spearman,Aserai Militia Veteran Spearman,16.0,,special_or_unlinked,aserai,Infantry,False,False,False,True,False,False,,27.94198971117288,,,21.01983618618387,0.0,60.47619047619048,0.0,,eastern_spear_1_t2,TwoHandedPolearm,,,Defensive Troops,role_scores_v1_conservative_not_final,27.94198971117288,xml_structural,false
skolderbrotva_tier_1,Skolder Recruit,16.0,1.0,main_or_minor_line,nord,Infantry,False,False,False,True,False,False,,27.444688784237304,17.12726245953476,,21.44911430438295,0.0,60.47619047619048,0.0,,northern_spear_1_t2,TwoHandedPolearm,,,Defensive Troops,role_scores_v1_conservative_not_final,27.444688784237304,xml_structural,false
mp_heavy_cavalry_aserai_hero,Mamluke,30.0,,special_or_unlinked,aserai,Cavalry,False,False,False,True,True,False,,26.87106054649341,42.8753323292129,,15.8319056218391,0.0,60.47619047619048,0.0,,mp_aserai_long_spear,TwoHandedPolearm,,,Defensive Troops,role_scores_v1_conservative_not_final,26.87106054649341,xml_structural,false
mp_heavy_cavalry_sturgia_hero,Druzhinnik,30.0,,special_or_unlinked,sturgia,Cavalry,False,False,False,True,True,False,,26.75215533609802,42.85807502298344,,15.695051114643949,0.0,60.47619047619048,0.0,,mp_sturgia_lance,TwoHandedPolearm,,,Defensive Troops,role_scores_v1_conservative_not_final,26.75215533609802,xml_structural,false
battanian_militia_veteran_spearman,Battanian Militia Veteran Spearman,16.0,,special_or_unlinked,battania,Infantry,False,False,False,True,False,False,,26.204230292330568,,,21.85588345758282,0.0,60.47619047619048,0.0,,military_fork_t2|northern_spear_1_t2,TwoHandedPolearm,,,Defensive Troops,role_scores_v1_conservative_not_final,26.204230292330568,xml_structural,false
sturgian_militia_spearman,Sturgian Militia Spearman,11.0,,special_or_unlinked,sturgia,Infantry,False,False,False,True,False,False,,24.421769666572708,,,20.20951344621258,0.0,60.47619047619048,0.0,,northern_spear_1_t2,TwoHandedPolearm,,,Defensive Troops,role_scores_v1_conservative_not_final,24.421769666572708,xml_structural,false
sturgian_warrior,Sturgian Warrior,11.0,2.0,main_or_minor_line,sturgia,Infantry,False,False,False,True,False,False,,23.329289553359164,11.545428733129802,,22.33661063863722,0.0,41.587301587301575,0.0,,sturgia_axe_2_t2,OneHandedAxe,,,Defensive Troops,role_scores_v1_conservative_not_final,23.329289553359164,xml_structural,false
aserai_tribesman,Aserai Cadet,11.0,2.0,main_or_minor_line,aserai,Infantry,False,False,False,True,False,False,,23.178422980019157,11.523532714887544,,18.741607371621726,0.0,41.587301587301575,0.0,,southern_throwing_axe_1_t4,ThrowingAxe,,,Defensive Troops,role_scores_v1_conservative_not_final,23.178422980019157,xml_structural,false
mp_light_cavalry_empire_hero,Courser,15.0,,special_or_unlinked,empire,Cavalry,False,False,False,True,True,False,,22.240015510041623,42.20320566553942,,10.501782710027937,0.0,60.47619047619048,0.0,,mp_western_long_spear,TwoHandedPolearm,,,Defensive Troops,role_scores_v1_conservative_not_final,22.240015510041623,xml_structural,false
mp_light_cavalry_vlandia_hero,Vanguard,15.0,,special_or_unlinked,vlandia,Cavalry,False,False,False,True,True,False,,22.12736846861442,42.1868566385852,,10.37213107163253,0.0,60.47619047619048,0.0,,mp_western_long_spear,TwoHandedPolearm,,,Defensive Troops,role_scores_v1_conservative_not_final,22.12736846861442,xml_structural,false
mp_light_cavalry_sturgia_hero,Raider,15.0,,special_or_unlinked,sturgia,Cavalry,False,False,False,True,True,False,,22.1255804203378,42.18659713022085,,10.37007310911832,0.0,60.47619047619048,0.0,,mp_sturgia_long_spear,TwoHandedPolearm,,,Defensive Troops,role_scores_v1_conservative_not_final,22.1255804203378,xml_structural,false
mp_heavy_infantry_vlandia_hero,Sergeant,25.0,,special_or_unlinked,vlandia,Infantry,False,False,False,True,False,False,,22.0471940158395,12.405178322302994,,20.88831951925996,0.0,46.82539682539681,0.0,,mp_vlandian_long_sword,OneHandedSword,,,Defensive Troops,role_scores_v1_conservative_not_final,22.0471940158395,xml_structural,false
mp_heavy_infantry_battania_hero,Oathsworn,25.0,,special_or_unlinked,battania,Infantry,False,False,False,True,False,False,,21.957791602008385,12.392202904085359,,20.785421393549317,0.0,46.82539682539681,0.0,,mp_battania_long_sword,OneHandedSword,,,Defensive Troops,role_scores_v1_conservative_not_final,21.957791602008385,xml_structural,false
battanian_militia_spearman,Battanian Militia Spearman,11.0,,special_or_unlinked,battania,Infantry,False,False,False,True,False,False,,20.66128063480142,,,13.371611436097695,0.0,60.47619047619048,0.0,,northern_spear_1_t2,TwoHandedPolearm,,,Defensive Troops,role_scores_v1_conservative_not_final,20.66128063480142,xml_structural,false
mp_heavy_infantry_khuzait_hero,Spear Infantry,25.0,,special_or_unlinked,khuzait,Infantry,False,False,False,True,False,False,,20.313728751032954,14.879079128671176,,16.618047302268387,0.0,60.47619047619048,0.0,,mp_khuzait_spear,TwoHandedPolearm,,,Defensive Troops,role_scores_v1_conservative_not_final,20.313728751032954,xml_structural,false
mp_heavy_infantry_khuzait_troop,Spear Infantry,25.0,,special_or_unlinked,khuzait,Infantry,False,False,False,True,False,False,,20.313728751032954,50.06279365177664,,16.618047302268387,0.0,60.47619047619048,0.0,,mp_khuzait_spear,TwoHandedPolearm,,,Defensive Troops,role_scores_v1_conservative_not_final,20.313728751032954,xml_structural,false
khuzait_footman,Khuzait Footman,11.0,2.0,main_or_minor_line,khuzait,Infantry,False,False,False,True,False,False,,20.148510252101193,12.129612877905979,,16.422112121227716,0.0,46.82539682539681,0.0,,khuzait_mace_1_t2|khuzait_sword_1_t2,Mace|OneHandedSword,,,Defensive Troops,role_scores_v1_conservative_not_final,20.148510252101193,xml_structural,false
mp_heavy_infantry_empire_troop,Legionary,25.0,,special_or_unlinked,empire,Infantry,False,False,False,True,False,False,,19.37070925177048,39.2587104252816,,14.281402364255934,0.0,46.82539682539681,0.0,,mp_empire_spatha,OneHandedSword,,,Defensive Troops,role_scores_v1_conservative_not_final,19.37070925177048,xml_structural,false
conspiracy_guardsman,Conspiracy Guardsman,16.0,,special_or_unlinked,aserai,Infantry,False,False,False,True,False,False,,17.96803291813907,20.60479426958348,,13.91825772893547,0.0,60.47619047619048,0.0,,eastern_spear_2_t3,TwoHandedPolearm,,,Defensive Troops,role_scores_v1_conservative_not_final,17.96803291813907,xml_structural,false
aserai_militia_spearman,Aserai Militia Spearman,11.0,,special_or_unlinked,aserai,Infantry,False,False,False,True,False,False,,17.7221762801035,,,11.980878955789823,0.0,60.47619047619048,0.0,,eastern_spear_1_t2,TwoHandedPolearm,,,Defensive Troops,role_scores_v1_conservative_not_final,17.7221762801035,xml_structural,false
mp_heavy_infantry_vlandia_troop,Sergeant,25.0,,special_or_unlinked,vlandia,Infantry,False,False,False,True,False,False,,16.73222051357969,38.87577339513366,,13.090356559155277,0.0,46.82539682539681,0.0,,mp_vlandian_long_sword,OneHandedSword,,,Defensive Troops,role_scores_v1_conservative_not_final,16.73222051357969,xml_structural,false
khuzait_militia_spearman,Khuzait Militia Spearman,11.0,,special_or_unlinked,khuzait,Infantry,False,False,False,True,False,False,,16.286150007941213,,,11.509798474020798,0.0,60.47619047619048,0.0,,eastern_spear_1_t2,TwoHandedPolearm,,,Defensive Troops,role_scores_v1_conservative_not_final,16.286150007941213,xml_structural,false
mp_light_infantry_aserai_troop,Tribal Warrior,15.0,,special_or_unlinked,aserai,Infantry,False,False,False,True,False,False,,16.224861815088108,11.56015421087954,,12.206290162424693,0.0,46.82539682539681,0.0,,mp_aserai_sword,OneHandedSword,,,Defensive Troops,role_scores_v1_conservative_not_final,16.224861815088108,xml_structural,false
mp_light_infantry_khuzait_troop,Rabble,5.0,,special_or_unlinked,khuzait,Infantry,False,False,False,True,False,False,,15.482804928644393,8.996348083287442,,14.602959007101688,0.0,34.523809523809526,0.0,,mp_khuzait_mace,Mace,,,Defensive Troops,role_scores_v1_conservative_not_final,15.482804928644393,xml_structural,false
imperial_militia_spearman,Imperial Militia Spearman,11.0,,special_or_unlinked,empire,Infantry,False,False,False,True,False,False,,14.447812873538902,,,9.607790931588182,0.0,60.47619047619048,0.0,,imperial_spear_t2,TwoHandedPolearm,,,Defensive Troops,role_scores_v1_conservative_not_final,14.447812873538902,xml_structural,false
mp_light_cavalry_khuzait_troop,Nomad,15.0,,special_or_unlinked,khuzait,Cavalry,False,False,False,False,True,False,,14.385119430839831,55.29716170098885,,9.442360757398804,0.0,60.47619047619048,0.0,,mp_khuzait_long_spear,TwoHandedPolearm,,,Defensive Troops,role_scores_v1_conservative_not_final,14.385119430839831,xml_structural,false
mp_light_infantry_khuzait_hero,Rabble,5.0,,special_or_unlinked,khuzait,Infantry,False,False,False,True,False,False,,14.231171135008776,8.814692228240554,,13.942696033791746,0.0,34.523809523809526,0.0,,mp_khuzait_mace,Mace,,,Defensive Troops,role_scores_v1_conservative_not_final,14.231171135008776,xml_structural,false
mp_light_infantry_aserai_hero,Tribal Warrior,15.0,,special_or_unlinked,aserai,Infantry,False,False,False,True,False,False,,13.643367115714652,11.185489009845341,,11.21589570245978,0.0,46.82539682539681,0.0,,mp_aserai_sword,OneHandedSword,,,Defensive Troops,role_scores_v1_conservative_not_final,13.643367115714652,xml_structural,false
mp_heavy_infantry_empire_hero,Legionary,25.0,,special_or_unlinked,empire,Infantry,False,False,False,True,False,False,,13.464562288052422,11.159538173410072,,11.0100994510385,0.0,46.82539682539681,0.0,,mp_empire_spatha,OneHandedSword,,,Defensive Troops,role_scores_v1_conservative_not_final,13.464562288052422,xml_structural,false
mp_heavy_infantry_sturgia_hero,Varyag,36.0,,special_or_unlinked,sturgia,Infantry,False,False,False,True,False,False,,12.04446986752663,9.90760656860887,,10.248653320779763,0.0,41.587301587301575,0.0,,mp_sturgia_heavy_axe,OneHandedAxe,,,Defensive Troops,role_scores_v1_conservative_not_final,12.04446986752663,xml_structural,false
veteran_borrowed_troop,Veteran Borrowed Troop,11.0,2.0,main_or_minor_line,empire,Infantry,False,False,False,True,False,False,,11.454125507025216,10.867753456241012,,8.696177849120478,0.0,46.82539682539681,0.0,,falchion_sword_t2|simple_back_sword_t2,OneHandedSword,,,Defensive Troops,role_scores_v1_conservative_not_final,11.454125507025216,xml_structural,false
mp_light_infantry_sturgia_hero,Warrior,10.0,,special_or_unlinked,sturgia,Infantry,False,False,False,True,False,False,,9.664959700230021,28.45627910714376,,6.636929108336293,0.0,46.82539682539681,0.0,,mp_sturgia_sword,OneHandedSword,,,Defensive Troops,role_scores_v1_conservative_not_final,9.664959700230021,xml_structural,false
mp_light_cavalry_khuzait_hero,Nomad,15.0,,special_or_unlinked,khuzait,Cavalry,False,False,False,False,True,False,,2.50242110251171,41.440251074342505,,4.451372918242295,0.0,60.47619047619048,0.0,,mp_khuzait_long_spear,TwoHandedPolearm,,,Defensive Troops,role_scores_v1_conservative_not_final,2.50242110251171,xml_structural,false
mp_shock_infantry_battania_troop,Savage,25.0,,special_or_unlinked,battania,Infantry,False,False,False,False,False,False,,,100.0,,0.7352928566406165,0.0,100.0,0.0,,mp_battania_falx,TwoHandedSword,,,Offensive Melee,role_scores_v1_conservative_not_final,100.0,xml_structural,false
mp_shock_infantry_empire_troop,Menavlion Infantry,25.0,,special_or_unlinked,empire,Infantry,False,False,False,False,False,False,,,62.88118424282907,,15.005976666135027,0.0,60.47619047619048,0.0,,mp_empire_menavlion,TwoHandedPolearm,,,Offensive Melee,role_scores_v1_conservative_not_final,62.88118424282907,xml_structural,false
mp_shock_infantry_vlandia_troop,Voulgier,25.0,,special_or_unlinked,vlandia,Infantry,False,False,False,False,False,False,,,62.50651904179487,,10.36537838213277,0.0,60.47619047619048,0.0,,mp_vlandian_polearm,TwoHandedPolearm,,,Offensive Melee,role_scores_v1_conservative_not_final,62.50651904179487,xml_structural,false
conspiracy_knight,Conspiracy Knight,26.0,,special_or_unlinked,vlandia,Infantry,False,False,False,False,False,False,,,62.217398708798434,,49.71480069490534,0.0,100.0,0.0,,western_2hsword_t4,TwoHandedSword,,,Offensive Melee,role_scores_v1_conservative_not_final,62.217398708798434,xml_structural,false
vlandian_pikeman,Vlandian Captain,26.0,5.0,main_or_minor_line,vlandia,Infantry,False,False,False,False,False,False,,,57.36497860899093,,40.38108320856936,0.0,100.0,0.0,,vlandia_2haxe_2_t5|vlandia_2hsword_1_t5,TwoHandedAxe|TwoHandedSword,,,Offensive Melee,role_scores_v1_conservative_not_final,57.36497860899093,xml_structural,false
battanian_veteran_falxman,Battanian Veteran Falxman,26.0,5.0,main_or_minor_line,battania,Infantry,False,False,False,False,False,False,,,56.78595057102899,,39.435706678602855,0.0,100.0,0.0,,battania_2hsword_4_t4,TwoHandedSword,,,Offensive Melee,role_scores_v1_conservative_not_final,56.78595057102899,xml_structural,false
mp_shock_infantry_aserai_troop,Guard,25.0,,special_or_unlinked,aserai,Infantry,False,False,False,False,False,False,,,43.945746041084384,,15.411138036120674,0.0,41.587301587301575,0.0,,mp_aserai_twohanded_axe,TwoHandedAxe,,,Offensive Melee,role_scores_v1_conservative_not_final,43.945746041084384,xml_structural,false
conspiracy_spearmaster,Conspiracy Spear Master,26.0,,special_or_unlinked,vlandia,Infantry,False,False,False,False,False,False,,,41.875005437142576,,44.26763116509833,0.0,60.47619047619048,0.0,,western_spear_4_t4,TwoHandedPolearm,,,Offensive Melee,role_scores_v1_conservative_not_final,41.875005437142576,xml_structural,false
mp_shock_infantry_sturgia_troop,Berserker,25.0,,special_or_unlinked,sturgia,Infantry,False,False,False,False,False,False,,,41.31741288837477,,0.43517332331791586,0.0,41.587301587301575,0.0,,mp_sturgia_twohanded_axe,TwoHandedAxe,,,Offensive Melee,role_scores_v1_conservative_not_final,41.31741288837477,xml_structural,false
nord_ulfhednar,Nord Ulfhednar,26.0,5.0,main_or_minor_line,nord,Infantry,False,False,False,False,False,False,,,39.09658414743024,,44.5977626517533,0.0,60.47619047619048,0.0,,nord_spear_atgeir_1_t5,TwoHandedPolearm,,,Offensive Melee,role_scores_v1_conservative_not_final,39.09658414743024,xml_structural,false
imperial_elite_menavliaton,Imperial Elite Menavliaton,26.0,2.0,main_or_minor_line,empire,Infantry,False,False,False,False,False,False,,,37.01072580508416,,42.361872128499186,0.0,60.47619047619048,0.0,,empire_polearm_1_t4,TwoHandedPolearm,,,Offensive Melee,role_scores_v1_conservative_not_final,37.01072580508416,xml_structural,false
vlandian_voulgier,Vlandian Voulgier,26.0,5.0,main_or_minor_line,vlandia,Infantry,False,False,False,False,False,False,,,35.64263014676231,,33.50834589547952,0.0,60.47619047619048,0.0,,vlandia_polearm_1_t5,TwoHandedPolearm,,,Offensive Melee,role_scores_v1_conservative_not_final,35.64263014676231,xml_structural,false
conspiracy_knight_trainee,Conspiracy Knight Trainee,16.0,,special_or_unlinked,vlandia,Infantry,False,False,False,False,False,False,,,34.89105293307117,,20.67823584593407,0.0,100.0,0.0,,western_2hsword_t3,TwoHandedSword,,,Offensive Melee,role_scores_v1_conservative_not_final,34.89105293307117,xml_structural,false
sturgian_ulfhednar,Sturgian Heroic Line Breaker,26.0,2.0,main_or_minor_line,sturgia,Infantry,False,False,False,False,False,False,,,33.665098557885464,,45.933294575039326,0.0,46.82539682539681,0.0,,sturgia_sword_5_t4,OneHandedSword,,,Offensive Melee,role_scores_v1_conservative_not_final,33.665098557885464,xml_structural,false
embers_of_flame_tier_1,Spark,16.0,1.0,main_or_minor_line,empire,Infantry,False,False,False,False,False,False,,,31.82904739050332,,15.688748604444172,0.0,100.0,0.0,,justicier_2hsword,TwoHandedSword,,,Offensive Melee,role_scores_v1_conservative_not_final,31.82904739050332,xml_structural,false
nord_vargr,Nord Warfang,21.0,4.0,main_or_minor_line,nord,Infantry,False,False,False,False,False,False,,,30.937299387869906,,36.899696622026035,0.0,60.47619047619048,0.0,,nord_spear_atgeir_1_t4|nord_spear_atgeir_1_t5,TwoHandedPolearm,,,Offensive Melee,role_scores_v1_conservative_not_final,30.937299387869906,xml_structural,false
mamluke_palace_guard,Aserai Mamluke Palace Guard,26.0,5.0,main_or_minor_line,aserai,Infantry,False,False,False,False,False,False,,,28.509087781407448,,42.51193189516053,0.0,41.587301587301575,0.0,,aserai_2haxe_2_t4|aserai_mace_6_t4,TwoHandedAxe|TwoHandedMace,,,Offensive Melee,role_scores_v1_conservative_not_final,28.509087781407448,xml_structural,false
nord_skjaldbrestir,Nord Skjaldbrestir,26.0,5.0,main_or_minor_line,nord,Infantry,False,False,False,False,False,False,,,28.452320326705294,,38.820461635291316,0.0,41.587301587301575,0.0,,nord_throwing_axe_1_t5|nord_throwing_axe_2_t4,ThrowingAxe,,,Offensive Melee,role_scores_v1_conservative_not_final,28.452320326705294,xml_structural,false
imperial_menavliaton,Imperial Menavliaton,21.0,1.0,main_or_minor_line,empire,Infantry,False,False,False,False,False,False,,,28.31782697132359,,34.70882402877032,0.0,60.47619047619048,0.0,,empire_polearm_1_t4,TwoHandedPolearm,,,Offensive Melee,role_scores_v1_conservative_not_final,28.31782697132359,xml_structural,false
conspiracy_hellion,Conspiracy Hellion,26.0,,special_or_unlinked,sturgia,Infantry,False,False,False,False,False,False,,,28.077283360279434,,28.63140347898564,0.0,41.587301587301575,0.0,,sturgia_2haxe_1_t4,TwoHandedAxe,,,Offensive Melee,role_scores_v1_conservative_not_final,28.077283360279434,xml_structural,false
sturgian_berzerker,Sturgian Line Breaker,21.0,1.0,main_or_minor_line,sturgia,Infantry,False,False,False,False,False,False,,,24.44704493451222,,33.55336382547792,0.0,46.82539682539681,0.0,,sturgia_sword_4_t4,OneHandedSword,,,Offensive Melee,role_scores_v1_conservative_not_final,24.44704493451222,xml_structural,false
aserai_mameluke_guard,Aserai Mamluke Guard,21.0,4.0,main_or_minor_line,aserai,Infantry,False,False,False,False,False,False,,,22.48717613368415,,36.029349975390204,0.0,41.587301587301575,0.0,,aserai_2haxe_2_t4|aserai_mace_5_t4|axe_craft_19_head_hewns,TwoHandedAxe|TwoHandedMace,,,Offensive Melee,role_scores_v1_conservative_not_final,22.48717613368415,xml_structural,false
nord_hew-bearer,Nord Marauder,21.0,4.0,main_or_minor_line,nord,Infantry,False,False,False,False,False,False,,,22.09548069623931,,27.213338684035875,0.0,41.587301587301575,0.0,,nord_throwing_axe_1_t5,ThrowingAxe,,,Offensive Melee,role_scores_v1_conservative_not_final,22.09548069623931,xml_structural,false
mp_shock_infantry_battania_hero,Savage,25.0,,special_or_unlinked,battania,Infantry,False,False,False,False,False,False,,,21.505441934634852,,0.0,0.0,100.0,0.0,,mp_battania_falx,TwoHandedSword,,,Offensive Melee,role_scores_v1_conservative_not_final,21.505441934634852,xml_structural,false
varyag_veteran,Sturgian Varyag Guard,21.0,3.0,noble_line,sturgia,Infantry,False,False,False,False,False,False,,,20.926442894766648,,35.39909895541253,0.0,41.587301587301575,0.0,,stu_2haxe_2_t3,TwoHandedAxe,,,Offensive Melee,role_scores_v1_conservative_not_final,20.926442894766648,xml_structural,false
vlandian_billman,Vlandian Billman,21.0,4.0,main_or_minor_line,vlandia,Infantry,False,False,False,False,False,False,,,20.35876834774513,,30.642204352247727,0.0,41.587301587301575,0.0,,vlandia_2haxe_1_t4,TwoHandedAxe,,,Offensive Melee,role_scores_v1_conservative_not_final,20.35876834774513,xml_structural,false
guard_empire,Guard,21.0,,special_or_unlinked,empire,Infantry,False,False,False,False,False,False,,,18.000478173650905,,29.756851728945758,0.0,60.47619047619048,0.0,,imperial_spear_t2,TwoHandedPolearm,,,Offensive Melee,role_scores_v1_conservative_not_final,18.000478173650905,xml_structural,false
guard_nord,Guard,4.0,,special_or_unlinked,nord,Infantry,False,False,False,False,False,False,,,17.20005706235057,,30.83728204890749,0.0,60.47619047619048,0.0,,northern_spear_2_t3,TwoHandedPolearm,,,Offensive Melee,role_scores_v1_conservative_not_final,17.20005706235057,xml_structural,false
guard_vlandia,Guard,4.0,,special_or_unlinked,vlandia,Infantry,False,False,False,False,False,False,,,17.12058262576756,,34.21362679878787,0.0,60.47619047619048,0.0,,billhook_polearm_t2,TwoHandedPolearm,,,Offensive Melee,role_scores_v1_conservative_not_final,17.12058262576756,xml_structural,false
guard_aserai,Guard,21.0,,special_or_unlinked,aserai,Infantry,False,False,False,False,False,False,,,17.0240779527739,,31.93271834553534,0.0,60.47619047619048,0.0,,eastern_spear_2_t3,TwoHandedPolearm,,,Offensive Melee,role_scores_v1_conservative_not_final,17.0240779527739,xml_structural,false
guard_khuzait,Guard,4.0,,special_or_unlinked,khuzait,Infantry,False,False,False,False,False,False,,,16.762947661144004,,31.219934453893934,0.0,60.47619047619048,0.0,,eastern_spear_3_t3,TwoHandedPolearm,,,Offensive Melee,role_scores_v1_conservative_not_final,16.762947661144004,xml_structural,false
conspiracy_berserker,Conspiracy Berserker,16.0,,special_or_unlinked,sturgia,Infantry,False,False,False,False,False,False,,,16.60681135732458,,17.06179546939553,0.0,41.587301587301575,0.0,,northern_axe_t3,TwoHandedAxe,,,Offensive Melee,role_scores_v1_conservative_not_final,16.60681135732458,xml_structural,false
guard_sturgia,Guard,4.0,,special_or_unlinked,sturgia,Infantry,False,False,False,False,False,False,,,16.183919623182057,,26.80817731405023,0.0,60.47619047619048,0.0,,northern_spear_2_t3,TwoHandedPolearm,,,Offensive Melee,role_scores_v1_conservative_not_final,16.183919623182057,xml_structural,false
aserai_mameluke_axeman,Aserai Mamluke Axeman,16.0,3.0,main_or_minor_line,aserai,Infantry,False,False,False,False,False,False,,,16.118983012277738,,24.107101514145924,0.0,41.587301587301575,0.0,,axe_craft_19_head_hewns,TwoHandedAxe,,,Offensive Melee,role_scores_v1_conservative_not_final,16.118983012277738,xml_structural,false
varyag,Sturgian Varyag,16.0,2.0,noble_line,sturgia,Infantry,False,False,False,False,False,False,,,14.416331136604853,,24.71484356912439,0.0,41.587301587301575,0.0,,northern_axe_t3|sturgia_2haxe_1_t4,TwoHandedAxe,,,Offensive Melee,role_scores_v1_conservative_not_final,14.416331136604853,xml_structural,false
mp_shock_infantry_empire_hero,Menavlion Infantry,25.0,,special_or_unlinked,empire,Infantry,False,False,False,False,False,False,,,12.783549086523186,,0.0,0.0,60.47619047619048,0.0,,mp_empire_menavlion,TwoHandedPolearm,,,Offensive Melee,role_scores_v1_conservative_not_final,12.783549086523186,xml_structural,false
mp_shock_infantry_vlandia_hero,Voulgier,25.0,,special_or_unlinked,vlandia,Infantry,False,False,False,False,False,False,,,12.783549086523186,,0.0,0.0,60.47619047619048,0.0,,mp_vlandian_polearm,TwoHandedPolearm,,,Offensive Melee,role_scores_v1_conservative_not_final,12.783549086523186,xml_structural,false
mp_light_infantry_vlandia_troop,Peasant Levy,5.0,,special_or_unlinked,vlandia,Infantry,False,False,False,False,False,False,,,11.042759409451358,,3.901553933195108,0.0,46.82539682539681,0.0,,mp_vlandian_sickle,OneHandedSword,,,Offensive Melee,role_scores_v1_conservative_not_final,11.042759409451358,xml_structural,false
sturgian_warrior_son,Sturgian Otrok,11.0,1.0,noble_line,sturgia,Infantry,False,False,False,False,False,False,,,10.920013575039814,,18.119716824358047,0.0,41.587301587301575,0.0,,bearded_axe_t3|simple_sparth_axe_t2,TwoHandedAxe,,,Offensive Melee,role_scores_v1_conservative_not_final,10.920013575039814,xml_structural,false
khuzait_nomad,Khuzait Nomad,6.0,1.0,main_or_minor_line,khuzait,Infantry,False,False,False,False,False,False,,,10.406963916787262,,5.402151599808611,0.0,46.82539682539681,0.0,,falchion_sword_t2|khuzait_mace_1_t2|khuzait_sword_1_t2,Mace|OneHandedSword,,,Offensive Melee,role_scores_v1_conservative_not_final,10.406963916787262,xml_structural,false
vlandian_recruit,Vlandian Recruit,6.0,1.0,main_or_minor_line,vlandia,Infantry,False,False,False,False,False,False,,,10.378580189436187,,4.726882649832535,0.0,46.82539682539681,0.0,,peasant_pickaxe_1_t1|vlandia_mace_1_t2|vlandia_sword_1_t2,Mace|OneHandedAxe|OneHandedSword,,,Offensive Melee,role_scores_v1_conservative_not_final,10.378580189436187,xml_structural,false
aserai_recruit,Aserai Beduin,6.0,1.0,main_or_minor_line,aserai,Infantry,False,False,False,False,False,False,,,10.344519716614895,,3.7514941665337567,0.0,46.82539682539681,0.0,,simple_back_sword_t2,OneHandedSword,,,Offensive Melee,role_scores_v1_conservative_not_final,10.344519716614895,xml_structural,false
mp_light_infantry_battania_troop,Clan Warrior,10.0,,special_or_unlinked,battania,Infantry,False,False,False,False,False,False,,,10.304782498323389,,1.4105618066166927,0.0,46.82539682539681,0.0,,mp_battania_short_sword,OneHandedSword,,,Offensive Melee,role_scores_v1_conservative_not_final,10.304782498323389,xml_structural,false
battanian_volunteer,Battanian Volunteer,6.0,1.0,main_or_minor_line,battania,Infantry,False,False,False,False,False,False,,,9.971997081513882,,10.241579074637157,0.0,41.587301587301575,0.0,,battania_mace_1_t3|battania_mace_2_t2|peasant_maul_t1_2|peasant_pickaxe_1_t1,Mace|OneHandedAxe|TwoHandedMace,,,Offensive Melee,role_scores_v1_conservative_not_final,9.971997081513882,xml_structural,false
sturgian_recruit,Sturgian Recruit,6.0,1.0,main_or_minor_line,sturgia,Infantry,False,False,False,False,False,False,,,9.966320336043669,,7.045306044750397,0.0,41.587301587301575,0.0,,small_spurred_axe_t2,OneHandedAxe,,,Offensive Melee,role_scores_v1_conservative_not_final,9.966320336043669,xml_structural,false
mp_light_infantry_battania_hero,Clan Warrior,10.0,,special_or_unlinked,battania,Infantry,False,False,False,False,False,False,,,9.771168424123164,,0.0,0.0,46.82539682539681,0.0,,mp_battania_short_sword,OneHandedSword,,,Offensive Melee,role_scores_v1_conservative_not_final,9.771168424123164,xml_structural,false
mp_light_infantry_vlandia_hero,Peasant Levy,5.0,,special_or_unlinked,vlandia,Infantry,False,False,False,False,False,False,,,9.771168424123164,,0.0,0.0,46.82539682539681,0.0,,mp_vlandian_sickle,OneHandedSword,,,Offensive Melee,role_scores_v1_conservative_not_final,9.771168424123164,xml_structural,false
nord_youngling,Nord Youngling,6.0,1.0,main_or_minor_line,nord,Infantry,False,False,False,False,False,False,,,9.665452826122266,,5.683513662298643,0.0,41.587301587301575,0.0,,naval_one_handed_axe_t1,OneHandedAxe,,,Offensive Melee,role_scores_v1_conservative_not_final,9.665452826122266,xml_structural,false
mp_shock_infantry_aserai_hero,Guard,25.0,,special_or_unlinked,aserai,Infantry,False,False,False,False,False,False,,,8.615254914132462,,0.0,0.0,41.587301587301575,0.0,,mp_aserai_twohanded_axe,TwoHandedAxe,,,Offensive Melee,role_scores_v1_conservative_not_final,8.615254914132462,xml_structural,false
mp_shock_infantry_sturgia_hero,Berserker,25.0,,special_or_unlinked,sturgia,Infantry,False,False,False,False,False,False,,,8.615254914132462,,0.0,0.0,41.587301587301575,0.0,,mp_sturgia_twohanded_axe,TwoHandedAxe,,,Offensive Melee,role_scores_v1_conservative_not_final,8.615254914132462,xml_structural,false
champion_fighter,Champion Fighter,21.0,,special_or_unlinked,empire,Infantry,False,False,False,False,False,False,,,,,11.659643869586917,0.0,46.82539682539681,0.0,,short_sword_t3,OneHandedSword,,,Offensive Melee,role_scores_v1_conservative_not_final,,xml_structural,false
regular_fighter,Regular Fighter,11.0,,special_or_unlinked,empire,Infantry,False,False,False,False,False,False,,,,,9.048603929679421,0.0,46.82539682539681,0.0,,short_sword_t3,OneHandedSword,,,Offensive Melee,role_scores_v1_conservative_not_final,,xml_structural,false
sword_sister,Sword Sister,21.0,,special_or_unlinked,empire,Infantry,False,False,False,False,False,False,,,,,11.659643869586917,0.0,46.82539682539681,0.0,,short_sword_t3,OneHandedSword,,,Offensive Melee,role_scores_v1_conservative_not_final,,xml_structural,false
veteran_fighter,Veteran Fighter,16.0,,special_or_unlinked,empire,Infantry,False,False,False,False,False,False,,,,,11.659643869586917,0.0,46.82539682539681,0.0,,short_sword_t3,OneHandedSword,,,Offensive Melee,role_scores_v1_conservative_not_final,,xml_structural,false
khuzait_khans_guard,Khuzait Khan's Guard,31.0,5.0,noble_line,khuzait,HorseArcher,True,False,True,False,True,False,100.0,63.1519011153675,67.2278540943711,,69.88943596392393,83.0976430976431,60.47619047619048,0.0,steppe_war_bow,khuzait_polearm_1_t4,TwoHandedPolearm,,,Ranged Troops,role_scores_v1_conservative_not_final,100.0,xml_structural,false
battanian_fian_champion,Battanian Fian Champion,31.0,5.0,noble_line,battania,Ranged,True,False,True,False,False,False,98.04791517468529,,94.21331145205987,,50.96029675819455,94.34343434343434,100.0,0.0,woodland_longbow,battania_2hsword_5_t4,TwoHandedSword,,,Ranged Troops,role_scores_v1_conservative_not_final,98.04791517468529,xml_structural,false
mp_horse_archer_khuzait_troop,Mounted Archer,15.0,,special_or_unlinked,khuzait,HorseArcher,True,False,True,False,True,False,89.57596488073276,0.31290844840890625,33.19378595425721,,4.056415612389621,71.81818181818181,46.82539682539681,0.0,mp_nomad_bow,mp_khuzait_cavalry_sabre,OneHandedSword,,,Ranged Troops,role_scores_v1_conservative_not_final,89.57596488073276,xml_structural,false
mp_heavy_ranged_vlandia_troop,Sharpshooter,20.0,,special_or_unlinked,vlandia,Ranged,False,True,True,False,False,False,85.6949258224383,,21.688391891051694,,9.513789206329607,86.16161616161617,46.82539682539681,0.0,mp_crossbow,mp_vlandian_long_sword,OneHandedSword,,,Ranged Troops,role_scores_v1_conservative_not_final,85.6949258224383,xml_structural,false
mp_heavy_ranged_battania_troop,Fiann,20.0,,special_or_unlinked,battania,Ranged,True,False,True,False,False,False,78.14621786784734,,42.62606245452153,,14.975964712802755,80.06734006734007,100.0,0.0,mp_long_bow,mp_battania_two_handed_sword,TwoHandedSword,,,Ranged Troops,role_scores_v1_conservative_not_final,78.14621786784734,xml_structural,false
mp_light_ranged_vlandia_troop,Arbelist,5.0,,special_or_unlinked,vlandia,Ranged,False,True,True,False,False,False,76.73816194626907,,11.065466391332219,,6.542605826434872,82.25589225589225,46.82539682539681,0.0,mp_light_crossbow,mp_vlandian_short_sword,OneHandedSword,,,Ranged Troops,role_scores_v1_conservative_not_final,76.73816194626907,xml_structural,false
battanian_fian,Battanian Fian,26.0,4.0,noble_line,battania,Ranged,True,False,True,False,False,False,74.87807216131858,,60.42922388568067,,36.599577088703334,94.34343434343434,100.0,0.0,woodland_longbow,battania_2hsword_5_t4,TwoHandedSword,,,Ranged Troops,role_scores_v1_conservative_not_final,74.87807216131858,xml_structural,false
mp_heavy_ranged_khuzait_troop,Khan's Guard,20.0,,special_or_unlinked,khuzait,Ranged,True,False,True,False,False,False,74.54587578971305,,21.70542212746234,,12.199859029567778,74.9158249158249,46.82539682539681,0.0,mp_recurve_bow_captain,mp_khuzait_heavy_sabre,OneHandedSword,,,Ranged Troops,role_scores_v1_conservative_not_final,74.54587578971305,xml_structural,false
mp_heavy_ranged_aserai_troop,Veteran,20.0,,special_or_unlinked,aserai,Ranged,True,False,True,False,False,False,72.81878364605312,,22.15388501960934,,17.496968792713442,74.81481481481481,46.82539682539681,0.0,mp_recurve_bow,mp_aserai_ranger_sword,OneHandedSword,,,Ranged Troops,role_scores_v1_conservative_not_final,72.81878364605312,xml_structural,false
mp_heavy_ranged_empire_troop,Palatine Guard,20.0,,special_or_unlinked,empire,Ranged,True,False,True,False,False,False,71.1778193347325,,20.354356705551137,,6.707671569762358,74.91582491582491,46.82539682539681,0.0,mp_imperial_recurve_bow,mp_empire_spatha,OneHandedSword,,,Ranged Troops,role_scores_v1_conservative_not_final,71.1778193347325,xml_structural,false
khuzait_kheshig,Khuzait Kheshig,26.0,4.0,noble_line,khuzait,HorseArcher,True,False,True,False,True,False,69.02473760008257,53.25617143443591,43.9534698553757,,60.39065273426045,83.0976430976431,60.47619047619048,0.0,steppe_war_bow,khuzait_polearm_1_t4,TwoHandedPolearm,,,Ranged Troops,role_scores_v1_conservative_not_final,69.02473760008257,xml_structural,false
aserai_mameluke_heavy_cavalry,Aserai Mamluke Heavy Cavalry,26.0,5.0,main_or_minor_line,aserai,HorseArcher,True,False,True,True,True,False,66.93018413664532,73.79297588223723,37.999138707466486,,70.40135413933437,79.8989898989899,46.82539682539681,0.0,steppe_war_bow,aserai_sword_6_t4,OneHandedSword,,,Ranged Troops,role_scores_v1_conservative_not_final,66.93018413664532,xml_structural,false
mp_light_ranged_sturgia_troop,Hunter,5.0,,special_or_unlinked,sturgia,Ranged,True,False,True,False,False,False,62.66655268540476,,9.625715607830758,,3.2262849832190312,70.23569023569024,41.587301587301575,0.0,mp_nordic_short_bow,mp_sturgia_axe,OneHandedAxe,,,Ranged Troops,role_scores_v1_conservative_not_final,62.66655268540476,xml_structural,false
vlandian_sharpshooter,Vlandian Sharpshooter,26.0,,special_or_unlinked,vlandia,Ranged,False,True,True,True,False,False,62.628688921587056,53.43414645159834,31.051204489887887,,54.73237054987044,100.0,46.82539682539681,0.0,crossbow_f,vlandia_sword_4_t4,OneHandedSword,,,Ranged Troops,role_scores_v1_conservative_not_final,62.628688921587056,xml_structural,false
conspiracy_warworn_crossbowman,Conspiracy Warworn Crossbowman,26.0,,special_or_unlinked,vlandia,Ranged,False,True,True,True,False,False,61.37970050393817,45.59018531644539,19.5993176109601,,50.03549985337017,97.64309764309765,34.523809523809526,0.0,crossbow_f,morningstar_mace_t3,Mace,,,Ranged Troops,role_scores_v1_conservative_not_final,61.37970050393817,xml_structural,false
eleftheroi_tier_3,Veteran Eleftheroi,26.0,3.0,main_or_minor_line,empire,HorseArcher,False,True,True,False,True,False,61.114818966805316,36.2746299392847,34.20946483035009,,41.23582363947241,87.54208754208754,60.47619047619048,0.0,crossbow_g,empire_lance_2_t4,TwoHandedPolearm,,,Ranged Troops,role_scores_v1_conservative_not_final,61.114818966805316,xml_structural,false
mp_light_ranged_khuzait_troop,Steppe Bow,5.0,,special_or_unlinked,khuzait,Ranged,True,False,True,False,False,False,60.79057446315076,,8.878758355690126,,4.816918509829343,66.32996632996633,34.523809523809526,0.0,mp_hunting_bow_captain,mp_khuzait_mace,Mace,,,Ranged Troops,role_scores_v1_conservative_not_final,60.79057446315076,xml_structural,false
nord_skathi,Nord Sky-Gods Chosen,26.0,5.0,main_or_minor_line,nord,Ranged,True,False,True,True,False,False,59.76873578069766,51.23848809108761,28.110465436606844,,54.38165943807334,91.07744107744108,41.587301587301575,0.0,lowland_yew_bow,nord_biter_axe_1_t4,OneHandedAxe,,,Ranged Troops,role_scores_v1_conservative_not_final,59.76873578069766,xml_structural,false
bucellarii,Imperial Bucellarii,26.0,4.0,main_or_minor_line,empire,HorseArcher,True,False,True,False,True,False,59.4479056574798,42.358416661113324,35.538545273765344,,48.9975150102641,84.44444444444444,46.82539682539681,0.0,steppe_war_bow,empire_sword_5_t4,OneHandedSword,,,Ranged Troops,role_scores_v1_conservative_not_final,59.4479056574798,xml_structural,false
mp_light_ranged_battania_troop,Ranger,5.0,,special_or_unlinked,battania,Ranged,True,False,True,False,False,False,59.27188629264765,,9.631392353300974,,3.661458306536947,67.27272727272727,41.587301587301575,0.0,mp_mountain_hunting_bow,mp_hatchet_axe,OneHandedAxe,,,Ranged Troops,role_scores_v1_conservative_not_final,59.27188629264765,xml_structural,false
mp_light_ranged_aserai_troop,Archer,5.0,,special_or_unlinked,aserai,Ranged,True,False,True,False,False,False,58.70068334185487,,11.30956644655147,,4.996990229822965,66.32996632996633,46.82539682539681,0.0,mp_hunting_bow_captain,mp_aserai_sword,OneHandedSword,,,Ranged Troops,role_scores_v1_conservative_not_final,58.70068334185487,xml_structural,false
mp_light_ranged_empire_troop,Archer Militia,5.0,,special_or_unlinked,empire,Ranged,True,False,True,False,False,False,58.406484734473366,,11.008698936630067,,3.2713029132174363,66.32996632996633,46.82539682539681,0.0,mp_hunting_bow_captain,mp_empire_gladius,OneHandedSword,,,Ranged Troops,role_scores_v1_conservative_not_final,58.406484734473366,xml_structural,false
khuzait_heavy_horse_archer,Khuzait Heavy Horse Archer,26.0,5.0,main_or_minor_line,khuzait,HorseArcher,True,False,True,True,True,False,56.775521970785015,65.39138404245814,36.77977378046427,,60.52141910235107,79.15824915824916,46.82539682539681,0.0,composite_steppe_bow,khuzait_sword_4_t4,OneHandedSword,,,Ranged Troops,role_scores_v1_conservative_not_final,56.775521970785015,xml_structural,false
conspiracy_longbowman,Conspiracy Longbowman,26.0,,special_or_unlinked,battania,Ranged,True,False,True,False,False,False,54.58180500343571,,23.80014120597173,,41.88168087518286,94.34343434343434,46.82539682539681,0.0,woodland_longbow,battania_sword_2_t3,OneHandedSword,,,Ranged Troops,role_scores_v1_conservative_not_final,54.58180500343571,xml_structural,false
karakhuzaits_tier_3,Karakhergit Elder,26.0,3.0,main_or_minor_line,khuzait,HorseArcher,True,False,True,False,True,False,53.417102927555334,44.249101746985616,35.36683969681756,,51.5095155041751,77.54208754208754,60.47619047619048,0.0,steppe_war_bow,eastern_spear_4_t4,TwoHandedPolearm,,,Ranged Troops,role_scores_v1_conservative_not_final,53.417102927555334,xml_structural,false
aserai_marine_t5,Aserai Bahriyyah,26.0,2.0,main_or_minor_line,aserai,Ranged,True,False,True,False,False,False,52.35620376914198,,28.56787163576034,,35.170257811253975,95.72390572390572,46.82539682539681,0.0,longbow_recurve_desert_bow,aserai_noble_sword_2_t5|pirate_axe_2,OneHandedAxe|OneHandedSword,,,Ranged Troops,role_scores_v1_conservative_not_final,52.35620376914198,xml_structural,false
vlandian_marine_t5,Vlandian Marinier,26.0,5.0,main_or_minor_line,vlandia,Ranged,False,True,True,False,False,False,51.621341393227226,,56.433992351875645,,35.339075048747986,92.92929292929293,100.0,0.0,crossbow_g,western_2hsword_t4,TwoHandedSword,,,Ranged Troops,role_scores_v1_conservative_not_final,51.621341393227226,xml_structural,false
aserai_mameluke_cavalry,Aserai Mamluke Cavalry,21.0,4.0,main_or_minor_line,aserai,HorseArcher,True,False,True,True,True,False,51.26833811145765,69.64492738650804,31.760839253982255,,65.37953973668371,77.4074074074074,46.82539682539681,0.0,steppe_heavy_bow,aserai_sword_6_t4,OneHandedSword,,,Ranged Troops,role_scores_v1_conservative_not_final,51.26833811145765,xml_structural,false
conspiracy_mounted_master_archer,Conspiracy Mounted Master Archer,26.0,,special_or_unlinked,khuzait,HorseArcher,True,False,True,False,True,False,49.81804828255483,46.914363669946965,38.07853008171318,,54.78141865645918,81.51515151515152,46.82539682539681,0.0,composite_steppe_bow,khuzait_sword_4_t4,OneHandedSword,,,Ranged Troops,role_scores_v1_conservative_not_final,49.81804828255483,xml_structural,false
conspiracy_packmaster,Conspiracy Packmaster,16.0,,special_or_unlinked,empire,HorseArcher,True,False,True,False,True,False,49.393354756909915,33.83166144197069,36.17977225683562,,41.824658163851545,83.77104377104376,46.82539682539681,0.0,steppe_war_bow,empire_sword_3_t3|light_mace_t3,Mace|OneHandedSword,,,Ranged Troops,role_scores_v1_conservative_not_final,49.393354756909915,xml_structural,false
wolfskins_tier_3,Chosen Wolf,26.0,3.0,main_or_minor_line,battania,Ranged,True,False,True,True,False,False,48.041623963093194,52.72033310033835,28.325532993564135,,51.632564512837405,89.62962962962963,41.587301587301575,0.0,woodland_longbow,battania_axe_2_t4,OneHandedAxe,,,Ranged Troops,role_scores_v1_conservative_not_final,48.041623963093194,xml_structural,false
sturgian_veteran_bowman,Sturgian Veteran Bowman,26.0,3.0,main_or_minor_line,sturgia,Ranged,True,False,True,False,False,False,47.9082172652173,,25.217318939465976,,40.36307603657,88.04713804713805,41.587301587301575,0.0,nordic_shortbow,sturgia_axe_4_t4,OneHandedAxe,,,Ranged Troops,role_scores_v1_conservative_not_final,47.9082172652173,xml_structural,false
khuzait_marksman,Khuzait Marksman,26.0,5.0,main_or_minor_line,khuzait,Ranged,True,False,True,False,False,False,47.028875363687845,,28.26132738036872,,32.83307694550344,93.26599326599326,46.82539682539681,0.0,nomad_bow,khuzait_sword_3_t3,OneHandedSword,,,Ranged Troops,role_scores_v1_conservative_not_final,47.028875363687845,xml_structural,false
imperial_sergeant_crossbowman,Imperial Sergeant Boatsman,26.0,4.0,main_or_minor_line,empire,Ranged,False,True,True,True,False,False,46.279808349879055,48.466724833106994,30.330257815170565,,48.399848396761456,95.18518518518519,46.82539682539681,0.0,crossbow_d,aserai_noble_sword_6_t5|empire_mace_2_t4,Mace|OneHandedSword,,,Ranged Troops,role_scores_v1_conservative_not_final,46.279808349879055,xml_structural,false
forest_people_tier_3,Veteran Forester,26.0,3.0,main_or_minor_line,sturgia,Ranged,True,False,True,False,False,False,45.773536168648825,,18.91724676370215,,32.48043649384927,92.996632996633,41.587301587301575,0.0,woodland_longbow,battle_axe_t4,OneHandedAxe,,,Ranged Troops,role_scores_v1_conservative_not_final,45.773536168648825,xml_structural,false
brotherhood_of_woods_tier_3,Arboreal,26.0,3.0,main_or_minor_line,vlandia,Ranged,True,False,True,False,False,False,45.580280154415235,,19.985613505051194,,25.57018423909409,93.93939393939394,46.82539682539681,0.0,lowland_yew_bow,vlandia_sword_3_t4,OneHandedSword,,,Ranged Troops,role_scores_v1_conservative_not_final,45.580280154415235,xml_structural,false
company_of_the_boar_tier_3,Boar Champion,26.0,3.0,main_or_minor_line,vlandia,Ranged,False,True,True,True,False,False,44.17792946388918,43.36071262153195,19.275743119157838,,46.95177164847942,92.82828282828282,34.523809523809526,0.0,crossbow_d,vlandia_mace_2_t4,Mace,,,Ranged Troops,role_scores_v1_conservative_not_final,44.17792946388918,xml_structural,false
conspiracy_hunt_leader,Conspiracy Hunt Leader,26.0,,special_or_unlinked,empire,Ranged,True,False,True,False,False,False,44.0464819108087,,22.520864841113784,,21.143421122584257,79.39393939393939,41.587301587301575,0.0,steppe_war_bow,vlandia_axe_2_t4,OneHandedAxe,,,Ranged Troops,role_scores_v1_conservative_not_final,44.0464819108087,xml_structural,false
nord_marksman,Nord Marksman,21.0,4.0,main_or_minor_line,nord,Ranged,True,False,True,False,False,False,43.80769439736628,,22.657478497790613,,32.49169097634887,91.07744107744108,41.587301587301575,0.0,lowland_yew_bow,nord_battle_axe_5_t3,OneHandedAxe,,,Ranged Troops,role_scores_v1_conservative_not_final,43.80769439736628,xml_structural,false
imperial_palatine_guard,Imperial Palatine Guard,26.0,4.0,main_or_minor_line,empire,Ranged,True,False,True,False,False,False,41.288499064677595,,29.328555528769172,,41.47651950519722,86.1952861952862,46.82539682539681,0.0,lowland_longbow,empire_sword_3_t3,OneHandedSword,,,Ranged Troops,role_scores_v1_conservative_not_final,41.288499064677595,xml_structural,false
battanian_hero,Battanian Hero,21.0,3.0,noble_line,battania,Ranged,True,False,True,False,False,False,40.9054458002512,,47.18896853534806,,27.956134529009557,89.73063973063974,100.0,0.0,woodland_yew_bow,battania_2hsword_3_t3,TwoHandedSword,,,Ranged Troops,role_scores_v1_conservative_not_final,40.9054458002512,xml_structural,false
khuzait_horse_archer,Khuzait Horse Archer,21.0,4.0,main_or_minor_line,khuzait,HorseArcher,True,False,True,False,True,False,38.562548671935495,39.2089931278777,29.44518124177209,,48.25381880669044,80.60606060606061,46.82539682539681,0.0,steppe_heavy_bow,khuzait_sword_3_t3,OneHandedSword,,,Ranged Troops,role_scores_v1_conservative_not_final,38.562548671935495,xml_structural,false
karakhuzaits_tier_2,Karakhergit Rider,21.0,2.0,main_or_minor_line,khuzait,HorseArcher,True,False,True,False,True,False,36.991085742969865,33.19873989142518,26.48365635489538,,38.09327200605041,75.05050505050505,60.47619047619048,0.0,steppe_heavy_bow,eastern_spear_2_t3,TwoHandedPolearm,,,Ranged Troops,role_scores_v1_conservative_not_final,36.991085742969865,xml_structural,false
khuzait_torguud,Khuzait Torguud,21.0,3.0,noble_line,khuzait,HorseArcher,True,False,True,False,True,False,36.81364091674208,45.99669543134935,35.62047668442676,,53.43088075650702,75.89225589225589,60.47619047619048,0.0,steppe_heavy_bow,khuzait_polearm_1_t4,TwoHandedPolearm,,,Ranged Troops,role_scores_v1_conservative_not_final,36.81364091674208,xml_structural,false
eleftheroi_tier_2,Expert Eleftheroi,21.0,2.0,main_or_minor_line,empire,HorseArcher,False,True,True,False,True,False,35.98166802008476,19.57314150545946,24.506105302891235,,23.356202441772528,81.54882154882155,60.47619047619048,0.0,crossbow_e,empire_lance_2_t4,TwoHandedPolearm,,,Ranged Troops,role_scores_v1_conservative_not_final,35.98166802008476,xml_structural,false
khuzait_sailor,Khuzait Tengichi,26.0,5.0,main_or_minor_line,khuzait,Ranged,True,False,True,False,False,False,33.860744524510686,,51.87676301651933,,29.666815868948955,79.15824915824916,100.0,0.0,composite_steppe_bow,ridged_3hsword_t4,TwoHandedSword,,,Ranged Troops,role_scores_v1_conservative_not_final,33.860744524510686,xml_structural,false
wolfskins_tier_2,Seasoned Wolf,21.0,2.0,main_or_minor_line,battania,Ranged,True,False,True,True,False,False,30.579780156632584,34.92143003673617,20.736515210606022,,31.612019187070512,85.016835016835,41.587301587301575,0.0,woodland_yew_bow,battania_axe_1_t2|woodland_axe_t3,OneHandedAxe,,,Ranged Troops,role_scores_v1_conservative_not_final,30.579780156632584,xml_structural,false
vlandian_marine_t4,Vlandian Seafarer,21.0,4.0,main_or_minor_line,vlandia,Ranged,False,True,True,True,False,False,30.419459078232748,36.362755530546856,22.937275894499027,,35.128991375422096,88.55218855218855,46.82539682539681,0.0,crossbow_g,vlandia_sword_2_t3,OneHandedSword,,,Ranged Troops,role_scores_v1_conservative_not_final,30.419459078232748,xml_structural,false
guardians_tier_3,Veteran Guardian,21.0,3.0,main_or_minor_line,empire,Ranged,True,False,True,False,False,False,29.46099852358791,,23.187052695188495,,39.345670818606045,93.93939393939394,46.82539682539681,0.0,lowland_yew_bow,broad_arming_sword_t4,OneHandedSword,,,Ranged Troops,role_scores_v1_conservative_not_final,29.46099852358791,xml_structural,false
khuzait_archer,Khuzait Archer,21.0,4.0,main_or_minor_line,khuzait,Ranged,True,False,True,False,False,False,27.241441097970384,,19.9515530322299,,25.33008861243593,80.60606060606061,46.82539682539681,0.0,steppe_heavy_bow,khuzait_sword_3_t3,OneHandedSword,,,Ranged Troops,role_scores_v1_conservative_not_final,27.241441097970384,xml_structural,false
forest_people_tier_2,Expert Forester,21.0,2.0,main_or_minor_line,sturgia,Ranged,True,False,True,False,False,False,27.129774183522326,,11.54445557676348,,21.901222944224074,88.04713804713805,41.587301587301575,0.0,nordic_shortbow,woodland_axe_t3,OneHandedAxe,,,Ranged Troops,role_scores_v1_conservative_not_final,27.129774183522326,xml_structural,false
sturgian_archer,Sturgian Archer,21.0,2.0,main_or_minor_line,sturgia,Ranged,True,False,True,False,False,False,26.857642344457215,,21.966552419092242,,28.631403478985632,79.39393939393939,46.82539682539681,0.0,nordic_shortbow2,sturgia_axe_2_t2|sturgia_sword_1_t2,OneHandedAxe|OneHandedSword,,,Ranged Troops,role_scores_v1_conservative_not_final,26.857642344457215,xml_structural,false
brotherhood_of_woods_tier_2,Sapling,21.0,2.0,main_or_minor_line,vlandia,Ranged,True,False,True,False,False,False,26.553668779295865,,22.028751364200563,,13.52788796452073,85.52188552188552,46.82539682539681,0.0,lowland_longbow,star_falchion_sword_t3,OneHandedSword,,,Ranged Troops,role_scores_v1_conservative_not_final,26.553668779295865,xml_structural,false
company_of_the_boar_tier_2,Boar Veteran,21.0,2.0,main_or_minor_line,vlandia,Ranged,False,True,True,True,False,False,26.43110629648309,33.67062534405739,20.667796117843334,,30.751747981910516,82.32323232323232,46.82539682539681,0.0,crossbow_b,vlandia_sword_1_t2,OneHandedSword,,,Ranged Troops,role_scores_v1_conservative_not_final,26.43110629648309,xml_structural,false
imperial_crossbowman,Imperial Coastguard,21.0,3.0,main_or_minor_line,empire,Ranged,False,True,True,False,False,False,26.0119953986944,,20.984475452745016,,20.168032639285475,95.18518518518519,46.82539682539681,0.0,crossbow_d,empire_mace_2_t4|empire_sword_7_t2,Mace|OneHandedSword,,,Ranged Troops,role_scores_v1_conservative_not_final,26.0119953986944,xml_structural,false
aserai_marine_t4,Aserai Sahraq,21.0,1.0,main_or_minor_line,aserai,Ranged,True,False,True,False,False,False,23.730522282684152,,2.6510401345904753,,23.8595028991547,86.90235690235691,0.0,0.0,tribal_bow,dagger_golden_claw,Dagger,,,Ranged Troops,role_scores_v1_conservative_not_final,23.730522282684152,xml_structural,false
imperial_veteran_archer,Imperial Veteran Archer,21.0,3.0,main_or_minor_line,empire,Ranged,True,False,True,False,False,False,23.077596525756107,,22.063057092085895,,27.100793859039857,86.1952861952862,46.82539682539681,0.0,lowland_longbow,empire_sword_3_t3,OneHandedSword,,,Ranged Troops,role_scores_v1_conservative_not_final,23.077596525756107,xml_structural,false
khuzait_raider,Khuzait Raider,16.0,3.0,main_or_minor_line,khuzait,HorseArcher,True,False,True,False,True,False,22.88465817246065,20.849089917485262,21.144244431321574,,26.117002028808045,81.01010101010101,46.82539682539681,0.0,composite_bow,khuzait_sword_3_t3,OneHandedSword,,,Ranged Troops,role_scores_v1_conservative_not_final,22.88465817246065,xml_structural,false
battanian_highborn_warrior,Battanian Highborn Warrior,16.0,2.0,noble_line,battania,Ranged,True,False,True,False,False,False,22.617670513650328,,38.11992382839715,,18.667434972671973,88.38383838383838,100.0,0.0,woodland_yew_bow,battania_2hsword_2_t3,TwoHandedSword,,,Ranged Troops,role_scores_v1_conservative_not_final,22.617670513650328,xml_structural,false
nord_freeman_archer,Nord Freeman Archer,16.0,3.0,main_or_minor_line,nord,Ranged,True,False,True,False,False,False,22.262726691478857,,12.18574193220196,,21.218451005914932,85.52188552188551,41.587301587301575,0.0,woodland_yew_bow,nord_hatchett_1_t2,OneHandedAxe,,,Ranged Troops,role_scores_v1_conservative_not_final,22.262726691478857,xml_structural,false
khuzait_qanqli,Khuzait Qanqli,16.0,2.0,noble_line,khuzait,HorseArcher,True,False,True,False,True,False,22.213827520225358,29.788037803768123,25.988644149892618,,33.409906688549675,76.29629629629629,60.47619047619048,0.0,composite_bow,eastern_spear_3_t3,TwoHandedPolearm,,,Ranged Troops,role_scores_v1_conservative_not_final,22.213827520225358,xml_structural,false
mp_heavy_ranged_vlandia_hero,Sharpshooter,20.0,,special_or_unlinked,vlandia,Ranged,False,True,True,False,False,False,20.628593187814875,,9.771168424123164,,0.0,86.16161616161617,46.82539682539681,0.0,mp_crossbow,mp_vlandian_long_sword,OneHandedSword,,,Ranged Troops,role_scores_v1_conservative_not_final,20.628593187814875,xml_structural,false
mp_horse_archer_khuzait_hero,Mounted Archer,15.0,,special_or_unlinked,khuzait,HorseArcher,True,False,True,False,True,False,20.176397742204173,0.0,33.14837199049549,,3.84633193906373,71.31313131313131,46.82539682539681,0.0,mp_nomad_bow,mp_khuzait_cavalry_sabre,OneHandedSword,,,Ranged Troops,role_scores_v1_conservative_not_final,20.176397742204173,xml_structural,false
conspiracy_horse_archer,Conspiracy Horse Archer,16.0,,special_or_unlinked,khuzait,HorseArcher,True,False,True,False,True,False,19.367735187385485,24.134628625778753,21.621091050819643,,30.75384881864377,80.60606060606061,46.82539682539681,0.0,steppe_heavy_bow,aserai_mace_3_t3|khuzait_sword_3_t3|woodland_axe_t3,Mace|OneHandedAxe|OneHandedSword,,,Ranged Troops,role_scores_v1_conservative_not_final,19.367735187385485,xml_structural,false
mp_light_ranged_vlandia_hero,Arbelist,5.0,,special_or_unlinked,vlandia,Ranged,False,True,True,False,False,False,18.476152593774223,,9.771168424123164,,0.0,82.25589225589225,46.82539682539681,0.0,mp_light_crossbow,mp_vlandian_short_sword,OneHandedSword,,,Ranged Troops,role_scores_v1_conservative_not_final,18.476152593774223,xml_structural,false
mp_heavy_ranged_battania_hero,Fiann,20.0,,special_or_unlinked,battania,Ranged,True,False,True,False,False,False,17.83114167377928,,21.505441934634852,,0.0,80.06734006734007,100.0,0.0,mp_long_bow,mp_battania_two_handed_sword,TwoHandedSword,,,Ranged Troops,role_scores_v1_conservative_not_final,17.83114167377928,xml_structural,false
karakhuzaits_tier_1,Karakhergit Nomad,16.0,1.0,main_or_minor_line,khuzait,HorseArcher,True,False,True,False,True,False,17.703564549570036,26.361690293690625,21.851666640863275,,29.337284621360624,66.5993265993266,60.47619047619048,0.0,steppe_bow,eastern_spear_1_t2,TwoHandedPolearm,,,Ranged Troops,role_scores_v1_conservative_not_final,17.703564549570036,xml_structural,false
conspiracy_mounted_huntsman,Conspiracy Mounted Hunstman,16.0,,special_or_unlinked,empire,HorseArcher,True,False,True,False,True,False,16.821479592505774,25.106209358088392,21.76210140829979,,31.361890993155566,71.78451178451178,46.82539682539681,0.0,hunting_bow,empire_sword_1_t2,OneHandedSword,,,Ranged Troops,role_scores_v1_conservative_not_final,16.821479592505774,xml_structural,false
eleftheroi_tier_1,Recruit Eleftheroi,16.0,1.0,main_or_minor_line,empire,HorseArcher,False,True,True,False,True,False,16.73933078371121,14.785642244803231,20.171577051498403,,15.550093380049084,72.55892255892256,60.47619047619048,0.0,crossbow_a,empire_lance_2_t4,TwoHandedPolearm,,,Ranged Troops,role_scores_v1_conservative_not_final,16.73933078371121,xml_structural,false
conspiracy_trained_huntsman,Conspiracy Trained Huntsman,16.0,,special_or_unlinked,empire,Ranged,True,False,True,False,False,False,16.536579574460337,,20.184054341444682,,15.096012526131839,67.07070707070707,46.82539682539681,0.0,hunting_bow|mountain_hunting_bow,empire_sword_1_t2|small_bit_axe_t2,OneHandedAxe|OneHandedSword,,,Ranged Troops,role_scores_v1_conservative_not_final,16.536579574460337,xml_structural,false
mp_heavy_ranged_khuzait_hero,Khan's Guard,20.0,,special_or_unlinked,khuzait,Ranged,True,False,True,False,False,False,16.23774979588212,,9.771168424123164,,0.0,74.81481481481481,46.82539682539681,0.0,mp_recurve_bow,mp_khuzait_heavy_sabre,OneHandedSword,,,Ranged Troops,role_scores_v1_conservative_not_final,16.23774979588212,xml_structural,false
guardians_tier_2,Expert Guardian,16.0,2.0,main_or_minor_line,empire,Ranged,True,False,True,False,False,False,16.11913585684933,,21.818711781802605,,13.055199699537475,80.0,46.82539682539681,0.0,composite_bow,short_sword_t3,OneHandedSword,,,Ranged Troops,role_scores_v1_conservative_not_final,16.11913585684933,xml_structural,false
conspiracy_trained_crossbowman,Conspiracy Trained Crossbowman,16.0,,special_or_unlinked,vlandia,Ranged,False,True,True,False,False,False,15.543523229394149,,13.52349717993538,,30.207031028929816,82.32323232323232,46.82539682539681,0.0,crossbow_b,empire_mace_1_t2|vlandia_mace_1_t2|vlandia_sword_1_t2,Mace|OneHandedSword,,,Ranged Troops,role_scores_v1_conservative_not_final,15.543523229394149,xml_structural,false
mp_heavy_ranged_empire_hero,Palatine Guard,20.0,,special_or_unlinked,empire,Ranged,True,False,True,False,False,False,15.466445090091725,,27.61936463210633,,0.0,74.91582491582491,46.82539682539681,0.0,mp_imperial_recurve_bow,mp_empire_spatha,OneHandedSword,,,Ranged Troops,role_scores_v1_conservative_not_final,15.466445090091725,xml_structural,false
mp_heavy_ranged_aserai_hero,Veteran,20.0,,special_or_unlinked,aserai,Ranged,True,False,True,False,False,False,15.420078490411575,,9.771168424123164,,0.0,74.81481481481481,46.82539682539681,0.0,mp_recurve_bow,mp_aserai_ranger_sword,OneHandedSword,,,Ranged Troops,role_scores_v1_conservative_not_final,15.420078490411575,xml_structural,false
conspiracy_trained_bowman,Conspiracy Trained Bowman,16.0,,special_or_unlinked,aserai,Ranged,True,False,True,False,False,False,14.695760868674437,,10.468247087350369,,23.709443132493348,81.68350168350169,34.523809523809526,0.0,composite_bow,aserai_mace_2_t2,Mace,,,Ranged Troops,role_scores_v1_conservative_not_final,14.695760868674437,xml_structural,false
company_of_the_boar_tier_1,Boar Novice,16.0,1.0,main_or_minor_line,vlandia,Ranged,False,True,True,True,False,False,13.963490206377442,28.49087299271714,13.34038159033901,,24.703267529981943,82.32323232323232,46.82539682539681,0.0,crossbow_b,vlandia_sword_1_t2,OneHandedSword,,,Ranged Troops,role_scores_v1_conservative_not_final,13.963490206377442,xml_structural,false
mp_light_ranged_sturgia_hero,Hunter,5.0,,special_or_unlinked,sturgia,Ranged,True,False,True,False,False,False,13.01107604480745,,8.615254914132462,,0.0,70.23569023569024,41.587301587301575,0.0,mp_nordic_short_bow,mp_sturgia_axe,OneHandedAxe,,,Ranged Troops,role_scores_v1_conservative_not_final,13.01107604480745,xml_structural,false
khuzait_tribal_warrior,Khuzait Tribal Warrior,11.0,2.0,main_or_minor_line,khuzait,HorseArcher,True,False,True,False,True,False,12.25377513166614,22.42686655494866,21.280586046559634,,25.807878909485666,66.5993265993266,60.47619047619048,0.0,steppe_bow,eastern_spear_1_t2,TwoHandedPolearm,,,Ranged Troops,role_scores_v1_conservative_not_final,12.25377513166614,xml_structural,false
mp_light_ranged_khuzait_hero,Steppe Bow,5.0,,special_or_unlinked,khuzait,Ranged,True,False,True,False,False,False,12.117010246530565,,7.056523059751064,,0.0,66.66666666666667,34.523809523809526,0.0,mp_hunting_bow,mp_khuzait_mace,Mace,,,Ranged Troops,role_scores_v1_conservative_not_final,12.117010246530565,xml_structural,false
sturgian_hunter,Sturgian Hunter,16.0,1.0,main_or_minor_line,sturgia,Ranged,True,False,True,False,False,False,11.903903754703574,,12.703084831957268,,14.855916899473678,79.39393939393939,46.82539682539681,0.0,nordic_shortbow2,sturgia_axe_2_t2|sturgia_sword_1_t2,OneHandedAxe|OneHandedSword,,,Ranged Troops,role_scores_v1_conservative_not_final,11.903903754703574,xml_structural,false
mp_light_ranged_battania_hero,Ranger,5.0,,special_or_unlinked,battania,Ranged,True,False,True,False,False,False,11.663942329655972,,8.615254914132462,,0.0,67.27272727272727,41.587301587301575,0.0,mp_mountain_hunting_bow,mp_hatchet_axe,OneHandedAxe,,,Ranged Troops,role_scores_v1_conservative_not_final,11.663942329655972,xml_structural,false
khuzait_noble_son,Khuzait Noble's Son,11.0,1.0,noble_line,khuzait,HorseArcher,True,False,True,False,True,False,11.609868745699073,15.912959143834808,17.609702909614658,,21.57619348963559,66.5993265993266,46.82539682539681,0.0,steppe_bow,khuzait_sword_1_t2,OneHandedSword,,,Ranged Troops,role_scores_v1_conservative_not_final,11.609868745699073,xml_structural,false
mp_light_ranged_aserai_hero,Archer,5.0,,special_or_unlinked,aserai,Ranged,True,False,True,False,False,False,11.388392251556814,,9.771168424123164,,0.0,66.66666666666667,46.82539682539681,0.0,mp_hunting_bow,mp_aserai_sword,OneHandedSword,,,Ranged Troops,role_scores_v1_conservative_not_final,11.388392251556814,xml_structural,false
mp_light_ranged_empire_hero,Archer Militia,5.0,,special_or_unlinked,empire,Ranged,True,False,True,False,False,False,11.388392251556814,,9.771168424123164,,0.0,66.66666666666667,46.82539682539681,0.0,mp_hunting_bow,mp_empire_gladius,OneHandedSword,,,Ranged Troops,role_scores_v1_conservative_not_final,11.388392251556814,xml_structural,false
wolfskins_tier_1,Young Wolf,16.0,1.0,main_or_minor_line,battania,Ranged,True,False,True,True,False,False,11.193467183369131,30.81450665136931,15.134682727678651,,27.48537560388338,72.76094276094275,41.587301587301575,0.0,highland_ranger_bow,battania_axe_1_t2|battania_axe_5_t2,OneHandedAxe,,,Ranged Troops,role_scores_v1_conservative_not_final,11.193467183369131,xml_structural,false
vlandian_infantry,Vlandian Shipmate,16.0,3.0,main_or_minor_line,vlandia,Ranged,False,True,True,False,False,False,9.884332648076281,,14.615902800355736,,17.376920979384362,82.55892255892256,46.82539682539681,0.0,crossbow_e,vlandia_axe_1_t3|vlandia_sword_2_t3,OneHandedAxe|OneHandedSword,,,Ranged Troops,role_scores_v1_conservative_not_final,9.884332648076281,xml_structural,false
brotherhood_of_woods_tier_1,Sprout,16.0,1.0,main_or_minor_line,vlandia,Ranged,True,False,True,False,False,False,9.38970096502025,,10.951931481927915,,7.14284489308027,76.12794612794613,46.82539682539681,0.0,highland_ranger_bow,falchion_sword_t2,OneHandedSword,,,Ranged Troops,role_scores_v1_conservative_not_final,9.38970096502025,xml_structural,false
khuzait_hunter,Khuzait Hunter,16.0,3.0,main_or_minor_line,khuzait,Ranged,True,False,True,False,False,False,8.736395954824339,,14.508044636421651,,12.087314204571765,81.01010101010101,46.82539682539681,0.0,composite_bow,khuzait_sword_1_t2,OneHandedSword,,,Ranged Troops,role_scores_v1_conservative_not_final,8.736395954824339,xml_structural,false
forest_people_tier_1,Recruit Forester,16.0,1.0,main_or_minor_line,sturgia,Ranged,True,False,True,False,False,False,8.51546496425413,,10.363692518958729,,10.826812164616422,72.12121212121212,41.587301587301575,0.0,mountain_hunting_bow,woodland_axe_t3,OneHandedAxe,,,Ranged Troops,role_scores_v1_conservative_not_final,8.51546496425413,xml_structural,false
imperial_trained_archer,Imperial Trained Archer,16.0,2.0,main_or_minor_line,empire,Ranged,True,False,True,False,False,False,8.250133062572429,,15.05868894703252,,17.737064419371602,80.1010101010101,46.82539682539681,0.0,glen_ranger_bow,empire_sword_1_t2,OneHandedSword,,,Ranged Troops,role_scores_v1_conservative_not_final,8.250133062572429,xml_structural,false
sea_hounds_marksman,Sea Hound Marksman,11.0,,special_or_unlinked,nord,Ranged,True,False,True,False,False,False,2.8392004699445934,,12.242509386904112,,16.56659823941307,70.43771043771044,41.587301587301575,0.0,mountain_hunting_bow,nord_hatchett_1_t2|nord_hatchett_2_t2,OneHandedAxe,,,Ranged Troops,role_scores_v1_conservative_not_final,2.8392004699445934,xml_structural,false
nord_huntsman,Nord Huntsman,11.0,2.0,main_or_minor_line,nord,Ranged,True,False,True,False,False,False,2.6554424257761506,,9.937936608692592,,9.333717486335988,76.56565656565657,41.587301587301575,0.0,glen_ranger_bow,nord_hatchett_2_t2,OneHandedAxe,,,Ranged Troops,role_scores_v1_conservative_not_final,2.6554424257761506,xml_structural,false
battanian_highborn_youth,Battanian Highborn Youth,11.0,1.0,noble_line,battania,Ranged,True,False,True,False,False,False,2.5173518629505116,,22.86786084748649,,10.729273316286545,76.12794612794613,100.0,0.0,highland_ranger_bow,battania_2haxe_1_t2|battania_2hsword_1_t2,TwoHandedAxe|TwoHandedSword,,,Ranged Troops,role_scores_v1_conservative_not_final,2.5173518629505116,xml_structural,false
vlandian_levy_crossbowman,Vlandian Levy Crossbowman,11.0,2.0,main_or_minor_line,vlandia,Ranged,False,True,True,False,False,False,0.8104338995792398,,11.75235259322825,,12.087314204571767,72.55892255892256,46.82539682539681,0.0,crossbow_a,vlandia_sword_1_t2,OneHandedSword,,,Ranged Troops,role_scores_v1_conservative_not_final,0.8104338995792398,xml_structural,false
imperial_archer,Imperial Archer,11.0,1.0,main_or_minor_line,empire,Ranged,True,False,True,False,False,False,0.6913082998347223,,0.5165838377895786,,6.505090884769537,76.8013468013468,0.0,0.0,highland_ranger_bow,pugio,Dagger,,,Ranged Troops,role_scores_v1_conservative_not_final,0.6913082998347223,xml_structural,false
guardians_tier_1,Guardian Recruit,11.0,1.0,main_or_minor_line,empire,Ranged,True,False,True,False,False,False,0.5667147996026635,,10.202601079859516,,3.0837282048907486,77.74410774410775,46.82539682539681,0.0,glen_ranger_bow,iron_spatha_sword_t2,OneHandedSword,,,Ranged Troops,role_scores_v1_conservative_not_final,0.5667147996026635,xml_structural,false
aserai_militia_archer,Aserai Militia Archer,11.0,,special_or_unlinked,aserai,Ranged,True,False,True,False,False,False,,,,,5.22207987981499,70.1010101010101,41.587301587301575,0.0,hunting_bow,peasant_hammer_1_t1|peasant_hatchet_1_t1,Mace|OneHandedAxe,,,Ranged Troops,role_scores_v1_conservative_not_final,,xml_structural,false
aserai_militia_veteran_archer,Aserai Militia Veteran Archer,16.0,,special_or_unlinked,aserai,Ranged,True,False,True,False,False,False,,,,,11.963514897076152,84.20875420875421,46.82539682539681,0.0,tribal_bow,aserai_sword_1_t2|aserai_sword_2_t2,OneHandedSword,,,Ranged Troops,role_scores_v1_conservative_not_final,,xml_structural,false
battanian_militia_archer,Battanian Militia Archer,11.0,,special_or_unlinked,battania,Ranged,True,False,True,False,False,False,,,,,6.325019164775914,74.44444444444444,41.587301587301575,0.0,highland_ranger_bow|mountain_hunting_bow,peasant_hammer_1_t1|peasant_hammer_2_t1|peasant_pickaxe_1_t1,Mace|OneHandedAxe,,,Ranged Troops,role_scores_v1_conservative_not_final,,xml_structural,false
battanian_militia_veteran_archer,Battanian Militia Veteran Archer,16.0,,special_or_unlinked,battania,Ranged,True,False,True,False,False,False,,,,,12.785092119547045,74.44444444444444,46.82539682539681,0.0,highland_ranger_bow,battania_axe_1_t2|battania_sword_1_t2,OneHandedAxe|OneHandedSword,,,Ranged Troops,role_scores_v1_conservative_not_final,,xml_structural,false
imperial_militia_archer,Imperial Militia Archer,11.0,,special_or_unlinked,empire,Ranged,True,False,True,False,False,False,,,,,2.813620624900318,70.1010101010101,41.587301587301575,0.0,hunting_bow,peasant_hammer_1_t1|peasant_hatchet_1_t1,Mace|OneHandedAxe,,,Ranged Troops,role_scores_v1_conservative_not_final,,xml_structural,false
imperial_militia_veteran_archer,Imperial Militia Veteran Archer,16.0,,special_or_unlinked,empire,Ranged,True,False,True,False,False,False,,,,,12.166095582068975,70.1010101010101,41.587301587301575,0.0,hunting_bow,small_bit_axe_t2|small_spurred_axe_t2,OneHandedAxe,,,Ranged Troops,role_scores_v1_conservative_not_final,,xml_structural,false
khuzait_militia_archer,Khuzait Militia Archer,11.0,,special_or_unlinked,khuzait,Ranged,True,False,True,False,False,False,,,,,5.469678494806218,70.3030303030303,41.587301587301575,0.0,steppe_bow,peasant_hammer_2_t1|peasant_hatchet_1_t1|peasant_pickaxe_1_t1,Mace|OneHandedAxe,,,Ranged Troops,role_scores_v1_conservative_not_final,,xml_structural,false
khuzait_militia_veteran_archer,Khuzait Militia Veteran Archer,16.0,,special_or_unlinked,khuzait,Ranged,True,False,True,False,False,False,,,,,8.969822552182213,79.5959595959596,46.82539682539681,0.0,steppe_bow|steppe_heavy_bow,khuzait_mace_1_t2|khuzait_sword_1_t2,Mace|OneHandedSword,,,Ranged Troops,role_scores_v1_conservative_not_final,,xml_structural,false
nord_militia_archer,Nord Militia Archer,11.0,,special_or_unlinked,nord,Ranged,True,False,True,False,False,False,,,,,8.384589462202948,65.55555555555556,41.587301587301575,0.0,hunting_bow,nord_hatchett_3_t1|peasant_hammer_1_t1|peasant_hammer_2_t1,Mace|OneHandedAxe,,,Ranged Troops,role_scores_v1_conservative_not_final,,xml_structural,false
nord_militia_veteran_archer,Nord Militia Veteran Archer,16.0,,special_or_unlinked,nord,Ranged,True,False,True,False,False,False,,,,,10.354123899633171,76.56565656565657,41.587301587301575,0.0,glen_ranger_bow,nord_battle_axe_7_t2|nord_hatchett_1_t2|nord_hatchett_2_t2|nord_hatchett_3_t1,OneHandedAxe,,,Ranged Troops,role_scores_v1_conservative_not_final,,xml_structural,false
sturgian_militia_archer,Sturgian Militia Archer,11.0,,special_or_unlinked,sturgia,Ranged,True,False,True,False,False,False,,,,,8.125736364712118,65.55555555555556,41.587301587301575,0.0,hunting_bow,peasant_hammer_1_t1|peasant_hammer_2_t1|peasant_hatchet_1_t1,Mace|OneHandedAxe,,,Ranged Troops,role_scores_v1_conservative_not_final,,xml_structural,false
sturgian_militia_veteran_archer,Sturgian Militia Veteran Archer,16.0,,special_or_unlinked,sturgia,Ranged,True,False,True,False,False,False,,,,,10.376632864632372,81.81818181818181,41.587301587301575,0.0,hunting_bow|nordic_shortbow,small_spurred_axe_t2,OneHandedAxe,,,Ranged Troops,role_scores_v1_conservative_not_final,,xml_structural,false
vlandian_militia_archer,Vlandian Militia Crossbowman,11.0,,special_or_unlinked,vlandia,Ranged,False,True,True,False,False,False,,,,,8.046954987214908,75.92592592592592,41.587301587301575,0.0,crossbow_a,peasant_hammer_1_t1|peasant_hatchet_1_t1|peasant_pickaxe_1_t1,Mace|OneHandedAxe,,,Ranged Troops,role_scores_v1_conservative_not_final,,xml_structural,false
vlandian_militia_veteran_archer,Vlandian Militia Veteran Crossbowman,16.0,,special_or_unlinked,vlandia,Ranged,False,True,True,False,False,False,,,,,16.08265549193022,90.84175084175084,46.82539682539681,0.0,crossbow_c,vlandia_sword_1_t2,OneHandedSword,,,Ranged Troops,role_scores_v1_conservative_not_final,,xml_structural,false
aserai_vanguard_faris,Aserai Vanguard Faris,31.0,5.0,noble_line,aserai,Cavalry,False,False,False,True,True,True,,93.22242618586672,64.46630586157146,100.0,88.90552408587878,0.0,60.47619047619048,24.444444444444443,,aserai_lance_1_t5,TwoHandedPolearm,,eastern_javelin_3_t4,Skirmishers,role_scores_v1_conservative_not_final,100.0,xml_structural,false
embers_of_flame_tier_2,Flame,21.0,2.0,main_or_minor_line,empire,Infantry,False,False,False,False,False,True,,,48.45712250932792,98.2684104480364,21.563588469236038,0.0,100.0,100.0,,justicier_2hsword,TwoHandedSword,sling_reinforced,,Skirmishers,role_scores_v1_conservative_not_final,98.2684104480364,xml_structural,false
sturgian_horse_raider,Sturgian Horse Raider,26.0,5.0,main_or_minor_line,sturgia,Cavalry,False,False,False,True,True,True,,78.93279137117042,45.407138396842846,90.14415706802484,73.04403525289787,0.0,60.47619047619048,24.444444444444443,,northern_spear_4_t4,TwoHandedPolearm,,sturg_javelin_3_t4,Skirmishers,role_scores_v1_conservative_not_final,90.14415706802484,xml_structural,false
jawwal_tier_3,Jawwal Bedouin,26.0,3.0,main_or_minor_line,aserai,Cavalry,False,False,False,True,True,True,,62.15888698214198,42.9726579923047,86.64103043446976,51.35208137183781,0.0,60.47619047619048,24.444444444444443,,eastern_spear_5_t5,TwoHandedPolearm,,eastern_javelin_1_t2,Skirmishers,role_scores_v1_conservative_not_final,86.64103043446976,xml_structural,false
beni_zilal_tier_3,Beni Zilal Royal Guard,26.0,3.0,main_or_minor_line,aserai,Cavalry,False,False,False,False,True,True,,50.94715376961637,43.4471041594325,86.19160251781376,56.67517291172542,0.0,60.47619047619048,24.444444444444443,,eastern_spear_4_t4,TwoHandedPolearm,,northern_javelin_4_t3,Skirmishers,role_scores_v1_conservative_not_final,86.19160251781376,xml_structural,false
battanian_mounted_skirmisher,Battanian Mounted Skirmisher,26.0,,special_or_unlinked,battania,Cavalry,False,False,False,True,True,True,,68.28766334010218,36.735916866888665,85.31838177051233,63.53496221066336,0.0,46.82539682539681,24.444444444444443,,battania_axe_2_t4|battania_sword_4_t4,OneHandedAxe|OneHandedSword,,northern_javelin_5_t5,Skirmishers,role_scores_v1_conservative_not_final,85.31838177051233,xml_structural,false
aserai_veteran_faris,Aserai Veteran Faris,26.0,4.0,noble_line,aserai,Cavalry,False,False,False,True,True,True,,90.9366299702397,47.149315362379106,76.75373441486192,86.07959856011223,0.0,60.47619047619048,24.444444444444443,,aserai_lance_1_t5,TwoHandedPolearm,,northern_javelin_4_t3,Skirmishers,role_scores_v1_conservative_not_final,76.75373441486192,xml_structural,false
conspiracy_battlerider,Conspiracy Battle Rider,26.0,,special_or_unlinked,sturgia,Cavalry,False,False,False,True,True,True,,85.92629519310944,53.70152969859431,74.59902469676338,82.44377903656486,0.0,60.47619047619048,24.444444444444443,,sturgia_lance_1_t4,TwoHandedPolearm,,northern_javelin_3_t4,Skirmishers,role_scores_v1_conservative_not_final,74.59902469676338,xml_structural,false
jawwal_tier_2,Jawwal Camel Rider,16.0,2.0,main_or_minor_line,aserai,Cavalry,False,False,False,True,True,True,,57.491857474123165,37.442382581680626,73.50233420878664,43.51581029701544,0.0,60.47619047619048,24.444444444444443,,triangluar_spear_t3,TwoHandedPolearm,,eastern_javelin_1_t2,Skirmishers,role_scores_v1_conservative_not_final,73.50233420878664,xml_structural,false
sturgian_hardened_brigand,Sturgian Hardened Brigand,21.0,4.0,main_or_minor_line,sturgia,Cavalry,False,False,False,True,True,True,,64.78396535825809,36.074259498043,72.9277854008957,57.56970061790325,0.0,60.47619047619048,24.444444444444443,,northern_spear_3_t4,TwoHandedPolearm,,sturg_javelin_3_t2,Skirmishers,role_scores_v1_conservative_not_final,72.9277854008957,xml_structural,false
hidden_hand_tier_3,Puppeteer,26.0,3.0,main_or_minor_line,empire,Infantry,False,False,False,True,False,True,,60.60981503680191,31.484802172792758,70.82066451165616,54.49163180992659,0.0,60.47619047619048,23.08641975308642,,empire_sword_5_t4|triangluar_spear_t3,OneHandedSword|TwoHandedPolearm,,leafblade_throwing_knife,Skirmishers,role_scores_v1_conservative_not_final,70.82066451165616,xml_structural,false
aserai_faris,Aserai Faris,21.0,3.0,noble_line,aserai,Cavalry,False,False,False,True,True,True,,59.224476254170185,37.69384618673839,70.53691019333077,51.27602250725004,0.0,60.47619047619048,24.444444444444443,,aserai_lance_1_t5,TwoHandedPolearm,,northern_javelin_4_t3,Skirmishers,role_scores_v1_conservative_not_final,70.53691019333077,xml_structural,false
khuzait_Tengri,Khuzait Tengri,26.0,5.0,main_or_minor_line,khuzait,Infantry,False,False,False,False,False,True,,,60.287305248925286,68.51914900786541,37.905097058657084,0.0,100.0,24.444444444444443,,khu_sailorglav_1_t5|khu_teng_sword_1_t5|ridged_3hsword_t4,OneHandedSword|TwoHandedPolearm|TwoHandedSword,,spear_blade_10_hewns,Skirmishers,role_scores_v1_conservative_not_final,68.51914900786541,xml_structural,false
mp_skirmisher_battania_troop,Wildling,10.0,,special_or_unlinked,battania,Infantry,False,False,False,True,False,True,,30.31224684689513,13.433480216050539,66.13409988625489,20.684666978790982,0.0,46.82539682539681,24.444444444444443,,mp_battania_short_sword,OneHandedSword,,mp_javelin_captain,Skirmishers,role_scores_v1_conservative_not_final,66.13409988625489,xml_structural,false
beni_zilal_tier_2,Beni Zilal Soldier,21.0,2.0,main_or_minor_line,aserai,Cavalry,False,False,False,False,True,True,,24.42034005575154,22.61189388761961,61.7967685746172,25.444854321978532,0.0,60.47619047619048,24.444444444444443,,eastern_spear_3_t3,TwoHandedPolearm,,eastern_javelin_2_t3,Skirmishers,role_scores_v1_conservative_not_final,61.7967685746172,xml_structural,false
battanian_falxman,Battanian Falxman,21.0,4.0,main_or_minor_line,battania,Infantry,False,False,False,False,False,True,,,43.67626036651133,61.08192531729843,30.717234235578402,0.0,100.0,23.08641975308642,,battania_2hsword_6,TwoHandedSword,,woodland_throwing_axe_1_t1,Skirmishers,role_scores_v1_conservative_not_final,61.08192531729843,xml_structural,false
mp_skirmisher_empire_troop,Recruit,10.0,,special_or_unlinked,empire,Infantry,False,False,False,True,False,True,,15.935221172678881,11.346870773927169,59.951216243631464,9.194376274436161,0.0,46.82539682539681,24.444444444444443,,mp_empire_gladius,OneHandedSword,,mp_javelin_captain,Skirmishers,role_scores_v1_conservative_not_final,59.951216243631464,xml_structural,false
mp_skirmisher_aserai_troop,Skirmisher,10.0,,special_or_unlinked,aserai,Infantry,False,False,False,True,False,True,,13.985131020987676,11.063844464055014,59.112574039482375,8.390484667321784,0.0,46.82539682539681,24.444444444444443,,mp_aserai_sword,OneHandedSword,,mp_jereed_captain,Skirmishers,role_scores_v1_conservative_not_final,59.112574039482375,xml_structural,false
battanian_marine_t5,Battanian Skipari,26.0,2.0,main_or_minor_line,battania,Infantry,False,False,False,True,False,True,,49.277851410993364,32.155491710599996,58.706039467586905,48.08043546486801,0.0,46.82539682539681,24.444444444444443,,battania_sword_5_t5,OneHandedSword,,northern_javelin_6_t6,Skirmishers,role_scores_v1_conservative_not_final,58.706039467586905,xml_structural,false
aserai_tribal_horseman,Aserai Tribal Horseman,16.0,2.0,noble_line,aserai,Cavalry,False,False,False,True,True,True,,53.862789990683616,27.209825635445306,57.0994747160149,44.69980329308302,0.0,60.47619047619048,24.444444444444443,,eastern_spear_3_t3,TwoHandedPolearm,,eastern_javelin_1_t2,Skirmishers,role_scores_v1_conservative_not_final,57.0994747160149,xml_structural,false
mp_skirmisher_sturgia_troop,Brigand,10.0,,special_or_unlinked,sturgia,Infantry,False,False,False,True,False,True,,12.595211915129887,9.816292062902267,55.90522314614998,7.1535634478417975,0.0,41.587301587301575,24.444444444444443,,mp_sturgia_woodsplitter_axe,OneHandedAxe,,mp_javelin_captain,Skirmishers,role_scores_v1_conservative_not_final,55.90522314614998,xml_structural,false
battanian_wildling,Battanian Wildling,26.0,,special_or_unlinked,battania,Infantry,False,False,False,True,False,True,,59.392905435027224,27.45411884745847,53.02535329124493,61.66084434772021,0.0,41.587301587301575,24.444444444444443,,battania_axe_2_t4,OneHandedAxe,,northern_javelin_2_t3,Skirmishers,role_scores_v1_conservative_not_final,53.02535329124493,xml_structural,false
skolderbrotva_tier_3,Skolder Veteran Broda,26.0,3.0,main_or_minor_line,nord,Infantry,False,False,False,True,False,True,,50.17522813982318,30.40697497538233,51.67087507180767,46.7723430417715,0.0,46.82539682539681,24.444444444444443,,sturgia_sword_4_t4,OneHandedSword,,northern_javelin_3_t4,Skirmishers,role_scores_v1_conservative_not_final,51.67087507180767,xml_structural,false
lakepike_tier_3,Lake Rat Wrecker ,26.0,3.0,main_or_minor_line,sturgia,Infantry,False,False,False,True,False,True,,51.13771004789662,27.92459257063923,49.47518139322245,46.86237890176831,0.0,41.587301587301575,24.444444444444443,,battle_axe_t4,OneHandedAxe,,western_javelin_3_t4,Skirmishers,role_scores_v1_conservative_not_final,49.47518139322245,xml_structural,false
galloglass_tier_3,Redshank,21.0,3.0,main_or_minor_line,battania,Infantry,False,False,False,True,False,True,,58.934718064142764,24.0504370233899,49.117766423632126,58.94261886019746,0.0,41.587301587301575,24.444444444444443,,battle_axe_t4,OneHandedAxe,,northern_javelin_2_t3,Skirmishers,role_scores_v1_conservative_not_final,49.117766423632126,xml_structural,false
aserai_veteran_infantry,Aserai Lieutenant,26.0,5.0,main_or_minor_line,aserai,Infantry,False,False,False,True,False,True,,52.563390119286844,32.63233833009807,48.98736940417635,54.27790382798177,0.0,46.82539682539681,24.444444444444443,,aser_battle_axe_4_t4|aserai_noble_sword_3_t5,OneHandedAxe|OneHandedSword,,eastern_javelin_2_t3,Skirmishers,role_scores_v1_conservative_not_final,48.98736940417635,xml_structural,false
beni_zilal_tier_1,Beni Zilal Recruit,16.0,1.0,main_or_minor_line,aserai,Cavalry,False,False,False,False,True,True,,17.07950785607866,20.33325076249013,47.50819536460909,17.914134944031996,0.0,60.47619047619048,24.444444444444443,,eastern_spear_1_t2,TwoHandedPolearm,,eastern_javelin_1_t2,Skirmishers,role_scores_v1_conservative_not_final,47.50819536460909,xml_structural,false
empire_marine_t5,Imperial Naute,26.0,4.0,main_or_minor_line,empire,Infantry,False,False,False,True,False,True,,45.680810213679905,27.132605481180352,47.12842501336001,46.86173578848261,0.0,41.587301587301575,24.444444444444443,,imperial_axe_t3,OneHandedAxe,,empire_javelin_1_t5,Skirmishers,role_scores_v1_conservative_not_final,47.12842501336001,xml_structural,false
sturgian_shock_troop,Sturgian Heavy Spearman,26.0,,special_or_unlinked,sturgia,Infantry,False,False,False,True,False,True,,64.82810780008721,41.793362631237876,46.22048749398243,63.207746170903505,0.0,60.47619047619048,24.444444444444443,,northern_spear_3_t4,TwoHandedPolearm,,northern_javelin_3_t4,Skirmishers,role_scores_v1_conservative_not_final,46.22048749398243,xml_structural,false
hidden_hand_tier_2,Hidden Soldati,21.0,2.0,main_or_minor_line,empire,Infantry,False,False,False,False,False,True,,,17.34074062605901,43.67611418081736,35.294057118749585,0.0,46.82539682539681,23.08641975308642,,empire_sword_4_t4,OneHandedSword,,lowland_throwing_knife,Skirmishers,role_scores_v1_conservative_not_final,43.67611418081736,xml_structural,false
aserai_youth,Aserai Youth,11.0,1.0,noble_line,aserai,Cavalry,False,False,False,True,True,True,,33.8031233873271,21.872003102304536,37.341128065398465,21.702072196754937,0.0,60.47619047619048,24.444444444444443,,eastern_spear_1_t2,TwoHandedPolearm,,eastern_javelin_1_t2,Skirmishers,role_scores_v1_conservative_not_final,37.341128065398465,xml_structural,false
legion_of_the_betrayed_tier_3,Triarii,26.0,3.0,main_or_minor_line,empire,Infantry,False,False,False,True,False,True,,56.390930961431486,33.18784842254055,35.79124701338988,53.81379040680774,0.0,46.82539682539681,24.444444444444443,,aserai_noble_sword_6_t5,OneHandedSword,,empire_javelin_1_t4,Skirmishers,role_scores_v1_conservative_not_final,35.79124701338988,xml_structural,false
battanian_marine_t4,Battanian River Raider,21.0,1.0,main_or_minor_line,battania,Infantry,False,False,False,True,False,True,,38.158426190748386,23.026644087472988,35.37138684139806,35.717654402925056,0.0,46.82539682539681,24.444444444444443,,bat_sword_7_t2,OneHandedSword,,northern_javelin_6_t6,Skirmishers,role_scores_v1_conservative_not_final,35.37138684139806,xml_structural,false
empire_marine_t4,Imperial Coast Guard,21.0,3.0,main_or_minor_line,empire,Infantry,False,False,False,True,False,True,,38.94210327115958,21.14880912447136,33.09879760254702,39.30837024803594,0.0,41.587301587301575,24.444444444444443,,tzkurion_axe_t3,OneHandedAxe,,empire_javelin_1_t4,Skirmishers,role_scores_v1_conservative_not_final,33.09879760254702,xml_structural,false
nord_spear_warrior,Nord Spear Warrior,16.0,3.0,main_or_minor_line,nord,Infantry,False,False,False,True,False,True,,39.57974860400733,21.14370083993716,31.651811792765617,32.3794677079957,0.0,60.47619047619048,24.444444444444443,,nord_spear_1_t3|nord_spear_2_t3,TwoHandedPolearm,,nord_spear_javelin_1_t3,Skirmishers,role_scores_v1_conservative_not_final,31.651811792765617,xml_structural,false
conspiracy_kern,Conspiracy Kern,16.0,,special_or_unlinked,battania,Infantry,False,False,False,True,False,True,,45.91967324146208,16.63804259918269,31.28805076532291,46.57126295444528,0.0,46.82539682539681,24.444444444444443,,battania_sword_2_t3|light_mace_t3,Mace|OneHandedSword,,northern_javelin_1_t2,Skirmishers,role_scores_v1_conservative_not_final,31.28805076532291,xml_structural,false
legion_of_the_betrayed_tier_2,Principes,21.0,2.0,main_or_minor_line,empire,Infantry,False,False,False,True,False,True,,34.822598624674896,24.421256290804674,30.226262050757253,33.96409884393956,0.0,46.82539682539681,24.444444444444443,,empire_sword_2_t3|empire_sword_3_t3,OneHandedSword,,empire_javelin_1_t4,Skirmishers,role_scores_v1_conservative_not_final,30.226262050757253,xml_structural,false
khuzait_spear_sailor,Khuzait Jishig,21.0,4.0,main_or_minor_line,khuzait,Infantry,False,False,False,False,False,True,,,21.77921981857514,27.96457138443888,25.360100565768196,0.0,46.82539682539681,24.444444444444443,,khuzait_sword_4_t4,OneHandedSword,,spear_blade_10_hewns,Skirmishers,role_scores_v1_conservative_not_final,27.96457138443888,xml_structural,false
lakepike_tier_2,Lake Rat Veteran,21.0,2.0,main_or_minor_line,sturgia,Infantry,False,False,False,False,False,True,,,18.922551743780698,26.502119726243162,17.632022582708657,0.0,41.587301587301575,24.444444444444443,,woodland_axe_t3,OneHandedAxe,,generic_javelin_1_t3,Skirmishers,role_scores_v1_conservative_not_final,26.502119726243162,xml_structural,false
aserai_infantry,Aserai Boatswain,21.0,4.0,main_or_minor_line,aserai,Infantry,False,False,False,True,False,True,,40.22167531911742,21.334519797711252,26.227997466835973,40.1058307222934,0.0,41.587301587301575,24.444444444444443,,aser_battle_axe_4_t4|bamboo_axe_t4,OneHandedAxe,,eastern_javelin_2_t3,Skirmishers,role_scores_v1_conservative_not_final,26.227997466835973,xml_structural,false
hidden_hand_tier_1,Hidden Pawn,16.0,1.0,main_or_minor_line,empire,Infantry,False,False,False,False,False,True,,,12.127017794262452,26.064490456222668,15.351114129456134,0.0,46.82539682539681,23.08641975308642,,iron_spatha_sword_t2,OneHandedSword,,empire_throwingknife_t5,Skirmishers,role_scores_v1_conservative_not_final,26.064490456222668,xml_structural,false
galloglass_tier_2,Kern,16.0,2.0,main_or_minor_line,battania,Infantry,False,False,False,True,False,True,,42.91045291508823,16.71898129205184,23.673772459901567,37.550956009336296,0.0,41.587301587301575,24.444444444444443,,woodland_axe_t3,OneHandedAxe,,northern_javelin_1_t2,Skirmishers,role_scores_v1_conservative_not_final,23.673772459901567,xml_structural,false
mp_skirmisher_aserai_hero,Skirmisher,10.0,,special_or_unlinked,aserai,Infantry,False,False,False,True,False,True,,10.308456752183059,10.53023038985479,23.394422732745248,6.0195403540724515,0.0,46.82539682539681,24.444444444444443,,mp_aserai_sword,OneHandedSword,,mp_jereed,Skirmishers,role_scores_v1_conservative_not_final,23.394422732745248,xml_structural,false
mp_skirmisher_battania_hero,Wildling,10.0,,special_or_unlinked,battania,Infantry,False,False,False,True,False,True,,10.129651924520827,10.50427955341952,23.317527172479423,5.81374410265117,0.0,46.82539682539681,24.444444444444443,,mp_battania_short_sword,OneHandedSword,,mp_javelin,Skirmishers,role_scores_v1_conservative_not_final,23.317527172479423,xml_structural,false
mp_skirmisher_empire_hero,Recruit,10.0,,special_or_unlinked,empire,Infantry,False,False,False,True,False,True,,9.950847096858597,10.478328716984251,23.240631612213612,5.60794785122989,0.0,46.82539682539681,24.444444444444443,,mp_empire_gladius,OneHandedSword,,mp_javelin,Skirmishers,role_scores_v1_conservative_not_final,23.240631612213612,xml_structural,false
sturgian_brigand,Sturgian Brigand,16.0,3.0,main_or_minor_line,sturgia,Infantry,False,False,False,True,False,True,,37.85809900345731,17.654299372879354,21.50099228514054,38.04572449712828,0.0,41.587301587301575,24.444444444444443,,sturgia_axe_2_t2,OneHandedAxe,,sturg_javelin_3_t2,Skirmishers,role_scores_v1_conservative_not_final,21.50099228514054,xml_structural,false
mp_skirmisher_sturgia_hero,Brigand,10.0,,special_or_unlinked,sturgia,Infantry,False,False,False,True,False,True,,9.192332538683054,9.32241520699355,20.30481816606989,5.60794785122989,0.0,41.587301587301575,24.444444444444443,,mp_sturgia_woodsplitter_axe,OneHandedAxe,,mp_sturgia_harpoon,Skirmishers,role_scores_v1_conservative_not_final,20.30481816606989,xml_structural,false
empire_marine_t3,Imperial Shipmate,16.0,2.0,main_or_minor_line,empire,Infantry,False,False,False,True,False,True,,31.935189087145915,15.126086513109469,18.95382685133531,30.545951730489236,0.0,41.587301587301575,24.444444444444443,,small_spurred_axe_t2,OneHandedAxe,,empire_javelin_1_t4,Skirmishers,role_scores_v1_conservative_not_final,18.95382685133531,xml_structural,false
legion_of_the_betrayed_tier_1,Hastati,16.0,1.0,main_or_minor_line,empire,Infantry,False,False,False,True,False,True,,34.366646314136204,16.840051675586032,18.89855238878443,30.186772960430527,0.0,46.82539682539681,24.444444444444443,,empire_sword_1_t2,OneHandedSword,,empire_javelin_1_t4,Skirmishers,role_scores_v1_conservative_not_final,18.89855238878443,xml_structural,false
battanian_raider,Battanian Raider,16.0,3.0,main_or_minor_line,battania,Infantry,False,False,False,False,False,True,,,16.023735676969093,18.74725986221436,24.789873452455065,0.0,46.82539682539681,23.08641975308642,,battania_sword_1_t2,OneHandedSword,,woodland_throwing_axe_1_t1,Skirmishers,role_scores_v1_conservative_not_final,18.74725986221436,xml_structural,false
battanian_clanwarrior,Battanian Clan Warrior,11.0,2.0,main_or_minor_line,battania,Infantry,False,False,False,True,False,True,,27.1286110570492,15.706424232773106,14.36916158165628,23.10405915956241,0.0,60.47619047619048,23.08641975308642,,western_spear_2_t2,TwoHandedPolearm,,celtic_throwing_dagger,Skirmishers,role_scores_v1_conservative_not_final,14.36916158165628,xml_structural,false
jawwal_tier_1,Jawwal Recruit,11.0,1.0,main_or_minor_line,aserai,Infantry,False,False,False,True,False,True,,20.019617987932175,14.665146920807928,12.108292113641811,13.670016000658553,0.0,60.47619047619048,24.444444444444443,,eastern_spear_1_t2,TwoHandedPolearm,,eastern_javelin_1_t2,Skirmishers,role_scores_v1_conservative_not_final,12.108292113641811,xml_structural,false
borrowed_troop,Borrowed Troop,6.0,1.0,main_or_minor_line,empire,Infantry,False,False,False,False,False,True,,,13.124153814736092,10.148454613148933,2.551016033242955,0.0,60.47619047619048,46.17283950617284,,peasant_pickaxe_1_t1|peasant_pitchfork_2_t1|peasant_polearm_1_t1,OneHandedAxe|TwoHandedPolearm,throwing_stone,,Skirmishers,role_scores_v1_conservative_not_final,10.148454613148933,xml_structural,false
battanian_woodrunner,Battanian Wood Runner,11.0,2.0,main_or_minor_line,battania,Infantry,False,False,False,True,False,True,,24.850047791030022,12.347762096689962,6.51674356827254,21.06324633296805,0.0,46.82539682539681,24.444444444444443,,battania_axe_5_t2|battania_sword_1_t2,OneHandedAxe|OneHandedSword,,northern_javelin_5_t5,Skirmishers,role_scores_v1_conservative_not_final,6.51674356827254,xml_structural,false
lakepike_tier_1,Lake Rat Recruit,16.0,1.0,main_or_minor_line,sturgia,Infantry,False,False,False,True,False,True,,20.63248891854716,10.98278216066762,4.816711261953149,16.51289828005783,0.0,41.587301587301575,24.444444444444443,,small_bit_axe_t2,OneHandedAxe,,western_javelin_3_t3,Skirmishers,role_scores_v1_conservative_not_final,4.816711261953149,xml_structural,false
galloglass_tier_1,Skene,11.0,1.0,main_or_minor_line,battania,Infantry,False,False,False,True,False,True,,22.385893759809914,11.237262550460981,3.715497352593999,20.793138752977615,0.0,41.587301587301575,24.444444444444443,,small_spurred_axe_t2,OneHandedAxe,,western_javelin_1_t2,Skirmishers,role_scores_v1_conservative_not_final,3.715497352593999,xml_structural,false
empire_marine_t2,Imperial Oarsman,11.0,1.0,main_or_minor_line,empire,Infantry,False,False,False,False,False,True,,,10.18771340938206,0.605552537093319,11.659643869586915,0.0,41.587301587301575,24.444444444444443,,vlandia_axe_1_t3,OneHandedAxe,,generic_javelin_1_t3,Skirmishers,role_scores_v1_conservative_not_final,0.605552537093319,xml_structural,false
huskarl_swordsman,Huscarl Swordsman,26.0,,special_or_unlinked,sturgia,Infantry,False,False,False,True,False,True,,47.17130703509772,,,40.24538630528845,0.0,46.82539682539681,24.444444444444443,,sturgia_sword_4_t4|sturgia_sword_5_t4,OneHandedSword,,western_javelin_1_t2,Skirmishers,role_scores_v1_conservative_not_final,,xml_structural,false
