rank,tier,troop_id,troop_name,culture,level,tree_tier,line_status,default_group,primary_category,role_score,role_score_column,ranged_role_score,defensive_role_score,offensive_melee_role_score,skirmisher_role_score,defense_score_base,ranged_score_base,crafted_melee_score_base,throw_score_base,armor_total,effective_armor,ranged_damage,throw_damage,crafted_melee_template,crafted_melee_item,ranged_item_scored,direct_throw_item,crafted_throw_item,has_shield,has_horse,has_bow,has_crossbow,has_throwing,OneHanded,TwoHanded,Polearm,Bow,Crossbow,Throwing,Riding,Athletics,roster_count,spectacle_reason,shield_hp,shield_armor,horse_charge,horse_speed,horse_maneuver,horse_extra_health,harness_armor,ammo_stack,ammo_thrust,ranged_base_damage,ranged_speed_rating,ranged_accuracy,ranged_missile_speed,thrown_damage,thrown_stack,thrown_speed_rating,ranged_item_audit,ranged_class,thrown_item_audit
1,S,tarly_vanguard,Tarly Vanguard,reach,31.0,6.0,main_or_minor_line,Infantry,Skirmishers,47.7973,defensive_role_score,,47.79731061351824,69.84125444845719,68.43108666868059,47.28343682925631,0.0,81.95652173913044,30.46153846153846,176.0,56.75000000000001,0.0,0.0,TwoHandedPolearm,ranseur,,,western_javelin_3_t4,True,False,False,False,True,240.0,220.0,230.0,5.0,0.0,230.0,150.0,240.0,1,,470.0,17.0,0.0,0.0,0.0,0.0,0.0,0.0,0.0,0.0,0.0,0.0,0.0,0.0,0.0,0.0,,,
2,S,celtigar_banneret,Celtigar Banneret,dragonstone,31.0,6.0,main_or_minor_line,Infantry,Skirmishers,45.1578,defensive_role_score,,45.157795662174244,69.44958847635525,67.56654072931926,44.19658217685514,0.0,81.95652173913044,30.46153846153846,198.0,61.949999999999996,0.0,0.0,TwoHandedPolearm,crownlands_halberd,,,northern_javelin_3_t4,True,False,False,False,True,230.0,210.0,240.0,5.0,0.0,230.0,5.0,240.0,1,,315.0,9.0,0.0,0.0,0.0,0.0,0.0,0.0,0.0,0.0,0.0,0.0,0.0,0.0,0.0,0.0,,,
3,S,kingsguard_captain,Kingsguard,crownlands,26.0,4.0,main_or_minor_line,Infantry,Defensive Troops,44.9421,defensive_role_score,,44.94210431771142,46.36184878296858,,42.629397211344674,0.0,100.0,0.0,211.0,65.0,0.0,0.0,TwoHandedSword,vlandia_2hsword_1_t5,,,,True,False,False,False,False,140.0,140.0,140.0,30.0,5.0,120.0,140.0,140.0,1,,370.0,1.0,0.0,0.0,0.0,0.0,0.0,0.0,0.0,0.0,0.0,0.0,0.0,0.0,0.0,0.0,,,
4,S,casterly_guardian,Guardian of the Rock,vlandia,31.0,5.0,main_or_minor_line,Infantry,Skirmishers,44.7173,defensive_role_score,,44.71729139313265,66.53495365161244,60.93598769864692,44.720069470614256,0.0,75.72463768115942,30.46153846153846,209.0,61.8,0.0,0.0,OneHandedSword,vlandia_sword_4_t4,,,western_javelin_2_t3,True,False,False,False,True,240.0,240.0,250.0,15.0,45.0,180.0,150.0,240.0,1,,400.0,8.0,0.0,0.0,0.0,0.0,0.0,0.0,0.0,0.0,0.0,0.0,0.0,0.0,0.0,0.0,,,
5,S,stark_houseguard,Stark House Guard,battania,26.0,5.0,main_or_minor_line,Infantry,Defensive Troops,44.716,defensive_role_score,,44.715962499634564,36.51166261088618,,45.372175708223416,0.0,81.95652173913044,0.0,186.0,61.6,0.0,0.0,TwoHandedPolearm,vlandia_lance_2_t4,,,,True,False,False,False,False,140.0,50.0,140.0,40.0,5.0,20.0,20.0,140.0,2,,420.0,9.0,0.0,0.0,0.0,0.0,0.0,0.0,0.0,0.0,0.0,0.0,0.0,0.0,0.0,0.0,,,
6,S,stark_swornsword,Stark Sworn Sword,battania,31.0,6.0,main_or_minor_line,Infantry,Defensive Troops,44.716,defensive_role_score,,44.715962499634564,72.90745875317894,,45.372175708223416,0.0,81.95652173913044,0.0,204.0,61.6,0.0,0.0,TwoHandedPolearm,bill_hook|northern_halberd,,,,True,False,False,False,False,250.0,240.0,240.0,40.0,5.0,230.0,200.0,250.0,2,,420.0,9.0,0.0,0.0,0.0,0.0,0.0,0.0,0.0,0.0,0.0,0.0,0.0,0.0,0.0,0.0,,,
7,S,mallister_houseguard,Mallister House Guard,river,26.0,5.0,main_or_minor_line,Infantry,Defensive Troops,44.7125,defensive_role_score,,44.71245995856326,36.51114288427777,,45.36807956351482,0.0,81.95652173913044,0.0,197.0,62.05,0.0,0.0,TwoHandedPolearm,northern_spear_3_t4,,,,True,False,False,False,False,130.0,30.0,140.0,5.0,0.0,10.0,5.0,140.0,1,,400.0,9.0,0.0,0.0,0.0,0.0,0.0,0.0,0.0,0.0,0.0,0.0,0.0,0.0,0.0,0.0,,,
8,S,lannister_officer,Lannister Officer,vlandia,26.0,5.0,main_or_minor_line,Infantry,Defensive Troops,44.4987,defensive_role_score,,44.498682618082775,46.29605139434317,,42.110825291235884,0.0,100.0,0.0,178.0,57.25,0.0,0.0,TwoHandedSword,battania_2hsword_3_t3,,,,True,False,False,False,False,130.0,130.0,140.0,70.0,20.0,15.0,15.0,140.0,1,,400.0,8.0,0.0,0.0,0.0,0.0,0.0,0.0,0.0,0.0,0.0,0.0,0.0,0.0,0.0,0.0,,,
9,S,grafton_flameknight,Grafton Flaming Knight,vale,31.0,6.0,main_or_minor_line,Infantry,Defensive Troops,44.2676,defensive_role_score,,44.267637242506076,72.84093374730176,,44.84786918552258,0.0,81.95652173913044,0.0,206.0,61.599999999999994,0.0,0.0,TwoHandedPolearm,grafton_spear,,,,True,False,False,False,False,230.0,250.0,240.0,5.0,0.0,10.0,220.0,250.0,1,,380.0,9.0,0.0,0.0,0.0,0.0,0.0,0.0,0.0,0.0,0.0,0.0,0.0,0.0,0.0,0.0,,,
10,S,stark_pikeman,Stark Pikeman,battania,26.0,5.0,main_or_minor_line,Infantry,Defensive Troops,43.8278,defensive_role_score,,43.827833481678724,36.046512575790565,,45.372175708223416,0.0,75.72463768115942,0.0,186.0,61.6,0.0,0.0,OneHandedAxe|OneHandedSword,northern_axe|northern_sword,,,,True,False,False,False,False,130.0,50.0,150.0,40.0,5.0,20.0,20.0,140.0,2,,420.0,9.0,0.0,0.0,0.0,0.0,0.0,0.0,0.0,0.0,0.0,0.0,0.0,0.0,0.0,0.0,,,
11,S,casterly_pikeman,Casterly Rock Marshal,vlandia,26.0,4.0,main_or_minor_line,Infantry,Defensive Troops,43.2702,defensive_role_score,,43.270228943125176,32.90665394454265,,44.720069470614256,0.0,75.72463768115942,0.0,209.0,61.8,0.0,0.0,OneHandedSword,vlandia_sword_4_t4,,,,True,False,False,False,False,140.0,120.0,140.0,15.0,45.0,40.0,100.0,140.0,1,,400.0,8.0,0.0,0.0,0.0,0.0,0.0,0.0,0.0,0.0,0.0,0.0,0.0,0.0,0.0,0.0,,,
12,S,grafton_houseguard,Grafton House Guard,vale,26.0,5.0,main_or_minor_line,Infantry,Defensive Troops,43.2379,defensive_role_score,,43.237890167539085,36.29233798213482,,43.64360264119411,0.0,81.95652173913044,0.0,187.0,59.5,0.0,0.0,TwoHandedPolearm,grafton_spear,,,,True,False,False,False,False,130.0,30.0,140.0,5.0,0.0,10.0,5.0,140.0,1,,380.0,9.0,0.0,0.0,0.0,0.0,0.0,0.0,0.0,0.0,0.0,0.0,0.0,0.0,0.0,0.0,,,
13,S,westerling_hedgeknight,Westerling Hedgeknight,vlandia,31.0,6.0,main_or_minor_line,Infantry,Defensive Troops,43.2379,defensive_role_score,,43.237890167539085,72.68813412442758,,43.64360264119411,0.0,81.95652173913044,0.0,204.0,59.5,0.0,0.0,TwoHandedPolearm,northern_spear_3_t4,,,,True,False,False,False,False,230.0,250.0,240.0,5.0,0.0,10.0,220.0,250.0,1,,380.0,9.0,0.0,0.0,0.0,0.0,0.0,0.0,0.0,0.0,0.0,0.0,0.0,0.0,0.0,0.0,,,
14,A,valyrian_captain,Valyrian Captain,valyrian,26.0,5.0,main_or_minor_line,Infantry,Defensive Troops,42.8442,defensive_role_score,,42.84420455112313,36.233920711348915,,43.18319597594744,0.0,81.95652173913044,0.0,184.0,60.00000000000001,0.0,0.0,TwoHandedPolearm,khuzait_lance_3_t5,,,,True,False,False,False,False,140.0,130.0,130.0,5.0,0.0,50.0,100.0,150.0,1,,400.0,7.0,0.0,0.0,0.0,0.0,0.0,0.0,0.0,0.0,0.0,0.0,0.0,0.0,0.0,0.0,,,
15,A,bolton_flayer,Bolton Flayer,battania,31.0,6.0,main_or_minor_line,Infantry,Skirmishers,42.8092,defensive_role_score,,42.80915770605605,69.11301352474533,63.126631099979896,41.214179214523284,0.0,81.95652173913044,28.769230769230774,207.0,62.075,0.0,0.0,TwoHandedPolearm,bolton_spear,,,celtic_throwing_dagger,True,False,False,False,True,240.0,210.0,230.0,30.0,5.0,230.0,220.0,230.0,2,,390.0,1.0,0.0,0.0,0.0,0.0,0.0,0.0,0.0,0.0,0.0,0.0,0.0,0.0,0.0,0.0,,,
16,A,ibbenese_navigator,Ibbenese Navigator,ibbenese,31.0,5.0,main_or_minor_line,Infantry,Skirmishers,42.5064,defensive_role_score,,42.5063720711878,72.36486417399313,66.69809423768372,41.09580063244474,0.0,81.95652173913044,30.46153846153846,187.0,54.599999999999994,0.0,0.0,TwoHandedPolearm,ibb_glaive,,,northern_javelin_1_t2,True,False,False,False,True,240.0,210.0,250.0,80.0,5.0,230.0,50.0,250.0,1,,400.0,9.0,0.0,0.0,0.0,0.0,0.0,0.0,0.0,0.0,0.0,0.0,0.0,0.0,0.0,0.0,,,
17,A,pentoshi_spearman,Pentoshi Spearman,pentoshi,26.0,5.0,main_or_minor_line,Infantry,Skirmishers,42.4083,defensive_role_score,,42.40830092119094,35.95451568666472,38.24552175388742,40.98110858060393,0.0,81.95652173913044,30.46153846153846,167.0,54.400000000000006,0.0,0.0,TwoHandedPolearm,pentoshi_spear,,,western_javelin_3_t4,True,False,False,False,True,140.0,45.0,130.0,45.0,15.0,110.0,60.0,140.0,1,,400.0,9.0,0.0,0.0,0.0,0.0,0.0,0.0,0.0,0.0,0.0,0.0,0.0,0.0,0.0,0.0,,,
18,A,lannister_houseguard,Lannister House Guard,vlandia,26.0,5.0,main_or_minor_line,Infantry,Defensive Troops,42.246,defensive_role_score,,42.245970536142295,36.145151406631534,,42.48357445971851,0.0,81.95652173913044,0.0,179.0,57.9,0.0,0.0,TwoHandedPolearm,vlandia_lance_1_t3,,,,True,False,False,False,False,140.0,20.0,130.0,70.0,20.0,15.0,15.0,140.0,1,,400.0,8.0,0.0,0.0,0.0,0.0,0.0,0.0,0.0,0.0,0.0,0.0,0.0,0.0,0.0,0.0,,,
19,A,casterly_marshal,Casterly Rock Pikeman,vlandia,21.0,3.0,main_or_minor_line,Infantry,Defensive Troops,42.1914,defensive_role_score,,42.191446293159736,20.518105528398006,,43.45845690036537,0.0,75.72463768115942,0.0,197.0,59.6,0.0,0.0,OneHandedSword,vlandia_sword_4_t4,,,,True,False,False,False,False,100.0,100.0,100.0,15.0,45.0,45.0,60.0,110.0,1,,400.0,8.0,0.0,0.0,0.0,0.0,0.0,0.0,0.0,0.0,0.0,0.0,0.0,0.0,0.0,0.0,,,
20,A,qohorik_goat_devout,Black Goat Devout,qohorik,26.0,4.0,main_or_minor_line,Infantry,Skirmishers,42.1806,defensive_role_score,,42.18063575155539,35.92073345711771,48.5686780875154,40.71485917454493,0.0,81.95652173913044,30.46153846153846,183.0,53.25000000000001,0.0,0.0,TwoHandedPolearm,qohorik_spear,,,eastern_javelin_1_t2,True,False,False,False,True,140.0,30.0,140.0,40.0,10.0,140.0,120.0,140.0,1,,430.0,9.0,0.0,0.0,0.0,0.0,0.0,0.0,0.0,0.0,0.0,0.0,0.0,0.0,0.0,0.0,,,
21,A,westerling_houseguard,Westerling House Guard,vlandia,26.0,5.0,main_or_minor_line,Infantry,Defensive Troops,42.1346,defensive_role_score,,42.134589730074445,36.12862410048392,,42.35331705798503,0.0,81.95652173913044,0.0,194.0,57.25000000000001,0.0,0.0,TwoHandedPolearm,northern_spear_3_t4,,,,True,False,False,False,False,130.0,30.0,140.0,5.0,0.0,10.0,5.0,140.0,1,,380.0,9.0,0.0,0.0,0.0,0.0,0.0,0.0,0.0,0.0,0.0,0.0,0.0,0.0,0.0,0.0,,,
22,A,celtigar_halberdier,Celtigar Halberdier,dragonstone,26.0,5.0,main_or_minor_line,Infantry,Defensive Troops,42.068,defensive_role_score,,42.06804144971943,36.11874929492402,,42.27549030852162,0.0,81.95652173913044,0.0,192.0,58.599999999999994,0.0,0.0,TwoHandedPolearm,crownlands_halberd,,,,True,False,False,False,False,130.0,130.0,140.0,5.0,0.0,10.0,5.0,140.0,1,,315.0,9.0,0.0,0.0,0.0,0.0,0.0,0.0,0.0,0.0,0.0,0.0,0.0,0.0,0.0,0.0,,,
23,A,qohorik_elite_spearman,Qohorik Elite Spearman,qohorik,26.0,5.0,main_or_minor_line,Infantry,Defensive Troops,41.9595,defensive_role_score,,41.95946267650862,36.10263777006314,,42.14850982255501,0.0,81.95652173913044,0.0,180.0,55.75,0.0,0.0,TwoHandedPolearm,qohorik_spear,,,,True,False,False,False,False,130.0,45.0,140.0,45.0,15.0,110.0,60.0,140.0,1,,430.0,9.0,0.0,0.0,0.0,0.0,0.0,0.0,0.0,0.0,0.0,0.0,0.0,0.0,0.0,0.0,,,
24,A,targaryen_elite_pikeman,Valyrian Elite Pikeman,valyrian,26.0,5.0,main_or_minor_line,Infantry,Defensive Troops,41.9561,defensive_role_score,,41.956075533167294,35.76877067625329,,43.18319597594744,0.0,75.72463768115942,0.0,184.0,60.00000000000001,0.0,0.0,OneHandedSword,vlandia_sword_4_t4,,,,True,False,False,False,False,140.0,10.0,150.0,5.0,0.0,50.0,100.0,140.0,1,,400.0,7.0,0.0,0.0,0.0,0.0,0.0,0.0,0.0,0.0,0.0,0.0,0.0,0.0,0.0,0.0,,,
25,A,martell_houseguard,Martell House Guard,aserai,26.0,5.0,main_or_minor_line,Infantry,Skirmishers,41.7919,defensive_role_score,,41.79185369263927,35.86304380358358,44.97542795619558,40.26018711189029,0.0,81.95652173913044,30.46153846153846,170.0,53.6,0.0,0.0,TwoHandedPolearm,southern_spear_3_t3,,,eastern_javelin_2_t3,True,False,False,False,True,140.0,60.0,130.0,100.0,20.0,130.0,110.0,130.0,1,,380.0,9.0,0.0,0.0,0.0,0.0,0.0,0.0,0.0,0.0,0.0,0.0,0.0,0.0,0.0,0.0,,,
26,A,qohorik_swordsman,Qohorik Swordsman,qohorik,21.0,4.0,main_or_minor_line,Infantry,Defensive Troops,41.301,defensive_role_score,,41.30098495510115,26.078802947055724,,41.37843461733816,0.0,81.95652173913044,0.0,176.0,55.550000000000004,0.0,0.0,TwoHandedPolearm,eastern_throwing_spear_1_t3,,,,True,False,False,False,False,110.0,45.0,100.0,45.0,15.0,60.0,60.0,100.0,1,,380.0,9.0,0.0,0.0,0.0,0.0,0.0,0.0,0.0,0.0,0.0,0.0,0.0,0.0,0.0,0.0,,,
27,A,dondarion_houseguard,Dondarrion House Guard,stormlands,26.0,5.0,main_or_minor_line,Infantry,Defensive Troops,41.1301,defensive_role_score,,41.13006095082091,35.97956650919034,,41.17854275555846,0.0,81.95652173913044,0.0,184.0,56.150000000000006,0.0,0.0,TwoHandedPolearm,stormlands_halberd,,,,True,False,False,False,False,140.0,130.0,130.0,5.0,0.0,120.0,5.0,130.0,1,,300.0,10.0,0.0,0.0,0.0,0.0,0.0,0.0,0.0,0.0,0.0,0.0,0.0,0.0,0.0,0.0,,,
28,A,martell_spearman,Martell Spearman,aserai,21.0,4.0,main_or_minor_line,Infantry,Skirmishers,41.0318,defensive_role_score,,41.03180228016363,25.8241369089321,37.794663799841494,39.37132371012403,0.0,81.95652173913044,30.46153846153846,164.0,52.050000000000004,0.0,0.0,TwoHandedPolearm,southern_spear_3_t3,,,eastern_javelin_2_t3,True,False,False,False,True,110.0,45.0,110.0,70.0,15.0,110.0,90.0,100.0,1,,380.0,9.0,0.0,0.0,0.0,0.0,0.0,0.0,0.0,0.0,0.0,0.0,0.0,0.0,0.0,0.0,,,
29,A,glover_bushranger,Glover Bushranger,battania,31.0,6.0,main_or_minor_line,Infantry,Skirmishers,40.9099,defensive_role_score,,40.90991385088182,68.81926404566887,66.17519078869103,39.22877787426474,0.0,81.95652173913044,30.46153846153846,165.0,52.75000000000001,0.0,0.0,TwoHandedPolearm,highland_spear_4_t4,,,northern_javelin_3_t4,True,False,False,False,True,240.0,220.0,220.0,40.0,5.0,240.0,180.0,240.0,1,,300.0,10.0,0.0,0.0,0.0,0.0,0.0,0.0,0.0,0.0,0.0,0.0,0.0,0.0,0.0,0.0,,,
30,A,glover_warrior,Glover Warrior,battania,26.0,5.0,main_or_minor_line,Infantry,Skirmishers,40.9099,defensive_role_score,,40.90991385088182,32.42346790337611,48.15246621543431,39.22877787426474,0.0,81.95652173913044,30.46153846153846,165.0,52.75000000000001,0.0,0.0,TwoHandedPolearm,highland_spear_3_t3,,,northern_javelin_3_t4,True,False,False,False,True,130.0,120.0,130.0,40.0,5.0,140.0,20.0,140.0,1,,300.0,10.0,0.0,0.0,0.0,0.0,0.0,0.0,0.0,0.0,0.0,0.0,0.0,0.0,0.0,0.0,,,
31,A,ibbenese_mariner,Ibbenese Mariner,ibbenese,26.0,4.0,main_or_minor_line,Infantry,Defensive Troops,40.8632,defensive_role_score,,40.86316732118661,35.939963341629074,,40.866416528763125,0.0,81.95652173913044,0.0,183.0,54.199999999999996,0.0,0.0,TwoHandedPolearm,ibb_glaive,,,,True,False,False,False,False,130.0,130.0,140.0,60.0,5.0,130.0,50.0,140.0,1,,400.0,9.0,0.0,0.0,0.0,0.0,0.0,0.0,0.0,0.0,0.0,0.0,0.0,0.0,0.0,0.0,,,
32,A,vale_houseguard,Vale House Guard,vale,26.0,5.0,main_or_minor_line,Infantry,Defensive Troops,40.6313,defensive_role_score,,40.63129910226547,32.59684869994354,,40.59525174905379,0.0,81.95652173913044,0.0,178.0,57.35,0.0,0.0,TwoHandedPolearm,vlandia_lance_3_t5,,,,True,False,False,False,False,120.0,90.0,130.0,5.0,0.0,10.0,5.0,120.0,1,,280.0,8.0,0.0,0.0,0.0,0.0,0.0,0.0,0.0,0.0,0.0,0.0,0.0,0.0,0.0,0.0,,,
33,A,reach_champion,Reach Champion,reach,26.0,4.0,main_or_minor_line,Infantry,Defensive Troops,40.3952,defensive_role_score,,40.39522783405875,35.87052786674476,,40.31917159569413,0.0,81.95652173913044,0.0,188.0,58.0,0.0,0.0,TwoHandedPolearm,vlandia_polearm_1_t5,,,,True,False,False,False,False,90.0,90.0,140.0,140.0,5.0,5.0,50.0,140.0,1,,500.0,1.0,0.0,0.0,0.0,0.0,0.0,0.0,0.0,0.0,0.0,0.0,0.0,0.0,0.0,0.0,,,
34,A,freefolk_thenn_impaler,Freefolk Thenn Impaler,freefolk,31.0,5.0,main_or_minor_line,Infantry,Defensive Troops,40.2903,defensive_role_score,,40.29026699964924,56.921415787608005,,41.23506955253715,0.0,75.72463768115942,0.0,183.0,55.300000000000004,0.0,0.0,OneHandedSword,thenn_sword2,,,,True,False,False,False,False,210.0,220.0,20.0,130.0,5.0,210.0,40.0,220.0,1,,380.0,9.0,0.0,0.0,0.0,0.0,0.0,0.0,0.0,0.0,0.0,0.0,0.0,0.0,0.0,0.0,,,
35,A,pentoshi_pike_warrior,Pentoshi Pike Warrior,pentoshi,21.0,3.0,main_or_minor_line,Infantry,Defensive Troops,39.919,defensive_role_score,,39.91899764608973,23.238025060046162,,40.800878213425534,0.0,75.72463768115942,0.0,175.0,55.00000000000001,0.0,0.0,OneHandedSword,pentoshi_sword,,,,True,False,False,False,False,110.0,45.0,110.0,45.0,15.0,60.0,60.0,110.0,1,,360.0,9.0,0.0,0.0,0.0,0.0,0.0,0.0,0.0,0.0,0.0,0.0,0.0,0.0,0.0,0.0,,,
36,A,harlaw_chief_mate,Harlaw Chief Mate,sturgia,26.0,5.0,main_or_minor_line,Infantry,Defensive Troops,39.7823,defensive_role_score,,39.7822831465784,35.77957571027204,,39.602346271689086,0.0,81.95652173913044,0.0,178.0,55.550000000000004,0.0,0.0,TwoHandedPolearm,northern_spear_2_t3,,,,True,False,False,False,False,140.0,120.0,130.0,15.0,5.0,140.0,15.0,140.0,1,,360.0,6.0,0.0,0.0,0.0,0.0,0.0,0.0,0.0,0.0,0.0,0.0,0.0,0.0,0.0,0.0,,,
37,A,dragonstone_headsman,Dragonstone Elite Halberdier,dragonstone,26.0,5.0,main_or_minor_line,Infantry,Defensive Troops,39.7634,defensive_role_score,,39.76336942479328,35.776769186586606,,39.58022709026264,0.0,81.95652173913044,0.0,170.0,53.9,0.0,0.0,TwoHandedPolearm,dragonstone_elite_halberd,,,,True,False,False,False,False,130.0,120.0,140.0,5.0,0.0,10.0,5.0,130.0,1,,315.0,9.0,0.0,0.0,0.0,0.0,0.0,0.0,0.0,0.0,0.0,0.0,0.0,0.0,0.0,0.0,,,
38,A,dragonstone_houseguard,Dragonstone House Guard,dragonstone,26.0,5.0,main_or_minor_line,Infantry,Defensive Troops,39.7634,defensive_role_score,,39.76336942479328,32.46806044637817,,39.58022709026264,0.0,81.95652173913044,0.0,170.0,53.9,0.0,0.0,TwoHandedPolearm,sturgia_lance_2_t5,,,,True,False,False,False,False,130.0,110.0,130.0,5.0,0.0,10.0,5.0,140.0,1,,315.0,9.0,0.0,0.0,0.0,0.0,0.0,0.0,0.0,0.0,0.0,0.0,0.0,0.0,0.0,0.0,,,
39,A,whiteharbor_elite_pikeman,White Harbor Pike Knight,battania,26.0,5.0,main_or_minor_line,Infantry,Defensive Troops,39.7053,defensive_role_score,,39.705342640739424,35.43479435768546,,40.55101338620091,0.0,75.72463768115942,0.0,184.0,53.65,0.0,0.0,OneHandedSword,manderly_sword,,,,True,False,False,False,False,140.0,50.0,150.0,15.0,5.0,20.0,120.0,140.0,1,,400.0,9.0,0.0,0.0,0.0,0.0,0.0,0.0,0.0,0.0,0.0,0.0,0.0,0.0,0.0,0.0,,,
40,A,lannister_man_at_arms,Lannister Man at Arms,vlandia,21.0,4.0,main_or_minor_line,Infantry,Defensive Troops,39.6961,defensive_role_score,,39.696120636224016,25.840664215079723,,39.50158111185752,0.0,81.95652173913044,0.0,171.0,52.699999999999996,0.0,0.0,TwoHandedPolearm,vlandia_lance_1_t3,,,,True,False,False,False,False,110.0,20.0,100.0,70.0,20.0,15.0,15.0,110.0,1,,400.0,8.0,0.0,0.0,0.0,0.0,0.0,0.0,0.0,0.0,0.0,0.0,0.0,0.0,0.0,0.0,,,
41,A,freefolk_thenn_cannibal,Freefolk Thenn Cannibal,freefolk,26.0,4.0,main_or_minor_line,Infantry,Defensive Troops,39.4567,defensive_role_score,,39.456662224675966,35.39789376848797,,40.26018711189029,0.0,75.72463768115942,0.0,177.0,53.599999999999994,0.0,0.0,OneHandedSword,thenn_sword2,,,,True,False,False,False,False,140.0,150.0,20.0,130.0,5.0,130.0,40.0,140.0,1,,380.0,9.0,0.0,0.0,0.0,0.0,0.0,0.0,0.0,0.0,0.0,0.0,0.0,0.0,0.0,0.0,,,
42,A,harlaw_captain,Harlaw Captain,sturgia,31.0,6.0,main_or_minor_line,Infantry,Defensive Troops,39.436,defensive_role_score,,39.436000785657725,63.603063999335454,,40.634574738256354,0.0,73.33333333333331,0.0,188.0,57.35,0.0,0.0,TwoHandedAxe,war_scythe,,,,True,False,False,False,False,250.0,220.0,230.0,15.0,5.0,240.0,15.0,240.0,1,,360.0,6.0,0.0,0.0,0.0,0.0,0.0,0.0,0.0,0.0,0.0,0.0,0.0,0.0,0.0,0.0,,,
43,A,velaryon_renegade,Velaryon Renegade,dragonstone,26.0,5.0,main_or_minor_line,Infantry,Defensive Troops,39.4201,defensive_role_score,,39.42012039980428,35.725835978961875,,39.178804908819814,0.0,81.95652173913044,0.0,168.0,53.2,0.0,0.0,TwoHandedPolearm,empire_lance_1_t3,,,,True,False,False,False,False,130.0,140.0,130.0,5.0,0.0,10.0,5.0,140.0,1,,315.0,9.0,0.0,0.0,0.0,0.0,0.0,0.0,0.0,0.0,0.0,0.0,0.0,0.0,0.0,0.0,,,
44,A,hightower_guardian,Hightower Captain,reach,26.0,5.0,main_or_minor_line,Infantry,Defensive Troops,39.327,defensive_role_score,,39.32695280730727,35.71201125117802,,39.06984745957105,0.0,81.95652173913044,0.0,195.0,59.25000000000001,0.0,0.0,TwoHandedPolearm,vlandia_lance_3_t5,,,,True,False,False,False,False,140.0,90.0,140.0,5.0,0.0,90.0,5.0,140.0,1,,350.0,1.0,0.0,0.0,0.0,0.0,0.0,0.0,0.0,0.0,0.0,0.0,0.0,0.0,0.0,0.0,,,
45,A,oldtown_guardian,Guardian of Oldtown,reach,31.0,6.0,main_or_minor_line,Infantry,Defensive Troops,39.327,defensive_role_score,,39.32695280730727,65.49038991305392,,39.06984745957105,0.0,81.95652173913044,0.0,195.0,59.25000000000001,0.0,0.0,TwoHandedPolearm,vlandia_lance_3_t5,,,,True,False,False,False,False,230.0,220.0,230.0,5.0,0.0,90.0,220.0,240.0,1,,350.0,1.0,0.0,0.0,0.0,0.0,0.0,0.0,0.0,0.0,0.0,0.0,0.0,0.0,0.0,0.0,,,
46,A,royce_elite_warrior,Royce Elite Warrior,vale,26.0,5.0,main_or_minor_line,Infantry,Defensive Troops,38.9193,defensive_role_score,,38.91925702660605,38.96022381416688,,38.59305621548998,0.0,81.95652173913044,0.0,163.0,47.95,0.0,0.0,TwoHandedPolearm,vlandia_lance_3_t5,,,,True,False,False,False,False,150.0,10.0,140.0,5.0,0.0,130.0,5.0,150.0,1,,500.0,9.0,0.0,0.0,0.0,0.0,0.0,0.0,0.0,0.0,0.0,0.0,0.0,0.0,0.0,0.0,,,
47,A,ibbenese_whaler,Ibbenese Whaler,ibbenese,26.0,5.0,main_or_minor_line,Infantry,Defensive Troops,38.8037,defensive_role_score,,38.80367317125261,38.943072836089165,,38.45788344010617,0.0,81.95652173913044,0.0,179.0,51.599999999999994,0.0,0.0,TwoHandedPolearm,ibb_spear,,,,True,False,False,False,False,140.0,10.0,150.0,5.0,0.0,70.0,5.0,140.0,1,,330.0,9.0,0.0,0.0,0.0,0.0,0.0,0.0,0.0,0.0,0.0,0.0,0.0,0.0,0.0,0.0,,,
48,A,mormont_houseguard,Mormont House Guard,battania,26.0,5.0,main_or_minor_line,Infantry,Defensive Troops,38.644,defensive_role_score,,38.643957298400586,35.61066456253699,,38.271099241394,0.0,81.95652173913044,0.0,171.0,54.2,0.0,0.0,TwoHandedPolearm,highland_spear_3_t3,,,,True,False,False,False,False,140.0,140.0,130.0,40.0,5.0,120.0,15.0,140.0,1,,510.0,1.0,0.0,0.0,0.0,0.0,0.0,0.0,0.0,0.0,0.0,0.0,0.0,0.0,0.0,0.0,,,
49,A,skag_master_spearman,Skagosi Master Spearman,skagosi,26.0,5.0,main_or_minor_line,Infantry,Defensive Troops,38.6356,defensive_role_score,,38.635551199829436,35.60941721867679,,38.26126849409336,0.0,81.95652173913044,0.0,168.0,49.199999999999996,0.0,0.0,TwoHandedPolearm,skagosi_spear,,,,True,False,False,False,False,130.0,20.0,140.0,20.0,15.0,20.0,5.0,140.0,1,,420.0,9.0,0.0,0.0,0.0,0.0,0.0,0.0,0.0,0.0,0.0,0.0,0.0,0.0,0.0,0.0,,,
50,A,westerling_man_at_arms,Westerling Man at Arms,vlandia,21.0,4.0,main_or_minor_line,Infantry,Defensive Troops,38.3834,defensive_role_score,,38.383368242694665,22.337161942037138,,37.96634607507414,0.0,81.95652173913044,0.0,175.0,49.6,0.0,0.0,TwoHandedPolearm,northern_spear_3_t4,,,,True,False,False,False,False,100.0,30.0,100.0,5.0,0.0,10.0,5.0,110.0,1,,380.0,9.0,0.0,0.0,0.0,0.0,0.0,0.0,0.0,0.0,0.0,0.0,0.0,0.0,0.0,0.0,,,
51,A,grafton_man_at_arms,Grafton Man at Arms,vale,21.0,4.0,main_or_minor_line,Infantry,Defensive Troops,38.3343,defensive_role_score,,38.33433266769622,22.32988576951932,,37.90900004915373,0.0,81.95652173913044,0.0,162.0,49.5,0.0,0.0,TwoHandedPolearm,grafton_spear,,,,True,False,False,False,False,100.0,30.0,100.0,5.0,0.0,10.0,5.0,110.0,1,,380.0,9.0,0.0,0.0,0.0,0.0,0.0,0.0,0.0,0.0,0.0,0.0,0.0,0.0,0.0,0.0,,,
52,A,myrish_axeman,Myrish Legionnaire,myrish,26.0,5.0,main_or_minor_line,Infantry,Defensive Troops,38.0695,defensive_role_score,,38.06954056270472,35.52542939875684,,37.59933150918356,0.0,81.95652173913044,0.0,173.0,54.4,0.0,0.0,TwoHandedPolearm,western_spear_5_t4,,,,True,False,False,False,False,140.0,45.0,130.0,45.0,15.0,140.0,60.0,140.0,1,,450.0,1.0,0.0,0.0,0.0,0.0,0.0,0.0,0.0,0.0,0.0,0.0,0.0,0.0,0.0,0.0,,,
53,A,tyrell_houseguard,Tyrell House Guard,reach,26.0,5.0,main_or_minor_line,Infantry,Defensive Troops,38.066,defensive_role_score,,38.0660380216334,32.216200931939994,,37.59523536447496,0.0,81.95652173913044,0.0,169.0,54.85,0.0,0.0,TwoHandedPolearm,vlandia_lance_3_t5,,,,True,False,False,False,False,130.0,90.0,130.0,5.0,0.0,90.0,5.0,130.0,1,,430.0,1.0,0.0,0.0,0.0,0.0,0.0,0.0,0.0,0.0,0.0,0.0,0.0,0.0,0.0,0.0,,,
54,A,tyrell_man_at_arms,Tyrell Man at Arms,reach,21.0,4.0,main_or_minor_line,Infantry,Defensive Troops,38.066,defensive_role_score,,38.0660380216334,22.29007471131469,,37.59523536447496,0.0,81.95652173913044,0.0,169.0,54.85,0.0,0.0,TwoHandedPolearm,western_spear_1_t2,,,,True,False,False,False,False,100.0,90.0,100.0,5.0,0.0,80.0,5.0,110.0,1,,430.0,1.0,0.0,0.0,0.0,0.0,0.0,0.0,0.0,0.0,0.0,0.0,0.0,0.0,0.0,0.0,,,
55,A,mallister_man_at_arms,Mallister Man at Arms,river,21.0,4.0,main_or_minor_line,Infantry,Defensive Troops,38.0436,defensive_role_score,,38.04362175877697,22.286748461020835,,37.569020038339914,0.0,81.95652173913044,0.0,167.0,48.45,0.0,0.0,TwoHandedPolearm,northern_spear_3_t4,,,,True,False,False,False,False,100.0,30.0,100.0,5.0,0.0,10.0,5.0,110.0,1,,400.0,9.0,0.0,0.0,0.0,0.0,0.0,0.0,0.0,0.0,0.0,0.0,0.0,0.0,0.0,0.0,,,
56,A,tyroshi_corsair,Tyroshi Corsair,tyroshi,31.0,5.0,main_or_minor_line,Infantry,Skirmishers,38.0425,defensive_role_score,,38.042502426827646,57.260410556177575,62.01583188319145,37.31260137958153,0.0,73.33333333333331,30.46153846153846,179.0,55.5,0.0,0.0,OneHandedAxe,tyroshi_axe3,,,generic_javelin_1_t3,True,False,False,False,True,230.0,220.0,220.0,45.0,15.0,230.0,150.0,230.0,1,,380.0,1.0,0.0,0.0,0.0,0.0,0.0,0.0,0.0,0.0,0.0,0.0,0.0,0.0,0.0,0.0,,,
57,A,tyroshi_firstmate,Tyroshi Firstmate,tyroshi,26.0,4.0,main_or_minor_line,Infantry,Skirmishers,38.0425,defensive_role_score,,38.042502426827646,30.61521231937972,43.99310730993475,37.31260137958153,0.0,73.33333333333331,30.46153846153846,179.0,55.5,0.0,0.0,OneHandedAxe,tyroshi_axe3,,,generic_javelin_1_t3,True,False,False,False,True,140.0,130.0,130.0,45.0,50.0,140.0,100.0,140.0,1,,380.0,1.0,0.0,0.0,0.0,0.0,0.0,0.0,0.0,0.0,0.0,0.0,0.0,0.0,0.0,0.0,,,
58,A,arryn_houseguard,Arryn House Guard,vale,26.0,5.0,main_or_minor_line,Infantry,Defensive Troops,37.6878,defensive_role_score,,37.68776358593122,35.468779198439535,,37.152851735946115,0.0,81.95652173913044,0.0,175.0,55.449999999999996,0.0,0.0,TwoHandedPolearm,vlandia_lance_3_t5,,,,True,False,False,False,False,130.0,120.0,140.0,20.0,0.0,10.0,50.0,130.0,1,,370.0,1.0,0.0,0.0,0.0,0.0,0.0,0.0,0.0,0.0,0.0,0.0,0.0,0.0,0.0,0.0,,,
59,A,summer_pikeman,Summer Isles Spearmaster,summer,26.0,5.0,main_or_minor_line,Infantry,Skirmishers,37.6392,defensive_role_score,,37.63924099848663,38.55556467685454,12.422105287739626,35.4037979453738,0.0,81.95652173913044,30.46153846153846,158.0,49.199999999999996,0.0,0.0,TwoHandedPolearm,northern_spear_3_t4,,,western_javelin_3_t4,True,False,False,False,True,140.0,20.0,150.0,20.0,15.0,20.0,5.0,150.0,1,,510.0,1.0,0.0,0.0,0.0,0.0,0.0,0.0,0.0,0.0,0.0,0.0,0.0,0.0,0.0,0.0,,,
60,A,bracken_master_pikeman,Bracken Pikemaster,river,31.0,6.0,main_or_minor_line,Infantry,Defensive Troops,37.5527,defensive_role_score,,37.55268089830841,65.68655193603492,,38.033522848295185,0.0,75.72463768115942,0.0,177.0,56.3,0.0,0.0,OneHandedSword,sturgia_sword_4_t4,,,,True,False,False,False,False,230.0,220.0,250.0,5.0,0.0,220.0,5.0,240.0,1,,400.0,1.0,0.0,0.0,0.0,0.0,0.0,0.0,0.0,0.0,0.0,0.0,0.0,0.0,0.0,0.0,,,
61,A,crownlands_militia_veteran_spearman,City Watch Veteran Spearman,crownlands,21.0,0.0,special_or_unlinked,Infantry,Defensive Troops,37.4748,defensive_role_score,,37.474809088795205,,,29.864991070404535,0.0,81.95652173913044,0.0,141.0,38.650000000000006,0.0,0.0,TwoHandedPolearm,western_spear_3_t3,,,,True,False,False,False,False,0.0,0.0,0.0,0.0,0.0,0.0,0.0,0.0,4,,395.0,5.0,0.0,0.0,0.0,0.0,0.0,0.0,0.0,0.0,0.0,0.0,0.0,0.0,0.0,0.0,,,
62,A,unsullied,Unsullied,ghiscari,31.0,0.0,special_or_unlinked,Infantry,Skirmishers,37.2575,defensive_role_score,,37.257464021713155,72.5786145006841,64.97886846177224,34.95731817213638,0.0,81.95652173913044,30.46153846153846,162.0,48.650000000000006,0.0,0.0,TwoHandedPolearm,unsullied_spear,,,eastern_javelin_2_t3,True,False,False,False,True,270.0,50.0,270.0,30.0,5.0,270.0,50.0,270.0,1,,500.0,1.0,0.0,0.0,0.0,0.0,0.0,0.0,0.0,0.0,0.0,0.0,0.0,0.0,0.0,0.0,,,
63,A,qartheen_elite_hoplite,Qartheen Elite Hoplite,qartheen,26.0,5.0,main_or_minor_line,Infantry,Defensive Troops,37.252,defensive_role_score,,37.252047476659484,38.712833948561084,,36.643291334196256,0.0,81.95652173913044,0.0,166.0,47.75000000000001,0.0,0.0,TwoHandedPolearm,qarth_spear,,,,True,False,False,False,False,140.0,10.0,150.0,5.0,0.0,70.0,5.0,140.0,1,,360.0,9.0,0.0,0.0,0.0,0.0,0.0,0.0,0.0,0.0,0.0,0.0,0.0,0.0,0.0,0.0,,,
64,A,tarly_houseguard,Tarly House Guard,reach,26.0,5.0,main_or_minor_line,Infantry,Defensive Troops,37.2429,defensive_role_score,,37.24294086987407,32.09406517896234,,36.632641357953894,0.0,81.95652173913044,0.0,174.0,56.60000000000001,0.0,0.0,TwoHandedPolearm,vlandia_lance_3_t5,,,,True,False,False,False,False,130.0,90.0,130.0,5.0,0.0,90.0,5.0,140.0,1,,280.0,1.0,0.0,0.0,0.0,0.0,0.0,0.0,0.0,0.0,0.0,0.0,0.0,0.0,0.0,0.0,,,
65,A,velaryon_sea_guard,Velaryon Sea Guard,dragonstone,31.0,6.0,main_or_minor_line,Infantry,Defensive Troops,37.1534,defensive_role_score,,37.15339121617834,59.51306679229919,,37.56656235151475,0.0,75.72463768115942,0.0,168.0,53.2,0.0,0.0,OneHandedSword,velaryon_cutlass,,,,True,False,False,False,False,230.0,210.0,220.0,5.0,0.0,230.0,5.0,240.0,1,,500.0,1.0,0.0,0.0,0.0,0.0,0.0,0.0,0.0,0.0,0.0,0.0,0.0,0.0,0.0,0.0,,,
66,A,baratheon_houseguard,Baratheon House Guard,stormlands,26.0,5.0,main_or_minor_line,Infantry,Defensive Troops,37.0503,defensive_role_score,,37.05030111095165,35.374188955707915,,36.40735339898087,0.0,81.95652173913044,0.0,174.0,54.150000000000006,0.0,0.0,OneHandedSword|TwoHandedPolearm,spiked_polehammer|vlandia_sword_4_t4,,,,True,False,False,False,False,130.0,140.0,110.0,5.0,0.0,120.0,5.0,140.0,2,,370.0,1.0,0.0,0.0,0.0,0.0,0.0,0.0,0.0,0.0,0.0,0.0,0.0,0.0,0.0,0.0,,,
67,A,baratheon_pikeknight,Baratheon Hammerknight,stormlands,31.0,6.0,main_or_minor_line,Infantry,Defensive Troops,37.0503,defensive_role_score,,37.05030111095165,68.46127635779224,,36.40735339898087,0.0,81.95652173913044,0.0,174.0,54.150000000000006,0.0,0.0,TwoHandedPolearm,spiked_polehammer,,,,True,False,False,False,False,220.0,220.0,240.0,5.0,0.0,200.0,5.0,230.0,2,,370.0,1.0,0.0,0.0,0.0,0.0,0.0,0.0,0.0,0.0,0.0,0.0,0.0,0.0,0.0,0.0,,,
68,A,yronwood_pikeman,Yronwood Pikeman,aserai,21.0,4.0,main_or_minor_line,Infantry,Defensive Troops,37.0462,defensive_role_score,,37.04621345939606,22.81174529582373,,37.44122032343158,0.0,75.72463768115942,0.0,168.0,51.849999999999994,0.0,0.0,OneHandedSword,vlandia_sword_2_t3,,,,True,False,False,False,False,110.0,45.0,110.0,70.0,15.0,100.0,90.0,100.0,1,,280.0,8.0,0.0,0.0,0.0,0.0,0.0,0.0,0.0,0.0,0.0,0.0,0.0,0.0,0.0,0.0,,,
69,A,yronwood_veteran_pikeman,Yronwood Veteran Pikeman,aserai,26.0,5.0,main_or_minor_line,Infantry,Defensive Troops,37.0462,defensive_role_score,,37.04621345939606,31.98309976138822,,37.44122032343158,0.0,75.72463768115942,0.0,168.0,51.849999999999994,0.0,0.0,OneHandedSword,vlandia_sword_2_t3,,,,True,False,False,False,False,130.0,100.0,140.0,70.0,15.0,100.0,100.0,130.0,1,,280.0,8.0,0.0,0.0,0.0,0.0,0.0,0.0,0.0,0.0,0.0,0.0,0.0,0.0,0.0,0.0,,,
70,A,tyroshi_quartermaster,Tyroshi Quartermaster,tyroshi,21.0,3.0,main_or_minor_line,Infantry,Skirmishers,36.9392,defensive_role_score,,36.939201989363006,21.569765692129533,33.23400689860334,36.022315796372446,0.0,73.33333333333331,30.46153846153846,156.0,53.25,0.0,0.0,OneHandedAxe,tyroshi_axe2,,,generic_javelin_1_t3,True,False,False,False,True,110.0,100.0,100.0,45.0,45.0,110.0,60.0,110.0,1,,380.0,1.0,0.0,0.0,0.0,0.0,0.0,0.0,0.0,0.0,0.0,0.0,0.0,0.0,0.0,0.0,,,
71,A,dragonstone_brute,Dragonstone Halberdier,dragonstone,21.0,4.0,main_or_minor_line,Infantry,Defensive Troops,36.8948,defensive_role_score,,36.894788287385225,25.424986873668967,,36.225484573919026,0.0,81.95652173913044,0.0,156.0,48.05,0.0,0.0,TwoHandedPolearm,dragonstone_halberd,,,,True,False,False,False,False,90.0,90.0,110.0,5.0,0.0,10.0,5.0,100.0,1,,315.0,9.0,0.0,0.0,0.0,0.0,0.0,0.0,0.0,0.0,0.0,0.0,0.0,0.0,0.0,0.0,,,
72,A,dragonstone_man_at_arms,Dragonstone Man at Arms,dragonstone,21.0,4.0,main_or_minor_line,Infantry,Defensive Troops,36.8948,defensive_role_score,,36.894788287385225,22.116278133460536,,36.225484573919026,0.0,81.95652173913044,0.0,156.0,48.05,0.0,0.0,TwoHandedPolearm,empire_lance_1_t3,,,,True,False,False,False,False,100.0,90.0,100.0,5.0,0.0,10.0,5.0,100.0,1,,315.0,9.0,0.0,0.0,0.0,0.0,0.0,0.0,0.0,0.0,0.0,0.0,0.0,0.0,0.0,0.0,,,
73,A,tarth_halberdier,Tarth Halberdier,stormlands,26.0,5.0,main_or_minor_line,Infantry,Defensive Troops,36.8394,defensive_role_score,,36.839448138458415,35.3429014138813,,36.160765487523136,0.0,81.95652173913044,0.0,164.0,47.4,0.0,0.0,TwoHandedPolearm,stormlands_halberd,,,,True,False,False,False,False,130.0,110.0,140.0,5.0,0.0,120.0,5.0,130.0,1,,300.0,10.0,0.0,0.0,0.0,0.0,0.0,0.0,0.0,0.0,0.0,0.0,0.0,0.0,0.0,0.0,,,
74,A,tarth_master_halberdier,Tarth Master Halberdier,stormlands,31.0,6.0,main_or_minor_line,Infantry,Defensive Troops,36.8394,defensive_role_score,,36.839448138458415,68.42998881596561,,36.160765487523136,0.0,81.95652173913044,0.0,164.0,47.4,0.0,0.0,TwoHandedPolearm,stormlands_halberd,,,,True,False,False,False,False,220.0,220.0,240.0,5.0,0.0,200.0,5.0,230.0,1,,300.0,10.0,0.0,0.0,0.0,0.0,0.0,0.0,0.0,0.0,0.0,0.0,0.0,0.0,0.0,0.0,,,
75,A,stark_soldier,Stark Soldier,battania,21.0,4.0,main_or_minor_line,Infantry,Defensive Troops,36.6741,defensive_role_score,,36.6741281998923,25.392244097338786,,35.93875444431701,0.0,81.95652173913044,0.0,146.5,45.150000000000006,0.0,0.0,TwoHandedPolearm,vlandia_lance_1_t3,,,,True,False,False,False,False,110.0,50.0,110.0,40.0,5.0,20.0,20.0,110.0,2,,420.0,9.0,0.0,0.0,0.0,0.0,0.0,0.0,0.0,0.0,0.0,0.0,0.0,0.0,0.0,0.0,,,
76,A,stormlands_houseguard,Stormlands House Guard,stormlands,26.0,5.0,main_or_minor_line,Infantry,Defensive Troops,36.4226,defensive_role_score,,36.42264575097177,31.972345207271417,,35.6733242671997,0.0,81.95652173913044,0.0,158.0,46.55,0.0,0.0,TwoHandedPolearm,vlandia_lance_3_t5,,,,True,False,False,False,False,130.0,90.0,120.0,5.0,0.0,40.0,5.0,130.0,1,,300.0,10.0,0.0,0.0,0.0,0.0,0.0,0.0,0.0,0.0,0.0,0.0,0.0,0.0,0.0,0.0,,,
77,A,crownlands_militia_spearman,City Watch Spearman,crownlands,11.0,0.0,special_or_unlinked,Infantry,Defensive Troops,36.396,defensive_role_score,,36.39602643882977,,,28.60337850015565,0.0,81.95652173913044,0.0,119.0,36.45,0.0,0.0,TwoHandedPolearm,peasant_pitchfork_1_t1|western_spear_1_t2|western_spear_2_t2,,,,True,False,False,False,False,0.0,0.0,0.0,0.0,0.0,0.0,0.0,0.0,4,,395.0,5.0,0.0,0.0,0.0,0.0,0.0,0.0,0.0,0.0,0.0,0.0,0.0,0.0,0.0,0.0,,,
78,A,realm_hedge_knight,Realm Hedge Knight,crownlands,21.0,3.0,main_or_minor_line,Infantry,Defensive Troops,36.3001,defensive_role_score,,36.300056813475706,22.028028555351575,,35.5299592023987,0.0,81.95652173913044,0.0,165.0,46.3,0.0,0.0,TwoHandedPolearm,baratheon_spear,,,,True,False,False,False,False,100.0,90.0,100.0,30.0,5.0,90.0,100.0,110.0,1,,300.0,10.0,0.0,0.0,0.0,0.0,0.0,0.0,0.0,0.0,0.0,0.0,0.0,0.0,0.0,0.0,,,
79,A,qohorik_goat_warrior,Black Goat Warrior,qohorik,21.0,3.0,main_or_minor_line,Infantry,Skirmishers,36.2228,defensive_role_score,,36.22281338924632,25.110552275577565,36.21952901382356,33.747317025215864,0.0,81.95652173913044,30.46153846153846,149.0,41.1,0.0,0.0,TwoHandedPolearm,qohorik_spear,,,eastern_javelin_1_t2,True,False,False,False,True,110.0,30.0,110.0,40.0,10.0,110.0,80.0,110.0,1,,430.0,9.0,0.0,0.0,0.0,0.0,0.0,0.0,0.0,0.0,0.0,0.0,0.0,0.0,0.0,0.0,,,
80,A,stormlands_crusher,Stormlands Elite Maceman,stormlands,26.0,5.0,main_or_minor_line,Infantry,Skirmishers,36.1812,defensive_role_score,,36.18123035870274,25.754254643776264,35.247469264123936,35.6733242671997,0.0,70.10869565217392,30.46153846153846,158.0,46.55,0.0,0.0,Mace,empire_mace_4_t5,,,western_javelin_1_t2,True,False,False,False,True,130.0,120.0,110.0,5.0,0.0,120.0,5.0,130.0,1,,300.0,10.0,0.0,0.0,0.0,0.0,0.0,0.0,0.0,0.0,0.0,0.0,0.0,0.0,0.0,0.0,,,
81,A,umber_houseguard,Umber House Guard,battania,26.0,5.0,main_or_minor_line,Infantry,Defensive Troops,36.1046,defensive_role_score,,36.10461502169625,35.23386277143572,,35.3013943276588,0.0,81.95652173913044,0.0,160.0,49.24999999999999,0.0,0.0,TwoHandedPolearm,northern_spear_4_t5,,,,True,False,False,False,False,130.0,140.0,130.0,5.0,0.0,100.0,5.0,140.0,1,,500.0,1.0,0.0,0.0,0.0,0.0,0.0,0.0,0.0,0.0,0.0,0.0,0.0,0.0,0.0,0.0,,,
82,A,stormlands_spearman,Stormlands Spearman,stormlands,21.0,4.0,main_or_minor_line,Infantry,Defensive Troops,36.0794,defensive_role_score,,36.079396725982775,21.995285779021394,,35.27190208575688,0.0,81.95652173913044,0.0,151.0,45.85,0.0,0.0,TwoHandedPolearm,vlandia_lance_3_t5,,,,True,False,False,False,False,90.0,90.0,100.0,5.0,0.0,40.0,5.0,100.0,1,,300.0,10.0,0.0,0.0,0.0,0.0,0.0,0.0,0.0,0.0,0.0,0.0,0.0,0.0,0.0,0.0,,,
83,A,greyjoy_fingerdancer,Greyjoy Finger Dancer,sturgia,26.0,5.0,main_or_minor_line,Infantry,Defensive Troops,36.0641,defensive_role_score,,36.06410094299896,31.837368420388504,,36.29266134714006,0.0,75.72463768115942,0.0,164.0,50.75,0.0,0.0,OneHandedSword,sturgia_sword_5_t4,,,,True,False,False,False,False,140.0,120.0,120.0,15.0,5.0,140.0,15.0,140.0,1,,510.0,1.0,0.0,0.0,0.0,0.0,0.0,0.0,0.0,0.0,0.0,0.0,0.0,0.0,0.0,0.0,,,
84,A,ibbenese_sailor,Ibbenese Sailor,ibbenese,21.0,3.0,main_or_minor_line,Infantry,Skirmishers,35.9356,defensive_role_score,,35.93560502139838,25.067934693687487,32.65954829896004,33.41143315911064,0.0,81.95652173913044,30.46153846153846,150.0,41.2,0.0,0.0,TwoHandedPolearm,ibb_spear,,,eastern_javelin_1_t2,True,False,False,False,True,100.0,100.0,110.0,30.0,5.0,100.0,50.0,100.0,1,,400.0,9.0,0.0,0.0,0.0,0.0,0.0,0.0,0.0,0.0,0.0,0.0,0.0,0.0,0.0,0.0,,,
85,A,qartheen_hoplite,Qartheen Hoplite,qartheen,21.0,4.0,main_or_minor_line,Infantry,Defensive Troops,35.8545,defensive_role_score,,35.85453358920428,28.579336811177974,,35.00892959546475,0.0,81.95652173913044,0.0,154.0,44.9,0.0,0.0,TwoHandedPolearm,qarth_spear2,,,,True,False,False,False,False,110.0,10.0,120.0,5.0,0.0,70.0,5.0,110.0,1,,360.0,9.0,0.0,0.0,0.0,0.0,0.0,0.0,0.0,0.0,0.0,0.0,0.0,0.0,0.0,0.0,,,
86,A,stormlands_basher,Stormlands Maceman,stormlands,21.0,4.0,main_or_minor_line,Infantry,Skirmishers,35.838,defensive_role_score,,35.83798133371375,17.21213919171743,24.737315865586336,35.27190208575688,0.0,70.10869565217392,30.46153846153846,151.0,45.85,0.0,0.0,Mace,morningstar_mace_t3,,,western_javelin_1_t2,True,False,False,False,True,100.0,90.0,80.0,5.0,0.0,90.0,5.0,100.0,1,,300.0,10.0,0.0,0.0,0.0,0.0,0.0,0.0,0.0,0.0,0.0,0.0,0.0,0.0,0.0,0.0,,,
87,A,skag_spearman,Skagosi Spearman,skagosi,21.0,4.0,main_or_minor_line,Infantry,Defensive Troops,35.781,defensive_role_score,,35.780980226706625,25.259713812192825,,34.92291055658414,0.0,81.95652173913044,0.0,151.0,44.74999999999999,0.0,0.0,TwoHandedPolearm,skagosi_spear,,,,True,False,False,False,False,100.0,20.0,110.0,20.0,15.0,20.0,5.0,110.0,1,,360.0,9.0,0.0,0.0,0.0,0.0,0.0,0.0,0.0,0.0,0.0,0.0,0.0,0.0,0.0,0.0,,,
88,A,river_admiral,Riverlands Admiral,river,31.0,5.0,main_or_minor_line,Infantry,Defensive Troops,35.7479,defensive_role_score,,35.747934005506075,81.33192766787485,,31.877017351268975,0.0,100.0,0.0,162.0,46.25,0.0,0.0,TwoHandedSword,battania_2hsword_3_t3,,,,True,False,False,False,False,220.0,230.0,20.0,30.0,5.0,5.0,40.0,220.0,1,,370.0,1.0,0.0,0.0,0.0,0.0,0.0,0.0,0.0,0.0,0.0,0.0,0.0,0.0,0.0,0.0,,,
89,A,river_elite_swordsman,Riverlands Elite Swordsman,river,21.0,3.0,main_or_minor_line,Infantry,Defensive Troops,35.7479,defensive_role_score,,35.747934005506075,32.886112691878736,,31.877017351268975,0.0,100.0,0.0,162.0,46.25,0.0,0.0,TwoHandedSword,battania_2hsword_3_t3,,,,True,False,False,False,False,110.0,110.0,20.0,30.0,5.0,5.0,40.0,110.0,1,,370.0,1.0,0.0,0.0,0.0,0.0,0.0,0.0,0.0,0.0,0.0,0.0,0.0,0.0,0.0,0.0,,,
90,A,river_swordmaster,Riverlands Swordmaster,river,26.0,4.0,main_or_minor_line,Infantry,Defensive Troops,35.7479,defensive_role_score,,35.747934005506075,44.99756643587777,,31.877017351268975,0.0,100.0,0.0,162.0,46.25,0.0,0.0,TwoHandedSword,battania_2hsword_3_t3,,,,True,False,False,False,False,140.0,140.0,20.0,30.0,5.0,5.0,40.0,130.0,1,,370.0,1.0,0.0,0.0,0.0,0.0,0.0,0.0,0.0,0.0,0.0,0.0,0.0,0.0,0.0,0.0,,,
91,A,bracken_houseguard,Bracken House Guard,river,26.0,5.0,main_or_minor_line,Infantry,Defensive Troops,35.7425,defensive_role_score,,35.74245227492215,35.18012304012555,,34.87785296478954,0.0,81.95652173913044,0.0,156.0,45.699999999999996,0.0,0.0,TwoHandedPolearm,northern_spear_3_t4,,,,True,False,False,False,False,130.0,30.0,140.0,5.0,0.0,10.0,5.0,140.0,1,,315.0,9.0,0.0,0.0,0.0,0.0,0.0,0.0,0.0,0.0,0.0,0.0,0.0,0.0,0.0,0.0,,,
92,A,tigercloak_elite_warrior,Volantine Elite Warrior,volantine,26.0,5.0,main_or_minor_line,Infantry,Defensive Troops,35.7368,defensive_role_score,,35.736848209208034,35.179291477552084,,34.871299133255775,0.0,81.95652173913044,0.0,168.0,51.699999999999996,0.0,0.0,TwoHandedPolearm,southern_spear_3_t3,,,,True,False,False,False,False,140.0,20.0,130.0,20.0,15.0,20.0,5.0,140.0,1,,360.0,1.0,0.0,0.0,0.0,0.0,0.0,0.0,0.0,0.0,0.0,0.0,0.0,0.0,0.0,0.0,,,
93,A,freefolk_frosthedge,Free Folk Frosthedge,freefolk,26.0,5.0,main_or_minor_line,Infantry,Defensive Troops,35.7149,defensive_role_score,,35.71490115149126,30.48455305002405,,36.28283059983943,0.0,73.33333333333331,0.0,161.0,45.75,0.0,0.0,OneHandedAxe,wildling_axe,,,,True,False,False,False,False,140.0,110.0,100.0,5.0,0.0,30.0,5.0,140.0,1,,420.0,9.0,0.0,0.0,0.0,0.0,0.0,0.0,0.0,0.0,0.0,0.0,0.0,0.0,0.0,0.0,,,
94,A,tarth_soldier,Tarth Soldier,stormlands,21.0,4.0,main_or_minor_line,Infantry,Defensive Troops,35.7116,defensive_role_score,,35.71162991349457,25.2494232253462,,34.841806891353855,0.0,81.95652173913044,0.0,141.0,45.1,0.0,0.0,TwoHandedPolearm,northern_spear_2_t3,,,,True,False,False,False,False,100.0,90.0,110.0,5.0,0.0,90.0,5.0,110.0,1,,300.0,10.0,0.0,0.0,0.0,0.0,0.0,0.0,0.0,0.0,0.0,0.0,0.0,0.0,0.0,0.0,,,
95,A,dreadfort_blackguard,Dreadfort Blackguard,battania,26.0,5.0,main_or_minor_line,Infantry,Defensive Troops,35.6808,defensive_role_score,,35.68080755206699,35.17097585181743,,34.80576081791818,0.0,81.95652173913044,0.0,158.0,50.900000000000006,0.0,0.0,TwoHandedPolearm,bolton_spear,,,,True,False,False,False,False,140.0,100.0,70.0,5.0,0.0,130.0,5.0,140.0,1,,390.0,1.0,0.0,0.0,0.0,0.0,0.0,0.0,0.0,0.0,0.0,0.0,0.0,0.0,0.0,0.0,,,
96,A,clegane_houseguard,Clegane House Guard,vlandia,26.0,5.0,main_or_minor_line,Infantry,Defensive Troops,35.4917,defensive_role_score,,35.4916703342159,35.142910614963,,34.584569003653755,0.0,81.95652173913044,0.0,161.0,48.0,0.0,0.0,TwoHandedPolearm,western_spear_5_t4,,,,True,False,False,False,False,130.0,140.0,130.0,5.0,0.0,100.0,5.0,140.0,1,,500.0,1.0,0.0,0.0,0.0,0.0,0.0,0.0,0.0,0.0,0.0,0.0,0.0,0.0,0.0,0.0,,,
97,A,qohorik_spearman,Qohorik Spearman,qohorik,21.0,4.0,main_or_minor_line,Infantry,Defensive Troops,35.3922,defensive_role_score,,35.39219816779052,21.893315418450268,,34.46823849392951,0.0,81.95652173913044,0.0,149.0,43.50000000000001,0.0,0.0,TwoHandedPolearm,eastern_throwing_spear_1_t3,,,,True,False,False,False,False,100.0,45.0,100.0,45.0,15.0,60.0,60.0,100.0,1,,380.0,9.0,0.0,0.0,0.0,0.0,0.0,0.0,0.0,0.0,0.0,0.0,0.0,0.0,0.0,0.0,,,
98,A,celtigar_man_at_arms,Celtigar Man at Arms,dragonstone,21.0,4.0,main_or_minor_line,Infantry,Defensive Troops,35.3747,defensive_role_score,,35.37468546243394,21.89071678540818,,34.44775777038651,0.0,81.95652173913044,0.0,153.0,44.95,0.0,0.0,TwoHandedPolearm,empire_lance_1_t3,,,,True,False,False,False,False,100.0,90.0,100.0,5.0,0.0,10.0,5.0,110.0,1,,315.0,9.0,0.0,0.0,0.0,0.0,0.0,0.0,0.0,0.0,0.0,0.0,0.0,0.0,0.0,0.0,,,
99,A,dreadfort_pikeman,Dreadfort PIkeman,battania,26.0,5.0,main_or_minor_line,Infantry,Defensive Troops,35.3373,defensive_role_score,,35.33730548117595,28.67414564722345,,36.378680386020676,0.0,70.10869565217392,0.0,158.0,50.900000000000006,0.0,0.0,Mace,vlandia_mace_2_t4,,,,True,False,False,False,False,130.0,100.0,140.0,5.0,0.0,70.0,5.0,130.0,1,,510.0,1.0,0.0,0.0,0.0,0.0,0.0,0.0,0.0,0.0,0.0,0.0,0.0,0.0,0.0,0.0,,,
100,A,reach_hedge_knight,Reach Hedge Knight,reach,21.0,3.0,main_or_minor_line,Infantry,Defensive Troops,35.32,defensive_role_score,,35.3200458217214,25.191317790525332,,34.38385791293234,0.0,81.95652173913044,0.0,167.0,47.65,0.0,0.0,TwoHandedPolearm,vlandia_polearm_1_t5,,,,True,False,False,False,False,90.0,90.0,110.0,100.0,5.0,5.0,50.0,110.0,1,,500.0,1.0,0.0,0.0,0.0,0.0,0.0,0.0,0.0,0.0,0.0,0.0,0.0,0.0,0.0,0.0,,,
101,A,blackwood_houseguard,Blackwood House Guard,river,26.0,5.0,main_or_minor_line,Infantry,Defensive Troops,35.2458,defensive_role_score,,35.245791951009494,35.10642580705223,,34.29701964511002,0.0,81.95652173913044,0.0,155.0,44.15,0.0,0.0,TwoHandedPolearm,highland_spear_3_t3,,,,True,False,False,False,False,140.0,30.0,130.0,5.0,0.0,10.0,5.0,140.0,1,,300.0,10.0,0.0,0.0,0.0,0.0,0.0,0.0,0.0,0.0,0.0,0.0,0.0,0.0,0.0,0.0,,,
102,A,tully_houseguard,Tully House Guard,river,26.0,5.0,main_or_minor_line,Infantry,Defensive Troops,35.2353,defensive_role_score,,35.23528432779555,35.104866627226976,,34.28473121098422,0.0,81.95652173913044,0.0,157.0,46.300000000000004,0.0,0.0,TwoHandedPolearm,wide_leaf_spear_t4,,,,True,False,False,False,False,140.0,30.0,130.0,5.0,0.0,10.0,5.0,140.0,1,,205.0,10.0,0.0,0.0,0.0,0.0,0.0,0.0,0.0,0.0,0.0,0.0,0.0,0.0,0.0,0.0,,,
103,A,river_houseguard,Riverlands House Guard,river,26.0,5.0,main_or_minor_line,Infantry,Defensive Troops,35.2108,defensive_role_score,,35.21076654029633,31.79251980075964,,34.25605819802402,0.0,81.95652173913044,0.0,162.0,46.25,0.0,0.0,TwoHandedPolearm,wide_leaf_spear_t4,,,,True,False,False,False,False,130.0,30.0,120.0,5.0,0.0,10.0,5.0,140.0,1,,205.0,10.0,0.0,0.0,0.0,0.0,0.0,0.0,0.0,0.0,0.0,0.0,0.0,0.0,0.0,0.0,,,
104,A,qartheen_pureborn_warrior,Qartheen Pureborn Warrior,qartheen,21.0,3.0,main_or_minor_line,Infantry,Skirmishers,35.144,defensive_role_score,,35.144030739280886,24.950476480185575,32.4002762948522,32.48570445496698,0.0,81.95652173913044,30.46153846153846,144.0,40.5,0.0,0.0,TwoHandedPolearm,qarth_spear,,,eastern_javelin_1_t2,True,False,False,False,True,100.0,100.0,110.0,30.0,5.0,100.0,50.0,100.0,1,,360.0,9.0,0.0,0.0,0.0,0.0,0.0,0.0,0.0,0.0,0.0,0.0,0.0,0.0,0.0,0.0,,,
105,A,ghiscari_unsullied_unbent,Ghiscari Elite Legionnaire,ghiscari,26.0,4.0,main_or_minor_line,Infantry,Skirmishers,35.0865,defensive_role_score,,35.08646673058114,44.68469101761161,49.517145730854295,29.411138236691627,0.0,100.0,30.46153846153846,144.0,43.550000000000004,0.0,0.0,TwoHandedSword,ghiscari_sword,,,eastern_javelin_1_t2,True,False,False,False,True,130.0,130.0,140.0,30.0,5.0,130.0,50.0,130.0,1,,300.0,1.0,0.0,0.0,0.0,0.0,0.0,0.0,0.0,0.0,0.0,0.0,0.0,0.0,0.0,0.0,,,
106,A,ghiscari_unsullied_unbroken,Ghiscari Lockstep Legionnaire,ghiscari,31.0,5.0,main_or_minor_line,Infantry,Skirmishers,35.0865,defensive_role_score,,35.08646673058114,85.05620349760841,71.00577887589115,29.411138236691627,0.0,100.0,30.46153846153846,144.0,43.550000000000004,0.0,0.0,TwoHandedSword,ghiscari_sword,,,eastern_javelin_2_t3,True,False,False,False,True,220.0,240.0,230.0,30.0,5.0,220.0,50.0,230.0,1,,300.0,1.0,0.0,0.0,0.0,0.0,0.0,0.0,0.0,0.0,0.0,0.0,0.0,0.0,0.0,0.0,,,
107,A,yiti_spearman,Yi Ti Spearman,yiti,21.0,4.0,main_or_minor_line,Infantry,Defensive Troops,35.07,defensive_role_score,,35.06996438922942,25.154209310684468,,34.09139318073829,0.0,81.95652173913044,0.0,137.0,43.3,0.0,0.0,TwoHandedPolearm,yiti_spear,,,,True,False,False,False,False,100.0,20.0,110.0,20.0,15.0,20.0,5.0,110.0,1,,360.0,9.0,0.0,0.0,0.0,0.0,0.0,0.0,0.0,0.0,0.0,0.0,0.0,0.0,0.0,0.0,,,
108,A,pentoshi_man_at_arms,Pentoshi Man at Arms,pentoshi,21.0,4.0,main_or_minor_line,Infantry,Defensive Troops,35.0209,defensive_role_score,,35.02092881423099,21.838224397958218,,34.034047154817884,0.0,81.95652173913044,0.0,143.0,43.199999999999996,0.0,0.0,TwoHandedPolearm,pentoshi_spear,,,,True,False,False,False,False,100.0,45.0,100.0,45.0,15.0,60.0,60.0,100.0,1,,360.0,9.0,0.0,0.0,0.0,0.0,0.0,0.0,0.0,0.0,0.0,0.0,0.0,0.0,0.0,0.0,,,
109,A,targaryen_man_at_arms,Valyrian Man at Arms,valyrian,21.0,4.0,main_or_minor_line,Infantry,Defensive Troops,34.9685,defensive_role_score,,34.96850609589122,25.560561626899787,,35.01138728228991,0.0,75.72463768115942,0.0,156.0,45.75,0.0,0.0,OneHandedSword,vlandia_sword_2_t3,,,,True,False,False,False,False,110.0,10.0,120.0,5.0,0.0,70.0,5.0,110.0,1,,400.0,7.0,0.0,0.0,0.0,0.0,0.0,0.0,0.0,0.0,0.0,0.0,0.0,0.0,0.0,0.0,,,
110,A,devout_bearded_priest,Norvoshi Devout Bearded Priest,norvos,26.0,4.0,main_or_minor_line,Infantry,Defensive Troops,34.9208,defensive_role_score,,34.92075613959133,35.058195177791255,,33.91689741615191,0.0,81.95652173913044,0.0,178.0,52.550000000000004,0.0,0.0,TwoHandedPolearm,norvoshi_long_axe,,,,True,False,False,False,False,100.0,100.0,140.0,5.0,0.0,140.0,100.0,140.0,1,,250.0,1.0,0.0,0.0,0.0,0.0,0.0,0.0,0.0,0.0,0.0,0.0,0.0,0.0,0.0,0.0,,,
111,A,skag_savage,Skagosi Savage,skagosi,21.0,4.0,main_or_minor_line,Infantry,Defensive Troops,34.8929,defensive_role_score,,34.892851208750784,22.49221737696985,,34.92291055658414,0.0,75.72463768115942,0.0,151.0,44.74999999999999,0.0,0.0,OneHandedSword,skagosi_sword,,,,True,False,False,False,False,100.0,110.0,100.0,20.0,15.0,20.0,20.0,110.0,1,,360.0,9.0,0.0,0.0,0.0,0.0,0.0,0.0,0.0,0.0,0.0,0.0,0.0,0.0,0.0,0.0,,,
112,A,manderly_man_at_arms,Manderly Man at Arms,battania,21.0,4.0,main_or_minor_line,Infantry,Defensive Troops,34.8738,defensive_role_score,,34.87382208923571,21.816395880404766,,33.862009077056676,0.0,81.95652173913044,0.0,157.0,42.900000000000006,0.0,0.0,TwoHandedPolearm,manderly_spear,,,,True,False,False,False,False,100.0,90.0,100.0,15.0,5.0,90.0,90.0,110.0,1,,360.0,9.0,0.0,0.0,0.0,0.0,0.0,0.0,0.0,0.0,0.0,0.0,0.0,0.0,0.0,0.0,,,
113,A,kingsguard_initiate,Kingsguard Initiate,crownlands,21.0,3.0,main_or_minor_line,Infantry,Defensive Troops,34.8682,defensive_role_score,,34.868218023521585,25.124273058039726,,33.855455245522904,0.0,81.95652173913044,0.0,157.0,49.7,0.0,0.0,TwoHandedPolearm,northern_spear_2_t3,,,,True,False,False,False,False,110.0,110.0,110.0,30.0,5.0,90.0,110.0,110.0,1,,370.0,1.0,0.0,0.0,0.0,0.0,0.0,0.0,0.0,0.0,0.0,0.0,0.0,0.0,0.0,0.0,,,
114,A,guard_of_the_crossing,Guard of the Crossing,river,26.0,5.0,main_or_minor_line,Infantry,Defensive Troops,34.78,defensive_role_score,,34.779953988524426,35.03730216813296,,33.75223239886619,0.0,81.95652173913044,0.0,141.0,43.20000000000001,0.0,0.0,TwoHandedPolearm,northern_spear_2_t3,,,,True,False,False,False,False,140.0,70.0,100.0,5.0,0.0,130.0,5.0,140.0,1,,300.0,10.0,0.0,0.0,0.0,0.0,0.0,0.0,0.0,0.0,0.0,0.0,0.0,0.0,0.0,0.0,,,
115,A,freefolk_thenn_warrior,Freefolk Thenn Warrior,freefolk,21.0,3.0,main_or_minor_line,Infantry,Defensive Troops,34.7002,defensive_role_score,,34.700211449828394,22.463632413506996,,34.69762259761113,0.0,75.72463768115942,0.0,140.0,43.9,0.0,0.0,OneHandedSword,thenn_sword2,,,,True,False,False,False,False,110.0,110.0,20.0,100.0,5.0,5.0,40.0,100.0,1,,380.0,9.0,0.0,0.0,0.0,0.0,0.0,0.0,0.0,0.0,0.0,0.0,0.0,0.0,0.0,0.0,,,
116,A,bracken_man_at_arms,Bracken Man at Arms,river,21.0,4.0,main_or_minor_line,Infantry,Defensive Troops,34.6146,defensive_role_score,,34.6146340499583,21.777936111382015,,33.55889436862026,0.0,81.95652173913044,0.0,133.0,43.4,0.0,0.0,TwoHandedPolearm,northern_spear_3_t4,,,,True,False,False,False,False,100.0,30.0,100.0,5.0,0.0,10.0,5.0,110.0,1,,315.0,9.0,0.0,0.0,0.0,0.0,0.0,0.0,0.0,0.0,0.0,0.0,0.0,0.0,0.0,0.0,,,
117,A,velaryon_warrior,Velaryon Marine,dragonstone,21.0,4.0,main_or_minor_line,Infantry,Defensive Troops,34.6146,defensive_role_score,,34.6146340499583,21.777936111382015,,33.55889436862026,0.0,81.95652173913044,0.0,147.0,43.400000000000006,0.0,0.0,TwoHandedPolearm,empire_lance_1_t3,,,,True,False,False,False,False,100.0,90.0,100.0,5.0,0.0,10.0,5.0,110.0,1,,315.0,9.0,0.0,0.0,0.0,0.0,0.0,0.0,0.0,0.0,0.0,0.0,0.0,0.0,0.0,0.0,,,
118,A,dayne_pikeman,Dayne Man at Arms,aserai,21.0,4.0,main_or_minor_line,Infantry,Defensive Troops,34.5915,defensive_role_score,,34.5915172788876,25.083214655974903,,33.531859813543484,0.0,81.95652173913044,0.0,160.0,48.449999999999996,0.0,0.0,TwoHandedPolearm,southern_spear_3_t3,,,,True,False,False,False,False,110.0,45.0,110.0,70.0,15.0,100.0,90.0,100.0,1,,400.0,1.0,0.0,0.0,0.0,0.0,0.0,0.0,0.0,0.0,0.0,0.0,0.0,0.0,0.0,0.0,,,
119,A,pentoshi_militia_veteran_spearman,Pentoshi Militia Veteran Spearman,pentoshi,16.0,0.0,special_or_unlinked,Infantry,Defensive Troops,34.5866,defensive_role_score,,34.58661372138777,,,33.526125210951456,0.0,81.95652173913044,0.0,143.0,41.400000000000006,0.0,0.0,TwoHandedPolearm,eastern_spear_2_t3,,,,True,False,False,False,False,0.0,0.0,0.0,0.0,0.0,0.0,0.0,0.0,2,,400.0,9.0,0.0,0.0,0.0,0.0,0.0,0.0,0.0,0.0,0.0,0.0,0.0,0.0,0.0,0.0,,,
120,A,umber_axeman,Umber Axeman,battania,26.0,5.0,main_or_minor_line,Infantry,Defensive Troops,34.5815,defensive_role_score,,34.5814788608133,30.31636951954078,,34.957318172136375,0.0,73.33333333333331,0.0,157.0,48.64999999999999,0.0,0.0,OneHandedAxe,battle_axe_t4,,,,True,False,False,False,False,100.0,140.0,130.0,5.0,0.0,130.0,5.0,140.0,1,,500.0,1.0,0.0,0.0,0.0,0.0,0.0,0.0,0.0,0.0,0.0,0.0,0.0,0.0,0.0,0.0,,,
121,A,dayne_veteran_pikeman,Dayne Pikeman,aserai,26.0,5.0,main_or_minor_line,Infantry,Defensive Troops,34.5212,defensive_role_score,,34.52121341155924,28.553049347462633,,35.424278668916806,0.0,70.10869565217392,0.0,173.0,51.75,0.0,0.0,Mace,dayne_mace,,,,True,False,False,False,False,130.0,100.0,140.0,70.0,15.0,100.0,100.0,130.0,1,,400.0,1.0,0.0,0.0,0.0,0.0,0.0,0.0,0.0,0.0,0.0,0.0,0.0,0.0,0.0,0.0,,,
122,A,sarnor_master_spearman,Sarnori Master Spearman,sarnor,26.0,5.0,main_or_minor_line,Infantry,Skirmishers,34.4975,defensive_role_score,,34.4974616575159,34.78066116889737,42.58622496612932,31.729556141759378,0.0,81.95652173913044,30.46153846153846,149.0,46.45000000000001,0.0,0.0,TwoHandedPolearm,northern_spear_3_t4,,,eastern_javelin_1_t2,True,False,False,False,True,130.0,10.0,140.0,5.0,0.0,130.0,5.0,130.0,1,,350.0,1.0,0.0,0.0,0.0,0.0,0.0,0.0,0.0,0.0,0.0,0.0,0.0,0.0,0.0,0.0,,,
123,A,targaryen_soldier,Valyrian Soldier,valyrian,16.0,3.0,main_or_minor_line,Infantry,Defensive Troops,34.4346,defensive_role_score,,34.43460343889263,15.133804683292592,,33.3483525305982,0.0,81.95652173913044,0.0,127.0,42.85,0.0,0.0,TwoHandedPolearm,vlandia_lance_1_t3,,,,True,False,False,False,False,80.0,10.0,80.0,5.0,0.0,10.0,5.0,80.0,1,,400.0,7.0,0.0,0.0,0.0,0.0,0.0,0.0,0.0,0.0,0.0,0.0,0.0,0.0,0.0,0.0,,,
124,A,glover_man_at_arms,Glover Man at Arms,battania,21.0,4.0,main_or_minor_line,Infantry,Defensive Troops,34.2896,defensive_role_score,,34.28959823854014,25.038414222329486,,33.178772139662144,0.0,81.95652173913044,0.0,142.0,42.2,0.0,0.0,TwoHandedPolearm,highland_spear_3_t3,,,,True,False,False,False,False,110.0,50.0,100.0,40.0,5.0,20.0,20.0,110.0,1,,300.0,10.0,0.0,0.0,0.0,0.0,0.0,0.0,0.0,0.0,0.0,0.0,0.0,0.0,0.0,0.0,,,
125,A,qohorik_militia_veteran_spearman,Qohorik Militia Veteran Spearman,qohorik,16.0,0.0,special_or_unlinked,Infantry,Defensive Troops,34.2364,defensive_role_score,,34.23635961425613,,,33.11651074009142,0.0,81.95652173913044,0.0,142.0,41.599999999999994,0.0,0.0,TwoHandedPolearm,eastern_spear_2_t3,,,,True,False,False,False,False,0.0,0.0,0.0,0.0,0.0,0.0,0.0,0.0,2,,360.0,9.0,0.0,0.0,0.0,0.0,0.0,0.0,0.0,0.0,0.0,0.0,0.0,0.0,0.0,0.0,,,
126,A,tully_man_at_arms,Tully Man at Arms,river,21.0,4.0,main_or_minor_line,Infantry,Defensive Troops,34.2055,defensive_role_score,,34.20553725282855,21.717232043519072,,33.08046466665574,0.0,81.95652173913044,0.0,136.0,44.2,0.0,0.0,TwoHandedPolearm,wide_leaf_spear_t4,,,,True,False,False,False,False,100.0,30.0,100.0,5.0,0.0,10.0,5.0,110.0,1,,205.0,10.0,0.0,0.0,0.0,0.0,0.0,0.0,0.0,0.0,0.0,0.0,0.0,0.0,0.0,0.0,,,
127,A,blackwood_man_at_arms,Blackwood Man at Arms,river,21.0,4.0,main_or_minor_line,Infantry,Defensive Troops,34.118,defensive_role_score,,34.11797372604564,21.704238878308683,,32.97806104894073,0.0,81.95652173913044,0.0,132.0,41.85,0.0,0.0,TwoHandedPolearm,highland_spear_3_t3,,,,True,False,False,False,False,100.0,30.0,100.0,5.0,0.0,10.0,5.0,110.0,1,,300.0,10.0,0.0,0.0,0.0,0.0,0.0,0.0,0.0,0.0,0.0,0.0,0.0,0.0,0.0,0.0,,,
128,A,royce_warrior,Royce Warrior,vale,21.0,4.0,main_or_minor_line,Infantry,Defensive Troops,34.0647,defensive_role_score,,34.06473510176163,28.31375651427764,,32.915799649370015,0.0,81.95652173913044,0.0,141.0,38.050000000000004,0.0,0.0,TwoHandedPolearm,vlandia_lance_3_t5,,,,True,False,False,False,False,120.0,10.0,110.0,5.0,0.0,100.0,5.0,120.0,1,,500.0,9.0,0.0,0.0,0.0,0.0,0.0,0.0,0.0,0.0,0.0,0.0,0.0,0.0,0.0,0.0,,,
129,A,valyrian_militia_veteran_spearman,Valyrian Militia Veteran Spearman,valyrian,16.0,0.0,special_or_unlinked,Infantry,Defensive Troops,33.8196,defensive_role_score,,33.81955722676949,,,32.62906951976799,0.0,81.95652173913044,0.0,134.0,40.75,0.0,0.0,TwoHandedPolearm,eastern_spear_2_t3,,,,True,False,False,False,False,0.0,0.0,0.0,0.0,0.0,0.0,0.0,0.0,2,,360.0,9.0,0.0,0.0,0.0,0.0,0.0,0.0,0.0,0.0,0.0,0.0,0.0,0.0,0.0,0.0,,,
130,A,golden_spearman,Golden Company Aurum Spearbearers,volantine,21.0,3.0,main_or_minor_line,Infantry,Defensive Troops,33.7614,defensive_role_score,,33.76141504498563,24.960039449780417,,32.56107351760522,0.0,81.95652173913044,0.0,139.0,46.3,0.0,0.0,TwoHandedPolearm,golden_company_spear,,,,True,False,False,False,False,100.0,20.0,110.0,20.0,15.0,20.0,5.0,120.0,2,,420.0,1.0,0.0,0.0,0.0,0.0,0.0,0.0,0.0,0.0,0.0,0.0,0.0,0.0,0.0,0.0,,,
131,A,vale_man_at_arms,Vale Man at Arms,vale,21.0,4.0,main_or_minor_line,Infantry,Defensive Troops,33.6928,defensive_role_score,,33.692765239987835,21.641144068047037,,32.48078908131666,0.0,81.95652173913044,0.0,130.0,43.199999999999996,0.0,0.0,TwoHandedPolearm,western_spear_1_t2,,,,True,False,False,False,False,90.0,90.0,100.0,5.0,0.0,10.0,5.0,100.0,1,,280.0,8.0,0.0,0.0,0.0,0.0,0.0,0.0,0.0,0.0,0.0,0.0,0.0,0.0,0.0,0.0,,,
132,A,myrish_militia_veteran_spearman,Myrish Militia Veteran Spearman,myrish,16.0,0.0,special_or_unlinked,Infantry,Defensive Troops,33.6725,defensive_role_score,,33.6724505017742,,,32.45703144200678,0.0,81.95652173913044,0.0,127.0,40.45,0.0,0.0,TwoHandedPolearm,eastern_spear_2_t3,,,,True,False,False,False,False,0.0,0.0,0.0,0.0,0.0,0.0,0.0,0.0,2,,360.0,9.0,0.0,0.0,0.0,0.0,0.0,0.0,0.0,0.0,0.0,0.0,0.0,0.0,0.0,0.0,,,
133,A,ibbenese_warrior,Ibbenese Warrior,ibbenese,21.0,4.0,main_or_minor_line,Infantry,Defensive Troops,33.6304,defensive_role_score,,33.63042000891841,28.24931041483411,,32.40787770550358,0.0,81.95652173913044,0.0,147.0,41.050000000000004,0.0,0.0,TwoHandedPolearm,ibb_spear,,,,True,False,False,False,False,110.0,10.0,120.0,5.0,0.0,70.0,5.0,110.0,1,,330.0,9.0,0.0,0.0,0.0,0.0,0.0,0.0,0.0,0.0,0.0,0.0,0.0,0.0,0.0,0.0,,,
134,A,lyseni_glaiveman,Lyseni Glaiveman,lyseni,26.0,5.0,main_or_minor_line,Infantry,Defensive Troops,33.6213,defensive_role_score,,33.621313402132984,34.86537660606909,,32.39722772926122,0.0,81.95652173913044,0.0,159.0,46.70000000000001,0.0,0.0,TwoHandedPolearm,khuzait_polearm_1_t4,,,,True,False,False,False,False,130.0,130.0,140.0,45.0,15.0,130.0,60.0,140.0,1,,390.0,1.0,0.0,0.0,0.0,0.0,0.0,0.0,0.0,0.0,0.0,0.0,0.0,0.0,0.0,0.0,,,
135,A,lyseni_spearman,Lyseni Spearman,lyseni,26.0,5.0,main_or_minor_line,Infantry,Defensive Troops,33.6213,defensive_role_score,,33.621313402132984,34.86537660606909,,32.39722772926122,0.0,81.95652173913044,0.0,159.0,46.70000000000001,0.0,0.0,TwoHandedPolearm,lyseni_spear,,,,True,False,False,False,False,130.0,130.0,140.0,45.0,15.0,130.0,60.0,140.0,1,,390.0,1.0,0.0,0.0,0.0,0.0,0.0,0.0,0.0,0.0,0.0,0.0,0.0,0.0,0.0,0.0,,,
136,A,river_man_at_arms,Riverlands Man at Arms,river,21.0,4.0,main_or_minor_line,Infantry,Defensive Troops,33.5926,defensive_role_score,,33.59259256534819,21.626279887046355,,32.36363934265069,0.0,81.95652173913044,0.0,135.0,42.95,0.0,0.0,TwoHandedPolearm,wide_leaf_spear_t4,,,,True,False,False,False,False,100.0,30.0,90.0,5.0,0.0,10.0,5.0,110.0,1,,205.0,10.0,0.0,0.0,0.0,0.0,0.0,0.0,0.0,0.0,0.0,0.0,0.0,0.0,0.0,0.0,,,
137,A,golden_pikeman,Golden Company Gilt Pike Wardens,volantine,26.0,4.0,main_or_minor_line,Infantry,Defensive Troops,33.5598,defensive_role_score,,33.5597840770078,34.52288205055954,,33.363917880490874,0.0,75.72463768115942,0.0,146.0,47.699999999999996,0.0,0.0,OneHandedSword,golden_company_sword,,,,True,False,False,False,False,140.0,20.0,150.0,20.0,15.0,20.0,5.0,150.0,2,,420.0,1.0,0.0,0.0,0.0,0.0,0.0,0.0,0.0,0.0,0.0,0.0,0.0,0.0,0.0,0.0,,,
138,A,karstark_brute,Karstark House Guard,battania,26.0,5.0,main_or_minor_line,Infantry,Defensive Troops,33.5127,defensive_role_score,,33.512734628922175,34.84926508120821,,32.270247243294605,0.0,81.95652173913044,0.0,153.0,46.25000000000001,0.0,0.0,TwoHandedPolearm,northern_spear_2_t3,,,,True,False,False,False,False,100.0,70.0,140.0,5.0,0.0,130.0,5.0,140.0,1,,400.0,1.0,0.0,0.0,0.0,0.0,0.0,0.0,0.0,0.0,0.0,0.0,0.0,0.0,0.0,0.0,,,
139,A,karstark_loyalist,Karstark Loyalist,battania,31.0,6.0,main_or_minor_line,Infantry,Defensive Troops,33.5127,defensive_role_score,,33.512734628922175,67.93635248329252,,32.270247243294605,0.0,81.95652173913044,0.0,153.0,46.25000000000001,0.0,0.0,TwoHandedPolearm,northern_halberd,,,,True,False,False,False,False,240.0,230.0,240.0,5.0,0.0,230.0,150.0,240.0,1,,400.0,1.0,0.0,0.0,0.0,0.0,0.0,0.0,0.0,0.0,0.0,0.0,0.0,0.0,0.0,0.0,,,
140,A,cerwyn_master_axeman,Cerwyn Veteran Axeman,battania,26.0,5.0,main_or_minor_line,Infantry,Defensive Troops,33.4602,defensive_role_score,,33.460196512852434,34.84146918208197,,32.208805072665605,0.0,81.95652173913044,0.0,147.0,43.400000000000006,0.0,0.0,TwoHandedPolearm,vlandia_lance_1_t3,,,,True,False,False,False,False,130.0,140.0,130.0,40.0,5.0,20.0,20.0,140.0,1,,520.0,1.0,0.0,0.0,0.0,0.0,0.0,0.0,0.0,0.0,0.0,0.0,0.0,0.0,0.0,0.0,,,
141,B,pentoshi_soldier,Pentoshi Soldier,pentoshi,16.0,3.0,main_or_minor_line,Infantry,Defensive Troops,33.1521,defensive_role_score,,33.15208829630658,10.005440631834682,,32.88712663640981,0.0,75.72463768115942,0.0,123.0,41.199999999999996,0.0,0.0,OneHandedSword,pentoshi_sword,,,,True,False,False,False,False,70.0,30.0,70.0,40.0,10.0,30.0,40.0,70.0,1,,360.0,9.0,0.0,0.0,0.0,0.0,0.0,0.0,0.0,0.0,0.0,0.0,0.0,0.0,0.0,0.0,,,
142,B,kingsguard,Gold Cloak Halberdier,crownlands,26.0,5.0,main_or_minor_line,Infantry,Defensive Troops,33.152,defensive_role_score,,33.1519728985766,34.795733240541416,,31.848344338308785,0.0,81.95652173913044,0.0,154.0,46.20000000000001,0.0,0.0,TwoHandedPolearm,crownlands_halberd,,,,True,False,False,False,False,130.0,120.0,140.0,30.0,5.0,5.0,130.0,140.0,1,,370.0,1.0,0.0,0.0,0.0,0.0,0.0,0.0,0.0,0.0,0.0,0.0,0.0,0.0,0.0,0.0,,,
143,B,nightswatch_stalwart,Night's Watch Stalwart,nightswatch,26.0,5.0,main_or_minor_line,Infantry,Defensive Troops,33.1205,defensive_role_score,,33.12045002893475,34.79105570106567,,31.811479035931374,0.0,81.95652173913044,0.0,153.0,49.45,0.0,0.0,TwoHandedPolearm,western_spear_3_t3,,,,True,False,False,False,False,140.0,10.0,100.0,5.0,40.0,10.0,5.0,130.0,1,,225.0,1.0,0.0,0.0,0.0,0.0,0.0,0.0,0.0,0.0,0.0,0.0,0.0,0.0,0.0,0.0,,,
144,B,norvos_militia_veteran_spearman,Norvoshi Militia Veteran Spearman,norvos,16.0,0.0,special_or_unlinked,Infantry,Defensive Troops,33.035,defensive_role_score,,33.034988026794636,,,31.711533105041536,0.0,81.95652173913044,0.0,130.0,39.150000000000006,0.0,0.0,TwoHandedPolearm,eastern_spear_2_t3,,,,True,False,False,False,False,0.0,0.0,0.0,0.0,0.0,0.0,0.0,0.0,2,,360.0,9.0,0.0,0.0,0.0,0.0,0.0,0.0,0.0,0.0,0.0,0.0,0.0,0.0,0.0,0.0,,,
145,B,reach_houseguard,Reach House Guard,reach,26.0,5.0,main_or_minor_line,Infantry,Defensive Troops,32.9558,defensive_role_score,,32.95583059858288,31.45791981026171,,31.61896023462716,0.0,81.95652173913044,0.0,156.0,45.8,0.0,0.0,TwoHandedPolearm,western_spear_1_t2,,,,True,False,False,False,False,120.0,90.0,130.0,5.0,0.0,100.0,5.0,130.0,1,,370.0,1.0,0.0,0.0,0.0,0.0,0.0,0.0,0.0,0.0,0.0,0.0,0.0,0.0,0.0,0.0,,,
146,B,myrish_warrior,Myrish Warrior,myrish,21.0,4.0,main_or_minor_line,Infantry,Defensive Troops,32.8963,defensive_role_score,,32.89628740037051,21.522958237293345,,31.54932577458096,0.0,81.95652173913044,0.0,150.0,43.85,0.0,0.0,TwoHandedPolearm,western_spear_5_t4,,,,True,False,False,False,False,100.0,45.0,100.0,45.0,15.0,60.0,60.0,100.0,1,,450.0,1.0,0.0,0.0,0.0,0.0,0.0,0.0,0.0,0.0,0.0,0.0,0.0,0.0,0.0,0.0,,,
147,B,volantine_militia_veteran_spearman,Volantene Militia Veteran Spearman,volantine,16.0,0.0,special_or_unlinked,Infantry,Defensive Troops,32.8879,defensive_role_score,,32.88788130179935,,,31.539495027280324,0.0,81.95652173913044,0.0,138.0,38.85000000000001,0.0,0.0,TwoHandedPolearm,eastern_spear_2_t3,,,,True,False,False,False,False,0.0,0.0,0.0,0.0,0.0,0.0,0.0,0.0,2,,360.0,9.0,0.0,0.0,0.0,0.0,0.0,0.0,0.0,0.0,0.0,0.0,0.0,0.0,0.0,0.0,,,
148,B,mormont_man_at_arms,Mormont Man at Arms,battania,21.0,4.0,main_or_minor_line,Infantry,Defensive Troops,32.49,defensive_role_score,,32.48999263609782,24.771378690925573,,31.074172988383335,0.0,81.95652173913044,0.0,128.0,41.650000000000006,0.0,0.0,TwoHandedPolearm,northern_spear_1_t2,,,,True,False,False,False,False,110.0,110.0,100.0,40.0,5.0,90.0,15.0,110.0,1,,510.0,1.0,0.0,0.0,0.0,0.0,0.0,0.0,0.0,0.0,0.0,0.0,0.0,0.0,0.0,0.0,,,
149,B,lyseni_warrior,Lyseni Warrior,lyseni,21.0,4.0,main_or_minor_line,Infantry,Defensive Troops,32.3954,defensive_role_score,,32.395424027172275,21.44863733228992,,30.963577081251124,0.0,81.95652173913044,0.0,136.0,44.20000000000001,0.0,0.0,TwoHandedPolearm,lyseni_spear,,,,True,False,False,False,False,100.0,100.0,100.0,45.0,15.0,60.0,60.0,100.0,1,,390.0,1.0,0.0,0.0,0.0,0.0,0.0,0.0,0.0,0.0,0.0,0.0,0.0,0.0,0.0,0.0,,,
150,B,river_pikeman,Riverlands Pikeman,river,26.0,5.0,main_or_minor_line,Infantry,Defensive Troops,32.2884,defensive_role_score,,32.28836166811997,31.277103136516544,,31.877017351268975,0.0,75.72463768115942,0.0,162.0,46.25,0.0,0.0,OneHandedSword,vlandia_sword_3_t4,,,,True,False,False,False,False,100.0,30.0,140.0,20.0,0.0,10.0,130.0,130.0,1,,370.0,1.0,0.0,0.0,0.0,0.0,0.0,0.0,0.0,0.0,0.0,0.0,0.0,0.0,0.0,0.0,,,
151,B,ghiscari_militia_veteran_spearman,Ghiscari Militia Veteran Spearman,ghiscari,16.0,0.0,special_or_unlinked,Infantry,Defensive Troops,32.2504,defensive_role_score,,32.25041882681978,,,30.793996690315076,0.0,81.95652173913044,0.0,116.0,37.550000000000004,0.0,0.0,TwoHandedPolearm,eastern_spear_2_t3,,,,True,False,False,False,False,0.0,0.0,0.0,0.0,0.0,0.0,0.0,0.0,2,,360.0,9.0,0.0,0.0,0.0,0.0,0.0,0.0,0.0,0.0,0.0,0.0,0.0,0.0,0.0,0.0,,,
152,B,hightower_guard,Hightower Guard,reach,21.0,4.0,main_or_minor_line,Infantry,Defensive Troops,32.1923,defensive_role_score,,32.192276645035925,24.727201929210253,,30.726000688152304,0.0,81.95652173913044,0.0,152.0,44.7,0.0,0.0,TwoHandedPolearm,vlandia_lance_3_t5,,,,True,False,False,False,False,100.0,90.0,110.0,5.0,0.0,80.0,5.0,110.0,1,,350.0,1.0,0.0,0.0,0.0,0.0,0.0,0.0,0.0,0.0,0.0,0.0,0.0,0.0,0.0,0.0,,,
153,B,greyjoy_houseguard,Greyjoy Deckman,sturgia,21.0,4.0,main_or_minor_line,Infantry,Defensive Troops,32.1467,defensive_role_score,,32.14674361110881,24.72044548330085,,30.6727508069405,0.0,81.95652173913044,0.0,143.0,40.95,0.0,0.0,TwoHandedPolearm,northern_spear_2_t3,,,,True,False,False,False,False,110.0,100.0,100.0,15.0,5.0,90.0,15.0,110.0,1,,510.0,1.0,0.0,0.0,0.0,0.0,0.0,0.0,0.0,0.0,0.0,0.0,0.0,0.0,0.0,0.0,,,
154,B,yronwood_man_at_arms,Yronwood Man at Arms,aserai,16.0,3.0,main_or_minor_line,Infantry,Skirmishers,32.0877,defensive_role_score,,32.08771340045027,14.570836821056872,21.001485310553864,28.911408582242395,0.0,81.95652173913044,30.46153846153846,139.0,41.650000000000006,0.0,0.0,TwoHandedPolearm,southern_spear_3_t3,,,eastern_javelin_2_t3,True,False,False,False,True,80.0,30.0,80.0,30.0,10.0,70.0,50.0,80.0,1,,345.0,1.0,0.0,0.0,0.0,0.0,0.0,0.0,0.0,0.0,0.0,0.0,0.0,0.0,0.0,0.0,,,
155,B,yiti_militia_veteran_spearman,YiTish Militia Veteran Spearman,yiti,16.0,0.0,special_or_unlinked,Infantry,Defensive Troops,31.6809,defensive_role_score,,31.680905648623742,,,30.127963560696664,0.0,81.95652173913044,0.0,142.0,40.0,0.0,0.0,TwoHandedPolearm,eastern_spear_2_t3,,,,True,False,False,False,False,0.0,0.0,0.0,0.0,0.0,0.0,0.0,0.0,2,,510.0,1.0,0.0,0.0,0.0,0.0,0.0,0.0,0.0,0.0,0.0,0.0,0.0,0.0,0.0,0.0,,,
156,B,lannister_footman,Lannister Footman,vlandia,16.0,3.0,main_or_minor_line,Infantry,Defensive Troops,31.6543,defensive_role_score,,31.65428633648174,14.72124570153233,,30.096832860911313,0.0,81.95652173913044,0.0,108.0,36.300000000000004,0.0,0.0,TwoHandedPolearm,vlandia_lance_1_t3,,,,True,False,False,False,False,80.0,20.0,70.0,50.0,20.0,15.0,15.0,80.0,1,,400.0,8.0,0.0,0.0,0.0,0.0,0.0,0.0,0.0,0.0,0.0,0.0,0.0,0.0,0.0,0.0,,,
157,B,dondarion_man_at_arms,Dondarrion Man at Arms,stormlands,21.0,4.0,main_or_minor_line,Infantry,Defensive Troops,31.6172,defensive_role_score,,31.61715940112579,24.64186282010842,,30.053413727000144,0.0,81.95652173913044,0.0,138.0,36.75,0.0,0.0,TwoHandedPolearm,northern_spear_2_t3,,,,True,False,False,False,False,110.0,90.0,100.0,5.0,0.0,90.0,5.0,110.0,1,,300.0,10.0,0.0,0.0,0.0,0.0,0.0,0.0,0.0,0.0,0.0,0.0,0.0,0.0,0.0,0.0,,,
158,B,vale_soldier,Vale Soldier,vale,16.0,3.0,main_or_minor_line,Infantry,Defensive Troops,31.6088,defensive_role_score,,31.60875330255463,11.405780515414497,,30.043582979699504,0.0,81.95652173913044,0.0,107.0,38.95,0.0,0.0,TwoHandedPolearm,western_spear_1_t2,,,,True,False,False,False,False,70.0,10.0,70.0,5.0,0.0,10.0,5.0,70.0,1,,280.0,8.0,0.0,0.0,0.0,0.0,0.0,0.0,0.0,0.0,0.0,0.0,0.0,0.0,0.0,0.0,,,
159,B,bolton_veteran,Bolton Veteran,battania,21.0,4.0,main_or_minor_line,Infantry,Defensive Troops,31.5373,defensive_role_score,,31.537301464699773,24.630013053436553,,29.960021627644057,0.0,81.95652173913044,0.0,145.0,42.45,0.0,0.0,TwoHandedPolearm,bolton_spear,,,,True,False,False,False,False,110.0,70.0,100.0,5.0,0.0,100.0,5.0,110.0,1,,390.0,1.0,0.0,0.0,0.0,0.0,0.0,0.0,0.0,0.0,0.0,0.0,0.0,0.0,0.0,0.0,,,
160,B,lyseni_axeman,Lyseni Axeman,lyseni,21.0,3.0,main_or_minor_line,Infantry,Defensive Troops,31.5098,defensive_role_score,,31.509750341268894,20.97883653836105,,31.364999262693946,0.0,73.33333333333331,0.0,151.0,44.9,0.0,0.0,OneHandedAxe,imperial_axe_t3,,,,True,False,False,False,False,100.0,110.0,100.0,45.0,45.0,110.0,60.0,110.0,1,,390.0,1.0,0.0,0.0,0.0,0.0,0.0,0.0,0.0,0.0,0.0,0.0,0.0,0.0,0.0,0.0,,,
161,B,casterly_soldier,Casterly Rock Soldier,vlandia,16.0,2.0,main_or_minor_line,Infantry,Defensive Troops,31.4336,defensive_role_score,,31.433626248988816,14.688502925202151,,29.83877574426949,0.0,81.95652173913044,0.0,106.0,35.85,0.0,0.0,TwoHandedPolearm,western_spear_3_t3,,,,True,False,False,False,False,80.0,40.0,80.0,10.0,30.0,30.0,40.0,80.0,1,,400.0,8.0,0.0,0.0,0.0,0.0,0.0,0.0,0.0,0.0,0.0,0.0,0.0,0.0,0.0,0.0,,,
162,B,qartheen_warrior,Qartheen Soldier,qartheen,16.0,3.0,main_or_minor_line,Infantry,Defensive Troops,31.3433,defensive_role_score,,31.34326068934885,11.3663852384966,,29.733095210787603,0.0,81.95652173913044,0.0,122.0,35.7,0.0,0.0,TwoHandedPolearm,qarth_spear2,,,,True,False,False,False,False,70.0,10.0,50.0,5.0,0.0,10.0,5.0,70.0,1,,360.0,9.0,0.0,0.0,0.0,0.0,0.0,0.0,0.0,0.0,0.0,0.0,0.0,0.0,0.0,0.0,,,
163,B,ibbenese_rower,Ibbenese Rower,ibbenese,16.0,2.0,main_or_minor_line,Infantry,Defensive Troops,31.2767,defensive_role_score,,31.27671240899384,11.356510432936703,,29.655268461324205,0.0,81.95652173913044,0.0,134.0,36.25,0.0,0.0,TwoHandedPolearm,ibb_spear,,,,True,False,False,False,False,60.0,50.0,70.0,30.0,5.0,70.0,50.0,60.0,1,,330.0,9.0,0.0,0.0,0.0,0.0,0.0,0.0,0.0,0.0,0.0,0.0,0.0,0.0,0.0,0.0,,,
164,B,ibbenese_tracker,Ibbenese Tracker,ibbenese,16.0,3.0,main_or_minor_line,Infantry,Defensive Troops,31.2767,defensive_role_score,,31.27671240899384,11.356510432936703,,29.655268461324205,0.0,81.95652173913044,0.0,134.0,36.25,0.0,0.0,TwoHandedPolearm,ibb_spear,,,,True,False,False,False,False,70.0,10.0,50.0,5.0,0.0,10.0,5.0,70.0,1,,330.0,9.0,0.0,0.0,0.0,0.0,0.0,0.0,0.0,0.0,0.0,0.0,0.0,0.0,0.0,0.0,,,
165,B,hightower_soldier,Hightower Soldier,reach,16.0,3.0,main_or_minor_line,Infantry,Defensive Troops,31.1135,defensive_role_score,,31.113493995070503,14.640999913192973,,29.46438811790343,0.0,81.95652173913044,0.0,130.0,42.50000000000001,0.0,0.0,TwoHandedPolearm,western_spear_1_t2,,,,True,False,False,False,False,70.0,10.0,80.0,5.0,0.0,10.0,5.0,80.0,1,,350.0,1.0,0.0,0.0,0.0,0.0,0.0,0.0,0.0,0.0,0.0,0.0,0.0,0.0,0.0,0.0,,,
166,B,ghiscari_soldier,Ghiscari Soldier,ghiscari,21.0,4.0,main_or_minor_line,Infantry,Skirmishers,30.9544,defensive_role_score,,30.954406507502288,18.63596758868195,25.23491934492078,28.624678452640374,0.0,75.72463768115942,30.46153846153846,144.0,43.550000000000004,0.0,0.0,OneHandedSword,aserai_sword_3_t3,,,eastern_javelin_1_t2,True,False,False,False,True,100.0,10.0,80.0,5.0,0.0,90.0,5.0,100.0,1,,240.0,1.0,0.0,0.0,0.0,0.0,0.0,0.0,0.0,0.0,0.0,0.0,0.0,0.0,0.0,0.0,,,
167,B,summer_militia_veteran_spearman,Summer Isles Militia Veteran Spearman,summer,16.0,0.0,special_or_unlinked,Infantry,Defensive Troops,30.8473,defensive_role_score,,30.84730087365046,,,29.15308112004981,0.0,81.95652173913044,0.0,126.0,38.300000000000004,0.0,0.0,TwoHandedPolearm,eastern_spear_2_t3,,,,True,False,False,False,False,0.0,0.0,0.0,0.0,0.0,0.0,0.0,0.0,2,,510.0,1.0,0.0,0.0,0.0,0.0,0.0,0.0,0.0,0.0,0.0,0.0,0.0,0.0,0.0,0.0,,,
168,B,dragonstone_soldier,Dragonstone Soldier,dragonstone,16.0,3.0,main_or_minor_line,Infantry,Defensive Troops,30.8389,defensive_role_score,,30.8388947750793,11.291544606884761,,29.143250372749165,0.0,81.95652173913044,0.0,111.0,35.7,0.0,0.0,TwoHandedPolearm,empire_lance_1_t3,,,,True,False,False,False,False,70.0,60.0,70.0,5.0,0.0,10.0,5.0,70.0,1,,315.0,9.0,0.0,0.0,0.0,0.0,0.0,0.0,0.0,0.0,0.0,0.0,0.0,0.0,0.0,0.0,,,
169,B,skag_soldier,Skagosi Soldier,skagosi,16.0,3.0,main_or_minor_line,Infantry,Defensive Troops,30.8284,defensive_role_score,,30.82838715186535,14.598694167267945,,29.130961938623365,0.0,81.95652173913044,0.0,116.0,34.65,0.0,0.0,TwoHandedPolearm,skagosi_spear,,,,True,False,False,False,False,80.0,20.0,70.0,20.0,15.0,20.0,5.0,80.0,1,,360.0,9.0,0.0,0.0,0.0,0.0,0.0,0.0,0.0,0.0,0.0,0.0,0.0,0.0,0.0,0.0,,,
170,B,arryn_man_at_arms,Arryn Man at Arms,vale,21.0,4.0,main_or_minor_line,Infantry,Defensive Troops,30.6512,defensive_role_score,,30.65115857365674,21.189813481298984,,28.92369701636819,0.0,81.95652173913044,0.0,125.0,41.1,0.0,0.0,TwoHandedPolearm,western_spear_3_t3,,,,True,False,False,False,False,100.0,10.0,100.0,20.0,0.0,10.0,5.0,100.0,1,,370.0,1.0,0.0,0.0,0.0,0.0,0.0,0.0,0.0,0.0,0.0,0.0,0.0,0.0,0.0,0.0,,,
171,B,qartheen_pureborn,Qartheen Pureborn Fighter,qartheen,16.0,2.0,main_or_minor_line,Infantry,Defensive Troops,30.6077,defensive_role_score,,30.60772706437242,11.257242650729332,,28.872904821981546,0.0,81.95652173913044,0.0,107.0,34.2,0.0,0.0,TwoHandedPolearm,qarth_spear,,,,True,False,False,False,False,60.0,50.0,70.0,30.0,5.0,70.0,50.0,60.0,1,,360.0,9.0,0.0,0.0,0.0,0.0,0.0,0.0,0.0,0.0,0.0,0.0,0.0,0.0,0.0,0.0,,,
172,B,celtigar_footman,Celtigar Footman,dragonstone,16.0,3.0,main_or_minor_line,Infantry,Defensive Troops,30.5202,defensive_role_score,,30.520163537589514,11.244249485518948,,28.770501204266544,0.0,81.95652173913044,0.0,131.0,35.050000000000004,0.0,0.0,TwoHandedPolearm,empire_lance_1_t3,,,,True,False,False,False,False,70.0,60.0,70.0,5.0,0.0,10.0,5.0,80.0,1,,315.0,9.0,0.0,0.0,0.0,0.0,0.0,0.0,0.0,0.0,0.0,0.0,0.0,0.0,0.0,0.0,,,
173,B,lyseni_militia_veteran_spearman,Lyseni Militia Veteran Spearman,lyseni,16.0,0.0,special_or_unlinked,Infantry,Defensive Troops,30.469,defensive_role_score,,30.469026437948294,,,28.71069749152098,0.0,81.95652173913044,0.0,133.0,40.50000000000001,0.0,0.0,TwoHandedPolearm,eastern_spear_2_t3,,,,True,False,False,False,False,0.0,0.0,0.0,0.0,0.0,0.0,0.0,0.0,2,,380.0,1.0,0.0,0.0,0.0,0.0,0.0,0.0,0.0,0.0,0.0,0.0,0.0,0.0,0.0,0.0,,,
174,B,freefolk_shieldman,Free Folk Shieldman,freefolk,21.0,4.0,main_or_minor_line,Infantry,Defensive Troops,30.4436,defensive_role_score,,30.443576839160208,17.86005417689293,,30.118132813396034,0.0,73.33333333333331,0.0,133.0,35.0,0.0,0.0,OneHandedAxe,wildling_axe,,,,True,False,False,False,False,100.0,90.0,90.0,5.0,0.0,30.0,5.0,110.0,1,,420.0,9.0,0.0,0.0,0.0,0.0,0.0,0.0,0.0,0.0,0.0,0.0,0.0,0.0,0.0,0.0,,,
175,B,ghiscari_unsullied_hoplite,Ghiscari Legionnaire,ghiscari,21.0,3.0,main_or_minor_line,Infantry,Skirmishers,30.33,defensive_role_score,,30.33001595573357,31.867448539384256,37.56149354835267,23.84857372241246,0.0,100.0,30.46153846153846,124.0,33.85,0.0,0.0,TwoHandedSword,ghiscari_sword,,,eastern_javelin_1_t2,True,False,False,False,True,100.0,100.0,110.0,30.0,5.0,100.0,50.0,100.0,1,,300.0,1.0,0.0,0.0,0.0,0.0,0.0,0.0,0.0,0.0,0.0,0.0,0.0,0.0,0.0,0.0,,,
176,B,tarly_man_at_arms,Tarly Man at Arms,reach,21.0,4.0,main_or_minor_line,Infantry,Defensive Troops,30.3044,defensive_role_score,,30.304407007596428,21.138360547065844,,28.518178690216764,0.0,81.95652173913044,0.0,126.0,42.45,0.0,0.0,TwoHandedPolearm,western_spear_1_t2,,,,True,False,False,False,False,100.0,90.0,100.0,5.0,0.0,80.0,5.0,110.0,1,,280.0,1.0,0.0,0.0,0.0,0.0,0.0,0.0,0.0,0.0,0.0,0.0,0.0,0.0,0.0,0.0,,,
177,B,cerwyn_axeman,Cerwyn Axeman,battania,21.0,4.0,main_or_minor_line,Infantry,Defensive Troops,30.2729,defensive_role_score,,30.272884137954577,24.44239174779854,,28.481313387839364,0.0,81.95652173913044,0.0,137.0,36.9,0.0,0.0,TwoHandedPolearm,vlandia_lance_1_t3,,,,True,False,False,False,False,110.0,50.0,100.0,40.0,5.0,20.0,20.0,110.0,1,,520.0,1.0,0.0,0.0,0.0,0.0,0.0,0.0,0.0,0.0,0.0,0.0,0.0,0.0,0.0,0.0,,,
178,B,norvos_master_axeman,Norvoshi Master Axeman,norvos,26.0,5.0,main_or_minor_line,Infantry,Defensive Troops,30.2103,defensive_role_score,,30.210307603810534,29.66775071223818,,29.845329575803248,0.0,73.33333333333331,0.0,154.0,45.449999999999996,0.0,0.0,OneHandedAxe,tzkurion_axe_t3,,,,True,False,False,False,False,130.0,140.0,120.0,5.0,0.0,130.0,5.0,130.0,1,,250.0,1.0,0.0,0.0,0.0,0.0,0.0,0.0,0.0,0.0,0.0,0.0,0.0,0.0,0.0,0.0,,,
179,B,norvos_pikeman,Norvoshi Pikeman,norvos,26.0,5.0,main_or_minor_line,Infantry,Defensive Troops,30.2103,defensive_role_score,,30.210307603810534,29.66775071223818,,29.845329575803248,0.0,73.33333333333331,0.0,154.0,45.449999999999996,0.0,0.0,OneHandedAxe,tzkurion_axe_t3,,,,True,False,False,False,False,130.0,110.0,140.0,5.0,0.0,100.0,5.0,130.0,1,,250.0,1.0,0.0,0.0,0.0,0.0,0.0,0.0,0.0,0.0,0.0,0.0,0.0,0.0,0.0,0.0,,,
180,B,umber_man_at_arms,Umber Man at Arms,battania,21.0,4.0,main_or_minor_line,Infantry,Defensive Troops,30.0732,defensive_role_score,,30.073239296889554,24.41276733111885,,28.247833139449146,0.0,81.95652173913044,0.0,138.0,36.95,0.0,0.0,TwoHandedPolearm,northern_spear_2_t3,,,,True,False,False,False,False,100.0,110.0,100.0,5.0,0.0,100.0,5.0,110.0,2,,500.0,1.0,0.0,0.0,0.0,0.0,0.0,0.0,0.0,0.0,0.0,0.0,0.0,0.0,0.0,0.0,,,
181,B,norvos_bearded_priest,Norvoshi Bearded Priest,norvos,21.0,3.0,main_or_minor_line,Infantry,Defensive Troops,30.0662,defensive_role_score,,30.066234214746924,24.411727877902017,,28.23964085003195,0.0,81.95652173913044,0.0,156.0,42.65,0.0,0.0,TwoHandedPolearm,norvoshi_long_axe,,,,True,False,False,False,False,100.0,100.0,110.0,5.0,0.0,110.0,5.0,110.0,1,,250.0,1.0,0.0,0.0,0.0,0.0,0.0,0.0,0.0,0.0,0.0,0.0,0.0,0.0,0.0,0.0,,,
182,B,clegane_man_at_arms,Clegane Man at Arms,vlandia,21.0,4.0,main_or_minor_line,Infantry,Defensive Troops,29.9016,defensive_role_score,,29.90161478439505,24.38730072730649,,28.047122048727733,0.0,81.95652173913044,0.0,135.0,36.6,0.0,0.0,TwoHandedPolearm,northern_spear_2_t3,,,,True,False,False,False,False,100.0,110.0,100.0,5.0,0.0,100.0,5.0,110.0,2,,500.0,1.0,0.0,0.0,0.0,0.0,0.0,0.0,0.0,0.0,0.0,0.0,0.0,0.0,0.0,0.0,,,
183,B,freefolk_spearman,Free Folk Spearman,freefolk,21.0,4.0,main_or_minor_line,Infantry,Skirmishers,29.617,defensive_role_score,,29.61702092874373,24.13034789210584,30.589961151125838,26.021988104795764,0.0,81.95652173913044,30.46153846153846,133.0,35.0,0.0,0.0,TwoHandedPolearm,wide_leaf_spear_t4,,,western_javelin_1_t2,True,False,False,False,True,100.0,70.0,110.0,5.0,0.0,100.0,5.0,100.0,1,,300.0,4.0,0.0,0.0,0.0,0.0,0.0,0.0,0.0,0.0,0.0,0.0,0.0,0.0,0.0,0.0,,,
184,B,tigercloak_warrior,Volantene Warrior,volantine,21.0,4.0,main_or_minor_line,Infantry,Defensive Troops,29.6074,defensive_role_score,,29.607401334404475,21.034934951991147,,27.70304589320531,0.0,81.95652173913044,0.0,134.0,39.2,0.0,0.0,TwoHandedPolearm,southern_spear_3_t3,,,,True,False,False,False,False,100.0,20.0,90.0,20.0,15.0,20.0,5.0,110.0,1,,360.0,1.0,0.0,0.0,0.0,0.0,0.0,0.0,0.0,0.0,0.0,0.0,0.0,0.0,0.0,0.0,,,
185,B,tyroshi_militia_veteran_spearman,Tyroshi Militia Veteran Spearman,tyroshi,16.0,0.0,special_or_unlinked,Infantry,Defensive Troops,29.4883,defensive_role_score,,29.488314937979727,,,27.563776973112905,0.0,81.95652173913044,0.0,127.0,38.5,0.0,0.0,TwoHandedPolearm,eastern_spear_2_t3,,,,True,False,False,False,False,0.0,0.0,0.0,0.0,0.0,0.0,0.0,0.0,2,,380.0,1.0,0.0,0.0,0.0,0.0,0.0,0.0,0.0,0.0,0.0,0.0,0.0,0.0,0.0,0.0,,,
186,B,vicious_wight,Vicious Wight,whitewalker,26.0,5.0,main_or_minor_line,Infantry,Defensive Troops,29.3188,defensive_role_score,,29.31879195012802,34.22694444029143,,27.365523569216652,0.0,81.95652173913044,0.0,123.0,30.2,0.0,0.0,TwoHandedPolearm,northern_spear_2_t3,,,,True,False,False,False,False,140.0,110.0,100.0,5.0,0.0,30.0,5.0,140.0,1,,420.0,9.0,0.0,0.0,0.0,0.0,0.0,0.0,0.0,0.0,0.0,0.0,0.0,0.0,0.0,0.0,,,
187,B,cerwyn_soldier,Cerwyn Soldier,battania,16.0,3.0,main_or_minor_line,Infantry,Defensive Troops,29.2431,defensive_role_score,,29.24313706298759,14.363465904299067,,27.277046843510888,0.0,81.95652173913044,0.0,116.0,34.8,0.0,0.0,TwoHandedPolearm,vlandia_lance_1_t3,,,,True,False,False,False,False,80.0,50.0,70.0,40.0,5.0,20.0,20.0,80.0,1,,520.0,1.0,0.0,0.0,0.0,0.0,0.0,0.0,0.0,0.0,0.0,0.0,0.0,0.0,0.0,0.0,,,
188,B,tully_soldier,Tully Soldier,river,16.0,3.0,main_or_minor_line,Infantry,Defensive Troops,29.2284,defensive_role_score,,29.228426390488053,14.36128305254372,,27.259843035734765,0.0,81.95652173913044,0.0,119.0,34.050000000000004,0.0,0.0,TwoHandedPolearm,wide_leaf_spear_t4,,,,True,False,False,False,False,80.0,30.0,80.0,5.0,0.0,10.0,5.0,80.0,1,,205.0,10.0,0.0,0.0,0.0,0.0,0.0,0.0,0.0,0.0,0.0,0.0,0.0,0.0,0.0,0.0,,,
189,B,ghiscari_elite_unsullied,Ghiscari Elite Pikeman,ghiscari,26.0,5.0,main_or_minor_line,Infantry,Defensive Troops,29.1186,defensive_role_score,,29.118561998578706,33.86386871108863,,28.170006389985744,0.0,75.72463768115942,0.0,140.0,39.1,0.0,0.0,OneHandedSword,empire_sword_3_t3,,,,True,False,False,False,False,140.0,10.0,150.0,5.0,0.0,70.0,5.0,140.0,1,,400.0,1.0,0.0,0.0,0.0,0.0,0.0,0.0,0.0,0.0,0.0,0.0,0.0,0.0,0.0,0.0,,,
190,B,ghiscari_unsullied,Ghiscari Pikeman,ghiscari,21.0,4.0,main_or_minor_line,Infantry,Defensive Troops,29.1186,defensive_role_score,,29.118561998578706,24.69251424552415,,28.170006389985744,0.0,75.72463768115942,0.0,140.0,39.1,0.0,0.0,OneHandedSword,sturgia_sword_1_t2,,,,True,False,False,False,False,110.0,10.0,120.0,5.0,0.0,70.0,5.0,110.0,1,,400.0,1.0,0.0,0.0,0.0,0.0,0.0,0.0,0.0,0.0,0.0,0.0,0.0,0.0,0.0,0.0,,,
191,B,river_soldier,Riverlands Soldier,river,16.0,3.0,main_or_minor_line,Infantry,Defensive Troops,29.0323,defensive_role_score,,29.032284090494343,14.33217836247245,,27.03045893205315,0.0,81.95652173913044,0.0,117.0,33.650000000000006,0.0,0.0,TwoHandedPolearm,wide_leaf_spear_t4,,,,True,False,False,False,False,80.0,30.0,80.0,5.0,0.0,10.0,5.0,80.0,1,,205.0,10.0,0.0,0.0,0.0,0.0,0.0,0.0,0.0,0.0,0.0,0.0,0.0,0.0,0.0,0.0,,,
192,B,bracken_footman,Bracken Footman,river,16.0,3.0,main_or_minor_line,Infantry,Defensive Troops,29.0099,defensive_role_score,,29.00986782763792,14.328852112178591,,27.004243605918113,0.0,81.95652173913044,0.0,118.0,33.650000000000006,0.0,0.0,TwoHandedPolearm,northern_spear_1_t2,,,,True,False,False,False,False,80.0,30.0,80.0,5.0,0.0,10.0,5.0,80.0,1,,280.0,8.0,0.0,0.0,0.0,0.0,0.0,0.0,0.0,0.0,0.0,0.0,0.0,0.0,0.0,0.0,,,
193,B,dragonstone_militia_veteran_spearman,Dragonstone Militia Veteran Spearman,dragonstone,16.0,0.0,special_or_unlinked,Infantry,Defensive Troops,28.9419,defensive_role_score,,28.941918530854384,,,26.924778398571263,0.0,81.95652173913044,0.0,132.0,39.1,0.0,0.0,TwoHandedPolearm,northern_spear_1_t2,,,,True,False,False,False,False,0.0,0.0,0.0,0.0,0.0,0.0,0.0,0.0,4,,305.0,1.0,0.0,0.0,0.0,0.0,0.0,0.0,0.0,0.0,0.0,0.0,0.0,0.0,0.0,0.0,,,
194,B,reach_militia_veteran_spearman,Reach Militia Veteran Spearman,reach,16.0,0.0,special_or_unlinked,Infantry,Defensive Troops,28.8438,defensive_role_score,,28.843847380857525,,,26.810086346730458,0.0,81.95652173913044,0.0,131.0,38.900000000000006,0.0,0.0,TwoHandedPolearm,northern_spear_1_t2,,,,True,False,False,False,False,0.0,0.0,0.0,0.0,0.0,0.0,0.0,0.0,4,,305.0,1.0,0.0,0.0,0.0,0.0,0.0,0.0,0.0,0.0,0.0,0.0,0.0,0.0,0.0,0.0,,,
195,B,stormlands_militia_veteran_spearman,Stormlands Militia Veteran Spearman,stormlands,16.0,0.0,special_or_unlinked,Infantry,Defensive Troops,28.8438,defensive_role_score,,28.843847380857525,,,26.810086346730458,0.0,81.95652173913044,0.0,131.0,38.900000000000006,0.0,0.0,TwoHandedPolearm,northern_spear_1_t2,,,,True,False,False,False,False,0.0,0.0,0.0,0.0,0.0,0.0,0.0,0.0,4,,305.0,1.0,0.0,0.0,0.0,0.0,0.0,0.0,0.0,0.0,0.0,0.0,0.0,0.0,0.0,0.0,,,
196,B,vale_militia_veteran_spearman,Vale Militia Veteran Spearman,vale,16.0,0.0,special_or_unlinked,Infantry,Defensive Troops,28.8438,defensive_role_score,,28.843847380857525,,,26.810086346730458,0.0,81.95652173913044,0.0,131.0,38.900000000000006,0.0,0.0,TwoHandedPolearm,northern_spear_1_t2,,,,True,False,False,False,False,0.0,0.0,0.0,0.0,0.0,0.0,0.0,0.0,4,,305.0,1.0,0.0,0.0,0.0,0.0,0.0,0.0,0.0,0.0,0.0,0.0,0.0,0.0,0.0,0.0,,,
197,B,westerling_footman,Westerling Footman,vlandia,16.0,3.0,main_or_minor_line,Infantry,Defensive Troops,28.7647,defensive_role_score,,28.764689952645778,14.292471249589505,,26.71751347631609,0.0,81.95652173913044,0.0,113.0,33.15,0.0,0.0,TwoHandedPolearm,northern_spear_1_t2,,,,True,False,False,False,False,80.0,30.0,80.0,5.0,0.0,10.0,5.0,80.0,1,,280.0,8.0,0.0,0.0,0.0,0.0,0.0,0.0,0.0,0.0,0.0,0.0,0.0,0.0,0.0,0.0,,,
198,B,goldcloak_officer,Gold Cloak Petty Officer,crownlands,21.0,4.0,main_or_minor_line,Infantry,Defensive Troops,28.7578,defensive_role_score,,28.75780026823313,21.58186424966918,,27.74810348499992,0.0,75.72463768115942,0.0,143.0,39.050000000000004,0.0,0.0,OneHandedSword,vlandia_sword_3_t4,,,,True,False,False,False,False,100.0,110.0,90.0,5.0,0.0,100.0,5.0,110.0,1,,370.0,1.0,0.0,0.0,0.0,0.0,0.0,0.0,0.0,0.0,0.0,0.0,0.0,0.0,0.0,0.0,,,
199,B,qohorik_soldier,Qohorik Soldier,qohorik,16.0,3.0,main_or_minor_line,Infantry,Defensive Troops,28.7479,defensive_role_score,,28.74787775550346,10.98126782166068,,26.69785198171481,0.0,81.95652173913044,0.0,123.0,29.95,0.0,0.0,TwoHandedPolearm,eastern_spear_3_t3,,,,True,False,False,False,False,70.0,30.0,70.0,40.0,10.0,30.0,40.0,70.0,1,,380.0,9.0,0.0,0.0,0.0,0.0,0.0,0.0,0.0,0.0,0.0,0.0,0.0,0.0,0.0,0.0,,,
200,B,river_militia_veteran_spearman,Riverlands Militia Veteran Spearman,river,16.0,0.0,special_or_unlinked,Infantry,Defensive Troops,28.7458,defensive_role_score,,28.745776230860663,,,26.69539429488965,0.0,81.95652173913044,0.0,130.0,38.7,0.0,0.0,TwoHandedPolearm,northern_spear_1_t2,,,,True,False,False,False,False,0.0,0.0,0.0,0.0,0.0,0.0,0.0,0.0,4,,305.0,1.0,0.0,0.0,0.0,0.0,0.0,0.0,0.0,0.0,0.0,0.0,0.0,0.0,0.0,0.0,,,
201,B,grafton_footman,Grafton Footman,vale,16.0,3.0,main_or_minor_line,Infantry,Defensive Troops,28.7402,defensive_role_score,,28.740172165146557,14.288833163330596,,26.688840463355888,0.0,81.95652173913044,0.0,112.0,33.1,0.0,0.0,TwoHandedPolearm,northern_spear_1_t2,,,,True,False,False,False,False,80.0,30.0,80.0,5.0,0.0,10.0,5.0,80.0,1,,280.0,8.0,0.0,0.0,0.0,0.0,0.0,0.0,0.0,0.0,0.0,0.0,0.0,0.0,0.0,0.0,,,
202,B,freefolk_thenn,Freefolk Thenn,freefolk,16.0,2.0,main_or_minor_line,Infantry,Defensive Troops,28.5708,defensive_role_score,,28.570764575024835,15.439874538403467,,27.529369357560665,0.0,75.72463768115942,0.0,105.0,31.400000000000006,0.0,0.0,OneHandedSword,thenn_sword2,,,,True,False,False,False,False,90.0,90.0,20.0,80.0,5.0,5.0,40.0,70.0,1,,380.0,9.0,0.0,0.0,0.0,0.0,0.0,0.0,0.0,0.0,0.0,0.0,0.0,0.0,0.0,0.0,,,
203,B,sarnor_glaiveman,Sarnori Glaiveman,sarnor,21.0,4.0,main_or_minor_line,Infantry,Defensive Troops,28.5636,defensive_role_score,,28.56364409515222,24.188765162891748,,26.482394770042436,0.0,81.95652173913044,0.0,129.0,37.300000000000004,0.0,0.0,TwoHandedPolearm,khuzait_polearm_1_t4,,,,True,False,False,False,False,100.0,10.0,110.0,5.0,0.0,90.0,5.0,100.0,1,,350.0,1.0,0.0,0.0,0.0,0.0,0.0,0.0,0.0,0.0,0.0,0.0,0.0,0.0,0.0,0.0,,,
204,B,sarnor_spearman,Sarnori Spearman,sarnor,21.0,4.0,main_or_minor_line,Infantry,Defensive Troops,28.5636,defensive_role_score,,28.56364409515222,24.188765162891748,,26.482394770042436,0.0,81.95652173913044,0.0,129.0,37.300000000000004,0.0,0.0,TwoHandedPolearm,northern_spear_3_t4,,,,True,False,False,False,False,100.0,10.0,110.0,5.0,0.0,90.0,5.0,100.0,1,,350.0,1.0,0.0,0.0,0.0,0.0,0.0,0.0,0.0,0.0,0.0,0.0,0.0,0.0,0.0,0.0,,,
205,B,volantine_soldier,Volantene Soldier,volantine,16.0,3.0,main_or_minor_line,Infantry,Defensive Troops,28.5286,defensive_role_score,,28.528618684439056,10.948732935973867,,26.441433322956435,0.0,81.95652173913044,0.0,108.0,37.00000000000001,0.0,0.0,TwoHandedPolearm,southern_spear_3_t3,,,,True,False,False,False,False,70.0,20.0,60.0,20.0,15.0,20.0,5.0,80.0,1,,360.0,1.0,0.0,0.0,0.0,0.0,0.0,0.0,0.0,0.0,0.0,0.0,0.0,0.0,0.0,0.0,,,
206,B,stark_footman,Stark Footman,battania,16.0,3.0,main_or_minor_line,Infantry,Defensive Troops,28.4607,defensive_role_score,,28.46066938765552,14.247358979979035,,26.361968115609585,0.0,81.95652173913044,0.0,105.0,28.450000000000003,0.0,0.0,TwoHandedPolearm,vlandia_lance_1_t3,,,,True,False,False,False,False,80.0,50.0,80.0,40.0,5.0,20.0,20.0,80.0,1,,420.0,9.0,0.0,0.0,0.0,0.0,0.0,0.0,0.0,0.0,0.0,0.0,0.0,0.0,0.0,0.0,,,
207,B,frey_man_at_arms,Frey Man at Arms,river,21.0,4.0,main_or_minor_line,Infantry,Defensive Troops,28.4139,defensive_role_score,,28.41385073502986,21.530827096722778,,27.34586207461537,0.0,75.72463768115942,0.0,123.0,34.2,0.0,0.0,OneHandedSword,vlandia_sword_2_t3,,,,True,False,False,False,False,110.0,70.0,100.0,5.0,0.0,100.0,5.0,110.0,1,,205.0,10.0,0.0,0.0,0.0,0.0,0.0,0.0,0.0,0.0,0.0,0.0,0.0,0.0,0.0,0.0,,,
208,B,reach_hacker,Reach Man at Arms,reach,21.0,4.0,main_or_minor_line,Infantry,Defensive Troops,28.1994,defensive_role_score,,28.199379823735317,20.826004855408097,,26.056395720348004,0.0,81.95652173913044,0.0,136.0,36.1,0.0,0.0,TwoHandedPolearm,western_spear_1_t2,,,,True,False,False,False,False,100.0,90.0,90.0,5.0,0.0,100.0,5.0,100.0,1,,370.0,1.0,0.0,0.0,0.0,0.0,0.0,0.0,0.0,0.0,0.0,0.0,0.0,0.0,0.0,0.0,,,
209,B,blackwood_footman,Blackwood Footman,river,16.0,3.0,main_or_minor_line,Infantry,Defensive Troops,28.1496,defensive_role_score,,28.14964374052262,14.201207257151731,,25.99823046548588,0.0,81.95652173913044,0.0,111.0,31.85,0.0,0.0,TwoHandedPolearm,highland_spear_t2,,,,True,False,False,False,False,80.0,30.0,80.0,5.0,0.0,10.0,5.0,80.0,1,,205.0,10.0,0.0,0.0,0.0,0.0,0.0,0.0,0.0,0.0,0.0,0.0,0.0,0.0,0.0,0.0,,,
210,B,sarnor_militia_veteran_spearman,Sarnori Militia Veteran Spearman,sarnor,16.0,0.0,special_or_unlinked,Infantry,Defensive Troops,27.9752,defensive_role_score,,27.97521719517107,,,25.794242458997584,0.0,81.95652173913044,0.0,125.0,36.099999999999994,0.0,0.0,TwoHandedPolearm,eastern_spear_2_t3,,,,True,False,False,False,False,0.0,0.0,0.0,0.0,0.0,0.0,0.0,0.0,2,,350.0,1.0,0.0,0.0,0.0,0.0,0.0,0.0,0.0,0.0,0.0,0.0,0.0,0.0,0.0,0.0,,,
211,B,karstark_ruffian,Karstark Spearman,battania,21.0,4.0,main_or_minor_line,Infantry,Defensive Troops,27.8982,defensive_role_score,,27.898161291602115,24.090017107292795,,25.704127275408386,0.0,81.95652173913044,0.0,136.0,38.8,0.0,0.0,TwoHandedPolearm,northern_spear_2_t3,,,,True,False,False,False,False,100.0,70.0,110.0,5.0,0.0,100.0,5.0,110.0,1,,225.0,1.0,0.0,0.0,0.0,0.0,0.0,0.0,0.0,0.0,0.0,0.0,0.0,0.0,0.0,0.0,,,
212,B,grafton_levy,Grafton Levy,vale,11.0,2.0,main_or_minor_line,Infantry,Defensive Troops,27.6559,defensive_role_score,,27.65590084719701,4.60420840512676,,26.45945635967427,0.0,75.72463768115942,0.0,104.0,32.7,0.0,0.0,OneHandedSword,sturgia_sword_1_t2,,,,True,False,False,False,False,50.0,30.0,40.0,5.0,0.0,10.0,5.0,50.0,1,,280.0,8.0,0.0,0.0,0.0,0.0,0.0,0.0,0.0,0.0,0.0,0.0,0.0,0.0,0.0,0.0,,,
213,B,westerling_levy,Westerling Levy,vlandia,11.0,2.0,main_or_minor_line,Infantry,Defensive Troops,27.6559,defensive_role_score,,27.65590084719701,4.60420840512676,,26.45945635967427,0.0,75.72463768115942,0.0,104.0,32.7,0.0,0.0,OneHandedSword,sturgia_sword_1_t2,,,,True,False,False,False,False,50.0,30.0,40.0,5.0,0.0,10.0,5.0,50.0,1,,280.0,8.0,0.0,0.0,0.0,0.0,0.0,0.0,0.0,0.0,0.0,0.0,0.0,0.0,0.0,0.0,,,
214,B,goldcloak_soldier,Gold Cloak Soldier,crownlands,16.0,3.0,main_or_minor_line,Infantry,Defensive Troops,27.3623,defensive_role_score,,27.36227250769072,10.775663975371488,,25.077417134992544,0.0,81.95652173913044,0.0,119.0,36.45,0.0,0.0,TwoHandedPolearm,western_spear_1_t2,,,,True,False,False,False,False,70.0,10.0,60.0,5.0,0.0,10.0,5.0,70.0,1,,280.0,1.0,0.0,0.0,0.0,0.0,0.0,0.0,0.0,0.0,0.0,0.0,0.0,0.0,0.0,0.0,,,
215,B,valyrian_squire,Valyrian Squire,valyrian,16.0,2.0,main_or_minor_line,Infantry,Defensive Troops,27.3265,defensive_role_score,,27.326546588763286,17.387780244382515,,25.035636458964813,0.0,81.95652173913044,0.0,104.0,27.999999999999996,0.0,0.0,TwoHandedPolearm,vlandia_lance_1_t3,,,,True,False,False,False,False,90.0,80.0,80.0,5.0,0.0,10.0,5.0,90.0,1,,300.0,10.0,0.0,0.0,0.0,0.0,0.0,0.0,0.0,0.0,0.0,0.0,0.0,0.0,0.0,0.0,,,
216,B,tyroshi_soldier,Tyroshi Soldier,tyroshi,16.0,3.0,main_or_minor_line,Infantry,Defensive Troops,27.3062,defensive_role_score,,27.306231850549654,10.767348349636839,,25.01187881965494,0.0,81.95652173913044,0.0,104.0,34.050000000000004,0.0,0.0,TwoHandedPolearm,eastern_spear_1_t2,,,,True,False,False,False,False,70.0,30.0,70.0,40.0,10.0,30.0,40.0,70.0,1,,380.0,1.0,0.0,0.0,0.0,0.0,0.0,0.0,0.0,0.0,0.0,0.0,0.0,0.0,0.0,0.0,,,
217,B,velaryon_soldier,Velaryon Sailor,dragonstone,16.0,3.0,main_or_minor_line,Infantry,Defensive Troops,27.2348,defensive_role_score,,27.23478001269481,10.756745926825163,,24.92831746759949,0.0,81.95652173913044,0.0,105.0,28.35,0.0,0.0,TwoHandedPolearm,empire_lance_1_t3,,,,True,False,False,False,False,70.0,60.0,70.0,5.0,0.0,10.0,5.0,80.0,1,,315.0,9.0,0.0,0.0,0.0,0.0,0.0,0.0,0.0,0.0,0.0,0.0,0.0,0.0,0.0,0.0,,,
218,B,frey_cutthroat,Frey Cutthroat,river,16.0,3.0,main_or_minor_line,Infantry,Defensive Troops,27.188,defensive_role_score,,27.18796136006915,12.17756831821285,,25.912211426605275,0.0,75.72463768115942,0.0,100.0,31.700000000000003,0.0,0.0,OneHandedSword,vlandia_sword_1_t2,,,,True,False,False,False,False,80.0,60.0,70.0,5.0,0.0,30.0,5.0,80.0,1,,205.0,10.0,0.0,0.0,0.0,0.0,0.0,0.0,0.0,0.0,0.0,0.0,0.0,0.0,0.0,0.0,,,
219,B,summer_spearman,Summer Isles Spearman,summer,21.0,4.0,main_or_minor_line,Infantry,Defensive Troops,27.1626,defensive_role_score,,27.16262766662569,23.980874519525536,,24.84393688660233,0.0,81.95652173913044,0.0,112.0,36.5,0.0,0.0,TwoHandedPolearm,northern_spear_3_t4,,,,True,False,False,False,False,100.0,20.0,110.0,20.0,15.0,20.0,5.0,120.0,1,,260.0,1.0,0.0,0.0,0.0,0.0,0.0,0.0,0.0,0.0,0.0,0.0,0.0,0.0,0.0,0.0,,,
220,B,lannister_levy,Lannister Levy,vlandia,11.0,2.0,main_or_minor_line,Infantry,Defensive Troops,27.0786,defensive_role_score,,27.0785666809141,5.77050300977718,,24.745629413595925,0.0,81.95652173913044,0.0,100.0,35.300000000000004,0.0,0.0,TwoHandedPolearm,western_spear_2_t2,,,,True,False,False,False,False,50.0,20.0,50.0,5.0,20.0,15.0,15.0,50.0,1,,305.0,1.0,0.0,0.0,0.0,0.0,0.0,0.0,0.0,0.0,0.0,0.0,0.0,0.0,0.0,0.0,,,
221,B,martell_footman,Martell Footman,aserai,16.0,3.0,main_or_minor_line,Infantry,Skirmishers,27.0561,defensive_role_score,,27.056078295127215,11.943275563139126,17.026244942192285,24.06566939196827,0.0,75.72463768115942,30.46153846153846,103.0,33.199999999999996,0.0,0.0,OneHandedSword,aserai_sword_1_t2,,,eastern_javelin_2_t3,True,False,False,False,True,80.0,30.0,80.0,30.0,10.0,70.0,50.0,80.0,1,,345.0,1.0,0.0,0.0,0.0,0.0,0.0,0.0,0.0,0.0,0.0,0.0,0.0,0.0,0.0,0.0,,,
222,B,norvos_spearman,Norvoshi Spearman,norvos,21.0,4.0,main_or_minor_line,Infantry,Defensive Troops,26.9034,defensive_role_score,,26.903439627348284,23.942414750502785,,24.54082217816591,0.0,81.95652173913044,0.0,133.0,36.2,0.0,0.0,TwoHandedPolearm,eastern_spear_4_t4,,,,True,False,False,False,False,100.0,10.0,110.0,5.0,0.0,90.0,5.0,100.0,1,,250.0,1.0,0.0,0.0,0.0,0.0,0.0,0.0,0.0,0.0,0.0,0.0,0.0,0.0,0.0,0.0,,,
223,B,whiteharbor_footman,Manderly Footman,battania,16.0,3.0,main_or_minor_line,Infantry,Defensive Troops,26.8265,defensive_role_score,,26.826499121509304,12.123932532224368,,25.489489292677728,0.0,75.72463768115942,0.0,106.0,28.3,0.0,0.0,OneHandedSword,manderly_sword,,,,True,False,False,False,False,80.0,50.0,70.0,15.0,5.0,20.0,80.0,70.0,1,,360.0,9.0,0.0,0.0,0.0,0.0,0.0,0.0,0.0,0.0,0.0,0.0,0.0,0.0,0.0,0.0,,,
224,B,yiti_infantryman,Yi Ti Infantryman,yiti,16.0,3.0,main_or_minor_line,Infantry,Defensive Troops,26.8265,defensive_role_score,,26.826499121509304,9.066814377036204,,25.489489292677728,0.0,75.72463768115942,0.0,107.0,28.3,0.0,0.0,OneHandedSword,simple_sabre_sword_t2,,,,True,False,False,False,False,70.0,20.0,70.0,20.0,15.0,20.0,5.0,70.0,1,,360.0,9.0,0.0,0.0,0.0,0.0,0.0,0.0,0.0,0.0,0.0,0.0,0.0,0.0,0.0,0.0,,,
225,B,mallister_footman,Mallister Footman,river,16.0,3.0,main_or_minor_line,Infantry,Defensive Troops,26.3865,defensive_role_score,,26.38646456522199,13.939576882475347,,23.93623121917651,0.0,81.95652173913044,0.0,106.0,28.3,0.0,0.0,TwoHandedPolearm,northern_spear_1_t2,,,,True,False,False,False,False,80.0,30.0,80.0,5.0,0.0,10.0,5.0,80.0,1,,280.0,8.0,0.0,0.0,0.0,0.0,0.0,0.0,0.0,0.0,0.0,0.0,0.0,0.0,0.0,0.0,,,
226,B,royce_soldier,Royce Soldier,vale,16.0,3.0,main_or_minor_line,Infantry,Defensive Troops,26.2639,defensive_role_score,,26.263875627725916,13.921386451180805,,23.7928661543755,0.0,81.95652173913044,0.0,105.0,28.049999999999997,0.0,0.0,TwoHandedPolearm,western_spear_1_t2,,,,True,False,False,False,False,80.0,10.0,80.0,5.0,0.0,70.0,5.0,90.0,1,,280.0,8.0,0.0,0.0,0.0,0.0,0.0,0.0,0.0,0.0,0.0,0.0,0.0,0.0,0.0,0.0,,,
227,B,golden_infantryman,Golden Company Giltblade Warriors,volantine,16.0,2.0,main_or_minor_line,Infantry,Defensive Troops,25.9893,defensive_role_score,,25.989276407734717,13.880639885081026,,23.47172840922124,0.0,81.95652173913044,0.0,106.0,30.450000000000003,0.0,0.0,TwoHandedPolearm,golden_company_spear,,,,True,False,False,False,False,80.0,20.0,70.0,20.0,15.0,20.0,5.0,80.0,2,,420.0,1.0,0.0,0.0,0.0,0.0,0.0,0.0,0.0,0.0,0.0,0.0,0.0,0.0,0.0,0.0,,,
228,B,clegane_footman,Clegane Footman,vlandia,16.0,3.0,main_or_minor_line,Infantry,Defensive Troops,25.8251,defensive_role_score,,25.825126182522503,11.253587507303335,,24.71695640063572,0.0,73.33333333333331,0.0,106.0,35.25,0.0,0.0,OneHandedAxe,woodland_axe_t3,,,,True,False,False,False,False,80.0,60.0,70.0,5.0,0.0,30.0,5.0,80.0,1,,305.0,1.0,0.0,0.0,0.0,0.0,0.0,0.0,0.0,0.0,0.0,0.0,0.0,0.0,0.0,0.0,,,
229,B,greyjoy_soldier,Greyjoy Soldier,sturgia,16.0,3.0,main_or_minor_line,Infantry,Defensive Troops,25.7476,defensive_role_score,,25.747601073813897,13.844778749100353,,23.18909442432782,0.0,81.95652173913044,0.0,105.0,27.9,0.0,0.0,TwoHandedPolearm,northern_spear_2_t3,,,,True,False,False,False,False,80.0,70.0,70.0,15.0,5.0,60.0,15.0,80.0,1,,510.0,1.0,0.0,0.0,0.0,0.0,0.0,0.0,0.0,0.0,0.0,0.0,0.0,0.0,0.0,0.0,,,
230,B,umber_footman,Umber Footman,battania,16.0,3.0,main_or_minor_line,Infantry,Defensive Troops,25.7271,defensive_role_score,,25.727055032525644,11.2390351622677,,24.602264348794918,0.0,73.33333333333331,0.0,99.0,35.050000000000004,0.0,0.0,OneHandedAxe,woodland_axe_t3,,,,True,False,False,False,False,80.0,60.0,70.0,5.0,0.0,30.0,5.0,80.0,1,,305.0,1.0,0.0,0.0,0.0,0.0,0.0,0.0,0.0,0.0,0.0,0.0,0.0,0.0,0.0,0.0,,,
231,B,stormlands_man_at_arms,Stormlands Man at Arms,stormlands,16.0,3.0,main_or_minor_line,Infantry,Defensive Troops,25.7091,defensive_role_score,,25.709073122029412,13.83906175640778,,23.144036832533217,0.0,81.95652173913044,0.0,107.0,34.45,0.0,0.0,TwoHandedPolearm,northern_spear_2_t3,,,,True,False,False,False,False,80.0,60.0,70.0,5.0,0.0,10.0,5.0,70.0,1,,220.0,1.0,0.0,0.0,0.0,0.0,0.0,0.0,0.0,0.0,0.0,0.0,0.0,0.0,0.0,0.0,,,
232,B,dayne_man_at_arms,Dayne Footman,aserai,16.0,3.0,main_or_minor_line,Infantry,Defensive Troops,25.6811,defensive_role_score,,25.681052793458882,13.834903943540457,,23.111267674864415,0.0,81.95652173913044,0.0,107.0,32.45,0.0,0.0,TwoHandedPolearm,southern_spear_3_t3,,,,True,False,False,False,False,80.0,30.0,80.0,30.0,10.0,70.0,50.0,80.0,1,,305.0,1.0,0.0,0.0,0.0,0.0,0.0,0.0,0.0,0.0,0.0,0.0,0.0,0.0,0.0,0.0,,,
233,B,casterly_guard,Casterly Rock Guard,vlandia,11.0,1.0,main_or_minor_line,Infantry,Defensive Troops,25.6229,defensive_role_score,,25.622910611675035,5.554504631319678,,23.043271672701653,0.0,81.95652173913044,0.0,78.0,24.0,0.0,0.0,TwoHandedPolearm,western_spear_2_t2,,,,True,False,False,False,False,50.0,20.0,50.0,5.0,20.0,15.0,15.0,50.0,1,,400.0,8.0,0.0,0.0,0.0,0.0,0.0,0.0,0.0,0.0,0.0,0.0,0.0,0.0,0.0,0.0,,,
234,B,bolton_scout,Bolton Footman,battania,16.0,3.0,main_or_minor_line,Infantry,Defensive Troops,25.5565,defensive_role_score,,25.55647772905,11.935479664012892,,24.00422722133927,0.0,75.72463768115942,0.0,124.0,32.75,0.0,0.0,OneHandedSword,vlandia_sword_1_t2,,,,True,False,False,False,False,80.0,60.0,70.0,5.0,0.0,30.0,5.0,80.0,1,,360.0,1.0,0.0,0.0,0.0,0.0,0.0,0.0,0.0,0.0,0.0,0.0,0.0,0.0,0.0,0.0,,,
235,B,ghiscari_unsullied_initiate,Ghiscari Legion Trainee,ghiscari,16.0,2.0,main_or_minor_line,Infantry,Defensive Troops,25.3308,defensive_role_score,,25.33079868632725,10.47422254249047,,22.701653204004387,0.0,81.95652173913044,0.0,104.0,31.849999999999998,0.0,0.0,TwoHandedPolearm,unsullied_spear,,,,True,False,False,False,False,60.0,50.0,70.0,30.0,5.0,70.0,50.0,60.0,1,,300.0,1.0,0.0,0.0,0.0,0.0,0.0,0.0,0.0,0.0,0.0,0.0,0.0,0.0,0.0,0.0,,,
236,B,mallister_levy,Mallister Levy,river,11.0,2.0,main_or_minor_line,Infantry,Defensive Troops,25.3022,defensive_role_score,,25.302193247272445,4.254952124271514,,23.706847115494895,0.0,75.72463768115942,0.0,98.0,27.900000000000002,0.0,0.0,OneHandedSword,sturgia_sword_1_t2,,,,True,False,False,False,False,50.0,30.0,40.0,5.0,0.0,10.0,5.0,50.0,1,,280.0,8.0,0.0,0.0,0.0,0.0,0.0,0.0,0.0,0.0,0.0,0.0,0.0,0.0,0.0,0.0,,,
237,B,norvos_axeman,Norvoshi Axeman,norvos,21.0,4.0,main_or_minor_line,Infantry,Defensive Troops,25.2822,defensive_role_score,,25.282232316468473,20.054762628598212,,24.08205397080268,0.0,73.33333333333331,0.0,133.0,36.2,0.0,0.0,OneHandedAxe,tzkurion_axe_t3,,,,True,False,False,False,False,100.0,110.0,90.0,5.0,0.0,90.0,5.0,100.0,1,,215.0,1.0,0.0,0.0,0.0,0.0,0.0,0.0,0.0,0.0,0.0,0.0,0.0,0.0,0.0,0.0,,,
238,B,karstark_soldier,Karstark Brute,battania,16.0,3.0,main_or_minor_line,Infantry,Defensive Troops,25.2535,defensive_role_score,,25.25348973685626,10.195488252726886,,24.585879769960513,0.0,70.10869565217392,0.0,115.0,36.85,0.0,0.0,Mace,morningstar_mace_t3,,,,True,False,False,False,False,80.0,60.0,70.0,5.0,0.0,30.0,5.0,80.0,1,,225.0,1.0,0.0,0.0,0.0,0.0,0.0,0.0,0.0,0.0,0.0,0.0,0.0,0.0,0.0,0.0,,,
239,B,bracken_levy,Bracken Levy,river,11.0,2.0,main_or_minor_line,Infantry,Defensive Troops,25.2532,defensive_role_score,,25.25315767227401,4.247675951753696,,23.64950108957449,0.0,75.72463768115942,0.0,97.0,27.8,0.0,0.0,OneHandedSword,sturgia_sword_1_t2,,,,True,False,False,False,False,50.0,30.0,40.0,5.0,0.0,10.0,5.0,50.0,1,,280.0,8.0,0.0,0.0,0.0,0.0,0.0,0.0,0.0,0.0,0.0,0.0,0.0,0.0,0.0,0.0,,,
240,B,river_swordsman,Riverlands Swordsman,river,16.0,2.0,main_or_minor_line,Infantry,Defensive Troops,25.2298,defensive_role_score,,25.229803168343167,15.176768694808132,,19.576294791342384,0.0,100.0,0.0,88.0,24.799999999999997,0.0,0.0,TwoHandedSword,battania_2hsword_3_t3,,,,True,False,False,False,False,70.0,70.0,20.0,30.0,5.0,5.0,40.0,70.0,1,,370.0,1.0,0.0,0.0,0.0,0.0,0.0,0.0,0.0,0.0,0.0,0.0,0.0,0.0,0.0,0.0,,,
241,B,dondarion_footman,Dondarrion Footman,stormlands,16.0,3.0,main_or_minor_line,Infantry,Defensive Troops,25.2187,defensive_role_score,,25.218717372045134,13.766300031229607,,22.570576573329177,0.0,81.95652173913044,0.0,111.0,33.449999999999996,0.0,0.0,TwoHandedPolearm,northern_spear_2_t3,,,,True,False,False,False,False,80.0,70.0,70.0,5.0,0.0,10.0,5.0,80.0,1,,220.0,1.0,0.0,0.0,0.0,0.0,0.0,0.0,0.0,0.0,0.0,0.0,0.0,0.0,0.0,0.0,,,
242,B,reach_soldier,Reach Soldier,reach,16.0,3.0,main_or_minor_line,Infantry,Defensive Troops,25.1802,defensive_role_score,,25.18018942026065,10.451874298328601,,22.525518981534578,0.0,81.95652173913044,0.0,95.0,32.0,0.0,0.0,TwoHandedPolearm,western_spear_1_t2,,,,True,False,False,False,False,70.0,10.0,60.0,5.0,0.0,10.0,5.0,70.0,1,,280.0,1.0,0.0,0.0,0.0,0.0,0.0,0.0,0.0,0.0,0.0,0.0,0.0,0.0,0.0,0.0,,,
243,B,blackwood_levy,Blackwood Levy,river,11.0,2.0,main_or_minor_line,Infantry,Defensive Troops,25.1775,defensive_role_score,,25.17750278513358,4.2364498570119205,,23.56102436386872,0.0,75.72463768115942,0.0,96.0,27.599999999999998,0.0,0.0,OneHandedSword,vlandia_sword_1_t2,,,,True,False,False,False,False,50.0,30.0,40.0,5.0,0.0,10.0,5.0,50.0,1,,205.0,10.0,0.0,0.0,0.0,0.0,0.0,0.0,0.0,0.0,0.0,0.0,0.0,0.0,0.0,0.0,,,
244,B,ibbenese_militia_veteran_spearman,Ibbenese Militia Veteran Spearman,ibbenese,16.0,0.0,special_or_unlinked,Infantry,Defensive Troops,25.1578,defensive_role_score,,25.15777315740423,,,18.513754853931477,0.0,81.95652173913044,0.0,69.75,19.85,0.0,0.0,TwoHandedPolearm,nord_spear_1_t2|nord_spear_2_t2,,,,True,False,False,False,False,0.0,0.0,0.0,0.0,0.0,0.0,0.0,0.0,4,,390.0,4.0,0.0,0.0,0.0,0.0,0.0,0.0,0.0,0.0,0.0,0.0,0.0,0.0,0.0,0.0,,,
245,B,tully_footman,Tully Footman,river,11.0,2.0,main_or_minor_line,Infantry,Defensive Troops,25.0794,defensive_role_score,,25.079431635136725,4.221897511976286,,23.446332312027916,0.0,75.72463768115942,0.0,95.0,27.4,0.0,0.0,OneHandedSword,vlandia_sword_1_t2,,,,True,False,False,False,False,50.0,30.0,40.0,5.0,0.0,10.0,5.0,50.0,1,,205.0,10.0,0.0,0.0,0.0,0.0,0.0,0.0,0.0,0.0,0.0,0.0,0.0,0.0,0.0,0.0,,,
246,B,nightswatch_defender,Night's Watch Defender,nightswatch,21.0,4.0,main_or_minor_line,Infantry,Defensive Troops,24.7599,defensive_role_score,,24.7598844917027,20.31563332594403,,22.03398161650255,0.0,81.95652173913044,0.0,115.0,32.400000000000006,0.0,0.0,TwoHandedPolearm,western_spear_2_t2,,,,True,False,False,False,False,100.0,10.0,80.0,5.0,30.0,10.0,5.0,100.0,1,,225.0,1.0,0.0,0.0,0.0,0.0,0.0,0.0,0.0,0.0,0.0,0.0,0.0,0.0,0.0,0.0,,,
247,B,tyrell_soldier,Tyrell Soldier,reach,16.0,3.0,main_or_minor_line,Infantry,Defensive Troops,24.6548,defensive_role_score,,24.6548082595632,10.37391530706627,,21.911097275244536,0.0,81.95652173913044,0.0,91.0,27.5,0.0,0.0,TwoHandedPolearm,western_spear_1_t2,,,,True,False,False,False,False,70.0,10.0,70.0,5.0,0.0,10.0,5.0,80.0,1,,430.0,1.0,0.0,0.0,0.0,0.0,0.0,0.0,0.0,0.0,0.0,0.0,0.0,0.0,0.0,0.0,,,
248,B,nightswatch_shieldbrother,Night's Watch Shieldbrother,nightswatch,16.0,3.0,main_or_minor_line,Infantry,Defensive Troops,24.5778,defensive_role_score,,24.577752355994242,13.671190061889561,,21.82098209165533,0.0,81.95652173913044,0.0,104.0,30.2,0.0,0.0,TwoHandedPolearm,western_spear_2_t2,,,,True,False,False,False,False,80.0,10.0,60.0,5.0,20.0,10.0,5.0,70.0,1,,305.0,1.0,0.0,0.0,0.0,0.0,0.0,0.0,0.0,0.0,0.0,0.0,0.0,0.0,0.0,0.0,,,
249,B,dayne_levy,Dayne Levy,aserai,11.0,2.0,main_or_minor_line,Infantry,Defensive Troops,24.5723,defensive_role_score,,24.572263688010118,4.146641099077714,,22.8532105582226,0.0,75.72463768115942,0.0,98.0,32.0,0.0,0.0,OneHandedSword,vlandia_sword_1_t2,,,,True,False,False,False,False,50.0,15.0,40.0,15.0,5.0,50.0,20.0,50.0,1,,305.0,1.0,0.0,0.0,0.0,0.0,0.0,0.0,0.0,0.0,0.0,0.0,0.0,0.0,0.0,0.0,,,
250,B,dragonstone_squire,Squire,dragonstone,16.0,2.0,main_or_minor_line,Infantry,Skirmishers,24.5511,defensive_role_score,,24.55106092092179,11.571567092800326,16.205752299104134,21.13610669637736,0.0,75.72463768115942,30.46153846153846,70.0,21.199999999999996,0.0,0.0,OneHandedSword,vlandia_sword_4_t4,,,western_javelin_1_t2,True,False,False,False,True,80.0,50.0,80.0,30.0,5.0,70.0,50.0,70.0,1,,300.0,10.0,0.0,0.0,0.0,0.0,0.0,0.0,0.0,0.0,0.0,0.0,0.0,0.0,0.0,0.0,,,
251,B,vale_squire,Vale Squire,vale,16.0,2.0,main_or_minor_line,Infantry,Defensive Troops,24.5421,defensive_role_score,,24.5421418347968,8.727848683027586,,22.817983713728637,0.0,75.72463768115942,0.0,66.0,26.35,0.0,0.0,OneHandedSword,vlandia_sword_1_t2,,,,True,False,False,False,False,70.0,40.0,70.0,30.0,5.0,5.0,80.0,60.0,1,,280.0,8.0,0.0,0.0,0.0,0.0,0.0,0.0,0.0,0.0,0.0,0.0,0.0,0.0,0.0,0.0,,,
252,B,nightswatch_militia_veteran_spearman,Night's Watch Militia Veteran Spearman,nightswatch,16.0,0.0,special_or_unlinked,Infantry,Defensive Troops,24.3326,defensive_role_score,,24.3325744810021,,,20.84609965100847,0.0,81.95652173913044,0.0,85.0,28.5,0.0,0.0,TwoHandedPolearm,northern_spear_1_t2,,,,True,False,False,False,False,0.0,0.0,0.0,0.0,0.0,0.0,0.0,0.0,4,,305.0,1.0,0.0,0.0,0.0,0.0,0.0,0.0,0.0,0.0,0.0,0.0,0.0,0.0,0.0,0.0,,,
253,B,targ_squire,Targaryen Squire,valyrian,16.0,2.0,main_or_minor_line,Infantry,Defensive Troops,24.2597,defensive_role_score,,24.25972162671872,16.932707626053865,,21.44905215211443,0.0,81.95652173913044,0.0,88.0,22.1,0.0,0.0,TwoHandedPolearm,vlandia_lance_1_t3,,,,True,False,False,False,False,90.0,80.0,80.0,5.0,0.0,10.0,5.0,90.0,1,,400.0,7.0,0.0,0.0,0.0,0.0,0.0,0.0,0.0,0.0,0.0,0.0,0.0,0.0,0.0,0.0,,,
254,B,tarth_man_at_arms,Tarth Man at Arms,stormlands,16.0,3.0,main_or_minor_line,Infantry,Defensive Troops,24.0664,defensive_role_score,,24.066381359582063,13.59530997706089,,21.22294496419969,0.0,81.95652173913044,0.0,106.0,31.1,0.0,0.0,TwoHandedPolearm,northern_spear_2_t3,,,,True,False,False,False,False,70.0,70.0,80.0,5.0,0.0,10.0,5.0,80.0,1,,220.0,1.0,0.0,0.0,0.0,0.0,0.0,0.0,0.0,0.0,0.0,0.0,0.0,0.0,0.0,0.0,,,
255,B,baratheon_soldier,Baratheon Soldier,stormlands,16.0,3.0,main_or_minor_line,Infantry,Defensive Troops,23.9333,defensive_role_score,,23.933284798872045,13.5755603659411,,21.06729146527288,0.0,81.95652173913044,0.0,101.0,27.4,0.0,0.0,TwoHandedPolearm,northern_spear_2_t3,,,,True,False,False,False,False,80.0,70.0,70.0,5.0,0.0,10.0,5.0,80.0,2,,370.0,1.0,0.0,0.0,0.0,0.0,0.0,0.0,0.0,0.0,0.0,0.0,0.0,0.0,0.0,0.0,,,
256,B,tyroshi_boatswain,Tyroshi Boatswain,tyroshi,16.0,2.0,main_or_minor_line,Infantry,Skirmishers,23.8712,defensive_role_score,,23.871221252281824,10.74893297053184,18.555998672969476,20.739599888584863,0.0,73.33333333333331,30.46153846153846,85.0,26.6,0.0,0.0,OneHandedAxe,tyroshi_axe2,,,generic_javelin_1_t3,True,False,False,False,True,80.0,70.0,70.0,40.0,80.0,80.0,40.0,80.0,1,,380.0,1.0,0.0,0.0,0.0,0.0,0.0,0.0,0.0,0.0,0.0,0.0,0.0,0.0,0.0,0.0,,,
257,B,tarly_soldier,Tarly Soldier,reach,16.0,3.0,main_or_minor_line,Infantry,Defensive Troops,23.8562,defensive_role_score,,23.856228895303076,10.255417640347527,,20.977176281683676,0.0,81.95652173913044,0.0,89.0,29.3,0.0,0.0,TwoHandedPolearm,western_spear_1_t2,,,,True,False,False,False,False,70.0,10.0,70.0,5.0,0.0,10.0,5.0,80.0,1,,280.0,1.0,0.0,0.0,0.0,0.0,0.0,0.0,0.0,0.0,0.0,0.0,0.0,0.0,0.0,0.0,,,
258,B,norvos_soldier,Norvoshi Soldier,norvos,16.0,3.0,main_or_minor_line,Infantry,Defensive Troops,23.7131,defensive_role_score,,23.713093916518762,10.940192362428762,,22.24698114134976,0.0,73.33333333333331,0.0,107.0,33.0,0.0,0.0,OneHandedAxe,tzkurion_axe_t3,,,,True,False,False,False,False,70.0,10.0,80.0,5.0,0.0,10.0,5.0,70.0,1,,215.0,1.0,0.0,0.0,0.0,0.0,0.0,0.0,0.0,0.0,0.0,0.0,0.0,0.0,0.0,0.0,,,
259,B,freefolk_axeman,Free Folk Axeman,freefolk,16.0,3.0,main_or_minor_line,Infantry,Defensive Troops,23.3124,defensive_role_score,,23.31240321796017,10.880735638426023,,21.77838218668589,0.0,73.33333333333331,0.0,111.0,27.599999999999998,0.0,0.0,OneHandedAxe,wildling_axe,,,,True,False,False,False,False,80.0,60.0,70.0,5.0,0.0,30.0,5.0,80.0,1,,300.0,4.0,0.0,0.0,0.0,0.0,0.0,0.0,0.0,0.0,0.0,0.0,0.0,0.0,0.0,0.0,,,
260,B,yronwood_levy,Yronwood Levy,aserai,11.0,2.0,main_or_minor_line,Infantry,Defensive Troops,22.9611,defensive_role_score,,22.961094795204616,3.9075668592065624,,20.96898399226648,0.0,75.72463768115942,0.0,97.0,27.8,0.0,0.0,OneHandedSword,aserai_sword_2_t2,,,,True,False,False,False,False,50.0,15.0,40.0,15.0,5.0,50.0,20.0,50.0,1,,345.0,1.0,0.0,0.0,0.0,0.0,0.0,0.0,0.0,0.0,0.0,0.0,0.0,0.0,0.0,0.0,,,
261,B,arryn_levy,Arryn Levy,vale,11.0,2.0,main_or_minor_line,Infantry,Defensive Troops,22.7333,defensive_role_score,,22.73331422783907,5.125730179376852,,19.663952288106433,0.0,81.95652173913044,0.0,69.0,20.849999999999998,0.0,0.0,TwoHandedPolearm,western_spear_1_t2,,,,True,False,False,False,False,40.0,10.0,50.0,5.0,0.0,10.0,5.0,50.0,1,,280.0,8.0,0.0,0.0,0.0,0.0,0.0,0.0,0.0,0.0,0.0,0.0,0.0,0.0,0.0,0.0,,,
262,B,royce_footman,Royce Footman,vale,11.0,2.0,main_or_minor_line,Infantry,Defensive Troops,22.7333,defensive_role_score,,22.73331422783907,5.125730179376852,,19.663952288106433,0.0,81.95652173913044,0.0,69.0,20.849999999999998,0.0,0.0,TwoHandedPolearm,western_spear_1_t2,,,,True,False,False,False,False,50.0,10.0,50.0,5.0,0.0,40.0,5.0,60.0,1,,280.0,8.0,0.0,0.0,0.0,0.0,0.0,0.0,0.0,0.0,0.0,0.0,0.0,0.0,0.0,0.0,,,
263,B,glover_footman,Glover Footman,battania,16.0,3.0,main_or_minor_line,Infantry,Defensive Troops,22.6023,defensive_role_score,,22.602319191771834,13.378064254743192,,19.51075647600478,0.0,81.95652173913044,0.0,104.0,27.999999999999996,0.0,0.0,TwoHandedPolearm,vlandia_lance_1_t3,,,,True,False,False,False,False,80.0,50.0,70.0,40.0,5.0,20.0,20.0,80.0,1,,225.0,1.0,0.0,0.0,0.0,0.0,0.0,0.0,0.0,0.0,0.0,0.0,0.0,0.0,0.0,0.0,,,
264,B,sarnor_warrior,Sarnori Warrior,sarnor,16.0,3.0,main_or_minor_line,Infantry,Defensive Troops,22.5813,defensive_role_score,,22.581303945343944,13.374945895092699,,19.48617960775318,0.0,81.95652173913044,0.0,88.0,25.1,0.0,0.0,TwoHandedPolearm,eastern_spear_1_t2,,,,True,False,False,False,False,70.0,10.0,80.0,5.0,0.0,10.0,5.0,70.0,1,,350.0,1.0,0.0,0.0,0.0,0.0,0.0,0.0,0.0,0.0,0.0,0.0,0.0,0.0,0.0,0.0,,,
265,B,nightswatch_militia_spearman,Night's Watch Militia Spearman,nightswatch,11.0,0.0,special_or_unlinked,Infantry,Defensive Troops,22.3712,defensive_role_score,,22.37115148106496,,,19.240410925237164,0.0,81.95652173913044,0.0,83.0,28.1,0.0,0.0,TwoHandedPolearm,northern_spear_1_t2,,,,True,False,False,False,False,0.0,0.0,0.0,0.0,0.0,0.0,0.0,0.0,4,,200.0,1.0,0.0,0.0,0.0,0.0,0.0,0.0,0.0,0.0,0.0,0.0,0.0,0.0,0.0,0.0,,,
266,B,freefolk_warrior,Free Folk Warrior,freefolk,11.0,2.0,main_or_minor_line,Infantry,Defensive Troops,22.3317,defensive_role_score,,22.3316917179916,3.333768233403592,,20.631461668277815,0.0,73.33333333333331,0.0,91.0,25.599999999999998,0.0,0.0,OneHandedAxe,wildling_pickaxe,,,,True,False,False,False,False,50.0,40.0,40.0,5.0,0.0,10.0,5.0,50.0,1,,300.0,4.0,0.0,0.0,0.0,0.0,0.0,0.0,0.0,0.0,0.0,0.0,0.0,0.0,0.0,0.0,,,
267,B,tarth_militia,Tarth Militia,stormlands,11.0,2.0,main_or_minor_line,Infantry,Defensive Troops,22.2956,defensive_role_score,,22.29561199165451,3.808818803607608,,20.190716497632426,0.0,75.72463768115942,0.0,88.0,29.299999999999997,0.0,0.0,OneHandedSword,vlandia_sword_1_t2,,,,True,False,False,False,False,50.0,50.0,30.0,5.0,0.0,10.0,5.0,50.0,1,,220.0,1.0,0.0,0.0,0.0,0.0,0.0,0.0,0.0,0.0,0.0,0.0,0.0,0.0,0.0,0.0,,,
268,B,river_footman,Riverlands Footman,river,11.0,2.0,main_or_minor_line,Infantry,Defensive Troops,22.2844,defensive_role_score,,22.284403860226295,3.8071556784606795,,20.177608834564904,0.0,75.72463768115942,0.0,62.0,21.7,0.0,0.0,OneHandedSword,vlandia_sword_1_t2,,,,True,False,False,False,False,40.0,30.0,40.0,5.0,0.0,10.0,5.0,40.0,1,,205.0,10.0,0.0,0.0,0.0,0.0,0.0,0.0,0.0,0.0,0.0,0.0,0.0,0.0,0.0,0.0,,,
269,B,qohorik_footman,Qohorik Footman,qohorik,11.0,2.0,main_or_minor_line,Infantry,Defensive Troops,22.2623,defensive_role_score,,22.262319661952123,2.6756565254449156,,21.087772188815887,0.0,70.10869565217392,0.0,95.0,27.55,0.0,0.0,Mace,khuzait_mace_1_t2,,,,True,False,False,False,False,40.0,5.0,40.0,25.0,5.0,20.0,20.0,40.0,1,,365.0,1.0,0.0,0.0,0.0,0.0,0.0,0.0,0.0,0.0,0.0,0.0,0.0,0.0,0.0,0.0,,,
270,B,pentoshi_footman,Pentoshi Footman,pentoshi,11.0,2.0,main_or_minor_line,Infantry,Defensive Troops,22.2172,defensive_role_score,,22.21715507165703,3.7971769275791005,,20.098962856159783,0.0,75.72463768115942,0.0,76.0,18.900000000000002,0.0,0.0,OneHandedSword,aserai_sword_1_t2,,,,True,False,False,False,False,40.0,5.0,40.0,25.0,5.0,20.0,20.0,40.0,1,,360.0,9.0,0.0,0.0,0.0,0.0,0.0,0.0,0.0,0.0,0.0,0.0,0.0,0.0,0.0,0.0,,,
271,B,summer_infantryman,Summer Isles Infantryman,summer,16.0,3.0,main_or_minor_line,Infantry,Defensive Troops,22.21,defensive_role_score,,22.210034591784414,13.31985487460065,,19.051988268641555,0.0,81.95652173913044,0.0,84.0,26.400000000000002,0.0,0.0,TwoHandedPolearm,eastern_spear_1_t2,,,,True,False,False,False,False,70.0,20.0,80.0,20.0,15.0,20.0,5.0,80.0,1,,260.0,1.0,0.0,0.0,0.0,0.0,0.0,0.0,0.0,0.0,0.0,0.0,0.0,0.0,0.0,0.0,,,
272,B,freefolk_militia_veteran_spearman,Freefolk Militia Veteran Spearman,freefolk,16.0,0.0,special_or_unlinked,Infantry,Defensive Troops,22.119,defensive_role_score,,22.11896852393019,,,18.945488506217945,0.0,81.95652173913044,0.0,85.0,25.3,0.0,0.0,TwoHandedPolearm,military_fork_t2|northern_spear_1_t2,,,,True,False,False,False,False,0.0,0.0,0.0,0.0,0.0,0.0,0.0,0.0,4,,300.0,1.0,0.0,0.0,0.0,0.0,0.0,0.0,0.0,0.0,0.0,0.0,0.0,0.0,0.0,0.0,,,
273,B,lyseni_soldier,Lyseni Soldier,lyseni,16.0,3.0,main_or_minor_line,Infantry,Defensive Troops,22.0839,defensive_role_score,,22.08394311321702,9.99243597648926,,18.90452705913194,0.0,81.95652173913044,0.0,85.0,26.6,0.0,0.0,TwoHandedPolearm,eastern_spear_1_t2,,,,True,False,False,False,False,70.0,30.0,70.0,40.0,10.0,30.0,40.0,70.0,1,,240.0,1.0,0.0,0.0,0.0,0.0,0.0,0.0,0.0,0.0,0.0,0.0,0.0,0.0,0.0,0.0,,,
274,B,lyseni_axe_apprentice,Lyseni Axe Apprentice,lyseni,16.0,2.0,main_or_minor_line,Infantry,Defensive Troops,21.6641,defensive_role_score,,21.664107389798705,10.636152296505664,,19.8507364868186,0.0,73.33333333333331,0.0,100.0,28.25,0.0,0.0,OneHandedAxe,imperial_axe_t3,,,,True,False,False,False,False,70.0,80.0,70.0,40.0,80.0,80.0,40.0,80.0,1,,240.0,1.0,0.0,0.0,0.0,0.0,0.0,0.0,0.0,0.0,0.0,0.0,0.0,0.0,0.0,0.0,,,
275,B,martell_levy,Martell Levy,aserai,11.0,2.0,main_or_minor_line,Infantry,Defensive Troops,21.6371,defensive_role_score,,21.637134270247042,3.7111102012254866,,19.420641292415574,0.0,75.72463768115942,0.0,81.0,25.099999999999998,0.0,0.0,OneHandedSword,aserai_sword_2_t2,,,,True,False,False,False,False,50.0,15.0,40.0,15.0,5.0,50.0,20.0,50.0,1,,345.0,1.0,0.0,0.0,0.0,0.0,0.0,0.0,0.0,0.0,0.0,0.0,0.0,0.0,0.0,0.0,,,
276,B,freehouses_levy,Karstark Levy,battania,11.0,2.0,main_or_minor_line,Infantry,Defensive Troops,21.2389,defensive_role_score,,21.238877160913493,2.5237924104658926,,19.890878704962883,0.0,70.10869565217392,0.0,68.0,21.2,0.0,0.0,Mace,vlandia_mace_1_t2,,,,True,False,False,False,False,50.0,40.0,40.0,5.0,0.0,10.0,5.0,50.0,1,,205.0,10.0,0.0,0.0,0.0,0.0,0.0,0.0,0.0,0.0,0.0,0.0,0.0,0.0,0.0,0.0,,,
277,B,arryn_footman,Arryn Footman,vale,16.0,3.0,main_or_minor_line,Infantry,Defensive Troops,21.0717,defensive_role_score,,21.071708743606603,9.842234986657164,,17.720741238346466,0.0,81.95652173913044,0.0,80.0,23.049999999999997,0.0,0.0,TwoHandedPolearm,western_spear_1_t2,,,,True,False,False,False,False,70.0,10.0,40.0,80.0,0.0,10.0,5.0,70.0,1,,305.0,1.0,0.0,0.0,0.0,0.0,0.0,0.0,0.0,0.0,0.0,0.0,0.0,0.0,0.0,0.0,,,
278,B,bolton_levy,Bolton Levy,battania,11.0,2.0,main_or_minor_line,Infantry,Defensive Troops,20.8466,defensive_role_score,,20.846592560926062,2.4655830303233532,,19.43211049759966,0.0,70.10869565217392,0.0,60.0,20.4,0.0,0.0,Mace,vlandia_mace_1_t2,,,,True,False,False,False,False,50.0,40.0,40.0,5.0,0.0,10.0,5.0,50.0,1,,205.0,10.0,0.0,0.0,0.0,0.0,0.0,0.0,0.0,0.0,0.0,0.0,0.0,0.0,0.0,0.0,,,
279,B,frey_levy,Frey Levy,river,11.0,2.0,main_or_minor_line,Infantry,Defensive Troops,20.8466,defensive_role_score,,20.846592560926062,2.4655830303233532,,19.43211049759966,0.0,70.10869565217392,0.0,60.0,20.4,0.0,0.0,Mace,vlandia_mace_1_t2,,,,True,False,False,False,False,50.0,40.0,40.0,5.0,0.0,10.0,5.0,50.0,1,,205.0,10.0,0.0,0.0,0.0,0.0,0.0,0.0,0.0,0.0,0.0,0.0,0.0,0.0,0.0,0.0,,,
280,B,myrish_soldier,Myrish Soldier,myrish,16.0,3.0,main_or_minor_line,Infantry,Defensive Troops,20.809,defensive_role_score,,20.809018163257875,9.803255491026002,,17.413530385201444,0.0,81.95652173913044,0.0,72.0,24.0,0.0,0.0,TwoHandedPolearm,western_spear_1_t2,,,,True,False,False,False,False,70.0,30.0,70.0,40.0,10.0,30.0,40.0,70.0,1,,240.0,1.0,0.0,0.0,0.0,0.0,0.0,0.0,0.0,0.0,0.0,0.0,0.0,0.0,0.0,0.0,,,
281,B,crownlands_squire,Crownlands Squire,crownlands,16.0,2.0,main_or_minor_line,Infantry,Defensive Troops,20.7915,defensive_role_score,,20.791505457901295,9.800656857983922,,17.393049661658445,0.0,81.95652173913044,0.0,71.0,23.05,0.0,0.0,TwoHandedPolearm,western_spear_1_t2,,,,True,False,False,False,False,70.0,70.0,60.0,30.0,5.0,5.0,60.0,70.0,1,,280.0,1.0,0.0,0.0,0.0,0.0,0.0,0.0,0.0,0.0,0.0,0.0,0.0,0.0,0.0,0.0,,,
282,B,kingsguard_squire,Kingsguard's Squire,crownlands,16.0,2.0,main_or_minor_line,Infantry,Defensive Troops,20.7915,defensive_role_score,,20.791505457901295,13.109365598192355,,17.393049661658445,0.0,81.95652173913044,0.0,71.0,23.05,0.0,0.0,TwoHandedPolearm,western_spear_1_t2,,,,True,False,False,False,False,80.0,80.0,80.0,30.0,5.0,70.0,80.0,80.0,1,,280.0,1.0,0.0,0.0,0.0,0.0,0.0,0.0,0.0,0.0,0.0,0.0,0.0,0.0,0.0,0.0,,,
283,B,ibbenese_militia_spearman,Ibbenese Militia Spearman,ibbenese,11.0,0.0,special_or_unlinked,Infantry,Defensive Troops,20.671,defensive_role_score,,20.671018045048015,,,14.148288630740748,0.0,81.95652173913044,0.0,42.25,12.2375,0.0,0.0,TwoHandedPolearm,nord_spear_1_t2|nord_spear_2_t2,,,,True,False,False,False,False,0.0,0.0,0.0,0.0,0.0,0.0,0.0,0.0,4,,390.0,4.0,0.0,0.0,0.0,0.0,0.0,0.0,0.0,0.0,0.0,0.0,0.0,0.0,0.0,0.0,,,
284,B,dondarion_levy,Dondarrion Levy,stormlands,11.0,2.0,main_or_minor_line,Infantry,Defensive Troops,20.5058,defensive_role_score,,20.505813504211876,3.5432385067072647,,18.09758655153769,0.0,75.72463768115942,0.0,84.0,25.650000000000002,0.0,0.0,OneHandedSword,vlandia_sword_1_t2,,,,True,False,False,False,False,50.0,50.0,30.0,5.0,0.0,10.0,5.0,50.0,1,,220.0,1.0,0.0,0.0,0.0,0.0,0.0,0.0,0.0,0.0,0.0,0.0,0.0,0.0,0.0,0.0,,,
285,B,baratheon_footman,Baratheon Footman,stormlands,11.0,2.0,main_or_minor_line,Infantry,Defensive Troops,20.4077,defensive_role_score,,20.407742354215014,3.5286861616716294,,17.982894499696883,0.0,75.72463768115942,0.0,83.0,25.45,0.0,0.0,OneHandedSword,vlandia_sword_1_t2,,,,True,False,False,False,False,50.0,50.0,30.0,5.0,0.0,10.0,5.0,50.0,1,,220.0,1.0,0.0,0.0,0.0,0.0,0.0,0.0,0.0,0.0,0.0,0.0,0.0,0.0,0.0,0.0,,,
286,B,stark_levy,Stark Levy,battania,11.0,2.0,main_or_minor_line,Infantry,Defensive Troops,19.9594,defensive_role_score,,19.959417097086533,3.462161155794438,,17.45858797699605,0.0,75.72463768115942,0.0,80.0,24.650000000000002,0.0,0.0,OneHandedSword,vlandia_sword_1_t2,,,,True,False,False,False,False,50.0,50.0,50.0,40.0,5.0,20.0,20.0,50.0,1,,215.0,1.0,0.0,0.0,0.0,0.0,0.0,0.0,0.0,0.0,0.0,0.0,0.0,0.0,0.0,0.0,,,
287,B,yiti_militia_spearman,YiTish Militia Spearman,yiti,11.0,0.0,special_or_unlinked,Infantry,Defensive Troops,19.8003,defensive_role_score,,19.80028633471878,,,16.23384070912457,0.0,81.95652173913044,0.0,70.0,22.4,0.0,0.0,TwoHandedPolearm,eastern_spear_1_t2,,,,True,False,False,False,False,0.0,0.0,0.0,0.0,0.0,0.0,0.0,0.0,2,,220.0,1.0,0.0,0.0,0.0,0.0,0.0,0.0,0.0,0.0,0.0,0.0,0.0,0.0,0.0,0.0,,,
288,B,qartheen_militia_veteran_spearman,Qartheen Militia Veteran Spearman,qartheen,16.0,0.0,special_or_unlinked,Infantry,Defensive Troops,19.7267,defensive_role_score,,19.726732972221136,,,15.459669359199122,0.0,81.95652173913044,0.0,51.0,14.650000000000002,0.0,0.0,TwoHandedPolearm,imperial_spear_t2,,,,True,False,False,False,False,0.0,0.0,0.0,0.0,0.0,0.0,0.0,0.0,4,,500.0,1.0,0.0,0.0,0.0,0.0,0.0,0.0,0.0,0.0,0.0,0.0,0.0,0.0,0.0,0.0,,,
289,B,norvos_militia_spearman,Norvoshi Militia Spearman,norvos,11.0,0.0,special_or_unlinked,Infantry,Defensive Troops,19.7022,defensive_role_score,,19.702215184721922,,,16.119148657283763,0.0,81.95652173913044,0.0,69.0,22.2,0.0,0.0,TwoHandedPolearm,eastern_spear_1_t2,,,,True,False,False,False,False,0.0,0.0,0.0,0.0,0.0,0.0,0.0,0.0,2,,220.0,1.0,0.0,0.0,0.0,0.0,0.0,0.0,0.0,0.0,0.0,0.0,0.0,0.0,0.0,0.0,,,
290,B,pentoshi_militia_spearman,Pentoshi Militia Spearman,pentoshi,11.0,0.0,special_or_unlinked,Infantry,Defensive Troops,19.7022,defensive_role_score,,19.702215184721922,,,16.119148657283763,0.0,81.95652173913044,0.0,69.0,22.2,0.0,0.0,TwoHandedPolearm,eastern_spear_1_t2,,,,True,False,False,False,False,0.0,0.0,0.0,0.0,0.0,0.0,0.0,0.0,2,,220.0,1.0,0.0,0.0,0.0,0.0,0.0,0.0,0.0,0.0,0.0,0.0,0.0,0.0,0.0,0.0,,,
291,B,valyrian_militia_spearman,Valyrian Militia Spearman,valyrian,11.0,0.0,special_or_unlinked,Infantry,Defensive Troops,19.7022,defensive_role_score,,19.702215184721922,,,16.119148657283763,0.0,81.95652173913044,0.0,69.0,22.2,0.0,0.0,TwoHandedPolearm,eastern_spear_1_t2,,,,True,False,False,False,False,0.0,0.0,0.0,0.0,0.0,0.0,0.0,0.0,2,,220.0,1.0,0.0,0.0,0.0,0.0,0.0,0.0,0.0,0.0,0.0,0.0,0.0,0.0,0.0,0.0,,,
292,B,volantine_militia_spearman,Volantene Militia Spearman,volantine,11.0,0.0,special_or_unlinked,Infantry,Defensive Troops,19.7022,defensive_role_score,,19.702215184721922,,,16.119148657283763,0.0,81.95652173913044,0.0,69.0,22.2,0.0,0.0,TwoHandedPolearm,eastern_spear_1_t2,,,,True,False,False,False,False,0.0,0.0,0.0,0.0,0.0,0.0,0.0,0.0,2,,220.0,1.0,0.0,0.0,0.0,0.0,0.0,0.0,0.0,0.0,0.0,0.0,0.0,0.0,0.0,0.0,,,
293,B,whiteharbor_levy,Manderly Levy,battania,11.0,2.0,main_or_minor_line,Infantry,Defensive Troops,19.6897,defensive_role_score,,19.68972143459517,3.4221422069464427,,17.143184834433832,0.0,75.72463768115942,0.0,79.0,24.1,0.0,0.0,OneHandedSword,battania_sword_1_t2,,,,True,False,False,False,False,50.0,50.0,50.0,15.0,5.0,20.0,20.0,50.0,1,,215.0,1.0,0.0,0.0,0.0,0.0,0.0,0.0,0.0,0.0,0.0,0.0,0.0,0.0,0.0,0.0,,,
294,B,qohorik_militia_spearman,Qohorik Militia Spearman,qohorik,11.0,0.0,special_or_unlinked,Infantry,Defensive Troops,19.5796,defensive_role_score,,19.57962624722585,,,15.975783592482752,0.0,81.95652173913044,0.0,67.0,21.95,0.0,0.0,TwoHandedPolearm,eastern_spear_1_t2,,,,True,False,False,False,False,0.0,0.0,0.0,0.0,0.0,0.0,0.0,0.0,2,,220.0,1.0,0.0,0.0,0.0,0.0,0.0,0.0,0.0,0.0,0.0,0.0,0.0,0.0,0.0,0.0,,,
295,B,glover_levy,Glover Levy,battania,11.0,2.0,main_or_minor_line,Infantry,Defensive Troops,19.51,defensive_role_score,,19.510044630939177,2.915076477664029,,17.33160749102944,0.0,73.33333333333331,0.0,79.0,24.2,0.0,0.0,OneHandedAxe,battania_axe_1_t2,,,,True,False,False,False,False,50.0,50.0,50.0,40.0,5.0,20.0,20.0,50.0,1,,225.0,1.0,0.0,0.0,0.0,0.0,0.0,0.0,0.0,0.0,0.0,0.0,0.0,0.0,0.0,0.0,,,
296,B,ghiscari_militia_spearman,Ghiscari Militia Spearman,ghiscari,11.0,0.0,special_or_unlinked,Infantry,Defensive Troops,19.5061,defensive_role_score,,19.506072884728205,,,15.889764553602147,0.0,81.95652173913044,0.0,61.0,21.8,0.0,0.0,TwoHandedPolearm,eastern_spear_1_t2,,,,True,False,False,False,False,0.0,0.0,0.0,0.0,0.0,0.0,0.0,0.0,2,,220.0,1.0,0.0,0.0,0.0,0.0,0.0,0.0,0.0,0.0,0.0,0.0,0.0,0.0,0.0,0.0,,,
297,B,lyseni_militia_spearman,Lyseni Militia Spearman,lyseni,11.0,0.0,special_or_unlinked,Infantry,Defensive Troops,19.5061,defensive_role_score,,19.506072884728205,,,15.889764553602147,0.0,81.95652173913044,0.0,61.0,21.8,0.0,0.0,TwoHandedPolearm,eastern_spear_1_t2,,,,True,False,False,False,False,0.0,0.0,0.0,0.0,0.0,0.0,0.0,0.0,2,,220.0,1.0,0.0,0.0,0.0,0.0,0.0,0.0,0.0,0.0,0.0,0.0,0.0,0.0,0.0,0.0,,,
298,B,myrish_militia_spearman,Myrish Militia Spearman,myrish,11.0,0.0,special_or_unlinked,Infantry,Defensive Troops,19.5061,defensive_role_score,,19.506072884728205,,,15.889764553602147,0.0,81.95652173913044,0.0,61.0,21.8,0.0,0.0,TwoHandedPolearm,eastern_spear_1_t2,,,,True,False,False,False,False,0.0,0.0,0.0,0.0,0.0,0.0,0.0,0.0,2,,220.0,1.0,0.0,0.0,0.0,0.0,0.0,0.0,0.0,0.0,0.0,0.0,0.0,0.0,0.0,0.0,,,
299,B,summer_militia_spearman,Summer Isles Militia Spearman,summer,11.0,0.0,special_or_unlinked,Infantry,Defensive Troops,19.5061,defensive_role_score,,19.506072884728205,,,15.889764553602147,0.0,81.95652173913044,0.0,61.0,21.8,0.0,0.0,TwoHandedPolearm,eastern_spear_1_t2,,,,True,False,False,False,False,0.0,0.0,0.0,0.0,0.0,0.0,0.0,0.0,2,,220.0,1.0,0.0,0.0,0.0,0.0,0.0,0.0,0.0,0.0,0.0,0.0,0.0,0.0,0.0,0.0,,,
300,B,tyroshi_militia_spearman,Tyroshi Militia Spearman,tyroshi,11.0,0.0,special_or_unlinked,Infantry,Defensive Troops,19.5061,defensive_role_score,,19.506072884728205,,,15.889764553602147,0.0,81.95652173913044,0.0,61.0,21.8,0.0,0.0,TwoHandedPolearm,eastern_spear_1_t2,,,,True,False,False,False,False,0.0,0.0,0.0,0.0,0.0,0.0,0.0,0.0,2,,220.0,1.0,0.0,0.0,0.0,0.0,0.0,0.0,0.0,0.0,0.0,0.0,0.0,0.0,0.0,0.0,,,
301,B,dragonstone_militia_spearman,Dragonstone Militia Spearman,dragonstone,11.0,0.0,special_or_unlinked,Infantry,Defensive Troops,19.4781,defensive_role_score,,19.478052556157678,,,15.856995395933346,0.0,81.95652173913044,0.0,69.0,22.2,0.0,0.0,TwoHandedPolearm,northern_spear_1_t2,,,,True,False,False,False,False,0.0,0.0,0.0,0.0,0.0,0.0,0.0,0.0,4,,200.0,1.0,0.0,0.0,0.0,0.0,0.0,0.0,0.0,0.0,0.0,0.0,0.0,0.0,0.0,0.0,,,
302,B,reach_militia_spearman,Reach Militia Spearman,reach,11.0,0.0,special_or_unlinked,Infantry,Defensive Troops,19.4781,defensive_role_score,,19.478052556157678,,,15.856995395933346,0.0,81.95652173913044,0.0,69.0,22.2,0.0,0.0,TwoHandedPolearm,northern_spear_1_t2,,,,True,False,False,False,False,0.0,0.0,0.0,0.0,0.0,0.0,0.0,0.0,4,,200.0,1.0,0.0,0.0,0.0,0.0,0.0,0.0,0.0,0.0,0.0,0.0,0.0,0.0,0.0,0.0,,,
303,B,river_militia_spearman,Riverlands Militia Spearman,river,11.0,0.0,special_or_unlinked,Infantry,Defensive Troops,19.4781,defensive_role_score,,19.478052556157678,,,15.856995395933346,0.0,81.95652173913044,0.0,69.0,22.2,0.0,0.0,TwoHandedPolearm,northern_spear_1_t2,,,,True,False,False,False,False,0.0,0.0,0.0,0.0,0.0,0.0,0.0,0.0,4,,200.0,1.0,0.0,0.0,0.0,0.0,0.0,0.0,0.0,0.0,0.0,0.0,0.0,0.0,0.0,0.0,,,
304,B,stormlands_militia_spearman,Stormlands Militia Spearman,stormlands,11.0,0.0,special_or_unlinked,Infantry,Defensive Troops,19.4781,defensive_role_score,,19.478052556157678,,,15.856995395933346,0.0,81.95652173913044,0.0,69.0,22.2,0.0,0.0,TwoHandedPolearm,northern_spear_1_t2,,,,True,False,False,False,False,0.0,0.0,0.0,0.0,0.0,0.0,0.0,0.0,4,,200.0,1.0,0.0,0.0,0.0,0.0,0.0,0.0,0.0,0.0,0.0,0.0,0.0,0.0,0.0,0.0,,,
305,B,vale_militia_spearman,Vale Militia Spearman,vale,11.0,0.0,special_or_unlinked,Infantry,Defensive Troops,19.4781,defensive_role_score,,19.478052556157678,,,15.856995395933346,0.0,81.95652173913044,0.0,69.0,22.2,0.0,0.0,TwoHandedPolearm,northern_spear_1_t2,,,,True,False,False,False,False,0.0,0.0,0.0,0.0,0.0,0.0,0.0,0.0,4,,200.0,1.0,0.0,0.0,0.0,0.0,0.0,0.0,0.0,0.0,0.0,0.0,0.0,0.0,0.0,0.0,,,
306,B,cerwyn_levy,Cerwyn Levy,battania,11.0,2.0,main_or_minor_line,Infantry,Defensive Troops,19.398,defensive_role_score,,19.39796331665705,2.8984452261947315,,17.200530860354235,0.0,73.33333333333331,0.0,79.0,24.2,0.0,0.0,OneHandedAxe,battania_axe_1_t2,,,,True,False,False,False,False,50.0,50.0,50.0,40.0,5.0,20.0,20.0,50.0,1,,215.0,1.0,0.0,0.0,0.0,0.0,0.0,0.0,0.0,0.0,0.0,0.0,0.0,0.0,0.0,0.0,,,
307,C,umber_levy,Umber Levy,battania,11.0,2.0,main_or_minor_line,Infantry,Defensive Troops,18.9356,defensive_role_score,,18.935627895243297,2.829841313883879,,16.659839758818997,0.0,73.33333333333331,0.0,68.0,21.2,0.0,0.0,OneHandedAxe,sturgia_axe_2_t2,,,,True,False,False,False,False,40.0,50.0,40.0,5.0,0.0,10.0,5.0,50.0,1,,305.0,1.0,0.0,0.0,0.0,0.0,0.0,0.0,0.0,0.0,0.0,0.0,0.0,0.0,0.0,0.0,,,
308,C,skag_footman,Skagosi Footman,skagosi,11.0,2.0,main_or_minor_line,Infantry,Defensive Troops,18.7626,defensive_role_score,,18.76260236632027,2.80416681942815,,16.457490210214143,0.0,73.33333333333331,0.0,44.0,12.55,0.0,0.0,OneHandedAxe,battania_axe_1_t2,,,,True,False,False,False,False,50.0,20.0,40.0,20.0,15.0,20.0,5.0,50.0,1,,360.0,9.0,0.0,0.0,0.0,0.0,0.0,0.0,0.0,0.0,0.0,0.0,0.0,0.0,0.0,0.0,,,
309,C,clegane_levy,Clegane Levy,vlandia,11.0,2.0,main_or_minor_line,Infantry,Defensive Troops,18.5433,defensive_role_score,,18.543343295255866,2.7716319337413378,,16.20107155145577,0.0,73.33333333333331,0.0,60.0,20.4,0.0,0.0,OneHandedAxe,sturgia_axe_2_t2,,,,True,False,False,False,False,40.0,50.0,40.0,5.0,0.0,10.0,5.0,50.0,1,,305.0,1.0,0.0,0.0,0.0,0.0,0.0,0.0,0.0,0.0,0.0,0.0,0.0,0.0,0.0,0.0,,,
310,C,norvos_footman,Norvoshi Footman,norvos,11.0,2.0,main_or_minor_line,Infantry,Defensive Troops,18.4638,defensive_role_score,,18.463832059634456,3.2402378940010004,,15.709534186423737,0.0,75.72463768115942,0.0,66.0,21.599999999999998,0.0,0.0,OneHandedSword,sturgia_sword_2_t3,,,,True,False,False,False,False,40.0,10.0,40.0,5.0,0.0,10.0,5.0,40.0,1,,215.0,1.0,0.0,0.0,0.0,0.0,0.0,0.0,0.0,0.0,0.0,0.0,0.0,0.0,0.0,0.0,,,
311,C,sarnor_militia_spearman,Sarnori Militia Spearman,sarnor,11.0,0.0,special_or_unlinked,Infantry,Defensive Troops,18.4028,defensive_role_score,,18.402772447263565,,,14.599478970393063,0.0,81.95652173913044,0.0,58.0,19.55,0.0,0.0,TwoHandedPolearm,eastern_spear_1_t2,,,,True,False,False,False,False,0.0,0.0,0.0,0.0,0.0,0.0,0.0,0.0,2,,220.0,1.0,0.0,0.0,0.0,0.0,0.0,0.0,0.0,0.0,0.0,0.0,0.0,0.0,0.0,0.0,,,
312,C,lyseni_footman,Lyseni Footman,lyseni,11.0,2.0,main_or_minor_line,Infantry,Defensive Troops,18.3052,defensive_role_score,,18.30517050240636,2.73629052436908,,15.922533711270948,0.0,73.33333333333331,0.0,59.0,21.4,0.0,0.0,OneHandedAxe,small_bit_axe_t2,,,,True,False,False,False,False,40.0,5.0,40.0,25.0,5.0,20.0,20.0,40.0,1,,240.0,1.0,0.0,0.0,0.0,0.0,0.0,0.0,0.0,0.0,0.0,0.0,0.0,0.0,0.0,0.0,,,
313,C,sarnor_footman,Sarnori Footman,sarnor,11.0,2.0,main_or_minor_line,Infantry,Defensive Troops,18.0891,defensive_role_score,,18.089060165003605,3.1846271469005374,,15.271246702603507,0.0,75.72463768115942,0.0,49.0,17.75,0.0,0.0,OneHandedSword,aserai_sword_1_t2,,,,True,False,False,False,False,40.0,10.0,40.0,5.0,0.0,10.0,5.0,40.0,1,,350.0,1.0,0.0,0.0,0.0,0.0,0.0,0.0,0.0,0.0,0.0,0.0,0.0,0.0,0.0,0.0,,,
314,C,wight_militia_veteran_spearman,Wight Militia Veteran Spearman,whitewalker,16.0,0.0,special_or_unlinked,Infantry,Defensive Troops,17.1419,defensive_role_score,,17.141857661589693,,,12.594416135533235,0.0,81.95652173913044,0.0,53.75,14.225000000000001,0.0,0.0,TwoHandedPolearm,military_fork_t2|northern_spear_1_t2,,,,True,False,False,False,False,0.0,0.0,0.0,0.0,0.0,0.0,0.0,0.0,4,,300.0,1.0,0.0,0.0,0.0,0.0,0.0,0.0,0.0,0.0,0.0,0.0,0.0,0.0,0.0,0.0,,,
315,C,stormlands_levy,Stormlands Levy,stormlands,11.0,2.0,main_or_minor_line,Infantry,Defensive Troops,17.0575,defensive_role_score,,17.057543629976067,1.903342785339414,,15.00090115183589,0.0,70.10869565217392,0.0,57.0,20.25,0.0,0.0,Mace,battania_mace_1_t2,,,,True,False,False,False,False,40.0,30.0,30.0,5.0,0.0,10.0,5.0,40.0,1,,220.0,1.0,0.0,0.0,0.0,0.0,0.0,0.0,0.0,0.0,0.0,0.0,0.0,0.0,0.0,0.0,,,
316,C,freefolk_militia_spearman,Freefolk Militia Spearman,freefolk,11.0,0.0,special_or_unlinked,Infantry,Defensive Troops,15.5062,defensive_role_score,,15.506170981284972,,,11.211967296380646,0.0,81.95652173913044,0.0,52.0,14.1,0.0,0.0,TwoHandedPolearm,northern_spear_1_t2,,,,True,False,False,False,False,0.0,0.0,0.0,0.0,0.0,0.0,0.0,0.0,4,,200.0,1.0,0.0,0.0,0.0,0.0,0.0,0.0,0.0,0.0,0.0,0.0,0.0,0.0,0.0,0.0,,,
317,C,wight_militia_spearman,Wight Militia Spearman,whitewalker,11.0,0.0,special_or_unlinked,Infantry,Defensive Troops,15.1874,defensive_role_score,,15.187439743795188,,,8.452189798961218,0.0,81.95652173913044,0.0,35.0,9.287500000000001,0.0,0.0,TwoHandedPolearm,northern_spear_1_t2,,,,True,False,False,False,False,0.0,0.0,0.0,0.0,0.0,0.0,0.0,0.0,4,,200.0,1.0,0.0,0.0,0.0,0.0,0.0,0.0,0.0,0.0,0.0,0.0,0.0,0.0,0.0,0.0,,,
318,C,qartheen_militia_spearman,Qartheen Militia Spearman,qartheen,11.0,0.0,special_or_unlinked,Infantry,Defensive Troops,11.853,defensive_role_score,,11.853020643902052,,,6.774818540789409,0.0,81.95652173913044,0.0,17.5,3.9625000000000004,0.0,0.0,TwoHandedPolearm,imperial_spear_t2,,,,True,False,False,False,False,0.0,0.0,0.0,0.0,0.0,0.0,0.0,0.0,4,,305.0,1.0,0.0,0.0,0.0,0.0,0.0,0.0,0.0,0.0,0.0,0.0,0.0,0.0,0.0,0.0,,,
